#include "definitions.h"
#include "lz4_fonts.h"

static const uint8_t lz4FontData[] __FLASH = {
0x15,0x00,0x01,0x00,0x73,0x30,0x07,0x04,0x03,0x00,0xff,0x06,0x08,0x00,0x90,0x0c,
0x00,0x30,0x07,0x07,0x01,0x00,0x04,0x10,0x08,0x00,0x43,0x09,0x00,0xff,0x30,0x08,
0x00,0x11,0x50,0x08,0x00,0xb3,0x01,0xff,0x70,0x00,0x30,0x07,0x08,0x09,0x00,0xff,
0x94,0x18,0x00,0x13,0xb4,0x10,0x00,0x13,0xd8,0x08,0x00,0xa2,0xfc,0x00,0x30,0x07,
0x06,0x09,0x01,0xff,0x17,0x01,0x20,0x00,0x13,0x37,0x08,0x00,0x10,0x57,0x08,0x00,
0x42,0x0a,0x00,0xfe,0x7a,0x08,0x00,0x23,0xff,0x9d,0x18,0x00,0x13,0xbd,0x18,0x00,
0x13,0xe0,0x10,0x00,0x22,0x00,0x02,0x08,0x00,0x93,0x20,0x02,0x30,0x07,0x08,0x0a,
0x00,0xff,0x48,0x10,0x00,0x13,0x68,0x08,0x00,0x22,0x88,0x02,0x68,0x00,0x13,0xac,
0x08,0x00,0x12,0xd0,0x28,0x00,0x23,0xfe,0xf8,0x20,0x00,0x22,0x18,0x03,0x60,0x00,
0x22,0x3b,0x03,0x18,0x00,0x22,0x63,0x03,0x18,0x00,0x10,0x83,0x08,0x00,0x43,0x0b,
0x00,0xfe,0xaa,0x10,0x00,0x13,0xca,0x08,0x00,0x22,0xea,0x03,0x68,0x00,0x22,0x12,
0x04,0x38,0x00,0x22,0x35,0x04,0x18,0x00,0x22,0x55,0x04,0x30,0x00,0x13,0x7c,0x08,
0x00,0x13,0xa3,0x08,0x00,0x13,0xca,0x28,0x00,0x13,0xed,0x08,0x00,0x22,0x10,0x05,
0x18,0x00,0x22,0x37,0x05,0x10,0x00,0x13,0x5a,0x08,0x00,0x22,0x7d,0x05,0x58,0x00,
0x22,0xa5,0x05,0xa8,0x00,0x13,0xc9,0x10,0x00,0x10,0xf1,0x08,0x00,0x52,0x0b,0x00,
0xfe,0x1d,0x06,0x08,0x00,0x22,0x49,0x06,0x30,0x00,0x22,0x6c,0x06,0xb0,0x00,0x13,
0x94,0x18,0x00,0x13,0xc0,0x18,0x00,0x22,0xe3,0x06,0x38,0x00,0x22,0x0b,0x07,0x08,
0x00,0x22,0x33,0x07,0x70,0x00,0x23,0x5a,0x07,0x68,0x00,0x12,0x07,0x30,0x00,0x13,
0xa9,0x10,0x00,0x13,0xcc,0x28,0x00,0x13,0xf4,0x10,0x00,0x22,0x17,0x08,0x10,0x00,
0x22,0x3f,0x08,0x10,0x00,0x13,0x62,0x10,0x00,0x22,0x8a,0x08,0x38,0x00,0x22,0xb6,
0x08,0x80,0x01,0x22,0xd9,0x08,0xf8,0x00,0x22,0xf9,0x08,0x88,0x00,0x22,0x21,0x09,
0x18,0x00,0x22,0x44,0x09,0x18,0x00,0x22,0x64,0x09,0x40,0x00,0x22,0x87,0x09,0x40,
0x00,0x13,0xaf,0x10,0x00,0x13,0xd2,0x20,0x00,0x13,0xf2,0x10,0x00,0x22,0x15,0x0a,
0x10,0x00,0x23,0x35,0x0a,0x48,0x01,0x03,0x08,0x00,0x22,0x75,0x0a,0x38,0x00,0x23,
0x9d,0x0a,0xf8,0x01,0x13,0x0a,0xf8,0x01,0x13,0x0a,0xf8,0x01,0x13,0x0b,0xf8,0x01,
0x12,0x0b,0x48,0x00,0x22,0x43,0x0b,0x38,0x01,0x13,0x67,0x18,0x00,0x13,0x87,0x08,
0x00,0x13,0xa7,0x08,0x00,0x13,0xc7,0x08,0x00,0x22,0xe7,0x0b,0x58,0x00,0x22,0x0f,
0x0c,0x50,0x00,0x22,0x32,0x0c,0xc0,0x00,0x22,0x5a,0x0c,0x40,0x00,0x13,0x7e,0x18,
0x00,0x13,0xa1,0x08,0x00,0x13,0xc4,0x18,0x00,0x13,0xe8,0x08,0x00,0x22,0x0c,0x0d,
0x08,0x00,0x13,0x30,0x08,0x00,0xa3,0x54,0x0d,0x30,0x07,0x09,0x09,0xff,0xff,0x7d,
0x0d,0x58,0x01,0x03,0x18,0x00,0x22,0xcd,0x0d,0x98,0x00,0x13,0xf0,0x10,0x00,0x22,
0x14,0x0e,0x50,0x00,0x13,0x37,0x08,0x00,0x13,0x5a,0x08,0x00,0x13,0x7d,0x08,0x00,
0x22,0xa0,0x0e,0x30,0x00,0x22,0xc3,0x0e,0xa8,0x00,0x22,0xe3,0x0e,0xb8,0x01,0x22,
0x0a,0x0f,0x40,0x00,0x13,0x2e,0x08,0x00,0x22,0x52,0x0f,0x30,0x00,0x22,0x75,0x0f,
0x28,0x00,0x22,0x95,0x0f,0xc0,0x00,0x13,0xbd,0x10,0x00,0x13,0xdd,0x08,0x00,0x13,
0xfd,0x08,0x00,0x22,0x1d,0x10,0x08,0x00,0x22,0x3d,0x10,0x28,0x00,0x13,0x65,0x08,
0x00,0x13,0x8d,0x18,0x00,0x13,0xad,0x08,0x00,0x13,0xcd,0x08,0x00,0x20,0xed,0x10,
0x68,0x00,0x42,0xff,0xff,0x11,0x11,0x90,0x00,0x22,0x34,0x11,0x18,0x00,0x22,0x54,
0x11,0x78,0x00,0x22,0x77,0x11,0x88,0x00,0x13,0x9b,0x18,0x00,0x13,0xbb,0x08,0x00,
0x13,0xdb,0x20,0x00,0x13,0xfe,0x10,0x00,0x22,0x1e,0x12,0x00,0x04,0x22,0x3e,0x12,
0xe0,0x03,0x22,0x59,0x12,0x50,0x00,0x22,0x7c,0x12,0x20,0x00,0x13,0x9c,0x08,0x00,
0x22,0xbc,0x12,0x90,0x01,0x22,0xe4,0x12,0x40,0x00,0x22,0x07,0x13,0x28,0x00,0x22,
0x2a,0x13,0x10,0x00,0x22,0x4d,0x13,0x28,0x00,0x13,0x6d,0x08,0x00,0x23,0x8d,0x13,
0xb8,0x00,0x12,0x13,0x38,0x00,0x13,0xd5,0x28,0x00,0x23,0xf8,0x13,0xd0,0x03,0x12,
0x14,0x08,0x00,0x22,0x38,0x14,0xa8,0x00,0x22,0x5c,0x14,0x28,0x00,0x13,0x84,0x18,
0x00,0x13,0xa4,0x08,0x00,0x13,0xc4,0x08,0x00,0x13,0xe4,0x08,0x00,0x22,0x04,0x15,
0x30,0x00,0x13,0x28,0x08,0x00,0x13,0x4c,0x08,0x00,0x23,0x70,0x15,0xc0,0x04,0x03,
0x08,0x00,0x13,0xb8,0x08,0x00,0x22,0xdc,0x15,0x58,0x00,0x22,0x04,0x16,0x40,0x00,
0x13,0x24,0x08,0x00,0x22,0x44,0x16,0xc0,0x00,0x23,0x67,0x16,0x88,0x02,0x13,0x16,
0x88,0x02,0x12,0x16,0x38,0x00,0x13,0xcb,0x10,0x00,0x13,0xeb,0x10,0x00,0x22,0x0f,
0x17,0x30,0x00,0x22,0x32,0x17,0x18,0x00,0x13,0x52,0x08,0x00,0x13,0x72,0x08,0x00,
0x13,0x92,0x08,0x00,0x13,0xb2,0x08,0x00,0x22,0xd2,0x17,0x38,0x00,0x13,0xf6,0x10,
0x00,0x22,0x16,0x18,0x08,0x00,0x13,0x36,0x08,0x00,0x13,0x56,0x08,0x00,0x22,0x76,
0x18,0x58,0x00,0x13,0x99,0x08,0x00,0x13,0xbc,0x18,0x00,0x22,0xdc,0x18,0x40,0x00,
0x22,0x00,0x19,0x18,0x00,0x22,0x23,0x19,0x18,0x00,0x22,0x43,0x19,0xa8,0x01,0x22,
0x5e,0x19,0x20,0x00,0x22,0x82,0x19,0x58,0x01,0x13,0xa5,0x08,0x00,0x13,0xc8,0x28,
0x00,0x13,0xe8,0x08,0x00,0x22,0x08,0x1a,0x08,0x00,0x22,0x28,0x1a,0xe8,0x01,0x22,
0x48,0x1a,0x38,0x00,0x13,0x6c,0x18,0x00,0x13,0x8c,0x08,0x00,0x22,0xac,0x1a,0x18,
0x03,0x13,0xd8,0x10,0x00,0x23,0xf8,0x1a,0xa8,0x01,0x13,0x1b,0xa8,0x01,0x12,0x1b,
0x60,0x00,0x13,0x5b,0x08,0x00,0x13,0x7e,0x18,0x00,0x22,0x9e,0x1b,0x60,0x01,0x13,
0xc6,0x10,0x00,0x22,0xe6,0x1b,0xb0,0x00,0x22,0x09,0x1c,0x08,0x00,0x22,0x2c,0x1c,
0xb0,0x00,0x22,0x47,0x1c,0x78,0x00,0x22,0x6b,0x1c,0x28,0x00,0x22,0x8b,0x1c,0x90,
0x00,0x22,0xab,0x1c,0xe8,0x02,0x13,0xd3,0x18,0x00,0x13,0xf3,0x28,0x00,0x22,0x17,
0x1d,0x08,0x00,0x13,0x3b,0x08,0x00,0x13,0x5f,0x08,0x00,0x22,0x83,0x1d,0x58,0x00,
0x13,0xa6,0x10,0x00,0x22,0xca,0x1d,0x40,0x00,0x13,0xf2,0x10,0x00,0x22,0x16,0x1e,
0x90,0x03,0x23,0x3d,0x1e,0x48,0x03,0x12,0x1e,0xb0,0x00,0x22,0x88,0x1e,0x60,0x00,
0x13,0xa8,0x08,0x00,0x23,0xc8,0x1e,0x28,0x01,0x13,0x1e,0x28,0x01,0x12,0x1f,0x58,
0x00,0x22,0x2b,0x1f,0x10,0x00,0x13,0x4b,0x08,0x00,0x23,0x6b,0x1f,0xb0,0x00,0x03,
0x08,0x00,0x22,0xab,0x1f,0xf0,0x00,0x13,0xd3,0x30,0x00,0x13,0xf6,0x08,0x00,0x22,
0x19,0x20,0x68,0x00,0x22,0x3c,0x20,0x80,0x00,0x13,0x63,0x08,0x00,0x23,0x8a,0x20,
0x90,0x05,0x12,0x20,0x90,0x00,0x22,0xde,0x20,0x48,0x00,0x23,0xfe,0x20,0x80,0x03,
0x12,0x21,0x08,0x00,0x22,0x3e,0x21,0x40,0x00,0x13,0x61,0x10,0x00,0x13,0x81,0x08,
0x00,0x13,0xa1,0x08,0x00,0x13,0xc1,0x08,0x00,0x13,0xe1,0x08,0x00,0x22,0x01,0x22,
0x58,0x00,0x22,0x2d,0x22,0x10,0x00,0x23,0x4d,0x22,0x80,0x03,0x12,0x22,0x48,0x00,
0x22,0x90,0x22,0x10,0x01,0x23,0xb4,0x22,0xc8,0x07,0x13,0x22,0xd8,0x01,0x13,0x22,
0xd8,0x01,0x12,0x23,0x28,0x00,0x22,0x3b,0x23,0x10,0x00,0x13,0x5b,0x08,0x00,0x13,
0x7b,0x18,0x00,0x13,0x9e,0x08,0x00,0x22,0xc1,0x23,0xe0,0x00,0x22,0xe4,0x23,0xc0,
0x00,0x22,0x0c,0x24,0x28,0x00,0x13,0x2c,0x08,0x00,0x22,0x4c,0x24,0x28,0x00,0x13,
0x6f,0x10,0x00,0x13,0x8f,0x08,0x00,0x13,0xaf,0x18,0x00,0x13,0xd2,0x08,0x00,0x13,
0xf5,0x08,0x00,0x23,0x18,0x25,0x50,0x02,0x12,0x25,0x50,0x00,0x22,0x60,0x25,0x18,
0x00,0x13,0x83,0x08,0x00,0x13,0xa6,0x18,0x00,0x22,0xce,0x25,0x68,0x01,0x13,0xf6,
0x18,0x00,0x22,0x19,0x26,0xc8,0x00,0x13,0x3d,0x08,0x00,0x22,0x61,0x26,0x28,0x00,
0x22,0x89,0x26,0x68,0x01,0x22,0xb0,0x26,0x28,0x00,0x13,0xd3,0x18,0x00,0x13,0xfb,
0x10,0x00,0x22,0x1e,0x27,0x08,0x00,0x22,0x41,0x27,0x38,0x00,0x22,0x65,0x27,0xd0,
0x00,0x23,0x88,0x27,0x70,0x08,0x03,0x20,0x00,0x13,0xcf,0x10,0x00,0x22,0xf3,0x27,
0x58,0x01,0x22,0x1f,0x28,0x18,0x00,0x22,0x42,0x28,0x18,0x00,0x22,0x66,0x28,0x58,
0x00,0x22,0x8e,0x28,0xc0,0x00,0x22,0xae,0x28,0x48,0x00,0x13,0xd1,0x28,0x00,0x13,
0xf4,0x20,0x00,0x22,0x1c,0x29,0x20,0x00,0x22,0x3c,0x29,0x10,0x00,0x23,0x64,0x29,
0x60,0x07,0x03,0x10,0x00,0x22,0xaf,0x29,0xb0,0x00,0x22,0xd6,0x29,0x58,0x00,0x13,
0xfa,0x30,0x00,0x20,0x1a,0x2a,0x20,0x00,0x42,0xff,0xfe,0x42,0x2a,0x50,0x00,0x22,
0x65,0x2a,0x18,0x00,0x22,0x85,0x2a,0x08,0x01,0x23,0xad,0x2a,0x00,0x06,0x13,0x2a,
0xb0,0x06,0x12,0x2a,0xa8,0x00,0x22,0x1c,0x2b,0x58,0x00,0x13,0x44,0x08,0x00,0x23,
0x6c,0x2b,0xd8,0x03,0x12,0x2b,0x38,0x00,0x22,0xb4,0x2b,0x50,0x00,0x22,0xd7,0x2b,
0x88,0x03,0x23,0xf2,0x2b,0x28,0x03,0x13,0x2c,0x90,0x04,0x13,0x2c,0x90,0x04,0x13,
0x2c,0x90,0x04,0x12,0x2c,0x30,0x00,0x13,0x99,0x10,0x00,0x13,0xb9,0x08,0x00,0x23,
0xd9,0x2c,0x48,0x08,0x12,0x2c,0x80,0x00,0x23,0x1c,0x2d,0xe8,0x00,0x03,0x08,0x00,
0x13,0x5c,0x08,0x00,0x22,0x7c,0x2d,0x40,0x00,0x13,0x9f,0x10,0x00,0x22,0xbf,0x2d,
0x70,0x00,0x13,0xe3,0x10,0x00,0x22,0x03,0x2e,0x08,0x00,0x22,0x23,0x2e,0x28,0x00,
0x22,0x46,0x2e,0x20,0x00,0x13,0x6a,0x18,0x00,0x13,0x8a,0x08,0x00,0x13,0xaa,0x20,
0x00,0x13,0xcd,0x08,0x00,0x13,0xf0,0x18,0x00,0x22,0x10,0x2f,0xe8,0x00,0x22,0x38,
0x2f,0x10,0x00,0x13,0x58,0x10,0x00,0x22,0x80,0x2f,0x98,0x00,0x13,0xa3,0x10,0x00,
0x23,0xcb,0x2f,0xc0,0x05,0x12,0x2f,0x08,0x01,0x22,0x13,0x30,0x68,0x00,0x22,0x37,
0x30,0x10,0x00,0x22,0x5f,0x30,0x30,0x00,0x22,0x82,0x30,0x30,0x00,0x23,0xaa,0x30,
0x70,0x00,0x03,0x28,0x00,0x22,0xf1,0x30,0x40,0x00,0x22,0x11,0x31,0x08,0x00,0x13,
0x31,0x08,0x00,0x22,0x51,0x31,0x20,0x00,0x13,0x75,0x08,0x00,0x23,0x99,0x31,0x28,
0x01,0x03,0x10,0x00,0x22,0xdd,0x31,0x48,0x00,0x22,0x00,0x32,0xe8,0x01,0x22,0x27,
0x32,0x20,0x00,0x13,0x47,0x08,0x00,0x23,0x67,0x32,0x70,0x06,0x12,0x32,0x28,0x00,
0x22,0xaa,0x32,0x90,0x00,0x23,0xd2,0x32,0x28,0x03,0x12,0x32,0xd8,0x01,0x22,0x21,
0x33,0xe0,0x07,0x22,0x45,0x33,0x58,0x00,0x22,0x69,0x33,0xb0,0x00,0x22,0x8c,0x33,
0x28,0x00,0x22,0xaf,0x33,0xb8,0x00,0x13,0xd7,0x10,0x00,0x13,0xfa,0x10,0x00,0x22,
0x22,0x34,0x08,0x00,0x22,0x4a,0x34,0x38,0x00,0x22,0x6e,0x34,0x88,0x00,0x22,0x95,
0x34,0x40,0x00,0x23,0xb8,0x34,0x18,0x07,0x03,0x28,0x00,0x22,0x04,0x35,0x20,0x00,
0x22,0x2b,0x35,0x18,0x00,0x13,0x4f,0x08,0x00,0x22,0x73,0x35,0x88,0x00,0x13,0x9f,
0x08,0x00,0x13,0xcb,0x18,0x00,0x13,0xef,0x08,0x00,0x23,0x13,0x36,0x50,0x01,0x03,
0x08,0x00,0x22,0x5b,0x36,0x28,0x00,0x13,0x87,0x10,0x00,0x13,0xab,0x08,0x00,0x22,
0xcf,0x36,0xf0,0x00,0x13,0xef,0x08,0x00,0x23,0x0f,0x37,0x48,0x07,0x13,0x37,0x48,
0x07,0x11,0x37,0xf8,0x02,0x30,0xff,0x7a,0x37,0x40,0x00,0x42,0xff,0xfe,0xa6,0x37,
0xd0,0x00,0x13,0xc9,0x08,0x00,0x13,0xec,0x28,0x00,0x23,0x0c,0x38,0xd0,0x09,0x12,
0x38,0x18,0x00,0x13,0x53,0x10,0x00,0x22,0x77,0x38,0x20,0x00,0x13,0x97,0x18,0x00,
0x13,0xba,0x10,0x00,0x13,0xda,0x08,0x00,0x23,0xfa,0x38,0x60,0x03,0x12,0x39,0x08,
0x00,0x22,0x3a,0x39,0x28,0x00,0x13,0x5d,0x10,0x00,0x23,0x7d,0x39,0xd8,0x09,0x13,
0x39,0xd8,0x09,0x12,0x39,0x28,0x03,0x22,0xde,0x39,0x18,0x01,0x22,0x05,0x3a,0x28,
0x00,0x22,0x25,0x3a,0x70,0x00,0x23,0x49,0x3a,0xd8,0x0b,0x13,0x3a,0x68,0x03,0x12,
0x3a,0x30,0x00,0x23,0xa7,0x3a,0xc0,0x0a,0x12,0x3a,0x58,0x01,0x13,0xef,0x28,0x00,
0x22,0x12,0x3b,0x18,0x00,0x22,0x32,0x3b,0x20,0x01,0x13,0x5e,0x10,0x00,0x13,0x7e,
0x10,0x00,0x23,0xaa,0x3b,0xb8,0x0c,0x12,0x3b,0x60,0x00,0x22,0xee,0x3b,0x38,0x00,
0x23,0x11,0x3c,0x78,0x02,0x13,0x3c,0x78,0x02,0x12,0x3c,0x58,0x00,0x22,0x79,0x3c,
0x28,0x00,0x22,0x9d,0x3c,0x28,0x00,0x22,0xc0,0x3c,0xc0,0x00,0x13,0xe3,0x18,0x00,
0x23,0x07,0x3d,0x98,0x09,0x12,0x3d,0xc0,0x00,0x22,0x51,0x3d,0x40,0x00,0x13,0x71,
0x08,0x00,0x22,0x91,0x3d,0x28,0x00,0x13,0xb5,0x10,0x00,0x13,0xd5,0x08,0x00,0x22,
0xf5,0x3d,0x88,0x02,0x22,0x1d,0x3e,0x20,0x00,0x23,0x41,0x3e,0x30,0x05,0x03,0x08,
0x00,0x22,0x89,0x3e,0xb0,0x00,0x13,0xb5,0x10,0x00,0x23,0xd9,0x3e,0x10,0x04,0x12,
0x3e,0x80,0x00,0x23,0x1c,0x3f,0x10,0x04,0x13,0x3f,0xf8,0x04,0x03,0x10,0x00,0x23,
0x84,0x3f,0xd0,0x09,0x13,0x3f,0xd0,0x09,0x13,0x3f,0xd0,0x09,0x12,0x3f,0x70,0x00,
0x22,0x0c,0x40,0xb0,0x00,0x22,0x2f,0x40,0x18,0x00,0x13,0x4f,0x10,0x00,0x23,0x72,
0x40,0x58,0x09,0x03,0x10,0x00,0x13,0xb5,0x08,0x00,0x22,0xd8,0x40,0x38,0x00,0x23,
0x00,0x41,0x58,0x0c,0x13,0x41,0x58,0x0c,0x12,0x41,0x78,0x00,0x13,0x6b,0x10,0x00,
0x13,0x8e,0x10,0x00,0x22,0xb6,0x41,0xb0,0x00,0x22,0xda,0x41,0x38,0x00,0x22,0x02,
0x42,0x08,0x00,0x22,0x2a,0x42,0x20,0x00,0x23,0x52,0x42,0xc8,0x09,0x13,0x42,0x70,
0x00,0x13,0x42,0x70,0x00,0x12,0x42,0xf0,0x00,0x13,0xe1,0x30,0x00,0x22,0x09,0x43,
0x20,0x00,0x13,0x29,0x08,0x00,0x22,0x49,0x43,0xf8,0x00,0x13,0x6c,0x08,0x00,0x22,
0x8f,0x43,0x70,0x01,0x11,0xb6,0x10,0x00,0x42,0x01,0xfe,0xd9,0x43,0x40,0x00,0x22,
0x05,0x44,0x18,0x00,0x22,0x2c,0x44,0x70,0x00,0xa2,0x54,0x44,0x30,0x07,0x06,0x0a,
0x01,0xff,0x72,0x44,0x98,0x00,0x22,0x96,0x44,0x40,0x00,0x13,0xb9,0x28,0x00,0x23,
0xe0,0x44,0x38,0x0d,0x12,0x45,0x20,0x09,0x22,0x20,0x45,0x28,0x00,0x13,0x44,0x08,
0x00,0x13,0x68,0x08,0x00,0x22,0x8c,0x45,0x50,0x00,0x23,0xb4,0x45,0xe0,0x07,0x13,
0x45,0xa8,0x0f,0x03,0x18,0x00,0x22,0x24,0x46,0x08,0x00,0x23,0x4c,0x46,0x20,0x0b,
0x03,0x10,0x00,0x22,0x98,0x46,0xd0,0x00,0x22,0xc0,0x46,0x68,0x00,0x22,0xe0,0x46,
0x78,0x00,0x22,0x07,0x47,0x10,0x00,0x23,0x27,0x47,0xb0,0x04,0x12,0x47,0x98,0x00,
0x22,0x6a,0x47,0x38,0x00,0x22,0x92,0x47,0x48,0x00,0x23,0xb6,0x47,0xc8,0x08,0x03,
0x10,0x00,0x22,0x02,0x48,0x08,0x00,0x22,0x26,0x48,0x18,0x00,0x22,0x4e,0x48,0xc8,
0x06,0x23,0x76,0x48,0x48,0x06,0x13,0x48,0xd8,0x0a,0x12,0x48,0x68,0x00,0x22,0xe3,
0x48,0x18,0x01,0x23,0x0f,0x49,0xd8,0x0d,0x12,0x49,0x40,0x00,0x22,0x56,0x49,0x98,
0x00,0x23,0x7e,0x49,0x58,0x0a,0x13,0x49,0x80,0x08,0x13,0x49,0xf8,0x08,0x12,0x49,
0x48,0x00,0x22,0x04,0x4a,0x08,0x00,0x13,0x27,0x08,0x00,0x23,0x4a,0x4a,0xe8,0x04,
0x03,0x10,0x00,0x23,0x91,0x4a,0xe0,0x02,0x13,0x4a,0xe0,0x02,0x03,0x18,0x00,0x22,
0xf8,0x4a,0x60,0x00,0x23,0x20,0x4b,0x30,0x02,0x03,0x08,0x00,0x22,0x66,0x4b,0x68,
0x00,0x22,0x89,0x4b,0x30,0x00,0x23,0xa9,0x4b,0x18,0x0e,0x12,0x4b,0xa8,0x00,0x13,
0xf9,0x10,0x00,0x22,0x1d,0x4c,0x30,0x00,0x22,0x40,0x4c,0x48,0x00,0x22,0x68,0x4c,
0x38,0x00,0x23,0x8b,0x4c,0x18,0x0a,0x13,0x4c,0xf0,0x04,0x03,0x18,0x00,0x23,0xf2,
0x4c,0x68,0x07,0x13,0x4d,0x68,0x07,0x12,0x4d,0x38,0x00,0x22,0x5e,0x4d,0x20,0x00,
0x23,0x81,0x4d,0xe0,0x09,0x03,0x18,0x00,0x23,0xc9,0x4d,0x48,0x10,0x12,0x4d,0x28,
0x01,0x22,0x18,0x4e,0x50,0x01,0x22,0x40,0x4e,0x30,0x00,0x22,0x63,0x4e,0x80,0x00,
0x22,0x86,0x4e,0x38,0x00,0x23,0xa6,0x4e,0x00,0x0b,0x13,0x4e,0x00,0x0b,0x13,0x4e,
0xa8,0x0f,0x12,0x4f,0xb8,0x00,0x22,0x41,0x4f,0x28,0x00,0x23,0x61,0x4f,0x50,0x0a,
0x13,0x4f,0x70,0x00,0x13,0x4f,0x50,0x0a,0x12,0x4f,0x70,0x00,0x22,0xe9,0x4f,0x48,
0x00,0x22,0x0d,0x50,0x10,0x00,0x22,0x35,0x50,0x48,0x00,0x22,0x58,0x50,0x28,0x00,
0x13,0x78,0x10,0x00,0x13,0x9b,0x20,0x00,0x23,0xc3,0x50,0xf8,0x0e,0x03,0x18,0x00,
0x22,0x06,0x51,0x10,0x00,0x22,0x26,0x51,0x20,0x00,0x13,0x4e,0x10,0x00,0x13,0x6e,
0x10,0x00,0x22,0x96,0x51,0x60,0x00,0x23,0xba,0x51,0x98,0x05,0x13,0x51,0x98,0x05,
0x03,0x20,0x00,0x22,0x22,0x52,0x08,0x00,0x22,0x4a,0x52,0x18,0x00,0x13,0x6a,0x10,
0x00,0x23,0x92,0x52,0x88,0x03,0x13,0x52,0xf8,0x03,0x03,0x08,0x00,0x13,0xfb,0x08,
0x00,0x22,0x1e,0x53,0x28,0x00,0x22,0x46,0x53,0x10,0x00,0x22,0x69,0x53,0xf8,0x00,
0x13,0x95,0x08,0x00,0x22,0xc1,0x53,0x98,0x05,0x13,0xdc,0x20,0x00,0x13,0xff,0x30,
0x00,0x23,0x27,0x54,0x38,0x02,0x13,0x54,0x70,0x00,0x13,0x54,0x70,0x00,0x13,0x54,
0xc0,0x0d,0x12,0x54,0x40,0x00,0x22,0xde,0x54,0x78,0x01,0x22,0x01,0x55,0x90,0x01,
0x22,0x28,0x55,0x28,0x00,0x22,0x50,0x55,0x18,0x00,0x22,0x73,0x55,0x48,0x00,0x13,
0x96,0x08,0x00,0x13,0xb9,0x20,0x00,0x22,0xe1,0x55,0x90,0x01,0x22,0x09,0x56,0xf8,
0x00,0x23,0x2d,0x56,0xa0,0x0b,0x13,0x56,0xa0,0x0b,0x13,0x56,0xa0,0x0b,0x03,0x10,
0x00,0x13,0xb0,0x08,0x00,0x13,0xd0,0x18,0x00,0x23,0xf3,0x56,0x00,0x0d,0x13,0x57,
0x68,0x13,0x13,0x57,0x68,0x13,0x12,0x57,0x18,0x00,0x22,0x7b,0x57,0x60,0x00,0x13,
0xa3,0x18,0x00,0xa2,0xc3,0x57,0x30,0x07,0x09,0x0a,0xff,0xfe,0xf0,0x57,0x80,0x00,
0x23,0x18,0x58,0xd8,0x0b,0x13,0x58,0x38,0x0d,0x13,0x58,0x38,0x0d,0x12,0x58,0x50,
0x08,0x22,0xa7,0x58,0x30,0x00,0x22,0xd4,0x58,0x20,0x01,0x23,0xef,0x58,0xa8,0x06,
0x12,0x59,0x58,0x00,0x22,0x3a,0x59,0x58,0x00,0x23,0x5a,0x59,0x88,0x12,0x03,0x18,
0x00,0x13,0xa5,0x18,0x00,0x13,0xc5,0x08,0x00,0x13,0xe5,0x08,0x00,0x22,0x05,0x5a,
0x60,0x00,0x23,0x29,0x5a,0xb0,0x0e,0xf6,0xff,0xff,0xff,0xff,0xff,0x27,0x00,0x01,
0x00,0xff,0x1d,0x08,0x1e,0x09,0x1e,0x0a,0x1e,0x0c,0x1e,0x0d,0x1e,0x23,0x1e,0x29,
0x1e,0x2c,0x1e,0x31,0x1e,0x38,0x1e,0x39,0x1e,0x3a,0x1e,0x48,0x1e,0x4a,0x1e,0x4b,
0x1e,0x4f,0x1e,0x57,0x1e,0x8b,0x1e,0x8d,0x1e,0xa3,0x1e,0xaa,0x1e,0xad,0x1e,0xb9,
0x1e,0xc4,0x1e,0xca,0x1e,0xcd,0x1e,0xd5,0x1e,0xe4,0x1e,0xe9,0x1e,0xef,0x1e,0xf5,
0x1e,0xfa,0x1e,0xfc,0x1e,0x0f,0x1f,0x1f,0x1f,0x2e,0x1f,0x4c,0x1f,0x4d,0x1f,0x4e,
0x1f,0x52,0x1f,0x54,0x1f,0x58,0x1f,0x5b,0x1f,0x7e,0x1f,0x8a,0x1f,0x9a,0x1f,0xa6,
0x1f,0xc3,0x1f,0xdc,0x1f,0xe0,0x1f,0xed,0x1f,0xee,0x1f,0x0c,0x20,0x11,0x20,0x1e,
0x20,0x3b,0x20,0x4e,0x20,0x5b,0x20,0x7e,0x20,0xa7,0x20,0xce,0x20,0x40,0x21,0x42,
0x21,0x44,0x21,0x48,0x21,0x4a,0x21,0x64,0x21,0x67,0x21,0x6b,0x21,0x6f,0x21,0x72,
0x21,0x75,0x21,0x76,0x21,0x77,0x21,0x7b,0x21,0x84,0x21,0x8b,0x21,0x98,0x21,0xb1,
0x21,0xc5,0x21,0xce,0x21,0xdf,0x21,0xf9,0x21,0xfa,0x21,0xfc,0x21,0x05,0x22,0x06,
0x22,0x16,0x22,0x1a,0x22,0x1c,0x22,0x1f,0x22,0x28,0x22,0x2a,0x22,0x2f,0x22,0x35,
0x22,0x36,0x22,0x38,0x22,0x4c,0x22,0x68,0x22,0x6e,0x22,0x9e,0x22,0x9f,0x22,0xa7,
0x22,0xa8,0x22,0x04,0x23,0x07,0x23,0x15,0x23,0x38,0x23,0x39,0x23,0x46,0x23,0x49,
0x23,0x4e,0x23,0x54,0x23,0x60,0x23,0x6a,0x23,0x81,0x23,0x8a,0x23,0x9e,0x23,0xc1,
0x23,0xc8,0x23,0xc9,0x23,0xcb,0x23,0xcc,0x23,0xd0,0x23,0xd5,0x23,0xd7,0x23,0xdf,
0x23,0xe2,0x23,0xe5,0x23,0xe9,0x23,0xee,0x23,0xef,0x23,0xf2,0x23,0xf5,0x23,0xf6,
0x23,0x07,0x24,0x0b,0x24,0x0c,0x24,0x0d,0x24,0x10,0x24,0x16,0x24,0x25,0x24,0x2a,
0x24,0x2e,0x24,0x49,0x24,0x67,0x24,0x7c,0x24,0x8b,0x24,0xcc,0x24,0x67,0x26,0x69,
0x26,0xdd,0x26,0xdf,0x26,0xf3,0x26,0xf9,0x26,0xfc,0x26,0xfd,0x26,0x05,0x27,0x27,
0x27,0x2f,0x27,0x3f,0x27,0x46,0x27,0x56,0x27,0x65,0x27,0x8a,0x27,0xf9,0x27,0x6a,
0x28,0x9d,0x28,0xef,0x28,0x06,0x29,0x0c,0x29,0x15,0x29,0x19,0x29,0x26,0x29,0x28,
0x29,0x29,0x29,0x30,0x29,0x38,0x29,0x7c,0x29,0xca,0x29,0x4f,0x2b,0x56,0x2b,0x57,
0x2b,0x65,0x2b,0x82,0x2b,0x88,0x2b,0x8b,0x2b,0x99,0x2b,0x9d,0x2b,0xb8,0x2b,0xbc,
0x2b,0xf7,0x2b,0xf8,0x2b,0xfb,0x2b,0x03,0x2c,0x05,0x2c,0x0e,0x2c,0x39,0x2c,0x3d,
0x2c,0x3f,0x2c,0x4e,0x2c,0x54,0x2c,0xef,0x2c,0xe4,0x2d,0xe5,0x2d,0xed,0x2d,0xf1,
0x2d,0x02,0x2e,0x0b,0x2e,0x25,0x2e,0x26,0x2e,0x37,0x2e,0x3c,0x2e,0x44,0x2e,0x54,
0x2e,0x72,0x2e,0x75,0x2e,0x8e,0x2e,0x93,0x2e,0xa5,0x2e,0xf5,0x2e,0xf9,0x2e,0xff,
0x2e,0x01,0x2f,0x0e,0x2f,0x14,0x2f,0x30,0x2f,0x38,0x2f,0x39,0x2f,0x51,0x2f,0x52,
0x2f,0x54,0x2f,0x61,0x2f,0x70,0x2f,0x83,0x2f,0x84,0x2f,0x87,0x2f,0xa9,0x2f,0xad,
0x2f,0xb6,0x2f,0xc2,0x2f,0xc4,0x2f,0xd6,0x2f,0xea,0x2f,0xfc,0x2f,0x00,0x30,0x1f,
0x30,0x24,0x30,0x3a,0x30,0x61,0x30,0x6e,0x30,0xab,0x30,0xc4,0x30,0x0e,0x31,0x1e,
0x31,0x61,0x31,0x0e,0x32,0x0f,0x32,0x15,0x32,0x29,0x32,0x3f,0x32,0x46,0x32,0x4a,
0x32,0x52,0x32,0x62,0x32,0x66,0x32,0x68,0x32,0x6a,0x32,0x7d,0x32,0x7f,0x32,0xa3,
0x32,0xa4,0x32,0xc8,0x32,0xd1,0x32,0xde,0x32,0xe7,0x32,0xe8,0x32,0xfd,0x32,0x00,
0x33,0x06,0x33,0x08,0x33,0x2e,0x33,0x61,0x33,0x6d,0x33,0x76,0x33,0x91,0x33,0xa4,
0x33,0xa6,0x33,0xa7,0x33,0xce,0x33,0xcf,0x33,0xd1,0x33,0xf3,0x33,0x1b,0x34,0x46,
0x34,0x57,0x34,0x77,0x34,0xac,0x34,0xcc,0x34,0xe5,0x34,0x2e,0x35,0x35,0x35,0x38,
0x35,0x3d,0x35,0x44,0x35,0x47,0x35,0x4e,0x35,0x50,0x35,0x58,0x35,0x6f,0x35,0x73,
0x35,0x86,0x35,0x9b,0x35,0xac,0x35,0xae,0x35,0xaf,0x35,0xb8,0x35,0xca,0x35,0xdf,
0x35,0xe4,0x35,0xf5,0x35,0x0d,0x36,0x1e,0x36,0x1f,0x36,0x2e,0x36,0x3d,0x36,0x6d,
0x36,0x6e,0x36,0x81,0x36,0xf1,0x36,0xf3,0x36,0xfe,0x36,0xff,0x36,0x08,0x37,0x1e,
0x37,0x29,0x37,0x2b,0x37,0x39,0x37,0x45,0x37,0x60,0x37,0x64,0x37,0x7e,0x37,0x80,
0x37,0xb5,0x37,0xc3,0x37,0xe4,0x37,0x06,0x38,0x0e,0x38,0x20,0x38,0x36,0x38,0x3b,
0x38,0x45,0x38,0x67,0x38,0xbf,0x38,0x20,0x3a,0x29,0x3a,0x58,0x3a,0x20,0x3b,0x26,
0x3b,0x61,0x3b,0x62,0x3b,0x63,0x3b,0x64,0x3b,0x7a,0x3b,0x89,0x3b,0xb4,0x3b,0xce,
0x3b,0xd3,0x3b,0x33,0x3c,0x5f,0x3c,0xa0,0x3c,0xb8,0x3c,0xbe,0x3c,0xd4,0x3c,0xe1,
0x3c,0xe7,0x3c,0x1a,0x3d,0x31,0x3d,0x3a,0x3d,0x40,0x3d,0x4a,0x3d,0x87,0x3d,0xf6,
0x3d,0xfa,0x3d,0x04,0x3e,0x0f,0x3e,0x28,0x3e,0x37,0x3e,0x7d,0x3e,0x8f,0x3e,0xd0,
0x3e,0xd9,0x3e,0xdd,0x3e,0xe0,0x3e,0xe3,0x3e,0xbf,0x3f,0x6a,0x40,0x6e,0x40,0x74,
0x40,0xb8,0x40,0x25,0x41,0x35,0x41,0x83,0x41,0x2b,0x42,0x46,0x42,0x47,0x42,0x58,
0x42,0x78,0x42,0xb5,0x42,0x86,0x43,0xae,0x43,0xaf,0x43,0xec,0x43,0x05,0x44,0x5d,
0x44,0x1e,0x45,0x27,0x45,0x34,0x45,0x4b,0x45,0x64,0x45,0x7c,0x46,0x83,0x46,0xc9,
0x46,0xd0,0x46,0xd5,0x46,0xd7,0x46,0xed,0x46,0xf3,0x46,0xf7,0x46,0x0a,0x47,0x1e,
0x47,0xab,0x47,0xe4,0x47,0xec,0x47,0x00,0x48,0x6b,0x48,0x6d,0x48,0x39,0x49,0x80,
0x49,0xba,0x49,0xd1,0x49,0xee,0x49,0xef,0x49,0xfa,0x49,0x0a,0x4a,0x32,0x4a,0x79,
0x4a,0x80,0x4a,0x96,0x4a,0xdd,0x4a,0xee,0x4a,0x2b,0x4b,0x48,0x4b,0x7d,0x4b,0x7f,
0x4b,0x96,0x4b,0xa0,0x4b,0x7a,0x4c,0x88,0x4c,0x97,0x4c,0xbd,0x4c,0xfa,0x4c,0x21,
0x4d,0x26,0x4d,0x2e,0x4d,0xa1,0x4e,0xa6,0x4e,0xb4,0x4e,0xbc,0x4e,0xbe,0x4e,0xc2,
0x4e,0xc3,0x4e,0xc5,0x4e,0xc7,0x4e,0xce,0x4e,0xd0,0x4e,0xdc,0x4e,0xde,0x4e,0xec,
0x4e,0xfe,0x4e,0x12,0x4f,0x15,0x4f,0x28,0x4f,0x6d,0x4f,0x8d,0x4f,0xd3,0x4f,0xfa,
0x4f,0xfb,0x4f,0x04,0x50,0x16,0x50,0x25,0x50,0x53,0x50,0xcb,0x50,0xfc,0x50,0x08,
0x51,0x19,0x51,0xe9,0x51,0xf2,0x51,0x29,0x52,0x34,0x52,0x71,0x52,0x81,0x52,0xab,
0x52,0xf0,0x52,0x02,0x53,0x76,0x53,0xdb,0x53,0x03,0x54,0x3c,0x54,0x60,0x54,0xdc,
0x54,0xce,0x55,0x01,0x57,0xb9,0x57,0x4b,0x58,0x64,0x58,0x67,0x58,0x6f,0x58,0xaa,
0x58,0xc4,0x58,0x5e,0x59,0x7e,0x59,0x80,0x59,0x85,0x59,0xc3,0x59,0xc5,0x59,0xc7,
0x59,0xd1,0x59,0xe2,0x59,0xe5,0x59,0xff,0x59,0x65,0x5b,0xa0,0x5b,0xa3,0x5b,0xad,
0x5b,0xaf,0x5b,0xb7,0x5b,0xbd,0x5b,0xbe,0x5b,0xc0,0x5b,0xd4,0x5b,0xdc,0x5b,0xe1,
0x5b,0xe5,0x5b,0xec,0x5b,0xee,0x5b,0xf3,0x5b,0xf6,0x5b,0xfa,0x5b,0x02,0x5c,0x30,
0x5c,0x1e,0x5d,0x24,0x5d,0x33,0x5d,0x76,0x5d,0x84,0x5d,0xb2,0x5d,0xdc,0x5d,0xde,
0x5d,0xee,0x5d,0xf2,0x5d,0x29,0x5e,0xaa,0x5e,0x65,0x5f,0x6b,0x5f,0x6d,0x5f,0x73,
0x5f,0x7a,0x5f,0x7c,0x5f,0x82,0x5f,0x84,0x5f,0x90,0x5f,0x92,0x5f,0xb8,0x5f,0xc6,
0x5f,0xcf,0x5f,0xd3,0x5f,0xd7,0x5f,0xda,0x5f,0xdd,0x5f,0xde,0x5f,0xef,0x5f,0xff,
0x5f,0x05,0x60,0x08,0x60,0x19,0x60,0x1e,0x60,0x3a,0x60,0x52,0x60,0x64,0x60,0xe7,
0x60,0x4c,0x61,0xc6,0x61,0xc9,0x61,0xcc,0x61,0xce,0x61,0x73,0x62,0x87,0x64,0x9e,
0x64,0xad,0x64,0xfd,0x64,0x00,0x65,0x18,0x65,0x2d,0x65,0x5b,0x65,0x7e,0x65,0xe7,
0x65,0xec,0x65,0xed,0x65,0xf3,0x65,0x07,0x66,0x33,0x66,0x35,0x66,0x3f,0x66,0x43,
0x66,0x4c,0x66,0x4f,0x66,0x63,0x66,0x76,0x66,0x8e,0x66,0x93,0x66,0x9b,0x66,0xc5,
0x66,0xf5,0x66,0xff,0x66,0x06,0x67,0x58,0x67,0x5d,0x67,0x61,0x67,0xe8,0x67,0xf2,
0x67,0x74,0x68,0x75,0x68,0x78,0x68,0x79,0x68,0x7a,0x68,0x83,0x68,0x90,0x68,0x97,
0x68,0x9b,0x68,0xcd,0x68,0xdd,0x68,0x87,0x69,0x75,0x6a,0x7d,0x6a,0x8b,0x6a,0xd7,
0x6a,0x22,0x6e,0xa5,0x6e,0xc3,0x6e,0xd7,0x6e,0x4f,0x6f,0x07,0x00,0x0a,0x80,0x01,
0x90,0x08,0x80,0x53,0x81,0x2a,0x80,0x2d,0xdd,0xdd,0xb0,0x04,0xdd,0xdd,0x90,0xb2,
0x19,0x46,0x05,0xdd,0xdd,0x10,0x0e,0x00,0xf1,0x2f,0x6d,0xdd,0xdd,0x40,0x00,0x08,
0x50,0x00,0x00,0xa3,0x00,0x00,0x0b,0x20,0x00,0x00,0xdd,0xd5,0x00,0x0d,0x00,0x00,
0x00,0xd0,0x00,0x00,0x2b,0x00,0x00,0x03,0xa0,0x00,0x7d,0xee,0xdd,0x40,0x9d,0xee,
0xdc,0x00,0x08,0x40,0x00,0x00,0xa6,0x30,0x00,0x0b,0x5c,0x00,0x00,0xd0,0xc2,0x00,
0x0d,0x06,0x80,0x00,0xd0,0x02,0x00,0x1b,0x23,0x00,0xf1,0x0e,0x00,0x08,0xcc,0xfc,
0xc1,0x00,0x05,0x90,0x00,0x00,0x0d,0x94,0x00,0x00,0x8f,0x7d,0x00,0x05,0xd9,0x4a,
0x40,0x4d,0x1a,0x24,0x90,0x11,0x0b,0x10,0x20,0x4e,0x00,0x00,0x04,0x00,0xc0,0xc0,
0x00,0x00,0x0f,0xcc,0xc7,0x02,0xa0,0x00,0x00,0x5e,0xcc,0x2b,0x00,0x31,0x05,0xcc,
0xc7,0x65,0x00,0xf2,0x37,0x07,0x55,0x80,0x00,0x2d,0xd1,0x00,0x08,0xce,0xed,0xc0,
0x00,0x09,0x72,0x00,0x06,0xce,0xec,0x50,0x0a,0x66,0xa4,0x80,0x0b,0x79,0xe9,0x60,
0x0c,0xba,0xaf,0x50,0x0f,0x6a,0x1c,0x30,0x1b,0x02,0x2b,0x10,0x28,0x02,0xdb,0x00,
0x00,0x03,0x50,0x00,0x00,0x0d,0xb0,0x00,0x00,0xb5,0x88,0x00,0x2c,0x66,0x29,0xa0,
0x12,0x0b,0x30,0x30,0x00,0x0d,0x10,0x00,0x00,0x0e,0x00,0x04,0x00,0xf0,0x06,0x1c,
0x00,0x00,0x00,0x48,0x00,0x5a,0xcc,0x94,0xa4,0x97,0x59,0xc0,0x94,0x48,0xd2,0xb5,
0x76,0x9a,0xea,0xa3,0xcc,0x00,0x11,0xd0,0x80,0x00,0xf0,0x09,0x04,0x80,0x00,0x6c,
0xdd,0xc6,0x08,0x79,0x88,0x70,0x36,0xc8,0x62,0x0b,0xbe,0xcb,0x40,0xb0,0xc0,0x57,
0x2e,0xcf,0xcd,0x50,0x1f,0x00,0xf5,0x33,0x0c,0x00,0x00,0x00,0xad,0xde,0x20,0x0b,
0x52,0x94,0x00,0xc3,0x9a,0x20,0x0d,0x02,0xc1,0x2d,0xec,0xcf,0x90,0x48,0x00,0xd0,
0x08,0x40,0x1c,0x00,0xd0,0x83,0x90,0x38,0x09,0xe3,0x00,0x00,0xa6,0x60,0x00,0x06,
0x94,0x00,0x05,0xce,0xcc,0x90,0x00,0xc0,0x39,0x00,0x1c,0x95,0x70,0x06,0x78,0xa6,
0x00,0xd1,0x09,0x40,0x96,0x50,0xc1,0x3a,0x05,0xe9,0x53,0x01,0x90,0x76,0x00,0x05,
0xcd,0xec,0x80,0x00,0x66,0x00,0x35,0x01,0x61,0x6c,0xed,0xc0,0x00,0x0b,0x10,0x7f,
0x00,0xf1,0x37,0x0d,0x00,0x04,0xcc,0xfc,0xc2,0x00,0x0a,0x00,0x00,0x54,0x93,0x83,
0x04,0x92,0x1d,0x00,0x0d,0x05,0x90,0x00,0xa5,0xd1,0x00,0x02,0xf7,0x00,0x00,0xac,
0xc0,0x03,0xd7,0x07,0xc1,0x72,0x00,0x05,0x40,0x00,0x08,0x00,0x00,0x01,0x74,0x10,
0x07,0xbb,0xbf,0x20,0x00,0x04,0xb0,0x00,0x00,0xd1,0x00,0x00,0xb6,0x00,0x04,0x98,
0x00,0x03,0xde,0x10,0x00,0xa2,0x5c,0xdd,0x20,0xc3,0x01,0xfc,0x5f,0x50,0x00,0x0e,
0xbb,0xd3,0x00,0xb0,0x0a,0x20,0x2a,0x07,0xa0,0x04,0xd9,0x99,0x30,0x13,0x33,0x78,
0x3c,0xcc,0xc9,0x60,0x00,0x80,0x94,0x00,0x08,0xda,0x00,0x00,0x23,0x58,0x70,0x2d,
0x97,0x40,0x05,0x74,0x60,0x00,0x85,0x77,0x20,0x07,0xbd,0xcb,0x40,0x43,0x93,0x50,
0x0b,0x2b,0x1c,0x04,0xa1,0xc0,0xa2,0x23,0xca,0x02,0x10,0x00,0x00,0x02,0x10,0x04,
0xbc,0xd9,0x40,0x08,0x9b,0xc9,0x80,0x04,0x79,0x96,0x50,0x0b,0xd8,0x8c,0x70,0x06,
0xca,0x86,0x50,0x16,0x8e,0x7d,0x60,0x00,0xae,0xb0,0x00,0x1b,0x4c,0x4b,0x10,0x83,
0x0b,0x05,0x50,0x00,0x11,0x11,0x00,0x4d,0xdd,0xd6,0x00,0x01,0x00,0xf1,0x18,0x06,
0xcc,0xcc,0xc4,0x01,0x11,0x11,0x00,0x03,0xdd,0xfd,0x80,0x00,0x3b,0x00,0x00,0x04,
0x90,0x01,0xdd,0xee,0xdb,0x00,0x07,0x60,0x00,0x00,0x85,0x00,0x00,0x0a,0x30,0x00,
0x72,0xc1,0x00,0x04,0xea,0x00,0x1d,0x02,0xf3,0x39,0x09,0xcc,0xcc,0xc0,0x00,0xa2,
0x38,0x00,0x0a,0x90,0x0a,0x60,0x05,0xa2,0x77,0x60,0x00,0x4b,0xd0,0x00,0x00,0x2f,
0x80,0x00,0x18,0xd4,0xc9,0x10,0x56,0x00,0x06,0x50,0x00,0x13,0xa1,0x10,0x07,0xaa,
0xaa,0xa0,0x00,0xd9,0x9c,0x00,0x02,0xeb,0xbd,0x00,0x04,0x88,0x86,0x00,0x01,0x33,
0xc7,0x00,0x3b,0xbd,0xcb,0x50,0x00,0x1a,0x20,0x00,0x01,0xcc,0x00,0x00,0x01,0x24,
0xb2,0x20,0x24,0x00,0xf2,0x0a,0x20,0x01,0xba,0xab,0x10,0x1c,0xbb,0xbb,0x70,0x29,
0x69,0x72,0x80,0x00,0xc2,0xd0,0x00,0x04,0xa0,0xc5,0x60,0x5b,0x10,0xbc,0x10,0x99,
0x00,0xf2,0x55,0x70,0x00,0x00,0x75,0x00,0x00,0x0a,0x60,0x00,0x00,0xd7,0x00,0x00,
0x3b,0xb0,0x00,0x0b,0x3c,0x20,0x06,0x90,0x5a,0x05,0xc0,0x00,0xb6,0x31,0x00,0x01,
0x30,0x00,0x10,0x00,0x00,0x0b,0x7b,0xb7,0x02,0xb3,0x25,0x90,0xb7,0x83,0x75,0x4f,
0x66,0x6c,0x14,0xa4,0x2d,0xa0,0x09,0x20,0xd4,0x00,0xb1,0x5e,0x80,0x0c,0x2d,0x1c,
0x20,0xc9,0x30,0x37,0x00,0x04,0x50,0x00,0x00,0x1d,0xb0,0x00,0x03,0xd3,0x5b,0x10,
0x2b,0x60,0x26,0xc0,0x00,0xc0,0x84,0x00,0x00,0xd0,0xa2,0x00,0x04,0xa0,0xc0,0x00,
0x0d,0x30,0xd0,0x00,0x96,0x00,0xd0,0x04,0x01,0xf1,0x0f,0xb1,0x38,0x00,0x0c,0x05,
0x70,0x00,0xe0,0x75,0x00,0x1f,0x89,0x60,0x04,0x8a,0xd8,0x00,0x94,0x1c,0xb0,0x0c,
0x07,0x6c,0x07,0x61,0xd0,0x76,0x40,0x13,0x01,0xa6,0x01,0xf1,0x0f,0x0c,0x13,0x80,
0x04,0xab,0x56,0x00,0xb6,0xda,0xdb,0x4f,0xad,0xa4,0xb2,0x94,0xba,0x49,0x0a,0x49,
0xba,0x50,0xb4,0x87,0x25,0x0c,0x48,0x08,0x50,0xc0,0xcc,0x92,0x03,0xf0,0x32,0x03,
0x92,0x06,0x60,0x57,0xc2,0x85,0x06,0x65,0x6a,0x20,0x84,0x00,0xd0,0x0a,0x31,0x4a,
0x00,0xbc,0x7c,0xc0,0x3c,0x4a,0x6a,0x30,0x2c,0x60,0x57,0x01,0x20,0x00,0x20,0x00,
0x61,0x61,0x00,0x0c,0x77,0x6a,0x07,0x89,0x45,0x91,0xf6,0x75,0x75,0x6c,0x43,0xac,
0x00,0x93,0x0d,0x80,0x0b,0x12,0xe8,0x00,0xc1,0xc3,0xc3,0x0c,0x84,0x02,0x90,0x00,
0xf8,0x00,0xf1,0x13,0xcb,0xab,0x90,0x05,0x8b,0x47,0xc0,0x0c,0x7a,0x65,0xb0,0x4f,
0x78,0x74,0xb0,0x3b,0x76,0x93,0xa0,0x0b,0x76,0xb3,0x80,0x0c,0xad,0xda,0x60,0x0c,
0x40,0xb3,0x00,0x0b,0x00,0xb0,0xb2,0x00,0xf1,0x2f,0x0b,0x33,0xa0,0x04,0x9b,0x69,
0x10,0xc8,0xdc,0xd9,0x5f,0x62,0x75,0x02,0x98,0xbd,0xc8,0x0b,0x12,0xb3,0x10,0xc0,
0x0c,0x00,0x0c,0x00,0xc0,0x00,0xb0,0x0c,0x00,0x00,0x62,0x36,0x60,0x0c,0x6c,0xa1,
0x07,0x80,0x75,0x02,0xf6,0x08,0x40,0x6a,0x8c,0xed,0x80,0x93,0x0b,0x10,0x0b,0x10,
0xc0,0x00,0xc0,0x0d,0x00,0x0c,0x4c,0xfc,0x43,0x00,0xf4,0x10,0x0a,0x47,0xa0,0x01,
0xb8,0x4b,0x00,0x89,0xc0,0x76,0x1f,0xbd,0xdd,0x92,0x95,0x57,0xc0,0x08,0x39,0x3c,
0x00,0xa2,0xc0,0xc0,0x0b,0x58,0x2a,0x00,0xca,0x3d,0x50,0x20,0x02,0xf4,0x10,0x08,
0x4c,0x55,0x00,0xd0,0xc0,0x50,0x8a,0x9f,0xcc,0x3f,0x83,0xc0,0x25,0xa6,0x0c,0x75,
0x08,0x40,0xeb,0x00,0xa2,0x3f,0x14,0x0b,0x6c,0xc4,0x80,0xd1,0x04,0xe3,0x27,0x00,
0xf4,0x10,0x0a,0x16,0x50,0x01,0xca,0xec,0xa0,0x78,0x0c,0x00,0x1f,0xad,0xdc,0xa3,
0xb5,0x94,0x10,0x08,0x4c,0xad,0x50,0xa1,0x32,0xc0,0x0b,0x08,0xe2,0x00,0xc0,0x08,
0x40,0x27,0x00,0xf1,0x10,0x09,0x42,0xb0,0x01,0xd8,0xee,0x90,0xa8,0xb1,0x0d,0x5f,
0x7c,0x01,0xc2,0x85,0xeb,0xca,0x09,0x4c,0x04,0x90,0xa4,0xa0,0x67,0x0c,0x49,0x07,
0x50,0xd5,0xec,0xe4,0x23,0x00,0xf1,0x0f,0x44,0x80,0x00,0xc1,0x68,0x10,0x78,0xab,
0xb9,0x2f,0x77,0x05,0x47,0xc5,0xc0,0xa3,0x08,0x4a,0x1d,0x00,0xa2,0xa5,0xa0,0x0b,
0x12,0x94,0x00,0xd7,0xcf,0xd5,0x6d,0x00,0xf2,0x0f,0x36,0x9a,0x02,0xbb,0x6d,0x00,
0xa6,0xc0,0xc0,0x4f,0x5e,0xcf,0xa4,0xa4,0xb1,0xb0,0x0a,0x49,0x1a,0x00,0xc4,0x88,
0xa4,0x0c,0x59,0xab,0x90,0xc9,0x99,0xc6,0x6b,0x00,0xf1,0x12,0x10,0x00,0x09,0x4a,
0x20,0x01,0xc8,0xcb,0x80,0xa8,0x1a,0x61,0x5f,0x70,0xa2,0x02,0x86,0xcf,0xd6,0x09,
0x40,0xd0,0x00,0xa2,0x0d,0x00,0x0c,0x10,0xc0,0x00,0xd8,0xdf,0xc4,0xde,0x00,0xf0,
0x0b,0x36,0x60,0x00,0xd0,0x75,0x00,0x89,0xdf,0xfb,0x3f,0x57,0xeb,0x04,0xb4,0xbc,
0x91,0x0a,0xa6,0xc5,0x70,0xb7,0xbf,0x85,0x0c,0x03,0xb1,0x17,0x04,0x01,0x01,0x00,
0xf2,0x13,0xa8,0x88,0x82,0x01,0xd3,0x56,0xc1,0x0a,0x98,0xa4,0x80,0x4f,0x8a,0xa6,
0x70,0x28,0x6a,0xb6,0x50,0x08,0x6e,0xc8,0x30,0x09,0x30,0x0a,0x20,0x0b,0x1a,0x1c,
0x00,0x0c,0x04,0xe8,0xad,0x02,0xf1,0x10,0x6c,0xc5,0x00,0x1b,0x90,0x0a,0xc0,0x02,
0xbd,0xd7,0x10,0x02,0x29,0x62,0x10,0x09,0xad,0xba,0x40,0x08,0x3b,0x48,0x00,0x3c,
0x2c,0x0d,0x00,0x43,0xca,0x05,0x20,0x4c,0x00,0xf2,0x13,0x97,0x90,0x00,0x02,0xda,
0xec,0xc0,0x0b,0xbc,0xc0,0x00,0x6f,0x71,0xd9,0x40,0x28,0x50,0xc2,0x10,0x08,0x41,
0xb0,0x00,0x0a,0x23,0xec,0x40,0x0b,0x14,0x70,0x00,0x0c,0x06,0x60,0x74,0x00,0xf4,
0x14,0xb3,0x68,0x30,0x02,0xb8,0xca,0x90,0x0a,0x7b,0xdc,0x60,0x3f,0x79,0x92,0xa0,
0x2a,0x7d,0xec,0x80,0x0a,0x44,0xb0,0x00,0x0b,0x1c,0x90,0x00,0x0c,0x1c,0xc3,0x00,
0x0c,0xa3,0x1a,0x60,0x53,0x01,0xf5,0x14,0x01,0xcf,0xc6,0xa0,0x06,0x6b,0x0b,0xb0,
0x0c,0x6e,0xab,0xb0,0x4f,0x88,0xba,0xb0,0x1a,0xbb,0x9a,0xa0,0x0b,0x1a,0x6a,0x80,
0x0c,0x1c,0x16,0x70,0x0c,0x85,0x56,0x50,0x0b,0xa0,0x7c,0x23,0x06,0xf5,0x34,0x0c,
0x39,0x65,0x04,0x84,0x78,0x40,0xb8,0xee,0xec,0x4f,0x37,0x4b,0x18,0xc2,0x94,0xc0,
0x0b,0x8c,0xcc,0xa0,0xc0,0x81,0x70,0x0c,0x5b,0x0c,0x20,0xca,0x10,0x37,0x00,0xdc,
0xd1,0xa0,0x06,0xa6,0x9a,0xa0,0x0c,0xab,0xaa,0xa0,0x5f,0xaa,0x9a,0xa0,0x3b,0x99,
0x9a,0xa0,0x0b,0x9a,0xb9,0x80,0x0b,0x2b,0x14,0x60,0x0b,0x89,0x77,0x50,0x1b,0x92,
0x8d,0x10,0x77,0x00,0xf2,0x13,0xb6,0x9b,0x70,0x06,0x79,0x4b,0x90,0x0d,0x9d,0xbe,
0xa0,0x5f,0x3b,0x3b,0x30,0x2c,0x0c,0x5c,0x90,0x0c,0x9e,0x3f,0x30,0x0c,0x0b,0x5b,
0x40,0x0b,0x2b,0x9a,0x90,0x1a,0xc6,0x0a,0xa3,0x00,0xf1,0x13,0x20,0x00,0x00,0x1c,
0xcc,0xc8,0x06,0x7c,0x03,0x80,0xe4,0xe8,0xa6,0x7f,0x34,0xc4,0x11,0xa7,0xbe,0xb6,
0x0c,0x0b,0xe7,0x00,0xc2,0xab,0xb0,0x0c,0xc3,0x98,0x41,0xb2,0x38,0x11,0x27,0x00,
0xf2,0x13,0x93,0x4a,0x10,0x01,0xd7,0x99,0x90,0x09,0x98,0xcc,0x70,0x4e,0x83,0x44,
0x20,0x28,0x67,0x88,0x30,0x07,0x6c,0xcb,0x20,0x09,0x69,0x07,0x50,0x0b,0x68,0x08,
0x30,0x0c,0x6d,0xce,0x42,0x01,0xf2,0x12,0xb0,0x57,0x00,0x05,0xb4,0xca,0xa0,0x0b,
0xba,0xbc,0x30,0x3f,0xb5,0xbc,0x50,0x2b,0xb6,0x67,0x60,0x0b,0xb3,0x9a,0x00,0x0b,
0xa6,0xa7,0x50,0x0c,0x02,0x8b,0x00,0x0b,0x1b,0xba,0x02,0xf5,0x10,0x1b,0x05,0x70,
0x06,0xad,0xbb,0xa0,0xc9,0x7a,0x18,0x4f,0x9a,0xbc,0xb3,0xc9,0xea,0x66,0x0b,0xa7,
0xaa,0x40,0xbb,0x77,0xb3,0x0c,0xb9,0x59,0x11,0xd9,0xb7,0xb0,0xb7,0x02,0xf1,0x0f,
0x13,0x90,0x02,0xca,0xcc,0xa0,0xa7,0x64,0x63,0x4f,0x76,0x6d,0x44,0xa6,0x77,0x75,
0x09,0x2c,0xcb,0x20,0xb2,0xa0,0x84,0x0c,0x39,0x09,0x20,0xc4,0xdc,0xe0,0xe9,0x00,
0xf5,0x14,0xcb,0xb4,0x91,0x07,0x5a,0x3a,0xa0,0x0d,0x59,0xaa,0xb0,0x4f,0x9a,0xaa,
0xb0,0x4c,0x0a,0x19,0xb0,0x0a,0x8e,0x89,0x90,0x0b,0x0b,0x24,0x80,0x0b,0x7e,0x8a,
0x60,0x29,0x50,0x1e,0x20,0x60,0x01,0xf2,0x0e,0x1b,0x74,0x02,0xaa,0xed,0xa0,0x97,
0x37,0xa1,0x1f,0x8c,0xcd,0x81,0x94,0x78,0x70,0x08,0x3c,0x4a,0x30,0xa3,0xeb,0xe1,
0x0c,0x38,0x0b,0x00,0xc4,0xec,0x6e,0x04,0xf1,0x14,0x73,0x0c,0x00,0x00,0xc7,0xcd,
0xb1,0x05,0xa4,0xab,0x20,0x0d,0x8a,0x57,0x80,0x29,0x7c,0xbd,0x60,0x05,0x5d,0x8c,
0x40,0x07,0x3e,0xad,0x30,0x09,0x3a,0x1b,0x10,0x0a,0x9e,0xbe,0x40,0x9a,0x00,0xf1,
0x0f,0x06,0x60,0x04,0x9e,0xaa,0xc0,0xa8,0xc8,0x8c,0x1f,0x89,0x55,0x33,0xc8,0xcd,
0xca,0x0b,0x9c,0x98,0x90,0xba,0xbc,0xd7,0x0c,0xb9,0x8b,0x60,0xca,0xaa,0xc2,0x4b,
0x00,0xf2,0x13,0xc0,0x57,0x00,0x03,0xaa,0xbb,0xa0,0x0b,0x6b,0x9a,0x50,0x4f,0x4b,
0x9a,0x50,0x5b,0x7a,0xaa,0x50,0x0b,0x85,0x45,0x70,0x0c,0x06,0xe6,0x00,0x0c,0x11,
0xc0,0x00,0x0c,0x2d,0x80,0x2d,0x04,0xf0,0x0f,0x66,0x76,0x03,0xac,0xcd,0x90,0xb9,
0xa3,0x3c,0x5f,0x59,0xbb,0x34,0xa3,0x11,0x10,0x0a,0x6d,0xdc,0x60,0xc0,0x93,0x90,
0x0c,0x2d,0x6e,0x10,0xc8,0x96,0x73,0x23,0x00,0xf3,0x13,0x02,0x90,0x19,0x10,0x07,
0x88,0xde,0xd0,0x0d,0x15,0x6b,0x90,0x5f,0xb6,0xcd,0x80,0x3b,0x79,0xe7,0x10,0x0b,
0x85,0xc9,0x50,0x0b,0xa5,0xed,0x40,0x1a,0xc7,0x78,0x30,0x38,0x14,0x68,0x08,0xf2,
0x14,0x86,0xd8,0x30,0x00,0xda,0x9b,0x70,0x06,0xab,0x89,0xc0,0x1e,0x9b,0xdb,0xa0,
0x29,0x89,0xd6,0xb0,0x06,0x78,0xbc,0x80,0x07,0x88,0xba,0x90,0x09,0x8c,0x59,0xa0,
0x0b,0x33,0xe4,0x30,0xbe,0x05,0xf0,0x0f,0x10,0x00,0x01,0xc2,0x50,0x00,0xa4,0x0c,
0x00,0x9e,0xac,0xe6,0x04,0xb5,0xc2,0x40,0x0c,0x1d,0x00,0x02,0xc0,0xd0,0x00,0xb4,
0x0c,0x38,0x67,0x00,0xbc,0x20,0x2f,0x05,0x33,0xdd,0xdd,0x70,0x37,0x01,0xf1,0x06,
0xce,0xde,0xd9,0x00,0xa3,0xb1,0x00,0x0c,0x0c,0x00,0x03,0xb0,0xc0,0x22,0xc2,0x0d,
0x48,0x62,0x00,0xad,0x20,0x71,0x06,0xf1,0x10,0xdf,0xdd,0xc0,0x00,0x49,0x24,0x00,
0x00,0xc2,0x3d,0x00,0x0b,0xfc,0xe9,0x70,0x00,0xa2,0xd0,0x00,0x00,0xd1,0xb0,0x00,
0x09,0x62,0xa5,0x60,0x58,0x00,0xcc,0x10,0x77,0x05,0xf1,0x0f,0x15,0x70,0x30,0x57,
0x66,0x58,0x00,0xc8,0x5d,0x10,0x13,0xa4,0x30,0x1c,0xed,0xfc,0x80,0x0a,0x2c,0x00,
0x00,0xc2,0xb0,0x00,0xa6,0x39,0x38,0x97,0x00,0xcd,0x6b,0x00,0xf1,0x10,0x49,0x84,
0x30,0x77,0xc9,0x77,0x04,0xbe,0xb8,0x00,0x76,0x11,0xe0,0x09,0x40,0x0d,0x00,0x8e,
0xde,0xa0,0x00,0xc3,0x90,0x00,0x88,0x48,0x38,0x97,0x01,0xdd,0x30,0x02,0x01,0x12,
0xc9,0xd8,0x08,0xf5,0x08,0x3d,0x00,0x00,0x08,0xf0,0x00,0x00,0xca,0x30,0x00,0x86,
0x59,0x00,0x4c,0x00,0xd1,0x4d,0x10,0x05,0xa0,0x10,0x00,0x02,0x93,0x06,0xb0,0x5c,
0xc2,0x00,0x19,0xb1,0x2d,0x70,0x28,0xce,0xdc,0x80,0x1e,0x07,0x31,0x08,0xce,0xcc,
0x70,0x08,0x00,0x17,0x09,0x41,0x6c,0xcf,0xcc,0x40,0xd2,0x07,0xf1,0x18,0x77,0x50,
0x00,0xb3,0x49,0x00,0x2c,0x00,0xd0,0x0c,0x3a,0x17,0x81,0x52,0xc0,0x05,0x00,0x85,
0x81,0x00,0x2c,0x06,0x80,0x1c,0xcc,0xcd,0x01,0x42,0x00,0x50,0x00,0x81,0x08,0x10,
0x04,0x22,0xb0,0x08,0xcc,0x37,0x06,0x00,0x98,0x07,0x24,0x5b,0xbb,0x91,0x02,0xf0,
0x0d,0x7c,0xcc,0xcc,0x40,0x00,0x10,0x01,0x00,0x09,0x30,0xc0,0x06,0xdd,0xce,0x60,
0x01,0x76,0x10,0x00,0x08,0x40,0x01,0xcc,0xfd,0xc7,0x00,0x1f,0x70,0xb0,0x09,0xf0,
0x58,0x0a,0x70,0x5a,0x05,0x50,0x00,0x62,0x00,0x93,0x0b,0x10,0x6e,0xcb,0xf9,0x00,
0xc7,0x7d,0x00,0x0d,0x44,0xc0,0x00,0xeb,0xca,0x00,0x1b,0x03,0x90,0x3c,0xcc,0xcc,
0x60,0x3a,0x0a,0x30,0x3a,0x10,0x1a,0x10,0x00,0xdb,0xbd,0x10,0x0d,0x77,0xd1,0x00,
0xc5,0x5d,0x00,0x2d,0xaa,0xd0,0x03,0xc7,0x7c,0x00,0x58,0x34,0xa0,0x4c,0xcc,0xcc,
0x60,0x5a,0x0a,0x40,0x38,0x00,0x19,0x10,0x00,0x0b,0x73,0x00,0x6d,0xee,0xd7,0x08,
0x4a,0xa5,0x70,0xac,0xde,0xd5,0x0b,0x46,0xb8,0x33,0xeb,0xbe,0xd6,0x13,0x82,0x82,
0x14,0xc4,0x07,0xb1,0x31,0x00,0x03,0x10,0x93,0x0f,0xf1,0x54,0x00,0x57,0x3b,0x10,
0x07,0xad,0xea,0xa0,0x05,0xbd,0xea,0x10,0x05,0x8a,0xda,0x70,0x06,0xa9,0xdb,0x60,
0x09,0xdc,0xec,0x00,0x03,0xf4,0xf3,0x00,0x3c,0xb4,0x9c,0x30,0x41,0xb4,0x71,0x30,
0x00,0x02,0xa0,0x00,0x6c,0xce,0xc6,0x0a,0x26,0x62,0xa0,0xb0,0x96,0x38,0x0c,0x0d,
0xc5,0x70,0xc8,0x69,0xa5,0x0c,0x80,0x19,0x32,0xa0,0x52,0xb1,0x38,0x03,0xda,0x00,
0x06,0xca,0xac,0x80,0x84,0xbb,0x29,0x09,0x4a,0xb4,0x80,0xa4,0x9b,0x57,0x4e,0xdd,
0xed,0xc0,0xb5,0x89,0x83,0x29,0x79,0x6a,0x27,0x59,0xc3,0xb0,0xa7,0xca,0x8b,0x33,
0x03,0xf0,0x01,0xdd,0xdd,0xc0,0xb4,0x00,0x0b,0x00,0xdc,0xca,0x00,0x1b,0x22,0x10,
0x04,0xec,0xca,0x87,0x01,0xf1,0x19,0x5c,0xcc,0x7d,0x00,0x02,0x61,0xb0,0x00,0x0b,
0xd4,0x00,0x04,0x30,0x38,0x00,0x66,0x26,0x81,0x04,0x8e,0xcc,0xd0,0x16,0xa8,0x4c,
0x04,0x88,0xa3,0xb0,0xa8,0xdf,0xc8,0x0d,0x00,0xc0,0x06,0x70,0x0c,0x00,0x21,0x0e,
0x07,0xf0,0x40,0x01,0x00,0xb0,0x75,0xb0,0x0a,0x2c,0xaa,0x70,0x67,0xd5,0xa2,0x00,
0xbe,0xbd,0x50,0x74,0xa7,0x60,0x0d,0x4d,0xdc,0x34,0x95,0x6a,0x20,0xb2,0x7c,0xeb,
0x42,0x08,0x30,0x00,0x07,0x00,0x0b,0x90,0x0b,0x5b,0xbe,0xc0,0x0b,0x84,0x2a,0x00,
0x00,0x97,0x7a,0x80,0x09,0xaa,0x9c,0x80,0x1a,0xa9,0xaf,0x20,0x58,0xad,0x9b,0x70,
0xa7,0x64,0xaa,0x90,0x4a,0x15,0x4a,0x60,0x00,0xad,0xd9,0x00,0x0c,0x03,0xa0,0x00,
0xc0,0x58,0x85,0x05,0xf0,0x2a,0x02,0xa0,0x84,0x00,0x66,0x09,0x30,0x0b,0x20,0xa2,
0x73,0xb0,0x0a,0x5a,0x82,0x00,0x5e,0x40,0x01,0x22,0xa0,0x30,0x67,0x49,0x2a,0x07,
0x55,0x74,0x90,0x9d,0xed,0xd7,0x00,0x09,0x30,0x01,0x70,0xa2,0x35,0x39,0x0c,0x06,
0x65,0x70,0xd0,0x85,0x6e,0xcf,0xce,0x30,0x00,0x03,0x90,0x00,0x6d,0xee,0xd9,0x38,
0x09,0xf2,0x25,0xcd,0xee,0xd9,0x00,0x0a,0x20,0x00,0x40,0xc1,0x30,0x0d,0x0d,0x0c,
0x10,0xd0,0xd0,0xd0,0x1f,0xdf,0xdd,0x00,0x00,0xac,0xcf,0x20,0x00,0x1c,0x60,0x06,
0x45,0x73,0x60,0xb9,0xa7,0x8c,0x0b,0x3f,0x92,0xb2,0xcc,0xba,0x49,0x3a,0x6b,0x2a,
0x75,0x67,0x60,0x65,0x7d,0xbb,0xbd,0x21,0x07,0xf1,0x33,0x58,0x67,0x00,0x00,0xc2,
0x1d,0x00,0x08,0x90,0x0a,0x50,0x1b,0xbc,0xc9,0xc0,0x00,0x1c,0x1c,0x00,0x00,0x58,
0x2a,0x00,0x00,0xc2,0x48,0x00,0x09,0x83,0x75,0x00,0x3a,0x0c,0xc1,0x00,0x00,0xc4,
0x88,0x50,0x0b,0x2b,0x6d,0x09,0xe5,0xb1,0xc0,0x69,0x0c,0x1b,0x05,0x61,0xb3,0x90,
0x7a,0x77,0x48,0x0a,0xac,0x26,0x61,0x76,0x97,0x84,0x00,0xb0,0xad,0xd4,0x06,0xf2,
0x13,0xfb,0x77,0xc0,0x00,0xc0,0x39,0xc0,0x05,0xed,0x67,0xc0,0x0c,0x4c,0x76,0xc0,
0x4a,0xcb,0x86,0xa0,0x00,0xb5,0xa6,0x80,0x05,0xd0,0x26,0x70,0x2e,0x30,0x67,0x50,
0x84,0x00,0xad,0xcc,0x03,0xf1,0x33,0x65,0x00,0xb0,0x00,0xdb,0x0b,0xc0,0x09,0x67,
0x79,0xc0,0x3e,0xbb,0x48,0xb0,0x09,0x2b,0x58,0xa0,0x0b,0x3b,0x68,0x80,0x0b,0x33,
0x57,0x70,0x0b,0x0a,0x47,0x50,0x07,0xc6,0x8d,0x10,0x01,0xb3,0x77,0x30,0xae,0x4d,
0x7b,0x00,0xc0,0xc2,0xa0,0x69,0x1c,0x48,0x2f,0xe3,0xa5,0x76,0xba,0x77,0x75,0x0b,
0x1b,0x29,0x40,0xc3,0xc6,0xb2,0x0c,0xb3,0xbc,0xb0,0x07,0xf1,0x0f,0xaa,0x90,0xa0,
0xaa,0x9a,0x9a,0x0a,0xa9,0x99,0x90,0xaa,0xa8,0xb8,0x5d,0xed,0xbb,0x63,0x9b,0xa8,
0xb5,0x58,0xb9,0x69,0x39,0x7d,0x88,0x82,0x9b,0xbc,0x5c,0xa3,0x03,0xf2,0xa8,0x8c,
0x20,0xc1,0x04,0xb4,0x38,0xd0,0x05,0xb7,0x67,0xd0,0x06,0xf6,0x77,0xc0,0x07,0xf7,
0x87,0xa0,0x1a,0xba,0xa6,0x80,0x73,0xb0,0x76,0x70,0x01,0x90,0x57,0x50,0x02,0x70,
0xac,0x10,0x07,0xcc,0x50,0x93,0x09,0x26,0x5a,0xa2,0x0a,0x9c,0x5a,0xc0,0x02,0xc3,
0x39,0xd0,0x1c,0xfc,0x67,0xc0,0x02,0x99,0x87,0xb0,0x07,0x5a,0x87,0xa0,0x1c,0x1b,
0x14,0x80,0x93,0xc9,0x7d,0x30,0x08,0xfc,0x84,0xa1,0x00,0xa5,0x29,0xc0,0x07,0x7c,
0x57,0xc0,0x0c,0x99,0x95,0xc0,0x00,0xb0,0x75,0xa0,0x1c,0xfa,0x95,0x90,0x00,0xb0,
0x14,0x70,0x05,0xed,0xa6,0x50,0x48,0x40,0x6d,0x10,0x04,0x77,0x01,0xb0,0x0a,0xdd,
0x6a,0xb0,0x07,0x86,0x38,0xb0,0x08,0xd9,0x77,0xb0,0x09,0xd9,0x67,0x90,0x1a,0xc8,
0xa7,0x70,0x28,0xca,0x56,0x60,0x36,0xd9,0x87,0x40,0x01,0xa0,0x5d,0x00,0x00,0xbb,
0xb9,0x0b,0x00,0x0c,0x67,0x9b,0xb0,0x00,0xc7,0x94,0xab,0x00,0x0c,0x9c,0x49,0xa0,
0x02,0xcb,0xc9,0x99,0x00,0x4b,0xab,0x99,0x70,0x07,0xaa,0xb5,0x85,0x00,0xb7,0xa8,
0x88,0x30,0x0a,0x09,0x05,0xd0,0xf5,0x03,0xf2,0x13,0x36,0x40,0xb0,0x01,0xcb,0x0a,
0xb0,0x08,0xab,0x49,0xb0,0x03,0x73,0x48,0xb0,0x0c,0xec,0x88,0x90,0x07,0xb6,0x68,
0x70,0x29,0xba,0x47,0x60,0xa3,0xb8,0x97,0x40,0x0b,0x71,0x6d,0xbc,0x03,0xf2,0x13,
0x82,0x0b,0x00,0x09,0xcb,0xcd,0xa0,0x05,0x85,0x33,0x50,0x0a,0x4c,0x96,0x60,0x0c,
0xac,0xb6,0x50,0x0b,0x4b,0xb8,0x30,0x0c,0x79,0xb9,0x20,0x19,0x48,0x2b,0x00,0x3a,
0xd3,0xba,0xe3,0x03,0xf0,0x33,0xd7,0x1a,0x2b,0xdc,0x99,0xa0,0x6b,0x72,0xaa,0x2d,
0xbb,0x7a,0x92,0xcb,0xa6,0xa7,0x29,0xe9,0x8a,0x60,0xad,0x72,0x84,0x96,0x9a,0x78,
0x23,0x38,0x05,0xc0,0x08,0xbb,0x78,0xb0,0x05,0xa9,0x1a,0xc0,0x09,0x2a,0x49,0xc0,
0x09,0xbc,0x47,0xb0,0x1b,0xba,0x77,0xa0,0x28,0xa9,0xa7,0x80,0x4c,0xde,0x25,0x70,
0x56,0x9b,0x37,0x50,0x7d,0xdc,0x6d,0x10,0x97,0x0c,0xf1,0x0b,0xcf,0x69,0x40,0x02,
0xa6,0xfd,0xb0,0x38,0x0c,0x1c,0x05,0x70,0xc2,0xa0,0x78,0x48,0x49,0x2c,0xbc,0x36,
0x73,0x45,0xb6,0x75,0x00,0xc1,0xa4,0x07,0xf0,0x11,0x01,0xa0,0x13,0x10,0xbe,0x98,
0xad,0x05,0x7c,0x92,0xc0,0x75,0xcb,0x1b,0x09,0x4a,0xc2,0xa0,0xb4,0x9c,0x38,0x0c,
0x57,0xc5,0x75,0xb7,0x7b,0x65,0x98,0xd5,0xee,0x30,0xd9,0x00,0xf0,0x10,0xa8,0x29,
0x00,0x12,0x2a,0xb5,0x00,0x00,0xa9,0xc1,0xdd,0xa8,0x4b,0x06,0x70,0xa3,0xa0,0xb8,
0x4c,0x39,0x1d,0xbb,0xa4,0x76,0xa3,0xc8,0x75,0x00,0x0a,0x5d,0x20,0x4b,0x02,0xf1,
0x0f,0xd9,0x2a,0x00,0xa3,0xac,0xd7,0x0b,0xb8,0x88,0xc0,0xb5,0x67,0x4b,0x0d,0xd5,
0xa3,0xa0,0xb8,0x3b,0x38,0x19,0xaa,0x84,0x76,0xfa,0xe7,0x65,0x10,0x48,0x7d,0x47,
0x02,0x00,0x88,0x0b,0xf2,0x2e,0x74,0x30,0x03,0xc8,0x8d,0x11,0xdd,0xb3,0xb1,0x08,
0x76,0x6c,0x00,0x67,0x84,0xc0,0x08,0xcb,0x3c,0x00,0x92,0x09,0x64,0x08,0x40,0x09,
0x40,0x2b,0xcc,0x70,0x00,0xa1,0x00,0x00,0x3e,0xcc,0xca,0x0c,0x84,0x71,0xc1,0xc5,
0xe8,0x6a,0x0a,0x4e,0x86,0x90,0xb7,0x5c,0x67,0x0d,0xdd,0xe6,0x50,0x00,0x14,0x84,
0x00,0x00,0xbc,0x66,0x01,0xf0,0x0f,0x69,0x30,0x00,0xc1,0xb1,0x10,0x6b,0x0c,0x79,
0x1e,0x90,0xea,0x03,0x99,0xcd,0x00,0x06,0x75,0xb0,0x00,0x75,0x39,0x18,0x09,0x33,
0x95,0x70,0xa2,0x0c,0xc1,0x23,0x00,0xf0,0x0c,0x07,0xee,0xde,0xc0,0x09,0x4b,0x57,
0x00,0x0a,0x2c,0x56,0x00,0x0c,0x1c,0x74,0x00,0x0d,0x39,0x84,0x30,0x0d,0x94,0x97,
0x60,0x0c,0x80,0x49,0xe0,0x0e,0xf1,0x15,0x00,0x4e,0xdd,0xdd,0x20,0x08,0xdd,0xdd,
0xc0,0x09,0x42,0x05,0x10,0x0b,0x4c,0x0c,0x00,0x0c,0x09,0xb8,0x00,0x0d,0x02,0xf1,
0x00,0x0d,0x0a,0xd4,0x00,0x1b,0x89,0x2b,0x00,0x3a,0x50,0x06,0x24,0x00,0xf2,0x0e,
0x03,0x7b,0x5c,0x00,0x4b,0x52,0xa0,0x00,0x93,0x48,0x01,0xae,0xbc,0xd8,0x03,0xd3,
0x97,0x20,0x2b,0x09,0x30,0x07,0x70,0xb2,0x01,0xd1,0x0c,0x00,0x65,0x13,0x0c,0xf3,
0x06,0x03,0x33,0x92,0x50,0x39,0x57,0x93,0x00,0x57,0x55,0x00,0xac,0xed,0xc7,0x00,
0x0a,0x20,0x05,0xcc,0xec,0xc8,0xfa,0x0e,0x00,0xee,0x05,0xf2,0x14,0x04,0x60,0xb0,
0x00,0x06,0x56,0xd7,0x20,0x0d,0xa4,0xd7,0x80,0x09,0x77,0x95,0xe0,0x0b,0x87,0x67,
0xd1,0x0c,0x99,0x29,0x93,0x0c,0x0b,0x0b,0x10,0x0b,0x66,0x2b,0x00,0x29,0xa0,0xb8,
0x14,0x02,0xf1,0x06,0x44,0x08,0x00,0x2b,0xdb,0xd3,0x05,0x86,0x85,0x80,0x7c,0xdc,
0xd6,0x08,0x9b,0x9b,0x50,0x35,0xb6,0x51,0x4c,0x74,0x0e,0x01,0x36,0x06,0x00,0x28,
0x04,0xf0,0x09,0x00,0xcc,0xc5,0x00,0x0d,0x00,0x01,0xaa,0xfa,0xa8,0x02,0x3c,0x22,
0x10,0x02,0xac,0x20,0x00,0x39,0x3d,0x00,0x05,0x70,0x62,0x74,0x0e,0xf1,0x08,0x05,
0xaa,0xaa,0x50,0x12,0xc3,0x59,0x00,0x0d,0x04,0x80,0x00,0xd0,0x66,0x00,0x0c,0x48,
0x40,0x01,0xb8,0xc0,0x00,0x39,0xfe,0x0e,0x92,0x5d,0xee,0xdd,0x20,0x03,0xec,0xcc,
0xb0,0x48,0x98,0x06,0x02,0xad,0x0d,0x03,0xec,0x0f,0x50,0x0a,0x50,0x00,0x00,0x30,
0x33,0x01,0xf1,0x15,0xdc,0xcc,0xc1,0x09,0x30,0x70,0x00,0x0a,0x20,0xc0,0x00,0x0c,
0x6b,0xeb,0x50,0x0d,0x13,0xc2,0x10,0x0c,0x02,0xa9,0x00,0x3a,0x04,0x88,0x30,0x66,
0x05,0x71,0x00,0xb7,0xde,0xed,0x60,0x20,0x28,0x00,0xf2,0x12,0xec,0xc1,0x08,0x40,
0xc0,0x00,0x0a,0x5e,0xbd,0x50,0x0b,0x5c,0x8b,0x50,0x0d,0x5c,0xac,0x40,0x0c,0x34,
0xb5,0x00,0x3a,0x94,0x9b,0x00,0x69,0xb4,0x78,0x30,0xa3,0x4d,0x34,0xd7,0x07,0xf0,
0x70,0x2a,0x24,0x00,0x2d,0x98,0xe0,0x01,0x5d,0x45,0x20,0xae,0xde,0xc8,0x04,0xb5,
0x6a,0x02,0xa7,0x89,0x66,0x03,0x9b,0x57,0x00,0x25,0x9b,0x10,0x0a,0x83,0x00,0x00,
0x08,0xdd,0xde,0x40,0x43,0x80,0xb1,0x03,0x89,0x3b,0x00,0x0c,0x18,0x50,0x00,0x78,
0xb0,0x00,0x02,0xf4,0x00,0x02,0xd7,0xc1,0x04,0xd3,0x04,0xd3,0x20,0x00,0x01,0x10,
0x07,0xed,0xde,0x00,0x09,0x33,0xb0,0x00,0xb2,0xa4,0x00,0x0d,0x5d,0xd6,0x01,0xf9,
0x0a,0x20,0x68,0xd4,0xb0,0x0c,0x25,0xf1,0x04,0xb2,0xca,0x90,0x92,0xb3,0x08,0x50,
0x00,0xab,0xba,0xbd,0x00,0x92,0xa9,0x2b,0x00,0xa6,0x7b,0x57,0x00,0x7d,0x3c,0xa2,
0x00,0x3e,0x09,0xc0,0x00,0x6e,0x09,0x80,0x02,0xc8,0x8b,0xc0,0x0b,0x21,0xc1,0x67,
0xee,0x05,0x00,0x87,0x00,0x81,0x1a,0xbd,0xd6,0x04,0xa2,0x00,0x00,0x57,0x15,0x02,
0xf0,0x42,0x30,0xa6,0x90,0xc0,0x0d,0x1c,0x77,0x01,0xc0,0x8d,0x00,0x77,0x6c,0xb6,
0x09,0x58,0x00,0x93,0x01,0x36,0x49,0x10,0x75,0xb2,0x45,0x0b,0xdf,0xdd,0xa0,0x05,
0xb2,0x10,0x00,0xbc,0xad,0x00,0x2d,0xa4,0x80,0x0b,0x49,0xd0,0x07,0x93,0xcc,0x50,
0x52,0xa1,0x0a,0x10,0x0a,0xef,0x9b,0x80,0x76,0xa6,0x2c,0x08,0xd8,0xb2,0x90,0xa6,
0x7a,0x75,0x0b,0xd5,0x8d,0x10,0xc7,0x55,0xb0,0x1d,0xd8,0x9b,0x04,0x7c,0x3b,0xb1,
0x00,0xb8,0x25,0x42,0x0a,0x00,0x62,0x01,0xf0,0x66,0x0a,0xdf,0xfd,0xc0,0x06,0x5a,
0xc5,0x40,0x0c,0x58,0xd4,0x80,0x07,0xdd,0xf5,0x10,0x01,0x80,0xb4,0x00,0x00,0xbb,
0x80,0x00,0x38,0xda,0xc7,0x10,0x44,0x00,0x15,0x20,0x02,0xdb,0xbf,0x20,0x2c,0xec,
0xc3,0x0a,0xa7,0x89,0x81,0xcc,0x7c,0xc7,0x2b,0x9b,0xb9,0x72,0x9a,0xaa,0x66,0x05,
0xb8,0x99,0x00,0x69,0x7a,0x70,0x6d,0xca,0xcd,0x40,0x04,0xed,0xde,0x70,0x67,0x00,
0x58,0x07,0x60,0x07,0x70,0x94,0x00,0x85,0x0a,0x30,0x0a,0x30,0xc1,0x00,0xb2,0x0d,
0x00,0x0d,0x00,0xe0,0x00,0xd0,0x1f,0xdd,0xdd,0x00,0x00,0xec,0xcd,0x40,0x2a,0x00,
0x75,0x04,0xc9,0x9c,0x30,0x13,0xd3,0x30,0x0a,0xbe,0xba,0x20,0x18,0x71,0x86,0x84,
0x10,0x61,0xa6,0x44,0xb1,0x68,0x02,0xda,0x71,0x01,0xf2,0x4a,0xfc,0xcd,0x20,0x1b,
0x00,0xa3,0x03,0x90,0x0b,0x10,0x58,0x00,0xd0,0x05,0xcc,0xcb,0x00,0x07,0x05,0x20,
0x06,0x80,0x58,0x01,0xd1,0x00,0xd0,0x54,0x00,0x06,0x20,0x89,0x99,0x99,0x03,0x44,
0x4a,0x70,0x5a,0xa2,0xa3,0x09,0x48,0x5b,0x10,0xb1,0x93,0xd0,0x0c,0xce,0x2d,0x00,
0x70,0x00,0xd0,0x00,0x16,0x3b,0x00,0x00,0xbe,0x30,0x00,0x00,0xb0,0x00,0x06,0x81,
0xa0,0x1c,0x12,0xc2,0xab,0xa9,0xa7,0x00,0x00,0x00,0x7d,0xcc,0xc0,0x84,0x00,0xc0,
0xa2,0x02,0xa0,0xcd,0xcd,0x45,0x12,0x60,0xa2,0x00,0x08,0xdf,0xdd,0xb0,0xf8,0x11,
0xf0,0x1f,0x94,0x00,0x00,0x1f,0xdd,0xc1,0x0b,0xf1,0x0b,0x27,0x9d,0x00,0xd1,0x30,
0xe0,0x0e,0x00,0x0f,0xcc,0xd0,0x07,0xa2,0x0c,0x00,0xb7,0x50,0xc0,0x0b,0x83,0x2a,
0x00,0xba,0x9d,0xea,0x0a,0xb0,0x57,0x02,0x9c,0x07,0x50,0x4e,0xc0,0x84,0x05,0x60,
0xb8,0x02,0x10,0xb1,0xc1,0x00,0xf1,0x01,0x30,0x0c,0x00,0x83,0x01,0xec,0xce,0x20,
0x55,0x55,0x54,0x06,0xe6,0x66,0x40,0x3e,0x0f,0x12,0x72,0x00,0x03,0x62,0xb0,0x00,
0x1c,0xd4,0x03,0x03,0x00,0x4a,0x10,0xf5,0x2f,0x3d,0xc0,0x00,0x03,0xd2,0x5b,0x00,
0x4d,0xcb,0xbb,0xb0,0x11,0x11,0x10,0x30,0x08,0xdc,0xca,0x00,0x0a,0x20,0x0c,0x00,
0x0b,0x10,0x2b,0x00,0x0d,0xdd,0xd9,0x00,0x08,0xed,0xdd,0xb0,0xa5,0x55,0x3c,0x0b,
0x68,0x87,0xa0,0xd5,0xba,0x49,0x0d,0x84,0xb7,0x70,0xd9,0x2c,0x75,0x1b,0x9b,0xa8,
0x43,0xa0,0x13,0xa2,0x48,0x01,0xec,0xac,0x10,0xf2,0x2e,0xa2,0x00,0x00,0x9d,0xbc,
0x40,0xad,0x61,0xd1,0x01,0x0b,0xd4,0x00,0x29,0xe5,0x10,0x2a,0xea,0xad,0x10,0x0c,
0x00,0xb1,0x02,0xa0,0x0c,0x00,0x3e,0xcc,0xd0,0x00,0x13,0x69,0x50,0x3e,0x97,0x30,
0x04,0x91,0x11,0x00,0x6d,0xcc,0xc8,0x08,0x52,0x21,0x00,0xb8,0xdb,0xe2,0x0d,0x75,
0x0b,0x25,0x99,0x30,0xc0,0xb2,0xad,0xde,0xce,0x0e,0xf3,0x4e,0x30,0x00,0x7b,0xfb,
0xb7,0x0b,0x21,0x12,0xb0,0xc4,0xdd,0x3a,0x0c,0x65,0xb4,0x80,0xc8,0x3b,0x66,0x1b,
0x6b,0x97,0x53,0x90,0x02,0x93,0x47,0x00,0xcb,0x00,0x06,0x94,0xcd,0x60,0xba,0x22,
0x66,0x0b,0xa4,0x78,0x40,0xab,0x74,0xa1,0x19,0xb7,0xcc,0x92,0x8a,0x89,0x79,0x4d,
0x91,0x15,0x75,0x60,0x66,0x75,0x10,0x01,0xcc,0x00,0x08,0xde,0xed,0xc0,0x01,0xd6,
0x20,0x03,0xcc,0x5c,0x20,0xa2,0xa2,0x38,0x00,0x04,0x00,0x00,0x7b,0xbb,0xa0,0x0a,
0x20,0x0d,0x00,0xc1,0x00,0xd0,0x0d,0xcc,0xcc,0xe4,0x0e,0xf0,0x09,0x70,0x00,0x03,
0xb8,0xa9,0x20,0x2a,0x27,0x44,0xa0,0x02,0xbb,0xb8,0x00,0x00,0x03,0xb5,0x00,0x07,
0xbf,0xc7,0x00,0x0c,0x00,0xfb,0x01,0x60,0x0c,0x00,0x0e,0xbb,0xbb,0x00,0x38,0x09,
0xf1,0x0c,0x4e,0xcc,0xd8,0x06,0x60,0x04,0x90,0x8d,0xcc,0xc6,0x09,0x20,0x00,0x00,
0xc8,0xdc,0xd3,0x0c,0x93,0x08,0x45,0x8a,0x10,0x92,0xb1,0xcc,0xce,0x58,0x05,0xf1,
0x4f,0x91,0xb0,0x00,0x4f,0xde,0xca,0x0a,0x15,0x80,0x00,0x9a,0xcc,0xa7,0x02,0x22,
0x22,0x10,0x8c,0xcc,0xc0,0x0b,0x20,0x0d,0x00,0xc0,0x00,0xd0,0x0e,0xcc,0xcc,0x00,
0x02,0xec,0xcc,0xc0,0x47,0x14,0x0c,0x05,0x7b,0xd5,0xc0,0x84,0x57,0x2a,0x0a,0x69,
0x99,0x80,0xc6,0x9b,0x77,0x1b,0x7a,0xc8,0x57,0x50,0x13,0x93,0xa0,0x01,0xdc,0x00,
0x00,0x04,0x70,0x00,0x00,0x3d,0xc2,0x00,0x09,0xe7,0x8e,0x80,0x04,0x25,0x52,0x50,
0x0b,0xc7,0xed,0x40,0x0b,0x68,0x87,0x40,0x0d,0xa8,0x99,0x20,0x19,0x47,0x9a,0x0b,
0x01,0x01,0x9f,0x01,0xf0,0x12,0xca,0x68,0x60,0x01,0xc0,0xc4,0xd0,0x0c,0xf9,0xc0,
0xc0,0x06,0xc0,0xc1,0xb0,0x0b,0xf7,0xa2,0x90,0x3a,0x95,0x94,0x80,0x85,0x75,0x75,
0x60,0x05,0x66,0xdd,0x40,0x07,0x40,0xa0,0x0d,0xf0,0xb8,0x53,0x00,0xbc,0x7d,0xa6,
0x0a,0xab,0x33,0xc0,0xaa,0xbc,0x9b,0x0a,0xaa,0xa9,0xa2,0xaa,0xab,0x98,0x4e,0xa8,
0x55,0x75,0x56,0x56,0x55,0x00,0x73,0x9c,0x10,0x06,0xcc,0x9b,0xa0,0x75,0xba,0x4a,
0x04,0x89,0x7a,0x40,0x99,0xd9,0xd6,0x02,0xc6,0xc5,0x13,0xd7,0x02,0xd5,0x1d,0xc7,
0xdd,0x40,0xb5,0x97,0xa1,0x1e,0xd9,0xde,0x00,0x08,0x83,0xcb,0x70,0xbc,0x56,0x47,
0x0b,0xa5,0x9a,0x40,0xaa,0xba,0xb9,0x29,0xab,0x8b,0x63,0x99,0x6c,0x63,0x5e,0x7b,
0xdb,0x24,0x24,0x9b,0xa1,0x00,0x81,0xa3,0x40,0x0a,0xdd,0xdd,0xc0,0xb1,0x00,0x0d,
0x0d,0x6b,0xb3,0xc0,0xd9,0x36,0x8a,0x0c,0xb1,0x87,0x92,0xbc,0x0a,0x77,0x39,0xab,
0xb7,0x55,0x80,0x00,0x84,0x6e,0xdd,0xde,0x20,0x0b,0xdd,0xdd,0xd0,0x0c,0x01,0x20,
0xd0,0x0d,0x06,0x50,0xd0,0x0d,0xae,0xd9,0xc0,0x1b,0x0d,0x52,0xa0,0x3a,0x3a,0xb4,
0x90,0x49,0xc2,0xa8,0x70,0x67,0x40,0x28,0x50,0x7e,0xdd,0xde,0x40,0x0a,0xcc,0xcc,
0xd0,0x0c,0x03,0x30,0xc0,0x0c,0x8d,0xc8,0xc0,0x0c,0x6c,0xa4,0xb0,0x1c,0xad,0xa5,
0x90,0x2a,0x0b,0x59,0x80,0x48,0x0c,0xc7,0x60,0x56,0x04,0x07,0x50,0x7d,0xcc,0xce,
0x30,0x0a,0x48,0x00,0xf0,0x0b,0x02,0x30,0xd0,0x0c,0x5a,0xa4,0xc0,0x0c,0x2a,0x53,
0xb0,0x1b,0x6e,0xa3,0x90,0x2a,0xa0,0xb4,0x80,0x48,0xcb,0xc6,0x60,0x57,0x00,0x07,
0x48,0x00,0x02,0x24,0x00,0xf5,0x07,0x00,0x00,0xd0,0x0c,0x6d,0xd6,0xc0,0x0c,0x09,
0x31,0xb0,0x1b,0x6e,0xb4,0x90,0x2a,0x0c,0x96,0x80,0x4a,0xbe,0xb9,0x24,0x00,0x10,
0x0b,0x6c,0x00,0xf3,0x31,0x0a,0x00,0xc0,0x0c,0x7d,0xd5,0xc0,0x0c,0x7b,0xb1,0xb0,
0x1b,0x9a,0xa6,0xa0,0x39,0x29,0x56,0x80,0x57,0x89,0x35,0x70,0x66,0x04,0x87,0x50,
0x8d,0xcc,0xce,0x30,0x0c,0xbb,0xbb,0xd0,0x0c,0x39,0x93,0xc0,0x0c,0x7a,0xa5,0xc0,
0x1b,0x8a,0xa3,0xc0,0x29,0xb1,0x68,0xa0,0x48,0xba,0x78,0x80,0x67,0x7b,0x95,0x70,
0x77,0x60,0x78,0x50,0x9c,0xf5,0x09,0x00,0x03,0x06,0x10,0x08,0xe7,0x0c,0xf0,0x3a,
0x95,0x43,0x00,0x04,0xd0,0x84,0x00,0x2e,0xba,0xeb,0x40,0x06,0x91,0xc2,0x00,0x05,
0x70,0xd0,0x00,0x07,0xab,0xfb,0x50,0x08,0x41,0x11,0x00,0x04,0x70,0x28,0x00,0x65,
0x96,0x71,0x1e,0xba,0xae,0xc0,0x97,0xeb,0x4b,0x0b,0x0c,0x84,0xa0,0xb1,0xba,0xa6,
0x3f,0x8a,0x62,0x54,0x21,0xb0,0x86,0x00,0x0a,0xca,0x00,0x02,0x70,0x0c,0x00,0x47,
0x42,0xb0,0x1c,0xca,0x49,0x00,0x96,0xb4,0xe7,0x20,0x07,0xd1,0xb0,0xc7,0x40,0x1d,
0xab,0x92,0x06,0x6b,0xde,0xa3,0x00,0x22,0x22,0x67,0x00,0xf2,0x6a,0x39,0x0b,0x00,
0x04,0x72,0xfb,0x80,0xdd,0xa4,0x0c,0x08,0x58,0xa0,0xc0,0x93,0x06,0x3a,0x0b,0x10,
0xaa,0x90,0xda,0xb5,0x47,0x57,0x00,0x47,0x50,0x00,0x0a,0xc1,0x02,0x90,0x93,0x00,
0x47,0x8e,0xb4,0x0d,0xd0,0xc4,0x80,0x74,0x0c,0x56,0x09,0x8c,0xfd,0xb0,0xb3,0x6e,
0x30,0x3d,0x6d,0x58,0x02,0x19,0x70,0xc2,0x01,0x80,0x02,0x40,0x01,0xb3,0xaa,0x70,
0x29,0x66,0x1c,0x09,0xc9,0x31,0xb0,0x99,0xab,0xb9,0x07,0x5b,0x04,0x70,0x93,0xc0,
0x56,0x0a,0x8a,0xcc,0x35,0xc4,0x00,0x00,0x10,0xad,0xdd,0x60,0x05,0xee,0x7b,0xc0,
0x00,0xab,0x29,0xc0,0x09,0xee,0x97,0xc0,0x06,0x6b,0x12,0xb0,0x0c,0x1b,0x7c,0x70,
0x01,0x08,0x03,0x00,0x0a,0xcf,0x20,0x0d,0xf1,0x39,0x5c,0xcf,0xcc,0x20,0x02,0xb7,
0x4d,0x40,0x4d,0x76,0xd5,0x00,0xca,0xac,0x00,0x0d,0x9a,0xa0,0x1b,0xfb,0xce,0x60,
0x49,0x53,0xa0,0x2c,0xce,0xbb,0x50,0x00,0xc0,0x00,0x2b,0xbf,0xbb,0x00,0x03,0x84,
0x8a,0x50,0x05,0x65,0xba,0x50,0x0d,0xba,0x8a,0x60,0x09,0x2b,0x9c,0x40,0x0a,0x1c,
0x9c,0x30,0x0c,0x0d,0x9d,0x10,0x3e,0xbe,0xbe,0x50,0x21,0x19,0x37,0x00,0x00,0x52,
0x06,0x10,0xcb,0x00,0xf1,0x2c,0x18,0x73,0x04,0x7c,0xcc,0xc0,0xba,0xcb,0xab,0x0a,
0x7a,0xb7,0xa0,0x93,0xbb,0xb7,0x0b,0x1c,0x9b,0x22,0xe7,0xea,0xd3,0x22,0x28,0x0a,
0x10,0x04,0xdb,0xe0,0x01,0x22,0xc2,0x20,0x6a,0xad,0xa9,0x02,0x9a,0xb9,0x40,0x3c,
0xcc,0xb2,0x06,0x48,0x37,0x50,0x9c,0xec,0xe3,0x0b,0x00,0x00,0x03,0x80,0x00,0x00,
0x21,0xa1,0x03,0xf0,0x2f,0x00,0x00,0x0b,0xcb,0xe2,0x09,0x9b,0x88,0x00,0x27,0xdd,
0x61,0x0b,0xa5,0x5a,0x70,0x88,0xc6,0xd0,0x09,0xbe,0xad,0x00,0xb0,0xb0,0xc0,0x0c,
0xbe,0xba,0x00,0x00,0x72,0x11,0x00,0x4d,0xbb,0xba,0x0b,0xca,0xab,0x00,0x2d,0xaa,
0xe0,0x03,0xda,0xab,0x00,0x1e,0xcb,0x70,0x1c,0xc5,0xb4,0x01,0x5b,0xdc,0x51,0x36,
0x20,0x26,0x10,0x83,0x10,0xf0,0x0a,0x3f,0xc7,0x60,0x07,0x4b,0x9a,0x10,0xd2,0xc9,
0x96,0x49,0xd9,0xa4,0x90,0x0b,0x3c,0x0c,0x03,0xb0,0xc0,0x21,0xd2,0x0c,0x00,0x64,
0xd9,0x07,0xf0,0x0e,0x06,0x40,0x00,0x07,0xba,0xd6,0x05,0x7b,0x89,0x00,0x16,0xcd,
0x00,0x09,0x6b,0xdb,0x80,0x5d,0x80,0x95,0x02,0x0b,0xc7,0x00,0x39,0xc3,0x00,0x28,
0x30,0x20,0x0e,0x11,0x80,0x16,0x05,0xf0,0x2a,0x0b,0xbd,0xcb,0xa0,0x02,0x2c,0x72,
0x10,0x00,0x1e,0x80,0x00,0x00,0x86,0xd0,0x00,0x04,0xc0,0x87,0x00,0x5d,0x10,0x0c,
0x40,0x21,0x00,0x01,0x10,0x03,0xbb,0xbb,0x60,0x02,0x69,0x21,0x00,0x06,0x60,0x00,
0xbb,0xdc,0xb8,0x01,0x1d,0x71,0x00,0x03,0xbc,0x00,0x01,0xc2,0x97,0x03,0xd4,0x00,
0xd5,0x32,0xfe,0x14,0x00,0x44,0x00,0xf1,0x2b,0x66,0x00,0x09,0xde,0xed,0xa0,0x00,
0xc7,0x00,0x00,0x0e,0xa0,0x00,0x06,0x8c,0x00,0x01,0xe4,0x76,0x01,0xc7,0xa1,0xd1,
0x55,0x00,0x05,0x20,0x00,0x83,0xa0,0x00,0x4e,0xcd,0xb5,0x0c,0x37,0x72,0x00,0x10,
0x75,0x00,0x1c,0xce,0xdc,0x90,0x02,0xd9,0x00,0x00,0xb3,0xb2,0x01,0xb7,0x02,0xc1,
0x55,0x00,0x04,0xb9,0x0d,0xf0,0x0d,0x7d,0xde,0xd9,0x02,0x46,0x74,0x10,0x18,0x85,
0xa0,0x1b,0xbe,0xcb,0x70,0x14,0xea,0x11,0x01,0xc2,0xc3,0x03,0xc4,0x02,0xd2,0x32,
0x00,0x03,0x10,0xf5,0x14,0xf0,0x10,0x47,0x1c,0xcc,0x1d,0xd2,0x06,0x70,0x9a,0x40,
0xd0,0x0b,0x92,0x3b,0x10,0xbc,0x7c,0xd9,0x1d,0x90,0x57,0x00,0x9a,0x06,0x60,0x2b,
0x64,0x83,0x08,0x20,0x9d,0x00,0xa7,0x0e,0xf2,0x1c,0x47,0x04,0x70,0x0d,0xc2,0x95,
0x40,0xa9,0x5b,0x1a,0x0b,0x9a,0xec,0xc0,0xbc,0x10,0x03,0x1d,0xa8,0xcd,0x50,0x99,
0xa1,0x75,0x2c,0xbc,0x08,0x38,0x20,0xdc,0xe1,0x02,0xcc,0xcf,0x40,0x00,0x05,0xc0,
0x00,0x03,0xd1,0x00,0x00,0x86,0x00,0x03,0x9a,0x18,0xf3,0x18,0x52,0xd0,0x00,0x04,
0xe9,0x00,0x00,0x01,0x25,0xa2,0x10,0x0d,0x99,0x99,0xe0,0x0a,0x8a,0xa5,0xa0,0x00,
0x22,0xc6,0x00,0x00,0x06,0x90,0x00,0x3c,0xce,0xdc,0x70,0x00,0x09,0x30,0x00,0x03,
0x3b,0x10,0x00,0x04,0x07,0x00,0x76,0x09,0xf0,0x2b,0x07,0xde,0xdd,0xb0,0x0a,0x41,
0x00,0x03,0xc6,0xbe,0x51,0xea,0x03,0xa0,0x28,0xad,0xed,0x80,0x67,0x08,0x30,0x07,
0x53,0xa2,0x00,0x94,0xcb,0x00,0x01,0x78,0x25,0x50,0x4d,0x99,0xd3,0x0c,0x66,0x66,
0xc0,0x47,0xbd,0x64,0x00,0x03,0xb0,0x02,0xcc,0xdd,0xc7,0x00,0x09,0x40,0x00,0x12,
0xa2,0x00,0x01,0xcb,0x31,0x02,0xf0,0x0a,0x00,0xad,0xdd,0xdc,0xa0,0x00,0x0b,0x0a,
0x00,0x20,0x0c,0x1a,0x90,0x2e,0xd5,0x00,0x4a,0x00,0x41,0x3a,0x01,0xd0,0x0b,0xdc,
0x40,0xb7,0x0d,0xf0,0x11,0x0c,0xcc,0xcc,0xd0,0x0a,0x08,0x10,0xa0,0x2c,0xcf,0xcc,
0xc0,0x00,0xc3,0x59,0x00,0x04,0xe4,0xd2,0x00,0x00,0x5f,0xc1,0x00,0x3a,0xd3,0x6d,
0x30,0x23,0x00,0x02,0x10,0x85,0x01,0xf2,0x0a,0xdc,0xcc,0xcb,0x0a,0x34,0x43,0x90,
0x06,0x66,0x40,0x1c,0xcc,0xcc,0x50,0x0b,0x3c,0x00,0x01,0xd2,0xa0,0x10,0xb5,0x2a,
0x39,0xa7,0x61,0x10,0x00,0x4f,0x01,0xf3,0x0d,0xac,0xcd,0xcb,0x0c,0x00,0x00,0xc0,
0x4c,0xde,0xc3,0x02,0x66,0x50,0x00,0x57,0x8d,0xb0,0x09,0x8a,0x20,0x01,0xcc,0xd0,
0x11,0x74,0x2c,0xcc,0x30,0x51,0x08,0xf0,0x0d,0xbc,0xcc,0xcb,0x07,0x74,0xb0,0x70,
0x38,0x4b,0x00,0x00,0x54,0x90,0x02,0xcc,0xfc,0xc6,0x00,0x4d,0x90,0x01,0x8b,0x06,
0xb1,0x45,0x00,0x05,0x20,0x8a,0x00,0xf0,0x2b,0xac,0xcc,0xcc,0x05,0x73,0x55,0x60,
0x98,0x94,0x84,0x02,0xa6,0xa4,0x03,0xdd,0xbc,0xe8,0x06,0x70,0x3a,0x00,0x75,0x04,
0x80,0x09,0xdc,0xd7,0x00,0x00,0x14,0x91,0x00,0xab,0xcb,0xcd,0x06,0x9b,0xab,0x70,
0x15,0x45,0x41,0x04,0xdb,0xbb,0x00,0x65,0xa0,0xb0,0x07,0x5e,0x4a,0x00,0x3c,0x96,
0x43,0x5a,0x22,0x0b,0x11,0xf1,0x03,0xd0,0x02,0x33,0x3d,0x30,0x9a,0xaa,0xea,0x01,
0x20,0x2b,0x00,0x2c,0x04,0x90,0x00,0x94,0x57,0x67,0x02,0xf3,0x5b,0x70,0xa3,0x00,
0x05,0xdb,0x00,0x00,0x06,0x72,0x03,0x90,0x02,0x89,0xcd,0xd0,0x09,0x84,0x17,0x60,
0x08,0xe5,0x58,0x40,0x03,0xc2,0xaa,0x20,0x06,0xc0,0x7b,0x10,0x0c,0xb1,0x0c,0x00,
0x78,0x36,0x1c,0x00,0x50,0x04,0xe7,0x00,0x06,0xdc,0xcd,0x00,0x84,0x00,0xc0,0x09,
0xcc,0xcb,0x00,0x5b,0x78,0xa8,0x00,0x13,0x74,0x03,0xdd,0xce,0xd7,0x01,0xb0,0xa2,
0x00,0x05,0x0c,0x00,0x00,0x6d,0x80,0x00,0x00,0xa1,0x01,0xb0,0x9a,0xb2,0x5a,0x0b,
0xbb,0x8b,0xb0,0xc5,0x95,0x66,0x0c,0x97,0xb7,0x44,0xde,0x6b,0x92,0x07,0xc4,0x0b,
0x16,0xb9,0x33,0xc0,0x48,0xc0,0xca,0xac,0x01,0xf1,0x12,0xa4,0x00,0x08,0xc7,0xd9,
0xc0,0x0b,0xb3,0xba,0x30,0x02,0xab,0x97,0x20,0x08,0xb9,0x9d,0x70,0x5d,0x76,0x2c,
0x10,0x37,0x57,0x5c,0x00,0x09,0x33,0x0b,0x00,0x0a,0x24,0xc7,0x28,0x00,0x00,0xdf,
0x11,0xf0,0x0a,0x03,0x49,0x10,0x04,0x86,0x7a,0x20,0x94,0x76,0x93,0x0d,0x08,0x58,
0x54,0x90,0xa3,0x67,0x32,0x0b,0x23,0x60,0x42,0xd0,0x00,0x03,0xf8,0x01,0xf0,0x03,
0xed,0xde,0x50,0x0c,0x00,0x67,0x02,0xa0,0x08,0x50,0x4e,0xee,0xd3,0x06,0x61,0xb0,
0x00,0xa2,0x40,0x07,0xf0,0x39,0x95,0x07,0x80,0x02,0xd1,0x60,0x00,0x05,0x20,0x07,
0xdc,0xcc,0x90,0x97,0x44,0x5a,0x0a,0x99,0x99,0x50,0xc7,0xbd,0xb1,0x0c,0x27,0xb8,
0x00,0xc5,0xa9,0x40,0x3b,0xad,0xdc,0x68,0x52,0x75,0x34,0xa0,0x02,0xcc,0x20,0x02,
0xec,0xcc,0xa0,0x4a,0x44,0x5c,0x05,0xb9,0x99,0x60,0x7d,0xbb,0xb7,0x09,0x65,0x53,
0xc0,0xb9,0x9c,0x4a,0x0d,0x9b,0xd5,0x94,0x96,0x03,0x67,0x84,0x00,0xbd,0x17,0x12,
0x00,0x3e,0x0b,0xf1,0x0c,0x57,0x00,0x0c,0x06,0xdc,0xcc,0x90,0x84,0xa0,0x90,0x0a,
0x8e,0xce,0x70,0xc0,0xc1,0xa0,0x0c,0xbe,0xce,0x74,0x86,0x64,0x70,0x83,0xb0,0x65,
0xcb,0x11,0xf2,0x0f,0xec,0xcc,0xb0,0x66,0x00,0x0c,0x08,0xde,0xde,0x90,0xa9,0xe8,
0xc2,0x0c,0x4d,0x78,0x10,0xec,0xcd,0xb6,0x2b,0x93,0xc9,0x37,0x7c,0xa8,0xb1,0x84,
0x82,0x05,0x6c,0x14,0xf0,0x10,0x90,0xa4,0x00,0x05,0x96,0xdc,0x80,0x0c,0xc8,0xbd,
0x00,0x2c,0xcb,0x87,0xa0,0x3c,0xb7,0xcc,0x60,0x5c,0x94,0xa9,0x20,0x7c,0xa4,0xb7,
0x20,0x56,0x5a,0xea,0x50,0x85,0x09,0x71,0x04,0xde,0xed,0x90,0x00,0x76,0x00,0x9d,
0x1b,0x12,0xa4,0x9d,0x1b,0x12,0xd1,0xe7,0x1a,0x63,0xe0,0x00,0x4d,0xdf,0xdd,0x20,
0xdf,0x08,0x00,0xf0,0x12,0x00,0x8d,0x09,0xf1,0x05,0x95,0x00,0x00,0x1e,0xde,0xd1,
0x0a,0x55,0x80,0x05,0xb0,0x67,0x00,0x51,0x07,0x60,0x00,0xbc,0xed,0xc5,0x44,0x02,
0xf1,0x1c,0x60,0x90,0x05,0xce,0xdc,0xa0,0x28,0xc9,0x83,0x01,0x4c,0x33,0x10,0xbe,
0xdc,0xc8,0x01,0xe2,0x22,0x00,0xba,0xcc,0xa0,0x87,0x06,0x50,0x01,0x9c,0xed,0xc3,
0x6d,0xdd,0xd5,0x01,0x00,0x66,0x58,0x00,0x84,0x6e,0xcc,0xe3,0x85,0x06,0x1c,0xf1,
0x1a,0xb2,0x00,0x58,0x96,0x01,0xd2,0x2c,0xdc,0x40,0x00,0x0b,0x00,0x00,0x07,0xdd,
0xcc,0xb0,0x00,0xc4,0x70,0x00,0x07,0xfc,0xeb,0x40,0x4c,0x95,0x73,0x80,0x04,0x76,
0x65,0x60,0x05,0x68,0x78,0x40,0x04,0x39,0x69,0x00,0xd8,0x1a,0xf0,0x0c,0xa5,0x19,
0x30,0x04,0xef,0xa0,0x07,0x98,0x06,0x60,0xbb,0xfb,0xb9,0x01,0xc4,0x50,0x02,0xde,
0xdd,0xc3,0x45,0x96,0x68,0x30,0x36,0x7a,0xc0,0x2f,0x08,0xf1,0x0c,0x0c,0x29,0x83,
0x0a,0xfc,0xde,0xc3,0x39,0x67,0x92,0x0c,0x58,0x75,0xc0,0x79,0xcb,0x95,0x06,0x6b,
0x3a,0x30,0x83,0xb1,0xa1,0x07,0x1c,0x89,0x19,0x0d,0xf3,0x13,0x00,0xb0,0x0c,0x40,
0x07,0xe3,0x0c,0x60,0x0a,0xca,0xce,0x80,0x0b,0xbb,0x73,0xb0,0x1b,0xbb,0x87,0xa0,
0x3b,0xcb,0x97,0x80,0x5b,0xd6,0xb8,0x40,0x19,0x38,0x9b,0x00,0x0a,0x06,0x31,0x01,
0xf1,0x0c,0xa5,0x88,0x20,0xcd,0xcc,0xda,0x09,0x9a,0xa6,0x90,0x0c,0x22,0xc0,0x00,
0x9d,0x96,0x00,0xab,0xeb,0xb1,0x0c,0x0d,0x09,0x20,0xb0,0xd8,0xb0,0x16,0x0d,0xf4,
0x70,0xb2,0xec,0xd0,0x09,0xe8,0xa9,0xb0,0x0a,0xbc,0x85,0xb0,0x0b,0xb7,0x45,0x40,
0x2b,0xc8,0xcc,0x60,0x3b,0xc8,0xaa,0x70,0x5b,0xc8,0xbc,0x50,0x08,0x19,0x18,0x40,
0x09,0x0b,0xbd,0x20,0x00,0xb2,0xbb,0xb0,0x09,0xe3,0xaa,0x40,0x0a,0xc7,0x93,0x90,
0x0b,0xc6,0xcb,0x50,0x1c,0xc9,0xbb,0x50,0x3c,0xcb,0x65,0x90,0x4c,0xbb,0xdc,0x70,
0x2a,0x4a,0x95,0x60,0x09,0x0e,0xed,0x40,0x08,0xcc,0xbd,0xa0,0x01,0xcc,0xbc,0x00,
0x04,0xc8,0x8d,0x10,0x06,0xca,0xad,0x00,0x08,0x8e,0x88,0x40,0x08,0xc9,0x99,0x20,
0x2d,0xbe,0xae,0x40,0x07,0x4c,0x67,0x00,0x04,0x1c,0x71,0x00,0x08,0xdd,0xed,0xc0,
0x02,0x56,0x65,0x30,0x01,0xb7,0x5c,0x10,0x00,0x69,0x46,0x00,0x3d,0xdf,0xdd,0xb0,
0xd0,0x13,0x01,0x08,0x00,0x21,0x1b,0x00,0x75,0x0c,0xf0,0x33,0x08,0x40,0xc0,0x04,
0xba,0xcd,0x60,0x18,0x76,0x81,0x00,0x94,0x76,0x00,0xce,0xde,0xd8,0x00,0xd0,0xa3,
0x00,0x59,0x0b,0x10,0x0d,0x30,0xd0,0x03,0x80,0x0d,0x00,0x01,0x44,0xd5,0x40,0x06,
0xb7,0x77,0x70,0x07,0x7b,0xbe,0x40,0x09,0x36,0x98,0x00,0x0a,0x8a,0xfa,0x50,0x0c,
0x11,0xc6,0x80,0x1c,0x00,0xc6,0x10,0x67,0x62,0xb0,0x00,0x92,0x4e,0x60,0xc7,0x04,
0x00,0xb6,0x09,0xf1,0x0e,0xc2,0x04,0x80,0x30,0x00,0x06,0x83,0xc3,0x90,0x08,0x88,
0xc7,0x60,0x0b,0x3a,0xcb,0x20,0x0d,0x0b,0x3c,0x00,0x3a,0x06,0x67,0x00,0x86,0xcc,
0xed,0x70,0x4c,0x04,0xf0,0x14,0x66,0xe6,0x60,0x07,0x78,0x48,0x40,0x09,0xce,0xbe,
0x90,0x0a,0x1c,0x3c,0x00,0x0c,0x09,0x97,0x00,0x0c,0xac,0xbc,0x00,0x29,0x2b,0x79,
0x00,0x75,0x4c,0xe4,0x00,0x64,0x71,0x17,0x30,0x58,0x17,0xf1,0x10,0x8e,0x8c,0xe9,
0x00,0xd1,0x0c,0x00,0x77,0x34,0xb0,0x0c,0xd9,0x7e,0x70,0x3b,0x97,0x80,0x0c,0xba,
0x66,0x00,0xb6,0x9c,0xc5,0x1d,0xb0,0x00,0x17,0x45,0xcd,0xd5,0xef,0x0a,0xf1,0x14,
0xc5,0xcd,0x60,0x00,0xc3,0x87,0xc0,0x06,0x77,0xcb,0xc0,0x0b,0xc5,0xdb,0x70,0x02,
0xb5,0xd7,0x20,0x0c,0x93,0xc4,0x10,0x0c,0x7a,0xea,0x50,0x1c,0xa0,0x70,0x20,0x73,
0x4c,0xcd,0x50,0xe7,0x02,0xf0,0x0d,0xde,0xdf,0xa0,0x06,0x71,0xb0,0x00,0x76,0x2a,
0x00,0x29,0x55,0xa1,0x0b,0xeb,0xcd,0x80,0x0d,0x07,0x60,0x05,0x90,0x84,0x00,0xd2,
0x0a,0x30,0x67,0xe9,0x0b,0x00,0x2d,0x03,0xf1,0x0c,0xcd,0x50,0x57,0x00,0x66,0x06,
0xdc,0xcc,0x40,0x3c,0x67,0x97,0x00,0x55,0x64,0x03,0xad,0xbc,0xc6,0x13,0xd2,0xa5,
0x10,0xa7,0x0a,0x20,0x66,0x88,0x13,0xf0,0x4d,0xc6,0x41,0xbb,0xbf,0xba,0x02,0x22,
0xe2,0x20,0x11,0x1d,0x00,0x2c,0xe9,0xd0,0x00,0x48,0x0c,0x00,0x05,0x73,0xa2,0x54,
0xce,0x88,0x6b,0x44,0x00,0x2e,0x60,0x06,0xdd,0x73,0x90,0x00,0x39,0x58,0x01,0x26,
0x76,0x60,0x9b,0xa4,0x85,0x0c,0x10,0x09,0x30,0xac,0xe3,0xa2,0x00,0x0a,0x3c,0x00,
0xa0,0xc0,0xd0,0x08,0xd8,0x0d,0x00,0x07,0xcb,0x8c,0xc0,0x00,0xc0,0x0c,0x08,0xca,
0x9c,0xb0,0xc0,0x0c,0x00,0x0b,0xc8,0xbc,0x80,0x84,0x88,0x49,0x06,0xd7,0x6d,0x72,
0x87,0x67,0x65,0x0b,0xc1,0x14,0x1c,0xf2,0x67,0x20,0x10,0x9d,0x2b,0x38,0x00,0x99,
0xed,0xb0,0x2b,0xa6,0x7b,0x0c,0x9a,0xcc,0xb0,0xc1,0xc9,0x99,0x08,0xb4,0xb7,0x20,
0x0c,0xce,0xc6,0x43,0x90,0xc0,0x04,0xd4,0x0c,0x00,0x09,0xd3,0xdb,0xa0,0x08,0x6a,
0x4a,0x04,0xc3,0xab,0x40,0xc7,0x6c,0xc6,0x0c,0x2a,0x65,0x91,0x8c,0xbd,0xc7,0x00,
0xb0,0xa3,0x03,0x3a,0x0b,0x85,0x4e,0x7c,0xa8,0x70,0x00,0x57,0x77,0x50,0xc7,0x66,
0x6d,0x0c,0x84,0x00,0xc0,0xca,0x34,0x5b,0x1a,0xc3,0x9a,0x93,0x9d,0x00,0x57,0x05,
0x90,0x06,0x60,0xc3,0xbc,0xe4,0x26,0x01,0x11,0x00,0x04,0x33,0x90,0x70,0x57,0x58,
0x67,0x00,0x46,0x65,0x00,0x9d,0xee,0xc3,0x00,0x00,0x06,0x60,0x8c,0xcc,0xe5,0x57,
0x0f,0xf1,0x14,0xb2,0x4d,0xdd,0xdf,0x00,0x02,0xcc,0xcd,0x10,0x16,0x66,0xd1,0x01,
0x55,0x5e,0x01,0xbb,0xcc,0xc9,0x08,0x29,0x44,0x40,0x18,0xac,0xa0,0x03,0x8b,0xb5,
0x07,0xa3,0xc0,0xa7,0x01,0xda,0xbf,0x1b,0xf1,0x15,0x10,0x09,0xfe,0x81,0xc0,0x02,
0xab,0x2c,0x30,0x03,0x8b,0x13,0x90,0x0c,0xde,0x57,0x70,0x09,0x6c,0x7b,0x00,0x0b,
0x39,0x31,0x80,0x0c,0x38,0x09,0x50,0x58,0x56,0x8a,0x00,0x81,0x66,0x80,0x35,0x11,
0xf1,0x0f,0x7b,0xb4,0x39,0x09,0x9b,0x5b,0x10,0x8b,0xb5,0x43,0x0a,0xea,0x47,0x70,
0x68,0x64,0xb0,0x0b,0x3b,0x42,0x10,0xae,0x80,0x95,0x29,0xaa,0x5a,0x05,0xa7,0x5a,
0x56,0x11,0xf3,0x30,0x0c,0x6d,0xe8,0x0b,0x50,0x0b,0x40,0x4a,0x29,0xd0,0x05,0xbb,
0x88,0x63,0xf7,0x30,0x03,0x18,0x5b,0xfc,0x40,0x83,0x0c,0x00,0x0a,0x20,0xd0,0x00,
0xb7,0xcf,0xc3,0x01,0xa0,0x38,0x00,0xa4,0x9d,0xda,0x06,0x70,0x65,0x00,0x79,0xcc,
0xca,0x4f,0x21,0x18,0x21,0xc3,0xaa,0xe6,0x0c,0x0a,0x2c,0x00,0xc0,0x51,0xc0,0x0b,
0x08,0xc6,0x00,0x9c,0x11,0xf4,0x10,0x2b,0xac,0xc8,0x0c,0x2c,0x02,0x91,0x58,0xdb,
0xc8,0x08,0x6c,0x05,0x65,0xf2,0xee,0xc4,0x2c,0x2a,0xa5,0x50,0xc3,0x87,0xb0,0x0c,
0x5b,0x5c,0x00,0xbb,0x70,0x67,0x5b,0x0d,0xf3,0x11,0x1a,0x7b,0xd9,0x0b,0x2c,0x4c,
0x30,0x48,0xd7,0xc5,0x0a,0x6a,0xce,0x35,0xf5,0xaa,0x67,0x0b,0x59,0xcb,0x50,0xc8,
0x8c,0xc4,0x0c,0xb7,0x59,0x20,0xbc,0x8c,0xe1,0x00,0xf8,0x19,0xf1,0x15,0x04,0x98,
0x68,0x40,0x0b,0x7b,0xaa,0x90,0x06,0xad,0xbb,0xb0,0x0b,0x56,0x5a,0x90,0x4e,0x45,
0x8c,0x60,0x1b,0x8c,0x3e,0x20,0x0a,0xa6,0x5d,0x00,0x0a,0xa9,0xec,0x30,0x2a,0x51,
0x91,0x80,0x31,0x03,0xf2,0x14,0xa4,0x89,0x40,0x0b,0x47,0xba,0x70,0x05,0x7d,0xdd,
0x80,0x08,0x7a,0xa9,0x90,0x4f,0x38,0x88,0x40,0x1c,0x6c,0xcc,0x80,0x0b,0x54,0x93,
0x20,0x0b,0xbb,0x49,0x60,0x0b,0x68,0xc5,0x50,0xc1,0x20,0x10,0x20,0xc7,0x0f,0xf1,
0x29,0x01,0x68,0xb1,0x00,0x9b,0x5c,0xa1,0x0c,0xa3,0x38,0x40,0xcb,0x10,0x56,0x48,
0xc0,0x4a,0x7a,0x3c,0x0a,0x78,0x00,0x7d,0x90,0x10,0x00,0x07,0x01,0x10,0x00,0x59,
0x84,0x00,0x67,0x4c,0x00,0x9a,0x56,0x70,0x0c,0xa4,0xc7,0x51,0xbb,0xc4,0x56,0x25,
0xd7,0x49,0x81,0xaf,0x0a,0x68,0x64,0x7d,0x90,0x79,0x07,0x30,0xad,0xee,0xdc,0xa3,
0x07,0xf1,0x25,0x8d,0xee,0xd5,0x00,0x05,0x00,0x00,0x73,0xb1,0x50,0x1a,0xc5,0x4a,
0x37,0x5c,0x08,0x97,0x50,0x6d,0xa1,0x40,0x01,0xa0,0x92,0x00,0x58,0x9e,0xc4,0x1d,
0xd1,0xc4,0x74,0xb6,0x0c,0x56,0x69,0x9c,0xfd,0xa0,0x92,0x5f,0x30,0x0b,0x0b,0x77,
0x00,0xb4,0xb0,0xd1,0x0b,0xb2,0x05,0xa2,0x1a,0xf0,0x17,0xa0,0x00,0x00,0x2d,0xee,
0xd5,0x0c,0x49,0xb7,0x50,0x4b,0x67,0x92,0x07,0x5a,0x8b,0x00,0x40,0x60,0x30,0x2a,
0xa9,0x2a,0x17,0x5d,0x09,0x95,0x50,0x7d,0x92,0x30,0x00,0x05,0x70,0x00,0x8c,0xee,
0xcb,0xac,0x20,0xf0,0x60,0x09,0x78,0x50,0x1a,0x9b,0x0b,0x40,0x50,0x50,0x13,0x1a,
0x99,0x39,0x26,0x6c,0x09,0x96,0x50,0x7d,0xa2,0x40,0x00,0x1b,0x04,0x00,0x3d,0x75,
0xe3,0x06,0x87,0x65,0x80,0x5c,0xbb,0xc0,0x07,0x50,0x0c,0x00,0x6b,0xcb,0xb0,0x06,
0x4b,0x16,0x06,0x7c,0x27,0x95,0x51,0x8c,0xa2,0x40,0x00,0x87,0x31,0x00,0x6b,0x7c,
0x60,0x0d,0xcb,0xfb,0x10,0x15,0x55,0xb2,0x02,0x66,0x6d,0x10,0xab,0xbb,0xb0,0x06,
0x4b,0x06,0x06,0x7b,0x27,0xa5,0x51,0x9c,0xa2,0x40,0x00,0x70,0x08,0x00,0x06,0x36,
0x80,0x05,0xdb,0xbd,0x10,0x65,0x00,0xb1,0x08,0xdc,0xcd,0x00,0x20,0x80,0x10,0x2a,
0xb6,0x49,0x27,0x5c,0x60,0x00,0x12,0xa1,0x25,0x0c,0xf2,0x13,0xb2,0x90,0x00,0x02,
0xad,0xdc,0xc0,0x0c,0xe9,0x48,0x00,0x2c,0x7b,0xaa,0x90,0x59,0x6a,0xcd,0x60,0x07,
0xa6,0x7a,0x00,0x09,0xd1,0xca,0x00,0x0b,0x17,0x69,0x10,0x0b,0x19,0x03,0x6d,0x1b,
0xf1,0x4f,0x36,0x92,0x00,0x2d,0x88,0xd2,0x04,0xdb,0xbe,0x10,0x6c,0x99,0xe0,0x07,
0xb9,0x9d,0x00,0x12,0x62,0x10,0x29,0x7b,0x29,0x17,0x5c,0x08,0x95,0x50,0x8c,0x92,
0x40,0x00,0xdb,0xbd,0x30,0x0e,0x99,0xc3,0x00,0xd4,0x4c,0x20,0x2d,0x99,0xe0,0x09,
0xea,0xac,0x60,0x9e,0xaa,0xd1,0x05,0x28,0x06,0x16,0x9a,0x66,0xa5,0x61,0x9b,0xa3,
0x50,0x02,0x95,0x99,0x50,0x37,0x7b,0x96,0x0d,0xb8,0xda,0x54,0xc8,0x9a,0x97,0x6a,
0x2d,0xac,0x30,0xa2,0xd9,0xd3,0x0b,0x2d,0xad,0x20,0xb4,0x71,0xb0,0x0b,0x56,0xcb,
0xb1,0x01,0xf1,0x98,0x9a,0xd9,0x60,0x03,0xb6,0x6c,0x30,0x2a,0xaa,0xaa,0xa0,0x03,
0xcb,0xbb,0x00,0x06,0xb8,0x8d,0x00,0x08,0xcb,0xbc,0x00,0x16,0x4b,0x06,0x00,0x68,
0xb3,0x79,0x50,0x61,0x9b,0xa2,0x40,0x00,0x11,0x1c,0x90,0x04,0xc9,0xad,0x92,0x06,
0x89,0x7a,0xa0,0x09,0x9b,0x8e,0x70,0x0b,0x9a,0x9e,0xa1,0x28,0x13,0xaa,0xb0,0x08,
0x59,0x34,0x30,0x2a,0xc1,0x69,0x90,0x33,0x5c,0xc1,0x70,0x02,0x8c,0xaa,0x80,0x56,
0xd8,0x98,0x1e,0xac,0xab,0x64,0xc8,0xbb,0xb7,0x59,0x9c,0xcc,0x80,0xa8,0xbb,0xb3,
0x0a,0x1c,0x2c,0x20,0xa0,0xaf,0x60,0x0b,0xb7,0x4b,0x50,0x00,0x00,0xa5,0x40,0x8d,
0x5b,0x38,0x02,0x77,0xd8,0x70,0xab,0x5d,0x31,0x05,0xd0,0xc6,0x50,0x4b,0x0c,0xb0,
0x0b,0xc0,0xd4,0x36,0x83,0x9e,0x57,0x20,0x26,0x5e,0x20,0x00,0x00,0xb7,0x40,0x3a,
0xae,0xb9,0x06,0x72,0xd2,0x20,0x7b,0x6c,0x26,0x09,0x4c,0xb9,0x40,0xb0,0xbb,0xe0,
0x0c,0x1a,0xb6,0x43,0x93,0xbf,0x6a,0xa5,0xd4,0x2e,0x61,0x0f,0x01,0xf1,0x4e,0xa7,
0x40,0x66,0x6d,0x87,0x06,0x66,0xd6,0x50,0x9b,0xac,0x23,0x0b,0x1a,0xc9,0x30,0xbb,
0x7b,0xc0,0x01,0x65,0xc4,0x65,0xb7,0xdc,0x6a,0x00,0x56,0x1d,0x60,0x02,0xa5,0x79,
0x40,0x6d,0x79,0x47,0x2b,0xeb,0xec,0x70,0x86,0x0a,0x32,0x3d,0xe8,0xb9,0x38,0xcd,
0x6b,0xc0,0x4b,0xd4,0xba,0x36,0xad,0x6f,0x92,0x63,0x17,0x7d,0x00,0x01,0x56,0x15,
0x80,0xa9,0x2d,0x83,0x0c,0x72,0xc2,0x10,0xc8,0x9d,0xd9,0x0c,0x59,0x8b,0x11,0xec,
0x96,0xc0,0x47,0x09,0x2c,0x08,0x30,0xc0,0xc0,0xb0,0x56,0x2a,0x62,0x00,0xf4,0x0f,
0x15,0x91,0x00,0xab,0xbb,0xbb,0x0c,0x66,0x66,0xb0,0xc5,0x55,0x53,0x0c,0xad,0x8c,
0x81,0xa9,0xa7,0x78,0x48,0x6e,0x2b,0x68,0x87,0xb7,0x75,0xc1,0xc8,0x8c,0x2e,0x1d,
0xf0,0x03,0x5b,0xcd,0xd8,0x01,0x13,0xa0,0x00,0x02,0x5a,0x20,0x05,0xbc,0xdb,0x40,
0x00,0x67,0x00,0x3d,0x10,0x08,0x50,0x94,0x00,0x03,0x4b,0x20,0xa1,0x20,0xf3,0x13,
0x00,0x84,0x34,0x41,0x01,0xa4,0x9e,0xb2,0x06,0xe9,0x0a,0x20,0x00,0xc0,0x0c,0x00,
0x00,0xd9,0x0c,0x00,0x2d,0xd2,0x0c,0x00,0x01,0xb0,0x0c,0x00,0x14,0x95,0x2a,0x00,
0x2e,0x49,0x4c,0x11,0xf0,0x30,0xc1,0xec,0xb0,0xaf,0x8a,0x0c,0x01,0xa4,0x81,0xb0,
0x39,0x67,0x39,0x19,0xe9,0x54,0x82,0xb5,0x93,0x66,0x08,0x3a,0x27,0x42,0xa2,0xc0,
0x93,0x7c,0x0b,0xcd,0x10,0x00,0xa0,0xb0,0x00,0x29,0x0b,0x00,0x0b,0xd8,0xed,0x30,
0x56,0x1a,0x82,0x08,0xad,0x7a,0x04,0xe4,0x8c,0xc0,0x0a,0x1c,0x4c,0x02,0xb4,0x80,
0xb9,0x7a,0x91,0x0c,0x60,0x1b,0x20,0xf2,0x0c,0x9d,0x8c,0xca,0x06,0x98,0x40,0x00,
0x58,0x93,0x00,0x1b,0xcb,0x00,0x02,0xc3,0xb0,0x00,0x0a,0x3b,0x00,0x02,0xc7,0x60,
0x00,0x8b,0xc0,0x00,0x60,0x1d,0xf0,0x2f,0x22,0x00,0x1a,0x4d,0xdd,0x0d,0xe4,0x00,
0xc0,0x47,0x00,0x1b,0x08,0xe7,0xde,0x94,0xc5,0x00,0x57,0x09,0x20,0x07,0x58,0xd3,
0xbb,0xd4,0x7c,0x02,0x22,0x00,0x00,0xb0,0xa6,0x10,0x1c,0x0b,0x48,0x09,0xe5,0xc4,
0x70,0x2a,0xae,0x75,0x04,0xc1,0xc5,0x72,0xea,0x1d,0xc0,0x07,0x52,0xe2,0x43,0x97,
0xcc,0x58,0x6b,0x10,0x4e,0x20,0x96,0x04,0xf1,0x0d,0x6a,0x8c,0xd9,0x0a,0xb0,0x65,
0x00,0x65,0xad,0xc4,0x1a,0xd6,0x48,0x44,0xd2,0x29,0xc0,0x0a,0x00,0xd5,0x02,0xb0,
0x99,0xb0,0x7a,0x95,0x05,0x70,0x9b,0x16,0xf2,0x0e,0x3a,0x00,0xad,0x8a,0x8c,0x06,
0x89,0x20,0xc0,0x65,0xa2,0x1b,0x1a,0xcc,0xaa,0x64,0xd3,0xb0,0x00,0x0b,0x39,0x00,
0x02,0xb8,0x50,0x00,0x8a,0xa0,0x00,0x22,0x08,0xf0,0x0e,0xdc,0xb0,0x9c,0x96,0x1c,
0x08,0xa9,0x5d,0x70,0x67,0xab,0xa4,0x3b,0xcb,0xb5,0x83,0xb2,0xca,0x84,0x0a,0x1c,
0x7d,0x02,0xb0,0xc8,0xc0,0x8a,0x1d,0x86,0x3b,0x04,0x00,0x28,0x01,0xf1,0x31,0x2d,
0x13,0xc2,0x09,0xd6,0x99,0x80,0x39,0x27,0x37,0x05,0xd5,0x97,0x43,0xe8,0x29,0xb1,
0x09,0x43,0x9b,0x00,0xa2,0x06,0x60,0x7b,0x2c,0xed,0x60,0x00,0xb4,0xec,0xb0,0x09,
0xe8,0x60,0x00,0x05,0x97,0xdb,0x30,0x05,0x88,0x35,0x60,0x1a,0xda,0x16,0x50,0x1b,
0x3b,0xbc,0x30,0x09,0x2c,0x00,0x00,0x0b,0x0c,0x00,0x00,0x8a,0x0f,0xcc,0x20,0xd8,
0x06,0xf0,0x10,0x7b,0x03,0x90,0x46,0xbb,0x57,0x0d,0xbb,0xa8,0x60,0x73,0xa7,0xa3,
0x0a,0x89,0x0b,0x15,0xe5,0x93,0xd0,0x0a,0x6d,0x9f,0x11,0xa8,0x4c,0x75,0x88,0x0c,
0x14,0x60,0xb1,0x00,0xf0,0x10,0x93,0x58,0x60,0x38,0x98,0x57,0x0d,0xdd,0xec,0xb0,
0x65,0x1c,0x10,0x09,0xb5,0xdc,0x75,0xe3,0xca,0xb2,0x0b,0x77,0xb9,0x01,0xc5,0x4d,
0xb0,0x89,0x3b,0x17,0x50,0x23,0x00,0xf3,0x12,0x9a,0xdc,0x90,0x03,0x82,0x99,0x50,
0x0d,0xd0,0xcb,0x00,0x06,0x5b,0x88,0x90,0x1b,0xb6,0xc8,0x20,0x3c,0x14,0xc5,0x10,
0x0b,0x5c,0xfc,0x50,0x3b,0x00,0xc0,0x00,0x89,0x00,0x5f,0x01,0x01,0x00,0x01,0xf2,
0x31,0x66,0x00,0x04,0xa0,0xdb,0x00,0x0c,0xc9,0x8a,0x40,0x06,0x8e,0x9a,0xc0,0x1a,
0xc1,0x22,0x00,0x4c,0x2d,0xcd,0x20,0x0b,0x0c,0x09,0x30,0x1b,0x1b,0x0b,0x10,0x8a,
0x2d,0xcd,0x00,0x00,0xa0,0x28,0x00,0x7b,0x7c,0xd9,0x09,0xa0,0x66,0x00,0x57,0xcc,
0xcb,0x09,0xb1,0x1a,0x15,0xd4,0xaa,0xe6,0x0a,0x1a,0x2c,0x02,0xb0,0x42,0xb0,0x8a,
0x06,0xc6,0x23,0xf5,0x5b,0xb5,0x50,0x30,0x04,0xb8,0xba,0x40,0x0a,0xc9,0x60,0x70,
0x04,0x63,0xdc,0x60,0x1a,0xe7,0xaa,0x30,0x3b,0x3b,0x16,0x60,0x0a,0x1d,0xbd,0x50,
0x2b,0x0b,0x08,0x30,0x7b,0x0d,0xcd,0x20,0x01,0x90,0x0b,0x00,0x06,0x9b,0xcc,0xd0,
0x0b,0xb9,0x50,0x80,0x07,0x5a,0xea,0x90,0x1a,0xc6,0x8b,0x30,0x4d,0x1b,0x3c,0x00,
0x0b,0x05,0xe6,0x00,0x3c,0x08,0xbc,0x10,0x89,0x87,0x04,0x70,0x02,0x9b,0xcc,0xc0,
0x07,0xab,0x47,0x40,0x0a,0x9b,0x46,0x30,0x07,0x4f,0xcc,0xa0,0x1a,0xb9,0xba,0x10,
0x3d,0x58,0xad,0x60,0x0b,0x77,0x8b,0x00,0x2b,0xa5,0xaa,0x00,0x79,0xa9,0x86,0xbf,
0x21,0xf1,0x10,0x29,0x0c,0x40,0x09,0xb6,0x9c,0x20,0x87,0xdc,0xf4,0x07,0x5a,0x86,
0x71,0xca,0xba,0x66,0x2d,0x5d,0xfc,0x80,0xb0,0x5f,0x30,0x3c,0x2c,0x49,0x09,0x9a,
0x20,0xa3,0xbe,0x08,0xf1,0x10,0x9a,0xcc,0xb0,0x9b,0xb0,0x0b,0x0a,0x9c,0xcd,0x90,
0x75,0xc6,0xa2,0x2d,0xac,0xaa,0x41,0xc3,0x9b,0xb1,0x0b,0x59,0x87,0x51,0xba,0x66,
0x74,0x99,0xa6,0xcd,0x20,0x01,0x01,0xf2,0x13,0x47,0x00,0x02,0x99,0xdc,0xb0,0x0a,
0xc6,0xcb,0x60,0x06,0x5a,0xdb,0xd0,0x1a,0xa4,0xc7,0x70,0x2c,0x28,0xd6,0x20,0x0b,
0x39,0xda,0x10,0x2b,0x8c,0xb0,0x10,0x7a,0xa5,0xcc,0x40,0x95,0x1e,0xf2,0x0e,0xc9,
0x30,0x7a,0xac,0xac,0x0a,0x81,0xab,0x00,0x74,0xb9,0xd7,0x1b,0xb5,0x7b,0x13,0xd1,
0x86,0xa0,0x0b,0x4e,0x4e,0x72,0xb1,0xc4,0x70,0x98,0x65,0x56,0x23,0x00,0xf1,0x0f,
0x48,0x10,0x37,0x8c,0xcb,0x0d,0xd5,0x78,0x30,0x75,0x8c,0x87,0x3d,0xba,0xea,0x71,
0xb1,0xa5,0xc2,0x0c,0x0e,0x6a,0x02,0xc0,0x6f,0x60,0x89,0x7b,0x2a,0x30,0xd2,0x02,
0xf1,0x13,0x28,0x00,0x02,0x99,0xee,0xb0,0x0c,0xeb,0x00,0xb0,0x05,0x65,0x99,0x60,
0x08,0xa5,0x00,0x50,0x3d,0x4a,0xec,0x40,0x0a,0x10,0xc0,0x00,0x0b,0x00,0xc0,0x00,
0x8a,0x5c,0xfc,0x30,0x02,0x07,0xf1,0x53,0x1a,0x90,0x06,0xa6,0xba,0x50,0x9b,0xe5,
0xc2,0x06,0xae,0xbd,0x51,0xba,0xb4,0x80,0x2c,0x1d,0xcc,0x30,0xb0,0xb7,0x40,0x6b,
0x1e,0xdc,0x36,0x93,0x80,0x00,0x01,0x90,0xb4,0x60,0x05,0x9b,0xee,0xd0,0x0b,0xb1,
0x65,0x20,0x07,0x4d,0xcc,0x90,0x1b,0xac,0x84,0xa0,0x2d,0x3e,0xdb,0x80,0x0b,0x39,
0xb5,0x70,0x2b,0x47,0xb6,0x50,0x89,0x5c,0xdc,0x30,0x00,0xb2,0xda,0x90,0x3a,0x48,
0x3a,0x0a,0xc7,0xa9,0x80,0x56,0x39,0x94,0x08,0xbb,0xed,0x93,0xd3,0x59,0x30,0x0a,
0x39,0xba,0x22,0xb6,0xcc,0x00,0x8b,0xa5,0xdb,0x60,0xda,0x21,0xf2,0x3a,0x69,0xa0,
0x04,0xb3,0x69,0x00,0x0a,0xbb,0xcd,0xb0,0x05,0x60,0x55,0x00,0x2c,0xaa,0xa9,0x80,
0x1a,0x3a,0x83,0xa0,0x0a,0x3d,0xb9,0x80,0x1b,0x37,0xb4,0x70,0x6a,0x4d,0xec,0x50,
0x00,0x00,0x12,0x30,0x02,0x89,0xba,0x70,0x07,0x86,0x64,0x80,0x0b,0x9b,0xdc,0x90,
0x07,0x45,0xc5,0x30,0x1b,0x99,0xa6,0x40,0x3d,0x0a,0xcc,0x30,0x0b,0x1c,0x9b,0x10,
0x2b,0x93,0xd8,0x00,0x89,0x6a,0x6a,0xc0,0x13,0xf1,0x0f,0xb6,0x7a,0xc0,0x19,0xa4,
0x6a,0x0a,0xdb,0x99,0xb0,0x56,0xcc,0xaa,0x07,0x93,0xa5,0x13,0xd5,0xea,0xd5,0x0a,
0x17,0x8c,0x01,0xb0,0x4f,0x60,0x6a,0x79,0x2a,0x9c,0x02,0xf1,0x38,0x96,0x7a,0xb0,
0x04,0x98,0x84,0x60,0x0b,0xc7,0x68,0x80,0x06,0x49,0x77,0x50,0x09,0xa8,0xa6,0x20,
0x4e,0x5b,0xec,0x90,0x0b,0x02,0xb2,0x10,0x0b,0x29,0xc5,0x50,0x89,0x3d,0xed,0x40,
0x01,0x91,0x59,0x20,0x03,0x8a,0xed,0xb0,0x0b,0xb6,0xcd,0x30,0x06,0x5b,0x84,0xb0,
0x0a,0xab,0xe8,0xa0,0x2c,0x5a,0xea,0x90,0x0b,0x5a,0xca,0x70,0x4b,0x64,0x25,0x50,
0x79,0x82,0xac,0x10,0x70,0x01,0xf1,0x10,0x92,0xa8,0x50,0x59,0xac,0xd9,0x0b,0xb7,
0xab,0x30,0x74,0xc9,0xb7,0x0a,0xac,0x69,0x53,0xe0,0x5d,0x61,0x0b,0x5c,0xfb,0x52,
0xb1,0xb7,0x90,0x99,0xa4,0x07,0x50,0x25,0x02,0xf0,0x2f,0x7b,0xf9,0x08,0xa4,0x9b,
0x50,0xba,0xaf,0xf9,0x07,0x46,0xcb,0x21,0xba,0x76,0x27,0x3d,0x3d,0xec,0x40,0xb3,
0xcd,0xc3,0x3b,0x46,0xa8,0x28,0x94,0xbc,0xc0,0x02,0x95,0xbb,0x60,0x9c,0x7b,0xb6,
0x07,0x79,0x59,0x50,0x74,0xaa,0x99,0x0a,0xa8,0x88,0x42,0xd7,0xbe,0xb7,0x0b,0x0a,
0xca,0x03,0xc8,0x6a,0x85,0x99,0x41,0x90,0x30,0x94,0x03,0xf4,0x15,0x74,0x99,0x40,
0x04,0x6c,0x57,0xa0,0x0c,0x9a,0xbc,0x80,0x08,0x5d,0x8a,0x50,0x1b,0x79,0x98,0x60,
0x3d,0x4a,0xba,0x50,0x0b,0x14,0xb5,0x00,0x2b,0x84,0xb9,0x20,0x88,0x69,0x93,0x30,
0x00,0x54,0x0f,0x20,0xde,0xcb,0x9b,0x27,0xf4,0x2a,0x7c,0xec,0xb0,0x02,0x71,0x3c,
0x00,0x0c,0x3b,0x30,0x00,0x4f,0x80,0x04,0xac,0x5c,0x92,0x43,0x00,0x04,0x20,0x00,
0x2a,0x55,0x00,0x09,0x58,0xad,0xc0,0x0b,0x68,0xc4,0x80,0x0b,0x7e,0xc7,0x50,0x0b,
0x96,0xbb,0x10,0x1b,0xc1,0xab,0x00,0x6e,0xe0,0xa8,0x00,0x10,0xc6,0xac,0x10,0x00,
0xdc,0x03,0x80,0xdb,0x02,0xf5,0x34,0x67,0x19,0x30,0x03,0x95,0xec,0xb0,0x09,0x9a,
0x93,0x0b,0xed,0xac,0x00,0xb0,0x4c,0xb0,0x29,0x10,0xb5,0x04,0xcc,0x6d,0x90,0x88,
0x7c,0x0a,0x50,0x04,0x00,0x02,0x00,0xa2,0x64,0x00,0x0b,0xec,0xcb,0x92,0x06,0x52,
0xd5,0xa0,0x08,0xdd,0xc5,0x50,0x0a,0x39,0xaa,0x20,0x0c,0x47,0x8c,0x00,0x0b,0x65,
0x98,0x00,0x68,0x79,0xbb,0x20,0x97,0xc9,0x12,0x80,0x06,0x22,0xf1,0x0f,0x05,0x60,
0x00,0xc0,0xaa,0x70,0xbe,0x9d,0x89,0x02,0xa8,0xb7,0x50,0xcd,0x6a,0xc1,0x1a,0x74,
0x9a,0x03,0x89,0x2b,0x70,0x4d,0xc8,0x9c,0x06,0x51,0xb0,0x66,0x04,0x04,0xf1,0x58,
0x94,0x0a,0x00,0x08,0x9a,0x5e,0xc0,0x08,0x4a,0x95,0xa0,0x2b,0x08,0xf6,0x70,0x07,
0x96,0x9c,0x30,0x01,0xf1,0x4d,0x00,0x05,0xe4,0x7c,0x00,0x3c,0x18,0xb8,0x40,0x21,
0x04,0x10,0x40,0x05,0x72,0x18,0x00,0xc9,0x98,0xc7,0x4c,0xb7,0xc7,0x70,0xb8,0xdf,
0x73,0x5e,0xbd,0xac,0x04,0xa9,0x67,0xa0,0x7c,0xc8,0x79,0x02,0x59,0x59,0xb0,0x0c,
0xb7,0x15,0x20,0x00,0x0b,0x65,0x80,0x01,0xbe,0xb8,0xea,0x01,0x4c,0x5a,0x76,0x00,
0xac,0xae,0x83,0x00,0x5c,0x8e,0xb0,0x00,0xcf,0x48,0xa0,0x0b,0x98,0x99,0x70,0x05,
0x64,0x5c,0xb0,0x06,0xd1,0xb1,0x63,0x6c,0x00,0xf0,0x10,0xc4,0x3a,0x00,0x5d,0xc6,
0xea,0x0c,0xed,0xc5,0x80,0x5d,0x6f,0x75,0x0e,0xb7,0xac,0x13,0x4d,0x48,0xb0,0x4c,
0xe5,0x98,0x02,0x3a,0x4b,0xc1,0x3e,0x5a,0x15,0x50,0x28,0x0c,0xf1,0x10,0x97,0x49,
0x00,0xad,0xa7,0xea,0x06,0xf8,0xd4,0x72,0xa8,0x7f,0x64,0x04,0x80,0x9a,0x12,0xeb,
0x98,0xc0,0x1c,0x94,0x78,0x00,0xbe,0x3c,0xb0,0x86,0x2a,0x24,0x50,0xa2,0x1b,0xf1,
0x34,0xd9,0x4a,0x00,0x05,0xd6,0x8c,0xd0,0x0a,0xbb,0xea,0x50,0x0a,0xf8,0x2f,0x00,
0x2a,0xb6,0xb7,0x70,0x09,0xba,0xaa,0x00,0x04,0x4c,0xdb,0x00,0x06,0x5b,0x00,0x00,
0x6d,0xce,0xbb,0x30,0x00,0x04,0x90,0x00,0xad,0xde,0xdb,0x00,0xd0,0x1c,0x00,0x09,
0x47,0x60,0x00,0x3c,0xd0,0x00,0x00,0xe7,0x00,0x00,0xa9,0xd2,0x02,0xc8,0x04,0xd2,
0x43,0x00,0x03,0x20,0x48,0x00,0xf2,0x0d,0x65,0x0c,0x01,0xcb,0x67,0xb0,0xd8,0xa4,
0x39,0x02,0xc3,0xa4,0x80,0xbe,0xb5,0x86,0x05,0xa4,0x6b,0xc1,0x9a,0xa7,0xb4,0x64,
0x99,0x0a,0x10,0xb5,0xdf,0x26,0xf2,0x14,0x0c,0x69,0x7a,0xc0,0x0b,0xbb,0xc5,0x00,
0x0b,0x89,0xa2,0x00,0x1c,0xec,0xdd,0xc0,0x38,0xe7,0xb7,0x40,0x4d,0xc9,0xb8,0x30,
0x69,0xa4,0x89,0x10,0x8b,0xec,0x4b,0x00,0x00,0x0b,0x0b,0x3d,0x0a,0xf2,0x13,0x5b,
0x27,0xc0,0x0c,0xce,0x98,0x10,0x09,0x78,0xa1,0x00,0x0a,0x86,0xbe,0xc0,0x0b,0xc5,
0xb7,0x30,0x0a,0x74,0xb9,0x20,0x4c,0xca,0x8b,0x00,0x19,0x88,0x3b,0x00,0x82,0x1b,
0x0b,0x92,0x01,0xf4,0x14,0x83,0x16,0xb0,0x09,0xcc,0x9a,0x40,0x06,0x7a,0x93,0x00,
0x08,0xd8,0xac,0xd0,0x1c,0xea,0xb5,0x60,0x04,0xb3,0xb7,0x40,0x48,0xac,0x98,0x30,
0x84,0x8b,0x5a,0x10,0x1e,0x4a,0x0b,0x00,0x50,0x02,0x50,0xbe,0xed,0xdb,0x00,0x48,
0x12,0x1b,0x30,0xc0,0x00,0xa2,0xb3,0x17,0xb3,0xd0,0x05,0x80,0x0c,0x00,0xd1,0x53,
0xa0,0x65,0x0a,0xd3,0x21,0x07,0xf0,0x14,0xa1,0x00,0x0d,0xe8,0xec,0xc0,0x0a,0x07,
0x85,0x30,0x0c,0xc2,0x6b,0xb0,0x0b,0xa6,0x79,0x60,0x0b,0xb7,0x8c,0x30,0x28,0xba,
0x84,0x00,0x76,0xbc,0xd2,0x00,0x9b,0x88,0x9b,0x50,0x04,0xc4,0x12,0x20,0x75,0x00,
0x83,0x12,0x30,0xcd,0xed,0xd9,0xe7,0x0f,0xc1,0x02,0xfa,0x00,0x00,0xa9,0x80,0x00,
0x99,0x57,0x48,0x78,0x02,0xee,0x0f,0xf0,0x6b,0x0f,0xdd,0xe5,0x1b,0x00,0x66,0x3a,
0x00,0x85,0x48,0x00,0x93,0x6d,0xcc,0xf1,0x75,0x00,0xd0,0x94,0x00,0xd0,0xb2,0x00,
0xd0,0xcd,0xdd,0xb0,0x01,0x20,0x03,0x90,0x0b,0xc5,0x04,0x80,0x0b,0x78,0x9c,0xc0,
0x0d,0xe7,0x68,0x40,0x0a,0xb3,0x99,0x30,0x29,0xc0,0xbb,0x10,0x38,0xc0,0x0c,0x00,
0x5d,0x97,0x1d,0x00,0x32,0x05,0xe7,0x00,0x01,0x20,0xec,0xc0,0xbb,0x8b,0x0c,0x0b,
0x69,0xc6,0xb0,0xdd,0x99,0x6a,0x0a,0x99,0x75,0x82,0xab,0xbb,0xc7,0x3d,0xad,0x06,
0x52,0x24,0xa5,0x83,0x00,0x73,0x9d,0x00,0x04,0xdb,0xbd,0x40,0x6b,0x88,0xb5,0x07,
0x74,0x4a,0x30,0x6b,0xbb,0xb1,0x08,0x8a,0x84,0x12,0xb7,0xc8,0x71,0x07,0xce,0xcb,
0x00,0x00,0xc0,0x8b,0x15,0xf0,0x11,0x30,0x03,0x40,0x47,0x00,0xad,0x7d,0xd5,0x0a,
0xaa,0x87,0x80,0xdc,0xb9,0x76,0x0a,0xee,0xed,0x91,0x99,0x1f,0x40,0x3a,0x88,0x78,
0x05,0xc8,0xb0,0xc0,0x21,0x81,0x05,0x29,0x0a,0xf1,0x0c,0x20,0x0e,0x99,0xd2,0x01,
0xd6,0x6d,0x00,0x17,0x77,0x70,0x1c,0xce,0xdc,0x80,0x54,0xa2,0x00,0x0b,0x5c,0xcb,
0x02,0xcc,0xd0,0x00,0x93,0x3c,0x9f,0x05,0xf2,0xcc,0x01,0xeb,0xbc,0x50,0x2c,0x66,
0x96,0x04,0xa5,0x5a,0x40,0x5d,0xbb,0xd2,0x00,0x11,0x20,0x00,0x97,0x5c,0x62,0x0b,
0x84,0xbb,0x00,0x7a,0x49,0x70,0x6c,0xfd,0xec,0x40,0x00,0x63,0x08,0x00,0x6c,0xee,
0xc8,0x05,0x79,0xb7,0x40,0xab,0xde,0xa7,0x04,0x77,0x75,0x10,0x89,0x77,0xd0,0x0a,
0xba,0xad,0x00,0xb1,0x00,0xc0,0x0d,0xbb,0xcb,0x00,0x02,0xda,0xac,0x40,0x3d,0x99,
0xc5,0x04,0xb9,0x9b,0x30,0xbb,0xec,0xb7,0x03,0x88,0x86,0x00,0x77,0x44,0xc0,0x06,
0xae,0xa8,0x00,0x94,0xb5,0x70,0x55,0xb9,0x09,0x10,0x00,0x40,0x01,0x30,0xac,0xa9,
0xd7,0x0a,0xa1,0xc0,0x00,0xbe,0x7d,0xdb,0x07,0xd8,0xb7,0x30,0x2a,0x45,0x81,0x0a,
0xaa,0xab,0x00,0xd9,0x99,0xe0,0x0c,0x11,0x1d,0x00,0xfc,0xcc,0xd0,0x00,0x0c,0x74,
0x00,0x6a,0xed,0xb4,0x0a,0x5a,0xb5,0xa0,0xc3,0x7b,0x48,0x0d,0xcc,0xec,0x70,0xc7,
0x5b,0x85,0x1b,0x84,0xa9,0x32,0xa9,0x48,0xa2,0x4e,0xfe,0xef,0x00,0x08,0xcd,0xec,
0xb0,0x00,0x47,0x00,0x06,0xdd,0xdd,0x50,0x79,0xba,0xa5,0x09,0x5a,0x6a,0x40,0x8c,
0xfc,0xc1,0x05,0xac,0x00,0x00,0x5e,0xc5,0x00,0x69,0x11,0x7c,0x30,0x02,0xb5,0x3c,
0x30,0x3d,0x54,0xd5,0x09,0xe9,0xbf,0x90,0x8b,0x5a,0xb3,0x19,0x28,0x72,0x70,0x8a,
0x88,0xe0,0x0a,0xbb,0xbe,0xa3,0x00,0xf1,0x13,0xbc,0x00,0x00,0xea,0xac,0x30,0x1e,
0x99,0xc3,0x02,0xc9,0x9c,0x10,0xbb,0xbb,0xb8,0x0a,0x7a,0x66,0x10,0xb7,0x9d,0xa5,
0x0c,0xb7,0xaa,0x13,0xec,0x98,0xb0,0x12,0x77,0xa9,0x40,0x4d,0x16,0xf0,0x33,0x20,
0x00,0x7d,0xec,0xcb,0x00,0x77,0x00,0x00,0x0e,0xcb,0xd3,0x09,0xf8,0x7c,0x34,0xac,
0x33,0xc1,0x00,0xdb,0xbe,0x00,0x0c,0x21,0xc0,0x01,0xa4,0xd7,0x00,0x05,0x5b,0x6d,
0xd0,0x0c,0xce,0x93,0xc0,0x09,0x69,0x98,0xc0,0x0a,0x78,0xa6,0xb0,0x0b,0xb6,0xc4,
0xa0,0x0a,0x65,0xda,0x80,0x4b,0xba,0xa4,0x70,0x1a,0x89,0x86,0x50,0x82,0x1a,0x5d,
0x10,0x77,0x02,0xf0,0x0e,0x7c,0xee,0xc7,0x00,0x08,0x50,0x01,0xcc,0xed,0xc8,0x00,
0x8e,0xd0,0x00,0x2c,0xc7,0x50,0x1c,0x3d,0x1d,0x1b,0x50,0xd0,0x69,0x10,0x1c,0x00,
0x10,0x00,0x69,0x2d,0xf1,0x08,0x49,0x00,0x08,0xbf,0xfb,0xa0,0x04,0xdd,0x20,0x00,
0xb9,0x86,0x00,0x68,0xa3,0xc0,0x4c,0xae,0xca,0x54,0x20,0xc0,0x15,0xa4,0x10,0xf1,
0x10,0xc1,0xed,0x10,0x0c,0x38,0xa1,0x0c,0xfa,0x6b,0x00,0x7c,0x64,0xc0,0x0b,0xda,
0x2c,0x02,0xc7,0xb1,0xb0,0x78,0x5b,0x29,0x00,0x76,0x93,0x8a,0x09,0x93,0x1d,0x60,
0x41,0x0c,0x30,0xdf,0xc0,0x00,0x20,0x2a,0xf1,0x0b,0xf7,0x1b,0x00,0x07,0xc1,0x4b,
0x20,0x0c,0xf9,0xbd,0x90,0x5b,0x92,0x57,0x00,0x66,0x60,0x65,0x00,0x07,0x40,0x84,
0x00,0x08,0x30,0x92,0x18,0x17,0xf1,0x0c,0x0a,0xcc,0xe2,0x08,0x9b,0x98,0x00,0x59,
0xcd,0x83,0x07,0x37,0x34,0x50,0xcc,0xed,0xc3,0x05,0x4b,0x35,0x03,0xc2,0xc0,0xc1,
0x21,0xc9,0x04,0xa2,0x14,0xf1,0x2c,0x7c,0xde,0xca,0x01,0xa6,0x5a,0x00,0x09,0x85,
0x80,0x1c,0xef,0xfc,0x90,0x0d,0xca,0x30,0x0a,0x6c,0x3b,0x09,0x90,0xc0,0xa7,0x20,
0x0c,0x01,0x10,0x00,0xb2,0x7a,0x80,0x4c,0x86,0x00,0x0a,0xb9,0xba,0x40,0xbb,0xac,
0x57,0x0e,0xac,0xa9,0x35,0xc4,0xb7,0xd0,0x89,0x49,0x6a,0x00,0xa8,0x7c,0xb2,0x0b,
0xa8,0x22,0x87,0x00,0xf1,0x10,0xb8,0xed,0x90,0x4c,0x39,0x86,0x0c,0xd7,0x8d,0x00,
0xb9,0x6a,0xcc,0x0e,0xdb,0x93,0x95,0xc4,0xcc,0x94,0xa9,0x4b,0x8c,0x00,0xa8,0x7c,
0xd1,0x0b,0xb7,0x54,0x90,0x8f,0x0d,0xf4,0x33,0x12,0x00,0xad,0xca,0xab,0x06,0x5c,
0xc2,0xa1,0xca,0xad,0xb8,0x01,0x27,0x21,0x01,0xbd,0xfe,0xb4,0x02,0xcd,0xb2,0x03,
0xd2,0xd2,0xd2,0x42,0x1c,0x03,0x30,0x00,0xa8,0xce,0xc1,0x05,0xb0,0x28,0x00,0x0a,
0xb8,0xcd,0x80,0x0b,0x8b,0x75,0xb0,0x0e,0xab,0xb8,0xa0,0x4c,0x3d,0xab,0x90,0x8a,
0x3c,0x28,0x70,0x0a,0x37,0x45,0x60,0x0a,0x56,0x9c,0x10,0xcc,0x03,0xf5,0x30,0x8c,
0xff,0xca,0x03,0xca,0x8c,0x20,0xa1,0x52,0x39,0x03,0xdb,0xbb,0x00,0x5b,0x89,0xb0,
0x07,0xb9,0xa9,0x00,0x01,0x11,0x00,0x6c,0xcc,0xcc,0x30,0x00,0xa1,0x22,0x20,0x00,
0xb1,0x99,0x90,0x09,0xf6,0x11,0x10,0x05,0xe6,0xbe,0xb0,0x09,0xe8,0x49,0x20,0x0b,
0x98,0x78,0x90,0x68,0x8b,0x66,0xa0,0x05,0x74,0x83,0x90,0x07,0x49,0xd0,0xb2,0x09,
0xf0,0x08,0x0b,0x47,0x19,0x01,0xc0,0x68,0x40,0xbd,0x8c,0xc9,0x0a,0xa0,0x00,0x00,
0xdd,0x21,0x10,0x3c,0x57,0xbb,0x39,0x93,0x00,0x49,0x25,0xf3,0x17,0x00,0xb5,0xcc,
0xc4,0x00,0xb0,0x1b,0x00,0x00,0xb8,0xde,0xd0,0x0c,0xe2,0x65,0x10,0x0a,0xd7,0x54,
0x70,0x0d,0x8d,0x79,0xa0,0x4c,0x40,0xca,0x00,0x99,0x20,0xc4,0x00,0x0a,0x18,0x9b,
0x00,0x0b,0x77,0xf8,0x12,0xf4,0x0e,0xc0,0x92,0x80,0x6e,0x7e,0xdc,0x06,0xd1,0x48,
0x00,0x8e,0x6d,0xd6,0x0a,0xb2,0x75,0x02,0xa7,0x19,0x40,0x77,0x6b,0xeb,0x60,0x74,
0x0c,0x00,0x09,0x20,0x80,0x0b,0xf1,0x37,0x92,0x00,0x00,0xb1,0xec,0x80,0x0c,0xed,
0xa7,0x40,0x09,0xe5,0xab,0x00,0x0c,0x99,0x9a,0x60,0x4a,0x79,0xcb,0x50,0x87,0x49,
0x19,0x10,0x09,0x2b,0x0b,0x00,0x0a,0x1b,0xcc,0x00,0x00,0xb6,0xcb,0xb1,0x00,0xa8,
0x41,0x10,0x0d,0xeb,0x7e,0x80,0x0a,0x8b,0x1b,0x00,0x0e,0xbc,0x6e,0x50,0x6c,0x3c,
0x0b,0x00,0x59,0x2c,0xbe,0x40,0x0a,0x2a,0x00,0x00,0x0b,0x3d,0xbb,0x50,0xad,0x07,
0xf1,0x14,0x74,0x68,0x00,0x09,0xd4,0xd9,0xe0,0x01,0xc6,0xb9,0x80,0x0b,0xe2,0xa8,
0x00,0x00,0x88,0x30,0x00,0x1c,0xce,0xcc,0x50,0x00,0xce,0xc0,0x00,0x1b,0x4c,0x5b,
0x10,0x53,0x0b,0x05,0x40,0xdf,0x00,0xf2,0x32,0x07,0x60,0x02,0xc1,0xca,0x00,0xbd,
0xb4,0x84,0x09,0xca,0xba,0x80,0xdc,0x06,0x21,0x3d,0x69,0xa9,0x28,0x93,0xa7,0xb0,
0x19,0x16,0x48,0x00,0xb6,0xbd,0xc4,0x00,0xb6,0xeb,0xc1,0x05,0xd2,0x95,0x50,0x0a,
0xb9,0xbb,0x70,0x0b,0xdb,0xaa,0x90,0x0e,0x8c,0x79,0x70,0x5b,0x43,0xc4,0x10,0x99,
0x4b,0xfb,0x50,0x0a,0x19,0x99,0x00,0x0b,0x76,0x07,0xdf,0x00,0xf1,0x10,0xa0,0xb7,
0x40,0x39,0x8e,0xda,0x0b,0xa9,0xdc,0x90,0xc8,0x9d,0xc4,0x0e,0x7c,0xa7,0x75,0xc2,
0xcc,0x96,0x7a,0x2d,0xdc,0x40,0xa0,0x72,0x70,0x0a,0x57,0x08,0x50,0x4c,0x2b,0xf1,
0x52,0xcc,0x70,0x06,0xb8,0xbb,0x80,0x0b,0xa8,0x66,0xb0,0x0c,0x9b,0xba,0xb1,0x1e,
0x8a,0x9b,0x30,0x6b,0x2d,0x9c,0x30,0x6a,0x05,0x25,0x00,0x0b,0x08,0x49,0x00,0x0b,
0x6c,0xdc,0x50,0x07,0x06,0x30,0x00,0xb2,0xbc,0xc8,0x06,0x7c,0x42,0xa0,0x07,0x6c,
0x66,0x03,0x41,0xd0,0x00,0xb2,0x4f,0x10,0x2c,0x0c,0x78,0x0a,0x49,0x80,0xc3,0x21,
0x70,0x02,0x60,0x05,0x65,0x82,0x00,0xc6,0x7c,0xc8,0x1e,0x98,0xc3,0xa3,0x9f,0x99,
0xa5,0x56,0xd0,0x65,0x06,0xad,0x2a,0x70,0x8a,0x44,0xbb,0x0a,0xcc,0xb3,0x93,0x00,
0x05,0x01,0x04,0x21,0xf2,0x14,0x03,0x0d,0x00,0x00,0xd0,0xc0,0x00,0x1b,0x2f,0xd6,
0x03,0xa3,0x90,0x00,0x48,0x57,0x00,0x06,0x66,0x60,0x00,0x85,0x84,0x00,0x7e,0xde,
0xdd,0x50,0x04,0xbb,0xbb,0xa0,0x00,0x11,0xd1,0xc7,0x2f,0xf2,0x91,0xa2,0xb0,0x00,
0x02,0xa3,0xed,0x50,0x04,0x85,0x80,0x00,0x06,0x76,0x60,0x00,0x08,0x58,0x50,0x00,
0x6e,0xde,0xdc,0x50,0x00,0x47,0x56,0x00,0x04,0x66,0x75,0x00,0x0c,0x74,0x93,0x70,
0x0c,0x9d,0xbc,0x60,0x0c,0xb1,0xc3,0x00,0x1a,0xc0,0xc0,0x00,0x39,0xc0,0xc0,0x20,
0x4a,0xf9,0xc2,0x90,0x9a,0x40,0xbd,0x30,0x00,0x21,0xb0,0x00,0x1b,0x2e,0xc7,0x02,
0x94,0x80,0x00,0xcc,0xed,0xca,0x01,0x68,0x53,0x10,0xb3,0x94,0xc1,0x36,0x0a,0xd4,
0x00,0x39,0xd3,0x00,0x5a,0x50,0x00,0x00,0x08,0xfc,0xdd,0xc0,0x00,0xd0,0x83,0x00,
0x03,0xec,0xa2,0x20,0x08,0x6c,0xb6,0x80,0x1d,0xca,0xdb,0x00,0x24,0x95,0xd0,0x00,
0x01,0xc1,0xb1,0x30,0x0c,0x41,0xa6,0x50,0x56,0x00,0xcc,0x00,0x0b,0xc8,0x89,0x00,
0x64,0x6f,0xf9,0x09,0xcb,0x88,0x10,0xb9,0x46,0x50,0x1e,0xca,0xfe,0x73,0x4a,0x5e,
0xa0,0x06,0x4a,0xb9,0x00,0xb4,0x8b,0x64,0x64,0x40,0xb1,0x30,0x00,0xf1,0x20,0xf1,
0x10,0x6c,0x6d,0xd2,0x08,0x40,0xa8,0x30,0x9c,0x97,0x93,0x0b,0x14,0x14,0x50,0xcb,
0x9d,0xd3,0x0c,0x02,0x9b,0x04,0xed,0x2d,0x80,0x4b,0x04,0xd9,0x03,0x91,0xa1,0x73,
0x7d,0x01,0xf2,0x2f,0xc4,0x44,0x30,0x8a,0x77,0x74,0x0c,0xdb,0xbc,0x10,0x38,0x74,
0xb1,0x4c,0xdb,0xbf,0x90,0x93,0x81,0xc0,0x0c,0xbb,0xbe,0x10,0x00,0x55,0x80,0x00,
0x0b,0xd2,0x00,0x05,0x70,0xa2,0x00,0x75,0x0c,0x03,0x09,0x40,0xd8,0x80,0xab,0x6f,
0x60,0x0c,0x01,0xb0,0x00,0xd0,0x39,0x00,0x0c,0x04,0x80,0x11,0xdb,0x77,0x58,0x68,
0x11,0xdc,0x0e,0x01,0xf0,0x08,0x2a,0x02,0x0a,0xd7,0xc7,0x80,0x0a,0x7f,0x80,0x00,
0xc7,0xd3,0x00,0x66,0x97,0x90,0x2d,0x0b,0x2d,0x25,0x52,0xc0,0x56,0x87,0x19,0xf5,
0x10,0x08,0x21,0x38,0x00,0x58,0xc5,0x60,0x04,0x2d,0xbd,0xb0,0xb6,0xda,0x4a,0x02,
0x2a,0xa4,0x80,0x87,0x9b,0xa4,0x0c,0x57,0x72,0x53,0xa5,0x80,0x85,0x74,0x0c,0xc9,
0x2a,0x03,0xf4,0x34,0x27,0xde,0x30,0x04,0x79,0x18,0x30,0x05,0x1c,0x09,0x50,0x0c,
0x63,0x03,0xa0,0x03,0x3e,0xce,0x20,0x06,0x38,0x4c,0x00,0x0c,0x12,0xf5,0x00,0x59,
0x4c,0xaa,0x00,0x72,0x92,0x05,0x60,0x07,0x30,0x66,0x00,0x38,0xbd,0xc7,0x07,0x2a,
0x94,0xc0,0xb6,0x8a,0x1b,0x04,0x88,0xb3,0xa0,0x68,0xbe,0xb8,0x0c,0x93,0xb5,0x73,
0xaa,0x2b,0x65,0x83,0xcd,0xee,0x40,0x46,0x09,0xf4,0x11,0x16,0xdd,0x60,0x06,0x58,
0x36,0x60,0x04,0x0c,0x07,0x50,0x0d,0x78,0x05,0xe1,0x05,0x32,0x11,0x00,0x06,0x3e,
0xac,0x60,0x0d,0x3a,0x07,0x60,0x49,0x58,0x09,0x40,0xa2,0x12,0x2c,0xc0,0xa0,0x09,
0x30,0x00,0x76,0xad,0xa6,0x00,0x50,0x2d,0x21,0x00,0xbb,0x1d,0xf2,0x26,0x48,0xde,
0xc9,0x00,0x90,0x85,0x20,0x01,0xb1,0xc0,0xc0,0x09,0x5a,0xcb,0xe4,0x07,0x07,0x41,
0x26,0x08,0x20,0x38,0x00,0x04,0x8d,0xdd,0xb0,0x03,0x1a,0x65,0xb0,0x0c,0x39,0x84,
0x10,0x05,0x7e,0xcd,0x50,0x06,0x88,0x9c,0x10,0x0d,0xa2,0xc8,0x00,0x4a,0xc5,0xca,
0x00,0x86,0x89,0xa2,0x03,0xf1,0x2f,0x83,0x08,0x50,0x02,0x9c,0xed,0x90,0x70,0x0b,
0x20,0x0b,0x20,0xc0,0x00,0x24,0xcf,0xc4,0x0b,0x10,0xc0,0x01,0xc0,0x2a,0x00,0x77,
0xab,0xda,0x44,0x02,0x22,0x20,0x07,0x30,0xa0,0x00,0x39,0x8c,0xc8,0x05,0x4d,0x7b,
0x20,0xa4,0x1e,0x90,0x01,0x6c,0x5a,0x70,0x75,0xac,0xb3,0x0c,0x1c,0x0b,0x12,0xb0,
0xc0,0xc0,0x84,0x1e,0xcd,0xde,0x08,0xf1,0x38,0x47,0x59,0x91,0x02,0x89,0x57,0xa0,
0x05,0x3c,0x68,0xb0,0x0b,0x9c,0xdc,0xb0,0x03,0x9b,0xea,0xa0,0x06,0x4a,0xa6,0x90,
0x0c,0x47,0xa3,0x70,0x2a,0x92,0xb5,0x50,0x85,0xb0,0xb6,0x40,0x10,0x10,0x00,0x00,
0x06,0x01,0x37,0x60,0x68,0x9c,0x81,0x02,0x32,0xa5,0x10,0xc6,0xae,0xb9,0x04,0x30,
0xc0,0x00,0x46,0xec,0xd3,0x0b,0x68,0x09,0x31,0xc5,0x70,0xa1,0x85,0x7d,0xce,0x01,
0x1b,0x13,0xf1,0x13,0x47,0x00,0x04,0xba,0xfc,0xc0,0x03,0x23,0xa7,0x10,0x0c,0x3e,
0xcc,0x80,0x04,0x52,0x11,0x30,0x03,0x3b,0xbb,0x00,0x0a,0x59,0xab,0x20,0x2b,0x95,
0x9b,0xa0,0x85,0x93,0x7d,0x60,0x74,0x01,0xf2,0x12,0x6c,0xd6,0xb0,0x09,0xa6,0x9a,
0xb0,0x05,0x9a,0x9a,0xc0,0x0b,0x9a,0x9a,0xb0,0x04,0x9a,0xba,0xa0,0x0b,0xab,0xba,
0x80,0x2a,0x49,0x16,0x70,0x66,0xa9,0x57,0x50,0x96,0x53,0xb6,0x2d,0xf1,0x14,0x08,
0x18,0x56,0x70,0x05,0x6b,0x76,0xa0,0x04,0x08,0xca,0x40,0x0b,0x4b,0x35,0xb0,0x03,
0x5d,0xbc,0x90,0x07,0x76,0x04,0x70,0x0b,0x7c,0xbd,0x60,0x2a,0x93,0x18,0x40,0x63,
0xa1,0x9c,0x50,0x01,0xf3,0x11,0x84,0xdb,0xc7,0x03,0x8d,0x89,0x70,0x52,0xa3,0x76,
0x0b,0x3b,0xbb,0x30,0x35,0x64,0x62,0x08,0x8d,0xae,0x40,0xc7,0x48,0x40,0x3a,0x98,
0xb4,0x89,0x4c,0x77,0xd3,0x00,0x85,0x23,0xf4,0x58,0x94,0xbe,0xb6,0x04,0x60,0xc0,
0x00,0x57,0xce,0xc9,0x0b,0x1c,0x1c,0x00,0x3a,0x69,0x68,0x09,0x44,0x94,0x30,0xc9,
0x59,0xc5,0x48,0x85,0x5b,0x88,0x23,0xd2,0x00,0x08,0x25,0x99,0x50,0x05,0x87,0xb9,
0x70,0x02,0x2a,0xdb,0x60,0x0b,0x59,0xa9,0x80,0x03,0x3d,0xac,0x20,0x08,0x5d,0x9d,
0x20,0x0c,0x5c,0xae,0x10,0x49,0x65,0x2c,0x00,0x82,0x74,0xba,0x00,0x09,0x09,0x06,
0xb0,0x09,0xae,0x9b,0x00,0x05,0x57,0x38,0x10,0x0c,0x9b,0x4d,0xc0,0x06,0xce,0xa9,
0x60,0x0a,0x0b,0x89,0x50,0x1c,0xbe,0xc8,0x30,0x57,0x48,0xb9,0x10,0x72,0x48,0xaa,
0x00,0x6f,0x00,0xf1,0x10,0xa2,0xca,0xc4,0x05,0x7c,0x17,0x40,0x31,0xd9,0xc3,0x0c,
0x1a,0x8a,0x10,0x26,0xcc,0xc2,0x0c,0x89,0x99,0x51,0xb9,0x99,0x93,0x67,0xa9,0x99,
0x2a,0x4e,0xee,0xe5,0xe1,0x00,0xf2,0x37,0x1a,0x1a,0x20,0x07,0xae,0x9d,0xb0,0x05,
0x46,0x5a,0x40,0x0b,0x5e,0x46,0xa0,0x06,0x79,0x48,0x30,0x07,0xa9,0x9e,0x70,0x0b,
0xb9,0x1b,0x00,0x48,0xaa,0x3b,0x00,0x85,0xba,0xa8,0x00,0x07,0x10,0x93,0x00,0x07,
0x8c,0xee,0xb0,0x03,0x6a,0x9a,0x90,0x0c,0x9d,0xee,0x50,0x02,0x25,0x5a,0x30,0x0b,
0x89,0x77,0x10,0x0c,0x9b,0xbb,0x30,0x49,0x01,0x18,0x40,0x73,0x03,0xcc,0x29,0x22,
0xf5,0x13,0x4e,0xbe,0xb1,0x02,0x9a,0xad,0x50,0x06,0x3a,0x92,0xa0,0x0a,0x6a,0xca,
0x90,0x03,0x8a,0xcb,0x80,0x09,0xa6,0x79,0x10,0x0b,0xb9,0x89,0x50,0x48,0xcb,0x96,
0x70,0x75,0x78,0xc0,0x16,0x0f,0xf2,0x14,0x07,0x57,0xbb,0x80,0x01,0xb9,0xa5,0x90,
0x04,0x1b,0x8b,0x80,0x0c,0x6a,0x77,0xd0,0x04,0x6e,0xbc,0xa0,0x05,0x4d,0x9c,0x40,
0x0a,0x2e,0xad,0x20,0x1c,0x19,0x1b,0x10,0x55,0x38,0xab,0x28,0x00,0xf0,0x80,0x10,
0x66,0x00,0x05,0x9c,0xcc,0xb0,0x02,0x2b,0x28,0x30,0x0c,0x86,0xa5,0x90,0x05,0x5d,
0xae,0x10,0x06,0x39,0xe4,0x20,0x0d,0x9e,0x6c,0x20,0x3a,0x4c,0x7c,0x10,0x72,0x69,
0x23,0x40,0x09,0x0a,0x78,0x70,0x08,0xae,0xed,0xd1,0x04,0x19,0x88,0x40,0x0c,0x87,
0xa5,0xb0,0x03,0x5a,0xe9,0x40,0x0b,0x67,0xc9,0x30,0x0c,0x65,0xaa,0x10,0x58,0x44,
0xa7,0x00,0x61,0x03,0x70,0x00,0x08,0x29,0xbb,0x80,0x05,0x78,0x7a,0x50,0x04,0x6b,
0xbb,0xa0,0x0c,0x06,0x77,0x00,0x05,0x9e,0xdd,0x80,0x06,0xab,0xca,0x70,0x0c,0xba,
0xcd,0x60,0x39,0xb4,0x79,0x40,0x82,0xa0,0x7c,0x00,0x05,0x60,0x5c,0xa0,0x02,0x8a,
0xcb,0x91,0x07,0x29,0x87,0xa1,0x09,0x7a,0xd6,0x20,0x02,0x75,0x7b,0x50,0x09,0xb7,
0x44,0x20,0x0c,0xba,0xa7,0x70,0x2b,0xca,0xa9,0x90,0x57,0x73,0xa8,0x40,0x58,0x01,
0xf1,0x14,0x0a,0x3c,0x3a,0x10,0x06,0xb9,0xac,0xc1,0x06,0x8a,0xaa,0xa0,0x0c,0x9c,
0xd9,0x90,0x05,0x4c,0x8c,0x70,0x09,0xaa,0x4d,0x30,0x1a,0x8d,0x3c,0x00,0x57,0xb7,
0x7e,0x40,0x96,0x8d,0x93,0xa6,0x2d,0x00,0xfd,0x07,0xf1,0x0d,0x09,0x05,0x70,0x80,
0x09,0x57,0x63,0xa0,0x05,0x8a,0x6b,0x30,0x00,0x2d,0x92,0x00,0x00,0x4a,0xd0,0x00,
0x01,0xd2,0xa5,0x00,0x2d,0x40,0x2e,0x20,0x6f,0x0d,0xf0,0x31,0xb3,0xce,0xc0,0x08,
0xc9,0x0b,0x10,0x0b,0xe5,0x0d,0x00,0x0d,0xb0,0x0d,0x00,0x06,0x60,0x0c,0x00,0x0a,
0xb0,0x1b,0x00,0x0c,0x92,0x39,0x00,0x67,0x16,0x57,0x00,0x70,0x0b,0xd2,0x00,0x03,
0xcc,0xcd,0x60,0x17,0x77,0xa7,0x01,0x66,0x6b,0x50,0x6b,0xcc,0xc3,0x04,0x09,0x33,
0x00,0x84,0xc5,0xc0,0x01,0x6c,0xb3,0x01,0x8c,0x16,0xa0,0x56,0x32,0x35,0x00,0x2f,
0x24,0x20,0x8d,0xc6,0x75,0x17,0x30,0x7d,0xcc,0xe2,0x64,0x31,0xf2,0x42,0xac,0xcc,
0xe0,0x06,0x32,0x36,0x03,0x99,0x5b,0xa2,0x51,0x42,0x64,0x30,0x00,0x10,0x10,0x00,
0x0d,0x2b,0x10,0x08,0xc9,0xd9,0x44,0xfc,0xad,0xa2,0x19,0x66,0x92,0x00,0xa8,0xaa,
0x70,0x0b,0xbd,0xcb,0x20,0x54,0x22,0x50,0x66,0xb3,0x8b,0x14,0x03,0x03,0x31,0x00,
0xc1,0x39,0x50,0x4b,0xd5,0x68,0x0b,0xae,0xdc,0x83,0xbb,0x5c,0x60,0x04,0xa5,0x9b,
0x05,0xa4,0xb0,0x77,0x05,0x31,0x24,0x02,0xa9,0x4b,0x84,0x53,0x42,0x63,0x40,0xa5,
0x23,0xf1,0x13,0x29,0x81,0x00,0x8a,0xb7,0x87,0x00,0xdd,0xb9,0xb6,0x00,0xd8,0xb8,
0xb4,0x00,0x82,0xc9,0xc2,0x00,0xb5,0x38,0x40,0x01,0xac,0xd9,0x82,0x08,0x48,0xb4,
0xb4,0x09,0x03,0x4d,0x52,0x43,0x27,0x71,0x8d,0xdc,0xec,0x00,0xa9,0xaa,0x9b,0x04,
0x00,0xf2,0x08,0xaa,0xae,0xea,0x02,0x9a,0xa8,0x00,0x04,0x9a,0x98,0x16,0x07,0x79,
0x7b,0xb3,0x0a,0x66,0x90,0x03,0x0b,0x62,0x8c,0xc4,0xdb,0x07,0x11,0x39,0x43,0x34,
0xc0,0xeb,0xdd,0x90,0x1c,0x11,0x11,0x03,0xea,0xa4,0x00,0x66,0x25,0xb4,0x25,0x71,
0x03,0xa0,0x07,0x60,0x92,0x00,0x85,0xe8,0x21,0xf0,0x10,0x94,0x8a,0x70,0xb9,0x49,
0x00,0x0c,0xd8,0xb8,0x30,0xc3,0x6e,0x79,0x0e,0xb8,0xa9,0x52,0x8c,0xa5,0xe0,0x56,
0xbb,0x3c,0x08,0x5c,0xac,0xb2,0xa3,0xfb,0x53,0x80,0x3d,0x04,0xf0,0x33,0xdd,0xdf,
0xc0,0x07,0x01,0xb0,0x01,0xb0,0x2a,0x00,0x6e,0xdd,0xe8,0x00,0x0a,0x86,0x00,0x03,
0x97,0x50,0x01,0xc1,0x93,0x02,0xc5,0x4b,0x20,0x42,0x1c,0xb0,0x00,0x01,0xb1,0x0c,
0x00,0x0a,0xc2,0xcf,0xc0,0x0e,0xf5,0x2b,0x10,0x37,0xb5,0x8a,0x90,0x02,0xc7,0xad,
0x80,0x4b,0xc4,0x3b,0x20,0x37,0x63,0x8c,0x00,0x07,0x43,0x1d,0x00,0x08,0x34,0xe8,
0x15,0x30,0xf3,0x0e,0x50,0x9c,0x07,0x4a,0x0a,0xcb,0xec,0x80,0x1b,0x1c,0x50,0x07,
0x90,0xe6,0x04,0xe7,0x4a,0x80,0x47,0x69,0x3c,0x00,0x76,0xc0,0xb1,0x09,0xa4,0x07,
0x40,0xae,0x1e,0xf0,0x09,0x09,0xce,0xdc,0xc0,0x07,0x4c,0x96,0x60,0x02,0x4b,0x83,
0x00,0x0b,0x6c,0xc7,0x40,0x13,0x8e,0x73,0x30,0x3c,0xcf,0xcc,0x50,0x50,0x0a,0x00,
0x2c,0x1c,0xf1,0x0c,0x08,0xa7,0xaa,0xa0,0x58,0x15,0x81,0x05,0x60,0x85,0x00,0xdc,
0x0e,0xb2,0x09,0x29,0xe7,0x70,0xa4,0xbb,0x1b,0x0c,0x81,0xc0,0x66,0x81,0x0c,0xc9,
0x1a,0xf0,0x11,0x0b,0xda,0xcc,0x80,0x47,0x92,0x29,0x05,0x5a,0x69,0x72,0xdc,0xb7,
0x96,0x09,0x2b,0x99,0x40,0xa1,0x1c,0x10,0x0b,0x74,0xf4,0x46,0xc7,0xc9,0x59,0x00,
0xb2,0x4d,0x30,0xc1,0x05,0xf0,0x24,0xd0,0xad,0xc0,0x64,0x2a,0x83,0x07,0x3a,0x99,
0x21,0xd8,0xb8,0xa0,0x0c,0x6a,0xaf,0x70,0xb4,0xa3,0xc0,0x0c,0x7c,0x0b,0x06,0xcb,
0x61,0xa0,0x10,0x81,0xce,0x40,0x0b,0xda,0xdd,0xc0,0x65,0xb4,0x6c,0x07,0x3d,0xcc,
0xc0,0xc7,0xb7,0x3a,0x0b,0x2d,0xec,0x70,0xb0,0x0b,0xa6,0x28,0xf2,0x2d,0x46,0xb2,
0x0b,0x00,0x00,0x9b,0xeb,0x40,0x0a,0xda,0x49,0xb0,0x56,0xa5,0x8b,0x06,0x47,0xbb,
0x80,0xc8,0x9c,0x97,0x0a,0x2a,0xe9,0x30,0xb2,0xaa,0xa8,0x0c,0x9a,0xa9,0x66,0xa7,
0xaa,0x95,0x00,0x69,0x9b,0x10,0x00,0x50,0xc0,0x00,0x2b,0x2b,0x00,0x09,0xcd,0xec,
0x61,0xb0,0x57,0x00,0x06,0xcd,0xdc,0x20,0x00,0x94,0xae,0x19,0x10,0xb1,0x54,0x1d,
0xf2,0x11,0x50,0x01,0xed,0xec,0xa0,0x39,0x39,0x1b,0x05,0x96,0x84,0x90,0x6c,0xcc,
0xb8,0x08,0x48,0x46,0x60,0xcc,0xec,0xe5,0x0c,0x0b,0x09,0x36,0x70,0xc2,0xb1,0xa1,
0x0c,0xac,0x77,0x2a,0xf4,0x2c,0x60,0x00,0x9d,0xed,0xd5,0x0b,0x19,0x37,0x60,0xcd,
0xfd,0xe4,0x0c,0x0c,0x0a,0x20,0xfc,0xfc,0xf1,0x1a,0x0c,0x00,0x50,0x00,0xd0,0x68,
0x00,0x09,0xdb,0x10,0x04,0xdd,0xed,0x70,0x69,0x89,0x87,0x07,0x8a,0x8a,0x50,0x9c,
0xdc,0xd4,0x00,0xb3,0xa4,0x02,0xbd,0x19,0xd4,0x43,0xc0,0xc1,0x50,0x59,0x0c,0x00,
0x3a,0xd3,0x13,0xf0,0x25,0x03,0x00,0xbe,0xa6,0x70,0x0a,0x8b,0xcb,0xb0,0xa9,0xed,
0x86,0x0d,0xd8,0x8e,0x11,0xbb,0xd7,0x3b,0x3b,0xb7,0xcc,0x34,0xbb,0x77,0x75,0x6d,
0xc7,0x57,0x44,0x20,0x7d,0xe2,0x00,0x39,0x00,0x2d,0xee,0xc3,0x48,0x00,0x75,0x56,
0x00,0x94,0x7e,0xdd,0xe2,0x93,0x00,0xc0,0xa2,0x9e,0x08,0x40,0xd0,0xdd,0xdd,0xc0,
0x45,0x21,0xf1,0x10,0x0c,0x03,0x90,0x0a,0xe6,0x8d,0x80,0xb1,0xbc,0x0c,0x0b,0x29,
0x41,0xb1,0xec,0x7c,0x2a,0x29,0x65,0xa6,0x84,0x77,0x32,0x67,0x5d,0xd5,0x57,0x57,
0x40,0x1d,0xd1,0x64,0x00,0xf1,0x34,0x80,0x08,0x00,0x06,0x33,0x90,0x0b,0xcc,0xcc,
0xb0,0x2b,0x26,0x90,0x0b,0x30,0x06,0x70,0x9d,0xde,0xd1,0x0b,0x66,0xba,0x10,0xc6,
0x6a,0xb0,0x7f,0xdd,0xef,0x70,0x09,0x4a,0x57,0x00,0x0b,0x48,0xad,0xc0,0x0b,0x59,
0xc8,0x00,0x06,0x76,0x28,0x30,0x00,0x42,0x02,0x10,0x0d,0xed,0xed,0x10,0x0c,0x75,
0x9b,0x10,0x0b,0x95,0x7c,0x00,0x8e,0xed,0xdf,0x40,0x9b,0x11,0xf0,0x2b,0x95,0xc3,
0x03,0x7a,0xb7,0x50,0x4c,0xdd,0xc3,0x02,0x29,0x52,0x10,0xaa,0xaa,0xa5,0x0a,0xcc,
0xcb,0x00,0xc7,0x59,0xb0,0x0c,0x85,0x8c,0x07,0xfe,0xdd,0xf5,0x00,0x13,0x71,0x00,
0x0b,0xba,0xc5,0x00,0xc2,0x67,0x40,0xae,0xbb,0xea,0x0a,0x35,0x6c,0x00,0xaa,0xab,
0x90,0x0c,0x96,0xac,0x11,0xb9,0x57,0xc0,0x43,0x00,0xf1,0x04,0x2e,0xdd,0xd5,0x39,
0x00,0x67,0x58,0x00,0x75,0x6d,0xcc,0xe4,0x85,0x00,0xa2,0x9d,0xcc,0xf1,0xb1,0xc9,
0x00,0xf2,0x38,0xed,0xdd,0xc0,0x00,0x13,0xb1,0x10,0x6a,0xcc,0xa9,0x02,0xbb,0xaa,
0x00,0x4d,0xaa,0xe0,0x05,0x84,0x4d,0x00,0x79,0x88,0xc0,0x09,0xbb,0xbb,0x00,0xa1,
0x03,0x90,0x5e,0xbb,0xcd,0x20,0x00,0xc3,0xec,0xd0,0x04,0xd7,0x70,0xc0,0x0d,0xeb,
0x50,0xb0,0x0b,0xd8,0xcc,0xc0,0x0d,0xbd,0x21,0xa0,0x6b,0x6b,0xcc,0x90,0x97,0x4c,
0x05,0x70,0x08,0x2c,0x06,0x60,0x0a,0x1f,0xce,0x40,0xec,0x05,0xf2,0x59,0x13,0x30,
0x4b,0xda,0x85,0x02,0x9d,0xa9,0x40,0x37,0xc5,0x53,0x07,0xf8,0x88,0x60,0xae,0xbb,
0xb2,0x18,0xe8,0x8c,0x30,0x2d,0x99,0xd1,0x04,0x80,0x0c,0x00,0x5d,0xbb,0xd0,0x02,
0x46,0xa4,0x40,0x47,0x9a,0x75,0x02,0xda,0xad,0x20,0x4c,0x88,0xd1,0x05,0xb9,0x9e,
0x00,0x7b,0x99,0xd0,0x3d,0xcb,0xbe,0x40,0x48,0x07,0x30,0x27,0x10,0x18,0x10,0x00,
0x00,0x12,0x40,0x09,0xb8,0xa8,0x70,0x0a,0xa7,0x76,0x80,0x0b,0xbd,0xbb,0xb0,0x0b,
0xab,0x02,0x70,0x0a,0xad,0xae,0xa0,0x2d,0xda,0xba,0x20,0x39,0x9a,0x9d,0x30,0x5d,
0x5a,0x2b,0x20,0x63,0x82,0x09,0x42,0x10,0xf1,0x0f,0x40,0x35,0x30,0x9f,0x9b,0x7d,
0x0b,0xc0,0xc0,0xc0,0x2c,0x0c,0x1b,0x2c,0xe8,0xc2,0x90,0x59,0x2a,0x47,0x0b,0xb5,
0x86,0x65,0x93,0x9d,0xd4,0x50,0x00,0x22,0x7a,0x06,0xf2,0x14,0x09,0x34,0xcc,0xc1,
0x0c,0xf6,0x00,0x00,0x1b,0xa2,0xec,0xa0,0x06,0x95,0x70,0xb0,0x2c,0xb7,0xdc,0x80,
0x08,0x64,0x22,0x20,0x0b,0xb4,0x79,0x30,0x3a,0x92,0x7c,0x00,0xa2,0x0c,0xde,0x0a,
0x0e,0xf0,0x34,0xe9,0xcd,0x60,0x38,0x03,0x66,0x08,0x32,0x98,0x40,0xe9,0x66,0xa1,
0x0d,0xa7,0xcc,0x90,0xbb,0x57,0x69,0x0b,0xb2,0x35,0x72,0xc8,0x55,0x75,0x00,0x01,
0xdc,0x00,0x09,0xd9,0xce,0xc1,0x04,0x62,0x6b,0x20,0x09,0x28,0xaa,0xa0,0x0e,0x99,
0xcc,0x90,0x0b,0xba,0x66,0x80,0x0b,0xb9,0xeb,0x40,0x0a,0xaa,0xc0,0x00,0x2c,0x8a,
0xc9,0x20,0x00,0x13,0x02,0x20,0x74,0x04,0xf0,0x13,0x9e,0x6e,0x00,0x05,0x69,0xdd,
0x50,0xa2,0xb9,0xd5,0x1f,0x9a,0x67,0xb0,0xba,0xbd,0xca,0x0b,0xac,0x98,0x91,0xab,
0xcc,0x97,0x1a,0xb7,0xa5,0x50,0x06,0x23,0xb2,0x03,0xdd,0xdd,0x95,0x16,0x00,0xb4,
0x39,0xf2,0x48,0xac,0xed,0xc8,0x01,0x18,0x41,0x00,0x66,0xa3,0xc0,0x0c,0x1c,0x1c,
0x03,0x93,0xc0,0xa3,0x00,0xca,0x01,0x00,0x00,0x73,0x0a,0x00,0x7f,0xba,0xf9,0x07,
0xd9,0xac,0x70,0x6b,0x45,0x96,0x03,0x98,0x88,0x01,0xbb,0xbb,0xb5,0x03,0x3a,0x42,
0x01,0xd2,0xb3,0xd0,0x34,0xab,0x05,0x20,0x01,0x13,0xa1,0x10,0x08,0xcb,0xbc,0xb0,
0x06,0x8d,0xd8,0x40,0x07,0x95,0x5b,0x20,0x04,0x8e,0x88,0x00,0x1e,0xcd,0xbc,0x50,
0x39,0xa8,0xc8,0x50,0x49,0x86,0x6b,0x40,0x65,0x00,0xb7,0x18,0xf2,0x13,0x06,0xb5,
0x0c,0x00,0x01,0xc1,0x6b,0x80,0x0b,0xf9,0x8a,0xb0,0x06,0x9a,0x68,0xb0,0x0a,0xe8,
0x57,0x40,0x0d,0x91,0x3b,0x60,0x6a,0x50,0x3b,0x00,0x48,0x35,0xc1,0x00,0x0a,0x79,
0x27,0x32,0xf1,0x2f,0x7e,0x7e,0xcb,0x00,0xb3,0x90,0xc0,0xaf,0xb7,0x2a,0x07,0xa6,
0x63,0x90,0xae,0x7c,0xc5,0x0b,0x93,0x47,0x07,0x85,0x93,0xa2,0x17,0x4c,0x07,0x50,
0x96,0x60,0x44,0x08,0xb3,0x80,0x00,0x76,0x8d,0xc8,0x1d,0xcc,0x45,0x70,0xd3,0x3b,
0x41,0x1f,0x8a,0xb9,0x06,0xd3,0x8b,0xa0,0x9a,0x93,0xba,0x02,0xa4,0x2a,0x61,0x0a,
0x4d,0x60,0x85,0x01,0xf2,0x12,0xa5,0x4a,0x20,0x02,0xb5,0xd6,0xc0,0x0b,0xe6,0x8c,
0x30,0x07,0xa8,0xb3,0x00,0x0a,0xe3,0xbc,0x60,0x1c,0x6a,0x86,0x70,0x79,0x54,0xcd,
0x00,0x37,0x33,0xc2,0x00,0x09,0x3a,0xd2,0x0d,0xf1,0x0f,0x7e,0x5e,0xc8,0x00,0xb4,
0x82,0x90,0xae,0x8c,0xb8,0x0a,0x92,0x33,0x10,0xcc,0x9e,0xc7,0x2d,0xa0,0x92,0x08,
0xa3,0xbe,0xc3,0x19,0x20,0xc0,0x00,0xb5,0xcf,0x88,0x05,0xf4,0x10,0x4a,0x5b,0x30,
0x02,0xb5,0xac,0x40,0x9e,0xbb,0xe5,0x08,0xc3,0x67,0x80,0xac,0x45,0x86,0x1c,0x68,
0xbb,0x36,0x96,0x39,0x31,0x08,0x9b,0x69,0x50,0xa6,0x4c,0x74,0xb3,0x19,0xf0,0x05,
0xbb,0xbb,0xbd,0x0c,0x25,0x41,0xc0,0x5d,0x24,0xc2,0x08,0x10,0x02,0x50,0x6d,0xfd,
0xb0,0x00,0x0c,0x10,0x38,0x0c,0x44,0x7d,0xdf,0xdd,0x40,0x89,0x23,0xf0,0x6d,0x67,
0x57,0x60,0x88,0x65,0x87,0x01,0x1a,0x5a,0x01,0xcc,0xfd,0xc6,0x00,0x6c,0xa0,0x00,
0x6c,0x0a,0x80,0x4a,0x10,0x0a,0x30,0x06,0x9b,0xd9,0x70,0x0a,0x66,0x76,0xb0,0x08,
0xa7,0x39,0x70,0x07,0xcf,0xcb,0x30,0x0a,0x3a,0x28,0x50,0x0c,0x8b,0xe9,0x30,0x0c,
0x5d,0x9a,0x20,0x0c,0x96,0x9c,0x00,0x1e,0xbb,0xbe,0x00,0x03,0x68,0xb6,0x40,0x2b,
0x66,0xc3,0x1b,0xec,0xce,0xb0,0x27,0x77,0x50,0x07,0x73,0x3d,0x00,0x9c,0xbb,0xd0,
0x00,0xc4,0x90,0x20,0x6b,0x39,0x38,0x8a,0x10,0xcc,0x20,0x04,0x78,0x5a,0xb0,0x14,
0x98,0xab,0x0c,0xd6,0x77,0x50,0x88,0x9d,0xa8,0x0a,0x99,0xea,0x40,0xe7,0xbb,0xb8,
0x0a,0x5a,0xaa,0x64,0xea,0xaa,0xa5,0x22,0x49,0x9c,0x20,0x6f,0x1d,0xf3,0x7e,0x03,
0xd8,0x9b,0x80,0x0c,0x69,0xb9,0x50,0x03,0xbb,0xbb,0x10,0x00,0x29,0x6a,0x30,0x08,
0x9d,0x98,0x00,0x0c,0xae,0xa9,0x20,0x01,0xcc,0x18,0x40,0x0b,0x5c,0xab,0x20,0x56,
0x0b,0x47,0x00,0x01,0x81,0x45,0x10,0x09,0xcc,0xdd,0xa0,0x06,0x18,0x53,0x10,0x07,
0xce,0xcc,0x50,0x19,0x9d,0x99,0x50,0x05,0x55,0xb8,0x20,0x09,0xe9,0xda,0x30,0x00,
0x70,0xc0,0x00,0x00,0x9c,0x90,0x00,0x00,0x90,0x26,0x00,0x06,0xfb,0xbe,0xa0,0x1c,
0x57,0x78,0x00,0x01,0x89,0xb3,0x00,0x2c,0xdb,0xcd,0x80,0x01,0x27,0x02,0x10,0x02,
0xab,0x67,0x00,0x00,0x93,0xc1,0x00,0x4d,0xdd,0xfd,0x20,0x00,0x91,0x36,0x10,0x06,
0xdc,0xcd,0xb1,0x08,0x36,0x65,0x20,0x01,0xa8,0xab,0x70,0x0a,0x7c,0xd5,0x70,0x0c,
0x8a,0xd7,0x50,0x0c,0x9b,0xc8,0x30,0x0b,0x01,0x1b,0x10,0x2a,0x8a,0x25,0xf3,0x12,
0x02,0xc6,0x7a,0x60,0x0b,0x78,0xb9,0x60,0x03,0xca,0xac,0x20,0x05,0xc9,0x9d,0x20,
0x07,0xb9,0x9e,0x00,0x06,0xc9,0xbc,0x00,0x2b,0xeb,0xdc,0x40,0x08,0x60,0xa1,0x00,
0x59,0x9f,0x3a,0x00,0x98,0x00,0xf1,0x50,0x0b,0xbc,0xdc,0xa0,0x07,0x4a,0x85,0x20,
0x0d,0x77,0x78,0xa0,0x01,0xea,0xb8,0x00,0x02,0xd9,0xa7,0x00,0x03,0xda,0xa8,0x00,
0x05,0x60,0x0c,0x00,0x07,0xca,0xac,0x00,0x01,0x72,0x93,0x50,0x19,0x59,0x83,0x07,
0xbf,0xfa,0x80,0x1b,0xa9,0x90,0x09,0x17,0x23,0x53,0xbb,0xeb,0xb6,0x00,0x8c,0x90,
0x04,0xb9,0x09,0xa2,0x32,0x00,0x03,0x30,0x04,0xa4,0x98,0x00,0x9b,0x8a,0x82,0x04,
0xc8,0x64,0x60,0xce,0xbd,0xc9,0x09,0xa0,0xab,0x00,0xcd,0x49,0xc0,0x4b,0x56,0x4c,
0x07,0x83,0xb0,0xb0,0x09,0x64,0xb7,0x39,0x02,0xf3,0x33,0xb5,0x0c,0x00,0x9b,0x92,
0xe9,0x02,0xb2,0x39,0x10,0xdf,0x55,0x60,0x07,0x95,0xdd,0x60,0xae,0x94,0x47,0x1c,
0x7a,0x25,0x66,0x84,0xa1,0x74,0x08,0x2b,0xcd,0x20,0x03,0xb5,0x6d,0x60,0x08,0xc7,
0x8c,0x60,0x07,0xb4,0xac,0x60,0x0c,0xc6,0x99,0x80,0x0a,0x56,0xcc,0x50,0x0d,0xb8,
0xbb,0x60,0x4c,0x39,0xac,0x40,0x6a,0x0b,0x28,0x20,0x0b,0x0b,0x8c,0x93,0x19,0xfb,
0x40,0x6b,0x10,0x8d,0xe9,0x10,0x00,0x6b,0x38,0x00,0x6d,0xed,0x60,0x01,0x9d,0x4a,
0x50,0x9a,0xdb,0x78,0x07,0x48,0x5b,0x03,0xc3,0xa2,0x95,0x21,0xbc,0x01,0x30,0x02,
0x57,0xb5,0x40,0x36,0x9a,0x64,0x0a,0xbe,0xcb,0x80,0x85,0xa6,0x57,0x02,0xae,0x75,
0x01,0xaf,0xcb,0xd2,0x03,0x5b,0x44,0x03,0xc3,0xc2,0xc0,0x22,0xc9,0x05,0x20,0x0a,
0x77,0xeb,0xa0,0xb8,0x49,0xa3,0x06,0x97,0xa8,0x80,0x1b,0x59,0x30,0x07,0xbd,0x57,
0x20,0x00,0xf3,0x0f,0x05,0xdc,0xdc,0x70,0x6c,0xbc,0xb8,0x08,0x89,0x89,0x60,0x4c,
0xa9,0x72,0x07,0xdc,0xc4,0x00,0x1a,0xb5,0xd0,0x1a,0xae,0x88,0x31,0xa5,0xc4,0xa0,
0x44,0xb9,0x1b,0x3a,0xf1,0x14,0xc3,0xaa,0xa0,0x05,0x81,0x4c,0x20,0x0c,0x95,0x3a,
0x00,0x2a,0xe0,0x59,0x00,0x07,0x50,0x67,0x00,0x2f,0xc0,0x86,0x00,0x12,0x30,0x94,
0x00,0x5c,0xb0,0xb3,0x00,0x32,0x3d,0xfd,0x70,0x47,0x08,0xf1,0x2f,0x6e,0xbb,0x02,
0xa0,0xb5,0x70,0x97,0x9a,0xb1,0x0b,0xe5,0xbc,0xb0,0x77,0x6b,0x2a,0x2d,0xab,0xd8,
0x50,0x16,0xc7,0xd0,0x7b,0xa8,0xbd,0x20,0x09,0x84,0x38,0x01,0x83,0x7a,0x10,0x65,
0x55,0xb0,0x0c,0xb8,0x3c,0x01,0xa9,0x98,0xf0,0x0a,0x2b,0xaf,0x03,0xc8,0xa6,0xd2,
0x02,0x86,0xa7,0x57,0xbd,0x3a,0x39,0x00,0x63,0x30,0x50,0x59,0x20,0xf1,0x2f,0x4e,
0xc8,0x05,0x70,0xc4,0x80,0xc8,0x5c,0x57,0x2c,0xd1,0xb7,0x50,0x65,0xad,0xe3,0x1e,
0xa5,0x6b,0x10,0x21,0x84,0xc0,0x5b,0xba,0x1c,0x03,0x24,0xfc,0xf2,0x01,0x90,0xb7,
0x50,0x65,0x0b,0x25,0x0b,0xa8,0xfa,0x72,0xca,0x0c,0x24,0x09,0x2b,0xfa,0x73,0xe9,
0x0c,0x46,0x11,0x40,0xbb,0x07,0xb8,0x9e,0x58,0x00,0x44,0x3e,0x30,0xec,0x04,0xf1,
0x0f,0x1a,0x52,0x06,0x65,0xd8,0x60,0xca,0x9e,0x30,0x1a,0xa9,0x86,0x00,0x94,0xed,
0xc5,0x2d,0x75,0x85,0x20,0x03,0xb9,0x76,0x6c,0xd7,0xb3,0x80,0x02,0xaa,0x14,0x66,
0x00,0xf0,0x0f,0x3e,0xd5,0x05,0x74,0x75,0x60,0xb7,0xb6,0x74,0x2b,0xe8,0xce,0x30,
0x74,0x93,0xa1,0x3e,0x9b,0xce,0x00,0x01,0xc0,0xc0,0x5c,0x8c,0x0c,0x04,0x17,0xfc,
0xf3,0x5d,0x09,0xf2,0x34,0x02,0x97,0xde,0xd0,0x08,0x69,0x68,0xc0,0x0d,0xba,0x66,
0xc0,0x1a,0x9b,0x65,0xb0,0x09,0x2c,0xdc,0xa0,0x2f,0xac,0x85,0x90,0x00,0x0b,0xa5,
0x70,0x39,0x9a,0xb6,0x60,0x56,0x4e,0xed,0x40,0x00,0x80,0x91,0x00,0x56,0x2d,0xc9,
0x0b,0xac,0xc9,0x41,0xbb,0x09,0xb0,0x09,0x4a,0x8b,0x62,0xe9,0x39,0x34,0x00,0x23,
0x2a,0x05,0xd9,0x6d,0x50,0x10,0x00,0x19,0x80,0x32,0xf5,0x33,0x4d,0xe6,0x07,0x61,
0x0c,0x21,0xdb,0x4b,0xd1,0x17,0xaa,0x52,0x80,0xa3,0x8a,0xa3,0x3d,0x91,0xc3,0x00,
0x03,0x0c,0x00,0x4c,0xb0,0xd0,0x03,0x25,0xcf,0xc3,0x03,0x73,0x7b,0xe1,0x08,0x3c,
0xba,0xb0,0x0b,0xa6,0x4b,0xa0,0x1c,0x6e,0x9d,0x60,0x0a,0x1a,0x3a,0x70,0x2d,0x9e,
0xa8,0x80,0x05,0x4a,0x5b,0x40,0x66,0x76,0x76,0x00,0x00,0xa0,0x81,0x00,0x08,0x21,
0xf2,0x33,0x0e,0x51,0x06,0x58,0x8c,0x30,0xcb,0xdb,0xf5,0x1a,0xaa,0x77,0x80,0x92,
0xc8,0x77,0x2e,0x9d,0xbb,0x40,0x01,0xc0,0x00,0x6d,0x7c,0x06,0x51,0x00,0x8d,0xb0,
0x00,0x80,0x47,0x00,0x05,0x6b,0xfc,0xc0,0x0b,0x83,0xb5,0x20,0x2d,0xcb,0xbc,0x80,
0x08,0x35,0x53,0x50,0x2f,0xb6,0x88,0x00,0x01,0x3b,0x66,0x30,0x6d,0x9a,0x56,0xb0,
0x00,0xb1,0x2d,0x60,0x01,0x03,0xf1,0x12,0x6b,0x40,0x07,0x42,0x8a,0x40,0x0c,0xa8,
0xcc,0xb0,0x08,0x86,0x6a,0x80,0x0b,0x3a,0x56,0x00,0x2a,0x7b,0xdc,0x60,0x03,0x43,
0xf5,0x00,0x7a,0x5c,0x2b,0x30,0x00,0x41,0x01,0xe5,0x03,0xf2,0x61,0x01,0xa4,0xcc,
0x80,0x07,0x52,0x78,0x90,0x0c,0xa3,0x58,0x70,0x1b,0xaa,0xcc,0xc0,0x09,0x24,0x93,
0x40,0x2e,0x86,0xbc,0x30,0x02,0x5a,0xcb,0x00,0x6c,0x94,0xb6,0x60,0x00,0x0a,0x80,
0x10,0x00,0x20,0x02,0x30,0x02,0x98,0xb9,0x70,0x08,0x45,0x65,0x80,0x0c,0xb9,0xdd,
0x90,0x1b,0x95,0xc5,0x40,0x0a,0x38,0xb6,0x40,0x3c,0x78,0xdc,0x30,0x04,0x8b,0xbb,
0x10,0x58,0xc5,0xca,0x00,0x00,0x57,0x25,0x30,0x02,0x70,0x38,0x00,0x08,0x3c,0xbb,
0xd0,0x0d,0x9d,0x99,0xc0,0x0a,0x7c,0xaa,0x70,0x0c,0x5c,0xba,0xa0,0x39,0x8c,0xdc,
0xa0,0x02,0x9b,0xa8,0x90,0x7c,0xe9,0x99,0x80,0x00,0xb9,0x7c,0x50,0x6b,0x3b,0xf1,
0x2e,0x7a,0x30,0x55,0xc7,0x6d,0x0a,0x79,0xab,0xa2,0xeb,0xd0,0xa0,0x06,0xae,0xab,
0x80,0xd7,0xaa,0x19,0x38,0x2a,0xcc,0x71,0x8a,0xaa,0x45,0x45,0x29,0xed,0x40,0x04,
0xce,0xcc,0xa0,0x5b,0xdc,0xb9,0x09,0xac,0xca,0x80,0x27,0xc8,0x50,0x05,0xa6,0x6d,
0x00,0x7b,0x99,0xc0,0x09,0x98,0x8b,0x00,0xaa,0x9b,0x90,0x4e,0xaa,0xbd,0xae,0x02,
0xf0,0x12,0x16,0xa4,0xb2,0x04,0x8b,0xc8,0x60,0x4c,0xdd,0xc3,0x04,0x4a,0x84,0x30,
0x66,0x97,0x64,0x1a,0xae,0xaa,0x40,0x2a,0xda,0x20,0x4c,0x90,0xaa,0x23,0x10,0x00,
0x43,0x00,0x11,0x29,0x20,0xf2,0x13,0xca,0xc4,0x07,0xd8,0x79,0x74,0x00,0xa6,0xaa,
0xa3,0x08,0xe6,0xb8,0xb1,0x03,0x71,0xe2,0xe0,0x0c,0xdb,0xda,0xc0,0x09,0x23,0xb3,
0xb0,0x0c,0x06,0xb6,0xa0,0x56,0x0b,0x7b,0x60,0x90,0x05,0xf1,0x75,0x10,0x00,0x06,
0xc5,0x9a,0xc0,0x07,0xa8,0x8a,0x90,0x0a,0xf9,0xcb,0x90,0x09,0xc7,0xb7,0x90,0x16,
0x93,0xc6,0x90,0x0c,0xcd,0xdb,0x70,0x2c,0xc8,0x95,0x60,0x39,0x97,0x96,0x40,0x5e,
0xd8,0x9c,0x10,0x09,0xcc,0xac,0xc0,0x7d,0xc7,0xdc,0x03,0x14,0x30,0x50,0x6b,0xcb,
0xc4,0x08,0xad,0xac,0x30,0x6d,0xad,0xa1,0x08,0xe9,0xe9,0x13,0xac,0xac,0xa3,0x2a,
0x70,0x8a,0x10,0x00,0x07,0x40,0x20,0x4c,0xec,0xd6,0x00,0x0a,0x6a,0x00,0xcc,0xfd,
0xca,0x03,0xcc,0x53,0x04,0xbd,0x66,0xd0,0x02,0xeb,0xbe,0x00,0x48,0x00,0xd0,0x05,
0xdc,0xcc,0x00,0x03,0xb2,0x6a,0x40,0x9c,0x5a,0x50,0x1c,0xd4,0xa8,0x20,0x65,0x5d,
0x61,0x5d,0xc1,0xb1,0x10,0xf7,0xcf,0xb4,0x7d,0x80,0xb0,0x07,0xb0,0x0b,0x47,0x0b,
0x00,0xdf,0x1a,0xf2,0x11,0x04,0xd7,0xcc,0xb0,0x5c,0x8b,0xbb,0x08,0xc9,0x88,0x90,
0x58,0x5b,0x94,0x1d,0xba,0xdb,0x60,0xd6,0xa9,0x69,0x4e,0x8c,0xcd,0x75,0xa2,0xa4,
0x95,0x0a,0x37,0xac,0x10,0xd0,0x3c,0xf1,0x11,0x20,0xce,0xaa,0x39,0x0a,0x66,0x9b,
0x70,0xbd,0x69,0xc6,0x0b,0x81,0x47,0x00,0xde,0x8e,0xd9,0x0a,0xb0,0xa7,0x03,0xce,
0x3b,0xa0,0x56,0xb7,0x6b,0x10,0x1a,0xb0,0x45,0x26,0x00,0xf0,0x01,0xb9,0x24,0x07,
0xac,0xac,0x80,0x5a,0xab,0x29,0x03,0x25,0x3a,0x40,0x5d,0xbb,0xd0,0x2a,0x05,0xa5,
0x8b,0xaa,0xd0,0x0a,0x22,0x1c,0x00,0xc0,0x6d,0x70,0x6f,0x02,0xf3,0x15,0xb0,0x65,
0x50,0x07,0x6c,0x8d,0x60,0x0a,0x89,0xa2,0x80,0x0d,0xaa,0x5d,0x90,0x0c,0x2b,0x30,
0x00,0x1c,0x89,0xd9,0x50,0x2d,0xb8,0xd4,0x10,0x48,0x68,0x93,0x80,0x59,0xd2,0xdc,
0x20,0x00,0x46,0x3d,0xf2,0x0f,0xbd,0x08,0xa1,0x0b,0xa5,0x97,0x10,0xcc,0x28,0x66,
0x0c,0xbb,0xab,0x81,0x9a,0x7c,0xd0,0x3d,0x9b,0xab,0x06,0x7b,0x9b,0x91,0x97,0xc2,
0xb4,0x8a,0xc3,0xca,0x33,0x11,0xf5,0x14,0xc1,0x98,0xd1,0x0b,0xaa,0xdb,0x91,0x0d,
0xa4,0x5a,0xa0,0x1c,0xa7,0x5a,0xa0,0x39,0xad,0x8a,0xa0,0x5c,0x7a,0x5a,0xa0,0x77,
0x8d,0xbe,0x60,0xa8,0xb5,0xc6,0x00,0xad,0x10,0x55,0x00,0xf0,0x1a,0xe0,0x00,0x3e,
0xdd,0xd4,0x57,0x00,0x75,0x6e,0xcc,0xe4,0x84,0x00,0xb2,0xac,0xcb,0x09,0x12,0xe0,
0xcb,0x09,0x10,0x08,0x08,0x2b,0x21,0x4a,0x13,0x8b,0x38,0xc4,0x0a,0xeb,0xbc,0x40,
0x00,0x09,0x31,0x00,0x0a,0xdf,0xdd,0x10,0x17,0x27,0xf4,0x15,0x6d,0xdf,0xdd,0x30,
0x00,0xa0,0x38,0x00,0x9d,0x8c,0xc9,0x0b,0x97,0x21,0x00,0xaa,0x7d,0xd0,0x3e,0xd7,
0x7b,0x03,0xda,0x85,0xb0,0x69,0xe9,0x3b,0x09,0x5b,0xb2,0xa9,0xa7,0xb8,0x0d,0x40,
0x0f,0x12,0xf2,0x0e,0x00,0xd0,0x09,0xd7,0xde,0xa0,0xb9,0xa7,0x0b,0x0a,0xc5,0x40,
0x04,0xee,0x68,0x94,0x3d,0xa6,0xe5,0x06,0xae,0x75,0x13,0xa5,0xb7,0x45,0x6a,0x89,
0x3d,0x2c,0x06,0xf0,0x1b,0x55,0x00,0x00,0x1d,0xbe,0x40,0x0c,0x31,0xc0,0x03,0xbd,
0xdd,0xd5,0x07,0x57,0x47,0x50,0x8c,0xbb,0xb2,0x0a,0x20,0x01,0x20,0xa4,0x00,0xa5,
0x02,0xcd,0xc6,0x00,0x05,0x70,0xc0,0x0a,0xee,0xde,0xd0,0x05,0x32,0x60,0x09,0xde,
0x43,0xd0,0xc0,0x65,0x00,0x1b,0x08,0x40,0x02,0x97,0xb1,0x00,0x48,0x56,0x00,0xc0,
0x23,0xf2,0x80,0x07,0xbc,0x9e,0x90,0x01,0x75,0x48,0x20,0x00,0x75,0x83,0x00,0x03,
0xc0,0x3a,0x00,0x2d,0xcb,0xbe,0x60,0x00,0x85,0x58,0x40,0x00,0xc0,0x66,0x00,0x0a,
0x76,0x93,0x00,0x66,0x0c,0xb0,0x00,0x00,0x76,0x1d,0x10,0x09,0xec,0xbe,0xb0,0x00,
0x46,0x54,0x00,0x06,0xde,0xcd,0x10,0x08,0x4a,0x2b,0x00,0x2e,0xdf,0xcf,0x70,0x00,
0x7c,0x70,0x00,0x19,0xa0,0xa7,0x00,0x45,0x00,0x08,0x10,0x00,0x76,0x49,0x00,0x0a,
0xdc,0xcd,0xa0,0x06,0x73,0x54,0x00,0x03,0x9d,0xad,0x10,0x0a,0x2c,0x0b,0x00,0x03,
0x4b,0xcb,0x00,0x09,0x69,0x01,0x20,0x1c,0x39,0x07,0x50,0x63,0x0c,0xca,0x00,0x01,
0x67,0x2c,0x10,0x08,0xdc,0xbd,0xa0,0x00,0x85,0x57,0x40,0x04,0x95,0x58,0x90,0x0d,
0x7e,0xd6,0x50,0x4c,0x78,0xb8,0x40,0x09,0x5b,0xa9,0x20,0x0b,0x04,0x2b,0x00,0x0c,
0x02,0xca,0x56,0x0a,0xf2,0x5b,0xaa,0x7d,0x60,0x04,0xa8,0x6a,0x50,0x09,0xcc,0xcc,
0x60,0x03,0x69,0x1a,0x10,0x00,0x85,0x66,0x00,0x2c,0xce,0xcc,0x60,0x00,0xbe,0xc1,
0x00,0x2c,0x5c,0x4d,0x30,0x33,0x0c,0x03,0x30,0x06,0xac,0x9d,0x80,0x04,0x97,0x68,
0x40,0x07,0xec,0xcc,0x50,0x1b,0x93,0x34,0x80,0x07,0x8d,0x76,0x70,0x0a,0xbd,0xaa,
0x50,0x09,0x38,0x99,0x30,0x08,0xaa,0x8b,0x20,0x00,0x00,0xca,0x00,0x05,0x9a,0x6d,
0x60,0x05,0xa8,0x7b,0x50,0x08,0x45,0xda,0x20,0x03,0x5d,0x6c,0x10,0x0b,0x22,0xf8,
0x00,0x02,0x7b,0x39,0x90,0x08,0x3d,0xbd,0x10,0x1c,0x0b,0x0c,0x00,0x74,0x1e,0xbd,
0xc6,0x0c,0xf2,0x13,0xac,0x9c,0x80,0x03,0xa7,0x67,0x40,0x06,0xdb,0xbb,0x60,0x0c,
0x39,0x94,0x90,0x06,0x9c,0x88,0x70,0x0a,0xbd,0xc6,0x50,0x0b,0xab,0xd8,0x40,0x0c,
0xba,0xd8,0x20,0x0a,0x37,0xac,0x81,0x10,0xf6,0x38,0xcc,0xae,0x90,0x01,0x64,0x37,
0x10,0x03,0x72,0xd1,0x00,0x0b,0xb7,0xca,0x60,0x0b,0xc6,0x3a,0x00,0x0a,0xdb,0xb9,
0x00,0x0c,0x86,0x9c,0x00,0x0c,0x96,0x7c,0x00,0x8f,0xed,0xdf,0x40,0x08,0xcd,0xbe,
0xb1,0x01,0x42,0x1a,0x50,0x0a,0x7a,0xae,0xb0,0x0b,0xb9,0x8b,0x40,0x05,0xbc,0x7b,
0xa0,0x1e,0xcc,0xae,0x60,0x0b,0xbc,0x5e,0x20,0x6a,0x6a,0xeb,0xa0,0x0a,0x0a,0x39,
0x80,0xbf,0x02,0xf0,0x33,0x88,0x20,0x09,0xe7,0xd8,0x70,0x0a,0xb8,0x9e,0x00,0x0b,
0xbc,0x85,0xa0,0x2e,0xe7,0xcc,0x60,0x07,0x24,0xa9,0x20,0x09,0x93,0xa7,0x10,0x2c,
0xd9,0xda,0x50,0x44,0x60,0xa1,0x00,0x00,0xa6,0xcc,0xa0,0xad,0x9c,0xca,0x0b,0xcb,
0xbb,0x91,0xcc,0x2b,0x61,0x2d,0xc9,0xca,0x01,0xb6,0x3c,0xa2,0x0a,0x69,0xd7,0x40,
0xcb,0x9a,0x90,0x55,0x5a,0x93,0x20,0x20,0x40,0xf2,0x10,0x0c,0x3d,0xdc,0x09,0x60,
0x00,0x01,0x94,0x00,0x00,0x02,0xd9,0xdf,0xb2,0xe6,0x00,0xd0,0x5b,0x50,0x0d,0x00,
0x93,0x01,0xc0,0x0b,0x27,0x3a,0x00,0xc0,0xbd,0x30,0x61,0x0f,0xf1,0x4f,0x93,0x00,
0xae,0x5a,0x20,0x00,0x93,0xb6,0x00,0x3a,0x0d,0x93,0x1d,0xd5,0xd3,0x95,0x8c,0x4c,
0x08,0x08,0x42,0xb0,0x00,0x92,0x39,0x00,0x0b,0x04,0x80,0x00,0x02,0x46,0xb4,0x40,
0x47,0xab,0x76,0x03,0xcd,0xdc,0x40,0x01,0x85,0x10,0x0a,0xbf,0xdb,0x70,0x1b,0x88,
0x72,0x4d,0xc0,0xf6,0x00,0x2d,0xa6,0xa0,0x0b,0x81,0x06,0x40,0x03,0x47,0xa4,0x30,
0x57,0x77,0x76,0x01,0xeb,0xbd,0x01,0xad,0x99,0xf8,0x06,0xa5,0x5d,0x20,0x3e,0xdc,
0x80,0x2a,0xe3,0xbb,0x34,0x3c,0x2b,0x90,0x0a,0xda,0x27,0x40,0x4c,0x20,0xf1,0x13,
0x0b,0x00,0x0b,0xd7,0xde,0xb0,0x00,0xca,0x58,0xb0,0x07,0x6b,0x67,0x10,0x2f,0xcd,
0xec,0x60,0x6c,0x9b,0xb9,0x20,0x0b,0x38,0x99,0x00,0x0b,0x95,0xcb,0x00,0x0b,0xaa,
0x14,0x60,0x6e,0x01,0xf1,0x38,0x56,0x0c,0x00,0x05,0x97,0xcf,0xc0,0x03,0xd3,0x2a,
0x00,0x0a,0xb5,0xcc,0x70,0x01,0x29,0x41,0x00,0x1b,0xef,0xdb,0x60,0x19,0xd3,0xba,
0x00,0x25,0xb6,0xa8,0x00,0x0a,0xc7,0x06,0x40,0x01,0x94,0xb8,0x90,0x09,0xd8,0xbc,
0x90,0x01,0xcc,0xac,0x90,0x08,0xa5,0x46,0x20,0x3f,0xc7,0xaa,0x30,0x1a,0x5c,0xcc,
0x60,0x0b,0x13,0xb4,0x00,0x0b,0x83,0xb8,0x20,0x0b,0x59,0x82,0x30,0x67,0x12,0xf2,
0x5c,0xce,0xec,0xc0,0x00,0x0b,0xb0,0x00,0x07,0xde,0xfc,0x30,0x0b,0x58,0xb7,0x50,
0x0c,0x76,0xb9,0x40,0x0d,0xe1,0xde,0x20,0x0f,0x60,0x1d,0x00,0x1b,0x00,0x0c,0x00,
0x2f,0xdd,0xdd,0x00,0x09,0xce,0xed,0xc1,0x00,0x1a,0x93,0x00,0x0a,0xce,0xec,0x80,
0x0c,0x8b,0xd8,0x80,0x03,0x5d,0x44,0x20,0x2c,0xfc,0xed,0x60,0x04,0xd3,0xc1,0x00,
0x02,0xce,0xc4,0x00,0x6a,0x50,0x2a,0x20,0x08,0xae,0xdb,0xa0,0x07,0xad,0xda,0x60,
0x09,0xac,0xca,0x70,0x03,0x8b,0xa9,0x60,0x0a,0x7d,0x9a,0x10,0x07,0x7e,0xce,0x20,
0x3e,0x2c,0xca,0x00,0x0a,0x7c,0x9a,0x00,0x0b,0x6a,0x9a,0x20,0x92,0x03,0xf1,0x13,
0x5d,0xca,0x00,0xce,0xa5,0x1b,0x00,0x37,0x87,0x99,0x00,0x56,0x97,0x97,0x04,0xed,
0xc8,0x96,0x00,0xb6,0x2b,0x31,0x00,0xcc,0x2f,0x54,0x07,0x64,0xc9,0x69,0x0b,0x0a,
0x43,0xd4,0xd4,0x0e,0xf3,0x10,0x96,0xdc,0x80,0xbd,0x92,0x29,0x01,0xba,0x69,0x70,
0xa6,0xb7,0x95,0x7f,0x9b,0xa9,0x45,0xb0,0x0c,0x00,0x0c,0x04,0xf3,0x20,0xc2,0xca,
0x59,0x0c,0xa2,0x5e,0x30,0x00,0x02,0xf2,0x10,0x87,0x87,0x50,0x09,0x77,0xdc,0xa0,
0xb8,0xa5,0x90,0x03,0x53,0x15,0x00,0x4d,0xaa,0xb0,0x06,0x6a,0x1b,0x00,0x85,0xe6,
0x90,0x02,0xca,0x64,0x35,0xb3,0x2c,0xc1,0xa4,0x09,0xf1,0x0d,0x30,0x01,0xc5,0x9a,
0x01,0xce,0xcf,0xd9,0x02,0xc4,0xc3,0xb0,0x1c,0x9c,0x8a,0x04,0xdb,0xdb,0x80,0x83,
0x76,0x57,0x0b,0x07,0x67,0x54,0x60,0x89,0xde,0x0e,0x00,0x0b,0x08,0xf3,0x14,0x04,
0xd3,0xae,0xd0,0x0c,0x87,0x47,0xb0,0x0e,0xe8,0xc9,0xb0,0x0c,0xab,0x68,0x10,0x1c,
0xda,0xee,0x60,0x3c,0xcb,0x5a,0x00,0x5b,0xca,0xbe,0x50,0x86,0x95,0x37,0x00,0xa0,
0xc2,0x56,0x73,0x02,0xf0,0x0f,0x0a,0x00,0x6c,0x91,0xb0,0x0c,0xa7,0xbd,0xc0,0xaa,
0xba,0xaa,0x0c,0xdb,0xcc,0xa0,0xb9,0xba,0xc5,0x1d,0xd8,0x4a,0x54,0x8a,0x66,0xd7,
0x72,0xb9,0xa4,0x70,0xc8,0x01,0xf3,0x09,0x35,0xb3,0x30,0x06,0x88,0x88,0x80,0x02,
0xdd,0xdd,0x20,0x01,0x44,0x44,0x00,0x03,0x77,0x77,0x00,0x08,0xcc,0xca,0x00,0x0c,
0x02,0x00,0x23,0x0f,0xcc,0xe3,0x13,0xf0,0x54,0xcd,0x5e,0xc0,0x0b,0xa9,0xc8,0x90,
0x1c,0x9a,0x2f,0x30,0x09,0xcb,0x96,0x90,0x3a,0xac,0xba,0x80,0x04,0x99,0x98,0x00,
0x05,0x99,0x97,0x00,0x0e,0x99,0x9c,0x00,0x1e,0xaa,0xad,0x00,0x07,0x40,0x2a,0x00,
0x1a,0x04,0x80,0x01,0x00,0x66,0x01,0xd6,0xde,0xec,0x08,0x30,0x93,0x00,0x92,0x0b,
0x20,0x0b,0x70,0xc0,0x01,0xd7,0x0d,0x00,0x24,0x00,0xd0,0x00,0x06,0x50,0x76,0x00,
0x1c,0x08,0x50,0x01,0x00,0x93,0x01,0xd5,0x0c,0x30,0x07,0x50,0xe4,0x00,0x94,0x2e,
0x70,0x0a,0xda,0x5b,0x03,0xb5,0xc0,0xc2,0x00,0xc2,0x04,0x30,0x55,0x06,0xf1,0x0f,
0x10,0x70,0x00,0x67,0x88,0x5c,0x02,0x2b,0x14,0xb1,0xd4,0xc0,0x76,0x07,0x49,0x4d,
0x10,0x93,0x3e,0x70,0x0b,0xc4,0xf4,0x02,0xb6,0xd4,0xd2,0x01,0xa1,0x03,0xf4,0x1a,
0xf1,0x10,0x59,0x7c,0xd8,0x00,0x80,0x03,0x90,0x71,0x00,0x47,0x09,0x68,0xcd,0x60,
0x75,0xc0,0x00,0x08,0x4c,0x00,0x00,0xad,0xc0,0x11,0x1c,0x3c,0x08,0x50,0x00,0x9c,
0xa0,0xb0,0x05,0xf3,0x0a,0x48,0x00,0x00,0x89,0xdc,0x90,0x62,0xb6,0x60,0x0a,0x40,
0x84,0x00,0x87,0xce,0xd9,0x0a,0x20,0xb1,0x00,0xcb,0x0c,0x00,0x3c,0x20,0x4b,0x3a,
0xf0,0x36,0x00,0x00,0x68,0x5e,0xe2,0x00,0x87,0x49,0x20,0x61,0xc1,0xa4,0x0a,0x75,
0x04,0x60,0x56,0xec,0xe2,0x07,0x58,0x4c,0x00,0x9d,0x3f,0x50,0x3b,0x4b,0xb9,0x00,
0x07,0x30,0x62,0x07,0x40,0x29,0x00,0x01,0x9b,0xde,0xc0,0x06,0x01,0xb0,0x00,0x1a,
0x53,0xec,0x30,0x08,0x46,0x56,0x60,0x0a,0x59,0x27,0x40,0x0b,0xbc,0x09,0x20,0x3a,
0x59,0x2b,0x10,0x00,0x91,0xba,0x00,0x50,0x48,0xf2,0x52,0x59,0x8c,0xfc,0x00,0x70,
0x0c,0x00,0x60,0x23,0xa0,0x1c,0x59,0x69,0x00,0x84,0xa6,0xd6,0x09,0x3b,0x66,0x00,
0xb8,0xc7,0x40,0x2d,0x6c,0x93,0x01,0x2a,0xfe,0xd4,0x05,0x50,0x0b,0x90,0x00,0x76,
0x6d,0x80,0x05,0x15,0x5c,0x50,0x09,0x6c,0x9b,0x00,0x07,0x49,0x2a,0x00,0x09,0x2a,
0x1a,0x00,0x0a,0x7b,0x0a,0x60,0x2d,0x6d,0x7b,0x90,0x12,0x56,0x0b,0x50,0x04,0x30,
0x36,0x80,0x1b,0x6b,0xa2,0x01,0x01,0x77,0x11,0xc5,0xad,0xb9,0x08,0x40,0xa2,0x00,
0xa2,0xcc,0xd3,0x0b,0x5c,0x08,0x41,0xe7,0xb0,0x92,0x23,0x2e,0xe0,0x36,0xf1,0x10,
0x65,0x39,0x00,0x01,0x8b,0xcc,0xb0,0x36,0xc4,0x1c,0x1b,0x5c,0x86,0xc0,0x84,0xec,
0x6b,0x0a,0x49,0x76,0x90,0xc3,0xbb,0x67,0x0d,0xa0,0x26,0x53,0x60,0x0b,0xc1,0xc3,
0x1b,0xf3,0x11,0x70,0x91,0x90,0x00,0x87,0xed,0xd0,0x06,0x20,0x48,0x00,0x08,0x77,
0xde,0x80,0x06,0x60,0x84,0x00,0x08,0x4a,0xdb,0x70,0x0a,0xc2,0xc3,0x10,0x1d,0x40,
0xc0,0x00,0x03,0x83,0x11,0xf1,0x10,0x94,0x9e,0xca,0x02,0x90,0xa2,0x00,0x10,0xbf,
0xf5,0x1d,0x30,0xc6,0x50,0x95,0xaa,0xa8,0x0b,0x1b,0xcc,0x20,0xc6,0xc0,0x84,0x2e,
0xaa,0x09,0x21,0x23,0xec,0xe1,0x3f,0x01,0xf0,0x2f,0x8c,0xc8,0x00,0xaa,0x23,0x90,
0x10,0xba,0xb8,0x1d,0x45,0x66,0x30,0x84,0x7d,0x83,0x0a,0x5c,0xfc,0x60,0xc7,0x5d,
0x50,0x3c,0x8c,0x1c,0x20,0x06,0x00,0x23,0x07,0x17,0x05,0x20,0x58,0x53,0xc0,0x01,
0x1e,0xcd,0x52,0xc5,0x90,0x65,0x0b,0x5e,0xce,0x30,0xc0,0xa7,0x50,0x0e,0x8c,0x74,
0x75,0xa9,0x67,0x4a,0x04,0x90,0x3d,0x40,0xf7,0x03,0xf0,0x35,0x44,0x8a,0x50,0x2a,
0x6b,0xa6,0x02,0x06,0xdb,0x50,0xb8,0x9a,0x98,0x07,0x5c,0xac,0x20,0x83,0xd9,0xd2,
0x0a,0xbe,0xad,0x02,0xc4,0x91,0xb0,0x00,0x37,0xaa,0x00,0x06,0x53,0x7b,0x50,0x00,
0x75,0xaa,0x40,0x0a,0x39,0x89,0xc0,0x07,0x58,0x8a,0x70,0x08,0x49,0x74,0x00,0x0a,
0x5b,0xec,0x50,0x0c,0x85,0xe1,0x00,0x4a,0x8b,0x3c,0x20,0x00,0x50,0x02,0x10,0x01,
0x85,0x05,0xf2,0x13,0x5d,0xcc,0xd0,0x03,0x5b,0x43,0xc0,0x06,0x1a,0xc8,0xc0,0x0a,
0x5b,0xd8,0xb0,0x0a,0x59,0x74,0xa0,0x0b,0x7a,0xaa,0x90,0x0d,0xe9,0xda,0x70,0x47,
0xd1,0x36,0x50,0x02,0x90,0xbc,0x6b,0x23,0xf0,0x00,0x40,0x94,0x60,0x02,0x98,0xee,
0xb0,0x00,0x29,0xbb,0x90,0x0d,0x56,0xbc,0x50,0xa2,0x15,0xf2,0x00,0x07,0x3b,0x9b,
0x30,0x09,0xce,0xad,0x40,0x0c,0x5b,0x09,0x20,0x25,0x1e,0xbe,0x00,0x43,0xf1,0x57,
0xd6,0x40,0x01,0xc5,0x99,0x00,0xcd,0xbe,0xb0,0x03,0xa2,0x2b,0x10,0x48,0x84,0xc0,
0x06,0x6b,0x2c,0x00,0x35,0xf3,0x60,0x06,0xd4,0xa9,0x03,0x71,0x00,0x62,0x00,0x00,
0x02,0x00,0x0a,0xcb,0x1b,0x00,0x0a,0x5a,0x7e,0xc0,0x0a,0xbb,0xe5,0x80,0x0b,0xce,
0xe7,0x50,0x1b,0xc7,0xac,0x10,0x3c,0xb5,0x8b,0x00,0x0a,0xa0,0xb9,0x00,0x5a,0x99,
0x8b,0x30,0x40,0x06,0x01,0x40,0x0a,0xb9,0x0c,0x00,0x96,0x91,0xe9,0x0a,0xc8,0x2a,
0x30,0xbc,0x76,0x90,0x1b,0xc9,0xca,0x83,0xbb,0x86,0x47,0x09,0x47,0x46,0x60,0xcb,
0x93,0x74,0x94,0x8b,0xce,0x31,0x28,0x49,0xf0,0x0d,0xad,0x80,0x9e,0x90,0x2a,0x00,
0xc0,0x03,0x80,0xbe,0x7e,0xc6,0x07,0xb2,0xb0,0x02,0xad,0x6a,0x48,0x4e,0x90,0xcc,
0x28,0x5c,0x10,0x12,0x90,0x4c,0x9d,0x07,0xf1,0x0f,0xce,0xc0,0x08,0xf6,0x65,0xb0,
0x00,0xc1,0xd3,0xb0,0x0b,0xe8,0x4a,0x40,0x09,0xb3,0xdc,0x40,0x2a,0xd7,0x66,0x50,
0x4e,0x96,0xdd,0x30,0x85,0xc1,0x01,0x20,0x24,0x00,0xf1,0x0e,0xfc,0xcd,0x30,0x1b,
0x00,0x84,0x03,0x90,0x09,0x30,0x3c,0xdd,0xc1,0x01,0x37,0x50,0x00,0x66,0x9d,0xc0,
0x0b,0x4a,0x10,0x01,0xdc,0xd0,0x00,0x84,0x4d,0x2a,0x33,0xf0,0x31,0x0a,0xc8,0xec,
0xc0,0x0b,0x49,0x90,0x00,0x0b,0xd9,0xdb,0x40,0x02,0xb5,0x65,0x70,0x19,0xd8,0x46,
0x60,0x39,0xa9,0xcc,0x40,0x49,0x7a,0x10,0x00,0x6c,0xfc,0x00,0x00,0x66,0x1d,0xcc,
0x30,0x0c,0xc8,0xdc,0x70,0xba,0xa4,0x38,0x0f,0xea,0xcd,0x71,0x66,0xc5,0x95,0x6a,
0xac,0xc7,0x28,0xa2,0xc9,0xb3,0x9b,0x7b,0x67,0x0b,0x87,0xe7,0xc2,0xfd,0x12,0x00,
0xf6,0x00,0xf1,0x35,0x09,0xc7,0x6b,0x50,0x0a,0x58,0xc6,0xb0,0x0c,0xcc,0xda,0x50,
0x01,0xa0,0x7e,0x00,0x1a,0xb9,0x83,0xb0,0x2a,0xa4,0xcb,0x30,0x4a,0x75,0x56,0x40,
0x6d,0xe8,0x48,0x30,0x54,0x08,0xce,0x10,0x09,0xc4,0xbb,0x20,0xa8,0xcb,0xba,0x09,
0xdb,0x9e,0x60,0x28,0x48,0xa0,0x1b,0xb9,0x8d,0x03,0xba,0xe8,0xc7,0x5b,0x5a,0x76,
0x28,0xea,0xb6,0x5a,0x31,0x92,0x3d,0x40,0xc7,0x14,0xf2,0x0e,0x58,0x00,0xaa,0xbb,
0xba,0x0b,0xab,0x99,0x81,0x74,0x12,0x20,0x5b,0x9c,0xec,0x57,0xb1,0x6b,0x60,0x8b,
0x48,0xba,0x0c,0xde,0x3b,0x92,0x10,0x4c,0x73,0x15,0x0a,0x00,0xde,0x1c,0xf3,0x0f,
0xaa,0xad,0x00,0x00,0xba,0xad,0x00,0x00,0xc5,0x5c,0x80,0x00,0xc5,0x5f,0x50,0x2b,
0xbb,0xfb,0x00,0x00,0x2b,0x98,0x00,0x29,0xb5,0x56,0x00,0x33,0x0b,0xd2,0xd5,0x1a,
0x40,0x00,0x00,0x09,0xee,0x67,0x34,0xd0,0x40,0x00,0x05,0x94,0x80,0x00,0x0d,0xde,
0xed,0x50,0x00,0x07,0x50,0xf5,0x34,0x11,0x50,0x82,0x31,0x13,0x0c,0x97,0x46,0xf2,
0x0f,0x00,0xc0,0x0a,0xe8,0xce,0xb0,0x87,0x06,0x60,0x0b,0xb6,0xfc,0xa2,0xff,0x5d,
0x10,0x03,0xa5,0xcc,0x73,0xae,0x54,0xc2,0x27,0x61,0xd9,0x00,0x65,0x02,0xa0,0x76,
0x32,0xf2,0x12,0x29,0x00,0x0a,0xe8,0xac,0x00,0x07,0x66,0x96,0x80,0x0b,0xb4,0x10,
0x80,0x2c,0xe7,0x98,0x40,0x00,0xa4,0xe6,0x00,0x3a,0xe9,0x50,0x00,0x26,0x77,0x57,
0x50,0x05,0x63,0xdb,0xdb,0x0e,0xf4,0x10,0xa1,0x0b,0x00,0x8b,0x7b,0xe7,0x07,0x75,
0x89,0xc0,0xbb,0x68,0x8b,0x2e,0xeb,0x88,0xa0,0x29,0x9c,0xc8,0x39,0xec,0x78,0x72,
0x76,0xb9,0x85,0x06,0x4e,0xee,0x40,0xc3,0x3f,0xf5,0x78,0x0d,0xe6,0x0a,0xe7,0x0b,
0x30,0x68,0x05,0xe0,0x0b,0xc5,0xc7,0x72,0xef,0x61,0x12,0x02,0xa5,0xdb,0x32,0x8e,
0x39,0x20,0x38,0x70,0xb0,0x00,0x57,0xbf,0xb3,0x02,0xa5,0x89,0x30,0x5d,0x7a,0x57,
0x1b,0xdb,0xec,0x80,0x8a,0x6a,0x32,0x0c,0x93,0xb9,0x23,0xee,0x7b,0xb0,0x00,0xc3,
0xb7,0x47,0xed,0x8f,0x75,0x01,0x99,0x5d,0x00,0x00,0x90,0x0c,0x00,0x0b,0xd9,0xcc,
0xb0,0x07,0x60,0xa5,0x30,0x0b,0xb5,0x74,0x80,0x2d,0xe8,0xab,0x80,0x03,0x80,0xb9,
0x00,0x3b,0xd2,0xb4,0x00,0x17,0x57,0xaa,0x00,0x07,0x69,0x07,0x20,0x01,0xa0,0x0b,
0x80,0x0a,0xc9,0xce,0xc0,0x09,0x62,0x6a,0x20,0x0b,0xb9,0x9a,0xa0,0x3d,0xdb,0xcc,
0xa0,0x03,0x7a,0x75,0x80,0x3b,0xcd,0xec,0x60,0x18,0x4a,0xa5,0x50,0x08,0x49,0xa8,
0x20,0x00,0x8f,0x00,0xf3,0x0c,0xa9,0x0a,0xe9,0xb5,0xa0,0x66,0x18,0x84,0x0b,0xb9,
0xcc,0xa2,0xcd,0x7b,0xb4,0x02,0xa7,0xbd,0x24,0xcd,0xa4,0xb3,0x06,0x6c,0xad,0x30,
0x74,0x65,0x10,0xf2,0x14,0x90,0x68,0x00,0x0b,0xd5,0xaa,0x20,0x08,0x5a,0xba,0xa0,
0x0a,0x98,0x93,0x80,0x2d,0xca,0x9a,0x80,0x04,0x7b,0xac,0x60,0x4d,0xbd,0xbb,0x40,
0x07,0x66,0x96,0x30,0x08,0x69,0x8c,0x00,0x60,0x4d,0xf0,0xb7,0xa2,0x00,0x1b,0x5d,
0x74,0x00,0x05,0xd6,0xc0,0xd7,0x1b,0x1a,0x04,0x86,0x73,0x80,0x66,0xc4,0x56,0x08,
0xa7,0x9d,0x22,0xcc,0x10,0x12,0x72,0x6d,0xcd,0x50,0x04,0x30,0x05,0x70,0x2b,0x7a,
0xcb,0x00,0x22,0x3a,0x60,0xd6,0x83,0xa2,0x04,0x82,0x8c,0x00,0x66,0x20,0xd0,0x08,
0x49,0xc9,0x01,0xdb,0x01,0x01,0x73,0x6d,0xcd,0x50,0x05,0x21,0x22,0x10,0x3a,0x6a,
0xa7,0x00,0x21,0x22,0x10,0xd8,0xbf,0xb8,0x04,0x82,0xa6,0x00,0x66,0x94,0xb2,0x08,
0x7f,0xcb,0x61,0xd9,0x10,0x12,0x73,0x7c,0xcc,0x50,0x05,0x22,0x69,0x90,0x39,0x96,
0x30,0x00,0x1b,0x88,0x40,0xd6,0xc4,0x77,0x05,0x7c,0xbb,0x10,0x78,0x87,0xb0,0x09,
0xc6,0xba,0x31,0xda,0x71,0x14,0x73,0x8c,0xcc,0x50,0x01,0x10,0x00,0x00,0x05,0x7a,
0xdd,0xc1,0x00,0x90,0x94,0x00,0x00,0x00,0xe4,0x00,0x0d,0x77,0xf8,0x40,0x04,0xbc,
0xc2,0x90,0x06,0xa1,0xb0,0x50,0x08,0x50,0xb0,0x00,0x19,0xc1,0x03,0x50,0x62,0x3c,
0xcd,0x50,0x09,0x00,0xb4,0x70,0x07,0x5c,0xed,0xd0,0x03,0x04,0x78,0x30,0x0d,0x75,
0x69,0x10,0x06,0xae,0xdf,0xb0,0x08,0x4b,0x0c,0x00,0x0a,0x78,0x0c,0x00,0x2d,0xb1,
0x06,0x20,0xac,0x00,0x02,0x46,0x1a,0xf1,0x12,0x74,0x00,0x05,0x6a,0xeb,0xb0,0x03,
0x06,0xa3,0x00,0x1a,0x8e,0xdd,0x60,0x05,0x61,0x93,0x00,0x07,0x8b,0xec,0x60,0x08,
0x30,0xc0,0x00,0x3c,0xa0,0x61,0x20,0x81,0x5c,0xcd,0x74,0x00,0xf0,0x30,0x68,0x5d,
0xcb,0x00,0xa6,0x60,0xc0,0x00,0x85,0x0b,0x0d,0x5a,0xcc,0x80,0x57,0xd4,0x60,0x07,
0x6c,0x0d,0x00,0x9b,0x60,0x77,0x1d,0xb0,0x00,0x36,0x38,0xcc,0xc6,0x07,0x30,0x48,
0x70,0x48,0x47,0x87,0x00,0x18,0xfa,0x70,0xd5,0x3f,0xd0,0x06,0x69,0xba,0x30,0x87,
0xab,0x56,0x0a,0x72,0xb1,0x42,0xc9,0x06,0x12,0x72,0x6c,0xcd,0x50,0xf2,0x46,0xf1,
0x10,0x66,0x8c,0xb9,0x00,0x7a,0x66,0xa0,0x62,0xb6,0x88,0x0a,0x8d,0xbc,0x70,0x47,
0xb7,0x43,0x06,0x6b,0x7d,0x00,0x87,0xea,0xa4,0x1d,0xa3,0x01,0x37,0x37,0xdc,0xc4,
0x5e,0x01,0xf0,0x04,0x64,0x76,0x60,0x00,0x9a,0xce,0xb0,0x04,0x14,0x75,0x40,0x09,
0x8b,0x85,0xa0,0x05,0x8e,0xed,0x80,0xad,0x35,0xf4,0x19,0x08,0x49,0x50,0x00,0x2e,
0xb7,0x00,0x10,0x73,0x7d,0xcc,0x50,0x07,0x44,0x58,0x00,0x38,0xcd,0xd8,0x03,0x15,
0x65,0x00,0xb8,0xbd,0xc9,0x07,0x55,0x7a,0x00,0x93,0xb4,0x9a,0x0a,0x86,0x0d,0x72,
0xcb,0x00,0x12,0xd6,0x00,0xf2,0x2e,0xa3,0x8a,0xc9,0x03,0x72,0x8a,0x30,0x01,0xdf,
0xf7,0x1e,0x6a,0xb4,0x90,0x88,0xac,0x88,0x0a,0x8c,0xec,0x60,0xb8,0x2a,0x84,0x2e,
0x90,0x05,0x17,0x19,0xdc,0xc4,0x07,0x32,0x76,0x20,0x38,0x8c,0x97,0x01,0x0b,0xdb,
0x52,0xe4,0x9a,0x38,0x09,0x4b,0xfa,0x40,0xb1,0xbd,0xb0,0x0c,0x94,0xb7,0x52,0xe7,
0x07,0x12,0x71,0x8d,0x2f,0x2a,0xf0,0x35,0x07,0x5c,0xdd,0xd0,0x02,0x8b,0x99,0xa0,
0x01,0x0e,0xee,0xd0,0x2e,0x42,0xd2,0x00,0x07,0x5c,0xab,0x90,0x09,0x67,0xbb,0x30,
0x0b,0x11,0xb5,0x00,0x2e,0xbc,0x30,0x10,0x81,0x8d,0xcc,0x40,0x07,0x22,0x75,0x40,
0x57,0xad,0xd9,0x01,0x06,0xd8,0x11,0xd6,0xc4,0x86,0x06,0x6e,0xad,0x40,0x76,0xd8,
0xc2,0x09,0x6d,0xbe,0x12,0xda,0x10,0x22,0x71,0x7d,0xcd,0x40,0x3c,0x16,0xf0,0xa0,
0x08,0x5c,0xc9,0x80,0x01,0x6a,0x85,0x90,0x05,0x17,0x35,0x20,0x0a,0x8b,0xc9,0x40,
0x06,0x8a,0xea,0x70,0x08,0x54,0xb3,0x20,0x0a,0x7c,0xed,0x30,0x2d,0xb1,0x01,0x30,
0x42,0x7d,0xcd,0x60,0x00,0x84,0x4e,0xe1,0x09,0xcc,0x87,0xd0,0x07,0x4a,0x7a,0x90,
0x08,0xaa,0x9b,0x40,0x06,0x66,0xa6,0x70,0x0e,0xc8,0xb6,0x60,0x1a,0x39,0xc7,0x00,
0x3e,0xd7,0xc0,0x00,0x46,0x00,0xc0,0x00,0x0a,0xec,0x8c,0xa0,0x3b,0x40,0x1b,0x0d,
0xea,0x02,0x91,0xba,0xa9,0xb7,0x2e,0x9a,0xb0,0x04,0x84,0xaa,0x00,0x69,0x9a,0x90,
0x67,0xcd,0x99,0x47,0x90,0x00,0xcb,0x10,0x00,0x23,0x47,0x70,0x7a,0xc8,0x84,0x02,
0x98,0x4b,0x10,0x07,0x64,0x60,0x0c,0xce,0xdc,0x60,0x0b,0xec,0x00,0x08,0x9c,0x68,
0x06,0xa0,0xc0,0xb5,0x10,0x0c,0x00,0x10,0x00,0x12,0x00,0x00,0x0b,0xe8,0xeb,0xc0,
0x06,0xb6,0xb5,0x80,0x09,0xc7,0x6f,0x10,0x07,0xc8,0xc9,0xc0,0x0d,0xc4,0x59,0x30,
0x0c,0xd4,0xaa,0x30,0x7a,0x59,0xdc,0x60,0x17,0x20,0x93,0x00,0x09,0x10,0xa1,0xe4,
0x03,0x50,0x10,0x05,0xcd,0xda,0x60,0x14,0x3a,0xf3,0x05,0x0a,0xbd,0xdb,0xb0,0x06,
0xac,0xbb,0x20,0x09,0xbd,0xbd,0x20,0x0a,0xae,0xad,0x00,0x09,0x9e,0x99,0x10,0x9b,
0x48,0xf1,0x12,0x60,0x02,0xc9,0x9b,0x30,0x4c,0x99,0xc3,0x03,0xaa,0xaa,0x10,0xbb,
0xbb,0xb9,0x07,0xad,0xac,0x00,0x9a,0xe9,0xd0,0x06,0x9e,0x97,0x00,0xaa,0xea,0xa0,
0x5a,0xae,0xaa,0x20,0xc8,0x04,0xf1,0x13,0x76,0x84,0x00,0x0a,0x86,0xdb,0xb0,0x0b,
0x86,0x3b,0x00,0x03,0x4c,0xa4,0x10,0x09,0xe7,0xcd,0x60,0x02,0x3c,0x61,0x30,0x0a,
0xbe,0xbb,0x10,0x05,0x4c,0x36,0x00,0x5c,0xde,0xdc,0x6c,0x01,0xf2,0x0f,0x49,0x00,
0xd0,0x0a,0xc6,0x1c,0x02,0xc4,0x02,0xa0,0x09,0xb8,0xee,0xb0,0x66,0x06,0x70,0x3d,
0xc0,0x76,0x00,0x92,0x09,0x40,0x0c,0xc0,0xa2,0x03,0x70,0x0c,0xa6,0x3b,0xf0,0x32,
0x00,0xb0,0x09,0xc6,0x6c,0x31,0xb0,0x8c,0xcc,0x0b,0xda,0x67,0xb0,0x87,0xb6,0x6a,
0x2c,0x8b,0xed,0x70,0x92,0x09,0x20,0x0c,0xb0,0xb0,0x02,0x60,0x0c,0x00,0x00,0x40,
0x00,0x00,0x59,0x4e,0xca,0x0b,0xc4,0xb2,0xb2,0xc0,0x0c,0x29,0x0b,0xd2,0xc5,0x80,
0x76,0x7d,0xb6,0x3d,0xc4,0x87,0x40,0xa2,0x66,0x83,0x0c,0xc8,0x3a,0x15,0x96,0xec,
0xe6,0x46,0x00,0xf1,0x10,0xa1,0x51,0x80,0x1d,0x6b,0xbc,0x74,0xa2,0x2a,0x60,0x1c,
0x7b,0xee,0x33,0xd3,0xa2,0x90,0x2c,0x3b,0xcd,0x41,0xc6,0x64,0x60,0x4d,0x88,0x34,
0x15,0x39,0xad,0xd4,0x90,0x0b,0xf0,0x10,0x75,0x49,0x60,0x0c,0xa6,0x89,0x90,0x1c,
0x66,0xdd,0x50,0x09,0x7a,0x45,0x80,0x2d,0xab,0x88,0x70,0x0b,0x3b,0xa7,0x50,0x0c,
0x66,0xf7,0x10,0x3c,0x8c,0x2b,0x40,0x49,0x26,0x01,0x03,0x08,0xf1,0x0f,0x0b,0x65,
0x0c,0xb8,0xed,0xa2,0xc3,0x1a,0x92,0x0a,0x9a,0xcc,0x91,0xa6,0x6a,0x92,0x2c,0x6b,
0x17,0x50,0xb0,0xcb,0xd3,0x0c,0x9c,0x09,0x25,0x80,0xeb,0xe0,0x4b,0x00,0xf5,0x14,
0x55,0x3d,0x50,0x0c,0xb9,0x7c,0xb0,0x2b,0x2b,0x6d,0xd0,0x0b,0x9d,0x8d,0x80,0x0a,
0x48,0x7c,0x20,0x1d,0x9d,0x59,0x10,0x0a,0x3b,0xcc,0x50,0x0d,0xcc,0x43,0x20,0x47,
0x83,0xcd,0x70,0x7b,0x53,0xf2,0x13,0x72,0x7b,0x40,0x0b,0xc4,0xca,0x80,0x1c,0x39,
0xcc,0xb0,0x0a,0x88,0x9a,0x60,0x1b,0x6c,0x89,0x80,0x1c,0x4d,0x9b,0x60,0x0b,0x26,
0x79,0x00,0x0d,0x9b,0x48,0xa0,0x36,0x94,0x1d,0xde,0x16,0xf0,0x00,0x70,0x35,0x07,
0x57,0xb1,0x09,0x34,0x00,0xbe,0xcc,0xca,0x1d,0x3b,0x11,0x0d,0x99,0x44,0x70,0x50,
0x4e,0xc2,0xd3,0x54,0x00,0x22,0xfc,0x0c,0xf1,0x10,0x3c,0x6c,0xcb,0x00,0xa1,0x01,
0xc0,0x72,0x00,0x3a,0x0b,0x20,0x04,0x90,0xd0,0x00,0x67,0x0d,0x00,0x07,0x60,0xc0,
0x00,0x94,0x2b,0x02,0x2b,0x24,0x90,0x2d,0xb0,0x32,0x08,0xf3,0x11,0x6a,0xcc,0xd0,
0x00,0x80,0x10,0xc0,0x0a,0x00,0x83,0xc0,0x0c,0x8d,0xfa,0xb0,0x0c,0x0a,0xd2,0xa0,
0x2a,0x85,0xc3,0x80,0x49,0xa3,0xb5,0x70,0x56,0x1b,0x66,0x50,0x75,0xb2,0x17,0xf1,
0x2f,0x49,0x5b,0xb7,0x00,0x81,0x22,0xc0,0x72,0x21,0x2b,0x0b,0x4c,0xd4,0x90,0xc4,
0x6b,0x57,0x0c,0x65,0xc6,0x60,0xc5,0xb9,0x84,0x1a,0x01,0x2a,0x23,0x80,0x1d,0xb0,
0x02,0x41,0x33,0x10,0x1b,0x4a,0xad,0x07,0x4c,0xb2,0xc0,0xb5,0x78,0x5a,0x0c,0x6c,
0xe5,0x80,0xc7,0x3b,0x57,0x0c,0x8c,0xc7,0x51,0xa0,0x13,0x93,0x38,0x01,0xdb,0xec,
0x18,0xf1,0x34,0x06,0x6a,0xbb,0xd0,0x02,0x30,0x66,0xb0,0x0b,0x99,0xdc,0xc0,0x0b,
0x97,0xa6,0xc0,0x0b,0x99,0xc7,0xb0,0x29,0x96,0xf3,0xa0,0x4a,0xaa,0xcc,0x80,0x56,
0x2b,0x99,0x60,0x73,0x00,0x5c,0x20,0x0a,0xd9,0xdc,0xb0,0xc6,0x8b,0x0c,0x0c,0xa4,
0xda,0xb0,0xcc,0x57,0x3a,0x1b,0xb7,0x64,0x82,0x9a,0xac,0xd7,0x4c,0x5d,0x06,0x55,
0x64,0xa9,0x83,0x75,0x73,0x8c,0xb0,0x1f,0xf2,0x14,0x0a,0xd7,0x3a,0x00,0x0b,0x65,
0xac,0x00,0x0b,0xa4,0x96,0x50,0x0b,0xbd,0x65,0xe0,0x1a,0xa3,0x8a,0x20,0x28,0xb5,
0x5b,0x00,0x4c,0x4a,0x2c,0x00,0x55,0x3b,0x0b,0x00,0x73,0xa2,0x1a,0xe9,0x06,0xf4,
0x10,0xd4,0x1b,0x00,0xb8,0x9d,0xea,0x0b,0xb8,0x30,0xb0,0xcb,0x23,0x00,0x1a,0xb6,
0x7a,0x52,0x9b,0x7e,0x50,0x4d,0x49,0x32,0x65,0x50,0xa2,0x75,0x74,0x05,0xda,0x00,
0x21,0x4c,0xf4,0x0f,0x49,0x29,0x0b,0xb7,0x44,0x70,0xca,0xe9,0xda,0x1d,0xcf,0x47,
0x42,0x99,0xa9,0x92,0x49,0x8b,0x9a,0x16,0xc1,0xb0,0xb0,0x73,0x0b,0x4b,0x09,0x22,
0x9d,0x90,0xf1,0x4f,0xf0,0x11,0x0a,0xd5,0x95,0x00,0x0b,0x86,0xeb,0xa0,0x0b,0xa7,
0xbb,0x40,0x0c,0xa6,0xcb,0x60,0x1a,0xb6,0x66,0x50,0x29,0xae,0xcb,0x50,0x4c,0x4e,
0xda,0x40,0x55,0x02,0xb2,0x00,0x3a,0x06,0xf3,0x11,0x0d,0xda,0xcc,0x80,0xba,0xa3,
0x0a,0x1a,0xba,0xcc,0x93,0xc8,0xb0,0x37,0x48,0xac,0xec,0x46,0x6a,0xca,0x83,0x7b,
0x2b,0x79,0x09,0x23,0xe8,0xe2,0xa1,0x64,0x06,0x60,0x71,0x20,0xf0,0x10,0xad,0x56,
0xa0,0x0b,0x84,0xbb,0x10,0xbb,0xca,0xab,0x0c,0xa1,0x97,0x11,0xab,0xad,0xc5,0x29,
0xb4,0xa5,0x04,0xd4,0xab,0x92,0x55,0x75,0xb5,0x57,0x42,0x89,0x13,0x6e,0x00,0xf1,
0x10,0xad,0x5a,0x30,0x0b,0x84,0xec,0x90,0xba,0xa4,0x76,0x0b,0xa3,0x27,0x01,0xaa,
0xb6,0xa8,0x28,0x9b,0x03,0x94,0xa3,0xd6,0xc7,0x55,0x0b,0x06,0x57,0x32,0xdb,0xc3,
0x79,0x09,0xf1,0x38,0xd9,0x09,0x00,0x0a,0x98,0x9d,0xa0,0x0a,0x92,0x7c,0x50,0x0c,
0xad,0xe6,0xa0,0x1a,0xaa,0x97,0x90,0x28,0x8a,0xab,0x70,0x49,0x29,0xa7,0x50,0x54,
0x5c,0x57,0x10,0x73,0x96,0xcc,0x50,0x0a,0xd9,0xbb,0xb0,0x0a,0x94,0xaa,0x40,0x0a,
0xa6,0x65,0x70,0x0c,0x94,0x88,0x30,0x19,0xad,0xbb,0x90,0x28,0xab,0x99,0x90,0x4b,
0x4a,0xc6,0x70,0x55,0x37,0x95,0x50,0x73,0x55,0x6c,0x20,0x2b,0x01,0xf0,0x11,0xd8,
0x9e,0x90,0x0a,0x92,0xb7,0x70,0x0a,0x99,0xcc,0xb0,0x0c,0x97,0xaa,0x40,0x19,0xaa,
0x9b,0x60,0x28,0x9b,0x7a,0x40,0x4a,0x23,0xc4,0x10,0x54,0x6b,0xeb,0x70,0x73,0x17,
0x07,0xf0,0x2c,0x90,0x80,0x00,0x7d,0xae,0xa6,0x2e,0xb8,0xd8,0x30,0x7b,0xad,0x92,
0x08,0xac,0xb9,0x41,0xaa,0xda,0xa4,0x00,0xbe,0xc1,0x03,0xc5,0xc3,0xd3,0x42,0x0c,
0x02,0x30,0x03,0xbc,0xdb,0x60,0x7a,0xcc,0xa7,0x0b,0x89,0x97,0xb0,0x27,0x86,0x52,
0x01,0x8c,0xa2,0x03,0xa4,0x83,0x89,0x04,0x99,0xd8,0x00,0x0b,0xb9,0x00,0xbc,0x2b,
0xf0,0x10,0x02,0xab,0xda,0x60,0x7a,0xcd,0xa7,0x0b,0x69,0x96,0xc0,0x88,0x88,0x78,
0x07,0x9a,0x99,0x40,0x9a,0xea,0x91,0x0b,0x94,0x98,0x31,0x9a,0x37,0x92,0x28,0xb4,
0xcc,0x9a,0x07,0xf2,0x50,0x04,0xac,0xda,0x70,0xbc,0xdd,0xcc,0x0c,0x79,0x87,0xb0,
0x27,0x66,0x52,0x0b,0x9a,0xaa,0x40,0xc7,0x99,0x91,0x1d,0xea,0xca,0x36,0x6c,0x4c,
0xa0,0x95,0xb6,0x1a,0x40,0x07,0xe9,0x49,0x10,0x4d,0x5b,0x96,0x05,0xd5,0xee,0x70,
0xaa,0x73,0x8a,0x0d,0xb9,0xcd,0xd1,0xdb,0x79,0xa7,0x2d,0xc5,0xb7,0x24,0x69,0x39,
0x10,0x59,0xc6,0xb0,0x00,0x00,0x0c,0x75,0x00,0x9d,0xa8,0xdc,0x00,0x49,0xa2,0x00,
0x9e,0x7c,0xc6,0x00,0x75,0xc0,0x01,0x4b,0x3d,0x10,0x29,0xe1,0xec,0x60,0x78,0x2a,
0x00,0x0b,0x14,0x80,0x99,0x0d,0x20,0xdc,0xc0,0x3c,0x2b,0xf1,0x2c,0x08,0xce,0xdc,
0x50,0x0b,0x57,0xb4,0x80,0x0c,0x5c,0xd6,0x60,0x0c,0x64,0xb7,0x40,0x0c,0x8b,0xa9,
0x30,0x1b,0x94,0x9b,0x10,0x3e,0xed,0xee,0x00,0x03,0xc3,0x0b,0x00,0x6d,0x6c,0xeb,
0x0b,0xc5,0x7a,0x20,0xdb,0x69,0x92,0x1b,0x98,0xba,0x31,0xba,0x4b,0x89,0x5d,0xd3,
0xa5,0x80,0x92,0x0b,0x93,0x0a,0x00,0xc0,0x5f,0x3c,0xf1,0x0c,0x7e,0xcc,0xfa,0x00,
0x93,0x39,0x00,0xcc,0xcc,0xca,0x03,0x99,0x96,0x00,0x67,0x33,0xd0,0x08,0xcc,0xcd,
0x00,0xa2,0x01,0xb0,0x0b,0xdd,0xda,0xf8,0x39,0x00,0xb6,0x09,0xf2,0x30,0x02,0xed,
0xcd,0x00,0x04,0x95,0x3c,0x00,0x05,0x79,0x3d,0x00,0x07,0x5c,0x1d,0x00,0x04,0x6f,
0x65,0x00,0x07,0xd3,0xab,0x10,0x48,0x00,0x06,0x30,0x0a,0xc9,0xce,0xc1,0x00,0xc0,
0x1a,0x00,0x00,0xc4,0xdc,0xa0,0x00,0xb6,0x87,0xb0,0x02,0x97,0x88,0x90,0x04,0x89,
0x98,0x70,0x05,0x65,0xa6,0x30,0x67,0x44,0xbb,0x00,0x7d,0x59,0x06,0x11,0x10,0xf3,
0x38,0x67,0xce,0xa0,0xac,0x25,0x80,0x05,0x78,0xcc,0x70,0x65,0xa6,0x68,0x08,0x4b,
0x87,0x60,0xa2,0xba,0x74,0x1c,0xa7,0xe6,0x15,0x43,0xc6,0xc1,0x00,0x73,0x04,0x30,
0x00,0xa0,0xb9,0xeb,0x00,0x29,0xaa,0x3c,0x10,0x03,0x9a,0x8c,0x8a,0x00,0x49,0xa8,
0xaa,0x80,0x06,0x9a,0x8a,0xa7,0x00,0x89,0x98,0xba,0x50,0x0a,0x99,0x4d,0x81,0x00,
0xba,0xa8,0xac,0x40,0x27,0x0b,0xb1,0x36,0xc7,0x02,0x00,0xdb,0x31,0xf1,0x33,0xbe,
0xb0,0x05,0x90,0x39,0x00,0x09,0x37,0xcb,0x90,0x00,0xc9,0x76,0xa0,0x0b,0x49,0x78,
0x80,0x15,0x5b,0x97,0x60,0x06,0x86,0xd7,0x20,0x3d,0x1b,0x6c,0x10,0x62,0x54,0x03,
0x40,0x09,0xca,0xbe,0xa0,0x48,0x54,0xa0,0x05,0xc2,0xdb,0x81,0xce,0xa9,0x87,0x05,
0xab,0xaa,0x50,0x64,0x7a,0xa4,0x08,0x34,0xc6,0x13,0xa1,0x5b,0xa0,0x6c,0x29,0x07,
0x30,0x49,0x3a,0xf2,0x82,0x7e,0xb0,0x06,0x9c,0x1c,0x00,0x09,0xb6,0xaa,0x90,0x08,
0xd8,0x9a,0x90,0x0a,0xa5,0xbb,0x70,0x19,0xd9,0xcb,0x50,0x23,0xd2,0xb9,0x10,0x2b,
0x45,0xaa,0x10,0x32,0x06,0x02,0x20,0x08,0xbb,0x9e,0xb0,0x09,0xab,0x3d,0x10,0x0b,
0x3a,0xcb,0xa0,0x08,0xa6,0xa7,0x90,0x0b,0xd8,0xbb,0x70,0x18,0xe5,0xb9,0x20,0x4e,
0x87,0x87,0x30,0x89,0xa1,0x01,0x40,0x90,0x6c,0xcc,0x50,0x00,0x8e,0x8a,0xe9,0x00,
0xa6,0x74,0xa0,0x01,0xdd,0x9c,0xa6,0x03,0x96,0x5a,0xa5,0x05,0xa7,0x4a,0xb3,0x07,
0x6b,0x8b,0xb2,0x0a,0x55,0x6d,0x70,0x1c,0x5b,0x69,0xc0,0x14,0x60,0x60,0x31,0x00,
0x6d,0xcc,0xd6,0x00,0x07,0x50,0x57,0x60,0x00,0x9a,0x4c,0x84,0x00,0x0b,0x2d,0xaa,
0x20,0x00,0xc0,0xc4,0xb0,0x00,0x0c,0x3e,0x6c,0x00,0x03,0x9c,0x3a,0xc6,0x00,0x97,
0x40,0x3c,0xa0,0x0a,0x00,0x00,0x17,0x49,0x90,0x8c,0xce,0x30,0x00,0x0b,0x49,0x00,
0x0e,0xc2,0x9b,0x06,0xe0,0x2e,0x90,0x00,0x39,0x77,0x00,0x39,0x05,0x00,0x1c,0x39,
0x00,0x09,0xe2,0x1f,0x00,0xf1,0x34,0x56,0x26,0xd4,0x09,0xd9,0x9b,0xc0,0xc8,0x7b,
0xc8,0x6b,0xa9,0xbb,0x92,0x84,0x9b,0xb5,0x09,0x2b,0x66,0x70,0xb3,0xab,0x64,0x1d,
0x97,0xca,0x01,0x34,0x60,0x62,0x09,0xd3,0x0b,0x00,0x03,0x86,0xbe,0xa0,0x0b,0xa6,
0x5b,0xa0,0x0b,0xc7,0x7a,0xb0,0x1b,0xe5,0xab,0x70,0x02,0xd6,0xa5,0x00,0x5a,0xd1,
0xf1,0x00,0x12,0xc4,0xe8,0x00,0x1d,0x8b,0x07,0x90,0x31,0x03,0xf0,0x10,0xd9,0x8b,
0x90,0x75,0xbb,0x0b,0x1c,0xb9,0xcc,0x90,0x6b,0xbb,0x80,0x02,0x40,0x1b,0x00,0x6b,
0xab,0xd3,0x2a,0xaa,0xaa,0x50,0x00,0x11,0x93,0x00,0x03,0xdb,0x00,0xa1,0x03,0xf0,
0x10,0x9d,0x16,0x80,0x03,0xb0,0xcb,0x00,0xbb,0x97,0x85,0x0a,0xb6,0x98,0x61,0xbc,
0x19,0x32,0x01,0xbb,0xa9,0x26,0xcb,0xa4,0xb0,0x02,0x94,0x38,0x02,0xd7,0xbd,0xd2,
0x56,0x12,0x00,0x4b,0x10,0xf4,0x0c,0x00,0xda,0xac,0x00,0x00,0xca,0xab,0x00,0x0a,
0xbb,0xbb,0x30,0x0c,0x77,0x86,0x60,0x1a,0xc9,0xd8,0x50,0x39,0x00,0x1a,0x30,0x47,
0x00,0xcc,0x27,0x55,0xf0,0x0e,0x00,0x8d,0x5e,0xbb,0x0a,0x87,0xa8,0xb0,0xb9,0x76,
0x67,0x0b,0xa7,0xdc,0x80,0xbb,0x45,0x4c,0x0e,0xc3,0x54,0xa2,0x91,0x37,0x48,0x01,
0x00,0xbc,0x20,0x41,0x1a,0x30,0x37,0xab,0x75,0x9e,0x12,0xf0,0x4a,0x66,0xb9,0x64,
0x05,0xa9,0x55,0x30,0x4e,0xbd,0x90,0x09,0xb6,0xb2,0x00,0x4b,0xdb,0x30,0x48,0x20,
0x49,0x30,0x00,0x49,0x49,0x00,0x4c,0xcc,0xc7,0x07,0xab,0xba,0x80,0x5b,0xdc,0xa0,
0x09,0x6b,0x6b,0x10,0xb6,0xd6,0xd0,0x0b,0xbd,0xbc,0x00,0x59,0x09,0x50,0x47,0x00,
0x18,0x30,0x08,0xdc,0x1a,0x80,0x09,0xdd,0x1b,0x80,0x09,0xdc,0x8e,0xa0,0x08,0xd9,
0x3e,0x30,0x08,0xd6,0x3f,0x00,0x19,0xc6,0x7b,0x20,0x28,0x67,0xb5,0x60,0x7a,0x9c,
0x61,0xa0,0x42,0x07,0x00,0x50,0xf1,0x2a,0xf0,0x05,0x08,0xfc,0xbf,0xb0,0x00,0x78,
0x78,0x00,0x00,0x1e,0xd0,0x00,0x09,0xc5,0x7d,0x60,0x03,0x90,0x64,0x20,0x84,0x28,
0x80,0x08,0x70,0xa2,0x00,0x39,0x00,0xb0,0x00,
};

static const etxFontCmap cmaps[] __FLASH = {
{ .range_start = 12289, .range_length = 28496, .glyph_id_start = 1, .list_length = 655, .type = 3, .unicode_list = 5248, .glyph_id_ofs_list = 0 },
};

const etxLz4Font lv_font_ss_XXS __FLASH = {
.uncomp_size = 29675,
.comp_size = 26601,
.line_height = 11,
.base_line = 2,
.subpx = 0,
.underline_position = -1,
.underline_thickness = 0,
.kern_scale = 0,
.cmap_num = 1,
.bpp = 4,
.kern_classes = 0,
.bitmap_format = 0,
.left_class_cnt = 0,
.right_class_cnt = 0,
.glyph_bitmap = 6558,
.class_pair_values = 0,
.left_class_mapping = 0,
.right_class_mapping = 0,
.cmaps = cmaps,
.compressed = lz4FontData,
.lvglFontBufSize = 29819,
};
