/*******************************************************************************
 * Size: 16 px
 * Bpp: 4
 * Opts: --no-prefilter --bpp 4 --size 16 --font ../LXGWNeoXiHei/LXGWNeoXiHei.ttf -r 0x3001,0x3002,0x4e00,0x4e09,0x4e0a,0x4e0b,0x4e0d,0x4e0e,0x4e24,0x4e2a,0x4e2d,0x4e32,0x4e39,0x4e3a,0x4e3b,0x4e49,0x4e4b,0x4e4c,0x4e50,0x4e58,0x4e8c,0x4e8e,0x4ea4,0x4eab,0x4eae,0x4eba,0x4ec5,0x4ecb,0x4ece,0x4ed6,0x4ee5,0x4eea,0x4ef0,0x4ef6,0x4efb,0x4efd,0x4f10,0x4f20,0x4f2f,0x4f4d,0x4f4e,0x4f4f,0x4f53,0x4f55,0x4f5c,0x4f7f,0x4f8b,0x4f9b,0x4fa7,0x4fc4,0x4fdd,0x4fe1,0x4fee,0x4fef,0x500d,0x5012,0x501f,0x503c,0x504f,0x505c,0x507f,0x50a8,0x50cf,0x5141,0x5143,0x5145,0x5149,0x514b,0x5165,0x5168,0x516c,0x5170,0x5173,0x5176,0x5177,0x5178,0x517c,0x5185,0x518c,0x5199,0x51b2,0x51c6,0x51cf,0x51e0,0x51fa,0x51fb,0x51fd,0x5206,0x5207,0x5217,0x521b,0x521d,0x5220,0x5229,0x522b,0x5230,0x5236,0x5237,0x5239,0x524d,0x526f,0x529f,0x52a0,0x52a8,0x52a9,0x5305,0x5308,0x5316,0x5339,0x533a,0x5347,0x534a,0x534f,0x5355,0x5361,0x536b,0x538b,0x539f,0x53c2,0x53c9,0x53ca,0x53cc,0x53cd,0x53d1,0x53d6,0x53d8,0x53e0,0x53e3,0x53e6,0x53ea,0x53ef,0x53f0,0x53f3,0x53f7,0x5408,0x540c,0x540d,0x540e,0x5411,0x5417,0x5426,0x542b,0x542f,0x544a,0x5468,0x547d,0x548c,0x54cd,0x5668,0x566a,0x56de,0x56e0,0x56f4,0x56fa,0x56fd,0x56fe,0x5706,0x5728,0x5730,0x5740,0x5747,0x5757,0x5766,0x578b,0x57fa,0x586b,0x589e,0x58f0,0x5907,0x590d,0x5916,0x591a,0x5927,0x5929,0x592a,0x5931,0x5939,0x597d,0x59cb,0x5b50,0x5b57,0x5b58,0x5b66,0x5b83,0x5b89,0x5b8c,0x5b9a,0x5b9e,0x5bb9,0x5bbd,0x5bf8,0x5bf9,0x5bfc,0x5c04,0x5c06,0x5c0f,0x5c3a,0x5c3e,0x5c40,0x5c4f,0x5c55,0x5cf0,0x5de5,0x5de6,0x5dee,0x5df2,0x5e03,0x5e0c,0x5e26,0x5e27,0x5e38,0x5e3d,0x5e45,0x5e55,0x5e73,0x5e76,0x5e8f,0x5e94,0x5ea6,0x5ef6,0x5efa,0x5f00,0x5f02,0x5f0f,0x5f15,0x5f31,0x5f39,0x5f3a,0x5f52,0x5f53,0x5f55,0x5f62,0x5f71,0x5f84,0x5f85,0x5f88,0x5faa,0x5fae,0x5fb7,0x5fc3,0x5fc5,0x5fd7,0x5feb,0x5ffd,0x6001,0x6020,0x6025,0x603b,0x6062,0x606f,0x60ac,0x60c5,0x610f,0x611f,0x6162,0x620f,0x6210,0x6216,0x622a,0x6240,0x6247,0x624b,0x6253,0x6263,0x6267,0x6269,0x626b,0x627e,0x6280,0x62a4,0x62a5,0x62c9,0x62d2,0x62df,0x62e8,0x62e9,0x62fe,0x6301,0x6307,0x6309,0x632f,0x6362,0x636e,0x6377,0x6392,0x63a5,0x63a7,0x63a8,0x63cf,0x63d0,0x63d2,0x63f4,0x641c,0x6447,0x6458,0x6478,0x64ad,0x64cd,0x64e6,0x652f,0x6536,0x6539,0x653e,0x6545,0x6548,0x654f,0x6551,0x6559,0x6570,0x6574,0x6587,0x659c,0x65ad,0x65af,0x65b0,0x65b9,0x65cb,0x65e0,0x65e5,0x65f6,0x660e,0x661f,0x6620,0x662f,0x663e,0x666e,0x666f,0x6682,0x66f2,0x66f4,0x66ff,0x6700,0x6709,0x671f,0x672a,0x672c,0x673a,0x6746,0x6761,0x6765,0x677f,0x6781,0x67b6,0x67c4,0x67e5,0x6807,0x680f,0x6821,0x6837,0x683c,0x6846,0x68c0,0x6a21,0x6a2a,0x6a59,0x6b21,0x6b27,0x6b62,0x6b63,0x6b64,0x6b65,0x6b7b,0x6b8a,0x6bb5,0x6bd4,0x6c34,0x6c60,0x6ca1,0x6cb9,0x6cbf,0x6cd5,0x6ce2,0x6ce8,0x6d1b,0x6d32,0x6d3b,0x6d41,0x6d4b,0x6d88,0x6df7,0x6dfb,0x6e05,0x6e10,0x6e29,0x6e38,0x6e7e,0x6e90,0x6ed1,0x6eda,0x6ede,0x6ee1,0x6ee4,0x6fc0,0x706b,0x706f,0x7075,0x70b9,0x7126,0x7136,0x7184,0x722c,0x7247,0x7248,0x7259,0x7279,0x72b6,0x7387,0x73af,0x73b0,0x73ed,0x7406,0x745e,0x751f,0x7528,0x7535,0x754c,0x7565,0x767d,0x7684,0x76ca,0x76d1,0x76d6,0x76d8,0x76ee,0x76f4,0x76f8,0x770b,0x771f,0x77ac,0x77e5,0x77ed,0x7801,0x786c,0x786e,0x793a,0x7981,0x79bb,0x79d2,0x79ef,0x79f0,0x79fb,0x7a0b,0x7a33,0x7a7a,0x7a81,0x7a97,0x7ade,0x7aef,0x7b2c,0x7b49,0x7b7e,0x7b80,0x7b97,0x7ba1,0x7c7b,0x7c89,0x7c98,0x7cbe,0x7cfb,0x7d22,0x7d27,0x7d2f,0x7ea2,0x7ea7,0x7eb5,0x7ebd,0x7ebf,0x7ec3,0x7ec4,0x7ec6,0x7ec8,0x7ecf,0x7ed1,0x7edd,0x7edf,0x7eed,0x7eff,0x7f13,0x7f16,0x7f29,0x7f6e,0x7f8e,0x7fd4,0x7ffb,0x7ffc,0x8005,0x8017,0x8026,0x8054,0x80cc,0x80fd,0x8109,0x811a,0x81ea,0x81f3,0x822a,0x8235,0x8272,0x8282,0x82ac,0x82f1,0x8303,0x8377,0x83dc,0x8404,0x843d,0x8461,0x84dd,0x85cf,0x8702,0x87ba,0x884c,0x8865,0x8868,0x8870,0x88ab,0x88c5,0x895f,0x897f,0x8981,0x8986,0x89c4,0x89c6,0x89c8,0x89d2,0x89e3,0x89e6,0x8a00,0x8b66,0x8ba1,0x8ba4,0x8bae,0x8bb0,0x8bb8,0x8bbe,0x8bbf,0x8bc1,0x8bd5,0x8bdd,0x8be2,0x8be6,0x8bed,0x8bef,0x8bf4,0x8bf7,0x8bfb,0x8c03,0x8c31,0x8d1f,0x8d25,0x8d34,0x8d77,0x8d85,0x8db3,0x8ddd,0x8ddf,0x8def,0x8df3,0x8e2a,0x8eab,0x8f66,0x8f6c,0x8f6e,0x8f74,0x8f7b,0x8f7d,0x8f83,0x8f85,0x8f91,0x8f93,0x8fb9,0x8fc7,0x8fd0,0x8fd4,0x8fd8,0x8fdb,0x8fde,0x8fdf,0x8ff0,0x9000,0x9006,0x9009,0x901a,0x901f,0x903b,0x9053,0x9065,0x90e8,0x914d,0x91c7,0x91ca,0x91cd,0x91cf,0x9274,0x9488,0x949f,0x94ae,0x94fe,0x9501,0x9519,0x952e,0x955c,0x957f,0x95e8,0x95ed,0x95ee,0x95f4,0x9608,0x9634,0x9636,0x9640,0x9644,0x964d,0x9650,0x9664,0x9677,0x968f,0x9694,0x969c,0x96c6,0x96f6,0x9700,0x9707,0x9759,0x975e,0x9762,0x97e9,0x97f3,0x9875,0x9876,0x9879,0x987a,0x987b,0x9884,0x9891,0x9898,0x989c,0x98ce,0x98de,0x9988,0x9a76,0x9a7e,0x9a8c,0x9ad8,0x9e23,0x9ea6,0x9ec4,0x9ed8,0x9f50 --format lvgl -o std/lv_font_lxgw_STD.c --force-fast-kern-format --no-compress --lv-fallback lv_font_en_STD
 ******************************************************************************/

#ifdef LV_LVGL_H_INCLUDE_SIMPLE
#include "lvgl.h"
#else
#include "lvgl/lvgl.h"
#endif

#ifndef LV_FONT_LXGW_STD
#define LV_FONT_LXGW_STD 1
#endif

#if LV_FONT_LXGW_STD

/*-----------------
 *    BITMAPS
 *----------------*/

/*Store the image of the glyphs*/
static LV_ATTRIBUTE_LARGE_CONST const uint8_t glyph_bitmap[] = {
    /* U+3001 "、" */
    0x0, 0x0, 0x1, 0xc4, 0x0, 0xa, 0xf3, 0x0,
    0xc, 0xe1, 0x0, 0x2c, 0x10, 0x0, 0x0,

    /* U+3002 "。" */
    0x4, 0xcc, 0x70, 0xd, 0x10, 0xc2, 0xd, 0x10,
    0xc1, 0x4, 0xcd, 0x70,

    /* U+4E00 "一" */
    0x12, 0x22, 0x22, 0x22, 0x22, 0x22, 0x21, 0xef,
    0xff, 0xff, 0xff, 0xff, 0xff, 0xf8, 0x22, 0x22,
    0x22, 0x22, 0x22, 0x22, 0x21,

    /* U+4E09 "三" */
    0x4, 0x44, 0x44, 0x44, 0x44, 0x44, 0x20, 0xf,
    0xff, 0xff, 0xff, 0xff, 0xff, 0x90, 0x0, 0x0,
    0x0, 0x0, 0x0, 0x0, 0x0, 0x0, 0x0, 0x0,
    0x0, 0x0, 0x0, 0x0, 0x0, 0x0, 0x0, 0x0,
    0x0, 0x0, 0x0, 0x3, 0xff, 0xff, 0xff, 0xff,
    0xfc, 0x0, 0x0, 0x44, 0x44, 0x44, 0x44, 0x43,
    0x0, 0x0, 0x0, 0x0, 0x0, 0x0, 0x0, 0x0,
    0x0, 0x0, 0x0, 0x0, 0x0, 0x0, 0x0, 0x0,
    0x0, 0x0, 0x0, 0x0, 0x0, 0x0, 0x45, 0x55,
    0x55, 0x55, 0x55, 0x55, 0x52, 0xce, 0xee, 0xee,
    0xee, 0xee, 0xee, 0xe7,

    /* U+4E0A "上" */
    0x0, 0x0, 0x0, 0x1f, 0x20, 0x0, 0x0, 0x0,
    0x0, 0x0, 0x1, 0xf2, 0x0, 0x0, 0x0, 0x0,
    0x0, 0x0, 0x1f, 0x20, 0x0, 0x0, 0x0, 0x0,
    0x0, 0x1, 0xf2, 0x0, 0x0, 0x0, 0x0, 0x0,
    0x0, 0x1f, 0x53, 0x33, 0x32, 0x0, 0x0, 0x0,
    0x1, 0xff, 0xff, 0xff, 0xa0, 0x0, 0x0, 0x0,
    0x1f, 0x20, 0x0, 0x0, 0x0, 0x0, 0x0, 0x1,
    0xf2, 0x0, 0x0, 0x0, 0x0, 0x0, 0x0, 0x1f,
    0x20, 0x0, 0x0, 0x0, 0x0, 0x0, 0x1, 0xf2,
    0x0, 0x0, 0x0, 0x0, 0x0, 0x0, 0x1f, 0x20,
    0x0, 0x0, 0x0, 0x11, 0x11, 0x12, 0xf3, 0x11,
    0x11, 0x11, 0xf, 0xff, 0xff, 0xff, 0xff, 0xff,
    0xff, 0xf0, 0x0, 0x0, 0x0, 0x0, 0x0, 0x0,
    0x0,

    /* U+4E0B "下" */
    0xef, 0xff, 0xff, 0xff, 0xff, 0xff, 0xf7, 0x22,
    0x22, 0x25, 0xf3, 0x22, 0x22, 0x21, 0x0, 0x0,
    0x3, 0xf1, 0x0, 0x0, 0x0, 0x0, 0x0, 0x3,
    0xf2, 0x0, 0x0, 0x0, 0x0, 0x0, 0x3, 0xff,
    0x81, 0x0, 0x0, 0x0, 0x0, 0x3, 0xf3, 0xbf,
    0x70, 0x0, 0x0, 0x0, 0x3, 0xf1, 0x5, 0xed,
    0x40, 0x0, 0x0, 0x3, 0xf1, 0x0, 0x1a, 0x80,
    0x0, 0x0, 0x3, 0xf1, 0x0, 0x0, 0x0, 0x0,
    0x0, 0x3, 0xf1, 0x0, 0x0, 0x0, 0x0, 0x0,
    0x3, 0xf1, 0x0, 0x0, 0x0, 0x0, 0x0, 0x3,
    0xf1, 0x0, 0x0, 0x0, 0x0, 0x0, 0x3, 0xf1,
    0x0, 0x0, 0x0,

    /* U+4E0D "不" */
    0x8f, 0xff, 0xff, 0xff, 0xff, 0xff, 0xfe, 0x1,
    0x22, 0x22, 0x25, 0xf5, 0x22, 0x22, 0x20, 0x0,
    0x0, 0x0, 0xdc, 0x0, 0x0, 0x0, 0x0, 0x0,
    0x0, 0x8f, 0xc1, 0x50, 0x0, 0x0, 0x0, 0x0,
    0x6f, 0xbc, 0x4f, 0x90, 0x0, 0x0, 0x0, 0x7f,
    0x48, 0xc0, 0x2d, 0xd1, 0x0, 0x0, 0x9f, 0x40,
    0x8c, 0x0, 0x1c, 0xe2, 0x4, 0xee, 0x30, 0x8,
    0xc0, 0x0, 0x1c, 0xe0, 0x69, 0x10, 0x0, 0x8c,
    0x0, 0x0, 0x13, 0x0, 0x0, 0x0, 0x8, 0xc0,
    0x0, 0x0, 0x0, 0x0, 0x0, 0x0, 0x8c, 0x0,
    0x0, 0x0, 0x0, 0x0, 0x0, 0x8, 0xc0, 0x0,
    0x0, 0x0, 0x0, 0x0, 0x0, 0x8c, 0x0, 0x0,
    0x0, 0x0,

    /* U+4E0E "与" */
    0x0, 0x0, 0x10, 0x0, 0x0, 0x0, 0x0, 0x0,
    0x4, 0xf0, 0x0, 0x0, 0x0, 0x0, 0x0, 0x7,
    0xc0, 0x0, 0x0, 0x0, 0x0, 0x0, 0xa, 0xff,
    0xff, 0xff, 0xff, 0xf7, 0x0, 0xd, 0x72, 0x22,
    0x22, 0x22, 0x21, 0x0, 0x1f, 0x20, 0x0, 0x0,
    0x0, 0x0, 0x0, 0x4f, 0x22, 0x22, 0x22, 0x22,
    0x10, 0x0, 0x7e, 0xee, 0xee, 0xee, 0xef, 0xb0,
    0x0, 0x0, 0x0, 0x0, 0x0, 0x8, 0xa0, 0x12,
    0x22, 0x22, 0x22, 0x22, 0x9, 0x90, 0x7f, 0xff,
    0xff, 0xff, 0xfe, 0xa, 0x80, 0x0, 0x0, 0x0,
    0x0, 0x0, 0xc, 0x70, 0x0, 0x0, 0x0, 0x0,
    0x0, 0xe, 0x50, 0x0, 0x0, 0x0, 0x34, 0x32,
    0x7f, 0x20, 0x0, 0x0, 0x0, 0x5e, 0xff, 0xf8,
    0x0,

    /* U+4E24 "两" */
    0xf, 0xff, 0xff, 0xff, 0xff, 0xff, 0xff, 0xf0,
    0x2, 0x22, 0x2c, 0x62, 0x26, 0xc2, 0x22, 0x20,
    0x0, 0x0, 0xc, 0x50, 0x5, 0xb0, 0x0, 0x0,
    0x0, 0x0, 0xc, 0x50, 0x5, 0xb0, 0x0, 0x0,
    0x3, 0xff, 0xff, 0xff, 0xff, 0xff, 0xff, 0x30,
    0x3, 0xe2, 0x2d, 0x52, 0x27, 0xb2, 0x2e, 0x30,
    0x3, 0xe0, 0xe, 0x70, 0x7, 0xa0, 0xe, 0x30,
    0x3, 0xe0, 0x1f, 0xe3, 0xa, 0xf2, 0xe, 0x30,
    0x3, 0xe0, 0x6b, 0x6d, 0x1f, 0x8c, 0xe, 0x30,
    0x3, 0xe0, 0xd5, 0x8, 0x7c, 0xd, 0x6e, 0x30,
    0x3, 0xe9, 0xc0, 0x2, 0xe4, 0x6, 0x5e, 0x30,
    0x3, 0xe4, 0x20, 0x8, 0x90, 0x0, 0xe, 0x30,
    0x3, 0xe0, 0x0, 0x0, 0x0, 0x15, 0x4f, 0x30,
    0x3, 0xe0, 0x0, 0x0, 0x0, 0xc, 0xdb, 0x0,

    /* U+4E2A "个" */
    0x0, 0x0, 0x0, 0x5f, 0xa0, 0x0, 0x0, 0x0,
    0x0, 0x0, 0x0, 0xea, 0xf6, 0x0, 0x0, 0x0,
    0x0, 0x0, 0xa, 0xd0, 0x5f, 0x60, 0x0, 0x0,
    0x0, 0x0, 0x8f, 0x20, 0x6, 0xf7, 0x0, 0x0,
    0x0, 0x9, 0xf4, 0x8, 0x30, 0x5f, 0xb1, 0x0,
    0x3, 0xce, 0x30, 0xe, 0x50, 0x2, 0xde, 0x60,
    0x2f, 0xa1, 0x0, 0xe, 0x50, 0x0, 0x8, 0x90,
    0x1, 0x0, 0x0, 0xe, 0x50, 0x0, 0x0, 0x0,
    0x0, 0x0, 0x0, 0xe, 0x50, 0x0, 0x0, 0x0,
    0x0, 0x0, 0x0, 0xe, 0x50, 0x0, 0x0, 0x0,
    0x0, 0x0, 0x0, 0xe, 0x50, 0x0, 0x0, 0x0,
    0x0, 0x0, 0x0, 0xe, 0x50, 0x0, 0x0, 0x0,
    0x0, 0x0, 0x0, 0xe, 0x50, 0x0, 0x0, 0x0,
    0x0, 0x0, 0x0, 0xe, 0x50, 0x0, 0x0, 0x0,

    /* U+4E2D "中" */
    0x0, 0x0, 0x0, 0xe5, 0x0, 0x0, 0x0, 0x0,
    0x0, 0x0, 0xe5, 0x0, 0x0, 0x0, 0x0, 0x0,
    0x0, 0xe5, 0x0, 0x0, 0x0, 0xf, 0xff, 0xff,
    0xff, 0xff, 0xff, 0xf0, 0x1f, 0x31, 0x11, 0xe6,
    0x11, 0x14, 0xf0, 0x1f, 0x20, 0x0, 0xe5, 0x0,
    0x3, 0xf0, 0x1f, 0x20, 0x0, 0xe5, 0x0, 0x3,
    0xf0, 0x1f, 0x20, 0x0, 0xe5, 0x0, 0x3, 0xf0,
    0x1f, 0xff, 0xff, 0xff, 0xff, 0xff, 0xf0, 0x1f,
    0x20, 0x0, 0xe5, 0x0, 0x3, 0xf0, 0x3, 0x0,
    0x0, 0xe5, 0x0, 0x0, 0x10, 0x0, 0x0, 0x0,
    0xe5, 0x0, 0x0, 0x0, 0x0, 0x0, 0x0, 0xe5,
    0x0, 0x0, 0x0, 0x0, 0x0, 0x0, 0xe5, 0x0,
    0x0, 0x0,

    /* U+4E32 "串" */
    0x0, 0x0, 0x0, 0xd5, 0x0, 0x0, 0x0, 0x0,
    0x0, 0x0, 0xd5, 0x0, 0x0, 0x0, 0x7, 0xfe,
    0xee, 0xff, 0xee, 0xef, 0x50, 0x7, 0x90, 0x0,
    0xd5, 0x0, 0xc, 0x50, 0x7, 0xa2, 0x22, 0xd7,
    0x22, 0x2d, 0x50, 0x6, 0xcc, 0xcc, 0xfd, 0xcc,
    0xcc, 0x30, 0x0, 0x0, 0x0, 0xd5, 0x0, 0x0,
    0x0, 0x3f, 0xff, 0xff, 0xff, 0xff, 0xff, 0xf0,
    0x3e, 0x0, 0x0, 0xd5, 0x0, 0x1, 0xf0, 0x3e,
    0x0, 0x0, 0xd5, 0x0, 0x1, 0xf0, 0x3f, 0xff,
    0xff, 0xff, 0xff, 0xff, 0xf0, 0x3d, 0x0, 0x0,
    0xd5, 0x0, 0x1, 0xd0, 0x0, 0x0, 0x0, 0xd5,
    0x0, 0x0, 0x0, 0x0, 0x0, 0x0, 0xd5, 0x0,
    0x0, 0x0,

    /* U+4E39 "丹" */
    0x0, 0xa, 0xff, 0xff, 0xff, 0xff, 0xf0, 0x0,
    0x0, 0xa, 0x91, 0x12, 0x11, 0x14, 0xf0, 0x0,
    0x0, 0xa, 0x90, 0x8c, 0x0, 0x4, 0xf0, 0x0,
    0x0, 0xa, 0x90, 0x2f, 0x80, 0x4, 0xf0, 0x0,
    0x0, 0xa, 0x90, 0x5, 0xf3, 0x4, 0xf0, 0x0,
    0x0, 0xa, 0x90, 0x0, 0xb6, 0x4, 0xf0, 0x0,
    0x1, 0x1a, 0x91, 0x11, 0x11, 0x15, 0xf1, 0x10,
    0xf, 0xff, 0xff, 0xff, 0xff, 0xff, 0xff, 0xf2,
    0x0, 0xa, 0x80, 0x0, 0x0, 0x4, 0xf0, 0x0,
    0x0, 0xb, 0x70, 0x0, 0x0, 0x4, 0xf0, 0x0,
    0x0, 0xe, 0x40, 0x0, 0x0, 0x4, 0xf0, 0x0,
    0x0, 0x2f, 0x10, 0x0, 0x0, 0x4, 0xf0, 0x0,
    0x0, 0xba, 0x0, 0x0, 0x24, 0x27, 0xe0, 0x0,
    0x3, 0xf2, 0x0, 0x0, 0x5f, 0xff, 0x90, 0x0,
    0x0, 0x20, 0x0, 0x0, 0x0, 0x0, 0x0, 0x0,

    /* U+4E3A "为" */
    0x0, 0x70, 0x4, 0xf0, 0x0, 0x0, 0x0, 0x1,
    0xcc, 0x14, 0xf0, 0x0, 0x0, 0x0, 0x0, 0xb,
    0xc4, 0xf0, 0x0, 0x0, 0x0, 0x0, 0x0, 0x34,
    0xf0, 0x0, 0x0, 0x0, 0x5f, 0xff, 0xff, 0xff,
    0xff, 0xff, 0xf3, 0x2, 0x22, 0x27, 0xd1, 0x11,
    0x12, 0xf2, 0x0, 0x0, 0x8, 0xb0, 0x0, 0x1,
    0xf2, 0x0, 0x0, 0xc, 0x79, 0xa0, 0x2, 0xf1,
    0x0, 0x0, 0x2f, 0x22, 0xdc, 0x2, 0xf0, 0x0,
    0x0, 0xac, 0x0, 0x1d, 0x94, 0xf0, 0x0, 0x5,
    0xf3, 0x0, 0x2, 0x15, 0xe0, 0x0, 0x4f, 0x80,
    0x0, 0x0, 0x8, 0xc0, 0x18, 0xf9, 0x0, 0x4,
    0x64, 0x5e, 0x90, 0x5e, 0x50, 0x0, 0x4, 0xdf,
    0xfd, 0x20, 0x0, 0x0, 0x0, 0x0, 0x0, 0x0,
    0x0,

    /* U+4E3B "主" */
    0x0, 0x0, 0x10, 0x0, 0x0, 0x0, 0x0, 0x0,
    0x0, 0xcd, 0x40, 0x0, 0x0, 0x0, 0x0, 0x0,
    0x8, 0xfa, 0x0, 0x0, 0x0, 0x0, 0x0, 0x0,
    0x38, 0x0, 0x0, 0x0, 0x5f, 0xff, 0xff, 0xff,
    0xff, 0xff, 0xf2, 0x2, 0x22, 0x22, 0xc8, 0x22,
    0x22, 0x20, 0x0, 0x0, 0x0, 0xc7, 0x0, 0x0,
    0x0, 0x0, 0x0, 0x0, 0xc7, 0x0, 0x0, 0x0,
    0x2, 0x44, 0x44, 0xd9, 0x44, 0x44, 0x10, 0x8,
    0xcc, 0xcc, 0xfe, 0xcc, 0xcc, 0x50, 0x0, 0x0,
    0x0, 0xc7, 0x0, 0x0, 0x0, 0x0, 0x0, 0x0,
    0xc7, 0x0, 0x0, 0x0, 0x0, 0x0, 0x0, 0xc7,
    0x0, 0x0, 0x0, 0xbc, 0xcc, 0xcc, 0xfe, 0xcc,
    0xcc, 0xc8, 0x44, 0x44, 0x44, 0x44, 0x44, 0x44,
    0x43,

    /* U+4E49 "义" */
    0x0, 0x0, 0x0, 0x38, 0x0, 0x0, 0x0, 0x0,
    0x0, 0x10, 0x2, 0xf2, 0x0, 0x13, 0x0, 0x0,
    0xd, 0x60, 0xb, 0x90, 0x7, 0xd0, 0x0, 0x0,
    0x7c, 0x0, 0x5d, 0x0, 0xc7, 0x0, 0x0, 0x1,
    0xf4, 0x0, 0x0, 0x2f, 0x20, 0x0, 0x0, 0x8,
    0xd0, 0x0, 0xb, 0xa0, 0x0, 0x0, 0x0, 0xe,
    0x70, 0x4, 0xf2, 0x0, 0x0, 0x0, 0x0, 0x4f,
    0x41, 0xe8, 0x0, 0x0, 0x0, 0x0, 0x0, 0x7f,
    0xcc, 0x0, 0x0, 0x0, 0x0, 0x0, 0x1, 0xef,
    0x50, 0x0, 0x0, 0x0, 0x0, 0x3, 0xdd, 0x9f,
    0x70, 0x0, 0x0, 0x0, 0x19, 0xfa, 0x0, 0x6f,
    0xd5, 0x0, 0x6, 0xbf, 0xd4, 0x0, 0x0, 0x2a,
    0xfe, 0x80, 0x69, 0x30, 0x0, 0x0, 0x0, 0x2,
    0x75,

    /* U+4E4B "之" */
    0x0, 0x0, 0x0, 0x0, 0x0, 0x0, 0x0, 0x0,
    0x0, 0x8, 0x70, 0x0, 0x0, 0x0, 0x0, 0x0,
    0x3, 0xf6, 0x0, 0x0, 0x0, 0x0, 0x0, 0x0,
    0x5f, 0x20, 0x0, 0x0, 0xa, 0xff, 0xff, 0xff,
    0xff, 0xfd, 0x0, 0x1, 0x22, 0x22, 0x22, 0x23,
    0xe8, 0x0, 0x0, 0x0, 0x0, 0x0, 0x1d, 0xb0,
    0x0, 0x0, 0x0, 0x0, 0x0, 0xcb, 0x0, 0x0,
    0x0, 0x0, 0x0, 0x1c, 0xb0, 0x0, 0x0, 0x0,
    0x0, 0x3, 0xea, 0x0, 0x0, 0x0, 0x0, 0x87,
    0x6f, 0x80, 0x0, 0x0, 0x0, 0x2, 0xfe, 0xf4,
    0x0, 0x0, 0x0, 0x0, 0xb, 0xa3, 0xea, 0x51,
    0x0, 0x0, 0x0, 0x7f, 0x10, 0x18, 0xdf, 0xfe,
    0xef, 0xfa, 0x55, 0x0, 0x0, 0x1, 0x35, 0x55,
    0x52,

    /* U+4E4C "乌" */
    0x0, 0x0, 0x0, 0x0, 0x0, 0x0, 0x0, 0x0,
    0x0, 0x6, 0xe0, 0x0, 0x0, 0x0, 0x0, 0x22,
    0x2c, 0x92, 0x22, 0x20, 0x0, 0x0, 0xff, 0xff,
    0xff, 0xff, 0xf5, 0x0, 0x0, 0xf4, 0x0, 0x0,
    0x0, 0xd5, 0x0, 0x0, 0xf4, 0x0, 0x0, 0x0,
    0xf4, 0x0, 0x0, 0xf4, 0x0, 0x5, 0xee, 0xe1,
    0x0, 0x0, 0xf4, 0x0, 0x0, 0x11, 0x0, 0x0,
    0x0, 0xfe, 0xee, 0xee, 0xee, 0xee, 0xe4, 0x0,
    0x33, 0x33, 0x33, 0x33, 0x33, 0xe4, 0x0, 0x0,
    0x0, 0x0, 0x0, 0x0, 0xe3, 0xef, 0xff, 0xff,
    0xff, 0xff, 0x20, 0xf2, 0x22, 0x22, 0x22, 0x22,
    0x22, 0x1, 0xf1, 0x0, 0x0, 0x0, 0x0, 0x22,
    0x17, 0xf0, 0x0, 0x0, 0x0, 0x0, 0x8f, 0xff,
    0x70, 0x0, 0x0, 0x0, 0x0, 0x0, 0x0, 0x0,

    /* U+4E50 "乐" */
    0x0, 0x0, 0x1, 0x24, 0x7a, 0xd9, 0x0, 0x0,
    0xce, 0xff, 0xfd, 0xa8, 0x52, 0x0, 0x0, 0xf5,
    0x21, 0x0, 0x0, 0x0, 0x0, 0x2, 0xf0, 0x0,
    0x3b, 0x0, 0x0, 0x0, 0x3, 0xf0, 0x0, 0x4e,
    0x0, 0x0, 0x0, 0x5, 0xd0, 0x0, 0x4e, 0x0,
    0x0, 0x0, 0x7, 0xfe, 0xee, 0xef, 0xee, 0xee,
    0xe0, 0x1, 0x33, 0x33, 0x6f, 0x33, 0x33, 0x30,
    0x0, 0x4, 0x30, 0x4e, 0x2, 0x20, 0x0, 0x0,
    0x1e, 0x70, 0x4e, 0x8, 0xf4, 0x0, 0x1, 0xca,
    0x0, 0x4e, 0x0, 0x8f, 0x50, 0x1d, 0xc0, 0x0,
    0x4e, 0x0, 0x8, 0xf4, 0x6c, 0x0, 0x22, 0x6e,
    0x0, 0x0, 0xa8, 0x0, 0x0, 0x7f, 0xfa, 0x0,
    0x0, 0x0,

    /* U+4E58 "乘" */
    0x0, 0x0, 0x0, 0x12, 0x34, 0x57, 0x91, 0x0,
    0x0, 0x9f, 0xff, 0xff, 0xec, 0xa9, 0x73, 0x0,
    0x0, 0x0, 0x0, 0x9, 0x80, 0x0, 0x0, 0x0,
    0x2, 0x22, 0x22, 0x2a, 0x92, 0x22, 0x22, 0x20,
    0xf, 0xff, 0xff, 0xff, 0xff, 0xff, 0xff, 0xf0,
    0x2, 0x22, 0x23, 0x2a, 0x92, 0x32, 0x22, 0x20,
    0x0, 0x0, 0x1f, 0x9, 0x81, 0xf0, 0x16, 0x0,
    0x5, 0xee, 0xef, 0x9, 0x81, 0xf9, 0xe9, 0x10,
    0x0, 0x0, 0x3f, 0x9, 0x81, 0xf4, 0x1, 0x90,
    0x2, 0x7b, 0xdf, 0xb, 0xa1, 0xf4, 0x47, 0xd0,
    0x7, 0x94, 0xb, 0x8f, 0xf9, 0x8a, 0xaa, 0x40,
    0x0, 0x0, 0xa, 0xba, 0x89, 0xd3, 0x0, 0x0,
    0x0, 0x6, 0xe8, 0x9, 0x80, 0x5e, 0xb4, 0x0,
    0x7, 0xec, 0x30, 0x9, 0x80, 0x0, 0x7e, 0xe1,
    0x5, 0x40, 0x0, 0x9, 0x80, 0x0, 0x0, 0x20,

    /* U+4E8C "二" */
    0xa, 0xff, 0xff, 0xff, 0xff, 0xff, 0x40, 0x3,
    0x44, 0x44, 0x44, 0x44, 0x44, 0x10, 0x0, 0x0,
    0x0, 0x0, 0x0, 0x0, 0x0, 0x0, 0x0, 0x0,
    0x0, 0x0, 0x0, 0x0, 0x0, 0x0, 0x0, 0x0,
    0x0, 0x0, 0x0, 0x0, 0x0, 0x0, 0x0, 0x0,
    0x0, 0x0, 0x0, 0x0, 0x0, 0x0, 0x0, 0x0,
    0x0, 0x0, 0x0, 0x0, 0x0, 0x0, 0x0, 0x0,
    0x22, 0x22, 0x22, 0x22, 0x22, 0x22, 0x21, 0xef,
    0xff, 0xff, 0xff, 0xff, 0xff, 0xf8, 0x11, 0x11,
    0x11, 0x11, 0x11, 0x11, 0x10,

    /* U+4E8E "于" */
    0xf, 0xff, 0xff, 0xff, 0xff, 0xff, 0xd0, 0x2,
    0x22, 0x22, 0x9c, 0x22, 0x22, 0x10, 0x0, 0x0,
    0x0, 0x8c, 0x0, 0x0, 0x0, 0x0, 0x0, 0x0,
    0x8c, 0x0, 0x0, 0x0, 0x1, 0x11, 0x11, 0x8c,
    0x11, 0x11, 0x10, 0xef, 0xff, 0xff, 0xff, 0xff,
    0xff, 0xfa, 0x0, 0x0, 0x0, 0x8c, 0x0, 0x0,
    0x0, 0x0, 0x0, 0x0, 0x8c, 0x0, 0x0, 0x0,
    0x0, 0x0, 0x0, 0x8c, 0x0, 0x0, 0x0, 0x0,
    0x0, 0x0, 0x8c, 0x0, 0x0, 0x0, 0x0, 0x0,
    0x0, 0x8c, 0x0, 0x0, 0x0, 0x0, 0x2, 0x54,
    0xbc, 0x0, 0x0, 0x0, 0x0, 0x3, 0xef, 0xf7,
    0x0, 0x0, 0x0,

    /* U+4EA4 "交" */
    0x0, 0x0, 0x0, 0x3, 0x0, 0x0, 0x0, 0x0,
    0x0, 0x0, 0x3, 0xf5, 0x0, 0x0, 0x0, 0x0,
    0x0, 0x0, 0x6, 0xe0, 0x0, 0x0, 0x0, 0xcd,
    0xdd, 0xdd, 0xde, 0xdd, 0xdd, 0xd6, 0x2, 0x22,
    0x36, 0x22, 0x24, 0x82, 0x22, 0x10, 0x0, 0xc,
    0xc0, 0x0, 0x4f, 0xa0, 0x0, 0x0, 0xb, 0xd1,
    0x0, 0x0, 0x2d, 0xc1, 0x0, 0x3d, 0xc3, 0x50,
    0x0, 0x39, 0x1d, 0xd0, 0x3, 0x90, 0x3f, 0x20,
    0xb, 0x90, 0x14, 0x0, 0x0, 0x0, 0x8d, 0x5,
    0xf1, 0x0, 0x0, 0x0, 0x0, 0x0, 0xbc, 0xf5,
    0x0, 0x0, 0x0, 0x0, 0x0, 0x5, 0xff, 0x40,
    0x0, 0x0, 0x0, 0x0, 0x2a, 0xf6, 0x7f, 0xc5,
    0x0, 0x0, 0x37, 0xcf, 0x91, 0x0, 0x19, 0xef,
    0xb4, 0xa, 0xc7, 0x10, 0x0, 0x0, 0x0, 0x59,
    0x10,

    /* U+4EAB "享" */
    0x0, 0x0, 0x0, 0x18, 0x0, 0x0, 0x0, 0x0,
    0x0, 0x0, 0x0, 0xd, 0x70, 0x0, 0x0, 0x0,
    0xa, 0xcc, 0xcc, 0xce, 0xfc, 0xcc, 0xcc, 0xa0,
    0x2, 0x33, 0x33, 0x33, 0x33, 0x33, 0x33, 0x20,
    0x0, 0xb, 0xee, 0xee, 0xee, 0xee, 0xb0, 0x0,
    0x0, 0xc, 0x60, 0x0, 0x0, 0x6, 0xc0, 0x0,
    0x0, 0xc, 0xdc, 0xcc, 0xcc, 0xcd, 0xc0, 0x0,
    0x0, 0x0, 0x0, 0x0, 0x0, 0x0, 0x0, 0x0,
    0x0, 0x8e, 0xee, 0xee, 0xee, 0xee, 0xd0, 0x0,
    0x0, 0x0, 0x0, 0x0, 0x4a, 0xe8, 0x10, 0x0,
    0x0, 0x0, 0x0, 0x6, 0xe5, 0x0, 0x0, 0x0,
    0xf, 0xff, 0xff, 0xff, 0xff, 0xff, 0xff, 0xf0,
    0x0, 0x0, 0x0, 0x6, 0xd0, 0x0, 0x0, 0x0,
    0x0, 0x0, 0x2, 0x17, 0xd0, 0x0, 0x0, 0x0,
    0x0, 0x0, 0xa, 0xff, 0x90, 0x0, 0x0, 0x0,
    0x0, 0x0, 0x0, 0x0, 0x0, 0x0, 0x0, 0x0,

    /* U+4EAE "亮" */
    0x0, 0x0, 0x0, 0x15, 0x0, 0x0, 0x0, 0x0,
    0x0, 0x0, 0x0, 0xd, 0x40, 0x0, 0x0, 0x0,
    0xa, 0xcc, 0xcc, 0xce, 0xec, 0xcc, 0xcc, 0x90,
    0x3, 0x33, 0x33, 0x33, 0x33, 0x33, 0x33, 0x20,
    0x0, 0x4, 0xee, 0xee, 0xee, 0xee, 0x20, 0x0,
    0x0, 0x4, 0xe0, 0x0, 0x0, 0x2f, 0x30, 0x0,
    0x0, 0x4, 0xfb, 0xbb, 0xbb, 0xbf, 0x30, 0x0,
    0x0, 0x0, 0x33, 0x33, 0x33, 0x33, 0x0, 0x0,
    0xe, 0xff, 0xff, 0xff, 0xff, 0xff, 0xff, 0xc0,
    0xe, 0x40, 0x0, 0x0, 0x0, 0x0, 0x5, 0xd0,
    0xb, 0x30, 0xe, 0xee, 0xee, 0x50, 0x3, 0xa0,
    0x0, 0x0, 0xf, 0x0, 0xc, 0x50, 0x0, 0x0,
    0x0, 0x0, 0x5d, 0x0, 0xc, 0x50, 0x2, 0xc0,
    0x0, 0x5, 0xe5, 0x0, 0xc, 0x70, 0x17, 0xf0,
    0x1c, 0xfd, 0x50, 0x0, 0x7, 0xff, 0xfe, 0x60,
    0x3, 0x20, 0x0, 0x0, 0x0, 0x0, 0x0, 0x0,

    /* U+4EBA "人" */
    0x0, 0x0, 0x0, 0xc8, 0x0, 0x0, 0x0, 0x0,
    0x0, 0x0, 0xc8, 0x0, 0x0, 0x0, 0x0, 0x0,
    0x0, 0xd9, 0x0, 0x0, 0x0, 0x0, 0x0, 0x0,
    0xeb, 0x0, 0x0, 0x0, 0x0, 0x0, 0x0, 0xfe,
    0x0, 0x0, 0x0, 0x0, 0x0, 0x3, 0xee, 0x30,
    0x0, 0x0, 0x0, 0x0, 0x7, 0x99, 0x90, 0x0,
    0x0, 0x0, 0x0, 0xd, 0x53, 0xf1, 0x0, 0x0,
    0x0, 0x0, 0x6d, 0x0, 0xab, 0x0, 0x0, 0x0,
    0x2, 0xf4, 0x0, 0x1e, 0x90, 0x0, 0x0, 0x2e,
    0x90, 0x0, 0x3, 0xfa, 0x0, 0x5, 0xfa, 0x0,
    0x0, 0x0, 0x3f, 0xd4, 0xaf, 0x70, 0x0, 0x0,
    0x0, 0x2, 0xc9, 0x22, 0x0, 0x0, 0x0, 0x0,
    0x0, 0x0,

    /* U+4EC5 "仅" */
    0x0, 0x0, 0x91, 0x0, 0x0, 0x0, 0x0, 0x0,
    0x0, 0x3, 0xf2, 0x44, 0x44, 0x44, 0x42, 0x0,
    0x0, 0x8, 0xa6, 0xef, 0xdd, 0xdd, 0xef, 0x0,
    0x0, 0xe, 0x40, 0x3f, 0x0, 0x0, 0x8c, 0x0,
    0x0, 0x6f, 0x10, 0xe, 0x40, 0x0, 0xc8, 0x0,
    0x0, 0xef, 0x10, 0x9, 0x90, 0x1, 0xf2, 0x0,
    0x9, 0xcf, 0x10, 0x3, 0xe0, 0x6, 0xd0, 0x0,
    0xe, 0x3f, 0x10, 0x0, 0xb7, 0xd, 0x60, 0x0,
    0x1, 0x1f, 0x10, 0x0, 0x2f, 0x8e, 0x0, 0x0,
    0x0, 0x1f, 0x10, 0x0, 0x8, 0xf6, 0x0, 0x0,
    0x0, 0x1f, 0x10, 0x0, 0x2e, 0xed, 0x20, 0x0,
    0x0, 0x1f, 0x10, 0x4, 0xe8, 0x9, 0xf5, 0x0,
    0x0, 0x1f, 0x12, 0xaf, 0x60, 0x0, 0x7f, 0xc0,
    0x0, 0x1f, 0x1a, 0xa2, 0x0, 0x0, 0x2, 0x60,
    0x0, 0x0, 0x0, 0x0, 0x0, 0x0, 0x0, 0x0,

    /* U+4ECB "介" */
    0x0, 0x0, 0x0, 0x3f, 0xc0, 0x0, 0x0, 0x0,
    0x0, 0x0, 0x0, 0xc9, 0xc9, 0x0, 0x0, 0x0,
    0x0, 0x0, 0x9, 0xd0, 0x1e, 0x90, 0x0, 0x0,
    0x0, 0x0, 0x8e, 0x20, 0x2, 0xea, 0x0, 0x0,
    0x0, 0xb, 0xe3, 0x0, 0x0, 0x2c, 0xd3, 0x0,
    0x5, 0xed, 0x37, 0x0, 0x0, 0x84, 0x9f, 0xa0,
    0x1d, 0x70, 0x3f, 0x0, 0x0, 0xe5, 0x3, 0x60,
    0x0, 0x0, 0x3f, 0x0, 0x0, 0xe5, 0x0, 0x0,
    0x0, 0x0, 0x3f, 0x0, 0x0, 0xe5, 0x0, 0x0,
    0x0, 0x0, 0x4e, 0x0, 0x0, 0xe5, 0x0, 0x0,
    0x0, 0x0, 0x7c, 0x0, 0x0, 0xe5, 0x0, 0x0,
    0x0, 0x0, 0xd8, 0x0, 0x0, 0xe5, 0x0, 0x0,
    0x0, 0x9, 0xe1, 0x0, 0x0, 0xe5, 0x0, 0x0,
    0x0, 0x8f, 0x40, 0x0, 0x0, 0xe5, 0x0, 0x0,
    0x0, 0x2, 0x0, 0x0, 0x0, 0x0, 0x0, 0x0,

    /* U+4ECE "从" */
    0x0, 0x0, 0xe4, 0x0, 0x0, 0xf3, 0x0, 0x0,
    0x0, 0x0, 0xe4, 0x0, 0x0, 0xf3, 0x0, 0x0,
    0x0, 0x0, 0xe4, 0x0, 0x0, 0xf3, 0x0, 0x0,
    0x0, 0x0, 0xf3, 0x0, 0x0, 0xf4, 0x0, 0x0,
    0x0, 0x0, 0xf3, 0x0, 0x1, 0xf5, 0x0, 0x0,
    0x0, 0x1, 0xf3, 0x0, 0x3, 0xf8, 0x0, 0x0,
    0x0, 0x4, 0xfd, 0x10, 0x6, 0xfc, 0x0, 0x0,
    0x0, 0x8, 0xcc, 0xb0, 0xa, 0xaf, 0x10, 0x0,
    0x0, 0xd, 0x82, 0xf8, 0xe, 0x4c, 0x80, 0x0,
    0x0, 0x3f, 0x20, 0x85, 0x6d, 0x5, 0xf1, 0x0,
    0x0, 0xcb, 0x0, 0x1, 0xe5, 0x0, 0xcb, 0x0,
    0x8, 0xe2, 0x0, 0x1d, 0x90, 0x0, 0x2f, 0x90,
    0x1e, 0x30, 0x0, 0xbb, 0x0, 0x0, 0x4, 0xd1,
    0x0, 0x0, 0x0, 0x10, 0x0, 0x0, 0x0, 0x0,

    /* U+4ED6 "他" */
    0x0, 0x1, 0xc0, 0x0, 0xe, 0x30, 0x0, 0x0,
    0x0, 0x6, 0xb0, 0xd3, 0xe, 0x30, 0x0, 0x0,
    0x0, 0xc, 0x50, 0xe3, 0xe, 0x30, 0x0, 0x0,
    0x0, 0x3f, 0x0, 0xe3, 0xe, 0x55, 0xab, 0x0,
    0x0, 0xae, 0x0, 0xe6, 0x8f, 0xfb, 0x7f, 0x10,
    0x3, 0xfe, 0x3a, 0xfe, 0x9f, 0x30, 0xf, 0x10,
    0xd, 0x9e, 0x58, 0xf3, 0xe, 0x30, 0xf, 0x10,
    0x1b, 0x3e, 0x0, 0xe3, 0xe, 0x30, 0xf, 0x10,
    0x0, 0x3e, 0x0, 0xe3, 0xe, 0x35, 0x5f, 0x0,
    0x0, 0x3e, 0x0, 0xe3, 0xe, 0x3a, 0xc9, 0x0,
    0x0, 0x3e, 0x0, 0xe3, 0x9, 0x20, 0x0, 0x91,
    0x0, 0x3e, 0x0, 0xe3, 0x0, 0x0, 0x1, 0xf1,
    0x0, 0x3e, 0x0, 0xea, 0x54, 0x44, 0x5a, 0xe0,
    0x0, 0x3e, 0x0, 0x5b, 0xdd, 0xdd, 0xcb, 0x40,

    /* U+4EE5 "以" */
    0x0, 0x0, 0x0, 0x0, 0x0, 0x0, 0x0, 0x0,
    0x51, 0xc, 0xa0, 0x0, 0x4, 0xe0, 0x0, 0xe,
    0x40, 0x2e, 0xb0, 0x0, 0x4e, 0x0, 0x0, 0xe4,
    0x0, 0x2e, 0xa0, 0x4, 0xe0, 0x0, 0xe, 0x40,
    0x0, 0x3c, 0x0, 0x5d, 0x0, 0x0, 0xe4, 0x0,
    0x0, 0x0, 0x6, 0xc0, 0x0, 0xe, 0x40, 0x0,
    0x0, 0x0, 0x8a, 0x0, 0x0, 0xe4, 0x0, 0x0,
    0x10, 0xb, 0x70, 0x0, 0xe, 0x40, 0x2, 0xb9,
    0x0, 0xf3, 0x0, 0x0, 0xe4, 0x18, 0xf7, 0x0,
    0x8f, 0x0, 0x0, 0xe, 0xbf, 0xc2, 0x0, 0x4f,
    0xeb, 0x10, 0x3, 0xfc, 0x40, 0x0, 0x6f, 0x71,
    0xcd, 0x10, 0x4, 0x0, 0x5, 0xce, 0x50, 0x0,
    0xcd, 0x10, 0x0, 0xd, 0xf9, 0x10, 0x0, 0x1,
    0x90, 0x0, 0x0, 0x30, 0x0, 0x0, 0x0, 0x0,
    0x0,

    /* U+4EEA "仪" */
    0x0, 0x0, 0x0, 0x0, 0x0, 0x0, 0x0, 0x0,
    0x0, 0x0, 0xf2, 0x0, 0x69, 0x0, 0x0, 0x0,
    0x0, 0x5, 0xe0, 0x20, 0x2f, 0x20, 0x36, 0x0,
    0x0, 0xa, 0x81, 0xf2, 0xb, 0x80, 0x8c, 0x0,
    0x0, 0x1f, 0x30, 0xc7, 0x2, 0x0, 0xc8, 0x0,
    0x0, 0x8f, 0x10, 0x7c, 0x0, 0x1, 0xf3, 0x0,
    0x1, 0xff, 0x10, 0x1f, 0x30, 0x6, 0xd0, 0x0,
    0xb, 0xaf, 0x10, 0x9, 0xb0, 0xd, 0x70, 0x0,
    0xd, 0x1f, 0x10, 0x2, 0xf4, 0x4f, 0x10, 0x0,
    0x0, 0x1f, 0x10, 0x0, 0x8e, 0xd8, 0x0, 0x0,
    0x0, 0x1f, 0x10, 0x0, 0xe, 0xf1, 0x0, 0x0,
    0x0, 0x1f, 0x10, 0x0, 0x9e, 0xdc, 0x10, 0x0,
    0x0, 0x1f, 0x10, 0x1b, 0xe2, 0x1c, 0xe5, 0x0,
    0x0, 0x1f, 0x26, 0xec, 0x10, 0x0, 0x8f, 0xc0,
    0x0, 0x1f, 0x3d, 0x60, 0x0, 0x0, 0x3, 0x50,
    0x0, 0x0, 0x0, 0x0, 0x0, 0x0, 0x0, 0x0,

    /* U+4EF0 "仰" */
    0x0, 0x0, 0x30, 0x0, 0x0, 0x0, 0x0, 0x0,
    0x0, 0xf, 0x30, 0x29, 0x20, 0x0, 0x0, 0x0,
    0x5, 0xd1, 0xbf, 0x94, 0xff, 0xff, 0xe0, 0x0,
    0xb7, 0x3f, 0x0, 0x1f, 0x11, 0x4e, 0x0, 0x2f,
    0x13, 0xe0, 0x1, 0xf0, 0x3, 0xe0, 0xa, 0xe0,
    0x3e, 0x0, 0x1f, 0x0, 0x3e, 0x3, 0xfe, 0x3,
    0xe0, 0x1, 0xf0, 0x3, 0xe0, 0xd9, 0xe0, 0x3e,
    0x0, 0x1f, 0x0, 0x3e, 0x3b, 0x2e, 0x3, 0xe0,
    0x1, 0xf0, 0x3, 0xe0, 0x2, 0xe0, 0x3e, 0x0,
    0x1f, 0x0, 0x3e, 0x0, 0x2e, 0x3, 0xe3, 0xb6,
    0xf0, 0x3, 0xe0, 0x2, 0xe0, 0x4f, 0xe6, 0x1f,
    0x14, 0x6e, 0x0, 0x2e, 0x5, 0x91, 0x1, 0xf2,
    0xcc, 0x70, 0x2, 0xe0, 0x0, 0x0, 0x1f, 0x0,
    0x0, 0x0, 0x2e, 0x0, 0x0, 0x1, 0xf0, 0x0,
    0x0,

    /* U+4EF6 "件" */
    0x0, 0x0, 0xb1, 0x0, 0x4, 0xe0, 0x0, 0x0,
    0x0, 0x4, 0xe0, 0x2d, 0x4, 0xe0, 0x0, 0x0,
    0x0, 0x9, 0x80, 0x6c, 0x4, 0xe0, 0x0, 0x0,
    0x0, 0xf, 0x20, 0xae, 0xdd, 0xfd, 0xdd, 0x40,
    0x0, 0x7f, 0x11, 0xf4, 0x36, 0xe3, 0x33, 0x10,
    0x0, 0xef, 0x18, 0xb0, 0x4, 0xe0, 0x0, 0x0,
    0x9, 0xaf, 0x1d, 0x30, 0x4, 0xe0, 0x0, 0x0,
    0x1d, 0x2f, 0x11, 0x0, 0x4, 0xe0, 0x0, 0x0,
    0x1, 0x1f, 0x1d, 0xff, 0xff, 0xff, 0xff, 0xf1,
    0x0, 0x1f, 0x10, 0x0, 0x4, 0xe0, 0x0, 0x0,
    0x0, 0x1f, 0x10, 0x0, 0x4, 0xe0, 0x0, 0x0,
    0x0, 0x1f, 0x10, 0x0, 0x4, 0xe0, 0x0, 0x0,
    0x0, 0x1f, 0x10, 0x0, 0x4, 0xe0, 0x0, 0x0,
    0x0, 0x1f, 0x10, 0x0, 0x4, 0xe0, 0x0, 0x0,

    /* U+4EFB "任" */
    0x0, 0x0, 0x0, 0x0, 0x0, 0x0, 0x0, 0x0,
    0x0, 0x1f, 0x10, 0x0, 0x0, 0x48, 0x30, 0x0,
    0x5, 0xc2, 0x57, 0x9c, 0xff, 0xc6, 0x0, 0x0,
    0xb7, 0x8c, 0xa8, 0xe7, 0x0, 0x0, 0x0, 0x1f,
    0x20, 0x0, 0xd, 0x50, 0x0, 0x0, 0x9, 0xf1,
    0x0, 0x0, 0xd5, 0x0, 0x0, 0x2, 0xff, 0x10,
    0x0, 0xd, 0x50, 0x0, 0x0, 0xc9, 0xf4, 0xcc,
    0xcc, 0xfd, 0xcc, 0xcb, 0xb, 0x1f, 0x24, 0x44,
    0x4d, 0x84, 0x44, 0x40, 0x1, 0xf1, 0x0, 0x0,
    0xd5, 0x0, 0x0, 0x0, 0x1f, 0x10, 0x0, 0xd,
    0x50, 0x0, 0x0, 0x1, 0xf1, 0x0, 0x0, 0xd5,
    0x0, 0x0, 0x0, 0x1f, 0x10, 0x0, 0xd, 0x50,
    0x0, 0x0, 0x1, 0xf1, 0xbc, 0xcc, 0xfd, 0xcc,
    0xc6, 0x0, 0x1f, 0x13, 0x44, 0x44, 0x44, 0x44,
    0x20,

    /* U+4EFD "份" */
    0x0, 0x0, 0x0, 0x0, 0x0, 0x0, 0x0, 0x0,
    0x0, 0x3, 0xe0, 0x4, 0x90, 0x2a, 0x0, 0x0,
    0x0, 0x8, 0xb0, 0x9, 0x90, 0xf, 0x30, 0x0,
    0x0, 0xd, 0x50, 0xe, 0x40, 0x9, 0xb0, 0x0,
    0x0, 0x4f, 0x0, 0x6d, 0x0, 0x1, 0xf4, 0x0,
    0x0, 0xbf, 0x0, 0xe6, 0x0, 0x0, 0x7e, 0x10,
    0x4, 0xff, 0xa, 0xc0, 0x0, 0x0, 0xc, 0xc1,
    0xd, 0xaf, 0x2e, 0x8f, 0xff, 0xff, 0xf5, 0xb0,
    0x2c, 0x3f, 0x1, 0x1, 0x9a, 0x11, 0xd4, 0x0,
    0x0, 0x3f, 0x0, 0x0, 0xb7, 0x0, 0xd3, 0x0,
    0x0, 0x3f, 0x0, 0x0, 0xe4, 0x0, 0xe2, 0x0,
    0x0, 0x3f, 0x0, 0x5, 0xe0, 0x0, 0xf1, 0x0,
    0x0, 0x3f, 0x0, 0x1e, 0x70, 0x1, 0xf0, 0x0,
    0x0, 0x3f, 0x1, 0xcb, 0x4, 0x5a, 0xd0, 0x0,
    0x0, 0x3f, 0x8, 0xa0, 0x7, 0xcc, 0x50, 0x0,
    0x0, 0x0, 0x0, 0x0, 0x0, 0x0, 0x0, 0x0,

    /* U+4F10 "伐" */
    0x0, 0x0, 0x0, 0x0, 0x0, 0x0, 0x0, 0x0,
    0x0, 0x0, 0xe2, 0x0, 0xe4, 0x5, 0x10, 0x0,
    0x0, 0x5, 0xc0, 0x0, 0xd5, 0xa, 0xd1, 0x0,
    0x0, 0xb, 0x60, 0x0, 0xc6, 0x0, 0xc9, 0x0,
    0x0, 0x2f, 0x0, 0x0, 0xb7, 0x12, 0x44, 0x50,
    0x0, 0xbe, 0x3c, 0xde, 0xff, 0xfe, 0xdc, 0xb1,
    0x5, 0xfe, 0x15, 0x43, 0x7b, 0x0, 0x11, 0x0,
    0x2e, 0x7e, 0x0, 0x0, 0x3e, 0x0, 0xaa, 0x0,
    0x38, 0x3e, 0x0, 0x0, 0xf, 0x24, 0xf2, 0x0,
    0x0, 0x3e, 0x0, 0x0, 0xc, 0x7e, 0x70, 0x0,
    0x0, 0x3e, 0x0, 0x0, 0x6, 0xfa, 0x0, 0x0,
    0x0, 0x3e, 0x0, 0x0, 0x1c, 0xf5, 0x0, 0xd1,
    0x0, 0x3e, 0x0, 0x2, 0xdb, 0x8e, 0x12, 0xf0,
    0x0, 0x3e, 0x0, 0x8f, 0x90, 0xa, 0xeb, 0xc0,
    0x0, 0x3e, 0xa, 0xd3, 0x0, 0x0, 0x8e, 0x40,
    0x0, 0x0, 0x0, 0x0, 0x0, 0x0, 0x0, 0x0,

    /* U+4F20 "传" */
    0x0, 0x0, 0x0, 0x0, 0x0, 0x0, 0x0, 0x0,
    0x0, 0x0, 0xf2, 0x0, 0x5d, 0x0, 0x0, 0x0,
    0x0, 0x5, 0xe0, 0x0, 0x8a, 0x0, 0x0, 0x0,
    0x0, 0xa, 0x94, 0xff, 0xff, 0xff, 0xff, 0x10,
    0x0, 0x1f, 0x30, 0x11, 0xf4, 0x11, 0x11, 0x0,
    0x0, 0x7f, 0x10, 0x3, 0xf0, 0x0, 0x0, 0x0,
    0x1, 0xff, 0x3f, 0xff, 0xff, 0xff, 0xff, 0xf0,
    0xa, 0xcf, 0x11, 0x1d, 0x71, 0x11, 0x11, 0x10,
    0xe, 0x2f, 0x10, 0x2f, 0x21, 0x11, 0x10, 0x0,
    0x1, 0x1f, 0x10, 0x8f, 0xff, 0xff, 0xfa, 0x0,
    0x0, 0x1f, 0x10, 0x0, 0x0, 0x6, 0xe2, 0x0,
    0x0, 0x1f, 0x10, 0xa, 0x40, 0x6e, 0x30, 0x0,
    0x0, 0x1f, 0x10, 0x7, 0xfd, 0xf3, 0x0, 0x0,
    0x0, 0x1f, 0x10, 0x0, 0x19, 0xfa, 0x10, 0x0,
    0x0, 0x1f, 0x10, 0x0, 0x0, 0x3d, 0x60, 0x0,
    0x0, 0x0, 0x0, 0x0, 0x0, 0x0, 0x0, 0x0,

    /* U+4F2F "伯" */
    0x0, 0x0, 0x91, 0x0, 0xa, 0x60, 0x0, 0x0,
    0x0, 0x3f, 0x0, 0x0, 0xf3, 0x0, 0x0, 0x0,
    0x9, 0xa0, 0x34, 0x5f, 0x44, 0x44, 0x10, 0x0,
    0xe4, 0xf, 0xdc, 0xcc, 0xcc, 0xf4, 0x0, 0x7f,
    0x10, 0xf2, 0x0, 0x0, 0xe, 0x40, 0x1e, 0xf1,
    0xf, 0x20, 0x0, 0x0, 0xe4, 0xa, 0xbf, 0x10,
    0xf2, 0x0, 0x0, 0xe, 0x41, 0xd1, 0xf1, 0xf,
    0xff, 0xff, 0xff, 0xf4, 0x0, 0x1f, 0x10, 0xf3,
    0x0, 0x0, 0xe, 0x40, 0x1, 0xf1, 0xf, 0x20,
    0x0, 0x0, 0xe4, 0x0, 0x1f, 0x10, 0xf2, 0x0,
    0x0, 0xe, 0x40, 0x1, 0xf1, 0xf, 0x20, 0x0,
    0x0, 0xe4, 0x0, 0x1f, 0x10, 0xff, 0xff, 0xff,
    0xff, 0x40, 0x1, 0xf1, 0xf, 0x31, 0x11, 0x11,
    0xe4,

    /* U+4F4D "位" */
    0x0, 0x0, 0x10, 0x0, 0x0, 0x0, 0x0, 0x0,
    0x0, 0x3e, 0x0, 0x8, 0x70, 0x0, 0x0, 0x0,
    0x7, 0xa0, 0x0, 0x3f, 0x40, 0x0, 0x0, 0x0,
    0xd5, 0x0, 0x0, 0x8b, 0x0, 0x0, 0x0, 0x3f,
    0xe, 0xff, 0xff, 0xff, 0xff, 0x60, 0xa, 0xe0,
    0x11, 0x11, 0x11, 0x11, 0x10, 0x3, 0xfe, 0x0,
    0xa5, 0x0, 0x6, 0xc0, 0x0, 0xcb, 0xe0, 0xa,
    0xa0, 0x0, 0x9a, 0x0, 0x1c, 0x3e, 0x0, 0x5e,
    0x0, 0xc, 0x60, 0x0, 0x3, 0xe0, 0x1, 0xf2,
    0x0, 0xf3, 0x0, 0x0, 0x3e, 0x0, 0xe, 0x60,
    0x3f, 0x0, 0x0, 0x3, 0xe0, 0x0, 0xb9, 0x8,
    0xa0, 0x0, 0x0, 0x3e, 0x0, 0x3, 0x10, 0xc6,
    0x0, 0x0, 0x3, 0xe5, 0xcc, 0xcc, 0xcf, 0xdc,
    0xcc, 0x0, 0x3e, 0x14, 0x44, 0x44, 0x44, 0x44,
    0x40,

    /* U+4F4E "低" */
    0x0, 0x0, 0x0, 0x0, 0x0, 0x0, 0x0, 0x0,
    0x0, 0x0, 0xe2, 0x0, 0x2, 0x58, 0xc2, 0x0,
    0x0, 0x5, 0xd1, 0xce, 0xff, 0xf9, 0x62, 0x0,
    0x0, 0xb, 0x72, 0xf2, 0x2, 0xf0, 0x0, 0x0,
    0x0, 0x2f, 0x12, 0xf0, 0x1, 0xf0, 0x0, 0x0,
    0x0, 0xbf, 0x2, 0xf0, 0x1, 0xf1, 0x0, 0x0,
    0x5, 0xff, 0x2, 0xf9, 0x99, 0xfb, 0xbb, 0x50,
    0x1e, 0x6f, 0x2, 0xf7, 0x77, 0xe7, 0x55, 0x20,
    0x38, 0x3f, 0x2, 0xf0, 0x0, 0xb6, 0x0, 0x0,
    0x0, 0x3f, 0x2, 0xf0, 0x0, 0x89, 0x0, 0x0,
    0x0, 0x3f, 0x2, 0xf0, 0x0, 0x4e, 0x0, 0x0,
    0x0, 0x3f, 0x2, 0xf0, 0x3b, 0xe, 0x40, 0x70,
    0x0, 0x3f, 0x2, 0xf9, 0xe7, 0x7, 0xc2, 0xf0,
    0x0, 0x3f, 0x4, 0xfa, 0x1c, 0xb1, 0xdd, 0xd0,
    0x0, 0x3f, 0x1, 0x40, 0x0, 0xa9, 0x2d, 0x60,
    0x0, 0x2, 0x0, 0x0, 0x0, 0x1, 0x0, 0x0,

    /* U+4F4F "住" */
    0x0, 0x0, 0x20, 0x0, 0x30, 0x0, 0x0, 0x0,
    0x0, 0x2, 0xf1, 0x5, 0xf9, 0x0, 0x0, 0x0,
    0x0, 0x6, 0xc0, 0x0, 0x2d, 0xd1, 0x0, 0x0,
    0x0, 0xc, 0x60, 0x0, 0x0, 0x70, 0x0, 0x0,
    0x0, 0x3f, 0xe, 0xff, 0xff, 0xff, 0xff, 0x90,
    0x0, 0xae, 0x1, 0x11, 0x1d, 0x61, 0x11, 0x0,
    0x3, 0xfe, 0x0, 0x0, 0xc, 0x50, 0x0, 0x0,
    0xc, 0xbe, 0x0, 0x0, 0xc, 0x50, 0x0, 0x0,
    0x3d, 0x3e, 0x1, 0x33, 0x3d, 0x73, 0x33, 0x0,
    0x1, 0x3e, 0x6, 0xdd, 0xdf, 0xed, 0xdd, 0x30,
    0x0, 0x3e, 0x0, 0x0, 0xc, 0x50, 0x0, 0x0,
    0x0, 0x3e, 0x0, 0x0, 0xc, 0x50, 0x0, 0x0,
    0x0, 0x3e, 0x0, 0x0, 0xc, 0x50, 0x0, 0x0,
    0x0, 0x3e, 0x13, 0x33, 0x3d, 0x73, 0x33, 0x30,
    0x0, 0x3e, 0x4d, 0xdd, 0xdd, 0xdd, 0xdd, 0xd0,

    /* U+4F53 "体" */
    0x0, 0x0, 0x0, 0x0, 0x0, 0x0, 0x0, 0x0,
    0x0, 0x2, 0xe0, 0x0, 0xf, 0x30, 0x0, 0x0,
    0x0, 0x7, 0xa0, 0x0, 0xf, 0x30, 0x0, 0x0,
    0x0, 0xc, 0x40, 0x0, 0xf, 0x30, 0x0, 0x0,
    0x0, 0x2f, 0x1f, 0xff, 0xff, 0xff, 0xff, 0xa0,
    0x0, 0xaf, 0x1, 0x11, 0x9f, 0xd1, 0x11, 0x10,
    0x2, 0xff, 0x0, 0x0, 0xdf, 0xc5, 0x0, 0x0,
    0xc, 0xaf, 0x0, 0x7, 0x9e, 0x5d, 0x0, 0x0,
    0x1c, 0x3f, 0x0, 0x1e, 0x2e, 0x2a, 0x90, 0x0,
    0x0, 0x3f, 0x0, 0xb8, 0xe, 0x21, 0xe6, 0x0,
    0x0, 0x3f, 0x8, 0xd1, 0xe, 0x30, 0x5f, 0x60,
    0x0, 0x3f, 0x7f, 0x3f, 0xff, 0xff, 0x47, 0xc0,
    0x0, 0x3f, 0x13, 0x0, 0xf, 0x30, 0x0, 0x0,
    0x0, 0x3f, 0x0, 0x0, 0xf, 0x30, 0x0, 0x0,
    0x0, 0x3f, 0x0, 0x0, 0xf, 0x30, 0x0, 0x0,
    0x0, 0x0, 0x0, 0x0, 0x0, 0x0, 0x0, 0x0,

    /* U+4F55 "何" */
    0x0, 0x0, 0x10, 0x0, 0x0, 0x0, 0x0, 0x0,
    0x0, 0x3, 0xf0, 0x0, 0x0, 0x0, 0x0, 0x0,
    0x0, 0x7, 0xcd, 0xee, 0xee, 0xee, 0xee, 0xe2,
    0x0, 0xd, 0x72, 0x22, 0x22, 0x22, 0x6e, 0x20,
    0x0, 0x3f, 0x20, 0x0, 0x0, 0x0, 0x4e, 0x0,
    0x0, 0xaf, 0x10, 0x33, 0x33, 0x30, 0x4e, 0x0,
    0x3, 0xff, 0x10, 0xfc, 0xcc, 0xe0, 0x4e, 0x0,
    0xd, 0xaf, 0x10, 0xf2, 0x2, 0xe0, 0x4e, 0x0,
    0x2c, 0x1f, 0x10, 0xf2, 0x2, 0xe0, 0x4e, 0x0,
    0x0, 0x1f, 0x10, 0xf2, 0x2, 0xe0, 0x4e, 0x0,
    0x0, 0x1f, 0x10, 0xfe, 0xde, 0xe0, 0x4e, 0x0,
    0x0, 0x1f, 0x10, 0x12, 0x22, 0x10, 0x4e, 0x0,
    0x0, 0x1f, 0x10, 0x0, 0x0, 0x0, 0x4e, 0x0,
    0x0, 0x1f, 0x10, 0x0, 0x0, 0x54, 0x8e, 0x0,
    0x0, 0x1f, 0x10, 0x0, 0x0, 0xef, 0xf9, 0x0,

    /* U+4F5C "作" */
    0x0, 0x0, 0x10, 0x1, 0x40, 0x0, 0x0, 0x0,
    0x0, 0xe, 0x40, 0x6c, 0x0, 0x0, 0x0, 0x0,
    0x3, 0xf0, 0xa, 0x80, 0x0, 0x0, 0x0, 0x0,
    0x9a, 0x0, 0xfe, 0xdd, 0xdd, 0xdb, 0x0, 0xf,
    0x40, 0x4d, 0x4f, 0x43, 0x33, 0x20, 0x7, 0xf3,
    0xb, 0x71, 0xf1, 0x0, 0x0, 0x0, 0xef, 0x33,
    0xf1, 0x1f, 0x21, 0x11, 0x0, 0x9d, 0xf3, 0xc7,
    0x1, 0xff, 0xff, 0xf1, 0xe, 0x3e, 0x4a, 0x0,
    0x1f, 0x10, 0x0, 0x0, 0x10, 0xe3, 0x0, 0x1,
    0xf1, 0x0, 0x0, 0x0, 0xe, 0x30, 0x0, 0x1f,
    0xff, 0xff, 0x50, 0x0, 0xe3, 0x0, 0x1, 0xf2,
    0x11, 0x10, 0x0, 0xe, 0x30, 0x0, 0x1f, 0x10,
    0x0, 0x0, 0x0, 0xe3, 0x0, 0x1, 0xf1, 0x0,
    0x0, 0x0, 0xe, 0x30, 0x0, 0x1f, 0x10, 0x0,
    0x0,

    /* U+4F7F "使" */
    0x0, 0x0, 0x0, 0x0, 0x0, 0x0, 0x0, 0x0,
    0x0, 0x3, 0xe1, 0x0, 0xd, 0x40, 0x0, 0x0,
    0x0, 0x7, 0xc0, 0x0, 0xd, 0x50, 0x0, 0x0,
    0x0, 0xd, 0x6f, 0xff, 0xff, 0xff, 0xff, 0xf0,
    0x0, 0x3f, 0x0, 0x0, 0xd, 0x40, 0x0, 0x0,
    0x0, 0xbe, 0x2, 0xee, 0xef, 0xfe, 0xee, 0x20,
    0x3, 0xfe, 0x2, 0xe0, 0xd, 0x50, 0xe, 0x20,
    0xd, 0x8e, 0x2, 0xe0, 0xd, 0x40, 0xe, 0x20,
    0x7, 0x3e, 0x2, 0xfb, 0xbf, 0xcb, 0xbf, 0x20,
    0x0, 0x3e, 0x0, 0x46, 0x4e, 0x64, 0x44, 0x0,
    0x0, 0x3e, 0x0, 0x3e, 0x2f, 0x10, 0x0, 0x0,
    0x0, 0x3e, 0x0, 0x5, 0xed, 0x0, 0x0, 0x0,
    0x0, 0x3e, 0x0, 0x0, 0xcf, 0xa3, 0x0, 0x0,
    0x0, 0x3e, 0x0, 0x5d, 0x91, 0x7e, 0xd9, 0x50,
    0x0, 0x3e, 0x1e, 0xd5, 0x0, 0x0, 0x49, 0xb0,
    0x0, 0x0, 0x1, 0x0, 0x0, 0x0, 0x0, 0x0,

    /* U+4F8B "例" */
    0x0, 0x6, 0x0, 0x0, 0x0, 0x0, 0x0, 0x0,
    0x0, 0xea, 0xff, 0xff, 0xf1, 0x0, 0xe3, 0x0,
    0x4a, 0x0, 0xe4, 0x0, 0x0, 0xe, 0x30, 0x9,
    0x60, 0x1f, 0x20, 0x7, 0x90, 0xe3, 0x0, 0xe4,
    0x4, 0xfd, 0xd9, 0x79, 0xe, 0x30, 0x5f, 0x40,
    0x9b, 0x45, 0xc7, 0x90, 0xe3, 0xc, 0xf4, 0xd,
    0x50, 0x3a, 0x79, 0xe, 0x35, 0xcc, 0x44, 0xf8,
    0x6, 0x77, 0x90, 0xe3, 0x44, 0xc4, 0xc8, 0xcc,
    0xc3, 0x79, 0xe, 0x30, 0xc, 0x5c, 0x0, 0xbe,
    0x7, 0x90, 0xe3, 0x0, 0xc4, 0x0, 0x7, 0x90,
    0x79, 0xe, 0x30, 0xc, 0x40, 0x1, 0xe1, 0x6,
    0x70, 0xe3, 0x0, 0xc4, 0x0, 0xc7, 0x0, 0x0,
    0xe, 0x30, 0xc, 0x41, 0xca, 0x0, 0x1, 0x22,
    0xe2, 0x0, 0xc4, 0xaa, 0x0, 0x0, 0x2f, 0xfd,
    0x0, 0x1, 0x0, 0x0, 0x0, 0x0, 0x0, 0x0,

    /* U+4F9B "供" */
    0x0, 0x0, 0x10, 0x0, 0x0, 0x0, 0x0, 0x0,
    0x0, 0x2d, 0x0, 0xd4, 0x0, 0xf2, 0x0, 0x0,
    0x7, 0x90, 0xd, 0x40, 0xf, 0x20, 0x0, 0x0,
    0xc4, 0x0, 0xd4, 0x0, 0xf2, 0x0, 0x0, 0x2f,
    0xd, 0xef, 0xee, 0xef, 0xee, 0x70, 0x9, 0xf0,
    0x11, 0xd5, 0x11, 0xf4, 0x10, 0x1, 0xff, 0x0,
    0xd, 0x40, 0xf, 0x20, 0x0, 0xbb, 0xf0, 0x0,
    0xd4, 0x0, 0xf2, 0x0, 0x1d, 0x3f, 0x0, 0xd,
    0x40, 0xf, 0x20, 0x0, 0x12, 0xf7, 0xff, 0xff,
    0xff, 0xff, 0xff, 0x0, 0x2f, 0x0, 0x2, 0x10,
    0x6, 0x0, 0x0, 0x2, 0xf0, 0x0, 0xd7, 0x1,
    0xda, 0x0, 0x0, 0x2f, 0x0, 0xac, 0x0, 0x1,
    0xda, 0x0, 0x2, 0xf0, 0xae, 0x20, 0x0, 0x2,
    0xe9, 0x0, 0x2f, 0x1b, 0x20, 0x0, 0x0, 0x4,
    0x40,

    /* U+4FA7 "侧" */
    0x0, 0x6, 0x20, 0x0, 0x0, 0x0, 0x0, 0x0,
    0x1, 0xf6, 0xff, 0xff, 0xe0, 0x0, 0xe3, 0x0,
    0x6c, 0x3b, 0x0, 0x1e, 0x1, 0xe, 0x30, 0xb,
    0x53, 0xb1, 0xd1, 0xe0, 0xf0, 0xe3, 0x1, 0xf4,
    0x3b, 0x2e, 0x1e, 0xf, 0xe, 0x30, 0x9f, 0x43,
    0xb2, 0xe1, 0xe0, 0xf0, 0xe3, 0x2e, 0xe4, 0x3b,
    0x2e, 0x1e, 0xf, 0xe, 0x37, 0x7c, 0x43, 0xb2,
    0xe1, 0xe0, 0xf0, 0xe3, 0x0, 0xc4, 0x3b, 0x3d,
    0x1e, 0xf, 0xe, 0x30, 0xc, 0x43, 0xb4, 0xc1,
    0xe0, 0xf0, 0xe3, 0x0, 0xc4, 0x16, 0x79, 0x7,
    0xf, 0xe, 0x30, 0xc, 0x40, 0xc, 0x51, 0x0,
    0xd0, 0xe3, 0x0, 0xc4, 0x6, 0xd1, 0xe4, 0x0,
    0xe, 0x30, 0xc, 0x45, 0xe3, 0x5, 0xe1, 0x22,
    0xe3, 0x0, 0xc5, 0xd4, 0x0, 0x5, 0xe, 0xfd,
    0x0, 0x1, 0x0, 0x0, 0x0, 0x0, 0x0, 0x0,

    /* U+4FC4 "俄" */
    0x0, 0x0, 0x10, 0x0, 0x0, 0x0, 0x0, 0x0,
    0x0, 0x3, 0xe0, 0x0, 0x54, 0xc5, 0x10, 0x0,
    0x0, 0x7, 0x92, 0x7d, 0xe5, 0xb5, 0x99, 0x0,
    0x0, 0xd, 0x5e, 0xbf, 0x0, 0xb6, 0x1f, 0x20,
    0x0, 0x2f, 0x0, 0x1f, 0x0, 0xa6, 0x8, 0x40,
    0x0, 0x9e, 0x0, 0x1f, 0x32, 0xaa, 0x55, 0x50,
    0x2, 0xfe, 0x7e, 0xef, 0xcc, 0xed, 0xaa, 0xa1,
    0xb, 0xce, 0x0, 0x1f, 0x0, 0x6b, 0x3, 0x0,
    0xc, 0x4e, 0x0, 0x1f, 0x15, 0x5d, 0xf, 0x20,
    0x0, 0x3e, 0x1, 0x6f, 0xe9, 0x2f, 0x6b, 0x0,
    0x0, 0x3e, 0x4f, 0xcf, 0x10, 0xd, 0xf4, 0x0,
    0x0, 0x3e, 0x1, 0x1f, 0x0, 0xa, 0xc0, 0x61,
    0x0, 0x3e, 0x0, 0x1f, 0x0, 0x6e, 0xf1, 0xc4,
    0x0, 0x3e, 0x1, 0x2f, 0x7, 0xe2, 0x9c, 0xf0,
    0x0, 0x3e, 0x9, 0xfd, 0x2d, 0x20, 0xc, 0x90,
    0x0, 0x0, 0x0, 0x0, 0x0, 0x0, 0x0, 0x0,

    /* U+4FDD "保" */
    0x0, 0x1, 0xb0, 0x0, 0x0, 0x0, 0x0, 0x0,
    0x0, 0x6, 0xb0, 0xef, 0xff, 0xff, 0xfc, 0x0,
    0x0, 0xa, 0x60, 0xe3, 0x0, 0x0, 0x4c, 0x0,
    0x0, 0xf, 0x20, 0xe3, 0x0, 0x0, 0x4c, 0x0,
    0x0, 0x6e, 0x0, 0xe3, 0x0, 0x0, 0x4c, 0x0,
    0x0, 0xde, 0x0, 0xec, 0xbb, 0xbb, 0xcc, 0x0,
    0x5, 0xfe, 0x0, 0x34, 0x4f, 0x64, 0x43, 0x0,
    0xe, 0x8e, 0x0, 0x0, 0xe, 0x30, 0x0, 0x0,
    0x6, 0x3e, 0x4e, 0xee, 0xef, 0xee, 0xee, 0xe3,
    0x0, 0x3e, 0x2, 0x22, 0xaf, 0xe3, 0x22, 0x20,
    0x0, 0x3e, 0x0, 0x4, 0xdf, 0x9d, 0x20, 0x0,
    0x0, 0x3e, 0x0, 0x3e, 0x3e, 0x37, 0xe5, 0x0,
    0x0, 0x3e, 0x6, 0xf4, 0xe, 0x30, 0x5f, 0xc3,
    0x0, 0x3e, 0x5e, 0x30, 0xe, 0x30, 0x1, 0xa3,
    0x0, 0x3e, 0x0, 0x0, 0xe, 0x30, 0x0, 0x0,
    0x0, 0x0, 0x0, 0x0, 0x0, 0x0, 0x0, 0x0,

    /* U+4FE1 "信" */
    0x0, 0x0, 0x30, 0x0, 0x3, 0x0, 0x0, 0x0,
    0x0, 0x4, 0xd0, 0x0, 0x3f, 0x30, 0x0, 0x0,
    0x0, 0x9, 0x80, 0x0, 0x7, 0xe0, 0x0, 0x0,
    0x0, 0xe, 0x6e, 0xee, 0xee, 0xfe, 0xee, 0xe1,
    0x0, 0x4f, 0x2, 0x22, 0x22, 0x22, 0x22, 0x20,
    0x0, 0xbf, 0x0, 0x34, 0x44, 0x44, 0x42, 0x0,
    0x3, 0xff, 0x0, 0x9b, 0xbb, 0xbb, 0xb5, 0x0,
    0xc, 0xbf, 0x0, 0x1, 0x11, 0x11, 0x10, 0x0,
    0x1c, 0x3f, 0x0, 0xbe, 0xee, 0xee, 0xe7, 0x0,
    0x0, 0x3f, 0x0, 0x0, 0x0, 0x0, 0x0, 0x0,
    0x0, 0x3f, 0x3, 0xff, 0xff, 0xff, 0xfe, 0x0,
    0x0, 0x3f, 0x3, 0xe0, 0x0, 0x0, 0x3e, 0x0,
    0x0, 0x3f, 0x3, 0xe0, 0x0, 0x0, 0x3e, 0x0,
    0x0, 0x3f, 0x3, 0xfe, 0xee, 0xee, 0xee, 0x0,
    0x0, 0x3f, 0x3, 0xe1, 0x11, 0x11, 0x4e, 0x0,

    /* U+4FEE "修" */
    0x0, 0x4, 0x0, 0x0, 0x41, 0x0, 0x0, 0x0,
    0x0, 0xe0, 0x0, 0xe, 0x52, 0x21, 0x0, 0x0,
    0x4b, 0x0, 0x9, 0xed, 0xde, 0xe0, 0x0, 0x9,
    0x78, 0x15, 0xfd, 0x0, 0xb7, 0x0, 0x0, 0xe4,
    0xe6, 0xe3, 0x8b, 0x7c, 0x0, 0x0, 0x5f, 0x4e,
    0x33, 0x0, 0xcf, 0x50, 0x0, 0xc, 0xf4, 0xe2,
    0x2, 0xbc, 0x7f, 0xa3, 0x5, 0xdd, 0x4e, 0x6b,
    0xe7, 0x6, 0x28, 0xf8, 0x44, 0xc4, 0xe5, 0x70,
    0x3c, 0xb1, 0x0, 0x0, 0xc, 0x4e, 0x27, 0xdd,
    0x60, 0xab, 0x0, 0x0, 0xc4, 0xe2, 0x43, 0x6,
    0xea, 0x18, 0x20, 0xc, 0x4e, 0x23, 0x9e, 0xc4,
    0x1c, 0xc1, 0x0, 0xc4, 0xe2, 0x38, 0x31, 0x7f,
    0x90, 0x0, 0xc, 0x40, 0x1, 0x6a, 0xfb, 0x30,
    0x0, 0x0, 0xc4, 0x0, 0x6c, 0x82, 0x0, 0x0,
    0x0,

    /* U+4FEF "俯" */
    0x0, 0x0, 0x0, 0x0, 0x1, 0x0, 0x0, 0x0,
    0x0, 0x2, 0xf0, 0x0, 0xe, 0x40, 0x0, 0x0,
    0x0, 0x7, 0xb0, 0x11, 0x17, 0xc1, 0x11, 0x10,
    0x0, 0xc, 0x55, 0xff, 0xff, 0xff, 0xff, 0xf0,
    0x0, 0x2f, 0x5, 0xc0, 0x54, 0x0, 0x55, 0x0,
    0x0, 0xae, 0x5, 0xc0, 0xa4, 0x0, 0x88, 0x0,
    0x2, 0xfe, 0x5, 0xc0, 0xe1, 0x0, 0x98, 0x0,
    0xc, 0x9e, 0x5, 0xc4, 0xbd, 0xff, 0xff, 0xf1,
    0x9, 0x3e, 0x5, 0xcb, 0xb0, 0x10, 0x89, 0x0,
    0x0, 0x3e, 0x5, 0xef, 0xb3, 0xd0, 0x89, 0x0,
    0x0, 0x3e, 0x6, 0xc7, 0xb0, 0xc5, 0x89, 0x0,
    0x0, 0x3e, 0x8, 0x93, 0xb0, 0x69, 0x89, 0x0,
    0x0, 0x3e, 0xc, 0x73, 0xb0, 0x0, 0x89, 0x0,
    0x0, 0x3e, 0x2f, 0x23, 0xb0, 0x12, 0x99, 0x0,
    0x0, 0x3e, 0x6b, 0x3, 0xb0, 0x6f, 0xf5, 0x0,
    0x0, 0x2, 0x0, 0x0, 0x10, 0x0, 0x0, 0x0,

    /* U+500D "倍" */
    0x0, 0x0, 0x0, 0x0, 0x0, 0x0, 0x0, 0x0,
    0x0, 0x3b, 0x0, 0x7, 0xc0, 0x0, 0x0, 0x0,
    0x8, 0x80, 0x0, 0xd, 0x60, 0x0, 0x0, 0x0,
    0xd4, 0xcf, 0xff, 0xff, 0xff, 0xf3, 0x0, 0x4f,
    0x0, 0x5e, 0x0, 0xa, 0x80, 0x0, 0xb, 0xf0,
    0x0, 0xf3, 0x0, 0xf3, 0x0, 0x4, 0xff, 0x0,
    0xa, 0x80, 0x5d, 0x0, 0x0, 0xdb, 0xf6, 0xff,
    0xff, 0xff, 0xff, 0xfe, 0x9, 0x3f, 0x0, 0x0,
    0x0, 0x0, 0x0, 0x0, 0x3, 0xf0, 0x1e, 0xee,
    0xee, 0xee, 0x50, 0x0, 0x3f, 0x1, 0xf1, 0x11,
    0x11, 0xc5, 0x0, 0x3, 0xf0, 0x1f, 0x0, 0x0,
    0xc, 0x50, 0x0, 0x3f, 0x1, 0xf0, 0x0, 0x0,
    0xc5, 0x0, 0x3, 0xf0, 0x1f, 0xee, 0xee, 0xef,
    0x50, 0x0, 0x3f, 0x1, 0xf1, 0x0, 0x0, 0xb5,
    0x0,

    /* U+5012 "倒" */
    0x0, 0x6, 0x0, 0x0, 0x0, 0x0, 0x0, 0x0,
    0x0, 0xee, 0xff, 0xff, 0xf3, 0x0, 0xc4, 0x0,
    0x4b, 0x1, 0xf3, 0x0, 0x2, 0xc, 0x40, 0x9,
    0x60, 0x4e, 0x1b, 0x0, 0xf2, 0xc4, 0x0, 0xe4,
    0xa, 0x70, 0xd6, 0xf, 0x2c, 0x40, 0x4f, 0x43,
    0xf2, 0x39, 0xe0, 0xf2, 0xc4, 0xb, 0xf4, 0xcf,
    0xeb, 0x8f, 0x5f, 0x2c, 0x43, 0xed, 0x41, 0x2,
    0x30, 0x30, 0xf2, 0xc4, 0x56, 0xc4, 0x0, 0x79,
    0x0, 0xf, 0x2c, 0x40, 0xc, 0x48, 0x9c, 0xd9,
    0x90, 0xf2, 0xc4, 0x0, 0xc4, 0x67, 0xbc, 0x77,
    0xf, 0x2c, 0x40, 0xc, 0x40, 0x7, 0x90, 0x0,
    0xb1, 0xc4, 0x0, 0xc4, 0x1, 0x8c, 0x9c, 0x30,
    0xc, 0x40, 0xc, 0x6f, 0xfd, 0x95, 0x10, 0x11,
    0xd4, 0x0, 0xc4, 0x20, 0x0, 0x0, 0x8, 0xfe,
    0x20,

    /* U+501F "借" */
    0x0, 0x0, 0x0, 0x0, 0x0, 0x0, 0x0, 0x0,
    0x0, 0x3, 0xc0, 0xa, 0x70, 0x1f, 0x0, 0x0,
    0x0, 0x7, 0x80, 0xa, 0x70, 0x1f, 0x0, 0x0,
    0x0, 0xd, 0x4e, 0xff, 0xff, 0xff, 0xff, 0x60,
    0x0, 0x3f, 0x0, 0xa, 0x70, 0x1f, 0x0, 0x0,
    0x0, 0xbe, 0x0, 0xa, 0x70, 0x1f, 0x0, 0x0,
    0x3, 0xfe, 0x7e, 0xef, 0xfe, 0xef, 0xee, 0xe0,
    0xd, 0x8e, 0x0, 0x0, 0x0, 0x0, 0x0, 0x0,
    0x6, 0x3e, 0x1, 0xee, 0xee, 0xee, 0xe7, 0x0,
    0x0, 0x3e, 0x1, 0xf1, 0x11, 0x11, 0xa8, 0x0,
    0x0, 0x3e, 0x1, 0xf0, 0x0, 0x0, 0xa8, 0x0,
    0x0, 0x3e, 0x1, 0xfe, 0xee, 0xee, 0xf8, 0x0,
    0x0, 0x3e, 0x1, 0xf0, 0x0, 0x0, 0xa8, 0x0,
    0x0, 0x3e, 0x1, 0xfc, 0xcc, 0xcc, 0xe8, 0x0,
    0x0, 0x3e, 0x1, 0xf3, 0x22, 0x22, 0xb8, 0x0,

    /* U+503C "值" */
    0x0, 0x0, 0x0, 0x0, 0x0, 0x0, 0x0, 0x0,
    0x0, 0x2, 0xe1, 0x0, 0x5, 0xc0, 0x0, 0x0,
    0x0, 0x6, 0xd1, 0x33, 0x37, 0xc3, 0x33, 0x30,
    0x0, 0xb, 0x85, 0xcc, 0xcd, 0xfc, 0xcc, 0xb0,
    0x0, 0x1f, 0x20, 0x0, 0x5, 0xc0, 0x0, 0x0,
    0x0, 0x8e, 0x0, 0x4f, 0xee, 0xee, 0xea, 0x0,
    0x1, 0xfe, 0x0, 0x4c, 0x0, 0x0, 0x6a, 0x0,
    0x9, 0xce, 0x0, 0x4f, 0xee, 0xee, 0xea, 0x0,
    0xd, 0x4e, 0x0, 0x4c, 0x0, 0x0, 0x6a, 0x0,
    0x0, 0x3e, 0x0, 0x4f, 0xee, 0xee, 0xea, 0x0,
    0x0, 0x3e, 0x0, 0x4c, 0x0, 0x0, 0x6a, 0x0,
    0x0, 0x3e, 0x0, 0x4f, 0xee, 0xee, 0xfa, 0x0,
    0x0, 0x3e, 0x0, 0x4c, 0x0, 0x0, 0x6a, 0x0,
    0x0, 0x3e, 0xc, 0xdf, 0xcc, 0xcc, 0xde, 0xc5,
    0x0, 0x3e, 0x4, 0x44, 0x44, 0x44, 0x44, 0x41,

    /* U+504F "偏" */
    0x0, 0x0, 0x0, 0x0, 0x0, 0x0, 0x0, 0x0,
    0x0, 0x2f, 0x10, 0x1, 0xe1, 0x0, 0x0, 0x0,
    0x6, 0xc0, 0x0, 0x8, 0x90, 0x0, 0x0, 0x0,
    0xb6, 0x2f, 0xff, 0xff, 0xff, 0xf2, 0x0, 0x1f,
    0x12, 0xe0, 0x0, 0x0, 0xe, 0x20, 0x8, 0xe0,
    0x2f, 0xff, 0xff, 0xff, 0xf2, 0x1, 0xfe, 0x2,
    0xe0, 0x0, 0x0, 0x0, 0x0, 0x9b, 0xe0, 0x3f,
    0xcc, 0xcc, 0xcc, 0xc7, 0xd, 0x3e, 0x4, 0xfc,
    0x3f, 0x2e, 0x38, 0x90, 0x3, 0xe0, 0x6d, 0xc0,
    0xf0, 0xe1, 0x79, 0x0, 0x3e, 0x8, 0xac, 0x3f,
    0x3e, 0x48, 0x90, 0x3, 0xe0, 0xc6, 0xea, 0xfa,
    0xfb, 0xd9, 0x0, 0x3e, 0x2e, 0x3c, 0xf, 0xe,
    0x17, 0x90, 0x3, 0xea, 0x82, 0xc0, 0xf0, 0xe2,
    0x99, 0x0, 0x3e, 0x31, 0x2b, 0x6, 0x6, 0x3c,
    0x50,

    /* U+505C "停" */
    0x0, 0x0, 0x30, 0x0, 0x4, 0x0, 0x0, 0x0,
    0x0, 0x4, 0xe0, 0x0, 0xd, 0x70, 0x0, 0x0,
    0x0, 0x8, 0x98, 0xaa, 0xac, 0xea, 0xaa, 0xa0,
    0x0, 0xe, 0x43, 0x44, 0x44, 0x44, 0x44, 0x30,
    0x0, 0x4f, 0x0, 0x7d, 0xdd, 0xdd, 0xda, 0x0,
    0x0, 0xbe, 0x0, 0x88, 0x0, 0x0, 0x5c, 0x0,
    0x3, 0xfe, 0x0, 0x8d, 0xbb, 0xbb, 0xcc, 0x0,
    0xc, 0x9e, 0x0, 0x12, 0x22, 0x22, 0x21, 0x0,
    0xa, 0x3e, 0x1f, 0xee, 0xee, 0xee, 0xee, 0xe2,
    0x0, 0x3e, 0x1f, 0x0, 0x0, 0x0, 0x0, 0xf2,
    0x0, 0x3e, 0x5, 0x9e, 0xee, 0xee, 0xeb, 0x40,
    0x0, 0x3e, 0x0, 0x0, 0x5, 0xc0, 0x0, 0x0,
    0x0, 0x3e, 0x0, 0x0, 0x5, 0xc0, 0x0, 0x0,
    0x0, 0x3e, 0x0, 0x1, 0x16, 0xc0, 0x0, 0x0,
    0x0, 0x3e, 0x0, 0x6, 0xff, 0x80, 0x0, 0x0,
    0x0, 0x1, 0x0, 0x0, 0x0, 0x0, 0x0, 0x0,

    /* U+507F "偿" */
    0x0, 0x0, 0x0, 0x0, 0x0, 0x0, 0x0, 0x0,
    0x0, 0x3c, 0x4, 0x10, 0xc4, 0x4, 0x30, 0x0,
    0x7, 0x90, 0x9a, 0xc, 0x40, 0xe3, 0x0, 0x0,
    0xd4, 0x1, 0x90, 0xc4, 0x6a, 0x0, 0x0, 0x3f,
    0xe, 0xee, 0xee, 0xee, 0xee, 0xc0, 0xa, 0xe0,
    0xe2, 0x0, 0x0, 0x0, 0x4c, 0x2, 0xfe, 0x9,
    0x6e, 0xee, 0xee, 0xe2, 0x70, 0xc9, 0xe0, 0x0,
    0x11, 0x11, 0x11, 0x0, 0xa, 0x3e, 0x0, 0x0,
    0x0, 0x0, 0x0, 0x0, 0x3, 0xe0, 0xef, 0xff,
    0xff, 0xff, 0xf6, 0x0, 0x3e, 0x0, 0x0, 0xe5,
    0x3, 0x0, 0x0, 0x3, 0xe0, 0x0, 0x7c, 0x0,
    0xc9, 0x0, 0x0, 0x3e, 0x0, 0x2f, 0x20, 0x1,
    0xe7, 0x0, 0x3, 0xe0, 0x3d, 0xea, 0xcd, 0xec,
    0xf4, 0x0, 0x3e, 0x2, 0x87, 0x53, 0x10, 0x6,
    0x40,

    /* U+50A8 "储" */
    0x0, 0xc, 0x10, 0x0, 0x0, 0xd4, 0x0, 0x0,
    0x0, 0x1e, 0x4b, 0x0, 0x0, 0xd4, 0x9, 0x90,
    0x0, 0x6a, 0xb, 0xd2, 0xee, 0xfe, 0xff, 0x20,
    0x0, 0xb6, 0x0, 0xa2, 0x0, 0xe2, 0xb8, 0x0,
    0x2, 0xf5, 0x11, 0x2, 0x44, 0xf9, 0xf5, 0x51,
    0x9, 0xf9, 0xff, 0x25, 0xbb, 0xde, 0x99, 0x93,
    0x3f, 0xe4, 0xe, 0x20, 0x3, 0xd2, 0x0, 0x0,
    0x77, 0xc4, 0xe, 0x20, 0x3e, 0xff, 0xff, 0x10,
    0x0, 0xc4, 0xe, 0x26, 0xfd, 0x0, 0xf, 0x20,
    0x0, 0xc4, 0xe, 0x27, 0x7d, 0x0, 0x1f, 0x20,
    0x0, 0xc4, 0xe, 0x23, 0x3f, 0xdd, 0xdf, 0x20,
    0x0, 0xc4, 0xe, 0xcd, 0x4d, 0x0, 0xf, 0x20,
    0x0, 0xc4, 0x1e, 0x70, 0x3f, 0xcc, 0xcf, 0x20,
    0x0, 0xc4, 0x0, 0x0, 0x3c, 0x22, 0x3e, 0x10,

    /* U+50CF "像" */
    0x0, 0x0, 0x0, 0x0, 0x0, 0x0, 0x0, 0x0,
    0x0, 0xb, 0x10, 0xd, 0x30, 0x0, 0x0, 0x0,
    0x0, 0x1f, 0x0, 0x6f, 0xff, 0xfa, 0x0, 0x0,
    0x0, 0x5c, 0x1, 0xe2, 0x1, 0xf5, 0x0, 0x0,
    0x0, 0x99, 0xb, 0x90, 0x9, 0xb0, 0x0, 0x0,
    0x0, 0xe5, 0x9f, 0xee, 0xef, 0xee, 0xee, 0x0,
    0x5, 0xf4, 0x9f, 0x20, 0x2f, 0x0, 0x2e, 0x0,
    0xc, 0xf4, 0xe, 0xdd, 0xef, 0xdd, 0xde, 0x0,
    0x4e, 0xd4, 0x0, 0x2b, 0xd1, 0x11, 0x33, 0x0,
    0x65, 0xc4, 0x17, 0xea, 0xd2, 0x2, 0xe7, 0x0,
    0x0, 0xc4, 0xaa, 0x35, 0xdd, 0x7f, 0x50, 0x0,
    0x0, 0xc4, 0x1, 0xac, 0x3e, 0xcd, 0x70, 0x0,
    0x0, 0xc4, 0x8e, 0x72, 0xda, 0xb2, 0xf4, 0x0,
    0x0, 0xc4, 0x20, 0x6e, 0x34, 0xd0, 0x5f, 0x50,
    0x0, 0xc4, 0x4d, 0xa4, 0x16, 0xc0, 0x6, 0xb0,
    0x0, 0xc4, 0x14, 0xb, 0xff, 0x60, 0x0, 0x0,
    0x0, 0x0, 0x0, 0x0, 0x0, 0x0, 0x0, 0x0,

    /* U+5141 "允" */
    0x0, 0x0, 0x0, 0x55, 0x0, 0x0, 0x0, 0x0,
    0x0, 0x0, 0x1f, 0x40, 0x0, 0x0, 0x0, 0x0,
    0x0, 0xc, 0x90, 0x2, 0xe4, 0x0, 0x0, 0x0,
    0xb, 0xa0, 0x0, 0x5, 0xf4, 0x0, 0x0, 0x3c,
    0xd3, 0x34, 0x55, 0x6c, 0xf4, 0x0, 0xd, 0xff,
    0xed, 0xcb, 0xa9, 0x89, 0xf3, 0x0, 0x0, 0x6,
    0x30, 0xb, 0x10, 0x6, 0x10, 0x0, 0x0, 0xc6,
    0x0, 0xf2, 0x0, 0x0, 0x0, 0x0, 0xd, 0x50,
    0xf, 0x20, 0x0, 0x0, 0x0, 0x0, 0xf3, 0x0,
    0xf2, 0x0, 0x22, 0x0, 0x0, 0x6e, 0x0, 0xf,
    0x20, 0x7, 0xc0, 0x0, 0x5f, 0x50, 0x0, 0xf3,
    0x0, 0x9a, 0x7, 0xde, 0x50, 0x0, 0xd, 0xec,
    0xdf, 0x60, 0x66, 0x0, 0x0, 0x0, 0x4, 0x54,
    0x20,

    /* U+5143 "元" */
    0x0, 0x22, 0x22, 0x22, 0x22, 0x22, 0x0, 0x0,
    0x3f, 0xff, 0xff, 0xff, 0xff, 0xf4, 0x0, 0x0,
    0x0, 0x0, 0x0, 0x0, 0x0, 0x0, 0x0, 0x0,
    0x0, 0x0, 0x0, 0x0, 0x0, 0x0, 0x0, 0x0,
    0x0, 0x0, 0x0, 0x0, 0x0, 0xc, 0xff, 0xff,
    0xff, 0xff, 0xff, 0xff, 0xe0, 0x22, 0x22, 0xaa,
    0x22, 0xd7, 0x22, 0x22, 0x0, 0x0, 0x9, 0x90,
    0xd, 0x50, 0x0, 0x0, 0x0, 0x0, 0xa8, 0x0,
    0xd5, 0x0, 0x0, 0x0, 0x0, 0xd, 0x60, 0xd,
    0x50, 0x0, 0x0, 0x0, 0x2, 0xf2, 0x0, 0xd5,
    0x0, 0x1e, 0x0, 0x0, 0xcb, 0x0, 0xd, 0x50,
    0x3, 0xf0, 0x3, 0xcd, 0x10, 0x0, 0xd9, 0x22,
    0x9d, 0x9, 0xf9, 0x10, 0x0, 0x7, 0xef, 0xfd,
    0x50, 0x11, 0x0, 0x0, 0x0, 0x0, 0x0, 0x0,
    0x0,

    /* U+5145 "充" */
    0x0, 0x0, 0x0, 0x20, 0x0, 0x0, 0x0, 0x0,
    0x0, 0x0, 0xd, 0x90, 0x0, 0x0, 0x0, 0x0,
    0x0, 0x0, 0x2f, 0x50, 0x0, 0x0, 0x5, 0xff,
    0xff, 0xff, 0xff, 0xff, 0xff, 0xe0, 0x1, 0x11,
    0x2d, 0x81, 0x14, 0x21, 0x11, 0x0, 0x0, 0xa,
    0xc0, 0x0, 0x9c, 0x10, 0x0, 0x0, 0x1c, 0xc1,
    0x11, 0x23, 0xcd, 0x10, 0x0, 0xe, 0xff, 0xff,
    0xed, 0xca, 0xcd, 0x10, 0x0, 0x22, 0x10, 0x0,
    0x0, 0x0, 0x90, 0x0, 0x0, 0x4, 0xd0, 0xa,
    0x80, 0x0, 0x0, 0x0, 0x0, 0x6c, 0x0, 0xa8,
    0x0, 0x0, 0x0, 0x0, 0x9, 0x90, 0xa, 0x80,
    0x0, 0x60, 0x0, 0x2, 0xf3, 0x0, 0xa8, 0x0,
    0x1f, 0x10, 0x5, 0xe8, 0x0, 0xa, 0xb2, 0x28,
    0xf0, 0x3e, 0xe6, 0x0, 0x0, 0x5e, 0xff, 0xe7,
    0x0, 0x40, 0x0, 0x0, 0x0, 0x0, 0x0, 0x0,

    /* U+5149 "光" */
    0x0, 0x0, 0x0, 0xa9, 0x0, 0x0, 0x0, 0x0,
    0x2a, 0x0, 0xa, 0x90, 0x1, 0xe3, 0x0, 0x0,
    0xe7, 0x0, 0xa9, 0x0, 0x8d, 0x0, 0x0, 0x5,
    0xf1, 0xa, 0x90, 0x2f, 0x40, 0x0, 0x0, 0xc,
    0x30, 0xa9, 0x8, 0x90, 0x0, 0x1, 0x11, 0x11,
    0x1a, 0xa1, 0x11, 0x11, 0x10, 0xdf, 0xff, 0xff,
    0xff, 0xff, 0xff, 0xfe, 0x0, 0x0, 0x7, 0xb0,
    0xc, 0x60, 0x0, 0x0, 0x0, 0x0, 0x8a, 0x0,
    0xc6, 0x0, 0x0, 0x0, 0x0, 0xb, 0x70, 0xc,
    0x60, 0x0, 0x0, 0x0, 0x1, 0xf3, 0x0, 0xc6,
    0x0, 0x2e, 0x0, 0x0, 0xba, 0x0, 0xc, 0x60,
    0x4, 0xf0, 0x4, 0xdc, 0x10, 0x0, 0xc9, 0x33,
    0xad, 0x7, 0xf9, 0x0, 0x0, 0x6, 0xef, 0xfd,
    0x60, 0x1, 0x0, 0x0, 0x0, 0x0, 0x0, 0x0,
    0x0,

    /* U+514B "克" */
    0x0, 0x0, 0x0, 0xa8, 0x0, 0x0, 0x0, 0x11,
    0x11, 0x11, 0xb8, 0x11, 0x11, 0x11, 0xef, 0xff,
    0xff, 0xff, 0xff, 0xff, 0xfd, 0x0, 0x0, 0x0,
    0xa8, 0x0, 0x0, 0x0, 0x0, 0x33, 0x33, 0xba,
    0x33, 0x33, 0x0, 0x0, 0xfc, 0xcc, 0xcc, 0xcc,
    0xcf, 0x0, 0x0, 0xf2, 0x0, 0x0, 0x0, 0x3f,
    0x0, 0x0, 0xf2, 0x0, 0x0, 0x0, 0x3f, 0x0,
    0x0, 0xff, 0xff, 0xff, 0xff, 0xfe, 0x0, 0x0,
    0x0, 0x6b, 0x2, 0xf0, 0x0, 0x0, 0x0, 0x0,
    0x99, 0x2, 0xf0, 0x0, 0x13, 0x0, 0x2, 0xf3,
    0x2, 0xf0, 0x0, 0x4e, 0x1, 0x6e, 0x90, 0x1,
    0xf4, 0x23, 0xab, 0x9f, 0xd5, 0x0, 0x0, 0xcf,
    0xff, 0xd4, 0x11, 0x0, 0x0, 0x0, 0x0, 0x0,
    0x0,

    /* U+5165 "入" */
    0x0, 0x0, 0x25, 0x0, 0x0, 0x0, 0x0, 0x0,
    0x0, 0x4, 0xf6, 0x0, 0x0, 0x0, 0x0, 0x0,
    0x0, 0x4, 0xf3, 0x0, 0x0, 0x0, 0x0, 0x0,
    0x0, 0xf, 0xc0, 0x0, 0x0, 0x0, 0x0, 0x0,
    0x4, 0xff, 0x50, 0x0, 0x0, 0x0, 0x0, 0x0,
    0x8c, 0x9c, 0x0, 0x0, 0x0, 0x0, 0x0, 0xd,
    0x72, 0xf4, 0x0, 0x0, 0x0, 0x0, 0x5, 0xf1,
    0xa, 0xc0, 0x0, 0x0, 0x0, 0x0, 0xd9, 0x0,
    0x2f, 0x50, 0x0, 0x0, 0x0, 0x8f, 0x10, 0x0,
    0x8e, 0x10, 0x0, 0x0, 0x4f, 0x50, 0x0, 0x0,
    0xdc, 0x0, 0x0, 0x5f, 0x80, 0x0, 0x0, 0x3,
    0xfb, 0x0, 0x7f, 0x80, 0x0, 0x0, 0x0, 0x4,
    0xfd, 0x14, 0x60, 0x0, 0x0, 0x0, 0x0, 0x2,
    0x50,

    /* U+5168 "全" */
    0x0, 0x0, 0x0, 0xdf, 0x40, 0x0, 0x0, 0x0,
    0x0, 0x0, 0x8c, 0x7e, 0x20, 0x0, 0x0, 0x0,
    0x0, 0x5f, 0x20, 0x9e, 0x30, 0x0, 0x0, 0x0,
    0x5f, 0x50, 0x0, 0x8f, 0x50, 0x0, 0x0, 0x8f,
    0x40, 0x0, 0x0, 0x6f, 0xa2, 0x5, 0xed, 0xcf,
    0xff, 0xff, 0xff, 0x6c, 0xf4, 0x77, 0x0, 0x0,
    0x7c, 0x0, 0x0, 0x4, 0x0, 0x0, 0x0, 0x6,
    0xc0, 0x0, 0x0, 0x0, 0x0, 0x22, 0x22, 0x8c,
    0x22, 0x22, 0x10, 0x0, 0xd, 0xee, 0xee, 0xfe,
    0xee, 0xe6, 0x0, 0x0, 0x0, 0x0, 0x6c, 0x0,
    0x0, 0x0, 0x0, 0x0, 0x0, 0x6, 0xc0, 0x0,
    0x0, 0x0, 0x14, 0x44, 0x44, 0x9d, 0x44, 0x44,
    0x43, 0x5, 0xcc, 0xcc, 0xcc, 0xcc, 0xcc, 0xcc,
    0xa0,

    /* U+516C "公" */
    0x0, 0x0, 0x51, 0x0, 0x62, 0x0, 0x0, 0x0,
    0x0, 0x1f, 0x30, 0xa, 0xa0, 0x0, 0x0, 0x0,
    0x7, 0xd0, 0x0, 0x2f, 0x40, 0x0, 0x0, 0x0,
    0xe6, 0x0, 0x0, 0x7e, 0x10, 0x0, 0x0, 0x8d,
    0x0, 0x0, 0x0, 0xcc, 0x0, 0x0, 0x4f, 0x40,
    0x1e, 0x20, 0x1, 0xdb, 0x10, 0x4f, 0x80, 0x7,
    0xd0, 0x0, 0x2, 0xec, 0x9, 0x80, 0x0, 0xe6,
    0x0, 0x0, 0x1, 0x40, 0x0, 0x0, 0x6e, 0x0,
    0x6c, 0x0, 0x0, 0x0, 0x0, 0xe, 0x60, 0x0,
    0xd9, 0x0, 0x0, 0x0, 0x9, 0xc0, 0x0, 0x2,
    0xf5, 0x0, 0x0, 0x5, 0xf2, 0x13, 0x45, 0x7d,
    0xf2, 0x0, 0x6, 0xff, 0xff, 0xfe, 0xc9, 0x7c,
    0xc0, 0x0, 0x16, 0x43, 0x10, 0x0, 0x0, 0x27,
    0x0,

    /* U+5170 "兰" */
    0x0, 0x0, 0x0, 0x0, 0x1, 0x0, 0x0, 0x0,
    0xc, 0x60, 0x0, 0x1f, 0x40, 0x0, 0x0, 0x6,
    0xe0, 0x0, 0x8c, 0x0, 0x0, 0x0, 0x0, 0xb2,
    0x0, 0xe5, 0x0, 0x0, 0x4f, 0xff, 0xff, 0xff,
    0xff, 0xff, 0xd0, 0x2, 0x22, 0x22, 0x22, 0x22,
    0x22, 0x20, 0x0, 0x0, 0x0, 0x0, 0x0, 0x0,
    0x0, 0x0, 0x0, 0x0, 0x0, 0x0, 0x0, 0x0,
    0x1, 0x66, 0x66, 0x66, 0x66, 0x65, 0x0, 0x3,
    0xdd, 0xdd, 0xdd, 0xdd, 0xdd, 0x0, 0x0, 0x0,
    0x0, 0x0, 0x0, 0x0, 0x0, 0x0, 0x0, 0x0,
    0x0, 0x0, 0x0, 0x0, 0x0, 0x0, 0x0, 0x0,
    0x0, 0x0, 0x0, 0xef, 0xff, 0xff, 0xff, 0xff,
    0xff, 0xfa, 0x22, 0x22, 0x22, 0x22, 0x22, 0x22,
    0x21,

    /* U+5173 "关" */
    0x0, 0x0, 0x0, 0x0, 0x0, 0x0, 0x0, 0x0,
    0x0, 0x7a, 0x0, 0x0, 0x7d, 0x0, 0x0, 0x0,
    0x2, 0xf4, 0x0, 0xe, 0x60, 0x0, 0x0, 0x0,
    0x9, 0x60, 0x7, 0xd0, 0x0, 0x0, 0xb, 0xff,
    0xff, 0xff, 0xff, 0xff, 0xf0, 0x0, 0x0, 0x0,
    0x9, 0xa0, 0x0, 0x0, 0x0, 0x0, 0x0, 0x0,
    0x9a, 0x0, 0x0, 0x0, 0x1, 0x22, 0x22, 0x29,
    0xb2, 0x22, 0x22, 0x10, 0xaf, 0xff, 0xff, 0xff,
    0xff, 0xff, 0xfe, 0x0, 0x0, 0x0, 0x1e, 0xd7,
    0x0, 0x0, 0x0, 0x0, 0x0, 0x8, 0xc2, 0xf2,
    0x0, 0x0, 0x0, 0x0, 0x5, 0xf3, 0x8, 0xe2,
    0x0, 0x0, 0x0, 0x7, 0xf6, 0x0, 0xa, 0xe5,
    0x0, 0x0, 0x5c, 0xe5, 0x0, 0x0, 0x8, 0xfc,
    0x50, 0x8f, 0x91, 0x0, 0x0, 0x0, 0x3, 0xba,
    0x0, 0x0, 0x0, 0x0, 0x0, 0x0, 0x0, 0x0,

    /* U+5176 "其" */
    0x0, 0xf, 0x30, 0x0, 0x7, 0xb0, 0x0, 0x0,
    0xf, 0x30, 0x0, 0x7, 0xb0, 0x0, 0x5f, 0xff,
    0xff, 0xff, 0xff, 0xff, 0xf1, 0x0, 0xf, 0x30,
    0x0, 0x7, 0xb0, 0x0, 0x0, 0xf, 0xdc, 0xcc,
    0xce, 0xb0, 0x0, 0x0, 0xf, 0x52, 0x22, 0x29,
    0xb0, 0x0, 0x0, 0xf, 0x30, 0x0, 0x7, 0xb0,
    0x0, 0x0, 0xf, 0xfe, 0xee, 0xef, 0xb0, 0x0,
    0x0, 0xf, 0x30, 0x0, 0x7, 0xb0, 0x0, 0xce,
    0xef, 0xee, 0xee, 0xee, 0xfe, 0xea, 0x22, 0x22,
    0x84, 0x22, 0x78, 0x32, 0x21, 0x0, 0x2c, 0xe4,
    0x0, 0x6d, 0xe8, 0x0, 0x4a, 0xfb, 0x10, 0x0,
    0x0, 0x6e, 0xe4, 0x7b, 0x30, 0x0, 0x0, 0x0,
    0x1, 0x70,

    /* U+5177 "具" */
    0x0, 0xc, 0xff, 0xff, 0xff, 0xff, 0xc0, 0x0,
    0x0, 0xc, 0x50, 0x0, 0x0, 0x5, 0xc0, 0x0,
    0x0, 0xc, 0x50, 0x0, 0x0, 0x5, 0xc0, 0x0,
    0x0, 0xc, 0xee, 0xee, 0xee, 0xee, 0xc0, 0x0,
    0x0, 0xc, 0x50, 0x0, 0x0, 0x5, 0xc0, 0x0,
    0x0, 0xc, 0xee, 0xee, 0xee, 0xee, 0xc0, 0x0,
    0x0, 0xc, 0x50, 0x0, 0x0, 0x5, 0xc0, 0x0,
    0x0, 0xc, 0xdc, 0xcc, 0xcc, 0xcd, 0xc0, 0x0,
    0x0, 0xc, 0x62, 0x22, 0x22, 0x26, 0xc0, 0x0,
    0x2c, 0xcf, 0xdc, 0xcc, 0xcc, 0xcd, 0xfc, 0xc2,
    0x3, 0x33, 0x39, 0x43, 0x36, 0x94, 0x33, 0x30,
    0x0, 0x2, 0xce, 0x30, 0x4, 0xde, 0x60, 0x0,
    0x2, 0x9f, 0xa1, 0x0, 0x0, 0x6, 0xed, 0x40,
    0x8, 0xb3, 0x0, 0x0, 0x0, 0x0, 0x18, 0x10,

    /* U+5178 "典" */
    0x0, 0x0, 0x2, 0xe0, 0xf, 0x10, 0x0, 0x0,
    0x0, 0x0, 0x2, 0xe0, 0xf, 0x10, 0x0, 0x0,
    0x0, 0x6f, 0xff, 0xff, 0xff, 0xff, 0xf5, 0x0,
    0x0, 0x6a, 0x2, 0xe0, 0xf, 0x10, 0xb6, 0x0,
    0x0, 0x6a, 0x2, 0xe0, 0xf, 0x10, 0xb6, 0x0,
    0x0, 0x6b, 0x24, 0xe2, 0x2f, 0x32, 0xb6, 0x0,
    0x0, 0x6e, 0xcd, 0xfc, 0xcf, 0xcc, 0xe6, 0x0,
    0x0, 0x6a, 0x2, 0xe0, 0xf, 0x10, 0xb6, 0x0,
    0x0, 0x6a, 0x2, 0xe0, 0xf, 0x10, 0xb6, 0x0,
    0x3f, 0xff, 0xff, 0xff, 0xff, 0xff, 0xff, 0xf2,
    0x0, 0x0, 0x5, 0x20, 0x4, 0x61, 0x0, 0x0,
    0x0, 0x0, 0xaf, 0x60, 0x6, 0xee, 0x70, 0x0,
    0x2, 0x8f, 0xd2, 0x0, 0x0, 0x7, 0xfe, 0x40,
    0x6, 0xd5, 0x0, 0x0, 0x0, 0x0, 0x19, 0x10,
    0x0, 0x0, 0x0, 0x0, 0x0, 0x0, 0x0, 0x0,

    /* U+517C "兼" */
    0x0, 0x0, 0x0, 0x0, 0x0, 0x0, 0x0, 0x0,
    0x0, 0x5, 0xa0, 0x0, 0x1d, 0x20, 0x0, 0x0,
    0x0, 0x1e, 0x50, 0x9, 0xa0, 0x0, 0x0, 0xbe,
    0xee, 0xef, 0xee, 0xfe, 0xee, 0xeb, 0x0, 0x0,
    0x3, 0xd0, 0x3e, 0x0, 0x0, 0x0, 0x2, 0xee,
    0xff, 0xee, 0xfe, 0xef, 0x0, 0x0, 0x0, 0x3,
    0xd0, 0x3e, 0x1, 0xf0, 0x0, 0xde, 0xee, 0xef,
    0xee, 0xfe, 0xef, 0xee, 0x0, 0x0, 0x3, 0xd0,
    0x3e, 0x1, 0xf0, 0x0, 0x2, 0xdd, 0xef, 0xdd,
    0xfd, 0xdf, 0x0, 0x0, 0x0, 0x2e, 0xd0, 0x3f,
    0xc1, 0x0, 0x0, 0x0, 0x1c, 0xad, 0x3, 0xe9,
    0xc2, 0x0, 0x0, 0x3d, 0x83, 0xd0, 0x3e, 0x7,
    0xf8, 0x10, 0x9f, 0x50, 0x3d, 0x3, 0xe0, 0x3,
    0xdb, 0x3, 0x10, 0x3, 0xd0, 0x3e, 0x0, 0x0,
    0x0,

    /* U+5185 "内" */
    0x0, 0x0, 0x0, 0xc6, 0x0, 0x0, 0x0, 0x0,
    0x0, 0xc, 0x60, 0x0, 0x0, 0x3, 0x33, 0x33,
    0xd8, 0x33, 0x33, 0x22, 0xfd, 0xdd, 0xdf, 0xed,
    0xdd, 0xed, 0x2f, 0x0, 0x0, 0xe4, 0x0, 0x6,
    0xd2, 0xf0, 0x0, 0xf, 0x30, 0x0, 0x6d, 0x2f,
    0x0, 0x4, 0xfe, 0x30, 0x6, 0xd2, 0xf0, 0x0,
    0xc7, 0x5f, 0x50, 0x6d, 0x2f, 0x0, 0x9d, 0x0,
    0x4f, 0x66, 0xd2, 0xf3, 0xbd, 0x20, 0x0, 0x5e,
    0x6d, 0x2f, 0x59, 0x10, 0x0, 0x0, 0x6, 0xd2,
    0xf0, 0x0, 0x0, 0x0, 0x0, 0x6d, 0x2f, 0x0,
    0x0, 0x0, 0x37, 0x5a, 0xc2, 0xf0, 0x0, 0x0,
    0x4, 0xbc, 0xc5,

    /* U+518C "册" */
    0x0, 0x3f, 0xff, 0xf3, 0x2f, 0xff, 0xf6, 0x0,
    0x0, 0x3e, 0x0, 0xf3, 0x2f, 0x0, 0xb6, 0x0,
    0x0, 0x3e, 0x0, 0xf3, 0x2f, 0x0, 0xb6, 0x0,
    0x0, 0x3e, 0x0, 0xf3, 0x2f, 0x0, 0xb6, 0x0,
    0x0, 0x3e, 0x0, 0xf3, 0x2f, 0x0, 0xb6, 0x0,
    0x0, 0x3e, 0x0, 0xf3, 0x2f, 0x0, 0xb6, 0x0,
    0x3f, 0xff, 0xff, 0xff, 0xff, 0xff, 0xff, 0xf2,
    0x0, 0x4d, 0x0, 0xf3, 0x2f, 0x0, 0xb6, 0x0,
    0x0, 0x5c, 0x0, 0xf3, 0x2e, 0x0, 0xb6, 0x0,
    0x0, 0x6a, 0x0, 0xf3, 0x4d, 0x0, 0xb6, 0x0,
    0x0, 0xa7, 0x0, 0xf3, 0x6b, 0x0, 0xb6, 0x0,
    0x0, 0xe3, 0x0, 0xf3, 0x99, 0x0, 0xb6, 0x0,
    0x8, 0xc0, 0x11, 0xf3, 0xe5, 0x12, 0xc6, 0x0,
    0xd, 0x40, 0x8f, 0xf3, 0xc0, 0x3f, 0xf3, 0x0,
    0x0, 0x0, 0x0, 0x0, 0x0, 0x0, 0x0, 0x0,

    /* U+5199 "写" */
    0x2f, 0xff, 0xff, 0xff, 0xff, 0xff, 0xf6, 0x2f,
    0x0, 0x62, 0x0, 0x0, 0x0, 0xc6, 0x2f, 0x0,
    0xf3, 0x0, 0x0, 0x0, 0xc6, 0x19, 0x2, 0xf2,
    0x0, 0x0, 0x0, 0x73, 0x0, 0x4, 0xff, 0xff,
    0xff, 0xf5, 0x0, 0x0, 0x8, 0xb0, 0x0, 0x0,
    0x0, 0x0, 0x0, 0xc, 0x92, 0x22, 0x22, 0x22,
    0x10, 0x0, 0xc, 0xdd, 0xdd, 0xdd, 0xde, 0xc0,
    0x0, 0x0, 0x0, 0x0, 0x0, 0x7, 0xb0, 0x3d,
    0xdd, 0xdd, 0xdd, 0xdc, 0x9, 0x90, 0x2, 0x22,
    0x22, 0x22, 0x22, 0xb, 0x80, 0x0, 0x0, 0x0,
    0x0, 0x0, 0xe, 0x50, 0x0, 0x0, 0x0, 0x24,
    0x22, 0x8f, 0x10, 0x0, 0x0, 0x0, 0x4e, 0xff,
    0xe6, 0x0,

    /* U+51B2 "冲" */
    0x0, 0x0, 0x0, 0x0, 0xe, 0x40, 0x0, 0x0,
    0x66, 0x0, 0x0, 0x0, 0xe4, 0x0, 0x0, 0x6,
    0xf4, 0x0, 0x0, 0xe, 0x40, 0x0, 0x0, 0xa,
    0xe0, 0xdf, 0xff, 0xff, 0xff, 0xf4, 0x0, 0x15,
    0xd, 0x40, 0xe, 0x40, 0xd, 0x40, 0x0, 0x0,
    0xd4, 0x0, 0xe4, 0x0, 0xd4, 0x0, 0x0, 0xd,
    0x40, 0xe, 0x40, 0xd, 0x40, 0x0, 0x0, 0xd4,
    0x0, 0xe4, 0x0, 0xd4, 0x0, 0xe, 0x2d, 0xff,
    0xff, 0xff, 0xff, 0x40, 0x8, 0xd0, 0xd4, 0x0,
    0xe4, 0x0, 0xd4, 0x2, 0xf5, 0x2, 0x0, 0xe,
    0x40, 0x1, 0x0, 0xdb, 0x0, 0x0, 0x0, 0xe4,
    0x0, 0x0, 0x2d, 0x10, 0x0, 0x0, 0xe, 0x40,
    0x0, 0x0, 0x0, 0x0, 0x0, 0x0, 0xe4, 0x0,
    0x0,

    /* U+51C6 "准" */
    0x0, 0x0, 0x0, 0x0, 0x0, 0x0, 0x0, 0x0,
    0x0, 0x0, 0x0, 0xe, 0x22, 0xb0, 0x0, 0x0,
    0x3, 0x60, 0x0, 0x4e, 0x0, 0xd6, 0x0, 0x0,
    0x5, 0xf4, 0x0, 0xa9, 0x0, 0x67, 0x0, 0x0,
    0x0, 0x8e, 0x1, 0xff, 0xff, 0xff, 0xff, 0x90,
    0x0, 0x5, 0xa, 0xf3, 0x0, 0xe2, 0x0, 0x0,
    0x0, 0x0, 0x4f, 0xf3, 0x0, 0xe3, 0x0, 0x0,
    0x0, 0x0, 0xc6, 0xee, 0xee, 0xfe, 0xee, 0x10,
    0x0, 0x0, 0x10, 0xe3, 0x0, 0xe2, 0x0, 0x0,
    0x0, 0xd, 0x30, 0xe3, 0x0, 0xe2, 0x0, 0x0,
    0x0, 0x6e, 0x0, 0xef, 0xff, 0xff, 0xff, 0x10,
    0x1, 0xe7, 0x0, 0xe3, 0x0, 0xe2, 0x0, 0x0,
    0xa, 0xd0, 0x0, 0xe3, 0x0, 0xe2, 0x0, 0x0,
    0xe, 0x40, 0x0, 0xef, 0xff, 0xff, 0xff, 0xf0,
    0x1, 0x0, 0x0, 0xe4, 0x11, 0x11, 0x11, 0x10,

    /* U+51CF "减" */
    0x0, 0x0, 0x0, 0x0, 0xc, 0x47, 0x40, 0x3,
    0x90, 0x0, 0x0, 0x0, 0xc4, 0x2e, 0x10, 0x1d,
    0x80, 0xaa, 0xaa, 0xae, 0xdb, 0xc8, 0x0, 0x3f,
    0x2f, 0x54, 0x44, 0xc8, 0x33, 0x20, 0x0, 0x20,
    0xf0, 0x0, 0x9, 0x70, 0x0, 0x0, 0x0, 0xf,
    0x8f, 0xff, 0x98, 0xa, 0x20, 0x0, 0x0, 0xf0,
    0x0, 0x6, 0xa2, 0xf0, 0x0, 0x2, 0xf, 0x5f,
    0xdf, 0x4c, 0x79, 0x0, 0x0, 0xd5, 0xf4, 0x90,
    0xe2, 0xee, 0x20, 0x0, 0x4e, 0x2f, 0x49, 0xe,
    0xe, 0xa0, 0x0, 0xb, 0x84, 0xd4, 0xed, 0xd3,
    0xf7, 0xc, 0x4, 0xf2, 0x8b, 0x0, 0x1, 0xda,
    0xd3, 0xe0, 0xc9, 0xc, 0x60, 0x2, 0xd9, 0xc,
    0xea, 0x3, 0x11, 0xe1, 0x0, 0xd9, 0x0, 0x2d,
    0x30, 0x0, 0x1, 0x0, 0x1, 0x0, 0x0, 0x0,
    0x0,

    /* U+51E0 "几" */
    0x0, 0x0, 0xef, 0xff, 0xff, 0xf0, 0x0, 0x0,
    0x0, 0x0, 0xe7, 0x22, 0x25, 0xf1, 0x0, 0x0,
    0x0, 0x0, 0xe5, 0x0, 0x3, 0xf1, 0x0, 0x0,
    0x0, 0x0, 0xe5, 0x0, 0x3, 0xf1, 0x0, 0x0,
    0x0, 0x0, 0xe5, 0x0, 0x3, 0xf1, 0x0, 0x0,
    0x0, 0x0, 0xf5, 0x0, 0x3, 0xf1, 0x0, 0x0,
    0x0, 0x0, 0xf4, 0x0, 0x3, 0xf1, 0x0, 0x0,
    0x0, 0x3, 0xf2, 0x0, 0x3, 0xf1, 0x0, 0x0,
    0x0, 0x6, 0xe0, 0x0, 0x3, 0xf1, 0x2, 0x60,
    0x0, 0xd, 0x80, 0x0, 0x3, 0xf1, 0x4, 0xf0,
    0x0, 0x9e, 0x10, 0x0, 0x3, 0xf1, 0x6, 0xe0,
    0xa, 0xf4, 0x0, 0x0, 0x2, 0xfe, 0xef, 0x90,
    0x8, 0x40, 0x0, 0x0, 0x0, 0x35, 0x64, 0x0,

    /* U+51FA "出" */
    0x0, 0x0, 0x0, 0xe5, 0x0, 0x0, 0x0, 0x0,
    0x0, 0xe, 0x50, 0x0, 0x0, 0x8, 0xa0, 0x0,
    0xe5, 0x0, 0xe, 0x40, 0x8a, 0x0, 0xe, 0x50,
    0x0, 0xe4, 0x8, 0xa0, 0x0, 0xe5, 0x0, 0xe,
    0x40, 0x8b, 0x22, 0x2e, 0x72, 0x22, 0xe4, 0x6,
    0xdd, 0xdd, 0xfe, 0xdd, 0xdd, 0x30, 0x0, 0x0,
    0xe, 0x50, 0x0, 0x0, 0x2f, 0x0, 0x0, 0xe5,
    0x0, 0x3, 0xe2, 0xf0, 0x0, 0xe, 0x50, 0x0,
    0x3e, 0x2f, 0x0, 0x0, 0xe5, 0x0, 0x3, 0xe2,
    0xf0, 0x0, 0xe, 0x50, 0x0, 0x3e, 0x2f, 0xff,
    0xff, 0xff, 0xff, 0xff, 0xe0, 0x11, 0x11, 0x11,
    0x11, 0x11, 0x4e,

    /* U+51FB "击" */
    0x0, 0x0, 0x0, 0xa9, 0x0, 0x0, 0x0, 0x0,
    0x0, 0x0, 0xa9, 0x0, 0x0, 0x0, 0x6, 0xff,
    0xff, 0xff, 0xff, 0xff, 0x70, 0x0, 0x22, 0x22,
    0xa9, 0x22, 0x22, 0x0, 0x0, 0x0, 0x0, 0xa9,
    0x0, 0x0, 0x0, 0x22, 0x22, 0x22, 0xba, 0x22,
    0x22, 0x22, 0xef, 0xff, 0xff, 0xff, 0xff, 0xff,
    0xfd, 0x0, 0x0, 0x0, 0xa9, 0x0, 0x0, 0x0,
    0x5, 0xc0, 0x0, 0xa9, 0x0, 0xc, 0x50, 0x5,
    0xc0, 0x0, 0xa9, 0x0, 0xc, 0x50, 0x5, 0xc0,
    0x0, 0xa9, 0x0, 0xc, 0x50, 0x5, 0xc0, 0x0,
    0xa9, 0x0, 0xc, 0x50, 0x5, 0xff, 0xff, 0xff,
    0xff, 0xff, 0x50, 0x0, 0x11, 0x11, 0x11, 0x11,
    0x1c, 0x50,

    /* U+51FD "函" */
    0x4, 0xff, 0xff, 0xff, 0xff, 0xfe, 0x10, 0x0,
    0x0, 0x0, 0x0, 0x8, 0xe3, 0x0, 0x0, 0x0,
    0x0, 0x5, 0xda, 0x10, 0x0, 0x2a, 0x0, 0x0,
    0x2f, 0x40, 0x20, 0xa2, 0x4e, 0x1d, 0x30, 0x3d,
    0x3, 0xf3, 0xe3, 0x4e, 0x7, 0xe2, 0x3d, 0x4e,
    0x40, 0xe3, 0x4e, 0x0, 0x72, 0x3d, 0x12, 0x0,
    0xe3, 0x4e, 0x0, 0x9, 0x9d, 0x67, 0x0, 0xe3,
    0x4e, 0x6, 0xea, 0x3d, 0x2d, 0xa0, 0xe3, 0x4e,
    0x9d, 0x40, 0x3d, 0x1, 0xca, 0xe3, 0x4e, 0x10,
    0x5, 0x8d, 0x0, 0x13, 0xe3, 0x4e, 0x0, 0x5,
    0xa6, 0x0, 0x0, 0xe3, 0x4f, 0xff, 0xff, 0xff,
    0xff, 0xff, 0xf3, 0x1, 0x11, 0x11, 0x11, 0x11,
    0x11, 0xe3,

    /* U+5206 "分" */
    0x0, 0x0, 0x5, 0x30, 0x9, 0x10, 0x0, 0x0,
    0x0, 0x0, 0xe, 0x60, 0xb, 0x90, 0x0, 0x0,
    0x0, 0x0, 0x7d, 0x0, 0x2, 0xf4, 0x0, 0x0,
    0x0, 0x2, 0xf6, 0x0, 0x0, 0x6f, 0x20, 0x0,
    0x0, 0xc, 0xa0, 0x0, 0x0, 0xa, 0xe2, 0x0,
    0x0, 0xbe, 0x21, 0x11, 0x11, 0x11, 0xbf, 0x50,
    0xd, 0xda, 0xff, 0xff, 0xff, 0xff, 0x69, 0xe0,
    0x5, 0x10, 0x0, 0xc7, 0x0, 0xd, 0x50, 0x10,
    0x0, 0x0, 0x0, 0xf5, 0x0, 0xe, 0x40, 0x0,
    0x0, 0x0, 0x4, 0xf1, 0x0, 0xf, 0x30, 0x0,
    0x0, 0x0, 0xc, 0xb0, 0x0, 0x1f, 0x20, 0x0,
    0x0, 0x0, 0x8f, 0x20, 0x0, 0x3f, 0x10, 0x0,
    0x0, 0x2a, 0xf5, 0x4, 0x33, 0xaf, 0x0, 0x0,
    0x2, 0xfd, 0x30, 0x8, 0xff, 0xf7, 0x0, 0x0,
    0x0, 0x30, 0x0, 0x0, 0x0, 0x0, 0x0, 0x0,

    /* U+5207 "切" */
    0x0, 0x2f, 0x0, 0x0, 0x0, 0x0, 0x0, 0x0,
    0x2, 0xf0, 0x5, 0xff, 0xff, 0xff, 0xf6, 0x0,
    0x2f, 0x0, 0x2, 0x2c, 0x72, 0x2c, 0x60, 0x3,
    0xf5, 0x68, 0x30, 0xc6, 0x0, 0xc6, 0x3f, 0xff,
    0xdb, 0x92, 0xd, 0x50, 0xc, 0x61, 0x33, 0xf0,
    0x0, 0x0, 0xd4, 0x0, 0xc6, 0x0, 0x2f, 0x0,
    0x0, 0xe, 0x30, 0xc, 0x60, 0x2, 0xf0, 0x0,
    0x0, 0xf2, 0x0, 0xd5, 0x0, 0x2f, 0x0, 0x20,
    0x4f, 0x0, 0xd, 0x50, 0x2, 0xf1, 0x8e, 0x8,
    0xb0, 0x0, 0xe4, 0x0, 0x2f, 0xea, 0x10, 0xe6,
    0x0, 0xf, 0x30, 0x4, 0xe5, 0x0, 0x9d, 0x0,
    0x1, 0xf1, 0x0, 0x0, 0x0, 0x8f, 0x31, 0x76,
    0xbe, 0x0, 0x0, 0x0, 0x7e, 0x30, 0xb, 0xcb,
    0x40, 0x0, 0x0, 0x0, 0x10, 0x0, 0x0, 0x0,
    0x0,

    /* U+5217 "列" */
    0xb, 0xff, 0xff, 0xff, 0xf3, 0x0, 0xf, 0x30,
    0x0, 0x3f, 0x0, 0x0, 0x0, 0x0, 0xf3, 0x0,
    0x6, 0xc0, 0x0, 0x5, 0xd0, 0xf, 0x30, 0x0,
    0xbc, 0x77, 0x60, 0x5d, 0x0, 0xf3, 0x0, 0x1f,
    0x98, 0x8f, 0x35, 0xd0, 0xf, 0x30, 0x8, 0xc0,
    0x2, 0xf0, 0x5d, 0x0, 0xf3, 0x1, 0xfd, 0x20,
    0x6b, 0x5, 0xd0, 0xf, 0x30, 0xab, 0x5e, 0x7b,
    0x70, 0x5d, 0x0, 0xf3, 0xc, 0x10, 0x2d, 0xf1,
    0x5, 0xd0, 0xf, 0x30, 0x0, 0x0, 0xb9, 0x0,
    0x5d, 0x0, 0xf3, 0x0, 0x0, 0x5f, 0x10, 0x3,
    0x70, 0xf, 0x30, 0x0, 0x3f, 0x50, 0x0, 0x0,
    0x0, 0xf3, 0x0, 0x5f, 0x70, 0x0, 0x2, 0x43,
    0x4f, 0x20, 0x3f, 0x60, 0x0, 0x0, 0x5e, 0xff,
    0xc0, 0x0, 0x20, 0x0, 0x0, 0x0, 0x0, 0x0,
    0x0,

    /* U+521B "创" */
    0x0, 0x0, 0x3, 0x0, 0x0, 0x0, 0x0, 0x0,
    0x0, 0x4, 0xf1, 0x0, 0x0, 0x0, 0x3e, 0x0,
    0x0, 0xbf, 0xa0, 0x0, 0x0, 0x3, 0xe0, 0x0,
    0x5e, 0x4e, 0xa0, 0x3, 0xe0, 0x3e, 0x0, 0x1e,
    0x50, 0x2e, 0x90, 0x3e, 0x3, 0xe0, 0x1d, 0x90,
    0x0, 0x3f, 0x73, 0xe0, 0x3e, 0x1d, 0xa3, 0x33,
    0x33, 0x6c, 0x4e, 0x3, 0xe0, 0x73, 0xfc, 0xcc,
    0xf3, 0x3, 0xe0, 0x3e, 0x0, 0x3e, 0x0, 0xe,
    0x30, 0x3e, 0x3, 0xe0, 0x3, 0xe0, 0x0, 0xe3,
    0x3, 0xe0, 0x3e, 0x0, 0x3e, 0x5, 0x6f, 0x30,
    0x3e, 0x3, 0xe0, 0x3, 0xe0, 0x6a, 0x82, 0x32,
    0xb0, 0x3e, 0x0, 0x3e, 0x0, 0x0, 0x5d, 0x0,
    0x3, 0xe0, 0x3, 0xf5, 0x33, 0x4c, 0xa0, 0x32,
    0x6e, 0x0, 0x9, 0xde, 0xed, 0xa2, 0xd, 0xff,
    0x90,

    /* U+521D "初" */
    0x0, 0x9, 0x30, 0x0, 0x0, 0x0, 0x0, 0x0,
    0x0, 0x6e, 0x10, 0x49, 0x99, 0x99, 0x96, 0x2,
    0x33, 0xd6, 0x24, 0x88, 0xf8, 0x8b, 0xc0, 0xad,
    0xdd, 0xef, 0x20, 0x1f, 0x0, 0x6c, 0x0, 0x0,
    0xb, 0x90, 0x1, 0xf0, 0x6, 0xc0, 0x0, 0x7,
    0xd0, 0x0, 0x2f, 0x0, 0x6b, 0x0, 0x5, 0xf2,
    0x88, 0x4, 0xe0, 0x6, 0xb0, 0x7, 0xff, 0x9c,
    0x10, 0x5c, 0x0, 0x7b, 0xa, 0xe6, 0xfd, 0xc2,
    0x8, 0xa0, 0x7, 0xa0, 0x82, 0x3e, 0xa, 0xa0,
    0xd6, 0x0, 0x8a, 0x0, 0x3, 0xe0, 0x0, 0x3f,
    0x10, 0x8, 0x90, 0x0, 0x3e, 0x0, 0xc, 0x90,
    0x0, 0xa8, 0x0, 0x3, 0xe0, 0x9, 0xe1, 0x44,
    0x4e, 0x60, 0x0, 0x3e, 0x6, 0xe3, 0x7, 0xff,
    0xb0, 0x0, 0x0, 0x0, 0x2, 0x0, 0x0, 0x0,
    0x0,

    /* U+5220 "删" */
    0x0, 0xff, 0xf1, 0xcf, 0xfe, 0x0, 0x2, 0xd0,
    0xf, 0xe, 0x1c, 0x31, 0xe0, 0x0, 0x2d, 0x0,
    0xf0, 0xe1, 0xc3, 0x1e, 0xe, 0x12, 0xd0, 0xf,
    0xe, 0x1c, 0x31, 0xe0, 0xe1, 0x2d, 0x0, 0xf0,
    0xe1, 0xc3, 0x1e, 0xe, 0x12, 0xd0, 0xf, 0xe,
    0x1c, 0x31, 0xe0, 0xe1, 0x2d, 0x48, 0xf8, 0xf9,
    0xea, 0x9f, 0x6e, 0x12, 0xd3, 0x7f, 0x7f, 0x8e,
    0x98, 0xf5, 0xe1, 0x2d, 0x0, 0xf0, 0xe1, 0xc3,
    0x1e, 0xe, 0x12, 0xd0, 0x1e, 0xe, 0x1d, 0x21,
    0xe0, 0xe1, 0x2d, 0x4, 0xb0, 0xe1, 0xe1, 0x1e,
    0xb, 0x2, 0xd0, 0x88, 0xe, 0x2f, 0x1, 0xe0,
    0x0, 0x2d, 0xe, 0x42, 0xf5, 0xc3, 0x4e, 0x2,
    0x24, 0xd5, 0xd0, 0xee, 0x77, 0x7e, 0xa0, 0x9f,
    0xf8, 0x1, 0x0, 0x0, 0x0, 0x0, 0x0, 0x0,
    0x0,

    /* U+5229 "利" */
    0x0, 0x0, 0x0, 0x0, 0x0, 0x0, 0x0, 0x0,
    0x0, 0x15, 0xaf, 0xa0, 0x0, 0x0, 0xf2, 0x4,
    0xef, 0xfc, 0x61, 0x7, 0x30, 0xf, 0x20, 0x3,
    0xb, 0x60, 0x0, 0xd5, 0x0, 0xf2, 0x0, 0x0,
    0xb6, 0x0, 0xd, 0x50, 0xf, 0x20, 0xde, 0xef,
    0xfe, 0xe4, 0xd5, 0x0, 0xf2, 0x1, 0x24, 0xf7,
    0x22, 0xd, 0x50, 0xf, 0x20, 0x0, 0x9f, 0x80,
    0x0, 0xd5, 0x0, 0xf2, 0x0, 0x1e, 0xcf, 0xb1,
    0xd, 0x50, 0xf, 0x20, 0xb, 0x8b, 0x7b, 0xd1,
    0xd5, 0x0, 0xf2, 0x7, 0xe1, 0xb6, 0x8, 0xd,
    0x50, 0xf, 0x20, 0xd4, 0xb, 0x60, 0x0, 0x0,
    0x0, 0xf2, 0x1, 0x0, 0xb6, 0x0, 0x0, 0x0,
    0xf, 0x20, 0x0, 0xb, 0x60, 0x0, 0x27, 0x67,
    0xf2, 0x0, 0x0, 0xb6, 0x0, 0x1, 0xcd, 0xd9,
    0x0,

    /* U+522B "别" */
    0x0, 0x0, 0x0, 0x0, 0x0, 0x0, 0x20, 0x1f,
    0xff, 0xff, 0xf0, 0x0, 0x0, 0xe3, 0x1f, 0x0,
    0x1, 0xf0, 0x8, 0x0, 0xe3, 0x1f, 0x0, 0x1,
    0xf0, 0x1f, 0x10, 0xe3, 0x1f, 0x0, 0x1, 0xf0,
    0x1f, 0x10, 0xe3, 0x1f, 0xff, 0xff, 0xf0, 0x1f,
    0x10, 0xe3, 0x0, 0xe, 0x30, 0x0, 0x1f, 0x10,
    0xe3, 0x0, 0xf, 0x20, 0x0, 0x1f, 0x10, 0xe3,
    0x8b, 0xbf, 0xcb, 0xb4, 0x1f, 0x10, 0xe3, 0x35,
    0x6f, 0x55, 0xd5, 0x1f, 0x10, 0xe3, 0x0, 0x4d,
    0x0, 0xd4, 0x1f, 0x10, 0xe3, 0x0, 0x99, 0x0,
    0xe3, 0x0, 0x0, 0xe3, 0x1, 0xf3, 0x0, 0xf2,
    0x0, 0x0, 0xe3, 0xb, 0xa1, 0x25, 0xf0, 0x3,
    0x44, 0xf3, 0x7d, 0x15, 0xff, 0x80, 0x6, 0xef,
    0xc0, 0x1, 0x0, 0x0, 0x0, 0x0, 0x0, 0x0,

    /* U+5230 "到" */
    0xe, 0xff, 0xff, 0xff, 0xf6, 0x0, 0xd, 0x30,
    0x0, 0x3f, 0x11, 0x0, 0x3, 0x0, 0xd3, 0x0,
    0x9, 0x90, 0xd7, 0x0, 0xe3, 0xd, 0x30, 0x2,
    0xf1, 0x4, 0xf2, 0xe, 0x30, 0xd3, 0x0, 0xc9,
    0x34, 0x5e, 0xa0, 0xe3, 0xd, 0x30, 0x6f, 0xfe,
    0xca, 0x8f, 0x2e, 0x30, 0xd3, 0x0, 0x10, 0x57,
    0x0, 0x30, 0xe3, 0xd, 0x30, 0x0, 0x7, 0xa0,
    0x0, 0xe, 0x30, 0xd3, 0x4, 0x99, 0xcd, 0x99,
    0x70, 0xe3, 0xd, 0x30, 0x48, 0x8c, 0xd8, 0x87,
    0xe, 0x30, 0xd3, 0x0, 0x0, 0x7a, 0x0, 0x0,
    0xa2, 0xd, 0x30, 0x0, 0x7, 0xa2, 0x47, 0x30,
    0x0, 0xd3, 0x6, 0x8a, 0xef, 0xea, 0x72, 0x23,
    0x3e, 0x30, 0x99, 0x64, 0x10, 0x0, 0x7, 0xef,
    0xd1,

    /* U+5236 "制" */
    0x0, 0x67, 0x2e, 0x0, 0x0, 0x0, 0x3, 0xd0,
    0xb, 0x72, 0xe0, 0x0, 0x1, 0x20, 0x3d, 0x1,
    0xfb, 0xaf, 0x99, 0x91, 0x6c, 0x3, 0xd0, 0x8d,
    0x56, 0xe5, 0x55, 0x6, 0xc0, 0x3d, 0xa, 0x40,
    0x2e, 0x0, 0x0, 0x6c, 0x3, 0xd0, 0xcc, 0xcd,
    0xfc, 0xcc, 0x86, 0xc0, 0x3d, 0x2, 0x22, 0x4e,
    0x22, 0x21, 0x6c, 0x3, 0xd0, 0x4, 0x46, 0xe4,
    0x43, 0x6, 0xc0, 0x3d, 0x2, 0xfa, 0xbf, 0xab,
    0xf0, 0x6c, 0x3, 0xd0, 0x2e, 0x2, 0xe0, 0x1f,
    0x6, 0xc0, 0x3d, 0x2, 0xe0, 0x2e, 0x1, 0xf0,
    0x48, 0x3, 0xd0, 0x2e, 0x2, 0xe2, 0x4f, 0x0,
    0x0, 0x3d, 0x2, 0xd0, 0x2e, 0x5d, 0xa0, 0x2,
    0x27, 0xd0, 0x0, 0x2, 0xe0, 0x0, 0x0, 0xef,
    0xf8,

    /* U+5237 "刷" */
    0x0, 0xff, 0xff, 0xff, 0xf2, 0x0, 0x4, 0xd0,
    0xf, 0x10, 0x0, 0xe, 0x20, 0x20, 0x4d, 0x0,
    0xf1, 0x0, 0x0, 0xe2, 0x3e, 0x4, 0xd0, 0xf,
    0xdd, 0xdd, 0xdf, 0x23, 0xe0, 0x4d, 0x0, 0xf3,
    0x3c, 0x73, 0x30, 0x3e, 0x4, 0xd0, 0xf, 0x0,
    0xb4, 0x0, 0x3, 0xe0, 0x4d, 0x1, 0xf8, 0x8e,
    0xa8, 0x82, 0x3e, 0x4, 0xd0, 0x2f, 0xe8, 0xda,
    0x8d, 0x43, 0xe0, 0x4d, 0x4, 0xed, 0xb, 0x40,
    0xb4, 0x3e, 0x4, 0xd0, 0x6b, 0xd0, 0xb4, 0xb,
    0x43, 0xe0, 0x4d, 0xa, 0x7d, 0xb, 0x40, 0xb4,
    0x2b, 0x4, 0xd0, 0xe3, 0xd0, 0xb5, 0x5d, 0x40,
    0x0, 0x4d, 0x3b, 0x1b, 0xb, 0x5b, 0xa1, 0x2,
    0x26, 0xd0, 0x10, 0x0, 0xb4, 0x0, 0x0, 0xdf,
    0xf9, 0x0, 0x0, 0x2, 0x0, 0x0, 0x0, 0x0,
    0x0,

    /* U+5239 "刹" */
    0x0, 0x0, 0x0, 0x1, 0x0, 0x0, 0x0, 0x0,
    0x5, 0x0, 0x6, 0xd0, 0x0, 0x0, 0xe3, 0x2,
    0xed, 0x31, 0xe5, 0x1, 0x80, 0xe, 0x30, 0x1,
    0x8f, 0xda, 0x0, 0x2f, 0x0, 0xe3, 0x0, 0x1,
    0xce, 0xd3, 0x2, 0xf0, 0xe, 0x30, 0x6, 0xe9,
    0x8, 0xf7, 0x2f, 0x0, 0xe3, 0xa, 0xc4, 0x37,
    0x4, 0x42, 0xf0, 0xe, 0x30, 0x0, 0x5, 0xc0,
    0x0, 0x2f, 0x0, 0xe3, 0xb, 0xdd, 0xef, 0xdd,
    0xd2, 0xf0, 0xe, 0x30, 0x22, 0x26, 0xd2, 0x22,
    0x2f, 0x0, 0xe3, 0x0, 0x88, 0x5c, 0x3c, 0x2,
    0xf0, 0xe, 0x30, 0x1e, 0x35, 0xc0, 0xc7, 0x0,
    0x0, 0xe3, 0xb, 0xa0, 0x5c, 0x4, 0xf1, 0x0,
    0xe, 0x30, 0x61, 0x48, 0xc0, 0x5, 0x4, 0x55,
    0xf3, 0x0, 0xc, 0xf8, 0x0, 0x0, 0x6d, 0xdb,
    0x0,

    /* U+524D "前" */
    0x0, 0x0, 0x22, 0x0, 0x0, 0x52, 0x0, 0x0,
    0x0, 0x0, 0x8d, 0x0, 0x1, 0xf4, 0x0, 0x0,
    0x0, 0x0, 0xd, 0x30, 0x9, 0xb0, 0x0, 0x0,
    0x2e, 0xee, 0xee, 0xee, 0xef, 0xfe, 0xee, 0xe2,
    0x1, 0x11, 0x11, 0x11, 0x11, 0x11, 0x11, 0x10,
    0x0, 0x77, 0x77, 0x73, 0x0, 0x10, 0x19, 0x0,
    0x0, 0xf9, 0x88, 0xc8, 0x6, 0xb0, 0x2f, 0x0,
    0x0, 0xf1, 0x0, 0x88, 0x6, 0xb0, 0x2f, 0x0,
    0x0, 0xfe, 0xee, 0xf8, 0x6, 0xb0, 0x2f, 0x0,
    0x0, 0xf1, 0x0, 0x88, 0x6, 0xb0, 0x2f, 0x0,
    0x0, 0xf8, 0x88, 0xc8, 0x6, 0xb0, 0x2f, 0x0,
    0x0, 0xf7, 0x66, 0xb8, 0x6, 0xb0, 0x2f, 0x0,
    0x0, 0xf1, 0x0, 0x88, 0x1, 0x30, 0x2f, 0x0,
    0x0, 0xf1, 0x13, 0xa8, 0x0, 0x33, 0x5f, 0x0,
    0x0, 0xf1, 0x2d, 0xd4, 0x0, 0x7d, 0xea, 0x0,

    /* U+526F "副" */
    0xf, 0xff, 0xff, 0xff, 0xfa, 0x0, 0x4, 0xd0,
    0x0, 0x0, 0x0, 0x0, 0x0, 0x20, 0x4d, 0x0,
    0x34, 0x44, 0x44, 0x20, 0x5d, 0x4, 0xd0, 0xc,
    0xba, 0xaa, 0xd7, 0x5, 0xd0, 0x4d, 0x0, 0xc5,
    0x0, 0x9, 0x70, 0x5d, 0x4, 0xd0, 0xc, 0xca,
    0xaa, 0xd7, 0x5, 0xd0, 0x4d, 0x0, 0x34, 0x44,
    0x44, 0x20, 0x5d, 0x4, 0xd0, 0x6a, 0xaa, 0xaa,
    0xaa, 0x35, 0xd0, 0x4d, 0x9, 0x94, 0x6e, 0x44,
    0xc5, 0x5d, 0x4, 0xd0, 0x97, 0x14, 0xd1, 0x1b,
    0x55, 0xd0, 0x4d, 0x9, 0xed, 0xdf, 0xdd, 0xf5,
    0x4b, 0x4, 0xd0, 0x97, 0x3, 0xd0, 0xb, 0x50,
    0x0, 0x4d, 0x9, 0xfe, 0xef, 0xee, 0xf5, 0x4,
    0x26, 0xd0, 0x97, 0x0, 0x0, 0xb, 0x50, 0xef,
    0xf8, 0x1, 0x0, 0x0, 0x0, 0x0, 0x0, 0x0,
    0x0,

    /* U+529F "功" */
    0x0, 0x0, 0x0, 0x0, 0x6, 0xc0, 0x0, 0x0,
    0x0, 0x0, 0x0, 0x0, 0x6c, 0x0, 0x0, 0xf,
    0xff, 0xff, 0xa0, 0x6, 0xc0, 0x0, 0x0, 0x22,
    0xc9, 0x25, 0x44, 0x9d, 0x66, 0x62, 0x0, 0xb,
    0x70, 0x9c, 0xce, 0xea, 0xae, 0x50, 0x0, 0xb7,
    0x0, 0x0, 0x7a, 0x0, 0xc5, 0x0, 0xb, 0x70,
    0x0, 0x9, 0x90, 0xc, 0x50, 0x0, 0xb7, 0x0,
    0x0, 0xb6, 0x0, 0xd4, 0x0, 0xb, 0x86, 0xa0,
    0xf, 0x30, 0xd, 0x30, 0x3, 0xdf, 0xb3, 0x5,
    0xe0, 0x0, 0xe2, 0x1d, 0xfa, 0x20, 0x0, 0xd7,
    0x0, 0xf, 0x10, 0x51, 0x0, 0x0, 0xad, 0x0,
    0x3, 0xf0, 0x0, 0x0, 0x1, 0xbe, 0x11, 0x65,
    0xbc, 0x0, 0x0, 0x0, 0xbc, 0x10, 0xb, 0xdc,
    0x30, 0x0, 0x0, 0x1, 0x0, 0x0, 0x0, 0x0,
    0x0,

    /* U+52A0 "加" */
    0x0, 0x5, 0xc0, 0x0, 0x0, 0x0, 0x0, 0x0,
    0x0, 0x5c, 0x0, 0x0, 0x0, 0x0, 0x0, 0x0,
    0x5, 0xc1, 0x11, 0xa, 0xdd, 0xdd, 0x40, 0xdf,
    0xff, 0xff, 0xf0, 0xc7, 0x33, 0xd5, 0x1, 0x16,
    0xb0, 0x1f, 0xc, 0x50, 0xc, 0x50, 0x0, 0x6a,
    0x2, 0xf0, 0xc5, 0x0, 0xc5, 0x0, 0x8, 0x90,
    0x2e, 0xc, 0x50, 0xc, 0x50, 0x0, 0xa8, 0x2,
    0xe0, 0xc5, 0x0, 0xc5, 0x0, 0xc, 0x40, 0x3d,
    0xc, 0x50, 0xc, 0x50, 0x1, 0xf1, 0x4, 0xd0,
    0xc5, 0x0, 0xc5, 0x0, 0x6c, 0x0, 0x5c, 0xc,
    0x50, 0xc, 0x50, 0xd, 0x50, 0x7, 0xa0, 0xc6,
    0x11, 0xc5, 0x7, 0xd0, 0x65, 0xd8, 0xc, 0xff,
    0xff, 0x50, 0xe3, 0x9, 0xcb, 0x10, 0xc5, 0x0,
    0xa4, 0x0, 0x0, 0x0, 0x0, 0x0, 0x0, 0x0,
    0x0,

    /* U+52A8 "动" */
    0x0, 0x0, 0x0, 0x0, 0xb, 0x60, 0x0, 0xf,
    0xff, 0xff, 0x60, 0xb, 0x60, 0x0, 0x1, 0x11,
    0x11, 0x0, 0xb, 0x60, 0x0, 0x0, 0x0, 0x0,
    0x8, 0x9d, 0xdb, 0xb9, 0x12, 0x22, 0x22, 0x17,
    0x8d, 0x96, 0x9c, 0xbf, 0xff, 0xff, 0xe0, 0xc,
    0x50, 0x5c, 0x0, 0xa9, 0x0, 0x0, 0xd, 0x40,
    0x5c, 0x0, 0xe4, 0x43, 0x0, 0xe, 0x30, 0x5b,
    0x2, 0xf0, 0x7c, 0x0, 0x1f, 0x10, 0x6b, 0x8,
    0xa0, 0xe, 0x30, 0x5d, 0x0, 0x7a, 0xe, 0x54,
    0x9e, 0xa0, 0xb8, 0x0, 0x89, 0x7f, 0xfc, 0x74,
    0xe4, 0xf2, 0x0, 0xa8, 0x25, 0x10, 0x0, 0x4e,
    0x72, 0x33, 0xe5, 0x0, 0x0, 0x0, 0xda, 0x4,
    0xef, 0xc0, 0x0, 0x0, 0x0, 0x20, 0x0, 0x0,
    0x0,

    /* U+52A9 "助" */
    0x0, 0x0, 0x0, 0x0, 0x0, 0xc5, 0x0, 0x0,
    0xe, 0xee, 0xee, 0x10, 0xc, 0x50, 0x0, 0x0,
    0xf1, 0x0, 0xe2, 0x0, 0xc5, 0x0, 0x0, 0xf,
    0x0, 0xe, 0x4b, 0xbf, 0xed, 0xda, 0x0, 0xfe,
    0xee, 0xf3, 0x44, 0xd5, 0x16, 0xc0, 0xf, 0x10,
    0xe, 0x20, 0xd, 0x40, 0x5c, 0x0, 0xf0, 0x0,
    0xe2, 0x0, 0xe2, 0x6, 0xb0, 0xf, 0xbb, 0xbf,
    0x20, 0xf, 0x10, 0x6b, 0x0, 0xf3, 0x33, 0xf2,
    0x4, 0xe0, 0x7, 0xa0, 0xf, 0x0, 0xe, 0x20,
    0x9a, 0x0, 0x8a, 0x0, 0xf0, 0x15, 0xfe, 0x3e,
    0x50, 0x9, 0x91, 0x7f, 0xdf, 0xc7, 0x28, 0xd0,
    0x0, 0xa7, 0xb, 0x84, 0x10, 0x4, 0xf3, 0x23,
    0x3e, 0x50, 0x0, 0x0, 0x2, 0xf6, 0x4, 0xef,
    0xc1, 0x0, 0x0, 0x0, 0x2, 0x0, 0x0, 0x0,
    0x0,

    /* U+5305 "包" */
    0x0, 0x0, 0x0, 0x0, 0x0, 0x0, 0x0, 0x0,
    0xa, 0x80, 0x0, 0x0, 0x0, 0x0, 0x0, 0x2f,
    0x41, 0x11, 0x11, 0x11, 0x0, 0x0, 0xbf, 0xff,
    0xff, 0xff, 0xff, 0x70, 0x6, 0xf2, 0x0, 0x0,
    0x0, 0xb, 0x70, 0x4f, 0xeb, 0xbb, 0xbb, 0xa0,
    0xc, 0x60, 0xb9, 0xf4, 0x44, 0x46, 0xe0, 0xc,
    0x60, 0x11, 0xf1, 0x0, 0x3, 0xe0, 0xd, 0x50,
    0x1, 0xf4, 0x33, 0x35, 0xe0, 0xf, 0x30, 0x1,
    0xfd, 0xcc, 0xcc, 0xb0, 0xf, 0x20, 0x1, 0xf1,
    0x0, 0x0, 0x44, 0x8f, 0x0, 0x1, 0xf1, 0x0,
    0x0, 0x6c, 0xc6, 0x47, 0x1, 0xf1, 0x0, 0x0,
    0x0, 0x0, 0x7c, 0x0, 0xf9, 0x55, 0x55, 0x55,
    0x57, 0xe9, 0x0, 0x6b, 0xcd, 0xdd, 0xdd, 0xcb,
    0x81,

    /* U+5308 "匈" */
    0x0, 0x0, 0x0, 0x0, 0x0, 0x0, 0x0, 0x0,
    0x0, 0xc, 0x50, 0x0, 0x0, 0x0, 0x0, 0x0,
    0x2, 0xf3, 0x11, 0x11, 0x11, 0x11, 0x0, 0x0,
    0xaf, 0xff, 0xff, 0xff, 0xff, 0xf5, 0x0, 0x2f,
    0x30, 0x0, 0x0, 0x0, 0xc, 0x50, 0xc, 0x90,
    0x0, 0x1b, 0x0, 0x0, 0xc5, 0x8, 0xda, 0x3b,
    0x17, 0xa0, 0x91, 0xd, 0x51, 0xe2, 0xe2, 0x7e,
    0xe3, 0xe, 0x20, 0xd5, 0x1, 0xe, 0x20, 0xbf,
    0x30, 0xe2, 0xd, 0x40, 0x0, 0xe2, 0x7d, 0x5f,
    0x4e, 0x20, 0xe3, 0x0, 0xe, 0x8d, 0x10, 0x54,
    0xe2, 0xf, 0x30, 0x0, 0xe6, 0x54, 0x44, 0x4f,
    0x20, 0xf2, 0x0, 0xa, 0xbb, 0xbb, 0xbb, 0xb1,
    0x2f, 0x0, 0x0, 0x0, 0x0, 0x1, 0x43, 0x3a,
    0xd0, 0x0, 0x0, 0x0, 0x0, 0x2e, 0xff, 0xe5,
    0x0,

    /* U+5316 "化" */
    0x0, 0x0, 0x0, 0x0, 0x0, 0x0, 0x0, 0x0,
    0x0, 0x1e, 0x20, 0xe4, 0x0, 0x0, 0x0, 0x0,
    0x6, 0xd0, 0xe, 0x40, 0x0, 0x0, 0x0, 0x0,
    0xd6, 0x0, 0xe4, 0x0, 0x5, 0x0, 0x0, 0x5f,
    0x0, 0xe, 0x40, 0x9, 0xe3, 0x0, 0xd, 0xe0,
    0x0, 0xe4, 0x1b, 0xe2, 0x0, 0x8, 0xfe, 0x0,
    0xe, 0x9f, 0xa1, 0x0, 0x4, 0xf6, 0xe0, 0x5,
    0xfe, 0x50, 0x0, 0x0, 0xa6, 0x3e, 0x3e, 0xdf,
    0x40, 0x0, 0x0, 0x0, 0x3, 0xe0, 0x30, 0xe4,
    0x0, 0x0, 0x0, 0x0, 0x3e, 0x0, 0xe, 0x40,
    0x0, 0x9, 0x0, 0x3, 0xe0, 0x0, 0xe4, 0x0,
    0x2, 0xf1, 0x0, 0x3e, 0x0, 0xe, 0x40, 0x0,
    0x6f, 0x0, 0x3, 0xe0, 0x0, 0xbf, 0xdd, 0xdf,
    0xa0, 0x0, 0x3e, 0x0, 0x0, 0x45, 0x55, 0x30,
    0x0,

    /* U+5339 "匹" */
    0x2f, 0xff, 0xff, 0xff, 0xff, 0xff, 0xf6, 0x2,
    0xf2, 0x14, 0xf1, 0x1f, 0x41, 0x11, 0x0, 0x2f,
    0x10, 0x3e, 0x0, 0xf2, 0x0, 0x0, 0x2, 0xf1,
    0x3, 0xe0, 0xf, 0x20, 0x0, 0x0, 0x2f, 0x10,
    0x5c, 0x0, 0xf2, 0x0, 0x0, 0x2, 0xf1, 0x7,
    0xa0, 0xf, 0x20, 0x2, 0x0, 0x2f, 0x10, 0xb7,
    0x0, 0xf2, 0x0, 0xe4, 0x2, 0xf1, 0x4f, 0x10,
    0xf, 0x74, 0x6f, 0x20, 0x2f, 0x5f, 0x50, 0x0,
    0x7d, 0xdc, 0x80, 0x2, 0xf3, 0x50, 0x0, 0x0,
    0x0, 0x0, 0x0, 0x2f, 0x10, 0x0, 0x0, 0x0,
    0x0, 0x0, 0x2, 0xff, 0xff, 0xff, 0xff, 0xff,
    0xff, 0xf0, 0x2, 0x22, 0x22, 0x22, 0x22, 0x22,
    0x22, 0x0,

    /* U+533A "区" */
    0x0, 0x0, 0x0, 0x0, 0x0, 0x0, 0xf, 0xff,
    0xff, 0xff, 0xff, 0xff, 0xf3, 0xf3, 0x0, 0x0,
    0x0, 0x2, 0x0, 0xf, 0x34, 0xb1, 0x0, 0x0,
    0xd7, 0x0, 0xf3, 0xa, 0xe3, 0x0, 0x9c, 0x0,
    0xf, 0x30, 0x8, 0xf5, 0x5f, 0x20, 0x0, 0xf3,
    0x0, 0x6, 0xff, 0x50, 0x0, 0xf, 0x30, 0x0,
    0x2e, 0xf7, 0x0, 0x0, 0xf3, 0x0, 0x2e, 0x84,
    0xf8, 0x0, 0xf, 0x30, 0x5f, 0x70, 0x4, 0xf8,
    0x0, 0xf3, 0x9f, 0x50, 0x0, 0x4, 0xf2, 0xf,
    0x33, 0x10, 0x0, 0x0, 0x0, 0x0, 0xfd, 0xcc,
    0xcc, 0xcc, 0xcc, 0xcc, 0x74, 0x55, 0x55, 0x55,
    0x55, 0x55, 0x52,

    /* U+5347 "升" */
    0x0, 0x0, 0x0, 0x3b, 0x70, 0xd6, 0x0, 0x0,
    0x0, 0x16, 0xcf, 0x81, 0xd, 0x60, 0x0, 0x0,
    0xdf, 0xbe, 0x50, 0x0, 0xd6, 0x0, 0x0, 0x2,
    0x0, 0xd5, 0x0, 0xd, 0x60, 0x0, 0x0, 0x0,
    0xd, 0x50, 0x0, 0xd6, 0x0, 0x0, 0x11, 0x11,
    0xd6, 0x11, 0x1d, 0x61, 0x11, 0xf, 0xff, 0xff,
    0xff, 0xff, 0xff, 0xff, 0xf0, 0x0, 0x0, 0xe5,
    0x0, 0xb, 0x80, 0x0, 0x0, 0x0, 0xf, 0x30,
    0x0, 0xb8, 0x0, 0x0, 0x0, 0x3, 0xf0, 0x0,
    0xb, 0x80, 0x0, 0x0, 0x0, 0x9b, 0x0, 0x0,
    0xb8, 0x0, 0x0, 0x0, 0x4f, 0x30, 0x0, 0xb,
    0x80, 0x0, 0x0, 0x7f, 0x60, 0x0, 0x0, 0xb8,
    0x0, 0x0, 0x6e, 0x50, 0x0, 0x0, 0xb, 0x80,
    0x0, 0x0, 0x0, 0x0, 0x0, 0x0, 0x0, 0x0,
    0x0,

    /* U+534A "半" */
    0x0, 0x0, 0x0, 0xb8, 0x0, 0x1, 0x0, 0x2,
    0xd1, 0x0, 0xb8, 0x0, 0x3f, 0x10, 0x0, 0xbb,
    0x0, 0xb8, 0x0, 0xb9, 0x0, 0x0, 0x2f, 0x40,
    0xb8, 0x5, 0xe1, 0x0, 0x0, 0x5, 0x10, 0xb8,
    0x4, 0x40, 0x0, 0xd, 0xdd, 0xdd, 0xfe, 0xdd,
    0xdd, 0xd0, 0x3, 0x33, 0x33, 0xc9, 0x33, 0x33,
    0x20, 0x0, 0x0, 0x0, 0xb8, 0x0, 0x0, 0x0,
    0x33, 0x33, 0x33, 0xc9, 0x33, 0x33, 0x32, 0xcd,
    0xdd, 0xdd, 0xfe, 0xdd, 0xdd, 0xda, 0x0, 0x0,
    0x0, 0xb8, 0x0, 0x0, 0x0, 0x0, 0x0, 0x0,
    0xb8, 0x0, 0x0, 0x0, 0x0, 0x0, 0x0, 0xb8,
    0x0, 0x0, 0x0, 0x0, 0x0, 0x0, 0xb8, 0x0,
    0x0, 0x0,

    /* U+534F "协" */
    0x0, 0x3e, 0x0, 0x0, 0x1f, 0x10, 0x0, 0x0,
    0x0, 0x3e, 0x0, 0x0, 0x1f, 0x10, 0x0, 0x0,
    0x0, 0x3e, 0x0, 0x0, 0x1f, 0x21, 0x10, 0x0,
    0x4e, 0xef, 0xed, 0x6f, 0xff, 0xff, 0xf0, 0x0,
    0x2, 0x5e, 0x22, 0x12, 0x4f, 0x1, 0xf0, 0x0,
    0x0, 0x3e, 0x0, 0x31, 0x3e, 0x1, 0xf4, 0x30,
    0x0, 0x3e, 0x0, 0xb7, 0x5c, 0x2, 0xf8, 0x90,
    0x0, 0x3e, 0x1, 0xf2, 0x7a, 0x2, 0xf4, 0xd0,
    0x0, 0x3e, 0x9, 0xb0, 0xc6, 0x3, 0xe1, 0xf1,
    0x0, 0x3e, 0x2f, 0x42, 0xf1, 0x3, 0xe0, 0xf4,
    0x0, 0x3e, 0x6, 0xa, 0xb0, 0x4, 0xd0, 0xb4,
    0x0, 0x3e, 0x0, 0x5f, 0x20, 0x6, 0xb0, 0x0,
    0x0, 0x3e, 0x5, 0xf6, 0x5, 0x3b, 0x90, 0x0,
    0x0, 0x3e, 0x1f, 0x70, 0xc, 0xfe, 0x30, 0x0,
    0x0, 0x0, 0x2, 0x0, 0x0, 0x0, 0x0, 0x0,

    /* U+5355 "单" */
    0x0, 0x0, 0x67, 0x0, 0x0, 0xa4, 0x0, 0x0,
    0x0, 0x0, 0x3f, 0x30, 0x6, 0xf2, 0x0, 0x0,
    0x0, 0x0, 0x8, 0x50, 0x1e, 0x60, 0x0, 0x0,
    0x0, 0x4f, 0xee, 0xef, 0xfe, 0xee, 0xf4, 0x0,
    0x0, 0x4d, 0x0, 0x9, 0x80, 0x0, 0xd4, 0x0,
    0x0, 0x4f, 0xee, 0xef, 0xfe, 0xee, 0xf4, 0x0,
    0x0, 0x4d, 0x0, 0x9, 0x80, 0x0, 0xd4, 0x0,
    0x0, 0x4d, 0x0, 0x9, 0x80, 0x0, 0xd4, 0x0,
    0x0, 0x4e, 0xee, 0xef, 0xfe, 0xee, 0xe4, 0x0,
    0x0, 0x0, 0x0, 0xa, 0x80, 0x0, 0x0, 0x0,
    0x1f, 0xff, 0xff, 0xff, 0xff, 0xff, 0xff, 0xf1,
    0x1, 0x11, 0x11, 0x1a, 0x81, 0x11, 0x11, 0x10,
    0x0, 0x0, 0x0, 0xa, 0x80, 0x0, 0x0, 0x0,
    0x0, 0x0, 0x0, 0xa, 0x80, 0x0, 0x0, 0x0,

    /* U+5361 "卡" */
    0x0, 0x0, 0x2, 0xf0, 0x0, 0x0, 0x0, 0x0,
    0x0, 0x2, 0xf0, 0x0, 0x0, 0x0, 0x0, 0x0,
    0x2, 0xff, 0xff, 0xff, 0x20, 0x0, 0x0, 0x2,
    0xf1, 0x11, 0x11, 0x0, 0x0, 0x0, 0x2, 0xf0,
    0x0, 0x0, 0x0, 0x45, 0x55, 0x56, 0xf5, 0x55,
    0x55, 0x53, 0xbc, 0xcc, 0xcc, 0xfc, 0xcc, 0xcc,
    0xc9, 0x0, 0x0, 0x2, 0xf0, 0x0, 0x0, 0x0,
    0x0, 0x0, 0x2, 0xfc, 0x71, 0x0, 0x0, 0x0,
    0x0, 0x2, 0xf5, 0xbf, 0xa4, 0x0, 0x0, 0x0,
    0x2, 0xf0, 0x2, 0x9f, 0x40, 0x0, 0x0, 0x2,
    0xf0, 0x0, 0x0, 0x0, 0x0, 0x0, 0x2, 0xf0,
    0x0, 0x0, 0x0, 0x0, 0x0, 0x2, 0xf0, 0x0,
    0x0, 0x0,

    /* U+536B "卫" */
    0xa, 0xdd, 0xdd, 0xdd, 0xdd, 0xdd, 0x40, 0x2,
    0x33, 0x3c, 0xa3, 0x33, 0x3d, 0x50, 0x0, 0x0,
    0xb, 0x80, 0x0, 0xd, 0x40, 0x0, 0x0, 0xb,
    0x80, 0x0, 0xd, 0x40, 0x0, 0x0, 0xb, 0x80,
    0x0, 0xe, 0x30, 0x0, 0x0, 0xb, 0x80, 0x0,
    0xf, 0x20, 0x0, 0x0, 0xb, 0x80, 0x10, 0x5f,
    0x0, 0x0, 0x0, 0xb, 0x80, 0xff, 0xf9, 0x0,
    0x0, 0x0, 0xb, 0x80, 0x12, 0x20, 0x0, 0x0,
    0x0, 0xb, 0x80, 0x0, 0x0, 0x0, 0x22, 0x22,
    0x2b, 0x92, 0x22, 0x22, 0x21, 0xef, 0xff, 0xff,
    0xff, 0xff, 0xff, 0xf7,

    /* U+538B "压" */
    0x0, 0x11, 0x11, 0x11, 0x11, 0x11, 0x11, 0x0,
    0xe, 0xff, 0xff, 0xff, 0xff, 0xff, 0xf2, 0x0,
    0xe5, 0x0, 0x0, 0x62, 0x0, 0x0, 0x0, 0xe,
    0x50, 0x0, 0xd, 0x50, 0x0, 0x0, 0x0, 0xe4,
    0x0, 0x0, 0xd5, 0x0, 0x0, 0x0, 0xe, 0x40,
    0x0, 0xd, 0x50, 0x0, 0x0, 0x0, 0xe4, 0x44,
    0x44, 0xe8, 0x44, 0x43, 0x0, 0xf, 0x4b, 0xcc,
    0xcf, 0xdc, 0xcc, 0x80, 0x0, 0xf3, 0x0, 0x0,
    0xd5, 0x15, 0x0, 0x0, 0x2f, 0x10, 0x0, 0xd,
    0x53, 0xf6, 0x0, 0x5, 0xf0, 0x0, 0x0, 0xd5,
    0x4, 0xf2, 0x0, 0x9b, 0x0, 0x0, 0xd, 0x50,
    0x2, 0x0, 0xe, 0x6c, 0xff, 0xff, 0xff, 0xff,
    0xff, 0xc0, 0xa0, 0x22, 0x22, 0x22, 0x22, 0x22,
    0x22,

    /* U+539F "原" */
    0x0, 0x11, 0x11, 0x11, 0x11, 0x11, 0x11, 0x0,
    0xe, 0xff, 0xff, 0xff, 0xff, 0xff, 0xfb, 0x0,
    0xe4, 0x0, 0x0, 0xc6, 0x0, 0x0, 0x0, 0xe,
    0x42, 0xcc, 0xcf, 0xcc, 0xcc, 0x20, 0x0, 0xe4,
    0x2e, 0x22, 0x22, 0x22, 0xe3, 0x0, 0xe, 0x42,
    0xe0, 0x0, 0x0, 0xe, 0x30, 0x0, 0xf3, 0x2f,
    0xee, 0xee, 0xee, 0xf3, 0x0, 0xf, 0x32, 0xe0,
    0x0, 0x0, 0xe, 0x30, 0x0, 0xf2, 0x2f, 0xee,
    0xee, 0xee, 0xf3, 0x0, 0x2f, 0x10, 0x2, 0x3,
    0xe0, 0x40, 0x0, 0x5, 0xf0, 0xa, 0xc0, 0x3e,
    0xa, 0xd2, 0x0, 0x9b, 0x7, 0xf2, 0x3, 0xe0,
    0xa, 0xe1, 0xe, 0x66, 0xf4, 0x12, 0x5e, 0x0,
    0xb, 0x81, 0xb0, 0x14, 0x3, 0xef, 0xa0, 0x0,
    0x0, 0x0, 0x0, 0x0, 0x0, 0x0, 0x0, 0x0,
    0x0,

    /* U+53C2 "参" */
    0x0, 0x0, 0x0, 0x0, 0x0, 0x0, 0x0, 0x0,
    0x0, 0x0, 0x0, 0xc7, 0x0, 0x0, 0x0, 0x0,
    0x0, 0x0, 0x1c, 0xa0, 0x4, 0xd3, 0x0, 0x0,
    0x0, 0x3, 0xd9, 0x22, 0x33, 0x9f, 0x70, 0x0,
    0x0, 0x1f, 0xfe, 0xfe, 0xcb, 0xa8, 0xd6, 0x0,
    0x0, 0x1, 0x0, 0xd5, 0x0, 0x0, 0x10, 0x0,
    0xe, 0xee, 0xef, 0xfe, 0xef, 0xfe, 0xee, 0xe0,
    0x0, 0x0, 0x5e, 0x10, 0x21, 0xe7, 0x0, 0x0,
    0x0, 0x7, 0xe2, 0x1b, 0xb0, 0x2d, 0xb2, 0x0,
    0x3, 0xcc, 0x26, 0xe9, 0x8, 0x90, 0x9f, 0x91,
    0x1e, 0x77, 0xec, 0x32, 0xbd, 0x13, 0x42, 0x90,
    0x0, 0x2, 0x23, 0x9f, 0x80, 0x4f, 0x70, 0x0,
    0x0, 0x6, 0xfd, 0x81, 0x1a, 0xe5, 0x0, 0x0,
    0x0, 0x0, 0x11, 0x5b, 0xf9, 0x10, 0x0, 0x0,
    0x0, 0x7, 0xef, 0xc6, 0x10, 0x0, 0x0, 0x0,
    0x0, 0x1, 0x30, 0x0, 0x0, 0x0, 0x0, 0x0,

    /* U+53C9 "叉" */
    0x1f, 0xff, 0xff, 0xff, 0xff, 0xfe, 0x20, 0x0,
    0x2a, 0xa2, 0x22, 0x22, 0x28, 0xe0, 0x0, 0x0,
    0x4e, 0x5, 0xc0, 0x0, 0xb9, 0x0, 0x0, 0x0,
    0xd6, 0xc, 0xb0, 0x2f, 0x20, 0x0, 0x0, 0x5,
    0xe0, 0x1e, 0x3a, 0xa0, 0x0, 0x0, 0x0, 0xc,
    0xa0, 0x4, 0xf1, 0x0, 0x0, 0x0, 0x0, 0x2e,
    0x82, 0xe6, 0x0, 0x0, 0x0, 0x0, 0x0, 0x3f,
    0xe9, 0x0, 0x0, 0x0, 0x0, 0x0, 0x4, 0xef,
    0xc3, 0x0, 0x0, 0x0, 0x0, 0x19, 0xf7, 0x1b,
    0xf9, 0x20, 0x0, 0x2, 0x9f, 0xc2, 0x0, 0x5,
    0xdf, 0xb5, 0xa, 0xfc, 0x50, 0x0, 0x0, 0x0,
    0x6d, 0x90, 0x22, 0x0, 0x0, 0x0, 0x0, 0x0,
    0x0, 0x0,

    /* U+53CA "及" */
    0x9, 0xff, 0xff, 0xff, 0xff, 0x50, 0x0, 0x0,
    0x0, 0x3f, 0x0, 0x1, 0xf4, 0x0, 0x0, 0x0,
    0x3, 0xf0, 0x0, 0x5f, 0x0, 0x0, 0x0, 0x0,
    0x4f, 0x40, 0xa, 0xa0, 0x0, 0x0, 0x0, 0x5,
    0xfa, 0x1, 0xf5, 0x0, 0x0, 0x0, 0x0, 0x6e,
    0xf1, 0x6f, 0xff, 0xf6, 0x0, 0x0, 0x8, 0xaa,
    0x90, 0x0, 0x2f, 0x10, 0x0, 0x0, 0xb8, 0x2f,
    0x30, 0x9, 0xa0, 0x0, 0x0, 0xf, 0x40, 0x7d,
    0x13, 0xf2, 0x0, 0x0, 0x6, 0xe0, 0x0, 0xac,
    0xd7, 0x0, 0x0, 0x0, 0xd8, 0x0, 0x2, 0xff,
    0x40, 0x0, 0x0, 0x7e, 0x10, 0x5, 0xfa, 0x7f,
    0xa2, 0x0, 0x4f, 0x50, 0x5c, 0xf6, 0x0, 0x3c,
    0xfb, 0x6, 0x70, 0x2e, 0x81, 0x0, 0x0, 0x4,
    0x70, 0x0, 0x0, 0x0, 0x0, 0x0, 0x0, 0x0,
    0x0,

    /* U+53CC "双" */
    0x9f, 0xff, 0xfd, 0x6f, 0xff, 0xff, 0xf5, 0x1,
    0x11, 0x14, 0xe0, 0x7a, 0x11, 0x1e, 0x50, 0x7,
    0x0, 0x5c, 0x4, 0xc0, 0x0, 0xf2, 0x0, 0xd8,
    0x7, 0xa0, 0x1f, 0x0, 0x3e, 0x0, 0x2, 0xf4,
    0xb7, 0x0, 0xd3, 0x7, 0xa0, 0x0, 0x6, 0xee,
    0x30, 0x8, 0x90, 0xc5, 0x0, 0x0, 0xc, 0xf0,
    0x0, 0x2e, 0x3f, 0x0, 0x0, 0x0, 0xaf, 0x30,
    0x0, 0xbe, 0x80, 0x0, 0x0, 0x2f, 0xbc, 0x0,
    0x5, 0xf4, 0x0, 0x0, 0xc, 0xa0, 0xe6, 0x1,
    0xec, 0xd1, 0x0, 0x8, 0xe1, 0x6, 0x61, 0xd9,
    0xb, 0xc1, 0x8, 0xf3, 0x0, 0x4, 0xeb, 0x0,
    0x1c, 0xe1, 0x63, 0x0, 0x0, 0xc8, 0x0, 0x0,
    0x8, 0x0, 0x0, 0x0, 0x0, 0x0, 0x0, 0x0,
    0x0,

    /* U+53CD "反" */
    0x0, 0x0, 0x0, 0x1, 0x35, 0x7a, 0x40, 0x1,
    0xcd, 0xef, 0xff, 0xec, 0xa8, 0x50, 0x1, 0xf4,
    0x21, 0x0, 0x0, 0x0, 0x0, 0x1, 0xf1, 0x0,
    0x0, 0x0, 0x0, 0x0, 0x1, 0xf4, 0x33, 0x33,
    0x33, 0x32, 0x0, 0x1, 0xfd, 0xfe, 0xdd, 0xdd,
    0xef, 0x10, 0x2, 0xf1, 0x6c, 0x0, 0x0, 0x7c,
    0x0, 0x2, 0xf0, 0xe, 0x40, 0x0, 0xe4, 0x0,
    0x3, 0xf0, 0x5, 0xd0, 0x8, 0xc0, 0x0, 0x6,
    0xd0, 0x0, 0xab, 0x4e, 0x20, 0x0, 0xa, 0xb0,
    0x0, 0xc, 0xf6, 0x0, 0x0, 0xe, 0x60, 0x0,
    0x7f, 0xce, 0x50, 0x0, 0x7f, 0x10, 0x6d, 0xd3,
    0x6, 0xfd, 0x71, 0xb6, 0x1e, 0xd7, 0x0, 0x0,
    0x18, 0xe5, 0x0, 0x2, 0x0, 0x0, 0x0, 0x0,
    0x0,

    /* U+53D1 "发" */
    0x0, 0x0, 0x0, 0x1, 0x0, 0x0, 0x0, 0x0,
    0x0, 0x8, 0x20, 0x2f, 0x0, 0x77, 0x0, 0x0,
    0x0, 0x2f, 0x10, 0x5d, 0x0, 0x2e, 0x70, 0x0,
    0x0, 0x7b, 0x0, 0x89, 0x0, 0x3, 0x90, 0x0,
    0x0, 0xde, 0xdd, 0xfe, 0xdd, 0xdd, 0xdd, 0x60,
    0x0, 0x33, 0x35, 0xf4, 0x33, 0x33, 0x33, 0x10,
    0x0, 0x0, 0x7, 0xc0, 0x0, 0x0, 0x0, 0x0,
    0x0, 0x0, 0xd, 0xec, 0xcc, 0xcc, 0xb1, 0x0,
    0x0, 0x0, 0x6e, 0xf7, 0x44, 0x49, 0xe0, 0x0,
    0x0, 0x1, 0xe6, 0x5e, 0x10, 0x1f, 0x50, 0x0,
    0x0, 0xc, 0xb0, 0x8, 0xe3, 0xd9, 0x0, 0x0,
    0x0, 0xae, 0x10, 0x0, 0xaf, 0xd0, 0x0, 0x0,
    0xb, 0xe2, 0x0, 0x19, 0xfa, 0xec, 0x40, 0x0,
    0x5, 0x10, 0x4a, 0xfc, 0x30, 0x19, 0xfe, 0x80,
    0x0, 0x3, 0xe9, 0x30, 0x0, 0x0, 0x17, 0x90,
    0x0, 0x0, 0x0, 0x0, 0x0, 0x0, 0x0, 0x0,

    /* U+53D6 "取" */
    0xf, 0xff, 0xff, 0xff, 0x40, 0x0, 0x0, 0x0,
    0x0, 0xb6, 0x0, 0xf3, 0x77, 0x77, 0x76, 0x0,
    0x0, 0xb5, 0x0, 0xf6, 0xff, 0xff, 0xff, 0x40,
    0x0, 0xb6, 0x0, 0xf1, 0x6c, 0x11, 0x1f, 0x10,
    0x0, 0xbf, 0xee, 0xf1, 0x2f, 0x0, 0x4d, 0x0,
    0x0, 0xb5, 0x0, 0xf1, 0xf, 0x30, 0x79, 0x0,
    0x0, 0xb6, 0x1, 0xf1, 0xa, 0x80, 0xc5, 0x0,
    0x0, 0xbf, 0xee, 0xf1, 0x5, 0xe2, 0xf0, 0x0,
    0x0, 0xb5, 0x0, 0xf1, 0x0, 0xec, 0xa0, 0x0,
    0x0, 0xb5, 0x0, 0xf6, 0x50, 0x6f, 0x40, 0x0,
    0x14, 0xdb, 0xce, 0xfa, 0x40, 0xaf, 0xa0, 0x0,
    0x2c, 0x96, 0x31, 0xf1, 0x7, 0xe2, 0xda, 0x0,
    0x0, 0x0, 0x0, 0xf1, 0x9e, 0x20, 0x1d, 0xc1,
    0x0, 0x0, 0x0, 0xf6, 0xd2, 0x0, 0x1, 0x80,
    0x0, 0x0, 0x0, 0x0, 0x0, 0x0, 0x0, 0x0,

    /* U+53D8 "变" */
    0x0, 0x0, 0x0, 0x10, 0x0, 0x0, 0x0, 0x0,
    0x0, 0x0, 0xe, 0x60, 0x0, 0x0, 0x0, 0x0,
    0x0, 0x0, 0x4f, 0x20, 0x0, 0x0, 0x4, 0xff,
    0xff, 0xff, 0xff, 0xff, 0xff, 0xb0, 0x0, 0x1,
    0x1f, 0x0, 0xb6, 0x0, 0x0, 0x0, 0x7, 0xc1,
    0xf0, 0xb, 0x68, 0xc1, 0x0, 0x3, 0xf3, 0x1f,
    0x0, 0xb6, 0xb, 0xd1, 0x4, 0xf5, 0x0, 0xb0,
    0x8, 0x40, 0xc, 0xb0, 0x14, 0x4d, 0xdd, 0xdd,
    0xdd, 0xd4, 0x13, 0x0, 0x0, 0x3e, 0x51, 0x11,
    0x8e, 0x10, 0x0, 0x0, 0x0, 0x4e, 0x40, 0x7e,
    0x30, 0x0, 0x0, 0x0, 0x0, 0x3e, 0xcd, 0x20,
    0x0, 0x0, 0x0, 0x0, 0x28, 0xed, 0xe7, 0x20,
    0x0, 0x0, 0x48, 0xbf, 0xa2, 0x4, 0xaf, 0xeb,
    0x70, 0x3e, 0xa6, 0x10, 0x0, 0x0, 0x5, 0x96,
    0x0, 0x0, 0x0, 0x0, 0x0, 0x0, 0x0, 0x0,

    /* U+53E0 "叠" */
    0x0, 0xc, 0xce, 0xcc, 0xcc, 0xff, 0x60, 0x0,
    0x0, 0x0, 0x2a, 0xcc, 0x9c, 0xb3, 0x0, 0x0,
    0x0, 0x39, 0xbc, 0xc9, 0x68, 0xdc, 0x10, 0x0,
    0x6, 0xad, 0xba, 0xa8, 0x3a, 0xaa, 0xaa, 0x40,
    0x1, 0x9a, 0x55, 0xe6, 0xa, 0x94, 0x6e, 0x30,
    0x0, 0x1b, 0xff, 0xa1, 0x2, 0xbf, 0xf8, 0x0,
    0xa, 0xd9, 0x32, 0xa3, 0x3d, 0x94, 0x3a, 0xa0,
    0x9, 0x99, 0x99, 0x99, 0x99, 0x99, 0x99, 0x90,
    0xf, 0x65, 0x66, 0x66, 0x66, 0x66, 0x56, 0xf0,
    0xb, 0x13, 0xfa, 0xaa, 0xaa, 0xaf, 0x21, 0xa0,
    0x0, 0x3, 0xfa, 0xaa, 0xaa, 0xaf, 0x20, 0x0,
    0x0, 0x3, 0xfb, 0xbb, 0xbb, 0xbf, 0x20, 0x0,
    0x0, 0x3, 0xe0, 0x0, 0x0, 0xe, 0x20, 0x0,
    0x2e, 0xee, 0xfe, 0xee, 0xee, 0xef, 0xee, 0xe2,

    /* U+53E3 "口" */
    0x2, 0x22, 0x22, 0x22, 0x22, 0x22, 0x5f, 0xff,
    0xff, 0xff, 0xff, 0xfe, 0x5e, 0x0, 0x0, 0x0,
    0x0, 0x5e, 0x5e, 0x0, 0x0, 0x0, 0x0, 0x5e,
    0x5e, 0x0, 0x0, 0x0, 0x0, 0x5e, 0x5e, 0x0,
    0x0, 0x0, 0x0, 0x5e, 0x5e, 0x0, 0x0, 0x0,
    0x0, 0x5e, 0x5e, 0x0, 0x0, 0x0, 0x0, 0x5e,
    0x5e, 0x0, 0x0, 0x0, 0x0, 0x5e, 0x5e, 0x11,
    0x11, 0x11, 0x11, 0x6e, 0x5f, 0xff, 0xff, 0xff,
    0xff, 0xfe, 0x5e, 0x0, 0x0, 0x0, 0x0, 0x5e,
    0x14, 0x0, 0x0, 0x0, 0x0, 0x13,

    /* U+53E6 "另" */
    0x0, 0x0, 0x0, 0x0, 0x0, 0x0, 0x0, 0xe,
    0xff, 0xff, 0xff, 0xff, 0x50, 0x0, 0xe3, 0x0,
    0x0, 0x0, 0xc5, 0x0, 0xe, 0x30, 0x0, 0x0,
    0xc, 0x50, 0x0, 0xe3, 0x0, 0x0, 0x0, 0xc5,
    0x0, 0xe, 0xff, 0xff, 0xff, 0xff, 0x50, 0x0,
    0x0, 0x0, 0x81, 0x0, 0x0, 0x0, 0x0, 0x0,
    0xf, 0x31, 0x11, 0x11, 0x5f, 0xff, 0xff, 0xff,
    0xff, 0xff, 0xc0, 0x11, 0x11, 0x5e, 0x0, 0x0,
    0x6b, 0x0, 0x0, 0xa, 0x90, 0x0, 0x8, 0xa0,
    0x0, 0x8, 0xe1, 0x0, 0x0, 0xa8, 0x0, 0x5d,
    0xe3, 0x2, 0x32, 0x3e, 0x62, 0xef, 0x81, 0x0,
    0x4e, 0xff, 0xc1, 0x3, 0x0, 0x0, 0x0, 0x0,
    0x0, 0x0,

    /* U+53EA "只" */
    0x0, 0x0, 0x0, 0x0, 0x0, 0x0, 0x0, 0x1,
    0xff, 0xff, 0xff, 0xff, 0xff, 0x10, 0x1, 0xf2,
    0x0, 0x0, 0x0, 0x2f, 0x10, 0x1, 0xf2, 0x0,
    0x0, 0x0, 0x2f, 0x10, 0x1, 0xf2, 0x0, 0x0,
    0x0, 0x2f, 0x10, 0x1, 0xf2, 0x0, 0x0, 0x0,
    0x2f, 0x10, 0x1, 0xf2, 0x0, 0x0, 0x0, 0x2f,
    0x10, 0x1, 0xff, 0xff, 0xff, 0xff, 0xff, 0x10,
    0x0, 0x11, 0x11, 0x11, 0x11, 0x11, 0x0, 0x0,
    0x0, 0xb3, 0x0, 0x8b, 0x10, 0x0, 0x0, 0xb,
    0xc0, 0x0, 0x1b, 0xe3, 0x0, 0x2, 0xcd, 0x10,
    0x0, 0x0, 0x9f, 0x50, 0x7f, 0xa0, 0x0, 0x0,
    0x0, 0x9, 0xf4, 0x45, 0x0, 0x0, 0x0, 0x0,
    0x0, 0x40,

    /* U+53EF "可" */
    0xef, 0xff, 0xff, 0xff, 0xff, 0xff, 0xfe, 0x11,
    0x11, 0x11, 0x11, 0x11, 0x8c, 0x11, 0x0, 0x0,
    0x0, 0x0, 0x0, 0x7c, 0x0, 0x0, 0x9b, 0xbb,
    0xbb, 0x20, 0x7c, 0x0, 0x0, 0xd7, 0x44, 0x4f,
    0x20, 0x7c, 0x0, 0x0, 0xd4, 0x0, 0xf, 0x20,
    0x7c, 0x0, 0x0, 0xd4, 0x0, 0xf, 0x20, 0x7c,
    0x0, 0x0, 0xd4, 0x0, 0xf, 0x20, 0x7c, 0x0,
    0x0, 0xdf, 0xff, 0xff, 0x20, 0x7c, 0x0, 0x0,
    0x0, 0x0, 0x0, 0x0, 0x7c, 0x0, 0x0, 0x0,
    0x0, 0x0, 0x0, 0x7c, 0x0, 0x0, 0x0, 0x0,
    0x5, 0x54, 0xbb, 0x0, 0x0, 0x0, 0x0, 0xa,
    0xff, 0xe6, 0x0,

    /* U+53F0 "台" */
    0x0, 0x0, 0x0, 0x0, 0x0, 0x0, 0x0, 0x0,
    0x0, 0xd, 0x50, 0x0, 0x0, 0x0, 0x0, 0x0,
    0x9d, 0x0, 0x0, 0x0, 0x0, 0x0, 0x5, 0xf2,
    0x0, 0x1e, 0x50, 0x0, 0x0, 0x4f, 0x50, 0x0,
    0x4, 0xf6, 0x0, 0x5, 0xf8, 0x33, 0x34, 0x56,
    0xbf, 0x60, 0x1f, 0xff, 0xed, 0xcb, 0xa9, 0x87,
    0xf5, 0x0, 0x0, 0x0, 0x0, 0x0, 0x0, 0x41,
    0x0, 0x44, 0x44, 0x44, 0x44, 0x44, 0x0, 0x1,
    0xfc, 0xbb, 0xbb, 0xbb, 0xcf, 0x10, 0x1, 0xf2,
    0x0, 0x0, 0x0, 0x1f, 0x10, 0x1, 0xf2, 0x0,
    0x0, 0x0, 0x1f, 0x10, 0x1, 0xf2, 0x0, 0x0,
    0x0, 0x1f, 0x10, 0x1, 0xff, 0xff, 0xff, 0xff,
    0xff, 0x10, 0x1, 0xf2, 0x11, 0x11, 0x11, 0x2f,
    0x10,

    /* U+53F3 "右" */
    0x0, 0x0, 0x0, 0xd2, 0x0, 0x0, 0x0, 0x0,
    0x0, 0x3, 0xf0, 0x0, 0x0, 0x0, 0x12, 0x22,
    0x28, 0xc2, 0x22, 0x22, 0x22, 0x7e, 0xee, 0xef,
    0xfe, 0xee, 0xee, 0xed, 0x0, 0x0, 0x3f, 0x10,
    0x0, 0x0, 0x0, 0x0, 0x0, 0xa9, 0x0, 0x0,
    0x0, 0x0, 0x0, 0x4, 0xf1, 0x0, 0x0, 0x0,
    0x0, 0x0, 0x1e, 0xff, 0xff, 0xff, 0xff, 0xb0,
    0x0, 0xcc, 0xf1, 0x0, 0x0, 0x7, 0xb0, 0x1c,
    0xc2, 0xf1, 0x0, 0x0, 0x7, 0xb0, 0xbb, 0x2,
    0xf1, 0x0, 0x0, 0x7, 0xb0, 0x10, 0x2, 0xf1,
    0x11, 0x11, 0x18, 0xb0, 0x0, 0x2, 0xff, 0xff,
    0xff, 0xff, 0xb0, 0x0, 0x2, 0xf1, 0x0, 0x0,
    0x7, 0xb0,

    /* U+53F7 "号" */
    0x0, 0xef, 0xff, 0xff, 0xff, 0xfe, 0x0, 0x0,
    0xe, 0x40, 0x0, 0x0, 0x4, 0xe0, 0x0, 0x0,
    0xe4, 0x0, 0x0, 0x0, 0x4e, 0x0, 0x0, 0xe,
    0x50, 0x0, 0x0, 0x5, 0xe0, 0x0, 0x0, 0xce,
    0xee, 0xee, 0xee, 0xec, 0x0, 0x0, 0x0, 0x0,
    0x0, 0x0, 0x0, 0x0, 0x0, 0xef, 0xff, 0xff,
    0xff, 0xff, 0xff, 0xff, 0x10, 0x11, 0x8b, 0x11,
    0x11, 0x11, 0x11, 0x10, 0x0, 0xc, 0x81, 0x11,
    0x11, 0x11, 0x0, 0x0, 0x2, 0xff, 0xff, 0xff,
    0xff, 0xf3, 0x0, 0x0, 0x0, 0x0, 0x0, 0x0,
    0x2f, 0x10, 0x0, 0x0, 0x0, 0x0, 0x0, 0x6,
    0xe0, 0x0, 0x0, 0x0, 0x0, 0x33, 0x23, 0xda,
    0x0, 0x0, 0x0, 0x0, 0x8, 0xff, 0xfc, 0x20,
    0x0,

    /* U+5408 "合" */
    0x0, 0x0, 0x0, 0x2f, 0xe1, 0x0, 0x0, 0x0,
    0x0, 0x0, 0x0, 0xc9, 0xbb, 0x0, 0x0, 0x0,
    0x0, 0x0, 0x9, 0xd0, 0x1d, 0xb0, 0x0, 0x0,
    0x0, 0x0, 0x8e, 0x20, 0x1, 0xcd, 0x20, 0x0,
    0x0, 0x1b, 0xe2, 0x0, 0x0, 0xa, 0xf8, 0x0,
    0x18, 0xfa, 0xcf, 0xff, 0xff, 0xfb, 0x5e, 0xe2,
    0x1a, 0x40, 0x0, 0x0, 0x0, 0x0, 0x0, 0x50,
    0x0, 0x0, 0x0, 0x0, 0x0, 0x0, 0x0, 0x0,
    0x0, 0xe, 0xff, 0xff, 0xff, 0xff, 0xd0, 0x0,
    0x0, 0xe, 0x40, 0x0, 0x0, 0x5, 0xd0, 0x0,
    0x0, 0xe, 0x40, 0x0, 0x0, 0x5, 0xd0, 0x0,
    0x0, 0xe, 0x40, 0x0, 0x0, 0x5, 0xd0, 0x0,
    0x0, 0xe, 0xff, 0xff, 0xff, 0xff, 0xd0, 0x0,
    0x0, 0xe, 0x50, 0x0, 0x0, 0x5, 0xd0, 0x0,

    /* U+540C "同" */
    0x3f, 0xff, 0xff, 0xff, 0xff, 0xff, 0xf3, 0x3f,
    0x0, 0x0, 0x0, 0x0, 0x0, 0xf3, 0x3f, 0x0,
    0x0, 0x0, 0x0, 0x0, 0xf3, 0x3f, 0xc, 0xcc,
    0xcc, 0xcc, 0xc0, 0xf3, 0x3f, 0x3, 0x33, 0x33,
    0x33, 0x30, 0xf3, 0x3f, 0x0, 0x0, 0x0, 0x0,
    0x0, 0xf3, 0x3f, 0x2, 0xfe, 0xee, 0xef, 0x0,
    0xf3, 0x3f, 0x2, 0xf0, 0x0, 0x1f, 0x0, 0xf3,
    0x3f, 0x2, 0xf0, 0x0, 0x1f, 0x0, 0xf3, 0x3f,
    0x2, 0xf1, 0x11, 0x2f, 0x0, 0xf3, 0x3f, 0x2,
    0xdd, 0xdd, 0xdd, 0x0, 0xf3, 0x3f, 0x0, 0x0,
    0x0, 0x0, 0x0, 0xf3, 0x3f, 0x0, 0x0, 0x0,
    0x14, 0x34, 0xf2, 0x3f, 0x0, 0x0, 0x0, 0x1e,
    0xff, 0xd0,

    /* U+540D "名" */
    0x0, 0x0, 0x0, 0x40, 0x0, 0x0, 0x0, 0x0,
    0x0, 0x6e, 0x0, 0x0, 0x0, 0x0, 0x0, 0x2e,
    0xff, 0xff, 0xfc, 0x0, 0x0, 0x1d, 0x80, 0x0,
    0x2e, 0x70, 0x0, 0x2d, 0xe0, 0x0, 0xd, 0xb0,
    0x0, 0x6e, 0x9b, 0xd2, 0x1d, 0xc0, 0x0, 0x2e,
    0x50, 0xa, 0xed, 0xc1, 0x0, 0x0, 0x0, 0x0,
    0x4f, 0xa0, 0x0, 0x0, 0x0, 0x2, 0xbf, 0x70,
    0x0, 0x0, 0x0, 0x4a, 0xff, 0xff, 0xff, 0xff,
    0xfe, 0xae, 0x82, 0xf2, 0x0, 0x0, 0x4, 0xe0,
    0x0, 0xf, 0x20, 0x0, 0x0, 0x4e, 0x0, 0x0,
    0xf2, 0x0, 0x0, 0x4, 0xe0, 0x0, 0xf, 0xee,
    0xee, 0xee, 0xee, 0x0, 0x0, 0xf3, 0x11, 0x11,
    0x15, 0xe0,

    /* U+540E "后" */
    0x0, 0x0, 0x0, 0x2, 0x46, 0x8a, 0x10, 0x0,
    0x3c, 0xde, 0xff, 0xfe, 0xc9, 0x73, 0x0, 0x4,
    0xf3, 0x21, 0x0, 0x0, 0x0, 0x0, 0x0, 0x4e,
    0x0, 0x0, 0x0, 0x0, 0x0, 0x0, 0x4, 0xfe,
    0xee, 0xee, 0xee, 0xee, 0xee, 0x10, 0x4e, 0x33,
    0x33, 0x33, 0x33, 0x33, 0x30, 0x4, 0xe0, 0x0,
    0x0, 0x0, 0x0, 0x0, 0x0, 0x5e, 0x4, 0x44,
    0x44, 0x44, 0x41, 0x0, 0x6, 0xd0, 0xfc, 0xcc,
    0xcc, 0xcf, 0x50, 0x0, 0x8b, 0xf, 0x20, 0x0,
    0x0, 0xc5, 0x0, 0xb, 0x80, 0xf2, 0x0, 0x0,
    0xc, 0x50, 0x1, 0xf4, 0xf, 0x30, 0x0, 0x0,
    0xc5, 0x0, 0x8e, 0x0, 0xff, 0xff, 0xff, 0xff,
    0x50, 0x8, 0x60, 0xf, 0x20, 0x0, 0x0, 0xc5,
    0x0, 0x0, 0x0, 0x0, 0x0, 0x0, 0x0, 0x0,
    0x0,

    /* U+5411 "向" */
    0x0, 0x0, 0x0, 0x61, 0x0, 0x0, 0x0, 0x0,
    0x0, 0x3, 0xf2, 0x0, 0x0, 0x0, 0x0, 0x0,
    0x7, 0xd0, 0x0, 0x0, 0x0, 0x3e, 0xee, 0xef,
    0xfe, 0xee, 0xee, 0xe3, 0x4e, 0x11, 0x11, 0x11,
    0x11, 0x11, 0xe4, 0x4e, 0x0, 0x0, 0x0, 0x0,
    0x0, 0xe4, 0x4e, 0x1, 0xdd, 0xdd, 0xdd, 0x0,
    0xe4, 0x4e, 0x2, 0xf3, 0x33, 0x3f, 0x0, 0xe4,
    0x4e, 0x2, 0xf0, 0x0, 0x1f, 0x0, 0xe4, 0x4e,
    0x2, 0xf0, 0x0, 0x1f, 0x0, 0xe4, 0x4e, 0x2,
    0xf3, 0x33, 0x4f, 0x0, 0xe4, 0x4e, 0x1, 0xcc,
    0xcc, 0xcc, 0x0, 0xe4, 0x4e, 0x0, 0x0, 0x0,
    0x0, 0x0, 0xe4, 0x4e, 0x0, 0x0, 0x0, 0x4,
    0x33, 0xf4, 0x4e, 0x0, 0x0, 0x0, 0xe, 0xff,
    0xd1,

    /* U+5417 "吗" */
    0x0, 0x0, 0xb, 0xff, 0xff, 0xff, 0x20, 0xef,
    0xff, 0x20, 0x0, 0x0, 0x2f, 0x0, 0xe4, 0x1e,
    0x20, 0x53, 0x0, 0x4e, 0x0, 0xe3, 0xe, 0x20,
    0xc5, 0x0, 0x6b, 0x0, 0xe3, 0xe, 0x20, 0xe3,
    0x0, 0x99, 0x0, 0xe3, 0xe, 0x21, 0xf0, 0x0,
    0xb7, 0x0, 0xe3, 0xe, 0x25, 0xff, 0xff, 0xff,
    0xf6, 0xe3, 0xe, 0x20, 0x11, 0x11, 0x11, 0xd5,
    0xe4, 0x1e, 0x20, 0x0, 0x0, 0x0, 0xe5, 0xef,
    0xff, 0x2c, 0xdd, 0xdd, 0xc0, 0xf3, 0xe3, 0x0,
    0x4, 0x44, 0x44, 0x30, 0xf2, 0x61, 0x0, 0x0,
    0x0, 0x0, 0x2, 0xf0, 0x0, 0x0, 0x0, 0x0,
    0x34, 0x29, 0xc0, 0x0, 0x0, 0x0, 0x0, 0x6e,
    0xfd, 0x30,

    /* U+5426 "否" */
    0xe, 0xff, 0xff, 0xff, 0xff, 0xff, 0xff, 0xb0,
    0x0, 0x0, 0x0, 0x9, 0xb0, 0x0, 0x0, 0x0,
    0x0, 0x0, 0x0, 0x9f, 0x64, 0x91, 0x0, 0x0,
    0x0, 0x0, 0x1c, 0xcd, 0x61, 0x9f, 0x70, 0x0,
    0x0, 0x7, 0xf8, 0xc, 0x60, 0x3, 0xdd, 0x30,
    0x7, 0xec, 0x30, 0xc, 0x60, 0x0, 0x8, 0xa0,
    0x6, 0x40, 0x0, 0x9, 0x50, 0x0, 0x0, 0x0,
    0x0, 0x0, 0x0, 0x0, 0x0, 0x0, 0x0, 0x0,
    0x0, 0x2f, 0xff, 0xff, 0xff, 0xff, 0xf0, 0x0,
    0x0, 0x2f, 0x0, 0x0, 0x0, 0x3, 0xf0, 0x0,
    0x0, 0x2f, 0x0, 0x0, 0x0, 0x2, 0xf0, 0x0,
    0x0, 0x2f, 0x0, 0x0, 0x0, 0x2, 0xf0, 0x0,
    0x0, 0x2f, 0xff, 0xff, 0xff, 0xff, 0xf0, 0x0,
    0x0, 0x2f, 0x0, 0x0, 0x0, 0x3, 0xf0, 0x0,

    /* U+542B "含" */
    0x0, 0x0, 0x0, 0x4f, 0xd1, 0x0, 0x0, 0x0,
    0x0, 0x0, 0x2, 0xe7, 0xad, 0x20, 0x0, 0x0,
    0x0, 0x0, 0x3e, 0x90, 0x9, 0xf5, 0x0, 0x0,
    0x0, 0x7, 0xf7, 0x7b, 0x40, 0x6f, 0xb2, 0x0,
    0x6, 0xdd, 0x30, 0x5, 0xea, 0x1, 0xaf, 0xb1,
    0x9, 0x61, 0x11, 0x11, 0x25, 0x11, 0x2, 0x50,
    0x0, 0xe, 0xee, 0xee, 0xee, 0xef, 0x50, 0x0,
    0x0, 0x0, 0x0, 0x0, 0x0, 0x7d, 0x0, 0x0,
    0x0, 0x0, 0x0, 0x0, 0x6, 0xe1, 0x0, 0x0,
    0x0, 0x2f, 0xff, 0xff, 0xff, 0xff, 0xf4, 0x0,
    0x0, 0x3f, 0x0, 0x0, 0x0, 0x0, 0xe4, 0x0,
    0x0, 0x3f, 0x0, 0x0, 0x0, 0x0, 0xe4, 0x0,
    0x0, 0x3f, 0xcc, 0xcc, 0xcc, 0xcc, 0xf4, 0x0,
    0x0, 0x3f, 0x33, 0x33, 0x33, 0x33, 0xf4, 0x0,

    /* U+542F "启" */
    0x0, 0x0, 0x0, 0x3, 0x0, 0x0, 0x0, 0x0,
    0x0, 0x0, 0x0, 0xba, 0x0, 0x0, 0x0, 0x0,
    0x0, 0x0, 0x0, 0xd4, 0x0, 0x0, 0x0, 0x3,
    0xff, 0xff, 0xff, 0xff, 0xff, 0xe0, 0x0, 0x3e,
    0x0, 0x0, 0x0, 0x0, 0x3e, 0x0, 0x3, 0xe0,
    0x0, 0x0, 0x0, 0x3, 0xe0, 0x0, 0x3f, 0xee,
    0xee, 0xee, 0xee, 0xee, 0x0, 0x3, 0xe2, 0x22,
    0x22, 0x22, 0x22, 0x10, 0x0, 0x4d, 0x0, 0x0,
    0x0, 0x0, 0x0, 0x0, 0x5, 0xc0, 0xff, 0xff,
    0xff, 0xff, 0xf4, 0x0, 0x89, 0xf, 0x20, 0x0,
    0x0, 0xc, 0x50, 0xc, 0x60, 0xf1, 0x0, 0x0,
    0x0, 0xc5, 0x2, 0xf1, 0xf, 0x10, 0x0, 0x0,
    0xc, 0x50, 0xbb, 0x0, 0xff, 0xff, 0xff, 0xff,
    0xf5, 0x7, 0x20, 0xf, 0x21, 0x11, 0x11, 0x1c,
    0x50,

    /* U+544A "告" */
    0x0, 0x15, 0x0, 0x99, 0x0, 0x0, 0x0, 0x0,
    0x7b, 0x0, 0x99, 0x0, 0x0, 0x0, 0x0, 0xdf,
    0xee, 0xff, 0xee, 0xee, 0xa0, 0x6, 0xd2, 0x22,
    0xaa, 0x22, 0x22, 0x10, 0xf, 0x60, 0x0, 0x99,
    0x0, 0x0, 0x0, 0x4, 0x0, 0x0, 0xa9, 0x0,
    0x0, 0x0, 0xef, 0xff, 0xff, 0xff, 0xff, 0xff,
    0xfa, 0x0, 0x0, 0x0, 0x0, 0x0, 0x0, 0x0,
    0x0, 0xdf, 0xff, 0xff, 0xff, 0xff, 0x0, 0x0,
    0xe5, 0x0, 0x0, 0x0, 0x3f, 0x0, 0x0, 0xe4,
    0x0, 0x0, 0x0, 0x3f, 0x0, 0x0, 0xe4, 0x0,
    0x0, 0x0, 0x3f, 0x0, 0x0, 0xee, 0xee, 0xee,
    0xee, 0xef, 0x0, 0x0, 0xe5, 0x11, 0x11, 0x11,
    0x4f, 0x0,

    /* U+5468 "周" */
    0x0, 0xef, 0xff, 0xff, 0xff, 0xff, 0xfe, 0x0,
    0xe4, 0x0, 0x0, 0x0, 0x0, 0x4e, 0x0, 0xe4,
    0x0, 0x9, 0x20, 0x0, 0x4e, 0x0, 0xe4, 0xbc,
    0xcf, 0xcc, 0xc5, 0x4e, 0x0, 0xe4, 0x23, 0x3e,
    0x53, 0x31, 0x4e, 0x0, 0xe3, 0x0, 0xe, 0x30,
    0x0, 0x4e, 0x0, 0xe8, 0xff, 0xff, 0xff, 0xff,
    0x4e, 0x0, 0xf3, 0x0, 0x0, 0x0, 0x0, 0x4e,
    0x0, 0xf3, 0x5f, 0xee, 0xef, 0xb0, 0x4e, 0x0,
    0xf2, 0x5b, 0x0, 0x6, 0xb0, 0x4e, 0x2, 0xf1,
    0x5c, 0x22, 0x27, 0xb0, 0x4e, 0x6, 0xe0, 0x4c,
    0xcc, 0xcc, 0x80, 0x4e, 0xb, 0xa0, 0x0, 0x0,
    0x3, 0x43, 0x8e, 0x1f, 0x30, 0x0, 0x0, 0x8,
    0xff, 0xf9, 0x1, 0x0, 0x0, 0x0, 0x0, 0x0,
    0x0,

    /* U+547D "命" */
    0x0, 0x0, 0x0, 0x1e, 0xf3, 0x0, 0x0, 0x0,
    0x0, 0x0, 0x0, 0xc8, 0x7e, 0x20, 0x0, 0x0,
    0x0, 0x0, 0xb, 0xb0, 0x8, 0xf4, 0x0, 0x0,
    0x0, 0x2, 0xcc, 0x10, 0x0, 0x6f, 0x90, 0x0,
    0x0, 0x6f, 0x9e, 0xff, 0xff, 0xf6, 0xbe, 0x70,
    0xd, 0xd4, 0x0, 0x0, 0x0, 0x0, 0x4, 0xb5,
    0x3, 0x3e, 0xee, 0xe2, 0x6f, 0xff, 0xfd, 0x0,
    0x0, 0x4d, 0x11, 0xe2, 0x6b, 0x0, 0x3e, 0x0,
    0x0, 0x4d, 0x0, 0xe2, 0x6b, 0x0, 0x2e, 0x0,
    0x0, 0x4d, 0x0, 0xe2, 0x6b, 0x0, 0x2e, 0x0,
    0x0, 0x4e, 0x88, 0xf2, 0x6b, 0x24, 0x6e, 0x0,
    0x0, 0x4e, 0x77, 0x71, 0x6b, 0x5d, 0xd8, 0x0,
    0x0, 0x26, 0x0, 0x0, 0x6b, 0x0, 0x0, 0x0,
    0x0, 0x0, 0x0, 0x0, 0x6b, 0x0, 0x0, 0x0,

    /* U+548C "和" */
    0x0, 0x0, 0x1, 0x51, 0x0, 0x0, 0x0, 0x0,
    0x26, 0x9c, 0xfc, 0x50, 0x11, 0x11, 0x10, 0x2,
    0x97, 0xd6, 0x0, 0x3f, 0xff, 0xff, 0x30, 0x0,
    0xc, 0x60, 0x3, 0xd0, 0x0, 0xe3, 0xb, 0xcc,
    0xfd, 0xcc, 0x5d, 0x0, 0xe, 0x30, 0x33, 0x5f,
    0x83, 0x34, 0xd0, 0x0, 0xe3, 0x0, 0x8, 0xf7,
    0x0, 0x3d, 0x0, 0xe, 0x30, 0x0, 0xed, 0xf8,
    0x3, 0xd0, 0x0, 0xe3, 0x0, 0x7a, 0xc7, 0xda,
    0x3d, 0x0, 0xe, 0x30, 0x3f, 0x3c, 0x61, 0xa3,
    0xd0, 0x0, 0xe3, 0xd, 0x90, 0xc6, 0x0, 0x3d,
    0x0, 0xe, 0x30, 0x60, 0xc, 0x60, 0x3, 0xe4,
    0x44, 0xe3, 0x0, 0x0, 0xc6, 0x0, 0x3f, 0xcc,
    0xcf, 0x30, 0x0, 0xc, 0x60, 0x3, 0xd0, 0x0,
    0xb3,

    /* U+54CD "响" */
    0x0, 0x0, 0x0, 0x0, 0x97, 0x0, 0x0, 0x56,
    0x65, 0x0, 0x0, 0xe4, 0x0, 0x0, 0xeb, 0xbe,
    0x3, 0x35, 0xf4, 0x33, 0x30, 0xe2, 0x1e, 0x2f,
    0xcc, 0xcc, 0xcc, 0xf3, 0xe2, 0x1e, 0x2e, 0x0,
    0x0, 0x0, 0xe3, 0xe2, 0x1e, 0x2e, 0xd, 0xff,
    0xf0, 0xe3, 0xe2, 0x1e, 0x2e, 0xe, 0x0, 0xe0,
    0xe3, 0xe2, 0x1e, 0x2e, 0xe, 0x0, 0xe0, 0xe3,
    0xe2, 0x1e, 0x2e, 0xe, 0x0, 0xe0, 0xe3, 0xeb,
    0xbe, 0x2e, 0xe, 0x0, 0xe0, 0xe3, 0xe8, 0x76,
    0x2e, 0xd, 0xee, 0xe0, 0xe3, 0x81, 0x0, 0x2e,
    0x0, 0x0, 0x0, 0xe3, 0x0, 0x0, 0x2e, 0x0,
    0x2, 0x44, 0xf3, 0x0, 0x0, 0x2e, 0x0, 0x4,
    0xcd, 0xb0,

    /* U+5668 "器" */
    0x0, 0xaf, 0xff, 0xf0, 0x3f, 0xff, 0xf9, 0x0,
    0x0, 0xa6, 0x0, 0xf0, 0x3d, 0x0, 0x79, 0x0,
    0x0, 0xa6, 0x0, 0xf0, 0x3d, 0x0, 0x79, 0x0,
    0x0, 0xa8, 0x33, 0xf0, 0x3e, 0x33, 0x99, 0x0,
    0x0, 0x7b, 0xbb, 0xb5, 0x2b, 0xfb, 0xb6, 0x0,
    0x0, 0x0, 0x0, 0xa9, 0x1, 0x9d, 0x10, 0x0,
    0xe, 0xff, 0xff, 0xff, 0xff, 0xff, 0xff, 0xe0,
    0x0, 0x0, 0x8d, 0x20, 0x2, 0xda, 0x10, 0x0,
    0x0, 0x3b, 0xb1, 0x0, 0x0, 0x9, 0xe7, 0x10,
    0xb, 0xff, 0xee, 0xe4, 0x3e, 0xee, 0xfe, 0xf1,
    0x4, 0x6a, 0x0, 0xc4, 0x3d, 0x0, 0xa6, 0x10,
    0x0, 0x6a, 0x0, 0xc4, 0x3d, 0x0, 0xa6, 0x0,
    0x0, 0x6e, 0xcc, 0xf4, 0x3f, 0xcc, 0xe6, 0x0,
    0x0, 0x6b, 0x22, 0xb4, 0x3d, 0x22, 0xb6, 0x0,

    /* U+566A "噪" */
    0x0, 0x0, 0x0, 0xfe, 0xee, 0xee, 0x0, 0xc,
    0xee, 0xc0, 0xf, 0x0, 0x1, 0xe0, 0x0, 0xe3,
    0x3e, 0x0, 0xf9, 0x99, 0x9e, 0x0, 0xe, 0x11,
    0xe0, 0x5, 0x55, 0x55, 0x50, 0x0, 0xe1, 0x1e,
    0x4d, 0xdd, 0x3a, 0xdd, 0xd7, 0xe, 0x11, 0xe5,
    0x90, 0x94, 0xc8, 0x7, 0x90, 0xe1, 0x1e, 0x5a,
    0x2a, 0x4c, 0x92, 0x89, 0xe, 0x11, 0xe3, 0xbb,
    0xb8, 0xab, 0xbb, 0x60, 0xe1, 0x1e, 0x12, 0x22,
    0xd5, 0x22, 0x22, 0xe, 0x44, 0xeb, 0xff, 0xff,
    0xff, 0xff, 0xf0, 0xed, 0xcb, 0x0, 0xb, 0xfe,
    0xa1, 0x0, 0x8, 0x0, 0x0, 0x2c, 0x8d, 0x49,
    0xe7, 0x10, 0x0, 0x0, 0x9f, 0x70, 0xd4, 0x4,
    0xdf, 0x20, 0x0, 0x6, 0x20, 0xd, 0x40, 0x0,
    0x20,

    /* U+56DE "回" */
    0x4f, 0xff, 0xff, 0xff, 0xff, 0xff, 0xf4, 0x4e,
    0x0, 0x0, 0x0, 0x0, 0x0, 0xe4, 0x4e, 0x0,
    0x0, 0x0, 0x0, 0x0, 0xe4, 0x4e, 0x0, 0x0,
    0x0, 0x0, 0x0, 0xe4, 0x4e, 0x3, 0xff, 0xff,
    0xff, 0x30, 0xe4, 0x4e, 0x3, 0xe0, 0x0, 0xe,
    0x30, 0xe4, 0x4e, 0x3, 0xe0, 0x0, 0xe, 0x30,
    0xe4, 0x4e, 0x3, 0xe0, 0x0, 0xe, 0x30, 0xe4,
    0x4e, 0x3, 0xe0, 0x0, 0xe, 0x30, 0xe4, 0x4e,
    0x3, 0xff, 0xff, 0xff, 0x30, 0xe4, 0x4e, 0x0,
    0x0, 0x0, 0x0, 0x0, 0xe4, 0x4e, 0x0, 0x0,
    0x0, 0x0, 0x0, 0xe4, 0x4f, 0xff, 0xff, 0xff,
    0xff, 0xff, 0xf4, 0x4e, 0x11, 0x11, 0x11, 0x11,
    0x11, 0xe4,

    /* U+56E0 "因" */
    0x4f, 0xff, 0xff, 0xff, 0xff, 0xff, 0xf3, 0x4e,
    0x0, 0x0, 0x0, 0x0, 0x0, 0xe3, 0x4e, 0x0,
    0x0, 0x4b, 0x0, 0x0, 0xe3, 0x4e, 0x0, 0x0,
    0x5c, 0x0, 0x0, 0xe3, 0x4e, 0x0, 0x0, 0x5c,
    0x0, 0x0, 0xe3, 0x4e, 0x5f, 0xff, 0xff, 0xff,
    0xf6, 0xe3, 0x4e, 0x0, 0x0, 0x8b, 0x0, 0x0,
    0xe3, 0x4e, 0x0, 0x0, 0xde, 0x90, 0x0, 0xe3,
    0x4e, 0x0, 0x6, 0xe1, 0xca, 0x0, 0xe3, 0x4e,
    0x0, 0x5f, 0x40, 0x1c, 0xa0, 0xe3, 0x4e, 0x1b,
    0xf4, 0x0, 0x1, 0xd4, 0xe3, 0x4e, 0x5, 0x10,
    0x0, 0x0, 0x10, 0xe3, 0x4f, 0xff, 0xff, 0xff,
    0xff, 0xff, 0xf3, 0x4e, 0x11, 0x11, 0x11, 0x11,
    0x11, 0xe3,

    /* U+56F4 "围" */
    0x4f, 0xff, 0xff, 0xff, 0xff, 0xff, 0xf5, 0x4e,
    0x0, 0x0, 0x60, 0x0, 0x0, 0xc5, 0x4e, 0x0,
    0x0, 0xf2, 0x0, 0x0, 0xc5, 0x4e, 0x3e, 0xee,
    0xfe, 0xee, 0xe2, 0xc5, 0x4e, 0x0, 0x0, 0xf2,
    0x0, 0x0, 0xc5, 0x4e, 0xc, 0xee, 0xfe, 0xee,
    0x50, 0xc5, 0x4e, 0x0, 0x0, 0xf2, 0x0, 0x0,
    0xc5, 0x4e, 0x7d, 0xdd, 0xfd, 0xdd, 0xd4, 0xc5,
    0x4e, 0x12, 0x22, 0xf3, 0x22, 0xb5, 0xc5, 0x4e,
    0x0, 0x0, 0xf2, 0x0, 0xc5, 0xc5, 0x4e, 0x0,
    0x0, 0xf2, 0x8e, 0xe1, 0xc5, 0x4e, 0x0, 0x0,
    0xa1, 0x0, 0x0, 0xc5, 0x4f, 0xee, 0xee, 0xee,
    0xee, 0xee, 0xf5, 0x4e, 0x11, 0x11, 0x11, 0x11,
    0x11, 0xd5,

    /* U+56FA "固" */
    0x4f, 0xff, 0xff, 0xff, 0xff, 0xff, 0xf5, 0x4e,
    0x0, 0x0, 0x0, 0x0, 0x0, 0xc5, 0x4e, 0x0,
    0x0, 0x3c, 0x0, 0x0, 0xc5, 0x4e, 0x0, 0x0,
    0x4e, 0x0, 0x0, 0xc5, 0x4e, 0x6f, 0xff, 0xff,
    0xff, 0xfb, 0xc5, 0x4e, 0x0, 0x0, 0x3e, 0x0,
    0x0, 0xc5, 0x4e, 0x0, 0x0, 0x3e, 0x0, 0x0,
    0xc5, 0x4e, 0x3, 0xff, 0xff, 0xff, 0xe0, 0xc5,
    0x4e, 0x3, 0xe0, 0x0, 0x3, 0xe0, 0xc5, 0x4e,
    0x3, 0xe0, 0x0, 0x3, 0xe0, 0xc5, 0x4e, 0x2,
    0xfe, 0xee, 0xee, 0xe0, 0xc5, 0x4e, 0x0, 0x0,
    0x0, 0x0, 0x0, 0xc5, 0x4f, 0xee, 0xee, 0xee,
    0xee, 0xee, 0xf5, 0x4e, 0x11, 0x11, 0x11, 0x11,
    0x11, 0xd5,

    /* U+56FD "国" */
    0x4f, 0xff, 0xff, 0xff, 0xff, 0xff, 0xf5, 0x4e,
    0x0, 0x0, 0x0, 0x0, 0x0, 0xc5, 0x4e, 0x0,
    0x0, 0x0, 0x0, 0x0, 0xc5, 0x4e, 0x2f, 0xff,
    0xff, 0xff, 0xf6, 0xc5, 0x4e, 0x0, 0x0, 0x98,
    0x0, 0x0, 0xc5, 0x4e, 0x0, 0x0, 0x98, 0x0,
    0x0, 0xc5, 0x4e, 0x9, 0xee, 0xff, 0xee, 0xe0,
    0xc5, 0x4e, 0x0, 0x0, 0x98, 0x27, 0x0, 0xc5,
    0x4e, 0x0, 0x0, 0x98, 0x1e, 0x60, 0xc5, 0x4e,
    0x1, 0x11, 0x98, 0x14, 0x60, 0xc5, 0x4e, 0x5f,
    0xff, 0xff, 0xff, 0xf8, 0xc5, 0x4e, 0x0, 0x0,
    0x0, 0x0, 0x0, 0xc5, 0x4f, 0xee, 0xee, 0xee,
    0xee, 0xee, 0xf5, 0x4e, 0x11, 0x11, 0x11, 0x11,
    0x11, 0xd5,

    /* U+56FE "图" */
    0x4f, 0xff, 0xff, 0xff, 0xff, 0xff, 0xf5, 0x4e,
    0x0, 0x1, 0x40, 0x0, 0x0, 0xc5, 0x4e, 0x0,
    0xa, 0xa0, 0x0, 0x0, 0xc5, 0x4e, 0x0, 0x4f,
    0xee, 0xfb, 0x0, 0xc5, 0x4e, 0x3, 0xee, 0x31,
    0xd2, 0x0, 0xc5, 0x4e, 0x1e, 0x52, 0xdc, 0x40,
    0x0, 0xc5, 0x4e, 0x1, 0x5, 0xdd, 0x91, 0x0,
    0xc5, 0x4e, 0x4, 0xbc, 0x70, 0x7e, 0xa4, 0xc5,
    0x4e, 0x7d, 0x51, 0xae, 0x71, 0x65, 0xc5, 0x4e,
    0x0, 0x37, 0x22, 0x91, 0x0, 0xc5, 0x4e, 0x0,
    0x28, 0xdd, 0x71, 0x0, 0xc5, 0x4e, 0x0, 0x0,
    0x3, 0x96, 0x0, 0xc5, 0x4f, 0xee, 0xee, 0xee,
    0xee, 0xee, 0xf5, 0x4e, 0x11, 0x11, 0x11, 0x11,
    0x11, 0xd5,

    /* U+5706 "圆" */
    0xcf, 0xff, 0xff, 0xff, 0xff, 0xff, 0xf2, 0xc4,
    0x0, 0x0, 0x0, 0x0, 0x0, 0xe2, 0xc4, 0x5,
    0xee, 0xee, 0xed, 0x0, 0xe2, 0xc4, 0x6, 0x90,
    0x0, 0xf, 0x0, 0xe2, 0xc4, 0x6, 0xed, 0xdd,
    0xdf, 0x0, 0xe2, 0xc4, 0x0, 0x22, 0x22, 0x21,
    0x0, 0xe2, 0xc4, 0xf, 0xee, 0xee, 0xef, 0x70,
    0xe2, 0xc4, 0xf, 0x0, 0x82, 0x7, 0x70, 0xe2,
    0xc4, 0xf, 0x0, 0xd3, 0x7, 0x70, 0xe2, 0xc4,
    0xe, 0x4, 0xd2, 0x16, 0x60, 0xe2, 0xc4, 0x3,
    0x9d, 0x27, 0xdc, 0x61, 0xe2, 0xc5, 0xbb, 0x60,
    0x0, 0x4, 0xa2, 0xe2, 0xcd, 0xcc, 0xcc, 0xcc,
    0xcc, 0xcc, 0xf2, 0xc7, 0x44, 0x44, 0x44, 0x44,
    0x44, 0xf2,

    /* U+5728 "在" */
    0x0, 0x0, 0x0, 0x10, 0x0, 0x0, 0x0, 0x0,
    0x0, 0x0, 0x0, 0xe5, 0x0, 0x0, 0x0, 0x0,
    0x0, 0x0, 0x2, 0xf1, 0x0, 0x0, 0x0, 0x0,
    0x6, 0xff, 0xff, 0xff, 0xff, 0xff, 0xff, 0xe0,
    0x0, 0x11, 0x1e, 0x51, 0x12, 0x41, 0x11, 0x10,
    0x0, 0x0, 0x7d, 0x0, 0x5, 0xc0, 0x0, 0x0,
    0x0, 0x3, 0xf4, 0x0, 0x5, 0xc0, 0x0, 0x0,
    0x0, 0xb, 0xe0, 0x0, 0x5, 0xc0, 0x0, 0x0,
    0x0, 0x8f, 0xe0, 0x9f, 0xff, 0xff, 0xff, 0x20,
    0x8, 0xe6, 0xe0, 0x0, 0x5, 0xc0, 0x0, 0x0,
    0xb, 0x13, 0xe0, 0x0, 0x5, 0xc0, 0x0, 0x0,
    0x0, 0x3, 0xe0, 0x0, 0x5, 0xc0, 0x0, 0x0,
    0x0, 0x3, 0xe0, 0x0, 0x5, 0xc0, 0x0, 0x0,
    0x0, 0x3, 0xe4, 0xee, 0xee, 0xfe, 0xee, 0xe1,
    0x0, 0x3, 0xe0, 0x22, 0x22, 0x22, 0x22, 0x20,

    /* U+5730 "地" */
    0x0, 0xf, 0x20, 0xf, 0x22, 0xf0, 0x0, 0x0,
    0x0, 0xf2, 0x0, 0xf2, 0x2f, 0x0, 0x0, 0x0,
    0xf, 0x20, 0xf, 0x22, 0xf0, 0x1, 0x0, 0x11,
    0xf3, 0x10, 0xf2, 0x2f, 0x5c, 0xf1, 0xe, 0xff,
    0xff, 0x3f, 0x7b, 0xfc, 0x7f, 0x20, 0x0, 0xf2,
    0x5b, 0xfc, 0x8f, 0x0, 0xe2, 0x0, 0xf, 0x26,
    0x7f, 0x22, 0xf0, 0xe, 0x20, 0x0, 0xf2, 0x0,
    0xf2, 0x2f, 0x0, 0xe2, 0x0, 0xf, 0x20, 0xf,
    0x22, 0xf2, 0x4f, 0x20, 0x0, 0xf2, 0x0, 0xf2,
    0x2f, 0x4c, 0xb0, 0x0, 0xf, 0x8b, 0x6f, 0x21,
    0x90, 0x1, 0x80, 0x7c, 0xfb, 0x50, 0xf2, 0x0,
    0x0, 0x3d, 0xb, 0x71, 0x0, 0xf, 0x85, 0x55,
    0x6b, 0xa0, 0x0, 0x0, 0x0, 0x7b, 0xcd, 0xdc,
    0xa3,

    /* U+5740 "址" */
    0x0, 0xf, 0x20, 0x0, 0x0, 0xe3, 0x0, 0x0,
    0x0, 0xf, 0x20, 0x0, 0x0, 0xe3, 0x0, 0x0,
    0x0, 0xf, 0x20, 0x0, 0x0, 0xe3, 0x0, 0x0,
    0x1, 0x1f, 0x31, 0xd, 0x20, 0xe3, 0x0, 0x0,
    0xe, 0xff, 0xfe, 0xe, 0x30, 0xe3, 0x0, 0x0,
    0x0, 0xf, 0x20, 0xe, 0x30, 0xef, 0xee, 0x50,
    0x0, 0xf, 0x20, 0xe, 0x30, 0xe5, 0x22, 0x0,
    0x0, 0xf, 0x20, 0xe, 0x30, 0xe3, 0x0, 0x0,
    0x0, 0xf, 0x20, 0xe, 0x30, 0xe3, 0x0, 0x0,
    0x0, 0xf, 0x47, 0x1e, 0x30, 0xe3, 0x0, 0x0,
    0x2, 0x6f, 0xf9, 0xe, 0x30, 0xe3, 0x0, 0x0,
    0xe, 0xb6, 0x0, 0xe, 0x30, 0xe3, 0x0, 0x0,
    0x0, 0x0, 0xa, 0xdf, 0xdd, 0xfd, 0xdd, 0xd1,
    0x0, 0x0, 0x3, 0x44, 0x44, 0x44, 0x44, 0x40,

    /* U+5747 "均" */
    0x0, 0x0, 0x0, 0x0, 0x20, 0x0, 0x0, 0x0,
    0x0, 0xf2, 0x0, 0x1f, 0x10, 0x0, 0x0, 0x0,
    0xf, 0x20, 0x5, 0xd0, 0x0, 0x0, 0x0, 0x0,
    0xf2, 0x0, 0xbd, 0x88, 0x88, 0x83, 0x4, 0x4f,
    0x63, 0x1f, 0xba, 0xaa, 0xae, 0x60, 0xcc, 0xfd,
    0xb9, 0xc0, 0x0, 0x0, 0xc6, 0x0, 0xf, 0x23,
    0xf5, 0xa3, 0x0, 0xc, 0x60, 0x0, 0xf2, 0x48,
    0x8, 0xfb, 0x20, 0xc6, 0x0, 0xf, 0x20, 0x0,
    0x1, 0xb3, 0xd, 0x50, 0x0, 0xf2, 0x0, 0x0,
    0x0, 0x41, 0xd4, 0x0, 0xf, 0x7d, 0x40, 0x38,
    0xed, 0x1e, 0x40, 0x38, 0xfc, 0x43, 0xef, 0xa4,
    0x0, 0xf2, 0xd, 0xa3, 0x0, 0x5, 0x0, 0x0,
    0x1f, 0x10, 0x0, 0x0, 0x0, 0x0, 0x34, 0x28,
    0xe0, 0x0, 0x0, 0x0, 0x0, 0x6, 0xef, 0xe5,
    0x0,

    /* U+5757 "块" */
    0x0, 0xf, 0x20, 0x0, 0xe, 0x20, 0x0, 0x0,
    0x0, 0xf, 0x20, 0x0, 0xe, 0x20, 0x0, 0x0,
    0x0, 0xf, 0x20, 0x24, 0x4f, 0x64, 0x41, 0x0,
    0x2, 0x3f, 0x53, 0x7d, 0xdf, 0xdd, 0xf3, 0x0,
    0xd, 0xef, 0xee, 0x10, 0xe, 0x20, 0xd3, 0x0,
    0x0, 0xf, 0x20, 0x0, 0xe, 0x20, 0xd3, 0x0,
    0x0, 0xf, 0x20, 0x11, 0x1e, 0x31, 0xd4, 0x0,
    0x0, 0xf, 0x21, 0xff, 0xff, 0xff, 0xff, 0xb0,
    0x0, 0xf, 0x20, 0x0, 0x2f, 0x90, 0x0, 0x0,
    0x0, 0xf, 0x69, 0x30, 0x7b, 0xe1, 0x0, 0x0,
    0x4, 0x9f, 0xe7, 0x10, 0xe4, 0x8b, 0x0, 0x0,
    0xd, 0xa4, 0x0, 0xa, 0xa0, 0xc, 0xb0, 0x0,
    0x0, 0x0, 0x2, 0xbc, 0x10, 0x1, 0xcd, 0x40,
    0x0, 0x0, 0x1e, 0x90, 0x0, 0x0, 0x9, 0xa0,
    0x0, 0x0, 0x1, 0x0, 0x0, 0x0, 0x0, 0x0,

    /* U+5766 "坦" */
    0x0, 0xf, 0x20, 0x2f, 0xff, 0xff, 0xfe, 0x0,
    0x0, 0xf, 0x20, 0x2f, 0x0, 0x0, 0x3e, 0x0,
    0x0, 0xf, 0x20, 0x2f, 0x0, 0x0, 0x3e, 0x0,
    0x6, 0x7f, 0x87, 0x2f, 0x0, 0x0, 0x3e, 0x0,
    0xe, 0xef, 0xee, 0x3f, 0x0, 0x0, 0x3e, 0x0,
    0x0, 0xf, 0x20, 0x2f, 0xff, 0xff, 0xfe, 0x0,
    0x0, 0xf, 0x20, 0x2f, 0x0, 0x0, 0x3e, 0x0,
    0x0, 0xf, 0x20, 0x2f, 0x0, 0x0, 0x3e, 0x0,
    0x0, 0xf, 0x20, 0x2f, 0x0, 0x0, 0x3e, 0x0,
    0x0, 0xf, 0x8c, 0x5f, 0xff, 0xff, 0xfe, 0x0,
    0x6, 0xbf, 0xc5, 0x0, 0x0, 0x0, 0x0, 0x0,
    0xc, 0x83, 0x0, 0x0, 0x0, 0x0, 0x0, 0x0,
    0x0, 0x0, 0x2, 0x44, 0x44, 0x44, 0x44, 0x41,
    0x0, 0x0, 0x7, 0xcc, 0xcc, 0xcc, 0xcc, 0xc3,

    /* U+578B "型" */
    0x3, 0xef, 0xfe, 0xff, 0xc0, 0x90, 0xd, 0x40,
    0x0, 0x9, 0x70, 0xb5, 0x0, 0xf1, 0xd, 0x40,
    0x0, 0x9, 0x70, 0xb5, 0x0, 0xf1, 0xd, 0x40,
    0x0, 0x1a, 0x71, 0xb5, 0x10, 0xf1, 0xd, 0x40,
    0xc, 0xdf, 0xed, 0xfe, 0xd5, 0xf1, 0xd, 0x40,
    0x0, 0xd, 0x40, 0xb5, 0x0, 0xf1, 0xd, 0x40,
    0x0, 0x5d, 0x0, 0xb5, 0x0, 0x30, 0xe, 0x40,
    0x3, 0xe3, 0x0, 0x84, 0x0, 0x5d, 0xdf, 0x20,
    0x0, 0x20, 0x0, 0x4, 0x30, 0x2, 0x32, 0x0,
    0x0, 0x12, 0x22, 0x2b, 0x92, 0x22, 0x21, 0x0,
    0x0, 0x7d, 0xdd, 0xdf, 0xed, 0xdd, 0xd7, 0x0,
    0x0, 0x0, 0x0, 0xa, 0x80, 0x0, 0x0, 0x0,
    0x3, 0x33, 0x33, 0x3b, 0xa3, 0x33, 0x33, 0x30,
    0xc, 0xcc, 0xcc, 0xcc, 0xcc, 0xcc, 0xcc, 0xc0,

    /* U+57FA "基" */
    0x0, 0x0, 0x99, 0x0, 0x0, 0xa7, 0x0, 0x0,
    0x3, 0x88, 0xcc, 0x88, 0x88, 0xdb, 0x88, 0x30,
    0x1, 0x44, 0xaa, 0x44, 0x44, 0xc9, 0x44, 0x10,
    0x0, 0x0, 0x9e, 0xcc, 0xcc, 0xe7, 0x0, 0x0,
    0x0, 0x0, 0x9a, 0x22, 0x22, 0xb7, 0x0, 0x0,
    0x0, 0x0, 0x9e, 0xbb, 0xbb, 0xe7, 0x0, 0x0,
    0x0, 0x0, 0x9a, 0x22, 0x22, 0xb7, 0x0, 0x0,
    0xa, 0xaa, 0xdd, 0xaa, 0xaa, 0xed, 0xaa, 0xa0,
    0x3, 0x34, 0xe8, 0x33, 0x33, 0x7e, 0x53, 0x30,
    0x0, 0x1b, 0xa0, 0x6, 0x50, 0x8, 0xe4, 0x0,
    0x7, 0xe9, 0xdd, 0xdf, 0xed, 0xdd, 0x7f, 0xc0,
    0xa, 0x50, 0x0, 0xa, 0x80, 0x0, 0x2, 0x50,
    0x0, 0x0, 0x0, 0xa, 0x80, 0x0, 0x0, 0x0,
    0x4, 0xff, 0xff, 0xff, 0xff, 0xff, 0xff, 0x60,

    /* U+586B "填" */
    0x0, 0x4c, 0x0, 0x0, 0xd, 0x40, 0x0, 0x0,
    0x0, 0x4c, 0xb, 0xee, 0xef, 0xfe, 0xee, 0xe1,
    0x0, 0x4c, 0x0, 0x0, 0xd, 0x40, 0x0, 0x0,
    0x7, 0xae, 0x73, 0xad, 0xdf, 0xed, 0xdc, 0x0,
    0xa, 0xbe, 0xa4, 0xc4, 0x0, 0x0, 0x3e, 0x0,
    0x0, 0x4c, 0x0, 0xcd, 0xcc, 0xcc, 0xde, 0x0,
    0x0, 0x4c, 0x0, 0xc6, 0x22, 0x22, 0x5e, 0x0,
    0x0, 0x4c, 0x0, 0xcb, 0xaa, 0xaa, 0xbe, 0x0,
    0x0, 0x4c, 0x12, 0xca, 0x88, 0x88, 0xae, 0x0,
    0x1, 0x8f, 0xd4, 0xc7, 0x33, 0x33, 0x6e, 0x0,
    0x2f, 0xb4, 0x1f, 0xff, 0xff, 0xff, 0xff, 0xf7,
    0x2, 0x0, 0x0, 0x7, 0x80, 0x1c, 0x80, 0x0,
    0x0, 0x0, 0x1, 0xae, 0x30, 0x4, 0xde, 0x50,
    0x0, 0x0, 0xd, 0xa1, 0x0, 0x0, 0x8, 0xc1,
    0x0, 0x0, 0x1, 0x0, 0x0, 0x0, 0x0, 0x0,

    /* U+589E "增" */
    0x0, 0x0, 0x0, 0x0, 0x10, 0x0, 0x30, 0x0,
    0x2, 0xf0, 0x0, 0x4e, 0x0, 0x2f, 0x10, 0x0,
    0x2f, 0x0, 0x0, 0xd5, 0x8, 0x90, 0x0, 0x2,
    0xf0, 0xf, 0xed, 0xdf, 0xdd, 0xeb, 0x1, 0x4f,
    0x10, 0xf5, 0x51, 0xe0, 0x77, 0xb1, 0xff, 0xff,
    0x7f, 0x5e, 0x2e, 0xf, 0x6b, 0x0, 0x2f, 0x0,
    0xf3, 0xb5, 0xe5, 0xa5, 0xb0, 0x2, 0xf0, 0xf,
    0xa9, 0x9f, 0x9a, 0xbb, 0x0, 0x2f, 0x0, 0x33,
    0x33, 0x33, 0x33, 0x20, 0x2, 0xf0, 0x2, 0xee,
    0xee, 0xee, 0xe1, 0x0, 0x2f, 0x8a, 0x2e, 0x0,
    0x0, 0xf, 0x11, 0x9e, 0xe8, 0x12, 0xfd, 0xdd,
    0xdd, 0xf1, 0x9, 0x40, 0x0, 0x2e, 0x0, 0x0,
    0xf, 0x10, 0x0, 0x0, 0x2, 0xfb, 0xbb, 0xbb,
    0xf1, 0x0, 0x0, 0x0, 0x2e, 0x33, 0x33, 0x3f,
    0x10,

    /* U+58F0 "声" */
    0x0, 0x0, 0x0, 0x8a, 0x0, 0x0, 0x0, 0x12,
    0x22, 0x22, 0x9b, 0x22, 0x22, 0x22, 0x9d, 0xdd,
    0xdd, 0xef, 0xdd, 0xdd, 0xdc, 0x0, 0x0, 0x0,
    0x8a, 0x0, 0x0, 0x0, 0x5, 0xdd, 0xdd, 0xef,
    0xdd, 0xdd, 0xb0, 0x0, 0x0, 0x0, 0x0, 0x0,
    0x0, 0x0, 0x0, 0xee, 0xee, 0xee, 0xee, 0xee,
    0x60, 0x1, 0xf1, 0x0, 0x7b, 0x0, 0xb, 0x70,
    0x1, 0xf1, 0x0, 0x7b, 0x0, 0xb, 0x70, 0x1,
    0xff, 0xff, 0xff, 0xff, 0xff, 0x70, 0x3, 0xf0,
    0x0, 0x0, 0x0, 0x8, 0x50, 0x8, 0xb0, 0x0,
    0x0, 0x0, 0x0, 0x0, 0x2f, 0x50, 0x0, 0x0,
    0x0, 0x0, 0x0, 0x8a, 0x0, 0x0, 0x0, 0x0,
    0x0, 0x0, 0x0, 0x0, 0x0, 0x0, 0x0, 0x0,
    0x0,

    /* U+5907 "备" */
    0x0, 0x0, 0x8, 0x80, 0x0, 0x0, 0x0, 0x0,
    0x0, 0x3, 0xff, 0xff, 0xff, 0xb0, 0x0, 0x0,
    0x2, 0xee, 0x30, 0x3, 0xf4, 0x0, 0x0, 0x5,
    0xf6, 0x6e, 0x43, 0xe7, 0x0, 0x0, 0x2, 0xe5,
    0x0, 0x8f, 0xf8, 0x0, 0x0, 0x0, 0x0, 0x0,
    0x8, 0xff, 0xa1, 0x0, 0x0, 0x0, 0x1, 0x7e,
    0xb2, 0x3c, 0xfa, 0x40, 0x2, 0x7c, 0xfb, 0x40,
    0x0, 0x4, 0xbf, 0xf9, 0x2b, 0x7e, 0xee, 0xee,
    0xee, 0xee, 0xe5, 0x30, 0x0, 0xe2, 0x0, 0xd3,
    0x0, 0x3e, 0x0, 0x0, 0xe, 0x31, 0x1d, 0x41,
    0x13, 0xe0, 0x0, 0x0, 0xee, 0xdd, 0xfe, 0xdd,
    0xee, 0x0, 0x0, 0xe, 0x20, 0xd, 0x30, 0x2,
    0xe0, 0x0, 0x0, 0xed, 0xcc, 0xfd, 0xcc, 0xde,
    0x0, 0x0, 0xe, 0x53, 0x33, 0x33, 0x35, 0xe0,
    0x0,

    /* U+590D "复" */
    0x0, 0x0, 0x41, 0x0, 0x0, 0x0, 0x0, 0x0,
    0x0, 0x1, 0xf4, 0x0, 0x0, 0x0, 0x0, 0x0,
    0x0, 0x9, 0xff, 0xff, 0xff, 0xff, 0xff, 0x20,
    0x0, 0x4f, 0x20, 0x0, 0x0, 0x0, 0x0, 0x0,
    0x3, 0xf9, 0xfe, 0xee, 0xee, 0xee, 0xe0, 0x0,
    0x7, 0x73, 0xe0, 0x0, 0x0, 0x4, 0xe0, 0x0,
    0x0, 0x3, 0xfd, 0xdd, 0xdd, 0xdd, 0xe0, 0x0,
    0x0, 0x3, 0xe0, 0x0, 0x0, 0x4, 0xe0, 0x0,
    0x0, 0x3, 0xde, 0xfd, 0xdd, 0xdd, 0xc0, 0x0,
    0x0, 0x0, 0x1d, 0x91, 0x11, 0x11, 0x0, 0x0,
    0x0, 0x5, 0xee, 0xdd, 0xdd, 0xdf, 0x80, 0x0,
    0x4, 0xdc, 0x6e, 0x70, 0x0, 0xab, 0x0, 0x0,
    0x1, 0x40, 0x2, 0xbe, 0x8e, 0x80, 0x0, 0x0,
    0x0, 0x0, 0x4, 0x9f, 0xdf, 0xc8, 0x42, 0x0,
    0x8, 0xbd, 0xfc, 0x82, 0x1, 0x6b, 0xef, 0xc0,
    0x3, 0x63, 0x0, 0x0, 0x0, 0x0, 0x1, 0x10,

    /* U+5916 "外" */
    0x0, 0x0, 0xc1, 0x0, 0x1, 0xf0, 0x0, 0x0,
    0x0, 0x2, 0xf0, 0x0, 0x1, 0xf0, 0x0, 0x0,
    0x0, 0x5, 0xfe, 0xed, 0x21, 0xf0, 0x0, 0x0,
    0x0, 0xb, 0x72, 0x2e, 0x31, 0xf0, 0x0, 0x0,
    0x0, 0x1f, 0x10, 0x1f, 0x1, 0xf2, 0x0, 0x0,
    0x0, 0x9c, 0x0, 0x4d, 0x1, 0xff, 0x50, 0x0,
    0x2, 0xfc, 0xd2, 0x99, 0x1, 0xf4, 0xf8, 0x0,
    0xd, 0x80, 0x8f, 0xe4, 0x1, 0xf0, 0x2e, 0xa0,
    0x7, 0x0, 0x8, 0xd0, 0x1, 0xf0, 0x2, 0x80,
    0x0, 0x0, 0xc, 0x60, 0x1, 0xf0, 0x0, 0x0,
    0x0, 0x0, 0x7d, 0x0, 0x1, 0xf0, 0x0, 0x0,
    0x0, 0x5, 0xf3, 0x0, 0x1, 0xf0, 0x0, 0x0,
    0x0, 0x6f, 0x60, 0x0, 0x1, 0xf0, 0x0, 0x0,
    0x3, 0xf6, 0x0, 0x0, 0x1, 0xf0, 0x0, 0x0,
    0x0, 0x10, 0x0, 0x0, 0x0, 0x0, 0x0, 0x0,

    /* U+591A "多" */
    0x0, 0x0, 0x0, 0x20, 0x0, 0x0, 0x0, 0x0,
    0x0, 0x7, 0xe1, 0x0, 0x0, 0x0, 0x0, 0x0,
    0x6f, 0xff, 0xff, 0xc0, 0x0, 0x0, 0x9, 0xd2,
    0x0, 0x2e, 0x40, 0x0, 0x7, 0xeb, 0xe4, 0x2,
    0xe6, 0x0, 0x0, 0x6, 0x30, 0x3e, 0xae, 0x60,
    0x0, 0x0, 0x0, 0x0, 0x3c, 0xd3, 0x8a, 0x0,
    0x0, 0x3, 0x7d, 0xd6, 0x8, 0xfe, 0xdd, 0xd3,
    0x9e, 0x94, 0x1, 0xbc, 0x22, 0x27, 0xe1, 0x0,
    0x1, 0x7f, 0xf5, 0x0, 0x2e, 0x40, 0x0, 0x4f,
    0xb3, 0x4e, 0x82, 0xe6, 0x0, 0x0, 0x2, 0x0,
    0x2, 0xff, 0x60, 0x0, 0x0, 0x0, 0x0, 0x5c,
    0xd4, 0x0, 0x0, 0x1, 0x57, 0xbf, 0xd6, 0x0,
    0x0, 0x0, 0x0, 0xca, 0x72, 0x0, 0x0, 0x0,
    0x0,

    /* U+5927 "大" */
    0x0, 0x0, 0x0, 0x9b, 0x0, 0x0, 0x0, 0x0,
    0x0, 0x0, 0x9, 0xb0, 0x0, 0x0, 0x0, 0x0,
    0x0, 0x0, 0x9b, 0x0, 0x0, 0x0, 0x0, 0x11,
    0x11, 0x19, 0xb1, 0x11, 0x11, 0x10, 0xbf, 0xff,
    0xff, 0xff, 0xff, 0xff, 0xfe, 0x0, 0x0, 0x0,
    0xc, 0xf2, 0x0, 0x0, 0x0, 0x0, 0x0, 0x0,
    0xfd, 0x80, 0x0, 0x0, 0x0, 0x0, 0x0, 0x3f,
    0x3e, 0x10, 0x0, 0x0, 0x0, 0x0, 0xb, 0x90,
    0xba, 0x0, 0x0, 0x0, 0x0, 0x4, 0xf2, 0x2,
    0xf7, 0x0, 0x0, 0x0, 0x3, 0xf7, 0x0, 0x5,
    0xf7, 0x0, 0x0, 0x5, 0xf9, 0x0, 0x0, 0x5,
    0xfb, 0x10, 0x3c, 0xf7, 0x0, 0x0, 0x0, 0x4,
    0xed, 0x1, 0xa3, 0x0, 0x0, 0x0, 0x0, 0x1,
    0x20,

    /* U+5929 "天" */
    0x0, 0xef, 0xff, 0xff, 0xff, 0xff, 0xf8, 0x0,
    0x1, 0x11, 0x11, 0xf5, 0x11, 0x11, 0x0, 0x0,
    0x0, 0x0, 0xf, 0x40, 0x0, 0x0, 0x0, 0x0,
    0x0, 0x0, 0xf4, 0x0, 0x0, 0x0, 0x2, 0x22,
    0x22, 0x2f, 0x62, 0x22, 0x22, 0x0, 0xcf, 0xff,
    0xff, 0xff, 0xff, 0xff, 0xf5, 0x0, 0x0, 0x0,
    0x2f, 0xc0, 0x0, 0x0, 0x0, 0x0, 0x0, 0x7,
    0xad, 0x40, 0x0, 0x0, 0x0, 0x0, 0x0, 0xe4,
    0x5e, 0x10, 0x0, 0x0, 0x0, 0x0, 0xac, 0x0,
    0xad, 0x20, 0x0, 0x0, 0x1, 0xbe, 0x10, 0x0,
    0xaf, 0x50, 0x0, 0x17, 0xec, 0x20, 0x0, 0x0,
    0x8f, 0xc4, 0xb, 0xd6, 0x0, 0x0, 0x0, 0x0,
    0x2a, 0x20, 0x0, 0x0, 0x0, 0x0, 0x0, 0x0,
    0x0,

    /* U+592A "太" */
    0x0, 0x0, 0x0, 0xaa, 0x0, 0x0, 0x0, 0x0,
    0x0, 0x0, 0xa, 0xa0, 0x0, 0x0, 0x0, 0x0,
    0x0, 0x0, 0xaa, 0x0, 0x0, 0x0, 0x1, 0x22,
    0x22, 0x2b, 0xa2, 0x22, 0x22, 0x20, 0xaf, 0xff,
    0xff, 0xff, 0xff, 0xff, 0xfe, 0x0, 0x0, 0x0,
    0xc, 0xf1, 0x0, 0x0, 0x0, 0x0, 0x0, 0x0,
    0xfb, 0x70, 0x0, 0x0, 0x0, 0x0, 0x0, 0x5c,
    0x3e, 0x0, 0x0, 0x0, 0x0, 0x0, 0xc, 0x50,
    0xba, 0x0, 0x0, 0x0, 0x0, 0x7, 0xe0, 0x1,
    0xe6, 0x0, 0x0, 0x0, 0x4, 0xfd, 0xb0, 0x4,
    0xf6, 0x0, 0x0, 0x6, 0xf4, 0x1c, 0xd2, 0x5,
    0xf9, 0x0, 0x2b, 0xf5, 0x0, 0xb, 0x70, 0x4,
    0xed, 0x2, 0xb2, 0x0, 0x0, 0x0, 0x0, 0x1,
    0x30,

    /* U+5931 "失" */
    0x0, 0x1, 0x0, 0x6d, 0x0, 0x0, 0x0, 0x0,
    0x0, 0xe5, 0x6, 0xd0, 0x0, 0x0, 0x0, 0x0,
    0x3f, 0x21, 0x6d, 0x11, 0x11, 0x10, 0x0, 0x9,
    0xff, 0xff, 0xff, 0xff, 0xfe, 0x0, 0x2, 0xf3,
    0x0, 0x6d, 0x0, 0x0, 0x0, 0x0, 0xaa, 0x0,
    0x6, 0xd0, 0x0, 0x0, 0x0, 0x25, 0x54, 0x44,
    0x8e, 0x44, 0x44, 0x44, 0x6, 0xcc, 0xcc, 0xce,
    0xfc, 0xcc, 0xcc, 0xb0, 0x0, 0x0, 0x0, 0xcc,
    0x90, 0x0, 0x0, 0x0, 0x0, 0x0, 0x3f, 0x1e,
    0x30, 0x0, 0x0, 0x0, 0x0, 0x1d, 0x70, 0x5e,
    0x30, 0x0, 0x0, 0x0, 0x3d, 0xb0, 0x0, 0x6f,
    0x70, 0x0, 0x4, 0x9f, 0xa0, 0x0, 0x0, 0x4e,
    0xe8, 0x2, 0xfb, 0x40, 0x0, 0x0, 0x0, 0x8,
    0x80, 0x0, 0x0, 0x0, 0x0, 0x0, 0x0, 0x0,
    0x0,

    /* U+5939 "夹" */
    0x0, 0x0, 0x0, 0xc6, 0x0, 0x0, 0x0, 0x0,
    0x0, 0x0, 0xc6, 0x0, 0x0, 0x0, 0x1f, 0xff,
    0xff, 0xff, 0xff, 0xff, 0xc0, 0x1, 0x44, 0x11,
    0xc6, 0x11, 0xa3, 0x0, 0x0, 0x8c, 0x0, 0xc6,
    0x4, 0xf1, 0x0, 0x0, 0xf, 0x40, 0xc6, 0x9,
    0xa0, 0x0, 0x0, 0x6, 0x30, 0xc6, 0x1f, 0x30,
    0x0, 0xef, 0xff, 0xff, 0xff, 0xff, 0xff, 0xfa,
    0x11, 0x11, 0x12, 0xfe, 0x31, 0x11, 0x10, 0x0,
    0x0, 0x7, 0xa7, 0xc0, 0x0, 0x0, 0x0, 0x0,
    0x3f, 0x30, 0xbc, 0x10, 0x0, 0x0, 0x6, 0xf5,
    0x0, 0xb, 0xe6, 0x0, 0x38, 0xed, 0x30, 0x0,
    0x0, 0x6e, 0xe6, 0x6b, 0x50, 0x0, 0x0, 0x0,
    0x0, 0x72,

    /* U+597D "好" */
    0x0, 0x0, 0x0, 0x0, 0x0, 0x0, 0x0, 0x0,
    0x9, 0x70, 0x0, 0x0, 0x0, 0x0, 0x0, 0x0,
    0xc5, 0x0, 0x5f, 0xff, 0xff, 0xf9, 0x0, 0x1e,
    0x31, 0x10, 0x11, 0x11, 0x6f, 0x30, 0xcf, 0xff,
    0xff, 0x10, 0x0, 0x5f, 0x40, 0x0, 0x4c, 0x2,
    0xf0, 0x0, 0x2f, 0x40, 0x0, 0x7, 0x90, 0x3d,
    0x0, 0x3, 0xe0, 0x0, 0x0, 0xb6, 0x6, 0xb2,
    0x22, 0x5e, 0x22, 0x21, 0xf, 0x20, 0x98, 0xce,
    0xee, 0xfe, 0xee, 0x63, 0xf3, 0xd, 0x40, 0x0,
    0x1f, 0x0, 0x0, 0x4, 0xda, 0xe0, 0x0, 0x1,
    0xf0, 0x0, 0x0, 0x1, 0xed, 0x20, 0x0, 0x1f,
    0x0, 0x0, 0x0, 0x7d, 0x9e, 0x30, 0x1, 0xf0,
    0x0, 0x0, 0x7f, 0x30, 0x71, 0x22, 0x4f, 0x0,
    0x0, 0x5f, 0x40, 0x0, 0x6, 0xff, 0xb0, 0x0,
    0x0, 0x10, 0x0, 0x0, 0x0, 0x0, 0x0, 0x0,

    /* U+59CB "始" */
    0x0, 0x20, 0x0, 0x0, 0x0, 0x0, 0x0, 0x0,
    0xe, 0x20, 0x0, 0xa, 0x80, 0x0, 0x0, 0x0,
    0xf0, 0x0, 0x1, 0xf2, 0x0, 0x0, 0x0, 0x3e,
    0x0, 0x0, 0x7b, 0x3, 0xa0, 0x0, 0xff, 0xff,
    0xf4, 0xe, 0x30, 0xc, 0x70, 0x0, 0x97, 0xd,
    0x39, 0xa0, 0x0, 0x3f, 0x30, 0xc, 0x40, 0xe5,
    0xfe, 0xef, 0xed, 0xcd, 0x0, 0xf1, 0xf, 0x3,
    0x21, 0x0, 0x0, 0x80, 0x3d, 0x3, 0xc0, 0x23,
    0x33, 0x33, 0x30, 0x5, 0xd1, 0x79, 0xd, 0xdc,
    0xcc, 0xcf, 0x20, 0x6, 0xdd, 0x40, 0xd4, 0x0,
    0x0, 0xf2, 0x0, 0x7, 0xf8, 0xd, 0x40, 0x0,
    0xf, 0x20, 0x1, 0xe5, 0xc5, 0xd4, 0x0, 0x0,
    0xf2, 0x2, 0xd8, 0x0, 0xd, 0xff, 0xff, 0xff,
    0x20, 0x99, 0x0, 0x0, 0xd4, 0x0, 0x0, 0xf2,
    0x0, 0x0, 0x0, 0x0, 0x0, 0x0, 0x0, 0x0,

    /* U+5B50 "子" */
    0x4, 0xff, 0xff, 0xff, 0xff, 0xff, 0x30, 0x0,
    0x11, 0x11, 0x11, 0x18, 0xf7, 0x0, 0x0, 0x0,
    0x0, 0x3, 0xcd, 0x30, 0x0, 0x0, 0x0, 0x0,
    0x7f, 0x70, 0x0, 0x0, 0x0, 0x0, 0x0, 0x9a,
    0x0, 0x0, 0x0, 0x23, 0x33, 0x33, 0xab, 0x33,
    0x33, 0x32, 0xde, 0xee, 0xee, 0xff, 0xee, 0xee,
    0xeb, 0x0, 0x0, 0x0, 0x8b, 0x0, 0x0, 0x0,
    0x0, 0x0, 0x0, 0x8b, 0x0, 0x0, 0x0, 0x0,
    0x0, 0x0, 0x8b, 0x0, 0x0, 0x0, 0x0, 0x0,
    0x0, 0x8b, 0x0, 0x0, 0x0, 0x0, 0x2, 0x54,
    0xbb, 0x0, 0x0, 0x0, 0x0, 0x3, 0xef, 0xf7,
    0x0, 0x0, 0x0,

    /* U+5B57 "字" */
    0x0, 0x0, 0x0, 0x3, 0x0, 0x0, 0x0, 0x0,
    0x0, 0x0, 0x0, 0x2f, 0x40, 0x0, 0x0, 0x0,
    0x0, 0x11, 0x11, 0x16, 0xe1, 0x11, 0x11, 0x0,
    0x7, 0xff, 0xff, 0xff, 0xff, 0xff, 0xff, 0x70,
    0x7, 0xb0, 0x0, 0x0, 0x0, 0x0, 0xc, 0x70,
    0x7, 0xb5, 0xcc, 0xcc, 0xcc, 0xcc, 0x3c, 0x70,
    0x1, 0x22, 0x44, 0x44, 0x48, 0xfb, 0x22, 0x10,
    0x0, 0x0, 0x0, 0x3, 0xbd, 0x50, 0x0, 0x0,
    0x0, 0x0, 0x0, 0x8, 0xb0, 0x0, 0x0, 0x0,
    0xe, 0xee, 0xee, 0xef, 0xfe, 0xee, 0xee, 0xe0,
    0x2, 0x22, 0x22, 0x28, 0xc2, 0x22, 0x22, 0x20,
    0x0, 0x0, 0x0, 0x7, 0xc0, 0x0, 0x0, 0x0,
    0x0, 0x0, 0x0, 0x7, 0xc0, 0x0, 0x0, 0x0,
    0x0, 0x0, 0x3, 0x29, 0xb0, 0x0, 0x0, 0x0,
    0x0, 0x0, 0xd, 0xff, 0x80, 0x0, 0x0, 0x0,

    /* U+5B58 "存" */
    0x0, 0x0, 0x0, 0x10, 0x0, 0x0, 0x0, 0x0,
    0x0, 0x0, 0x0, 0xe4, 0x0, 0x0, 0x0, 0x0,
    0x0, 0x0, 0x3, 0xf0, 0x0, 0x0, 0x0, 0x0,
    0x6, 0xff, 0xff, 0xff, 0xff, 0xff, 0xff, 0xe0,
    0x0, 0x11, 0x1e, 0x51, 0x11, 0x11, 0x11, 0x10,
    0x0, 0x0, 0x4d, 0x0, 0x0, 0x0, 0x0, 0x0,
    0x0, 0x2, 0xe6, 0xe, 0xee, 0xee, 0xfb, 0x0,
    0x0, 0x8, 0xf0, 0x0, 0x0, 0x19, 0xb1, 0x0,
    0x0, 0x6f, 0xf0, 0x0, 0x1, 0xf6, 0x0, 0x0,
    0x8, 0xe5, 0xf4, 0xbb, 0xbc, 0xfb, 0xbb, 0xb2,
    0x9, 0x22, 0xf1, 0x33, 0x34, 0xf4, 0x33, 0x30,
    0x0, 0x2, 0xf0, 0x0, 0x0, 0xf1, 0x0, 0x0,
    0x0, 0x2, 0xf0, 0x0, 0x0, 0xf1, 0x0, 0x0,
    0x0, 0x2, 0xf0, 0x2, 0x22, 0xf1, 0x0, 0x0,
    0x0, 0x2, 0xf0, 0x5, 0xff, 0xc0, 0x0, 0x0,
    0x0, 0x0, 0x20, 0x0, 0x0, 0x0, 0x0, 0x0,

    /* U+5B66 "学" */
    0x0, 0x0, 0x0, 0x0, 0x0, 0x0, 0x0, 0x0,
    0x0, 0x6, 0x50, 0x4b, 0x0, 0x9, 0x70, 0x0,
    0x0, 0x6, 0xf1, 0x1f, 0x50, 0x3f, 0x30, 0x0,
    0x0, 0x1, 0xd4, 0x9, 0x70, 0xc8, 0x0, 0x0,
    0x7, 0xff, 0xff, 0xff, 0xff, 0xff, 0xff, 0x80,
    0x7, 0xb0, 0x0, 0x0, 0x0, 0x0, 0xa, 0x80,
    0x7, 0xb4, 0xee, 0xee, 0xee, 0xee, 0x4a, 0x80,
    0x0, 0x10, 0x11, 0x11, 0x18, 0xf7, 0x0, 0x0,
    0x0, 0x0, 0x0, 0x4, 0xdc, 0x30, 0x0, 0x0,
    0x1, 0x11, 0x11, 0x19, 0xb1, 0x11, 0x11, 0x10,
    0x3f, 0xff, 0xff, 0xff, 0xff, 0xff, 0xff, 0xf3,
    0x0, 0x0, 0x0, 0x8, 0xb0, 0x0, 0x0, 0x0,
    0x0, 0x0, 0x0, 0x8, 0xb0, 0x0, 0x0, 0x0,
    0x0, 0x0, 0x24, 0x2a, 0xb0, 0x0, 0x0, 0x0,
    0x0, 0x0, 0x5e, 0xff, 0x60, 0x0, 0x0, 0x0,

    /* U+5B83 "它" */
    0x0, 0x0, 0x0, 0x0, 0x0, 0x0, 0x0, 0x0,
    0x0, 0x1, 0xd2, 0x0, 0x0, 0x0, 0x0, 0x0,
    0x0, 0x8d, 0x0, 0x0, 0x0, 0x14, 0x44, 0x44,
    0x5e, 0x74, 0x44, 0x41, 0x4f, 0xcc, 0xcc, 0xcc,
    0xcc, 0xcc, 0xf4, 0x4f, 0x0, 0x0, 0x0, 0x0,
    0x0, 0xf4, 0x4f, 0xb, 0x20, 0x0, 0x0, 0x0,
    0xf4, 0x15, 0xf, 0x30, 0x0, 0x3, 0x91, 0x51,
    0x0, 0xf, 0x30, 0x5, 0xcf, 0xa2, 0x0, 0x0,
    0xf, 0x8b, 0xfd, 0x81, 0x0, 0x0, 0x0, 0xf,
    0xb6, 0x20, 0x0, 0x0, 0x0, 0x0, 0xf, 0x30,
    0x0, 0x0, 0x3, 0xe0, 0x0, 0xf, 0x30, 0x0,
    0x0, 0x5, 0xe0, 0x0, 0xf, 0x93, 0x22, 0x23,
    0x4c, 0xb0, 0x0, 0x6, 0xdf, 0xff, 0xff, 0xdb,
    0x30,

    /* U+5B89 "安" */
    0x0, 0x0, 0x0, 0x10, 0x0, 0x0, 0x0, 0x0,
    0x0, 0x1, 0xe3, 0x0, 0x0, 0x0, 0x1, 0x11,
    0x11, 0x7e, 0x11, 0x11, 0x10, 0x6f, 0xff, 0xff,
    0xff, 0xff, 0xff, 0xf6, 0x6c, 0x0, 0x2, 0x50,
    0x0, 0x0, 0xc6, 0x6c, 0x0, 0x9, 0xa0, 0x0,
    0x0, 0xc6, 0x1, 0x0, 0x1f, 0x30, 0x0, 0x0,
    0x10, 0xef, 0xff, 0xff, 0xff, 0xff, 0xff, 0xff,
    0x0, 0x2, 0xf4, 0x0, 0x9, 0xa0, 0x0, 0x0,
    0xa, 0xb0, 0x0, 0xe, 0x40, 0x0, 0x0, 0x1d,
    0xe8, 0x20, 0x8c, 0x0, 0x0, 0x0, 0x0, 0x39,
    0xfc, 0xf3, 0x0, 0x0, 0x0, 0x0, 0x2, 0xbe,
    0xde, 0x71, 0x0, 0x13, 0x58, 0xcf, 0x91, 0x5,
    0xdf, 0x81, 0x3f, 0xc9, 0x50, 0x0, 0x0, 0x5,
    0xb1, 0x0, 0x0, 0x0, 0x0, 0x0, 0x0, 0x0,

    /* U+5B8C "完" */
    0x0, 0x0, 0x0, 0x10, 0x0, 0x0, 0x0, 0x0,
    0x0, 0x4, 0xe2, 0x0, 0x0, 0x0, 0x1, 0x11,
    0x11, 0xac, 0x11, 0x11, 0x10, 0x9f, 0xff, 0xff,
    0xff, 0xff, 0xff, 0xf2, 0x99, 0x0, 0x0, 0x0,
    0x0, 0x0, 0xf2, 0x99, 0x12, 0x22, 0x22, 0x22,
    0x20, 0xf2, 0x0, 0x9e, 0xee, 0xee, 0xee, 0xe3,
    0x10, 0x0, 0x0, 0x0, 0x0, 0x0, 0x0, 0x0,
    0xde, 0xee, 0xee, 0xee, 0xee, 0xee, 0xe6, 0x22,
    0x22, 0xb9, 0x24, 0xf2, 0x22, 0x21, 0x0, 0x0,
    0xb6, 0x2, 0xf0, 0x0, 0x0, 0x0, 0x0, 0xf3,
    0x2, 0xf0, 0x0, 0x33, 0x0, 0x8, 0xd0, 0x2,
    0xf0, 0x0, 0x7a, 0x2, 0xaf, 0x30, 0x2, 0xf4,
    0x23, 0xc8, 0x8f, 0xb2, 0x0, 0x0, 0xcf, 0xff,
    0xc2, 0x12, 0x0, 0x0, 0x0, 0x0, 0x0, 0x0,

    /* U+5B9A "定" */
    0x0, 0x0, 0x0, 0x20, 0x0, 0x0, 0x0, 0x0,
    0x0, 0x0, 0xb, 0xa0, 0x0, 0x0, 0x0, 0x1,
    0x11, 0x11, 0x2e, 0x41, 0x11, 0x10, 0x4, 0xff,
    0xff, 0xff, 0xff, 0xff, 0xff, 0x40, 0x4e, 0x0,
    0x0, 0x0, 0x0, 0x0, 0xe4, 0x4, 0xe0, 0x22,
    0x22, 0x22, 0x22, 0xe, 0x40, 0x1, 0x3d, 0xdd,
    0xef, 0xdd, 0xd4, 0x10, 0x0, 0x0, 0x0, 0x3,
    0xe0, 0x0, 0x0, 0x0, 0x0, 0xa, 0x50, 0x3e,
    0x0, 0x0, 0x0, 0x0, 0x0, 0xe4, 0x3, 0xff,
    0xff, 0xfc, 0x0, 0x0, 0x3f, 0x10, 0x3e, 0x11,
    0x11, 0x10, 0x0, 0xa, 0xf9, 0x3, 0xe0, 0x0,
    0x0, 0x0, 0x3, 0xf4, 0xea, 0x4e, 0x0, 0x0,
    0x0, 0x0, 0xda, 0x2, 0xdf, 0xf7, 0x65, 0x56,
    0x60, 0x7d, 0x0, 0x0, 0x59, 0xbc, 0xdd, 0xd9,
    0x0, 0x10, 0x0, 0x0, 0x0, 0x0, 0x0, 0x0,

    /* U+5B9E "实" */
    0x0, 0x0, 0x0, 0x1, 0x0, 0x0, 0x0, 0x0,
    0x0, 0x0, 0x4, 0xe2, 0x0, 0x0, 0x0, 0x1,
    0x22, 0x22, 0x2a, 0xa2, 0x22, 0x22, 0x0, 0xbe,
    0xdd, 0xdd, 0xdd, 0xdd, 0xdd, 0xf4, 0xb, 0x70,
    0x40, 0x0, 0x45, 0x0, 0xe, 0x40, 0xb7, 0xd,
    0xd3, 0x9, 0xa0, 0x0, 0xe4, 0x0, 0x10, 0x8,
    0xf4, 0xa9, 0x0, 0x0, 0x0, 0x8, 0xe6, 0x3,
    0xc, 0x70, 0x0, 0x0, 0x0, 0x4, 0xea, 0x0,
    0xf4, 0x0, 0x0, 0x0, 0x1, 0x12, 0x31, 0x4f,
    0x11, 0x11, 0x10, 0xb, 0xff, 0xff, 0xff, 0xff,
    0xff, 0xff, 0x40, 0x0, 0x0, 0x5, 0xf3, 0x40,
    0x0, 0x0, 0x0, 0x0, 0x5, 0xf6, 0x4e, 0xd6,
    0x0, 0x0, 0x1, 0x5c, 0xf6, 0x0, 0x6, 0xed,
    0x40, 0xb, 0xfd, 0x81, 0x0, 0x0, 0x1, 0x9f,
    0x30, 0x11, 0x0, 0x0, 0x0, 0x0, 0x0, 0x10,

    /* U+5BB9 "容" */
    0x0, 0x0, 0x0, 0x0, 0x0, 0x0, 0x0, 0x0,
    0x0, 0x0, 0x0, 0xb, 0x80, 0x0, 0x0, 0x0,
    0x0, 0x22, 0x22, 0x24, 0xf4, 0x22, 0x22, 0x20,
    0x4, 0xfd, 0xdd, 0xdd, 0xdd, 0xdd, 0xdd, 0xe0,
    0x4, 0xe0, 0x0, 0x20, 0x0, 0x40, 0x4, 0xe0,
    0x2, 0xa0, 0x3d, 0x90, 0x2, 0xcd, 0x52, 0xa0,
    0x0, 0x3b, 0xe5, 0xb, 0xe6, 0x5, 0xeb, 0x10,
    0x0, 0x68, 0x0, 0xbb, 0x4e, 0x80, 0x17, 0x0,
    0x0, 0x0, 0x2d, 0xa0, 0x1, 0xcd, 0x40, 0x0,
    0x0, 0x19, 0xe6, 0x0, 0x0, 0x6, 0xfb, 0x30,
    0x9, 0xfa, 0xff, 0xff, 0xff, 0xff, 0xd8, 0xf6,
    0x3, 0x12, 0xf0, 0x0, 0x0, 0x5, 0xc0, 0x0,
    0x0, 0x2, 0xf0, 0x0, 0x0, 0x5, 0xc0, 0x0,
    0x0, 0x2, 0xfc, 0xcc, 0xcc, 0xcd, 0xc0, 0x0,
    0x0, 0x2, 0xf3, 0x33, 0x33, 0x37, 0xc0, 0x0,

    /* U+5BBD "宽" */
    0x0, 0x0, 0x0, 0x7, 0x10, 0x0, 0x0, 0x0,
    0x0, 0x0, 0x0, 0x8, 0xb0, 0x0, 0x0, 0x0,
    0x3, 0xee, 0xee, 0xee, 0xfe, 0xee, 0xee, 0x90,
    0x3, 0xe0, 0x1, 0x90, 0x6, 0x50, 0x8, 0xa0,
    0x3, 0xe4, 0x68, 0xf6, 0x6c, 0xb6, 0x68, 0xa0,
    0x0, 0x6, 0x8a, 0xf8, 0x8d, 0xc8, 0x81, 0x0,
    0x0, 0x0, 0x2, 0x90, 0x6, 0x50, 0x0, 0x0,
    0x0, 0x7, 0xff, 0xff, 0xff, 0xff, 0xe0, 0x0,
    0x0, 0x8, 0xb1, 0x12, 0x31, 0x14, 0xe0, 0x0,
    0x0, 0x8, 0xb0, 0x7, 0xa0, 0x3, 0xe0, 0x0,
    0x0, 0x8, 0xb0, 0xa, 0x70, 0x3, 0xe0, 0x0,
    0x0, 0x4, 0x60, 0x1f, 0x5a, 0x2, 0x80, 0x10,
    0x0, 0x0, 0x2, 0xc8, 0x3f, 0x0, 0x0, 0xe2,
    0x0, 0x4, 0x9f, 0x70, 0x3f, 0x43, 0x36, 0xf1,
    0xb, 0xfc, 0x81, 0x0, 0xa, 0xdd, 0xdc, 0x60,
    0x1, 0x0, 0x0, 0x0, 0x0, 0x0, 0x0, 0x0,

    /* U+5BF8 "寸" */
    0x0, 0x0, 0x0, 0x0, 0xe, 0x50, 0x0, 0x0,
    0x0, 0x0, 0x0, 0xe, 0x50, 0x0, 0x0, 0x0,
    0x0, 0x0, 0xe, 0x50, 0x0, 0xde, 0xee, 0xee,
    0xee, 0xef, 0xfe, 0xe9, 0x33, 0x33, 0x33, 0x33,
    0x3e, 0x83, 0x32, 0x0, 0x1, 0x0, 0x0, 0xd,
    0x60, 0x0, 0x0, 0x6e, 0x10, 0x0, 0xd, 0x60,
    0x0, 0x0, 0xd, 0xb0, 0x0, 0xd, 0x60, 0x0,
    0x0, 0x2, 0xf6, 0x0, 0xd, 0x60, 0x0, 0x0,
    0x0, 0x8e, 0x0, 0xd, 0x60, 0x0, 0x0, 0x0,
    0x3, 0x0, 0xd, 0x60, 0x0, 0x0, 0x0, 0x0,
    0x0, 0xd, 0x60, 0x0, 0x0, 0x0, 0x1, 0x65,
    0x4f, 0x60, 0x0, 0x0, 0x0, 0x1, 0xef, 0xfe,
    0x20, 0x0,

    /* U+5BF9 "对" */
    0x0, 0x0, 0x0, 0x0, 0x0, 0x2, 0xf0, 0x0,
    0x7, 0xaa, 0xaa, 0x70, 0x0, 0x2, 0xf0, 0x0,
    0x4, 0x55, 0x58, 0xf0, 0x0, 0x2, 0xf0, 0x0,
    0x0, 0x0, 0x6, 0xc6, 0xdd, 0xdd, 0xfd, 0xd1,
    0x1, 0xd1, 0x9, 0x91, 0x44, 0x45, 0xf4, 0x40,
    0x0, 0x8d, 0xe, 0x50, 0x20, 0x1, 0xf0, 0x0,
    0x0, 0xb, 0xcf, 0x0, 0xe5, 0x1, 0xf0, 0x0,
    0x0, 0x1, 0xeb, 0x0, 0x7d, 0x1, 0xf0, 0x0,
    0x0, 0x0, 0xef, 0x30, 0x1f, 0x31, 0xf0, 0x0,
    0x0, 0x8, 0xc9, 0xd0, 0xa, 0x61, 0xf0, 0x0,
    0x0, 0x3f, 0x30, 0xd8, 0x0, 0x1, 0xf0, 0x0,
    0x1, 0xe8, 0x0, 0x43, 0x0, 0x1, 0xf0, 0x0,
    0xd, 0xb0, 0x0, 0x0, 0x3, 0x34, 0xf0, 0x0,
    0x3, 0x0, 0x0, 0x0, 0x8, 0xff, 0xb0, 0x0,

    /* U+5BFC "导" */
    0x0, 0xff, 0xff, 0xff, 0xff, 0xfd, 0x0, 0x0,
    0xf0, 0x0, 0x0, 0x0, 0x3d, 0x0, 0x0, 0xf0,
    0x0, 0x0, 0x0, 0x3d, 0x0, 0x0, 0xfe, 0xee,
    0xee, 0xee, 0xfd, 0x0, 0x0, 0xf1, 0x11, 0x11,
    0x11, 0x10, 0x85, 0x0, 0xf1, 0x0, 0x0, 0x0,
    0x0, 0xc5, 0x0, 0xcf, 0xfe, 0xee, 0xee, 0xff,
    0xd1, 0x0, 0x0, 0x11, 0x12, 0x19, 0x90, 0x0,
    0x24, 0x44, 0x44, 0x44, 0x4a, 0xa4, 0x43, 0x5b,
    0xbb, 0xbb, 0xbb, 0xbd, 0xeb, 0xba, 0x0, 0xa,
    0xb0, 0x0, 0x8, 0xa0, 0x0, 0x0, 0x0, 0xcb,
    0x0, 0x8, 0xa0, 0x0, 0x0, 0x0, 0x15, 0x12,
    0x19, 0xa0, 0x0, 0x0, 0x0, 0x0, 0x2e, 0xff,
    0x50, 0x0,

    /* U+5C04 "射" */
    0x0, 0x0, 0x51, 0x0, 0x0, 0x0, 0x0, 0x0,
    0x0, 0x1, 0xe0, 0x0, 0x0, 0x0, 0xc5, 0x0,
    0x0, 0xde, 0xfe, 0xe2, 0x0, 0x0, 0xc5, 0x0,
    0x0, 0xe1, 0x0, 0xe2, 0x0, 0x0, 0xc5, 0x0,
    0x0, 0xe6, 0x55, 0xe2, 0x33, 0x33, 0xc7, 0x30,
    0x0, 0xe9, 0x99, 0xf2, 0xdd, 0xdd, 0xfe, 0xd1,
    0x0, 0xe3, 0x22, 0xe2, 0x0, 0x0, 0xb6, 0x0,
    0x0, 0xeb, 0xbb, 0xf2, 0x2b, 0x0, 0xb6, 0x0,
    0x0, 0xe2, 0x0, 0xe2, 0xd, 0x60, 0xb6, 0x0,
    0x3f, 0xff, 0xff, 0xf2, 0x6, 0xd0, 0xb6, 0x0,
    0x0, 0x0, 0xb5, 0xe2, 0x0, 0xe2, 0xb6, 0x0,
    0x0, 0x9, 0x90, 0xe2, 0x0, 0x0, 0xb6, 0x0,
    0x1, 0xba, 0x0, 0xe2, 0x0, 0x0, 0xb6, 0x0,
    0x2e, 0x80, 0x11, 0xe2, 0x1, 0x32, 0xc6, 0x0,
    0x1, 0x0, 0xef, 0xd0, 0x1, 0xef, 0xe3, 0x0,

    /* U+5C06 "将" */
    0x0, 0x0, 0x0, 0x0, 0x1, 0x0, 0x0, 0x0,
    0x0, 0x0, 0xf1, 0x0, 0x1e, 0x30, 0x0, 0x0,
    0x0, 0x0, 0xf1, 0x0, 0xcf, 0xcc, 0xcb, 0x10,
    0x7, 0x30, 0xf1, 0x1c, 0xc2, 0x22, 0x8c, 0x0,
    0x9, 0xa0, 0xf3, 0xe9, 0xe9, 0x4, 0xe3, 0x0,
    0x2, 0xf1, 0xf1, 0x10, 0x1d, 0xcf, 0x40, 0x0,
    0x0, 0xd6, 0xf1, 0x0, 0x2b, 0xe3, 0x0, 0x0,
    0x0, 0x52, 0xf1, 0x8c, 0xd7, 0x3, 0xc0, 0x0,
    0x0, 0x0, 0xf1, 0x44, 0x11, 0x14, 0xe1, 0x10,
    0x0, 0x3c, 0xf4, 0xff, 0xff, 0xff, 0xff, 0xf2,
    0xa, 0xf6, 0xf1, 0x7, 0x10, 0x3, 0xe0, 0x0,
    0xa, 0x20, 0xf1, 0x9, 0xd0, 0x3, 0xe0, 0x0,
    0x0, 0x0, 0xf1, 0x0, 0xd7, 0x3, 0xe0, 0x0,
    0x0, 0x0, 0xf1, 0x0, 0x22, 0x25, 0xe0, 0x0,
    0x0, 0x0, 0xf1, 0x0, 0x5, 0xff, 0xa0, 0x0,

    /* U+5C0F "小" */
    0x0, 0x0, 0x0, 0xd, 0x60, 0x0, 0x0, 0x0,
    0x0, 0x0, 0x0, 0xd6, 0x0, 0x0, 0x0, 0x0,
    0x0, 0x0, 0xd, 0x60, 0x0, 0x0, 0x0, 0x0,
    0x58, 0x0, 0xd6, 0x8, 0xa0, 0x0, 0x0, 0xa,
    0xa0, 0xd, 0x60, 0x2f, 0x30, 0x0, 0x0, 0xf5,
    0x0, 0xd6, 0x0, 0x9c, 0x0, 0x0, 0x5f, 0x0,
    0xd, 0x60, 0x1, 0xf4, 0x0, 0xd, 0x90, 0x0,
    0xd6, 0x0, 0xa, 0xc0, 0x6, 0xf2, 0x0, 0xd,
    0x60, 0x0, 0x3f, 0x30, 0xe8, 0x0, 0x0, 0xd6,
    0x0, 0x0, 0xc5, 0x2, 0x0, 0x0, 0xd, 0x60,
    0x0, 0x0, 0x0, 0x0, 0x0, 0x0, 0xe6, 0x0,
    0x0, 0x0, 0x0, 0x0, 0x8e, 0xdf, 0x40, 0x0,
    0x0, 0x0, 0x0, 0x1, 0x45, 0x30, 0x0, 0x0,
    0x0,

    /* U+5C3A "尺" */
    0x0, 0xe, 0xff, 0xff, 0xff, 0xff, 0xf2, 0x0,
    0x0, 0xe5, 0x0, 0x0, 0x0, 0x1f, 0x20, 0x0,
    0xe, 0x40, 0x0, 0x0, 0x0, 0xf2, 0x0, 0x0,
    0xe4, 0x0, 0x0, 0x0, 0xf, 0x20, 0x0, 0xe,
    0x40, 0x0, 0x0, 0x0, 0xf2, 0x0, 0x0, 0xe5,
    0x11, 0x11, 0x11, 0x2f, 0x20, 0x0, 0xf, 0xfe,
    0xef, 0xfe, 0xee, 0xe2, 0x0, 0x0, 0xf3, 0x0,
    0x4e, 0x0, 0x0, 0x0, 0x0, 0x3f, 0x10, 0x0,
    0xd6, 0x0, 0x0, 0x0, 0x6, 0xe0, 0x0, 0x4,
    0xf2, 0x0, 0x0, 0x0, 0xaa, 0x0, 0x0, 0x9,
    0xd1, 0x0, 0x0, 0x1f, 0x50, 0x0, 0x0, 0xa,
    0xe4, 0x0, 0x9, 0xe0, 0x0, 0x0, 0x0, 0x8,
    0xfb, 0x30, 0xf5, 0x0, 0x0, 0x0, 0x0, 0x3,
    0xc6, 0x2, 0x0, 0x0, 0x0, 0x0, 0x0, 0x0,
    0x0,

    /* U+5C3E "尾" */
    0x0, 0xef, 0xff, 0xff, 0xff, 0xff, 0xfc, 0x0,
    0x0, 0xe3, 0x0, 0x0, 0x0, 0x0, 0x5c, 0x0,
    0x0, 0xe3, 0x0, 0x0, 0x0, 0x0, 0x5c, 0x0,
    0x0, 0xef, 0xee, 0xee, 0xee, 0xee, 0xfc, 0x0,
    0x0, 0xe3, 0x0, 0x0, 0x0, 0x15, 0x10, 0x0,
    0x0, 0xe3, 0x46, 0x79, 0xce, 0xeb, 0x60, 0x0,
    0x0, 0xe3, 0x69, 0x78, 0xe1, 0x0, 0x0, 0x0,
    0x0, 0xe2, 0x1, 0x37, 0xf8, 0xac, 0xe9, 0x0,
    0x0, 0xf2, 0xed, 0xcb, 0xf7, 0x53, 0x10, 0x0,
    0x0, 0xf1, 0x0, 0x4, 0xf4, 0x67, 0x9b, 0xa0,
    0x3, 0xe3, 0xbd, 0xff, 0xfc, 0xa8, 0x65, 0x30,
    0x8, 0xb1, 0x42, 0x13, 0xe0, 0x0, 0x0, 0xb1,
    0xd, 0x60, 0x0, 0x3, 0xf2, 0x11, 0x14, 0xf1,
    0x1c, 0x0, 0x0, 0x0, 0xbe, 0xff, 0xfe, 0x90,
    0x0, 0x0, 0x0, 0x0, 0x0, 0x0, 0x0, 0x0,

    /* U+5C40 "局" */
    0x4, 0xff, 0xff, 0xff, 0xff, 0xff, 0xc0, 0x0,
    0x4d, 0x0, 0x0, 0x0, 0x0, 0x5c, 0x0, 0x4,
    0xd0, 0x0, 0x0, 0x0, 0x5, 0xc0, 0x0, 0x4f,
    0xcc, 0xcc, 0xcc, 0xcc, 0xdc, 0x0, 0x4, 0xe3,
    0x33, 0x33, 0x33, 0x33, 0x20, 0x0, 0x4d, 0x0,
    0x0, 0x0, 0x0, 0x0, 0x0, 0x4, 0xff, 0xff,
    0xff, 0xff, 0xff, 0xff, 0x10, 0x5d, 0x0, 0x0,
    0x0, 0x0, 0x1, 0xf0, 0x5, 0xc0, 0xdf, 0xff,
    0xff, 0x20, 0x2f, 0x0, 0x7b, 0xd, 0x30, 0x0,
    0xe2, 0x3, 0xe0, 0xa, 0x90, 0xd3, 0x0, 0xe,
    0x20, 0x5d, 0x0, 0xf5, 0xc, 0xff, 0xff, 0xf1,
    0x7, 0xb0, 0x8e, 0x0, 0x0, 0x0, 0x24, 0x33,
    0xc8, 0x7, 0x50, 0x0, 0x0, 0x4, 0xef, 0xfd,
    0x10, 0x0, 0x0, 0x0, 0x0, 0x0, 0x0, 0x0,
    0x0,

    /* U+5C4F "屏" */
    0x0, 0xef, 0xff, 0xff, 0xff, 0xff, 0xfd, 0x0,
    0xe, 0x20, 0x0, 0x0, 0x0, 0x4, 0xd0, 0x0,
    0xe2, 0x0, 0x0, 0x0, 0x0, 0x4d, 0x0, 0xe,
    0xee, 0xee, 0xee, 0xee, 0xef, 0xd0, 0x0, 0xe2,
    0x1, 0xb1, 0x0, 0x59, 0x0, 0x0, 0xe, 0x20,
    0xa, 0x80, 0xd, 0x50, 0x0, 0x0, 0xe2, 0xde,
    0xff, 0xef, 0xfe, 0xee, 0x20, 0xe, 0x20, 0x8,
    0x80, 0xd, 0x40, 0x0, 0x0, 0xf1, 0x0, 0x88,
    0x0, 0xd4, 0x0, 0x0, 0xf, 0x7e, 0xef, 0xfe,
    0xef, 0xfe, 0xec, 0x3, 0xe0, 0x0, 0xb7, 0x0,
    0xc5, 0x0, 0x0, 0x8b, 0x0, 0x1f, 0x20, 0xc,
    0x50, 0x0, 0xe, 0x50, 0x2d, 0xa0, 0x0, 0xc5,
    0x0, 0x1, 0xa0, 0xc, 0xa0, 0x0, 0xc, 0x50,
    0x0, 0x0, 0x0, 0x0, 0x0, 0x0, 0x0, 0x0,
    0x0,

    /* U+5C55 "展" */
    0x0, 0xef, 0xff, 0xff, 0xff, 0xff, 0xfc, 0x0,
    0xe, 0x30, 0x0, 0x0, 0x0, 0x5, 0xc0, 0x0,
    0xe3, 0x0, 0x0, 0x0, 0x0, 0x5c, 0x0, 0xe,
    0xfe, 0xee, 0xee, 0xee, 0xef, 0xc0, 0x0, 0xe3,
    0x1, 0xf0, 0x2, 0xe0, 0x0, 0x0, 0xe, 0xdc,
    0xcf, 0xcc, 0xcf, 0xcc, 0xc0, 0x0, 0xe5, 0x34,
    0xf3, 0x34, 0xe3, 0x33, 0x0, 0xe, 0x30, 0x1f,
    0x0, 0x2e, 0x0, 0x0, 0x0, 0xff, 0xff, 0xff,
    0xff, 0xff, 0xff, 0x90, 0xf, 0x10, 0xf1, 0x9,
    0x90, 0xa, 0x30, 0x3, 0xf0, 0xf, 0x10, 0x1e,
    0x6c, 0xa0, 0x0, 0x7c, 0x0, 0xf1, 0x1, 0x5f,
    0xc0, 0x0, 0xd, 0x60, 0xf, 0x7b, 0xe4, 0x2c,
    0xe8, 0x21, 0xc1, 0x3, 0xfa, 0x50, 0x0, 0x5,
    0xc4, 0x0, 0x0, 0x0, 0x0, 0x0, 0x0, 0x0,
    0x0,

    /* U+5CF0 "峰" */
    0x0, 0x0, 0x0, 0x0, 0x20, 0x0, 0x0, 0x0,
    0xf, 0x0, 0x0, 0x1e, 0xee, 0xf6, 0x0, 0x0,
    0xf0, 0x0, 0xa, 0x50, 0x1f, 0x20, 0x6, 0xf,
    0x6, 0x7, 0xed, 0x9, 0xa0, 0x0, 0xe1, 0xf1,
    0xe6, 0xd1, 0xac, 0xe1, 0x0, 0xe, 0x1f, 0x1e,
    0x11, 0x8, 0xfe, 0x70, 0x0, 0xe1, 0xf1, 0xe1,
    0x7e, 0xb2, 0x3b, 0xfa, 0x1e, 0x1f, 0x1e, 0x9a,
    0x30, 0xe2, 0x2, 0x70, 0xe1, 0xf1, 0xe2, 0xdd,
    0xdf, 0xdd, 0xd6, 0xe, 0x1f, 0x1e, 0x1, 0x11,
    0xe3, 0x11, 0x0, 0xe1, 0xf1, 0xe0, 0x9d, 0xdf,
    0xdd, 0xc0, 0xe, 0x7f, 0xde, 0x12, 0x22, 0xe4,
    0x22, 0x20, 0xb9, 0x63, 0xe6, 0xcc, 0xcf, 0xcc,
    0xcc, 0x0, 0x0, 0x0, 0x0, 0x0, 0xe2, 0x0,
    0x0, 0x0, 0x0, 0x0, 0x0, 0xe, 0x20, 0x0,
    0x0,

    /* U+5DE5 "工" */
    0x2, 0x22, 0x22, 0x22, 0x22, 0x22, 0x20, 0xf,
    0xff, 0xff, 0xff, 0xff, 0xff, 0xe0, 0x0, 0x0,
    0x0, 0xb8, 0x0, 0x0, 0x0, 0x0, 0x0, 0x0,
    0xb8, 0x0, 0x0, 0x0, 0x0, 0x0, 0x0, 0xb8,
    0x0, 0x0, 0x0, 0x0, 0x0, 0x0, 0xb8, 0x0,
    0x0, 0x0, 0x0, 0x0, 0x0, 0xb8, 0x0, 0x0,
    0x0, 0x0, 0x0, 0x0, 0xb8, 0x0, 0x0, 0x0,
    0x0, 0x0, 0x0, 0xb8, 0x0, 0x0, 0x0, 0x0,
    0x0, 0x0, 0xb8, 0x0, 0x0, 0x0, 0x45, 0x55,
    0x55, 0xcb, 0x55, 0x55, 0x54, 0xbc, 0xcc, 0xcc,
    0xcc, 0xcc, 0xcc, 0xca,

    /* U+5DE6 "左" */
    0x0, 0x0, 0x0, 0x0, 0x0, 0x0, 0x0, 0x0,
    0x0, 0x0, 0xa, 0x80, 0x0, 0x0, 0x0, 0x0,
    0x0, 0x0, 0xd5, 0x0, 0x0, 0x0, 0x0, 0x22,
    0x22, 0x2f, 0x42, 0x22, 0x22, 0x21, 0xc, 0xff,
    0xff, 0xff, 0xff, 0xff, 0xff, 0x60, 0x0, 0x0,
    0x99, 0x0, 0x0, 0x0, 0x0, 0x0, 0x0, 0xf,
    0x30, 0x0, 0x0, 0x0, 0x0, 0x0, 0x7, 0xc1,
    0x11, 0x11, 0x11, 0x0, 0x0, 0x1, 0xff, 0xff,
    0xff, 0xff, 0xf4, 0x0, 0x0, 0xc9, 0x0, 0xa,
    0x80, 0x0, 0x0, 0x0, 0xac, 0x0, 0x0, 0xa8,
    0x0, 0x0, 0x0, 0xbd, 0x10, 0x0, 0xa, 0x80,
    0x0, 0x0, 0x2b, 0x10, 0x0, 0x0, 0xa8, 0x0,
    0x0, 0x0, 0x0, 0x9f, 0xff, 0xff, 0xff, 0xff,
    0xf9, 0x0, 0x1, 0x22, 0x22, 0x22, 0x22, 0x22,
    0x10,

    /* U+5DEE "差" */
    0x0, 0x0, 0x0, 0x0, 0x0, 0x0, 0x0, 0x0,
    0x0, 0x4, 0xb0, 0x0, 0x1d, 0x20, 0x0, 0x0,
    0x0, 0xd, 0x50, 0x9, 0xb0, 0x0, 0x0, 0x4f,
    0xff, 0xff, 0xff, 0xff, 0xff, 0xf4, 0x0, 0x0,
    0x0, 0x4d, 0x0, 0x0, 0x0, 0x0, 0x8, 0xee,
    0xef, 0xfe, 0xee, 0xee, 0x80, 0x0, 0x0, 0x0,
    0xb6, 0x0, 0x0, 0x0, 0x0, 0x12, 0x22, 0x2f,
    0x42, 0x22, 0x22, 0x21, 0xd, 0xee, 0xef, 0xfe,
    0xee, 0xee, 0xee, 0xd0, 0x0, 0x0, 0xe3, 0x0,
    0x0, 0x0, 0x0, 0x0, 0x0, 0xaf, 0xee, 0xee,
    0xee, 0xe8, 0x0, 0x0, 0x9a, 0x11, 0x17, 0xc1,
    0x11, 0x0, 0x3, 0xcd, 0x0, 0x0, 0x6c, 0x0,
    0x0, 0x0, 0xca, 0x0, 0x0, 0x6, 0xc0, 0x0,
    0x0, 0x1, 0xa, 0xff, 0xff, 0xff, 0xff, 0xff,
    0xc0,

    /* U+5DF2 "已" */
    0xbf, 0xff, 0xff, 0xff, 0xff, 0xe0, 0x0, 0x11,
    0x11, 0x11, 0x11, 0x15, 0xf0, 0x0, 0x0, 0x0,
    0x0, 0x0, 0x4, 0xf0, 0x0, 0x4c, 0x0, 0x0,
    0x0, 0x4, 0xf0, 0x0, 0x5e, 0x11, 0x11, 0x11,
    0x14, 0xf0, 0x0, 0x5f, 0xff, 0xff, 0xff, 0xff,
    0xf0, 0x0, 0x5e, 0x0, 0x0, 0x0, 0x0, 0x0,
    0x0, 0x5e, 0x0, 0x0, 0x0, 0x0, 0x0, 0x0,
    0x5e, 0x0, 0x0, 0x0, 0x0, 0x2, 0x80, 0x5e,
    0x0, 0x0, 0x0, 0x0, 0x4, 0xf0, 0x5f, 0x10,
    0x0, 0x0, 0x0, 0x8, 0xe0, 0x1f, 0xfe, 0xed,
    0xdd, 0xee, 0xff, 0x80, 0x0, 0x34, 0x55, 0x55,
    0x54, 0x31, 0x0,

    /* U+5E03 "布" */
    0x0, 0x0, 0x0, 0x12, 0x0, 0x0, 0x0, 0x0,
    0x0, 0x0, 0x9, 0xb0, 0x0, 0x0, 0x0, 0x0,
    0x0, 0x0, 0xe5, 0x0, 0x0, 0x0, 0x0, 0xae,
    0xee, 0xef, 0xee, 0xee, 0xee, 0xee, 0x1, 0x22,
    0x2d, 0x82, 0x32, 0x22, 0x22, 0x20, 0x0, 0x6,
    0xe0, 0xe, 0x30, 0x0, 0x0, 0x0, 0x2, 0xf6,
    0x0, 0xe3, 0x0, 0x0, 0x0, 0x1, 0xdf, 0xff,
    0xff, 0xff, 0xff, 0xb0, 0x1, 0xcc, 0xf3, 0x11,
    0xe4, 0x11, 0x6c, 0x0, 0xdb, 0xf, 0x20, 0xe,
    0x30, 0x6, 0xc0, 0x5, 0x0, 0xf2, 0x0, 0xe3,
    0x0, 0x6c, 0x0, 0x0, 0xf, 0x20, 0xe, 0x30,
    0x6, 0xc0, 0x0, 0x0, 0xf2, 0x0, 0xe3, 0x6e,
    0xfa, 0x0, 0x0, 0xa, 0x10, 0xe, 0x31, 0x33,
    0x0, 0x0, 0x0, 0x0, 0x0, 0xe3, 0x0, 0x0,
    0x0,

    /* U+5E0C "希" */
    0x0, 0x0, 0x0, 0x0, 0x0, 0x0, 0x0, 0x0,
    0x0, 0x1, 0xb8, 0x20, 0x1, 0xad, 0x0, 0x0,
    0x0, 0x0, 0x49, 0xed, 0x9e, 0xa1, 0x0, 0x0,
    0x0, 0x0, 0x4, 0x9f, 0xcf, 0xb5, 0x0, 0x0,
    0x0, 0xad, 0xfb, 0x77, 0x1, 0x7d, 0xe2, 0x0,
    0x0, 0x44, 0x11, 0x5e, 0x11, 0x11, 0x31, 0x10,
    0xe, 0xff, 0xff, 0xff, 0xff, 0xff, 0xff, 0xf1,
    0x0, 0x0, 0xb, 0x90, 0xb1, 0x0, 0x0, 0x0,
    0x0, 0x0, 0xad, 0x11, 0xf2, 0x0, 0x0, 0x0,
    0x0, 0xb, 0xfe, 0xee, 0xfe, 0xee, 0xf8, 0x0,
    0x4, 0xdb, 0xf2, 0x0, 0xf2, 0x0, 0x98, 0x0,
    0xb, 0x70, 0xf2, 0x0, 0xf2, 0x0, 0x98, 0x0,
    0x0, 0x0, 0xf2, 0x0, 0xf2, 0x23, 0xb8, 0x0,
    0x0, 0x0, 0xf2, 0x0, 0xf2, 0x6e, 0xe3, 0x0,
    0x0, 0x0, 0x50, 0x0, 0xf2, 0x0, 0x0, 0x0,

    /* U+5E26 "带" */
    0x0, 0x98, 0x0, 0xa7, 0x0, 0xa7, 0x0, 0x0,
    0x98, 0x0, 0xa7, 0x0, 0xa7, 0x0, 0xde, 0xff,
    0xee, 0xff, 0xee, 0xff, 0xeb, 0x0, 0x98, 0x0,
    0xa7, 0x0, 0xa7, 0x0, 0x0, 0x11, 0x0, 0x64,
    0x0, 0x21, 0x0, 0xef, 0xff, 0xff, 0xff, 0xff,
    0xff, 0xfc, 0xe3, 0x0, 0x0, 0xc6, 0x0, 0x0,
    0x5c, 0xc2, 0x0, 0x0, 0xc6, 0x0, 0x0, 0x4b,
    0x0, 0xef, 0xff, 0xff, 0xff, 0xfe, 0x0, 0x0,
    0xe3, 0x0, 0xc6, 0x0, 0x3e, 0x0, 0x0, 0xe3,
    0x0, 0xc6, 0x0, 0x3e, 0x0, 0x0, 0xe3, 0x0,
    0xc6, 0x12, 0x5e, 0x0, 0x0, 0xe3, 0x0, 0xc6,
    0x5e, 0xf9, 0x0, 0x0, 0x20, 0x0, 0xc6, 0x0,
    0x0, 0x0,

    /* U+5E27 "帧" */
    0x0, 0xe1, 0x0, 0x0, 0xf, 0x0, 0x0, 0x0,
    0xe, 0x10, 0x0, 0x0, 0xf4, 0x33, 0x20, 0x0,
    0xe1, 0x0, 0x0, 0xf, 0xcc, 0xc9, 0xe, 0xcf,
    0xcf, 0x10, 0x0, 0xf1, 0x0, 0x0, 0xe1, 0xe1,
    0xe1, 0xde, 0xef, 0xee, 0xe2, 0xe, 0x1e, 0x1e,
    0x1e, 0x20, 0x0, 0xe, 0x20, 0xe1, 0xe1, 0xe1,
    0xe2, 0xb, 0x20, 0xe2, 0xe, 0x1e, 0x1e, 0x1e,
    0x20, 0xe3, 0xe, 0x20, 0xe1, 0xe1, 0xe1, 0xe2,
    0xf, 0x20, 0xe2, 0xe, 0x1e, 0x4f, 0x1e, 0x21,
    0xf1, 0xe, 0x20, 0xe0, 0xe9, 0xa0, 0x81, 0x6d,
    0x21, 0x81, 0x0, 0xe, 0x10, 0x0, 0x1e, 0x59,
    0xe5, 0x0, 0x0, 0xe1, 0x0, 0x6e, 0x80, 0x5,
    0xf8, 0x0, 0xe, 0x12, 0xfc, 0x40, 0x0, 0x3,
    0xc1, 0x0, 0x0, 0x1, 0x0, 0x0, 0x0, 0x0,
    0x0,

    /* U+5E38 "常" */
    0x0, 0x17, 0x0, 0x4e, 0x0, 0x82, 0x0, 0x0,
    0xd, 0x80, 0x4e, 0x5, 0xe1, 0x0, 0x39, 0x9c,
    0xd9, 0xbf, 0x9e, 0xc9, 0x98, 0x5d, 0x44, 0x44,
    0x44, 0x44, 0x44, 0x6e, 0x5d, 0xd, 0xee, 0xee,
    0xee, 0xe2, 0x3e, 0x26, 0xf, 0x30, 0x0, 0x0,
    0xe3, 0x16, 0x0, 0xf, 0x41, 0x11, 0x11, 0xe3,
    0x0, 0x0, 0xc, 0xdd, 0xef, 0xdd, 0xd2, 0x0,
    0x0, 0x0, 0x0, 0x4e, 0x0, 0x0, 0x0, 0x6,
    0xfe, 0xee, 0xff, 0xee, 0xef, 0xf1, 0x6, 0xc0,
    0x0, 0x4e, 0x0, 0x5, 0xf1, 0x6, 0xc0, 0x0,
    0x4e, 0x0, 0x5, 0xf1, 0x6, 0xc0, 0x0, 0x4e,
    0x7, 0xef, 0xe0, 0x2, 0x50, 0x0, 0x4e, 0x0,
    0x33, 0x10,

    /* U+5E3D "帽" */
    0x0, 0xf0, 0x3, 0xfe, 0xee, 0xee, 0xf7, 0x0,
    0xf0, 0x3, 0xd0, 0x0, 0x0, 0x87, 0x1, 0xf1,
    0x13, 0xd7, 0xbb, 0xba, 0x87, 0xef, 0xff, 0xf4,
    0xd4, 0x66, 0x65, 0x87, 0xe1, 0xf0, 0xe4, 0xd5,
    0x99, 0x98, 0x87, 0xe1, 0xf0, 0xe2, 0x42, 0x33,
    0x33, 0x32, 0xe1, 0xf0, 0xe1, 0xcd, 0xdd, 0xdd,
    0xd1, 0xe1, 0xf0, 0xe1, 0xe3, 0x11, 0x11, 0xe2,
    0xe1, 0xf0, 0xe1, 0xeb, 0xbb, 0xbb, 0xf2, 0xe1,
    0xf3, 0xf0, 0xe6, 0x44, 0x44, 0xf2, 0xe1, 0xf8,
    0xa0, 0xea, 0x99, 0x99, 0xf2, 0x0, 0xf0, 0x0,
    0xe6, 0x44, 0x44, 0xf2, 0x0, 0xf0, 0x0, 0xec,
    0xbb, 0xbb, 0xf2, 0x0, 0xf0, 0x0, 0xe5, 0x33,
    0x33, 0xf2,

    /* U+5E45 "幅" */
    0x0, 0xf1, 0xc, 0xff, 0xff, 0xff, 0xff, 0x30,
    0xf, 0x10, 0x0, 0x0, 0x0, 0x0, 0x0, 0x1,
    0xf1, 0x10, 0x17, 0x77, 0x77, 0x70, 0xf, 0xff,
    0xff, 0x14, 0xe9, 0x99, 0xaf, 0x0, 0xf0, 0xf1,
    0xe1, 0x4d, 0x0, 0x1, 0xf0, 0xf, 0xf, 0x1e,
    0x14, 0xfc, 0xcc, 0xcf, 0x0, 0xf0, 0xf1, 0xe1,
    0x0, 0x0, 0x0, 0x0, 0xf, 0xf, 0x1e, 0x5f,
    0xff, 0xff, 0xff, 0xd0, 0xf0, 0xf1, 0xe5, 0xf0,
    0xe, 0x10, 0x2e, 0xf, 0xf, 0x2f, 0x5f, 0x0,
    0xe1, 0x2, 0xe0, 0xf0, 0xfb, 0xd4, 0xfe, 0xef,
    0xee, 0xee, 0x2, 0xf, 0x10, 0x4f, 0x0, 0xe1,
    0x2, 0xe0, 0x0, 0xf1, 0x4, 0xfb, 0xbf, 0xbb,
    0xce, 0x0, 0xf, 0x10, 0x4f, 0x33, 0x33, 0x35,
    0xe0,

    /* U+5E55 "幕" */
    0x0, 0x0, 0xf, 0x10, 0x3, 0xe0, 0x0, 0x0,
    0xb, 0xee, 0xef, 0xee, 0xee, 0xfe, 0xee, 0xb0,
    0x0, 0x4, 0x4f, 0x54, 0x47, 0xe4, 0x40, 0x0,
    0x0, 0x1f, 0x77, 0x77, 0x77, 0x77, 0xf1, 0x0,
    0x0, 0x1f, 0xcc, 0xcc, 0xcc, 0xcc, 0xf1, 0x0,
    0x0, 0x1f, 0x22, 0x22, 0x22, 0x22, 0xf1, 0x0,
    0x0, 0x19, 0x9a, 0xf9, 0x99, 0x99, 0x90, 0x0,
    0xb, 0xbb, 0xbd, 0xfb, 0xbb, 0xbb, 0xbb, 0xb1,
    0x3, 0x33, 0xcb, 0x35, 0x43, 0xae, 0x43, 0x30,
    0x0, 0xb, 0xe1, 0xa, 0x70, 0xb, 0xe4, 0x0,
    0x4, 0xee, 0xfe, 0xef, 0xee, 0xef, 0xcf, 0xb0,
    0xb, 0x65, 0xb0, 0xa, 0x70, 0x9, 0x71, 0x50,
    0x0, 0x5, 0xb0, 0xa, 0x72, 0x5c, 0x70, 0x0,
    0x0, 0x4, 0x90, 0xa, 0x72, 0xaa, 0x20, 0x0,

    /* U+5E73 "平" */
    0x6, 0xff, 0xff, 0xff, 0xff, 0xff, 0xff, 0x60,
    0x0, 0x11, 0x11, 0x1a, 0x91, 0x11, 0x11, 0x0,
    0x0, 0x1a, 0x10, 0xa, 0x90, 0x2, 0xe1, 0x0,
    0x0, 0xe, 0x70, 0xa, 0x90, 0x7, 0xe0, 0x0,
    0x0, 0x8, 0xd0, 0xa, 0x90, 0xc, 0x90, 0x0,
    0x0, 0x2, 0xf3, 0xa, 0x90, 0x2f, 0x20, 0x0,
    0x0, 0x0, 0xc5, 0xa, 0x90, 0x7b, 0x0, 0x0,
    0x0, 0x0, 0x0, 0xa, 0x90, 0x0, 0x0, 0x0,
    0x2f, 0xff, 0xff, 0xff, 0xff, 0xff, 0xff, 0xf3,
    0x2, 0x22, 0x22, 0x2b, 0x92, 0x22, 0x22, 0x20,
    0x0, 0x0, 0x0, 0xa, 0x90, 0x0, 0x0, 0x0,
    0x0, 0x0, 0x0, 0xa, 0x90, 0x0, 0x0, 0x0,
    0x0, 0x0, 0x0, 0xa, 0x90, 0x0, 0x0, 0x0,
    0x0, 0x0, 0x0, 0xa, 0x90, 0x0, 0x0, 0x0,

    /* U+5E76 "并" */
    0x0, 0x0, 0x10, 0x0, 0x1, 0x0, 0x0, 0x0,
    0x7, 0xc0, 0x0, 0xb, 0xa0, 0x0, 0x0, 0x1,
    0xf4, 0x0, 0x1f, 0x30, 0x0, 0x0, 0x0, 0x74,
    0x0, 0x9a, 0x0, 0x0, 0x3f, 0xff, 0xff, 0xff,
    0xff, 0xff, 0xf6, 0x2, 0x22, 0xd6, 0x22, 0x2f,
    0x42, 0x20, 0x0, 0x0, 0xd5, 0x0, 0xf, 0x30,
    0x0, 0x0, 0x0, 0xd5, 0x0, 0xf, 0x30, 0x0,
    0x35, 0x55, 0xd8, 0x55, 0x5f, 0x75, 0x54, 0x9c,
    0xcc, 0xfd, 0xcc, 0xcf, 0xdc, 0xcb, 0x0, 0x0,
    0xe3, 0x0, 0xe, 0x40, 0x0, 0x0, 0x3, 0xf1,
    0x0, 0xe, 0x40, 0x0, 0x0, 0xb, 0xa0, 0x0,
    0xe, 0x40, 0x0, 0x0, 0xae, 0x20, 0x0, 0xe,
    0x40, 0x0, 0xc, 0xd3, 0x0, 0x0, 0xe, 0x40,
    0x0, 0x1, 0x0, 0x0, 0x0, 0x0, 0x0, 0x0,

    /* U+5E8F "序" */
    0x0, 0x0, 0x0, 0x1, 0x80, 0x0, 0x0, 0x0,
    0x0, 0x0, 0x0, 0x0, 0xe6, 0x0, 0x0, 0x0,
    0x0, 0xbc, 0xcc, 0xcc, 0xef, 0xcc, 0xcc, 0xa0,
    0x0, 0xf5, 0x33, 0x33, 0x33, 0x33, 0x33, 0x20,
    0x0, 0xf3, 0x3c, 0xcc, 0xcc, 0xcc, 0xb1, 0x0,
    0x0, 0xf3, 0x2, 0x64, 0x22, 0x6e, 0x60, 0x0,
    0x0, 0xf2, 0x0, 0x7e, 0x99, 0xd3, 0x0, 0x0,
    0x0, 0xf2, 0x0, 0x0, 0x8f, 0x40, 0x0, 0x0,
    0x0, 0xf7, 0xbb, 0xbb, 0xbe, 0xbb, 0xbb, 0x90,
    0x0, 0xf3, 0x44, 0x44, 0x7d, 0x44, 0x5e, 0x80,
    0x1, 0xf0, 0x0, 0x0, 0x4d, 0x5, 0xe7, 0x0,
    0x4, 0xe0, 0x0, 0x0, 0x4d, 0x6, 0x40, 0x0,
    0x9, 0x90, 0x0, 0x0, 0x4d, 0x0, 0x0, 0x0,
    0x1f, 0x40, 0x1, 0x42, 0x7d, 0x0, 0x0, 0x0,
    0x9, 0x0, 0x1, 0xde, 0xf9, 0x0, 0x0, 0x0,

    /* U+5E94 "应" */
    0x0, 0x0, 0x0, 0x2, 0x0, 0x0, 0x0, 0x0,
    0x0, 0x0, 0x0, 0xba, 0x0, 0x0, 0x0, 0x0,
    0x0, 0x0, 0x1, 0xe4, 0x0, 0x0, 0x0, 0xe,
    0xff, 0xff, 0xff, 0xff, 0xff, 0xfc, 0x0, 0xe5,
    0x11, 0x11, 0x11, 0x11, 0x11, 0x0, 0xe, 0x40,
    0x0, 0x2c, 0x0, 0x1, 0x0, 0x0, 0xe4, 0x1,
    0x0, 0xf4, 0x0, 0x9b, 0x0, 0xe, 0x48, 0xc0,
    0xb, 0x90, 0xd, 0x70, 0x0, 0xf4, 0x2f, 0x40,
    0x7c, 0x2, 0xf2, 0x0, 0xf, 0x30, 0xaa, 0x4,
    0xe0, 0x7d, 0x0, 0x1, 0xf1, 0x4, 0xf0, 0x0,
    0xd, 0x70, 0x0, 0x5f, 0x0, 0x8, 0x10, 0x4,
    0xe0, 0x0, 0x9, 0xb0, 0x0, 0x0, 0x0, 0xc8,
    0x0, 0x0, 0xf6, 0x9f, 0xff, 0xff, 0xff, 0xff,
    0xfb, 0x8, 0x2, 0x33, 0x33, 0x33, 0x33, 0x33,
    0x20,

    /* U+5EA6 "度" */
    0x0, 0x0, 0x0, 0x7, 0x30, 0x0, 0x0, 0x0,
    0x0, 0x0, 0x0, 0x5e, 0x0, 0x0, 0x0, 0x0,
    0xbc, 0xcc, 0xcc, 0xfc, 0xcc, 0xcc, 0x60, 0xf,
    0x53, 0x34, 0x33, 0x34, 0x33, 0x31, 0x0, 0xf3,
    0x2, 0xe0, 0x0, 0xe2, 0x0, 0x0, 0xf, 0xfe,
    0xef, 0xee, 0xef, 0xee, 0xe8, 0x0, 0xf3, 0x3,
    0xe0, 0x0, 0xe2, 0x0, 0x0, 0xf, 0x30, 0x2f,
    0xaa, 0xaf, 0x20, 0x0, 0x0, 0xf2, 0x0, 0x33,
    0x33, 0x30, 0x0, 0x0, 0xf, 0x2f, 0xff, 0xff,
    0xff, 0xf7, 0x0, 0x2, 0xf0, 0x4, 0xe1, 0x0,
    0x8d, 0x10, 0x0, 0x5e, 0x0, 0x6, 0xd4, 0x8d,
    0x20, 0x0, 0xa, 0xa0, 0x0, 0x6, 0xff, 0x50,
    0x0, 0x2, 0xf4, 0x3, 0x6c, 0xd6, 0x6c, 0xfb,
    0x84, 0x8, 0xa, 0xd9, 0x40, 0x0, 0x2, 0x6a,
    0x40, 0x0, 0x0, 0x0, 0x0, 0x0, 0x0, 0x0,

    /* U+5EF6 "延" */
    0x0, 0x0, 0x0, 0x0, 0x0, 0x0, 0x10, 0xf,
    0xff, 0xf4, 0x0, 0x25, 0x8c, 0xfc, 0x0, 0x0,
    0x1f, 0x1d, 0xff, 0xff, 0x73, 0x0, 0x0, 0x7,
    0xb0, 0x44, 0x22, 0xf0, 0x0, 0x0, 0x0, 0xd5,
    0x0, 0x0, 0x2f, 0x0, 0x0, 0x0, 0x5d, 0x0,
    0xb, 0x2, 0xf0, 0x0, 0x0, 0xd, 0xff, 0xc0,
    0xf0, 0x2f, 0xee, 0xe2, 0x0, 0x0, 0x5c, 0xf,
    0x2, 0xf1, 0x11, 0x0, 0x2, 0x6, 0xa0, 0xf0,
    0x2f, 0x0, 0x0, 0x1, 0xe0, 0x97, 0xf, 0x2,
    0xf0, 0x0, 0x0, 0xb, 0x5e, 0x30, 0xf1, 0x3f,
    0x11, 0x10, 0x0, 0x3e, 0xd0, 0xf, 0xff, 0xff,
    0xff, 0x90, 0x0, 0xdd, 0x20, 0x0, 0x0, 0x0,
    0x0, 0x0, 0x9c, 0x9f, 0xa5, 0x32, 0x11, 0x22,
    0x31, 0xad, 0x10, 0x28, 0xbd, 0xff, 0xff, 0xff,
    0x23, 0x10, 0x0, 0x0, 0x0, 0x0, 0x0, 0x0,

    /* U+5EFA "建" */
    0xf, 0xff, 0xd0, 0x0, 0xd, 0x30, 0x0, 0x0,
    0x0, 0x5, 0xe0, 0xce, 0xef, 0xee, 0xe8, 0x0,
    0x0, 0xc, 0x80, 0x0, 0xd, 0x30, 0x6a, 0x0,
    0x0, 0x2f, 0x1a, 0xee, 0xef, 0xee, 0xff, 0xd0,
    0x0, 0xa9, 0x0, 0x0, 0xd, 0x30, 0x6a, 0x0,
    0x3, 0xff, 0xf7, 0xce, 0xef, 0xee, 0xea, 0x0,
    0x0, 0x0, 0x96, 0x0, 0xd, 0x30, 0x0, 0x0,
    0x2, 0x40, 0xb8, 0xcc, 0xcf, 0xdc, 0xcc, 0x50,
    0x2, 0xd0, 0xe2, 0x11, 0x1d, 0x41, 0x11, 0x0,
    0x0, 0xc8, 0xd8, 0xbb, 0xbf, 0xcb, 0xbb, 0xa0,
    0x0, 0x4f, 0x82, 0x33, 0x3e, 0x63, 0x33, 0x20,
    0x0, 0x2f, 0xb0, 0x0, 0xd, 0x30, 0x0, 0x0,
    0x1, 0xd9, 0xce, 0x84, 0x39, 0x31, 0x22, 0x31,
    0xd, 0xb0, 0x5, 0xad, 0xff, 0xff, 0xff, 0xf2,
    0x4, 0x0, 0x0, 0x0, 0x0, 0x0, 0x0, 0x0,

    /* U+5F00 "开" */
    0x0, 0x0, 0x0, 0x0, 0x0, 0x0, 0x0, 0xc,
    0xff, 0xff, 0xff, 0xff, 0xff, 0xf0, 0x0, 0x0,
    0xc6, 0x0, 0xf, 0x30, 0x0, 0x0, 0x0, 0xc5,
    0x0, 0xf, 0x30, 0x0, 0x0, 0x0, 0xc5, 0x0,
    0xf, 0x30, 0x0, 0x0, 0x0, 0xc5, 0x0, 0xf,
    0x30, 0x0, 0xcf, 0xff, 0xff, 0xff, 0xff, 0xff,
    0xfe, 0x11, 0x11, 0xd6, 0x11, 0x1e, 0x51, 0x11,
    0x0, 0x0, 0xe3, 0x0, 0xe, 0x40, 0x0, 0x0,
    0x1, 0xf1, 0x0, 0xe, 0x40, 0x0, 0x0, 0x7,
    0xb0, 0x0, 0xe, 0x40, 0x0, 0x0, 0x1e, 0x50,
    0x0, 0xe, 0x40, 0x0, 0x2, 0xd9, 0x0, 0x0,
    0xe, 0x40, 0x0, 0xc, 0x90, 0x0, 0x0, 0xe,
    0x40, 0x0, 0x0, 0x0, 0x0, 0x0, 0x0, 0x0,
    0x0,

    /* U+5F02 "异" */
    0x0, 0x3f, 0xff, 0xff, 0xff, 0xff, 0xa0, 0x0,
    0x0, 0x3d, 0x0, 0x0, 0x0, 0x6, 0xa0, 0x0,
    0x0, 0x3d, 0x0, 0x0, 0x0, 0x6, 0xa0, 0x0,
    0x0, 0x3f, 0xff, 0xff, 0xff, 0xff, 0xa0, 0x0,
    0x0, 0x3d, 0x0, 0x0, 0x0, 0x0, 0xa, 0x20,
    0x0, 0x3e, 0x21, 0x11, 0x11, 0x11, 0x3f, 0x20,
    0x0, 0xb, 0xee, 0xff, 0xff, 0xfe, 0xd9, 0x0,
    0x0, 0x0, 0x9, 0x20, 0x1, 0xa0, 0x0, 0x0,
    0x0, 0x0, 0xe, 0x30, 0x2, 0xf0, 0x0, 0x0,
    0x1d, 0xdd, 0xdf, 0xed, 0xde, 0xfd, 0xdd, 0xd0,
    0x2, 0x22, 0x3f, 0x32, 0x23, 0xf2, 0x22, 0x20,
    0x0, 0x0, 0x7c, 0x0, 0x1, 0xf0, 0x0, 0x0,
    0x0, 0x6, 0xf4, 0x0, 0x1, 0xf0, 0x0, 0x0,
    0x0, 0x9d, 0x40, 0x0, 0x1, 0xf0, 0x0, 0x0,
    0x0, 0x0, 0x0, 0x0, 0x0, 0x0, 0x0, 0x0,

    /* U+5F0F "式" */
    0x0, 0x0, 0x0, 0x4, 0xe0, 0x74, 0x0, 0x0,
    0x0, 0x0, 0x0, 0x3f, 0x3, 0xe3, 0x0, 0x0,
    0x0, 0x0, 0x2, 0xf0, 0x5, 0x30, 0xa, 0xff,
    0xff, 0xff, 0xff, 0xff, 0xff, 0xe0, 0x11, 0x11,
    0x11, 0x11, 0xf3, 0x0, 0x0, 0x0, 0x0, 0x0,
    0x0, 0xd, 0x40, 0x0, 0x0, 0xc, 0xcc, 0xcc,
    0xc7, 0xb7, 0x0, 0x0, 0x0, 0x33, 0x6e, 0x33,
    0x27, 0xa0, 0x0, 0x0, 0x0, 0x4, 0xe0, 0x0,
    0x3e, 0x0, 0x0, 0x0, 0x0, 0x4e, 0x0, 0x0,
    0xe4, 0x0, 0x0, 0x0, 0x4, 0xe0, 0x36, 0x38,
    0xb0, 0xb, 0x12, 0x57, 0xbf, 0xfd, 0x92, 0x1f,
    0x51, 0xf1, 0x7d, 0xa7, 0x41, 0x0, 0x0, 0x4f,
    0xbc, 0x0, 0x0, 0x0, 0x0, 0x0, 0x0, 0x6e,
    0x50,

    /* U+5F15 "引" */
    0xaf, 0xff, 0xff, 0xf4, 0x0, 0xe, 0x50, 0x0,
    0x0, 0xd, 0x40, 0x0, 0xe5, 0x0, 0x0, 0x0,
    0xd4, 0x0, 0xe, 0x50, 0x0, 0x0, 0xd, 0x40,
    0x0, 0xe5, 0xc, 0xff, 0xff, 0xf4, 0x0, 0xe,
    0x50, 0xf4, 0x11, 0x11, 0x0, 0x0, 0xe5, 0x1f,
    0x10, 0x0, 0x0, 0x0, 0xe, 0x54, 0xf3, 0x33,
    0x33, 0x20, 0x0, 0xe5, 0x5c, 0xcc, 0xcc, 0xec,
    0x0, 0xe, 0x50, 0x0, 0x0, 0x7, 0xb0, 0x0,
    0xe5, 0x0, 0x0, 0x0, 0x9a, 0x0, 0xe, 0x50,
    0x0, 0x0, 0xb, 0x80, 0x0, 0xe5, 0x0, 0x34,
    0x24, 0xf5, 0x0, 0xe, 0x50, 0x7, 0xef, 0xfb,
    0x0, 0x0, 0xe5,

    /* U+5F31 "弱" */
    0xdf, 0xff, 0xff, 0x3f, 0xff, 0xff, 0xf3, 0x0,
    0x0, 0xe, 0x30, 0x0, 0x0, 0xe3, 0x0, 0x0,
    0xe, 0x30, 0x0, 0x0, 0xe3, 0x2d, 0xdd, 0xdf,
    0x33, 0xdd, 0xdd, 0xf3, 0x4e, 0x22, 0x22, 0x5,
    0xd2, 0x22, 0x20, 0x5d, 0x0, 0x0, 0x7, 0xb0,
    0x0, 0x0, 0x7f, 0xff, 0xff, 0x79, 0xff, 0xff,
    0xfa, 0x1, 0x40, 0x9, 0x70, 0x33, 0x0, 0x7a,
    0x3, 0xf3, 0xa, 0x70, 0x4e, 0x20, 0x89, 0x0,
    0x66, 0x3a, 0x60, 0x6, 0x57, 0x89, 0x0, 0x5d,
    0xbb, 0x50, 0x18, 0xe7, 0x98, 0x7e, 0xd5, 0xd,
    0x48, 0xfa, 0x20, 0xb6, 0x75, 0x22, 0x3f, 0x23,
    0x23, 0x34, 0xf4, 0x0, 0x6e, 0xfb, 0x0, 0x6,
    0xee, 0xb0,

    /* U+5F39 "弹" */
    0x0, 0x0, 0x0, 0x18, 0x10, 0x0, 0xa1, 0x3,
    0xff, 0xff, 0x10, 0xcb, 0x0, 0x2e, 0x0, 0x0,
    0x0, 0xe1, 0x2, 0xf5, 0x7, 0x80, 0x0, 0x0,
    0xe, 0x10, 0x3, 0x0, 0xd2, 0x0, 0x0, 0x0,
    0xe1, 0xdf, 0xee, 0xfe, 0xef, 0x0, 0x8c, 0xcf,
    0x1d, 0x30, 0x2e, 0x0, 0xf0, 0xc, 0x30, 0x0,
    0xde, 0xee, 0xfe, 0xef, 0x0, 0xd2, 0x0, 0xd,
    0x30, 0x2e, 0x0, 0xf0, 0xf, 0x31, 0x10, 0xd3,
    0x2, 0xe0, 0xf, 0x0, 0xee, 0xef, 0x4c, 0xee,
    0xef, 0xee, 0xe0, 0x0, 0x0, 0xd3, 0x0, 0x3,
    0xe0, 0x0, 0x0, 0x0, 0xe, 0x9f, 0xff, 0xff,
    0xff, 0xff, 0x0, 0x0, 0xf1, 0x0, 0x3, 0xe0,
    0x0, 0x0, 0x11, 0x4e, 0x0, 0x0, 0x3e, 0x0,
    0x0, 0x6, 0xff, 0x70, 0x0, 0x3, 0xe0, 0x0,
    0x0, 0x0, 0x0, 0x0, 0x0, 0x0, 0x0, 0x0,

    /* U+5F3A "强" */
    0x2f, 0xff, 0xf2, 0xb, 0xee, 0xee, 0xf4, 0x0,
    0x0, 0xd, 0x20, 0xb4, 0x0, 0xc, 0x40, 0x0,
    0x0, 0xd2, 0xb, 0x40, 0x0, 0xc4, 0x0, 0x12,
    0x2e, 0x20, 0xbd, 0xdd, 0xdf, 0x40, 0xc, 0xff,
    0xf2, 0x0, 0x13, 0xe1, 0x10, 0x0, 0xd4, 0x0,
    0x0, 0x11, 0x3e, 0x11, 0x10, 0xe, 0x20, 0x0,
    0x4f, 0xde, 0xfd, 0xed, 0x0, 0xf5, 0x44, 0x4,
    0xc0, 0x2e, 0x3, 0xd0, 0xa, 0xaa, 0xf3, 0x4c,
    0x2, 0xe0, 0x3d, 0x0, 0x0, 0xe, 0x24, 0xee,
    0xef, 0xee, 0xc0, 0x0, 0x0, 0xf1, 0x0, 0x2,
    0xe0, 0x62, 0x0, 0x0, 0x1f, 0x0, 0x0, 0x2e,
    0x7, 0xc0, 0x1, 0x15, 0xe2, 0x67, 0x8a, 0xfc,
    0xdf, 0x60, 0x6e, 0xf7, 0x1b, 0x98, 0x64, 0x20,
    0x69, 0x0, 0x0, 0x0, 0x0, 0x0, 0x0, 0x0,
    0x0,

    /* U+5F52 "归" */
    0x0, 0x2, 0xf0, 0x0, 0x0, 0x0, 0x0, 0x0,
    0x2, 0xf0, 0x8d, 0xdd, 0xdd, 0xda, 0x3e, 0x2,
    0xf0, 0x23, 0x33, 0x33, 0x7d, 0x3e, 0x2, 0xf0,
    0x0, 0x0, 0x0, 0x5d, 0x3e, 0x2, 0xf0, 0x0,
    0x0, 0x0, 0x5d, 0x3e, 0x2, 0xf0, 0x0, 0x0,
    0x0, 0x5d, 0x3e, 0x2, 0xf0, 0x8, 0x88, 0x88,
    0xad, 0x3e, 0x3, 0xe0, 0x8, 0x88, 0x88, 0xad,
    0x2c, 0x4, 0xd0, 0x0, 0x0, 0x0, 0x5d, 0x0,
    0x7, 0xa0, 0x0, 0x0, 0x0, 0x5d, 0x0, 0xc,
    0x70, 0x0, 0x0, 0x0, 0x5d, 0x0, 0x3f, 0x10,
    0x11, 0x11, 0x11, 0x6d, 0x0, 0xd9, 0x2, 0xff,
    0xff, 0xff, 0xfd, 0x5, 0xd0, 0x0, 0x0, 0x0,
    0x0, 0x5d, 0x0, 0x10, 0x0, 0x0, 0x0, 0x0,
    0x0,

    /* U+5F53 "当" */
    0x0, 0x0, 0x0, 0xe5, 0x0, 0x0, 0x0, 0x86,
    0x0, 0xe, 0x50, 0x6, 0xd0, 0x7, 0xf1, 0x0,
    0xe5, 0x0, 0xd8, 0x0, 0xd, 0x90, 0xe, 0x50,
    0x6e, 0x10, 0x0, 0x5d, 0x0, 0xe5, 0xd, 0x50,
    0x0, 0x11, 0x11, 0x1e, 0x61, 0x21, 0x10, 0x5e,
    0xee, 0xee, 0xee, 0xee, 0xef, 0x40, 0x0, 0x0,
    0x0, 0x0, 0x0, 0xe4, 0x0, 0x11, 0x11, 0x11,
    0x11, 0x1e, 0x40, 0xef, 0xff, 0xff, 0xff, 0xff,
    0xf4, 0x0, 0x0, 0x0, 0x0, 0x0, 0xe, 0x40,
    0x0, 0x0, 0x0, 0x0, 0x0, 0xe4, 0x5f, 0xff,
    0xff, 0xff, 0xff, 0xff, 0x40, 0x11, 0x11, 0x11,
    0x11, 0x11, 0xe4,

    /* U+5F55 "录" */
    0x4, 0xff, 0xff, 0xff, 0xff, 0xf3, 0x0, 0x0,
    0x0, 0x0, 0x0, 0x1, 0xf1, 0x0, 0x0, 0x0,
    0x0, 0x0, 0x1, 0xf0, 0x0, 0x0, 0x7f, 0xff,
    0xff, 0xff, 0xe0, 0x0, 0x0, 0x1, 0x11, 0x11,
    0x15, 0xd0, 0x0, 0x12, 0x22, 0x22, 0x22, 0x27,
    0xc2, 0x21, 0xde, 0xee, 0xee, 0xff, 0xee, 0xee,
    0xea, 0x3, 0x60, 0x0, 0xbe, 0x0, 0x8, 0x50,
    0x3, 0xdc, 0x20, 0xbc, 0x90, 0xac, 0x10, 0x0,
    0x9, 0x22, 0xb6, 0xbe, 0x90, 0x0, 0x0, 0x4,
    0xd9, 0xb6, 0x1d, 0x80, 0x0, 0x5, 0xcd, 0x40,
    0xb6, 0x1, 0xcc, 0x40, 0xae, 0x60, 0x11, 0xc6,
    0x0, 0x8, 0xf4, 0x10, 0x0, 0x9f, 0xe3, 0x0,
    0x0, 0x10,

    /* U+5F62 "形" */
    0x0, 0x0, 0x0, 0x0, 0x0, 0x0, 0x6, 0x0,
    0xb, 0xff, 0xff, 0xff, 0xf2, 0x0, 0x9d, 0x0,
    0x0, 0xd, 0x40, 0xd4, 0x0, 0x5, 0xf3, 0x0,
    0x0, 0xd, 0x40, 0xd4, 0x0, 0x4f, 0x60, 0x0,
    0x0, 0xd, 0x40, 0xd4, 0x7, 0xf7, 0x2, 0x20,
    0x0, 0xd, 0x40, 0xd4, 0x4e, 0x40, 0xd, 0x80,
    0x1, 0x1d, 0x41, 0xd4, 0x10, 0x0, 0x8d, 0x0,
    0x1f, 0xff, 0xff, 0xff, 0xf7, 0x7, 0xf2, 0x0,
    0x0, 0xe, 0x30, 0xc4, 0x0, 0x9f, 0x40, 0x30,
    0x0, 0xf, 0x20, 0xc4, 0x3d, 0xd3, 0x3, 0xf3,
    0x0, 0xf, 0x10, 0xc4, 0x28, 0x0, 0x1d, 0x80,
    0x0, 0x4e, 0x0, 0xc4, 0x0, 0x1, 0xdb, 0x0,
    0x0, 0x9a, 0x0, 0xc4, 0x0, 0x2d, 0xc0, 0x0,
    0x2, 0xf3, 0x0, 0xc4, 0x8, 0xf9, 0x0, 0x0,
    0x9, 0x90, 0x0, 0xc4, 0x2d, 0x40, 0x0, 0x0,
    0x1, 0x0, 0x0, 0x0, 0x0, 0x0, 0x0, 0x0,

    /* U+5F71 "影" */
    0x0, 0xfd, 0xdd, 0xdd, 0xd0, 0x0, 0x1c, 0x10,
    0x0, 0xf0, 0x0, 0x3, 0xd0, 0x0, 0xab, 0x0,
    0x0, 0xfd, 0xdd, 0xdd, 0xd0, 0x8, 0xe1, 0x0,
    0x0, 0xf0, 0x0, 0x3, 0xd0, 0x9e, 0x30, 0x0,
    0x0, 0xdd, 0xdf, 0xdd, 0xa2, 0xb2, 0x3, 0x30,
    0x3, 0x33, 0x5f, 0x43, 0x33, 0x0, 0x1e, 0x60,
    0x2a, 0xaa, 0xaa, 0xaa, 0xaa, 0x11, 0xd9, 0x0,
    0x0, 0x89, 0x99, 0x99, 0x60, 0x5e, 0x90, 0x0,
    0x0, 0xd5, 0x22, 0x27, 0xb3, 0xe5, 0x0, 0xd2,
    0x0, 0xdd, 0xdd, 0xde, 0xb0, 0x0, 0x9, 0xc0,
    0x0, 0x32, 0xf, 0x28, 0x0, 0x0, 0x6e, 0x20,
    0x0, 0xd6, 0xf, 0x1d, 0x70, 0x7, 0xf4, 0x0,
    0xb, 0xb1, 0x2f, 0x3, 0xc3, 0xce, 0x30, 0x0,
    0x4, 0x8, 0xfc, 0x0, 0xa, 0x91, 0x0, 0x0,
    0x0, 0x0, 0x0, 0x0, 0x0, 0x0, 0x0, 0x0,

    /* U+5F84 "径" */
    0x0, 0x2, 0x90, 0x11, 0x11, 0x11, 0x0, 0x0,
    0x0, 0xc, 0x75, 0xff, 0xff, 0xff, 0xf6, 0x0,
    0x0, 0xab, 0x0, 0x0, 0x0, 0x7, 0xd0, 0x0,
    0xc, 0xb0, 0x52, 0x0, 0x0, 0x7e, 0x20, 0x0,
    0x5, 0x2, 0xe2, 0x0, 0x1a, 0xf6, 0x0, 0x0,
    0x0, 0xc, 0x70, 0x7, 0xe8, 0x4d, 0xb1, 0x0,
    0x0, 0x9f, 0x19, 0xfb, 0x20, 0x0, 0x9f, 0x70,
    0x8, 0xef, 0x4, 0x20, 0x0, 0x0, 0x5, 0x70,
    0x1d, 0x3f, 0x0, 0xef, 0xff, 0xff, 0xf8, 0x0,
    0x0, 0x1f, 0x0, 0x11, 0x1c, 0x71, 0x10, 0x0,
    0x0, 0x1f, 0x0, 0x0, 0xb, 0x70, 0x0, 0x0,
    0x0, 0x1f, 0x0, 0x0, 0xb, 0x70, 0x0, 0x0,
    0x0, 0x1f, 0x14, 0x44, 0x4c, 0x94, 0x44, 0x40,
    0x0, 0x1f, 0x3c, 0xcc, 0xcc, 0xcc, 0xcc, 0xc0,

    /* U+5F85 "待" */
    0x0, 0x0, 0x71, 0x0, 0x9, 0x80, 0x0, 0x0,
    0x0, 0xb, 0xb0, 0x0, 0x9, 0x80, 0x0, 0x0,
    0x0, 0x9d, 0x10, 0xef, 0xff, 0xff, 0xff, 0x50,
    0xb, 0xc1, 0x54, 0x0, 0xa, 0x80, 0x0, 0x0,
    0x4, 0x1, 0xe4, 0x0, 0x9, 0x80, 0x0, 0x0,
    0x0, 0xa, 0x9c, 0xff, 0xff, 0xff, 0xff, 0xf3,
    0x0, 0x6f, 0x20, 0x0, 0x0, 0x6, 0xb0, 0x0,
    0x5, 0xef, 0x20, 0x0, 0x0, 0x6, 0xb0, 0x0,
    0x1e, 0x3e, 0x29, 0xff, 0xff, 0xff, 0xff, 0xe0,
    0x0, 0xe, 0x20, 0x19, 0x0, 0x5, 0xc0, 0x0,
    0x0, 0xe, 0x20, 0xa, 0xc0, 0x5, 0xc0, 0x0,
    0x0, 0xe, 0x20, 0x0, 0xc3, 0x5, 0xc0, 0x0,
    0x0, 0xe, 0x20, 0x0, 0x3, 0x27, 0xb0, 0x0,
    0x0, 0xe, 0x20, 0x0, 0xd, 0xff, 0x80, 0x0,
    0x0, 0x1, 0x0, 0x0, 0x0, 0x0, 0x0, 0x0,

    /* U+5F88 "很" */
    0x0, 0x0, 0x40, 0x0, 0x0, 0x0, 0x0, 0x0,
    0x0, 0x6f, 0x24, 0xff, 0xff, 0xff, 0x20, 0x0,
    0x2f, 0x60, 0x4e, 0x0, 0x0, 0xe2, 0x0, 0x2e,
    0x90, 0x4, 0xe0, 0x0, 0xe, 0x20, 0xe, 0x90,
    0x85, 0x4f, 0xee, 0xee, 0xf2, 0x0, 0x20, 0x2f,
    0x24, 0xe1, 0x11, 0x1e, 0x20, 0x0, 0xd, 0x70,
    0x4e, 0x0, 0x0, 0xe2, 0x0, 0xa, 0xf2, 0x4,
    0xff, 0xff, 0xff, 0x20, 0x9, 0xdf, 0x20, 0x4e,
    0x9, 0x50, 0x6, 0x1, 0xb1, 0xe2, 0x4, 0xe0,
    0x4b, 0xa, 0xd1, 0x0, 0xe, 0x20, 0x4e, 0x0,
    0xdd, 0x90, 0x0, 0x0, 0xe2, 0x4, 0xe0, 0x5,
    0xe1, 0x0, 0x0, 0xe, 0x20, 0x4e, 0x4, 0x39,
    0xc1, 0x0, 0x0, 0xe2, 0x4, 0xfd, 0xd3, 0xa,
    0xe5, 0x0, 0xe, 0x20, 0x7c, 0x50, 0x0, 0x8,
    0x40, 0x0, 0x0, 0x0, 0x0, 0x0, 0x0, 0x0,

    /* U+5FAA "循" */
    0x0, 0x0, 0x0, 0x0, 0x0, 0x0, 0x0, 0x0,
    0x0, 0x4, 0xb0, 0x0, 0x1, 0x35, 0x88, 0x0,
    0x0, 0x1e, 0x41, 0xde, 0xed, 0xfa, 0x75, 0x10,
    0x2, 0xe7, 0x2, 0xe0, 0x0, 0xe2, 0x0, 0x0,
    0xd, 0x60, 0xc5, 0xfc, 0xcc, 0xfc, 0xcc, 0xc4,
    0x0, 0x6, 0xd2, 0xe2, 0x22, 0xe4, 0x22, 0x21,
    0x0, 0x1e, 0x42, 0xe0, 0x0, 0xe2, 0x0, 0x0,
    0x0, 0xce, 0x2, 0xe6, 0xfe, 0xee, 0xef, 0x40,
    0xb, 0xce, 0x2, 0xe6, 0xa0, 0x0, 0xd, 0x40,
    0x7, 0x2e, 0x3, 0xd6, 0xfd, 0xdd, 0xdf, 0x40,
    0x0, 0x2e, 0x5, 0xc6, 0xa0, 0x0, 0xd, 0x40,
    0x0, 0x2e, 0x7, 0xa6, 0xfd, 0xdd, 0xdf, 0x40,
    0x0, 0x2e, 0xb, 0x66, 0xa0, 0x0, 0xd, 0x40,
    0x0, 0x2e, 0x1f, 0x26, 0xec, 0xcc, 0xcf, 0x40,
    0x0, 0x2e, 0x4a, 0x6, 0xb2, 0x22, 0x2d, 0x40,
    0x0, 0x0, 0x0, 0x0, 0x0, 0x0, 0x0, 0x0,

    /* U+5FAE "微" */
    0x0, 0x0, 0x0, 0x0, 0x0, 0x0, 0x0, 0x0,
    0x0, 0x2b, 0x0, 0x3c, 0x0, 0xe, 0x0, 0x0,
    0x0, 0xc8, 0x2a, 0x3c, 0x1b, 0x1e, 0x0, 0x0,
    0xb, 0xb0, 0x3c, 0x3c, 0x2d, 0x3d, 0x66, 0x60,
    0x5b, 0x9, 0x5c, 0x3c, 0x2d, 0x6c, 0x9f, 0x91,
    0x0, 0x3e, 0x3f, 0xff, 0xfc, 0xa4, 0x2e, 0x0,
    0x0, 0xc6, 0x0, 0x0, 0x0, 0xf5, 0x3d, 0x0,
    0x7, 0xf3, 0xdf, 0xff, 0xff, 0xf9, 0x5b, 0x0,
    0x4e, 0xe3, 0x0, 0x11, 0x15, 0x5d, 0x88, 0x0,
    0x63, 0xd3, 0xa, 0xfe, 0xf1, 0xc, 0xd5, 0x0,
    0x0, 0xd3, 0xb, 0x50, 0xe1, 0x7, 0xf1, 0x0,
    0x0, 0xd3, 0xd, 0x30, 0xe7, 0x75, 0xf2, 0x0,
    0x0, 0xd3, 0x1f, 0x0, 0xf9, 0x1e, 0x9e, 0x10,
    0x0, 0xd3, 0xb9, 0x0, 0x31, 0xc9, 0xa, 0xe2,
    0x0, 0xd3, 0x70, 0x0, 0x5, 0xb0, 0x0, 0x91,
    0x0, 0x0, 0x0, 0x0, 0x0, 0x0, 0x0, 0x0,

    /* U+5FB7 "德" */
    0x0, 0x0, 0x0, 0x0, 0x2, 0x40, 0x0, 0x0,
    0x0, 0x5, 0xc0, 0x0, 0x7, 0xa0, 0x0, 0x0,
    0x0, 0x2f, 0x4a, 0xff, 0xff, 0xff, 0xff, 0xf1,
    0x2, 0xd8, 0x0, 0x0, 0x9, 0x70, 0x0, 0x0,
    0xd, 0x80, 0xa2, 0xcd, 0xdf, 0xed, 0xdd, 0x0,
    0x1, 0x5, 0xd0, 0xe2, 0x86, 0x59, 0xf, 0x0,
    0x0, 0x1e, 0x40, 0xe2, 0x86, 0x59, 0xf, 0x0,
    0x0, 0xbe, 0x0, 0xcd, 0xdd, 0xdd, 0xdd, 0x0,
    0x9, 0xde, 0x0, 0x0, 0x0, 0x0, 0x0, 0x0,
    0xa, 0x3e, 0x9, 0xee, 0xee, 0xee, 0xee, 0xd0,
    0x0, 0x2e, 0x0, 0x0, 0x37, 0x80, 0x25, 0x0,
    0x0, 0x2e, 0x0, 0xe3, 0xf1, 0xd6, 0x1e, 0x40,
    0x0, 0x2e, 0x3, 0xe1, 0xf0, 0x21, 0xa6, 0xe0,
    0x0, 0x2e, 0xb, 0x90, 0xf2, 0x15, 0xe0, 0xc2,
    0x0, 0x2e, 0x5, 0x20, 0xdf, 0xfe, 0x70, 0x0,
    0x0, 0x1, 0x0, 0x0, 0x0, 0x0, 0x0, 0x0,

    /* U+5FC3 "心" */
    0x0, 0x0, 0x2, 0xa3, 0x0, 0x0, 0x0, 0x0,
    0x0, 0x0, 0x1, 0x9f, 0xc3, 0x0, 0x0, 0x0,
    0x0, 0x0, 0x0, 0x1, 0xaf, 0x30, 0x0, 0x0,
    0x0, 0x0, 0xc, 0x40, 0x3, 0x0, 0x0, 0x0,
    0x0, 0x0, 0xe, 0x50, 0x0, 0x0, 0x10, 0x0,
    0x0, 0x78, 0xe, 0x50, 0x0, 0x8, 0xb0, 0x0,
    0x0, 0xb8, 0xe, 0x50, 0x0, 0x1, 0xf5, 0x0,
    0x0, 0xf5, 0xe, 0x50, 0x0, 0x0, 0x8d, 0x0,
    0x4, 0xf1, 0xe, 0x50, 0x0, 0x0, 0x1f, 0x50,
    0xa, 0xb0, 0xe, 0x50, 0x0, 0xd, 0x3b, 0xc0,
    0x1f, 0x50, 0xe, 0x50, 0x0, 0xf, 0x34, 0x80,
    0x6, 0x0, 0xe, 0x60, 0x0, 0x3f, 0x10, 0x0,
    0x0, 0x0, 0xb, 0xfe, 0xde, 0xfc, 0x0, 0x0,
    0x0, 0x0, 0x0, 0x35, 0x54, 0x30, 0x0, 0x0,

    /* U+5FC5 "必" */
    0x0, 0x0, 0x41, 0x0, 0x0, 0x0, 0x0, 0x0,
    0x0, 0xc, 0xe6, 0x0, 0x4, 0x70, 0x0, 0x0,
    0x0, 0x6, 0xfa, 0x10, 0xc8, 0x0, 0x0, 0x0,
    0x3, 0x3, 0xb0, 0x3f, 0x10, 0x0, 0x0, 0x0,
    0xf2, 0x0, 0xb, 0x90, 0x0, 0x0, 0xa5, 0xf,
    0x20, 0x4, 0xe1, 0x41, 0x0, 0xd, 0x50, 0xf2,
    0x1, 0xe6, 0xc, 0x90, 0x1, 0xf2, 0xf, 0x20,
    0xbb, 0x0, 0x3f, 0x20, 0x5f, 0x0, 0xf2, 0x9d,
    0x0, 0x0, 0xc9, 0xa, 0xa0, 0xf, 0xae, 0x20,
    0x4, 0x15, 0xf1, 0xb5, 0x0, 0xfe, 0x20, 0x0,
    0xd6, 0x9, 0x10, 0x1, 0xbf, 0x30, 0x0, 0xf,
    0x40, 0x0, 0x6, 0xea, 0xf9, 0x55, 0x59, 0xf1,
    0x0, 0xb, 0xe5, 0x6, 0xbc, 0xcc, 0xb6, 0x0,
    0x0, 0x10, 0x0, 0x0, 0x0, 0x0, 0x0, 0x0,
    0x0,

    /* U+5FD7 "志" */
    0x0, 0x0, 0x0, 0x7b, 0x0, 0x0, 0x0, 0x0,
    0x0, 0x0, 0x7, 0xb0, 0x0, 0x0, 0x0, 0xaf,
    0xff, 0xff, 0xff, 0xff, 0xff, 0xfe, 0x1, 0x22,
    0x22, 0x28, 0xc2, 0x22, 0x22, 0x10, 0x0, 0x0,
    0x0, 0x7b, 0x0, 0x0, 0x0, 0x0, 0x1, 0x11,
    0x18, 0xb1, 0x11, 0x11, 0x0, 0xa, 0xff, 0xff,
    0xff, 0xff, 0xff, 0xe0, 0x0, 0x0, 0x0, 0x3,
    0x10, 0x0, 0x0, 0x0, 0x0, 0x10, 0x73, 0xac,
    0x0, 0x16, 0x0, 0x0, 0x4f, 0xc, 0x60, 0xd7,
    0x1, 0xe7, 0x0, 0x9, 0xb0, 0xc6, 0x4, 0xc0,
    0x14, 0xf3, 0x1, 0xf6, 0xc, 0x60, 0x0, 0xf,
    0x2a, 0xc0, 0x9e, 0x0, 0xc8, 0x21, 0x26, 0xf0,
    0x1d, 0x24, 0x50, 0x7, 0xef, 0xff, 0xd7, 0x0,
    0x0,

    /* U+5FEB "快" */
    0x0, 0x1f, 0x0, 0x0, 0x2f, 0x0, 0x0, 0x0,
    0x0, 0x1f, 0x0, 0x0, 0x2f, 0x0, 0x0, 0x0,
    0x0, 0x1f, 0x0, 0x22, 0x4f, 0x22, 0x20, 0x0,
    0x3, 0x2f, 0x85, 0x9d, 0xdf, 0xdd, 0xf4, 0x0,
    0xc, 0x6f, 0x5c, 0x0, 0x2f, 0x0, 0xd4, 0x0,
    0xe, 0x4f, 0x1e, 0x10, 0x2f, 0x0, 0xd4, 0x0,
    0xf, 0x3f, 0x2, 0x11, 0x3f, 0x11, 0xd5, 0x10,
    0x3e, 0x1f, 0x8, 0xff, 0xff, 0xff, 0xff, 0xf0,
    0x5, 0x1f, 0x0, 0x0, 0x5f, 0xa0, 0x0, 0x0,
    0x0, 0x1f, 0x0, 0x0, 0x97, 0xe2, 0x0, 0x0,
    0x0, 0x1f, 0x0, 0x1, 0xf2, 0x5d, 0x10, 0x0,
    0x0, 0x1f, 0x0, 0xb, 0xa0, 0x9, 0xd1, 0x0,
    0x0, 0x1f, 0x2, 0xbc, 0x0, 0x0, 0x9f, 0x70,
    0x0, 0x1f, 0xb, 0xa1, 0x0, 0x0, 0x5, 0x80,
    0x0, 0x0, 0x0, 0x0, 0x0, 0x0, 0x0, 0x0,

    /* U+5FFD "忽" */
    0x0, 0x0, 0x6, 0x0, 0x0, 0x0, 0x0, 0x0,
    0x0, 0x0, 0x6d, 0x0, 0x0, 0x0, 0x0, 0x0,
    0x0, 0x1, 0xff, 0xee, 0xee, 0xee, 0xee, 0x10,
    0x0, 0x1d, 0x92, 0x8c, 0x25, 0xe2, 0x3f, 0x0,
    0x2, 0xda, 0x1, 0xe4, 0x9, 0x90, 0x3e, 0x0,
    0x1, 0x70, 0xb, 0x90, 0x2f, 0x20, 0x5c, 0x0,
    0x0, 0x0, 0xbb, 0x0, 0xc8, 0x0, 0x8a, 0x0,
    0x0, 0x5d, 0xa0, 0xb, 0xc1, 0x11, 0xd6, 0x0,
    0x0, 0x76, 0x0, 0xdc, 0x12, 0xff, 0xd1, 0x0,
    0x0, 0x0, 0x0, 0x23, 0x20, 0x0, 0x0, 0x0,
    0x0, 0x36, 0xe, 0x29, 0xd0, 0x4, 0xd1, 0x0,
    0x0, 0xa8, 0xf, 0x30, 0xc9, 0x0, 0xbc, 0x0,
    0x1, 0xf3, 0xf, 0x30, 0x22, 0x1c, 0x1e, 0x70,
    0xa, 0xb0, 0xf, 0x51, 0x11, 0x6e, 0x5, 0xd0,
    0x6, 0x20, 0x9, 0xef, 0xff, 0xe7, 0x0, 0x0,

    /* U+6001 "态" */
    0x0, 0x0, 0x0, 0x1, 0x0, 0x0, 0x0, 0x0,
    0x0, 0x0, 0x0, 0x2f, 0x10, 0x0, 0x0, 0x0,
    0x0, 0x0, 0x0, 0x7c, 0x0, 0x0, 0x0, 0x0,
    0xd, 0xff, 0xff, 0xff, 0xff, 0xff, 0xff, 0x60,
    0x1, 0x11, 0x18, 0xd1, 0x9c, 0x11, 0x11, 0x0,
    0x0, 0x0, 0x1f, 0x50, 0xe, 0x60, 0x0, 0x0,
    0x0, 0x1, 0xd9, 0xa7, 0x3, 0xf7, 0x0, 0x0,
    0x0, 0x3d, 0xb0, 0x3e, 0xa0, 0x4e, 0xb2, 0x0,
    0x2a, 0xf8, 0x0, 0x1, 0x80, 0x2, 0xcf, 0xb0,
    0x1a, 0x30, 0x0, 0x3, 0x0, 0x0, 0x4, 0x30,
    0x0, 0x54, 0x2f, 0xc, 0xa0, 0x7, 0xa0, 0x0,
    0x0, 0xd5, 0x2f, 0x1, 0xe6, 0x1, 0xd8, 0x0,
    0x4, 0xf0, 0x2f, 0x0, 0x31, 0x49, 0x2f, 0x40,
    0xd, 0x80, 0x2f, 0x31, 0x12, 0x9b, 0x9, 0xa0,
    0x7, 0x0, 0xc, 0xff, 0xff, 0xd4, 0x0, 0x0,

    /* U+6020 "怠" */
    0x0, 0x0, 0x0, 0x10, 0x0, 0x0, 0x0, 0x0,
    0x0, 0x0, 0x8e, 0x10, 0x2, 0x0, 0x0, 0x0,
    0x0, 0x7e, 0x20, 0x4, 0xe8, 0x0, 0x0, 0x1,
    0xae, 0x42, 0x34, 0x47, 0xfc, 0x10, 0x0, 0xff,
    0xfe, 0xdc, 0xba, 0x97, 0xae, 0x20, 0x0, 0x0,
    0x0, 0x0, 0x0, 0x0, 0x60, 0x0, 0xe, 0xee,
    0xee, 0xee, 0xef, 0xa0, 0x0, 0x0, 0xe3, 0x0,
    0x0, 0x0, 0x7a, 0x0, 0x0, 0xe, 0x41, 0x11,
    0x11, 0x18, 0xa0, 0x0, 0x0, 0xcd, 0xdd, 0xdd,
    0xdd, 0xd8, 0x0, 0x0, 0x0, 0x7, 0x8, 0x40,
    0x4, 0x30, 0x0, 0x8, 0xa1, 0xf0, 0x4e, 0x10,
    0x5f, 0x30, 0x0, 0xe4, 0x1f, 0x0, 0x95, 0x38,
    0x7e, 0x20, 0x9c, 0x1, 0xf3, 0x11, 0x28, 0xc0,
    0xbb, 0x9, 0x30, 0xb, 0xff, 0xff, 0xd5, 0x1,
    0x10,

    /* U+6025 "急" */
    0x0, 0x0, 0xc, 0x50, 0x0, 0x0, 0x0, 0x0,
    0x0, 0x0, 0x5f, 0xee, 0xef, 0xe0, 0x0, 0x0,
    0x0, 0x2, 0xe4, 0x0, 0x1e, 0x70, 0x0, 0x0,
    0x0, 0x1d, 0xa2, 0x22, 0xbd, 0x22, 0x21, 0x0,
    0x2, 0xdf, 0xff, 0xff, 0xff, 0xff, 0xf7, 0x0,
    0xd, 0x80, 0x0, 0x0, 0x0, 0x0, 0xb7, 0x0,
    0x0, 0xa, 0xcc, 0xcc, 0xcc, 0xcc, 0xe7, 0x0,
    0x0, 0x2, 0x33, 0x33, 0x33, 0x33, 0xc7, 0x0,
    0x0, 0x12, 0x22, 0x22, 0x22, 0x22, 0xc7, 0x0,
    0x0, 0x5c, 0xcc, 0xcc, 0xcc, 0xcc, 0xc5, 0x0,
    0x0, 0x2, 0x6, 0x19, 0x80, 0x3, 0x50, 0x0,
    0x0, 0x6d, 0xf, 0x31, 0xe4, 0x3, 0xe6, 0x0,
    0x0, 0xd6, 0xf, 0x30, 0x55, 0xa, 0x4f, 0x50,
    0x9, 0xd0, 0xf, 0x51, 0x11, 0x6f, 0x7, 0xe0,
    0x6, 0x30, 0x9, 0xef, 0xff, 0xe8, 0x0, 0x10,

    /* U+603B "总" */
    0x0, 0x0, 0x0, 0x0, 0x1, 0x0, 0x0, 0x0,
    0x0, 0x8c, 0x0, 0x0, 0xac, 0x0, 0x0, 0x0,
    0x1, 0xf7, 0x0, 0x2f, 0x40, 0x0, 0x0, 0x0,
    0x7, 0x80, 0xb, 0x90, 0x0, 0x0, 0x0, 0xef,
    0xff, 0xff, 0xff, 0xff, 0x40, 0x0, 0xe, 0x51,
    0x11, 0x11, 0x11, 0xf4, 0x0, 0x0, 0xe4, 0x0,
    0x0, 0x0, 0xf, 0x40, 0x0, 0xe, 0x40, 0x0,
    0x0, 0x0, 0xf4, 0x0, 0x0, 0xef, 0xff, 0xff,
    0xff, 0xff, 0x40, 0x0, 0x0, 0x0, 0x5, 0x10,
    0x0, 0x0, 0x0, 0x2, 0x50, 0xb1, 0xad, 0x10,
    0x6c, 0x0, 0x0, 0x9b, 0xf, 0x20, 0xbb, 0x0,
    0xdb, 0x0, 0x1f, 0x40, 0xf2, 0x1, 0x22, 0xd1,
    0xe7, 0xb, 0xc0, 0xf, 0x51, 0x11, 0x7d, 0x5,
    0xd0, 0x52, 0x0, 0x9f, 0xff, 0xfe, 0x60, 0x0,
    0x0,

    /* U+6062 "恢" */
    0x0, 0x0, 0x0, 0x0, 0x0, 0x0, 0x0, 0x0,
    0x0, 0xf, 0x20, 0x0, 0xd4, 0x0, 0x0, 0x0,
    0x0, 0xf, 0x20, 0x0, 0xf3, 0x0, 0x0, 0x0,
    0x0, 0xf, 0x21, 0xee, 0xfe, 0xee, 0xee, 0xe0,
    0x5, 0x1f, 0x97, 0x4, 0xd0, 0x0, 0x0, 0x0,
    0xc, 0x4f, 0x4e, 0x7, 0xa0, 0x96, 0x0, 0x0,
    0xe, 0x3f, 0x2c, 0x3b, 0x70, 0xa7, 0x2, 0x10,
    0xf, 0x1f, 0x20, 0x1f, 0x7a, 0xa7, 0xd, 0x50,
    0x3e, 0xf, 0x20, 0x6c, 0x88, 0xb9, 0x4e, 0x0,
    0x2, 0xf, 0x20, 0xd5, 0xc5, 0xdc, 0xa6, 0x0,
    0x0, 0xf, 0x25, 0xd0, 0x92, 0xdc, 0x30, 0x0,
    0x0, 0xf, 0x3e, 0x50, 0x8, 0x86, 0xc0, 0x0,
    0x0, 0xf, 0x7b, 0x0, 0x4e, 0x10, 0xca, 0x0,
    0x0, 0xf, 0x20, 0x6, 0xe4, 0x0, 0x1d, 0xc1,
    0x0, 0xf, 0x20, 0x3d, 0x40, 0x0, 0x1, 0x80,
    0x0, 0x0, 0x0, 0x0, 0x0, 0x0, 0x0, 0x0,

    /* U+606F "息" */
    0x0, 0x0, 0x0, 0x26, 0x0, 0x0, 0x0, 0x0,
    0x0, 0x0, 0x7, 0xc0, 0x0, 0x0, 0x0, 0x0,
    0xd, 0xff, 0xff, 0xff, 0xff, 0x60, 0x0, 0x0,
    0xe3, 0x0, 0x0, 0x0, 0xa7, 0x0, 0x0, 0xe,
    0xdd, 0xdd, 0xdd, 0xdf, 0x70, 0x0, 0x0, 0xe3,
    0x0, 0x0, 0x0, 0xa7, 0x0, 0x0, 0xe, 0xdc,
    0xcc, 0xcc, 0xce, 0x70, 0x0, 0x0, 0xe4, 0x11,
    0x11, 0x11, 0xa7, 0x0, 0x0, 0xe, 0x53, 0x33,
    0x33, 0x3b, 0x70, 0x0, 0x0, 0xab, 0xbb, 0xbb,
    0xbb, 0xb5, 0x0, 0x0, 0x11, 0x16, 0xc, 0x50,
    0x4, 0x30, 0x0, 0x9, 0x92, 0xf0, 0x3f, 0x20,
    0x5f, 0x40, 0x2, 0xf3, 0x2f, 0x0, 0x73, 0x47,
    0x6f, 0x20, 0xcb, 0x2, 0xf2, 0x11, 0x29, 0xb0,
    0xab, 0x9, 0x10, 0xc, 0xff, 0xff, 0xd4, 0x1,
    0x0,

    /* U+60AC "悬" */
    0x0, 0xc, 0xff, 0xff, 0xff, 0xff, 0xc0, 0x0,
    0x0, 0xc, 0x50, 0x0, 0x0, 0x5, 0xc0, 0x0,
    0x0, 0xc, 0xff, 0xff, 0xff, 0xff, 0xc0, 0x0,
    0x0, 0xc, 0x50, 0x0, 0x0, 0x5, 0xc0, 0x0,
    0x0, 0xc, 0xee, 0xee, 0xee, 0xee, 0xc0, 0x0,
    0x0, 0xc, 0x50, 0x0, 0x0, 0x5, 0xc0, 0x0,
    0x2e, 0xef, 0xfe, 0xee, 0xee, 0xef, 0xfe, 0xe2,
    0x0, 0x0, 0xab, 0x0, 0x0, 0x5e, 0x20, 0x0,
    0x0, 0x19, 0xe5, 0x56, 0x78, 0x9f, 0xd1, 0x0,
    0x0, 0x8e, 0xdc, 0xba, 0x97, 0x64, 0xbb, 0x0,
    0x0, 0x13, 0xc, 0x18, 0xb0, 0x0, 0x73, 0x0,
    0x0, 0x9a, 0xf, 0x10, 0xb8, 0x17, 0x6e, 0x20,
    0x4, 0xf2, 0xf, 0x30, 0x11, 0x5f, 0x9, 0xd0,
    0x8, 0x70, 0xa, 0xff, 0xff, 0xe8, 0x0, 0x40,

    /* U+60C5 "情" */
    0x0, 0x3d, 0x0, 0x0, 0x8, 0x80, 0x0, 0x0,
    0x0, 0x3d, 0x3, 0x88, 0x8c, 0xc8, 0x88, 0x50,
    0x0, 0x3d, 0x62, 0x44, 0x4a, 0xa4, 0x44, 0x20,
    0xc, 0x6d, 0xa5, 0xcd, 0xde, 0xed, 0xdd, 0x10,
    0xe, 0x5d, 0x47, 0x0, 0x8, 0x80, 0x0, 0x0,
    0xf, 0x4d, 0xd, 0xee, 0xee, 0xee, 0xee, 0xe1,
    0x2e, 0x3d, 0x0, 0x0, 0x0, 0x0, 0x0, 0x0,
    0x39, 0x3d, 0x0, 0x6f, 0xee, 0xee, 0xeb, 0x0,
    0x0, 0x3d, 0x0, 0x6b, 0x44, 0x44, 0x8b, 0x0,
    0x0, 0x3d, 0x0, 0x6c, 0x77, 0x77, 0xab, 0x0,
    0x0, 0x3d, 0x0, 0x6e, 0xaa, 0xaa, 0xcb, 0x0,
    0x0, 0x3d, 0x0, 0x6b, 0x33, 0x33, 0x7b, 0x0,
    0x0, 0x3d, 0x0, 0x6a, 0x0, 0x43, 0x8b, 0x0,
    0x0, 0x3d, 0x0, 0x6a, 0x0, 0x9d, 0xd6, 0x0,

    /* U+610F "意" */
    0x0, 0x0, 0x0, 0x60, 0x0, 0x0, 0x0, 0x0,
    0x0, 0x0, 0xb, 0xb0, 0x0, 0x0, 0x0, 0xe,
    0xee, 0xee, 0xef, 0xee, 0xee, 0xe1, 0x0, 0x0,
    0x2f, 0x10, 0x1, 0xf2, 0x0, 0x0, 0xbc, 0xcc,
    0xfd, 0xcc, 0xdf, 0xcc, 0xcb, 0x2, 0x22, 0x22,
    0x22, 0x22, 0x22, 0x22, 0x20, 0x0, 0xad, 0xdd,
    0xdd, 0xdd, 0xda, 0x0, 0x0, 0xc, 0x71, 0x11,
    0x11, 0x17, 0xc0, 0x0, 0x0, 0xce, 0xdd, 0xdd,
    0xdd, 0xec, 0x0, 0x0, 0xc, 0x72, 0x22, 0x22,
    0x27, 0xc0, 0x0, 0x0, 0x9b, 0xbb, 0xcc, 0xbb,
    0xb9, 0x0, 0x0, 0x14, 0xb, 0x27, 0xc1, 0x0,
    0xc3, 0x0, 0xa, 0xa0, 0xf3, 0xa, 0x60, 0x86,
    0xf3, 0x7, 0xf2, 0xf, 0x51, 0x11, 0x5f, 0x7,
    0xf1, 0x84, 0x0, 0x9e, 0xff, 0xfe, 0x80, 0x4,
    0x0,

    /* U+611F "感" */
    0x0, 0x0, 0x0, 0x7, 0xc0, 0x85, 0x0, 0x0,
    0x11, 0x11, 0x11, 0x6e, 0x24, 0xd2, 0x10, 0xe,
    0xdd, 0xdd, 0xdd, 0xfd, 0xcc, 0xca, 0x0, 0xe4,
    0x55, 0x55, 0x3e, 0x40, 0x62, 0x0, 0xe, 0x57,
    0x77, 0x74, 0x9a, 0x1f, 0x20, 0x0, 0xf2, 0xbd,
    0xdd, 0x22, 0xfb, 0xa0, 0x0, 0xf, 0x1e, 0x10,
    0xd3, 0xa, 0xf1, 0x9, 0x3, 0xe0, 0xe6, 0x6e,
    0x32, 0xee, 0x93, 0xd0, 0xaa, 0x6, 0x77, 0x76,
    0xe8, 0x1d, 0xf9, 0x9, 0x20, 0x1, 0x1a, 0x66,
    0x0, 0x16, 0x10, 0x3, 0x70, 0xf3, 0xac, 0x0,
    0x1e, 0x50, 0x0, 0xc8, 0xf, 0x20, 0xa1, 0x19,
    0x4f, 0x50, 0x7e, 0x10, 0xf5, 0x11, 0x16, 0xf0,
    0x6f, 0x19, 0x40, 0x9, 0xef, 0xff, 0xe7, 0x0,
    0x30,

    /* U+6162 "慢" */
    0x0, 0x2f, 0x0, 0x6f, 0xee, 0xee, 0xee, 0x0,
    0x0, 0x2f, 0x0, 0x68, 0x0, 0x0, 0x4e, 0x0,
    0x0, 0x2f, 0x10, 0x6e, 0xdd, 0xdd, 0xde, 0x0,
    0x7, 0x4f, 0xa7, 0x6a, 0x55, 0x55, 0x7e, 0x0,
    0xe, 0x4f, 0x4d, 0x27, 0x77, 0x77, 0x76, 0x0,
    0xf, 0x3f, 0x4, 0xdd, 0xdd, 0xdd, 0xdd, 0xa0,
    0x2e, 0x2f, 0x3, 0xd0, 0xd1, 0x1e, 0x2, 0xd0,
    0x3a, 0x2f, 0x3, 0xe9, 0xfa, 0xaf, 0x9a, 0xd0,
    0x0, 0x2f, 0x0, 0x44, 0x44, 0x44, 0x44, 0x30,
    0x0, 0x2f, 0x0, 0xae, 0xee, 0xee, 0xee, 0x20,
    0x0, 0x2f, 0x0, 0x7, 0xa0, 0x2, 0xe7, 0x0,
    0x0, 0x2f, 0x0, 0x0, 0x8d, 0x7d, 0x40, 0x0,
    0x0, 0x2f, 0x0, 0x3, 0x9f, 0xce, 0x95, 0x20,
    0x0, 0x2f, 0x6, 0xfc, 0x71, 0x1, 0x7b, 0xe2,
    0x0, 0x0, 0x0, 0x10, 0x0, 0x0, 0x0, 0x0,

    /* U+620F "戏" */
    0x0, 0x0, 0x0, 0x0, 0xf3, 0x25, 0x0, 0x8,
    0xcc, 0xcc, 0x90, 0xe, 0x31, 0xe3, 0x0, 0x24,
    0x44, 0x7f, 0x0, 0xd4, 0x5, 0xc0, 0x0, 0x0,
    0x6, 0xb0, 0xc, 0x50, 0x2, 0x20, 0xd, 0x20,
    0xa8, 0x7b, 0xee, 0xef, 0xff, 0x10, 0x7d, 0x1e,
    0x46, 0x7c, 0xa3, 0x21, 0x0, 0x0, 0xad, 0xf0,
    0x0, 0x7a, 0x2, 0xb0, 0x0, 0x0, 0xdb, 0x0,
    0x4, 0xd0, 0xa8, 0x0, 0x0, 0xe, 0xf3, 0x0,
    0x1f, 0x6e, 0x0, 0x0, 0x8, 0xb7, 0xe0, 0x0,
    0xbf, 0x40, 0x0, 0x3, 0xf2, 0xd, 0x80, 0x1d,
    0xe0, 0x9, 0x2, 0xe7, 0x0, 0x31, 0x2d, 0x9d,
    0x70, 0xf0, 0xba, 0x0, 0x0, 0x6f, 0x80, 0x3f,
    0xac, 0x1, 0x0, 0x0, 0x2e, 0x40, 0x0, 0x5e,
    0x50, 0x0, 0x0, 0x0, 0x0, 0x0, 0x0, 0x0,
    0x0,

    /* U+6210 "成" */
    0x0, 0x0, 0x0, 0x4, 0xe0, 0x7, 0x0, 0x0,
    0x0, 0x0, 0x0, 0x2, 0xf0, 0xc, 0xc0, 0x0,
    0x0, 0x22, 0x22, 0x24, 0xf4, 0x45, 0xa4, 0x30,
    0x0, 0xee, 0xee, 0xee, 0xfd, 0xcc, 0xcc, 0x90,
    0x0, 0xe4, 0x0, 0x0, 0xc5, 0x0, 0x0, 0x0,
    0x0, 0xe4, 0x0, 0x0, 0x98, 0x0, 0x89, 0x0,
    0x0, 0xef, 0xee, 0xf3, 0x6c, 0x0, 0xe4, 0x0,
    0x0, 0xe3, 0x0, 0xe2, 0x1f, 0x17, 0xc0, 0x0,
    0x0, 0xf2, 0x0, 0xf2, 0xb, 0x9f, 0x30, 0x0,
    0x1, 0xf1, 0x0, 0xf0, 0x4, 0xf9, 0x0, 0x0,
    0x4, 0xe1, 0x46, 0xe0, 0x9, 0xf9, 0x0, 0x70,
    0x8, 0xa2, 0xcd, 0x60, 0x8e, 0x4f, 0x53, 0xe0,
    0xe, 0x50, 0x0, 0x1b, 0xe2, 0x5, 0xfc, 0xb0,
    0x4d, 0x0, 0x0, 0x9c, 0x10, 0x0, 0x4e, 0x50,
    0x0, 0x0, 0x0, 0x0, 0x0, 0x0, 0x0, 0x0,

    /* U+6216 "或" */
    0x0, 0x0, 0x0, 0x6, 0xb0, 0x45, 0x0, 0x0,
    0x0, 0x0, 0x0, 0x5c, 0x3, 0xf4, 0x0, 0x0,
    0x0, 0x0, 0x4, 0xd1, 0x16, 0x51, 0xf, 0xff,
    0xff, 0xff, 0xff, 0xff, 0xff, 0xf0, 0x0, 0x0,
    0x0, 0x1, 0xf1, 0x0, 0x0, 0x0, 0xbf, 0xff,
    0xfb, 0xe, 0x40, 0x6b, 0x0, 0xb, 0x50, 0x5,
    0xc0, 0xb6, 0xd, 0x60, 0x0, 0xb5, 0x0, 0x5c,
    0x7, 0xb5, 0xe0, 0x0, 0xb, 0xed, 0xde, 0xc0,
    0x2f, 0xe6, 0x0, 0x0, 0x11, 0x11, 0x11, 0x0,
    0xdc, 0x0, 0x30, 0x0, 0x2, 0x6a, 0xe5, 0x6f,
    0xe0, 0xf, 0x16, 0xbf, 0xfc, 0x83, 0x6f, 0x4d,
    0x83, 0xf0, 0x57, 0x40, 0x0, 0x9f, 0x40, 0x3f,
    0xda, 0x0, 0x0, 0x0, 0x9d, 0x20, 0x0, 0x5e,
    0x30, 0x0, 0x0, 0x0, 0x0, 0x0, 0x0, 0x0,
    0x0,

    /* U+622A "截" */
    0x0, 0x0, 0xd, 0x30, 0x0, 0xa8, 0x43, 0x0,
    0x1, 0xdd, 0xdf, 0xed, 0xd5, 0x98, 0x3d, 0x0,
    0x0, 0x0, 0xd, 0x30, 0x0, 0x99, 0x7, 0x10,
    0x2, 0x22, 0x2e, 0x52, 0x22, 0x9b, 0x44, 0x40,
    0xa, 0xbc, 0xbb, 0xcb, 0xbb, 0xde, 0xaa, 0xa2,
    0x0, 0xb, 0x62, 0xd1, 0x0, 0x4c, 0x5, 0x20,
    0x0, 0x4f, 0xdd, 0xfe, 0xd9, 0x3d, 0xc, 0x30,
    0x1, 0xea, 0x0, 0xe1, 0x0, 0x1f, 0x1e, 0x0,
    0xc, 0xcf, 0xdd, 0xfd, 0xd6, 0xe, 0x99, 0x0,
    0x4, 0x5a, 0x0, 0xe1, 0x0, 0xa, 0xf2, 0x0,
    0x0, 0x5f, 0xdd, 0xfd, 0xd6, 0x8, 0xd0, 0x62,
    0x0, 0x5a, 0x0, 0xe1, 0x0, 0x3f, 0xe2, 0xb4,
    0x0, 0x5f, 0xee, 0xee, 0xeb, 0xe6, 0x4c, 0xf1,
    0x0, 0x5a, 0x0, 0x0, 0xd, 0x70, 0x8, 0xb0,
    0x0, 0x0, 0x0, 0x0, 0x1, 0x0, 0x0, 0x0,

    /* U+6240 "所" */
    0x0, 0x0, 0x36, 0xa1, 0x0, 0x1, 0x57, 0x0,
    0x0, 0xcf, 0xeb, 0x82, 0x8c, 0xef, 0xc8, 0x10,
    0x0, 0xe2, 0x0, 0x0, 0xd7, 0x20, 0x0, 0x0,
    0x0, 0xe6, 0x55, 0x50, 0xd4, 0x0, 0x0, 0x0,
    0x0, 0xeb, 0xaa, 0xf1, 0xd5, 0x0, 0x0, 0x0,
    0x0, 0xe2, 0x0, 0xf1, 0xdf, 0xff, 0xff, 0xf0,
    0x0, 0xe2, 0x0, 0xf1, 0xd4, 0x0, 0xf2, 0x0,
    0x0, 0xe4, 0x22, 0xf1, 0xd3, 0x0, 0xf2, 0x0,
    0x0, 0xfe, 0xdd, 0xd1, 0xe3, 0x0, 0xf2, 0x0,
    0x0, 0xf1, 0x0, 0x0, 0xf2, 0x0, 0xf2, 0x0,
    0x2, 0xf0, 0x0, 0x1, 0xf0, 0x0, 0xf2, 0x0,
    0x5, 0xd0, 0x0, 0x6, 0xc0, 0x0, 0xf2, 0x0,
    0xb, 0x80, 0x0, 0xd, 0x60, 0x0, 0xf2, 0x0,
    0x1e, 0x20, 0x0, 0x5d, 0x0, 0x0, 0xf2, 0x0,
    0x0, 0x0, 0x0, 0x1, 0x0, 0x0, 0x0, 0x0,

    /* U+6247 "扇" */
    0x0, 0x0, 0x0, 0x0, 0x0, 0x0, 0x0, 0x0,
    0x0, 0x0, 0x2, 0xf4, 0x0, 0x0, 0x0, 0x0,
    0x0, 0x0, 0x9, 0xe1, 0x0, 0x0, 0x0, 0xd,
    0xff, 0xff, 0xff, 0xff, 0xff, 0xd0, 0x0, 0xd5,
    0x11, 0x11, 0x11, 0x11, 0x5d, 0x0, 0xd, 0x84,
    0x44, 0x44, 0x44, 0x47, 0xd0, 0x0, 0xdd, 0xcc,
    0xcc, 0xcc, 0xcc, 0xc9, 0x0, 0xd, 0x51, 0x11,
    0x10, 0x11, 0x11, 0x10, 0x0, 0xde, 0xdd, 0xdf,
    0x1b, 0xdd, 0xdf, 0x60, 0xe, 0x55, 0x0, 0xe1,
    0x55, 0x0, 0xa6, 0x0, 0xf4, 0xac, 0xe, 0x13,
    0xb9, 0x1a, 0x60, 0x2f, 0x0, 0x69, 0xe1, 0x1,
    0x9d, 0xa6, 0x7, 0xc5, 0xcb, 0x2e, 0x18, 0xf9,
    0xa, 0x61, 0xf6, 0x85, 0x20, 0xf1, 0x62, 0x32,
    0xb6, 0x1b, 0x0, 0xc, 0xfe, 0x0, 0x9, 0xdd,
    0x20, 0x0, 0x0, 0x0, 0x0, 0x0, 0x0, 0x0,

    /* U+624B "手" */
    0x0, 0x0, 0x0, 0x0, 0x0, 0x14, 0x20, 0x0,
    0x0, 0x12, 0x35, 0x79, 0xbe, 0xfe, 0x90, 0x0,
    0x0, 0x8d, 0xca, 0x9b, 0xd3, 0x0, 0x0, 0x0,
    0x0, 0x0, 0x0, 0x6, 0xc0, 0x0, 0x0, 0x0,
    0x0, 0x11, 0x11, 0x17, 0xd1, 0x11, 0x11, 0x0,
    0x0, 0xff, 0xff, 0xff, 0xff, 0xff, 0xff, 0x0,
    0x0, 0x0, 0x0, 0x6, 0xc0, 0x0, 0x0, 0x0,
    0x0, 0x0, 0x0, 0x6, 0xc0, 0x0, 0x0, 0x0,
    0x3f, 0xff, 0xff, 0xff, 0xff, 0xff, 0xff, 0xf3,
    0x1, 0x11, 0x11, 0x17, 0xd1, 0x11, 0x11, 0x10,
    0x0, 0x0, 0x0, 0x6, 0xc0, 0x0, 0x0, 0x0,
    0x0, 0x0, 0x0, 0x6, 0xc0, 0x0, 0x0, 0x0,
    0x0, 0x0, 0x43, 0x29, 0xc0, 0x0, 0x0, 0x0,
    0x0, 0x0, 0x7e, 0xff, 0x60, 0x0, 0x0, 0x0,

    /* U+6253 "打" */
    0x0, 0x7b, 0x0, 0x0, 0x0, 0x0, 0x0, 0x0,
    0x7, 0xb0, 0xa, 0xaa, 0xaa, 0xaa, 0xa1, 0x0,
    0x7b, 0x0, 0x66, 0x66, 0xf7, 0x66, 0x1b, 0xff,
    0xff, 0xe0, 0x0, 0x1f, 0x20, 0x0, 0x1, 0x7b,
    0x11, 0x0, 0x1, 0xf2, 0x0, 0x0, 0x7, 0xb0,
    0x0, 0x0, 0x1f, 0x20, 0x0, 0x0, 0x7b, 0x15,
    0x0, 0x1, 0xf2, 0x0, 0x1, 0x5b, 0xff, 0xa0,
    0x0, 0x1f, 0x20, 0x0, 0xde, 0xcc, 0x0, 0x0,
    0x1, 0xf2, 0x0, 0x0, 0x7, 0xb0, 0x0, 0x0,
    0x1f, 0x20, 0x0, 0x0, 0x7b, 0x0, 0x0, 0x1,
    0xf2, 0x0, 0x0, 0x7, 0xb0, 0x0, 0x0, 0x1f,
    0x20, 0x0, 0x12, 0x8a, 0x0, 0x4, 0x35, 0xf1,
    0x0, 0x5, 0xff, 0x80, 0x0, 0xaf, 0xfc, 0x0,
    0x0, 0x0, 0x10, 0x0, 0x0, 0x0, 0x0, 0x0,
    0x0,

    /* U+6263 "扣" */
    0x0, 0x9, 0x80, 0x0, 0x0, 0x0, 0x0, 0x0,
    0x0, 0x98, 0x0, 0x35, 0x55, 0x55, 0x51, 0x0,
    0x9, 0x80, 0xa, 0xda, 0xaa, 0xaf, 0x30, 0xef,
    0xff, 0xfa, 0xa8, 0x0, 0x0, 0xf3, 0x0, 0x9,
    0x80, 0xa, 0x80, 0x0, 0xf, 0x30, 0x0, 0x98,
    0x0, 0xa8, 0x0, 0x0, 0xf3, 0x0, 0x9, 0x82,
    0x4a, 0x80, 0x0, 0xf, 0x30, 0x15, 0xcf, 0xf7,
    0xa8, 0x0, 0x0, 0xf3, 0xf, 0xdd, 0x90, 0xa,
    0x80, 0x0, 0xf, 0x30, 0x10, 0x98, 0x0, 0xa8,
    0x0, 0x0, 0xf3, 0x0, 0x9, 0x80, 0xa, 0x80,
    0x0, 0xf, 0x30, 0x0, 0x98, 0x0, 0xa9, 0x11,
    0x11, 0xf3, 0x0, 0xa, 0x80, 0xa, 0xff, 0xff,
    0xff, 0x30, 0x8f, 0xf5, 0x0, 0xa8, 0x0, 0x0,
    0xe2, 0x0, 0x21, 0x0, 0x0, 0x0, 0x0, 0x0,
    0x0,

    /* U+6267 "执" */
    0x0, 0xb, 0x60, 0x0, 0xf, 0x10, 0x0, 0x0,
    0x0, 0xb, 0x60, 0x0, 0xf, 0x10, 0x0, 0x0,
    0x0, 0xb, 0x60, 0x0, 0xf, 0x10, 0x0, 0x0,
    0xe, 0xff, 0xff, 0x9f, 0xff, 0xff, 0xf1, 0x0,
    0x0, 0xb, 0x60, 0x0, 0x1f, 0x0, 0xf1, 0x0,
    0x0, 0xb, 0x60, 0x0, 0x2f, 0x0, 0xf1, 0x0,
    0x0, 0xb, 0x62, 0x3e, 0x9d, 0x0, 0xf1, 0x0,
    0x1, 0x4d, 0xfe, 0x43, 0xec, 0x0, 0xf2, 0x0,
    0xf, 0xde, 0x70, 0x0, 0xbf, 0x80, 0xf2, 0x0,
    0x1, 0xb, 0x60, 0x1, 0xf3, 0xd7, 0xe3, 0x0,
    0x0, 0xb, 0x60, 0x9, 0xa0, 0x12, 0xc4, 0x93,
    0x0, 0xb, 0x60, 0x4f, 0x20, 0x0, 0xa6, 0xd3,
    0x2, 0x3d, 0x53, 0xe5, 0x0, 0x0, 0x6d, 0xe0,
    0x8, 0xfe, 0x2b, 0x60, 0x0, 0x0, 0x1e, 0x80,
    0x0, 0x0, 0x0, 0x0, 0x0, 0x0, 0x0, 0x0,

    /* U+6269 "扩" */
    0x0, 0x0, 0x0, 0x0, 0x0, 0x0, 0x0, 0x0,
    0x0, 0xf0, 0x0, 0x0, 0x7a, 0x0, 0x0, 0x0,
    0xf, 0x0, 0x0, 0x0, 0xd8, 0x0, 0x0, 0x1,
    0xf0, 0x5, 0x99, 0x9b, 0xb9, 0x97, 0x1f, 0xff,
    0xfa, 0x9b, 0x66, 0x66, 0x66, 0x40, 0x0, 0xf0,
    0x9, 0x90, 0x0, 0x0, 0x0, 0x0, 0xf, 0x0,
    0x99, 0x0, 0x0, 0x0, 0x0, 0x0, 0xf2, 0x59,
    0x80, 0x0, 0x0, 0x0, 0x5, 0x9f, 0xd6, 0x98,
    0x0, 0x0, 0x0, 0x1, 0xc8, 0xf0, 0xa, 0x70,
    0x0, 0x0, 0x0, 0x0, 0xf, 0x0, 0xc5, 0x0,
    0x0, 0x0, 0x0, 0x0, 0xf0, 0x1f, 0x20, 0x0,
    0x0, 0x0, 0x0, 0xf, 0x5, 0xe0, 0x0, 0x0,
    0x0, 0x0, 0x23, 0xf0, 0xd8, 0x0, 0x0, 0x0,
    0x0, 0xb, 0xfd, 0xa, 0x0, 0x0, 0x0, 0x0,
    0x0,

    /* U+626B "扫" */
    0x0, 0xa, 0x80, 0x0, 0x0, 0x0, 0x0, 0x0,
    0x0, 0xa8, 0x3, 0xbb, 0xbb, 0xbb, 0xb2, 0x0,
    0xa, 0x80, 0x13, 0x33, 0x33, 0x3f, 0x30, 0xef,
    0xff, 0xfa, 0x0, 0x0, 0x0, 0xe3, 0x0, 0xa,
    0x80, 0x0, 0x0, 0x0, 0xe, 0x30, 0x0, 0xa8,
    0x0, 0x0, 0x0, 0x0, 0xe3, 0x0, 0xa, 0x96,
    0x78, 0xcc, 0xcc, 0xcf, 0x30, 0x6a, 0xef, 0xa3,
    0x23, 0x33, 0x33, 0xf3, 0xc, 0x9c, 0x80, 0x0,
    0x0, 0x0, 0xe, 0x30, 0x0, 0xa8, 0x0, 0x0,
    0x0, 0x0, 0xe3, 0x0, 0xa, 0x80, 0x0, 0x0,
    0x0, 0xe, 0x30, 0x0, 0xa8, 0x1, 0x11, 0x11,
    0x11, 0xe3, 0x1, 0x3c, 0x70, 0xbf, 0xff, 0xff,
    0xff, 0x30, 0x7f, 0xf4, 0x0, 0x0, 0x0, 0x0,
    0xe3,

    /* U+627E "找" */
    0x0, 0xa, 0x80, 0x0, 0x3f, 0x5, 0x50, 0x0,
    0x0, 0xa, 0x80, 0x0, 0x3f, 0x4, 0xf2, 0x0,
    0x0, 0xa, 0x80, 0x0, 0x2f, 0x0, 0x9b, 0x0,
    0xe, 0xff, 0xff, 0xa0, 0x1f, 0x0, 0x1, 0x0,
    0x1, 0x1a, 0x81, 0xbc, 0xdf, 0xbb, 0xbb, 0xb0,
    0x0, 0xa, 0x80, 0x44, 0x3f, 0x40, 0x11, 0x0,
    0x0, 0xa, 0x83, 0x50, 0xd, 0x50, 0x8b, 0x0,
    0x2, 0x6d, 0xfe, 0x70, 0xa, 0x70, 0xe3, 0x0,
    0xf, 0xcd, 0x90, 0x0, 0x6, 0xb9, 0xa0, 0x0,
    0x0, 0xa, 0x80, 0x0, 0x2, 0xfe, 0x10, 0x0,
    0x0, 0xa, 0x80, 0x0, 0x5, 0xf9, 0x0, 0xc0,
    0x0, 0xa, 0x80, 0x0, 0x8f, 0x7f, 0x32, 0xf0,
    0x2, 0x3c, 0x70, 0x6e, 0xc2, 0x7, 0xeb, 0xb0,
    0x7, 0xff, 0x40, 0xa6, 0x0, 0x0, 0x6e, 0x40,

    /* U+6280 "技" */
    0x0, 0x0, 0x0, 0x0, 0x0, 0x0, 0x0, 0x0,
    0x0, 0xf, 0x0, 0x0, 0x3, 0xe0, 0x0, 0x0,
    0x0, 0xf, 0x0, 0x0, 0x3, 0xe0, 0x0, 0x0,
    0x0, 0xf, 0x1, 0xbb, 0xbc, 0xfb, 0xbb, 0xb0,
    0xf, 0xff, 0xf9, 0x33, 0x36, 0xf3, 0x33, 0x30,
    0x0, 0xf, 0x0, 0x0, 0x3, 0xe0, 0x0, 0x0,
    0x0, 0xf, 0x0, 0x24, 0x46, 0xf4, 0x43, 0x0,
    0x0, 0xf, 0x1, 0x8e, 0xec, 0xcc, 0xcf, 0x10,
    0x0, 0x4f, 0xdc, 0x4, 0xe0, 0x0, 0x8a, 0x0,
    0x2f, 0xdf, 0x30, 0x0, 0xb7, 0x1, 0xe2, 0x0,
    0x1, 0xf, 0x0, 0x0, 0x1d, 0x4c, 0x60, 0x0,
    0x0, 0xf, 0x0, 0x0, 0x3, 0xfc, 0x0, 0x0,
    0x0, 0xf, 0x0, 0x0, 0x3d, 0xbe, 0xa1, 0x0,
    0x2, 0x3f, 0x0, 0x3a, 0xf7, 0x1, 0xbf, 0x91,
    0xb, 0xfd, 0x1, 0xdb, 0x20, 0x0, 0x4, 0x90,
    0x0, 0x0, 0x0, 0x0, 0x0, 0x0, 0x0, 0x0,

    /* U+62A4 "护" */
    0x0, 0xa, 0x70, 0x0, 0x6, 0x80, 0x0, 0x0,
    0x0, 0xa7, 0x0, 0x0, 0x1e, 0x80, 0x0, 0x0,
    0xa, 0x70, 0x3, 0x44, 0x7b, 0x44, 0x30, 0xef,
    0xff, 0xf8, 0xdd, 0xbb, 0xbb, 0xcd, 0x0, 0xa,
    0x70, 0xd, 0x50, 0x0, 0x4, 0xd0, 0x0, 0xa7,
    0x0, 0xd5, 0x0, 0x0, 0x4d, 0x0, 0xa, 0x73,
    0x3d, 0x50, 0x0, 0x4, 0xd0, 0x37, 0xdf, 0xd5,
    0xdf, 0xff, 0xff, 0xfd, 0xe, 0xbd, 0x70, 0xe,
    0x40, 0x0, 0x4, 0xc0, 0x0, 0xa7, 0x0, 0xf2,
    0x0, 0x0, 0x0, 0x0, 0xa, 0x70, 0x3f, 0x0,
    0x0, 0x0, 0x0, 0x0, 0xa7, 0x8, 0xc0, 0x0,
    0x0, 0x0, 0x3, 0x3c, 0x70, 0xe6, 0x0, 0x0,
    0x0, 0x0, 0x7f, 0xe3, 0x6d, 0x0, 0x0, 0x0,
    0x0, 0x0, 0x0, 0x0, 0x10, 0x0, 0x0, 0x0,
    0x0,

    /* U+62A5 "报" */
    0x0, 0xf, 0x20, 0x4f, 0xff, 0xff, 0xfd, 0x0,
    0x0, 0xf, 0x20, 0x4d, 0x0, 0x0, 0x4d, 0x0,
    0x0, 0xf, 0x20, 0x4d, 0x0, 0x0, 0x5c, 0x0,
    0xf, 0xff, 0xff, 0x4d, 0x0, 0x10, 0x8b, 0x0,
    0x0, 0xf, 0x20, 0x4d, 0x0, 0xef, 0xf7, 0x0,
    0x0, 0xf, 0x20, 0x4d, 0x0, 0x0, 0x0, 0x0,
    0x0, 0xf, 0x35, 0x6f, 0xff, 0xff, 0xff, 0x30,
    0x4, 0x8f, 0xe9, 0x6d, 0x5d, 0x0, 0x1f, 0x10,
    0x2d, 0x8f, 0x20, 0x4d, 0xd, 0x50, 0x7a, 0x0,
    0x0, 0xf, 0x20, 0x4d, 0x5, 0xe2, 0xe3, 0x0,
    0x0, 0xf, 0x20, 0x4d, 0x0, 0x9f, 0x90, 0x0,
    0x0, 0xf, 0x20, 0x4d, 0x0, 0xaf, 0xd2, 0x0,
    0x3, 0x2f, 0x20, 0x4d, 0x2c, 0xc1, 0x9f, 0x80,
    0xa, 0xfd, 0x0, 0x4d, 0x9a, 0x0, 0x4, 0xb0,
    0x0, 0x0, 0x0, 0x0, 0x0, 0x0, 0x0, 0x0,

    /* U+62C9 "拉" */
    0x0, 0x0, 0x0, 0x0, 0x0, 0x0, 0x0, 0x0,
    0x0, 0xb, 0x50, 0x0, 0xb, 0x50, 0x0, 0x0,
    0x0, 0xb, 0x50, 0x0, 0x4, 0xf3, 0x0, 0x0,
    0x0, 0xb, 0x50, 0x0, 0x0, 0x87, 0x0, 0x0,
    0xf, 0xff, 0xfc, 0xaf, 0xff, 0xff, 0xff, 0x90,
    0x0, 0xb, 0x50, 0x0, 0x0, 0x0, 0x41, 0x0,
    0x0, 0xb, 0x50, 0xd, 0x50, 0x0, 0xf4, 0x0,
    0x0, 0xb, 0x76, 0x1a, 0x90, 0x2, 0xf1, 0x0,
    0x5, 0x9e, 0xe9, 0x6, 0xd0, 0x4, 0xe0, 0x0,
    0xb, 0x8d, 0x50, 0x3, 0xf0, 0x7, 0xa0, 0x0,
    0x0, 0xb, 0x50, 0x1, 0xf2, 0xb, 0x70, 0x0,
    0x0, 0xb, 0x50, 0x0, 0xf4, 0xf, 0x30, 0x0,
    0x0, 0xb, 0x50, 0x0, 0x20, 0x3e, 0x0, 0x0,
    0x2, 0x2d, 0x53, 0xcc, 0xcc, 0xdf, 0xcc, 0xc0,
    0x8, 0xff, 0x31, 0x44, 0x44, 0x44, 0x44, 0x40,

    /* U+62D2 "拒" */
    0x0, 0xb, 0x50, 0x1f, 0xff, 0xff, 0xff, 0x90,
    0x0, 0xb, 0x50, 0x1f, 0x10, 0x0, 0x0, 0x0,
    0x7, 0x7d, 0xa7, 0x2f, 0x10, 0x0, 0x0, 0x0,
    0xf, 0xff, 0xff, 0x4f, 0x10, 0x0, 0x0, 0x0,
    0x0, 0xb, 0x50, 0x1f, 0x33, 0x33, 0x33, 0x0,
    0x0, 0xb, 0x50, 0x1f, 0xdd, 0xdd, 0xdf, 0x0,
    0x0, 0xb, 0x64, 0x3f, 0x10, 0x0, 0x1f, 0x0,
    0x6, 0x9e, 0xe9, 0x3f, 0x10, 0x0, 0x1f, 0x0,
    0xa, 0x7c, 0x50, 0x1f, 0xff, 0xff, 0xff, 0x0,
    0x0, 0xb, 0x50, 0x1f, 0x10, 0x0, 0x0, 0x0,
    0x0, 0xb, 0x50, 0x1f, 0x10, 0x0, 0x0, 0x0,
    0x0, 0xb, 0x50, 0x1f, 0x10, 0x0, 0x0, 0x0,
    0x2, 0x2d, 0x50, 0x1f, 0xff, 0xff, 0xff, 0xf1,
    0x8, 0xff, 0x30, 0x1, 0x11, 0x11, 0x11, 0x10,

    /* U+62DF "拟" */
    0x0, 0x2e, 0x0, 0x42, 0x59, 0x0, 0x3e, 0x0,
    0x0, 0x2e, 0x0, 0xc5, 0x1f, 0x60, 0x3e, 0x0,
    0x0, 0x2e, 0x0, 0xc5, 0x6, 0xf1, 0x3d, 0x0,
    0x1f, 0xff, 0xf8, 0xc5, 0x0, 0xc5, 0x3d, 0x0,
    0x0, 0x2e, 0x0, 0xc5, 0x0, 0x0, 0x4c, 0x0,
    0x0, 0x2e, 0x0, 0xc5, 0x0, 0x0, 0x6b, 0x0,
    0x0, 0x2e, 0x0, 0xc5, 0x0, 0x0, 0x89, 0x0,
    0x0, 0x2f, 0x97, 0xc5, 0x0, 0x0, 0xb6, 0x0,
    0x1b, 0xff, 0x60, 0xc5, 0x3d, 0x60, 0xf2, 0x0,
    0x6, 0x4e, 0x0, 0xcc, 0xf7, 0x8, 0xe0, 0x0,
    0x0, 0x2e, 0x0, 0xfb, 0x20, 0x4f, 0xd9, 0x0,
    0x0, 0x2e, 0x0, 0x20, 0x5, 0xf6, 0x1e, 0x90,
    0x2, 0x4e, 0x0, 0x4, 0xbe, 0x50, 0x3, 0xf5,
    0xb, 0xfb, 0x0, 0xb, 0x81, 0x0, 0x0, 0x40,

    /* U+62E8 "拨" */
    0x0, 0xf, 0x20, 0x5, 0x17, 0x72, 0x30, 0x0,
    0x0, 0xf, 0x20, 0x1f, 0xa, 0x74, 0xe8, 0x0,
    0x3, 0x3f, 0x52, 0x6a, 0xd, 0x50, 0x1b, 0x20,
    0xc, 0xcf, 0xd9, 0xdd, 0xcf, 0xcc, 0xcc, 0xa0,
    0x0, 0xf, 0x20, 0x44, 0x6f, 0x44, 0x44, 0x30,
    0x0, 0xf, 0x20, 0x0, 0x6c, 0x0, 0x0, 0x0,
    0x0, 0xf, 0x68, 0x30, 0xaf, 0xff, 0xfe, 0x0,
    0x17, 0xbf, 0xc7, 0x10, 0xfd, 0x11, 0x7c, 0x0,
    0x1a, 0x6f, 0x20, 0x5, 0xdc, 0x60, 0xd5, 0x0,
    0x0, 0xf, 0x20, 0xd, 0x63, 0xf9, 0xc0, 0x0,
    0x0, 0xf, 0x20, 0x6d, 0x0, 0x9f, 0x40, 0x0,
    0x0, 0xf, 0x23, 0xf3, 0x4, 0xec, 0xe4, 0x0,
    0x2, 0x2f, 0x2d, 0x71, 0x8f, 0x50, 0x7f, 0xb2,
    0xa, 0xfe, 0x0, 0xc, 0xb2, 0x0, 0x3, 0xa0,
    0x0, 0x0, 0x0, 0x0, 0x0, 0x0, 0x0, 0x0,

    /* U+62E9 "择" */
    0x0, 0xa, 0x60, 0x6f, 0xff, 0xff, 0xfd, 0x0,
    0x0, 0xa, 0x60, 0x1, 0xe4, 0x1, 0xd8, 0x0,
    0x0, 0xa, 0x60, 0x0, 0x6f, 0x6d, 0xd0, 0x0,
    0xe, 0xef, 0xfe, 0x50, 0x9, 0xfe, 0x10, 0x0,
    0x1, 0x1b, 0x71, 0x0, 0x3c, 0xdf, 0x92, 0x0,
    0x0, 0xa, 0x60, 0x5b, 0xe6, 0x33, 0xbf, 0xd2,
    0x0, 0xa, 0x60, 0x96, 0x0, 0xe2, 0x3, 0x80,
    0x0, 0xa, 0xbd, 0x11, 0x11, 0xe4, 0x11, 0x0,
    0x9, 0xcf, 0xd6, 0x2e, 0xee, 0xfe, 0xee, 0x50,
    0x5, 0x3b, 0x60, 0x0, 0x0, 0xe2, 0x0, 0x0,
    0x0, 0xa, 0x60, 0xbf, 0xff, 0xff, 0xff, 0xf3,
    0x0, 0xa, 0x60, 0x1, 0x11, 0xe3, 0x11, 0x10,
    0x2, 0x3c, 0x60, 0x0, 0x0, 0xe2, 0x0, 0x0,
    0x7, 0xfe, 0x30, 0x0, 0x0, 0xe2, 0x0, 0x0,

    /* U+62FE "拾" */
    0x0, 0xd, 0x40, 0x0, 0xd, 0xe1, 0x0, 0x0,
    0x0, 0xd, 0x40, 0x0, 0x4d, 0xb9, 0x0, 0x0,
    0x0, 0xd, 0x40, 0x0, 0xc6, 0x2f, 0x40, 0x0,
    0xf, 0xff, 0xff, 0x27, 0xd0, 0x5, 0xf3, 0x0,
    0x0, 0xd, 0x40, 0x5f, 0x20, 0x0, 0x8e, 0x30,
    0x0, 0xd, 0x47, 0xf9, 0xff, 0xff, 0xe9, 0xf2,
    0x0, 0xd, 0x45, 0x30, 0x0, 0x0, 0x0, 0x40,
    0x0, 0x2e, 0xcf, 0x0, 0x0, 0x0, 0x0, 0x0,
    0x1e, 0xff, 0x81, 0x3f, 0xff, 0xff, 0xfd, 0x0,
    0x2, 0xd, 0x40, 0x3e, 0x0, 0x0, 0x4d, 0x0,
    0x0, 0xd, 0x40, 0x3e, 0x0, 0x0, 0x4d, 0x0,
    0x0, 0xd, 0x40, 0x3e, 0x0, 0x0, 0x4d, 0x0,
    0x2, 0x2e, 0x40, 0x3f, 0xee, 0xee, 0xfd, 0x0,
    0x9, 0xfe, 0x20, 0x3e, 0x0, 0x0, 0x4c, 0x0,

    /* U+6301 "持" */
    0x0, 0xb, 0x50, 0x0, 0x3, 0xe0, 0x0, 0x0,
    0x0, 0xb, 0x50, 0x0, 0x3, 0xe0, 0x0, 0x0,
    0x0, 0xb, 0x50, 0x6f, 0xff, 0xff, 0xff, 0x60,
    0xf, 0xff, 0xff, 0x40, 0x3, 0xe0, 0x0, 0x0,
    0x0, 0xb, 0x50, 0x0, 0x3, 0xe0, 0x0, 0x0,
    0x0, 0xb, 0x53, 0xff, 0xff, 0xff, 0xff, 0xf5,
    0x0, 0xb, 0x64, 0x20, 0x0, 0x2, 0xf0, 0x0,
    0x3, 0x6e, 0xfc, 0x30, 0x0, 0x3, 0xf0, 0x0,
    0xe, 0xbe, 0x60, 0xef, 0xff, 0xff, 0xff, 0xf0,
    0x0, 0xb, 0x50, 0x7, 0x60, 0x2, 0xf0, 0x0,
    0x0, 0xb, 0x50, 0x3, 0xf5, 0x2, 0xf0, 0x0,
    0x0, 0xb, 0x50, 0x0, 0x5a, 0x2, 0xf0, 0x0,
    0x2, 0x2d, 0x50, 0x0, 0x2, 0x45, 0xf0, 0x0,
    0x8, 0xff, 0x30, 0x0, 0x6, 0xde, 0xa0, 0x0,

    /* U+6307 "指" */
    0x0, 0xb, 0x50, 0x2f, 0x0, 0x0, 0x0, 0x0,
    0x0, 0xb, 0x50, 0x2f, 0x0, 0x15, 0xaa, 0x0,
    0x0, 0xb, 0x50, 0x2f, 0xad, 0xeb, 0x72, 0x0,
    0xf, 0xff, 0xff, 0x6f, 0x41, 0x0, 0x1, 0xd0,
    0x0, 0xb, 0x60, 0x2f, 0x31, 0x11, 0x17, 0xe0,
    0x0, 0xb, 0x50, 0xb, 0xff, 0xff, 0xfe, 0x70,
    0x0, 0xb, 0x64, 0x30, 0x0, 0x0, 0x0, 0x0,
    0x4, 0x8e, 0xfb, 0x3e, 0xff, 0xff, 0xff, 0x0,
    0xe, 0xbd, 0x50, 0xf, 0x20, 0x0, 0xf, 0x0,
    0x0, 0xb, 0x50, 0xf, 0x31, 0x11, 0x2f, 0x0,
    0x0, 0xb, 0x50, 0xf, 0xdd, 0xdd, 0xdf, 0x0,
    0x0, 0xb, 0x50, 0xf, 0x20, 0x0, 0xf, 0x0,
    0x2, 0x2d, 0x50, 0xf, 0xdc, 0xcc, 0xcf, 0x0,
    0x8, 0xff, 0x30, 0xf, 0x53, 0x33, 0x3f, 0x0,

    /* U+6309 "按" */
    0x0, 0x0, 0x0, 0x0, 0x0, 0x0, 0x0, 0x0,
    0x0, 0xf, 0x0, 0x0, 0x9, 0x90, 0x0, 0x0,
    0x0, 0xf, 0x0, 0x0, 0x1, 0xe4, 0x0, 0x0,
    0x0, 0xf, 0x0, 0xde, 0xee, 0xee, 0xee, 0xe0,
    0x1f, 0xff, 0xf8, 0xd4, 0x3, 0x10, 0x2, 0xe0,
    0x0, 0xf, 0x0, 0xd4, 0xd, 0x50, 0x2, 0xe0,
    0x0, 0xf, 0x0, 0x21, 0x2f, 0x20, 0x1, 0x20,
    0x0, 0xf, 0x3, 0xff, 0xff, 0xff, 0xff, 0xf3,
    0x0, 0x4f, 0xd9, 0x0, 0xd6, 0x0, 0xf3, 0x0,
    0x2f, 0xcf, 0x30, 0x5, 0xe0, 0x3, 0xf0, 0x0,
    0x1, 0xf, 0x0, 0x7, 0xe6, 0x9, 0xa0, 0x0,
    0x0, 0xf, 0x0, 0x0, 0x2a, 0xef, 0x30, 0x0,
    0x0, 0xf, 0x0, 0x0, 0x6, 0xed, 0xd4, 0x0,
    0x2, 0x3f, 0x0, 0x48, 0xdc, 0x30, 0x8f, 0xa0,
    0xb, 0xfc, 0x1, 0xda, 0x40, 0x0, 0x3, 0x60,

    /* U+632F "振" */
    0x0, 0xf, 0x0, 0x0, 0x0, 0x0, 0x0, 0x0,
    0x0, 0xf, 0x0, 0xcf, 0xee, 0xee, 0xee, 0xb0,
    0x0, 0xf, 0x0, 0xc5, 0x0, 0x0, 0x0, 0x0,
    0xe, 0xef, 0xe7, 0xc5, 0x22, 0x22, 0x22, 0x0,
    0x3, 0x4f, 0x31, 0xc6, 0xcc, 0xcc, 0xcc, 0x0,
    0x0, 0xf, 0x0, 0xc5, 0x0, 0x0, 0x0, 0x0,
    0x0, 0xf, 0x55, 0xdf, 0xee, 0xee, 0xee, 0xe0,
    0x18, 0xcf, 0xa3, 0xd5, 0xa8, 0x5b, 0x12, 0x30,
    0x19, 0x5f, 0x0, 0xe3, 0xa7, 0x1e, 0x2d, 0x90,
    0x0, 0xf, 0x0, 0xf2, 0xa7, 0xc, 0xf8, 0x0,
    0x0, 0xf, 0x4, 0xf0, 0xa7, 0x6, 0xd0, 0x0,
    0x0, 0xf, 0x8, 0xa0, 0xa7, 0x24, 0xca, 0x0,
    0x2, 0x3f, 0x1f, 0x40, 0xbe, 0xe6, 0x2e, 0xb0,
    0xb, 0xfc, 0x19, 0x0, 0x96, 0x0, 0x2, 0x90,

    /* U+6362 "换" */
    0x0, 0x0, 0x0, 0x0, 0x0, 0x0, 0x0, 0x0,
    0x0, 0xf, 0x0, 0x0, 0xd3, 0x0, 0x0, 0x0,
    0x0, 0xf, 0x0, 0x6, 0xfc, 0xcc, 0x50, 0x0,
    0x0, 0xf, 0x0, 0x1e, 0x31, 0x2e, 0x30, 0x0,
    0xd, 0xdf, 0xd7, 0xd8, 0x0, 0x7b, 0x0, 0x0,
    0x4, 0x4f, 0x59, 0xdf, 0xff, 0xff, 0xfd, 0x0,
    0x0, 0xf, 0x0, 0x3d, 0x3, 0xd0, 0x2e, 0x0,
    0x0, 0xf, 0x0, 0x3d, 0x3, 0xd0, 0x2e, 0x0,
    0x1, 0x5f, 0xda, 0x3d, 0x3, 0xd0, 0x2e, 0x0,
    0x2f, 0xcf, 0x2b, 0xef, 0xee, 0xfe, 0xef, 0xe4,
    0x1, 0xf, 0x0, 0x0, 0x7, 0xf6, 0x0, 0x0,
    0x0, 0xf, 0x0, 0x0, 0xd, 0x6e, 0x10, 0x0,
    0x0, 0xf, 0x0, 0x0, 0xac, 0x7, 0xd3, 0x0,
    0x2, 0x3f, 0x0, 0x3c, 0xd1, 0x0, 0x7f, 0x91,
    0xb, 0xfd, 0xa, 0xe8, 0x0, 0x0, 0x3, 0xb1,
    0x0, 0x0, 0x1, 0x0, 0x0, 0x0, 0x0, 0x0,

    /* U+636E "据" */
    0x0, 0xf, 0x0, 0xff, 0xff, 0xff, 0xff, 0x30,
    0x0, 0xf, 0x0, 0xf3, 0x0, 0x0, 0xe, 0x30,
    0x6, 0x6f, 0x63, 0xf3, 0x0, 0x0, 0xe, 0x30,
    0xc, 0xcf, 0xc6, 0xfd, 0xdd, 0xdd, 0xdf, 0x30,
    0x0, 0xf, 0x0, 0xf4, 0x22, 0xe4, 0x22, 0x0,
    0x0, 0xf, 0x0, 0xf3, 0x0, 0xe2, 0x0, 0x0,
    0x0, 0xf, 0x23, 0xfe, 0xee, 0xfe, 0xee, 0xe2,
    0x4, 0x8f, 0xf8, 0xf3, 0x0, 0xe3, 0x0, 0x0,
    0x2f, 0xbf, 0x11, 0xf2, 0x0, 0xe2, 0x0, 0x0,
    0x0, 0xf, 0x2, 0xf3, 0xff, 0xff, 0xff, 0x30,
    0x0, 0xf, 0x5, 0xd2, 0xe0, 0x0, 0xe, 0x30,
    0x0, 0xf, 0xa, 0x92, 0xe0, 0x0, 0xe, 0x30,
    0x3, 0x3f, 0x3f, 0x32, 0xfd, 0xdd, 0xdf, 0x30,
    0xb, 0xfd, 0x27, 0x2, 0xe1, 0x11, 0x1d, 0x20,

    /* U+6377 "捷" */
    0x0, 0x0, 0x0, 0x0, 0x0, 0x0, 0x0, 0x0,
    0x0, 0xf, 0x0, 0x0, 0xd, 0x30, 0x0, 0x0,
    0x0, 0xf, 0x5, 0x99, 0x9e, 0xa9, 0x99, 0x50,
    0x3, 0x3f, 0x34, 0x33, 0x3d, 0x63, 0x33, 0x20,
    0xc, 0xcf, 0xc7, 0x4d, 0xdf, 0xdd, 0xdc, 0x0,
    0x0, 0xf, 0x0, 0x1, 0x1d, 0x41, 0x2e, 0x0,
    0x0, 0xf, 0xb, 0xee, 0xef, 0xee, 0xef, 0xe0,
    0x0, 0xf, 0x35, 0x0, 0xd, 0x40, 0x2e, 0x0,
    0x16, 0xaf, 0xd6, 0x5e, 0xef, 0xee, 0xee, 0x0,
    0x1b, 0x7f, 0x0, 0x13, 0xd, 0x40, 0x0, 0x0,
    0x0, 0xf, 0x0, 0x69, 0xd, 0xcb, 0xbb, 0x10,
    0x0, 0xf, 0x0, 0xbb, 0xd, 0x63, 0x33, 0x0,
    0x0, 0xf, 0x2, 0xfc, 0x5d, 0x30, 0x0, 0x0,
    0x1, 0x3f, 0xc, 0x91, 0xcf, 0x73, 0x22, 0x30,
    0xb, 0xfd, 0x3c, 0x0, 0x6, 0xbe, 0xff, 0xc0,
    0x0, 0x0, 0x0, 0x0, 0x0, 0x0, 0x0, 0x0,

    /* U+6392 "排" */
    0x0, 0x0, 0x0, 0x0, 0x0, 0x1, 0x0, 0x0,
    0x0, 0xf, 0x30, 0x0, 0x4d, 0xf, 0x10, 0x0,
    0x0, 0xf, 0x30, 0x0, 0x4d, 0xf, 0x10, 0x0,
    0x0, 0xf, 0x30, 0x45, 0x8d, 0xf, 0x65, 0x50,
    0x1f, 0xff, 0xf9, 0x8a, 0xbd, 0xf, 0xba, 0xa0,
    0x0, 0xf, 0x30, 0x0, 0x4d, 0xf, 0x10, 0x0,
    0x0, 0xf, 0x30, 0x0, 0x4d, 0xf, 0x20, 0x0,
    0x0, 0xf, 0x32, 0x8f, 0xfd, 0xf, 0xff, 0xb0,
    0x0, 0x4f, 0xeb, 0x10, 0x4d, 0xf, 0x10, 0x0,
    0x2f, 0xbf, 0x30, 0x0, 0x4d, 0xf, 0x10, 0x0,
    0x0, 0xf, 0x34, 0xff, 0xfd, 0xf, 0xff, 0xf3,
    0x0, 0xf, 0x30, 0x0, 0x4d, 0xf, 0x20, 0x0,
    0x0, 0xf, 0x30, 0x0, 0x4d, 0xf, 0x10, 0x0,
    0x2, 0x2f, 0x20, 0x0, 0x4d, 0xf, 0x10, 0x0,
    0xa, 0xfe, 0x10, 0x0, 0x4d, 0xe, 0x10, 0x0,

    /* U+63A5 "接" */
    0x0, 0x0, 0x0, 0x0, 0x0, 0x0, 0x0, 0x0,
    0x0, 0xf, 0x0, 0x0, 0xc, 0x60, 0x0, 0x0,
    0x0, 0xf, 0x0, 0x22, 0x25, 0xf3, 0x22, 0x10,
    0x0, 0xf, 0x13, 0xbe, 0xdb, 0xbc, 0xfb, 0x50,
    0xf, 0xff, 0xfb, 0x7, 0x90, 0x6, 0xb0, 0x0,
    0x0, 0xf, 0x0, 0x2, 0xe0, 0xc, 0x50, 0x0,
    0x0, 0xf, 0xa, 0xee, 0xfe, 0xef, 0xee, 0xe1,
    0x0, 0xf, 0x47, 0x11, 0x4e, 0x11, 0x11, 0x10,
    0x5, 0x9f, 0xe7, 0x0, 0x99, 0x0, 0x0, 0x0,
    0x1d, 0x8f, 0x8, 0xff, 0xff, 0xff, 0xff, 0xf0,
    0x0, 0xf, 0x0, 0x9, 0xa0, 0x7, 0xb0, 0x0,
    0x0, 0xf, 0x0, 0x2f, 0xa3, 0x1e, 0x40, 0x0,
    0x0, 0xf, 0x0, 0x1, 0x7d, 0xfd, 0x10, 0x0,
    0x2, 0x3f, 0x0, 0x25, 0xae, 0x8a, 0xf9, 0x20,
    0xb, 0xfd, 0x6, 0xeb, 0x71, 0x0, 0x3b, 0x50,

    /* U+63A7 "控" */
    0x0, 0x0, 0x0, 0x0, 0x0, 0x0, 0x0, 0x0,
    0x0, 0xf, 0x0, 0x0, 0xc, 0x50, 0x0, 0x0,
    0x0, 0xf, 0x0, 0x0, 0x3, 0xe0, 0x0, 0x0,
    0x0, 0xf, 0x13, 0xfe, 0xee, 0xee, 0xee, 0xc0,
    0x1f, 0xff, 0xf7, 0xd0, 0x21, 0x2, 0x5, 0xc0,
    0x0, 0xf, 0x3, 0xd0, 0xc8, 0xc, 0x95, 0xc0,
    0x0, 0xf, 0x0, 0x28, 0xd0, 0x1, 0xda, 0x30,
    0x0, 0xf, 0x34, 0x8e, 0x20, 0x0, 0x3f, 0x50,
    0x4, 0x8f, 0xe6, 0xa4, 0x11, 0x11, 0x17, 0x60,
    0x2d, 0x9f, 0x0, 0xe, 0xff, 0xff, 0xf8, 0x0,
    0x0, 0xf, 0x0, 0x0, 0x5, 0xc0, 0x0, 0x0,
    0x0, 0xf, 0x0, 0x0, 0x5, 0xc0, 0x0, 0x0,
    0x0, 0xf, 0x0, 0x0, 0x5, 0xc0, 0x0, 0x0,
    0x1, 0x3f, 0x1, 0x22, 0x27, 0xd2, 0x22, 0x20,
    0xb, 0xfd, 0x6, 0xdd, 0xdd, 0xdd, 0xdd, 0xd2,

    /* U+63A8 "推" */
    0x0, 0xf, 0x0, 0x3, 0xb0, 0x87, 0x0, 0x0,
    0x0, 0xf, 0x0, 0x7, 0xb0, 0x2f, 0x30, 0x0,
    0x1, 0x1f, 0x21, 0xd, 0x50, 0x7, 0x60, 0x0,
    0xf, 0xff, 0xfc, 0x4f, 0xff, 0xff, 0xff, 0xb0,
    0x0, 0xf, 0x0, 0xcf, 0x10, 0x2e, 0x0, 0x0,
    0x0, 0xf, 0x6, 0xcf, 0x20, 0x2e, 0x0, 0x0,
    0x0, 0xf, 0x6, 0x2f, 0xee, 0xef, 0xee, 0x50,
    0x0, 0x3f, 0xbd, 0xf, 0x10, 0x2e, 0x0, 0x0,
    0x2f, 0xdf, 0x50, 0xf, 0x10, 0x2e, 0x0, 0x0,
    0x1, 0xf, 0x0, 0xf, 0xff, 0xff, 0xff, 0x50,
    0x0, 0xf, 0x0, 0xf, 0x10, 0x2e, 0x0, 0x0,
    0x0, 0xf, 0x0, 0xf, 0x10, 0x2e, 0x0, 0x0,
    0x3, 0x3f, 0x0, 0xf, 0xff, 0xff, 0xff, 0xf1,
    0xb, 0xfd, 0x0, 0xf, 0x21, 0x11, 0x11, 0x10,
    0x0, 0x0, 0x0, 0x2, 0x0, 0x0, 0x0, 0x0,

    /* U+63CF "描" */
    0x0, 0xf, 0x10, 0x0, 0xe2, 0x2, 0xe0, 0x0,
    0x0, 0xf, 0x10, 0x0, 0xe2, 0x2, 0xe0, 0x0,
    0x0, 0xf, 0x12, 0xbb, 0xfc, 0xbc, 0xfb, 0xb3,
    0xf, 0xff, 0xfd, 0x33, 0xf5, 0x35, 0xf3, 0x31,
    0x0, 0xf, 0x10, 0x0, 0xe2, 0x2, 0xe0, 0x0,
    0x0, 0xf, 0x10, 0x0, 0x51, 0x1, 0x50, 0x0,
    0x0, 0xf, 0x13, 0x9f, 0xee, 0xfe, 0xef, 0xd0,
    0x3, 0x7f, 0xe8, 0x97, 0x0, 0xf2, 0x4, 0xd0,
    0x2d, 0x9f, 0x10, 0x97, 0x0, 0xf2, 0x4, 0xd0,
    0x0, 0xf, 0x10, 0x9f, 0xee, 0xfe, 0xee, 0xd0,
    0x0, 0xf, 0x10, 0x97, 0x0, 0xf2, 0x4, 0xd0,
    0x0, 0xf, 0x10, 0x97, 0x0, 0xf2, 0x4, 0xd0,
    0x4, 0x5f, 0x0, 0x9e, 0xdd, 0xfd, 0xde, 0xd0,
    0x9, 0xdb, 0x0, 0x98, 0x22, 0x22, 0x25, 0xd0,

    /* U+63D0 "提" */
    0x0, 0xf, 0x0, 0xf, 0xee, 0xee, 0xee, 0x0,
    0x0, 0xf, 0x0, 0xf, 0x0, 0x0, 0x2e, 0x0,
    0x0, 0xf, 0x10, 0xf, 0x88, 0x88, 0x9e, 0x0,
    0xf, 0xff, 0xfd, 0xf, 0x66, 0x66, 0x7e, 0x0,
    0x0, 0xf, 0x0, 0xf, 0x0, 0x0, 0x2e, 0x0,
    0x0, 0xf, 0x0, 0xe, 0xee, 0xee, 0xed, 0x0,
    0x0, 0xf, 0x12, 0x0, 0x0, 0x0, 0x0, 0x0,
    0x2, 0x6f, 0xe9, 0xcf, 0xff, 0xff, 0xff, 0xf0,
    0x1b, 0x8f, 0x10, 0x7, 0x22, 0xf0, 0x0, 0x0,
    0x0, 0xf, 0x0, 0xe, 0x22, 0xfd, 0xdd, 0x60,
    0x0, 0xf, 0x0, 0x3f, 0x42, 0xf2, 0x22, 0x0,
    0x0, 0xf, 0x0, 0xab, 0xe5, 0xf0, 0x0, 0x0,
    0x1, 0x3f, 0x3, 0xf1, 0x5f, 0xf4, 0x32, 0x31,
    0xb, 0xfd, 0x9, 0x70, 0x2, 0x9d, 0xff, 0xf1,
    0x0, 0x0, 0x0, 0x0, 0x0, 0x0, 0x0, 0x0,

    /* U+63D2 "插" */
    0x0, 0xf, 0x0, 0x0, 0x0, 0x1, 0x52, 0x0,
    0x0, 0xf0, 0x6, 0x8a, 0xcf, 0xfc, 0x70, 0x0,
    0xf, 0x0, 0x67, 0x56, 0xe0, 0x0, 0x0, 0xcc,
    0xfc, 0x70, 0x0, 0x3e, 0x0, 0x0, 0x3, 0x3f,
    0x4a, 0xff, 0xff, 0xff, 0xff, 0xe0, 0x0, 0xf0,
    0x0, 0x2, 0x2e, 0x0, 0x0, 0x0, 0xf, 0x35,
    0x7e, 0xd5, 0xeb, 0xff, 0x31, 0x6a, 0xfd, 0x6a,
    0x60, 0x2e, 0x0, 0xd4, 0x1b, 0x7f, 0x0, 0xa6,
    0x2, 0xe0, 0xd, 0x40, 0x0, 0xf0, 0xa, 0xff,
    0x6e, 0xbf, 0xf4, 0x0, 0xf, 0x0, 0xa6, 0x2,
    0xe0, 0xd, 0x40, 0x0, 0xf0, 0xa, 0x60, 0x2e,
    0x0, 0xd4, 0x3, 0x3f, 0x0, 0xae, 0xee, 0xfe,
    0xef, 0x40, 0xbf, 0xd0, 0xa, 0x71, 0x11, 0x11,
    0xd4,

    /* U+63F4 "援" */
    0x0, 0x0, 0x0, 0x0, 0x0, 0x0, 0x0, 0x0,
    0x0, 0xf, 0x0, 0xee, 0xdc, 0xa8, 0x54, 0x0,
    0x0, 0xf, 0x0, 0x19, 0xa, 0x60, 0x4e, 0x0,
    0x8, 0x8f, 0x86, 0xd, 0x56, 0xc0, 0x99, 0x0,
    0xb, 0xbf, 0xb9, 0x6, 0x91, 0xc1, 0xf1, 0x0,
    0x0, 0xf, 0x0, 0x9c, 0xcc, 0xcd, 0xfc, 0x60,
    0x0, 0xf, 0x0, 0x12, 0xc5, 0x22, 0x22, 0x10,
    0x0, 0xf, 0x14, 0x33, 0xe5, 0x33, 0x33, 0x30,
    0x0, 0x4f, 0xe8, 0xbc, 0xfc, 0xcc, 0xcc, 0xc0,
    0x2e, 0xdf, 0x20, 0x3, 0xe2, 0x22, 0x20, 0x0,
    0x3, 0xf, 0x0, 0x7, 0xfe, 0xcc, 0xea, 0x0,
    0x0, 0xf, 0x0, 0xe, 0x5d, 0x42, 0xe2, 0x0,
    0x0, 0xf, 0x0, 0x8b, 0x2, 0xde, 0x50, 0x0,
    0x2, 0x3f, 0x5, 0xe2, 0x29, 0xd9, 0xe9, 0x50,
    0xb, 0xfd, 0x9, 0x47, 0xd7, 0x0, 0x18, 0xb0,
    0x0, 0x0, 0x0, 0x0, 0x0, 0x0, 0x0, 0x0,

    /* U+641C "搜" */
    0x0, 0xf, 0x0, 0x0, 0x12, 0xe0, 0x0, 0x0,
    0x0, 0xf, 0x0, 0x8d, 0xc4, 0xeb, 0xee, 0x10,
    0x0, 0xf, 0x0, 0xc4, 0x2, 0xe0, 0xe, 0x10,
    0xe, 0xef, 0xec, 0xc6, 0x22, 0xe2, 0x2e, 0x10,
    0x3, 0x3f, 0x42, 0xcc, 0xb2, 0xe8, 0xbf, 0x10,
    0x0, 0xf, 0x0, 0xc4, 0x2, 0xe0, 0xe, 0x10,
    0x0, 0xf, 0x25, 0xcd, 0xcc, 0xfc, 0xcf, 0x10,
    0x17, 0xaf, 0xc6, 0x0, 0x2, 0xe0, 0x0, 0x0,
    0x19, 0x5f, 0x1, 0xee, 0xee, 0xfe, 0xed, 0x10,
    0x0, 0xf, 0x0, 0x8, 0xb0, 0x1, 0xd6, 0x0,
    0x0, 0xf, 0x0, 0x0, 0x8b, 0x4d, 0x60, 0x0,
    0x0, 0xf, 0x0, 0x0, 0xa, 0xf9, 0x0, 0x0,
    0x2, 0x3f, 0x0, 0x37, 0xeb, 0x4a, 0xe9, 0x40,
    0xb, 0xfd, 0x9, 0xe9, 0x30, 0x0, 0x39, 0xc0,
    0x0, 0x0, 0x0, 0x0, 0x0, 0x0, 0x0, 0x0,

    /* U+6447 "摇" */
    0x0, 0x0, 0x0, 0x0, 0x0, 0x0, 0x0, 0x0,
    0x0, 0xf, 0x3, 0xef, 0xed, 0xb9, 0x74, 0x0,
    0x0, 0xf, 0x0, 0x11, 0x5, 0x40, 0xc, 0x10,
    0x0, 0xf, 0x10, 0x5e, 0x9, 0xa0, 0x4f, 0x0,
    0x1f, 0xff, 0xfc, 0xf, 0x44, 0xe0, 0x99, 0x0,
    0x0, 0xf, 0x0, 0xb, 0x70, 0xb1, 0xd3, 0x0,
    0x0, 0xf, 0x0, 0x3, 0x90, 0x0, 0x0, 0x0,
    0x0, 0xf, 0x25, 0xc, 0xee, 0xfe, 0xee, 0x0,
    0x1, 0x7f, 0xe6, 0x9a, 0x2, 0xe0, 0x0, 0x0,
    0x2f, 0xbf, 0x13, 0x33, 0x34, 0xf3, 0x33, 0x30,
    0x0, 0xf, 0xa, 0xbb, 0xbb, 0xfb, 0xbb, 0xb1,
    0x0, 0xf, 0x0, 0x96, 0x2, 0xe0, 0xd, 0x20,
    0x0, 0xf, 0x0, 0xa7, 0x2, 0xe0, 0xe, 0x20,
    0x4, 0x4f, 0x0, 0xad, 0xbc, 0xfb, 0xbf, 0x20,
    0xb, 0xfd, 0x0, 0x13, 0x33, 0x33, 0x3e, 0x20,

    /* U+6458 "摘" */
    0x0, 0x0, 0x0, 0x0, 0x0, 0x0, 0x0, 0x0,
    0x0, 0x2e, 0x0, 0x0, 0x9, 0xa0, 0x0, 0x0,
    0x0, 0x2e, 0x1, 0x33, 0x34, 0xe7, 0x33, 0x30,
    0x0, 0x2e, 0x5, 0xbd, 0xeb, 0xbc, 0xfb, 0xb2,
    0xc, 0xdf, 0xc6, 0x1, 0xe1, 0x6, 0xb0, 0x0,
    0x0, 0x2e, 0x0, 0xbb, 0xec, 0xbe, 0xdb, 0x80,
    0x0, 0x2e, 0x0, 0xf4, 0x35, 0xe3, 0x37, 0xb0,
    0x0, 0x2e, 0x1, 0xf2, 0x24, 0xe2, 0x25, 0xb0,
    0x0, 0x5f, 0xd8, 0xf5, 0xbb, 0xfb, 0xb6, 0xb0,
    0x1f, 0xef, 0x20, 0xf1, 0x14, 0xe2, 0x15, 0xb0,
    0x1, 0x2e, 0x0, 0xf1, 0xcb, 0xad, 0x75, 0xb0,
    0x0, 0x2e, 0x0, 0xf1, 0xc3, 0x8, 0x75, 0xb0,
    0x0, 0x2e, 0x0, 0xf1, 0xcd, 0xde, 0x75, 0xb0,
    0x2, 0x4e, 0x0, 0xf1, 0x0, 0x2, 0x38, 0xb0,
    0xb, 0xfb, 0x0, 0xf1, 0x0, 0x4, 0xdd, 0x60,

    /* U+6478 "摸" */
    0x0, 0x2e, 0x0, 0x2, 0xe0, 0xe, 0x20, 0x0,
    0x0, 0x2e, 0x7, 0x78, 0xf7, 0x7f, 0x87, 0x60,
    0x0, 0x2e, 0x7, 0x78, 0xf7, 0x7f, 0x87, 0x60,
    0xc, 0xcf, 0xc6, 0x13, 0x92, 0x29, 0x31, 0x0,
    0x3, 0x4e, 0x31, 0xcd, 0xbb, 0xbb, 0xdb, 0x0,
    0x0, 0x2e, 0x0, 0xc9, 0x55, 0x55, 0x9b, 0x0,
    0x0, 0x2e, 0x34, 0xc9, 0x66, 0x66, 0x9b, 0x0,
    0x17, 0xbf, 0xb4, 0xcc, 0xaa, 0xaa, 0xcb, 0x0,
    0xd, 0x9e, 0x0, 0x23, 0x39, 0x83, 0x32, 0x0,
    0x0, 0x2e, 0x1, 0x11, 0x19, 0x71, 0x11, 0x10,
    0x0, 0x2e, 0x1c, 0xcc, 0xcf, 0xfc, 0xcc, 0xc0,
    0x0, 0x2e, 0x0, 0x0, 0x4c, 0x99, 0x10, 0x0,
    0x2, 0x4e, 0x0, 0x39, 0xd2, 0x8, 0xe9, 0x40,
    0xb, 0xfb, 0x1e, 0xd6, 0x0, 0x0, 0x29, 0x90,
    0x0, 0x0, 0x0, 0x0, 0x0, 0x0, 0x0, 0x0,

    /* U+64AD "播" */
    0x0, 0x0, 0x0, 0x0, 0x0, 0x0, 0x0, 0x0,
    0x0, 0xf, 0x1, 0xee, 0xed, 0xf9, 0x74, 0x0,
    0x0, 0xf, 0x0, 0x9, 0x11, 0xe0, 0x87, 0x0,
    0x5, 0x5f, 0x54, 0xb, 0x61, 0xe0, 0xc3, 0x0,
    0x1f, 0xff, 0xfd, 0x6, 0x81, 0xe1, 0xd0, 0x0,
    0x1, 0x2f, 0x24, 0xee, 0xef, 0xff, 0xee, 0xe1,
    0x0, 0xf, 0x0, 0x0, 0x6c, 0xec, 0x40, 0x0,
    0x0, 0xf, 0x16, 0x5, 0xd2, 0xe2, 0xe5, 0x0,
    0x0, 0x3f, 0xe9, 0x8e, 0x32, 0xe1, 0x4f, 0xa1,
    0x1d, 0xef, 0x28, 0xef, 0xdd, 0xfd, 0xdf, 0xb1,
    0x2, 0xf, 0x0, 0x6a, 0x1, 0xe0, 0x1f, 0x0,
    0x0, 0xf, 0x0, 0x6f, 0xdd, 0xfd, 0xdf, 0x0,
    0x0, 0xf, 0x0, 0x6a, 0x1, 0xe0, 0x1f, 0x0,
    0x1, 0x3f, 0x0, 0x6b, 0x23, 0xe2, 0x3f, 0x0,
    0xb, 0xfd, 0x0, 0x6e, 0xbb, 0xbb, 0xcf, 0x0,

    /* U+64CD "操" */
    0x0, 0x2e, 0x0, 0xe, 0xee, 0xee, 0xb0, 0x0,
    0x0, 0x2e, 0x0, 0xe, 0x10, 0x2, 0xb0, 0x0,
    0x3, 0x5e, 0x31, 0xe, 0x99, 0x9a, 0xb0, 0x0,
    0x1d, 0xdf, 0xd5, 0x4, 0x55, 0x55, 0x30, 0x0,
    0x0, 0x2e, 0x5, 0xdd, 0xda, 0x3d, 0xdd, 0x30,
    0x0, 0x2e, 0x6, 0xa0, 0x6c, 0x49, 0xc, 0x40,
    0x0, 0x2e, 0x6, 0xb2, 0x8c, 0x4a, 0x2c, 0x40,
    0x3, 0x6f, 0xc7, 0xbb, 0xba, 0x8b, 0xbb, 0x20,
    0x1f, 0xce, 0x0, 0x0, 0x4, 0xc0, 0x0, 0x0,
    0x1, 0x2e, 0xc, 0xff, 0xff, 0xff, 0xff, 0xa0,
    0x0, 0x2e, 0x0, 0x0, 0x6e, 0xeb, 0x10, 0x0,
    0x0, 0x2e, 0x0, 0x1a, 0xc5, 0xc4, 0xd5, 0x0,
    0x2, 0x4e, 0x9, 0xe8, 0x4, 0xc0, 0x3c, 0xc0,
    0xb, 0xfb, 0x5, 0x20, 0x4, 0xc0, 0x0, 0x20,

    /* U+64E6 "擦" */
    0x0, 0x0, 0x0, 0x0, 0x1, 0x0, 0x0, 0x0,
    0x0, 0x2e, 0x0, 0x0, 0x9, 0xb0, 0x0, 0x0,
    0x0, 0x2e, 0xc, 0xdd, 0xdd, 0xfd, 0xdd, 0xd1,
    0x4, 0x5e, 0x4f, 0x37, 0x41, 0x62, 0x11, 0xf2,
    0x2c, 0xcf, 0xcf, 0x4f, 0xba, 0x9e, 0xdd, 0xc1,
    0x0, 0x2e, 0x3, 0xcb, 0x3e, 0x3e, 0x1c, 0x50,
    0x0, 0x2e, 0xb, 0xaa, 0xfa, 0x9, 0xcc, 0x0,
    0x0, 0x2e, 0x7, 0xc9, 0xf1, 0x0, 0xe7, 0x0,
    0x0, 0x5f, 0xd4, 0x6f, 0xce, 0xee, 0xae, 0x70,
    0x1f, 0xce, 0x3a, 0xc2, 0x0, 0x0, 0x2, 0xc4,
    0x0, 0x2e, 0x4, 0x8e, 0xee, 0xee, 0xee, 0x10,
    0x0, 0x2e, 0x0, 0x7, 0x12, 0xe0, 0x72, 0x0,
    0x0, 0x2e, 0x0, 0x8d, 0x12, 0xe0, 0x6e, 0x30,
    0x2, 0x4e, 0xa, 0xe2, 0x14, 0xe0, 0x7, 0xd0,
    0xc, 0xfb, 0x6, 0x10, 0xbf, 0xb0, 0x0, 0x20,
    0x0, 0x0, 0x0, 0x0, 0x0, 0x0, 0x0, 0x0,

    /* U+652F "支" */
    0x0, 0x0, 0x0, 0xa9, 0x0, 0x0, 0x0, 0x0,
    0x0, 0x0, 0xa, 0x90, 0x0, 0x0, 0x0, 0xef,
    0xff, 0xff, 0xff, 0xff, 0xff, 0xfe, 0x1, 0x22,
    0x22, 0x2b, 0xa2, 0x22, 0x22, 0x10, 0x0, 0x0,
    0x0, 0xa9, 0x0, 0x0, 0x0, 0x0, 0x34, 0x44,
    0x4c, 0xb4, 0x44, 0x20, 0x0, 0x9, 0xcf, 0xdc,
    0xcc, 0xcc, 0xfc, 0x0, 0x0, 0x0, 0x8b, 0x0,
    0x0, 0x2f, 0x40, 0x0, 0x0, 0x0, 0xd7, 0x0,
    0xd, 0x90, 0x0, 0x0, 0x0, 0x2, 0xf6, 0xb,
    0xb0, 0x0, 0x0, 0x0, 0x0, 0x4, 0xfd, 0xc0,
    0x0, 0x0, 0x0, 0x0, 0x0, 0x7f, 0xed, 0x50,
    0x0, 0x0, 0x0, 0x49, 0xfc, 0x30, 0x6d, 0xea,
    0x74, 0x7, 0xfe, 0x93, 0x0, 0x0, 0x3, 0x9d,
    0x80, 0x2, 0x0, 0x0, 0x0, 0x0, 0x0, 0x0,
    0x0,

    /* U+6536 "收" */
    0x0, 0x0, 0x0, 0x0, 0x0, 0x0, 0x0, 0x0,
    0x0, 0xe, 0x30, 0xf, 0x30, 0x0, 0x0, 0x18,
    0x0, 0xe3, 0x2, 0xf1, 0x0, 0x0, 0x3, 0xe0,
    0xe, 0x30, 0x6e, 0x44, 0x44, 0x40, 0x3e, 0x0,
    0xe3, 0xa, 0xec, 0xce, 0xec, 0x3, 0xe0, 0xe,
    0x30, 0xf5, 0x0, 0x89, 0x0, 0x3e, 0x0, 0xe3,
    0x6f, 0x90, 0xa, 0x70, 0x3, 0xe0, 0xe, 0x4e,
    0x9e, 0x0, 0xd4, 0x0, 0x3e, 0x0, 0xe5, 0xb0,
    0xc5, 0x2f, 0x10, 0x3, 0xe0, 0x1f, 0x30, 0x4,
    0xd8, 0xb0, 0x0, 0x3f, 0xae, 0xf3, 0x0, 0xb,
    0xf3, 0x0, 0x4, 0xd6, 0xe, 0x30, 0x0, 0xbf,
    0x70, 0x0, 0x0, 0x0, 0xe3, 0x0, 0xbd, 0x5f,
    0x80, 0x0, 0x0, 0xe, 0x34, 0xdd, 0x10, 0x4f,
    0xc1, 0x0, 0x0, 0xe4, 0xe8, 0x0, 0x0, 0x2b,
    0x0, 0x0, 0x0, 0x0, 0x0, 0x0, 0x0, 0x0,

    /* U+6539 "改" */
    0x0, 0x0, 0x0, 0x0, 0xa5, 0x0, 0x0, 0x7,
    0xcc, 0xcc, 0x90, 0xe, 0x40, 0x0, 0x0, 0x23,
    0x33, 0x7c, 0x3, 0xf5, 0x44, 0x44, 0x10, 0x0,
    0x4, 0xc0, 0x8e, 0xcc, 0xdf, 0xc3, 0x0, 0x0,
    0x4c, 0xe, 0x80, 0x6, 0xc0, 0x4, 0xee, 0xef,
    0xc7, 0xeb, 0x0, 0x89, 0x0, 0x5d, 0x11, 0x11,
    0xe4, 0xc1, 0xb, 0x50, 0x5, 0xc0, 0x0, 0x2,
    0x6, 0x80, 0xf1, 0x0, 0x5c, 0x0, 0x0, 0x0,
    0xd, 0x7a, 0x0, 0x5, 0xc0, 0x0, 0x35, 0x0,
    0x6f, 0x40, 0x0, 0x5c, 0x17, 0xdd, 0x50, 0x1e,
    0xdd, 0x10, 0x6, 0xff, 0xc5, 0x0, 0x3e, 0x90,
    0xad, 0x30, 0x48, 0x20, 0x1, 0x8f, 0x80, 0x0,
    0xaf, 0x40, 0x0, 0x0, 0x1b, 0x30, 0x0, 0x0,
    0x60,

    /* U+653E "放" */
    0x0, 0x0, 0x0, 0x0, 0x0, 0x0, 0x0, 0x0,
    0x0, 0x9, 0x70, 0x0, 0x9, 0x70, 0x0, 0x0,
    0x0, 0x3, 0xf4, 0x0, 0xd, 0x50, 0x0, 0x0,
    0x7, 0x77, 0xca, 0x75, 0xf, 0x64, 0x44, 0x40,
    0x8, 0x9f, 0x99, 0x96, 0x4f, 0xcc, 0xee, 0xb0,
    0x0, 0xf, 0x20, 0x0, 0x9a, 0x0, 0x98, 0x0,
    0x0, 0xf, 0x53, 0x30, 0xed, 0x0, 0xb6, 0x0,
    0x0, 0xf, 0xdd, 0xf7, 0xce, 0x20, 0xe3, 0x0,
    0x0, 0xf, 0x1, 0xf8, 0x48, 0x83, 0xf0, 0x0,
    0x0, 0x3e, 0x2, 0xf0, 0x2, 0xe9, 0xa0, 0x0,
    0x0, 0x6b, 0x3, 0xe0, 0x0, 0x8f, 0x30, 0x0,
    0x0, 0xa7, 0x4, 0xd0, 0x0, 0x9f, 0x80, 0x0,
    0x1, 0xf1, 0x5, 0xc0, 0x7, 0xd3, 0xe8, 0x0,
    0xa, 0xa1, 0x2a, 0xa1, 0xae, 0x20, 0x3f, 0xc1,
    0x2e, 0x15, 0xfe, 0x49, 0xb1, 0x0, 0x2, 0xa0,
    0x0, 0x0, 0x0, 0x0, 0x0, 0x0, 0x0, 0x0,

    /* U+6545 "故" */
    0x0, 0x0, 0x0, 0x0, 0x1, 0x0, 0x0, 0x0,
    0x0, 0x2, 0xf0, 0x0, 0x9, 0x90, 0x0, 0x0,
    0x0, 0x2, 0xf0, 0x0, 0xb, 0x60, 0x0, 0x0,
    0x1, 0x13, 0xf1, 0x10, 0xf, 0x97, 0x77, 0x60,
    0x2f, 0xff, 0xff, 0xfe, 0x2f, 0x99, 0xbd, 0x80,
    0x0, 0x2, 0xf0, 0x0, 0x7d, 0x0, 0x79, 0x0,
    0x0, 0x2, 0xf0, 0x0, 0xdf, 0x10, 0x97, 0x0,
    0x0, 0x3, 0xf0, 0x4, 0xfb, 0x50, 0xc4, 0x0,
    0x4, 0xfe, 0xee, 0xf3, 0x75, 0xb1, 0xf1, 0x0,
    0x4, 0xd0, 0x0, 0xf1, 0x0, 0xe9, 0xc0, 0x0,
    0x4, 0xd0, 0x0, 0xf1, 0x0, 0x7f, 0x60, 0x0,
    0x4, 0xd0, 0x0, 0xf1, 0x0, 0x5f, 0x70, 0x0,
    0x4, 0xd3, 0x33, 0xf1, 0x3, 0xf7, 0xf7, 0x0,
    0x4, 0xfc, 0xcc, 0xc0, 0x6f, 0x60, 0x4f, 0xa0,
    0x2, 0x60, 0x0, 0x3, 0xe5, 0x0, 0x2, 0xb1,
    0x0, 0x0, 0x0, 0x0, 0x0, 0x0, 0x0, 0x0,

    /* U+6548 "效" */
    0x0, 0x1, 0x10, 0x0, 0x0, 0x50, 0x0, 0x0,
    0x0, 0x6, 0xd0, 0x0, 0x2, 0xf0, 0x0, 0x0,
    0x0, 0x0, 0xb8, 0x0, 0x5, 0xc0, 0x0, 0x0,
    0xc, 0xcc, 0xdc, 0xcc, 0x28, 0xeb, 0xbb, 0xa0,
    0x3, 0x35, 0x35, 0x53, 0xc, 0x85, 0x8e, 0x50,
    0x0, 0x5d, 0x6, 0xd1, 0x1f, 0x40, 0x5b, 0x0,
    0x1, 0xe4, 0x0, 0xab, 0x7f, 0x80, 0x79, 0x0,
    0x1d, 0x70, 0x4, 0x49, 0xe7, 0xd0, 0xa6, 0x0,
    0x6, 0x3d, 0x1b, 0x60, 0x90, 0xe3, 0xe2, 0x0,
    0x0, 0x8, 0xdf, 0x10, 0x0, 0x7d, 0xd0, 0x0,
    0x0, 0x0, 0xbe, 0x0, 0x0, 0x1f, 0x70, 0x0,
    0x0, 0x2, 0xec, 0xb0, 0x0, 0x6f, 0xe1, 0x0,
    0x0, 0x1d, 0x61, 0xd8, 0x5, 0xe3, 0xac, 0x10,
    0x3, 0xe8, 0x0, 0x21, 0x7f, 0x40, 0xb, 0xe2,
    0x7, 0x60, 0x0, 0x2, 0xc2, 0x0, 0x0, 0x70,
    0x0, 0x0, 0x0, 0x0, 0x0, 0x0, 0x0, 0x0,

    /* U+654F "敏" */
    0x0, 0x16, 0x0, 0x0, 0x0, 0x31, 0x0, 0x0,
    0x0, 0x5b, 0x0, 0x0, 0x0, 0xd3, 0x0, 0x0,
    0x0, 0xae, 0xdd, 0xdd, 0x60, 0xf0, 0x0, 0x0,
    0x1, 0xe3, 0x33, 0x33, 0x13, 0xfa, 0xaa, 0xa1,
    0x8, 0x90, 0x0, 0x0, 0x7, 0xda, 0xaf, 0xa1,
    0xe, 0xaf, 0xff, 0xff, 0xd, 0x70, 0x1e, 0x0,
    0x1, 0xa5, 0xa3, 0xe, 0x4f, 0xb0, 0x3d, 0x0,
    0x0, 0xc4, 0x2c, 0x2e, 0x75, 0xd0, 0x6a, 0x0,
    0x2f, 0xff, 0xff, 0xff, 0xf0, 0x95, 0xa6, 0x0,
    0x0, 0xf2, 0x70, 0x3d, 0x0, 0x3c, 0xe2, 0x0,
    0x0, 0xf0, 0xc9, 0x3c, 0x0, 0xc, 0xc0, 0x0,
    0x2, 0xd0, 0x7, 0x4b, 0x0, 0x1e, 0xe2, 0x0,
    0x4, 0xff, 0xff, 0xff, 0xd0, 0xbb, 0x9d, 0x10,
    0x0, 0x0, 0x0, 0x89, 0x1b, 0xd1, 0xa, 0xe2,
    0x0, 0x0, 0x9f, 0xe4, 0x3b, 0x10, 0x0, 0x71,
    0x0, 0x0, 0x0, 0x0, 0x0, 0x0, 0x0, 0x0,

    /* U+6551 "救" */
    0x0, 0x0, 0xc5, 0x74, 0x3, 0xc0, 0x0, 0x0,
    0x0, 0x0, 0xc5, 0x7e, 0x5, 0xb0, 0x0, 0x0,
    0x5, 0x55, 0xd8, 0x5a, 0x29, 0x91, 0x11, 0x10,
    0xb, 0xbb, 0xec, 0xbb, 0x6d, 0xff, 0xff, 0xd0,
    0x1, 0x10, 0xc5, 0x26, 0x2f, 0x0, 0x6a, 0x0,
    0x8, 0xd0, 0xc5, 0x9a, 0x8f, 0x20, 0x88, 0x0,
    0x0, 0xb8, 0xc8, 0xe3, 0xec, 0x60, 0xb5, 0x0,
    0x0, 0x22, 0xc6, 0x44, 0xc3, 0xc0, 0xf1, 0x0,
    0x0, 0x6, 0xc8, 0x50, 0x0, 0xd8, 0xc0, 0x0,
    0x1, 0xc9, 0xc7, 0xe8, 0x0, 0x5f, 0x60, 0x0,
    0x1e, 0xa0, 0xc5, 0x2e, 0x70, 0x5f, 0xa0, 0x0,
    0x6, 0x0, 0xc5, 0x3, 0x13, 0xf5, 0xda, 0x0,
    0x0, 0x22, 0xd4, 0x0, 0x6f, 0x60, 0x2e, 0xc1,
    0x0, 0x8f, 0xf2, 0x5, 0xe4, 0x0, 0x1, 0xa0,
    0x0, 0x0, 0x0, 0x0, 0x10, 0x0, 0x0, 0x0,

    /* U+6559 "教" */
    0x0, 0x0, 0xf0, 0x1, 0x3, 0xb0, 0x0, 0x0,
    0x0, 0x22, 0xf2, 0x1b, 0x46, 0xb0, 0x0, 0x0,
    0x3, 0xcc, 0xfc, 0xcc, 0x9, 0xb4, 0x44, 0x40,
    0x0, 0x2, 0xe1, 0xd2, 0xc, 0xa8, 0xbe, 0x80,
    0x4e, 0xee, 0xff, 0xff, 0x5f, 0x10, 0x7a, 0x0,
    0x1, 0x11, 0xc9, 0x0, 0x8f, 0x50, 0x98, 0x0,
    0x0, 0x1c, 0xfb, 0xb8, 0xe8, 0x80, 0xc5, 0x0,
    0x5, 0xe8, 0x45, 0xe4, 0x61, 0xe0, 0xf1, 0x0,
    0x2e, 0x40, 0x2d, 0x30, 0x0, 0xba, 0xb0, 0x0,
    0x1, 0x34, 0x9e, 0xad, 0x70, 0x3f, 0x50, 0x0,
    0xb, 0xdb, 0xbd, 0x41, 0x0, 0x8f, 0xc0, 0x0,
    0x0, 0x0, 0x4c, 0x0, 0x5, 0xe2, 0xcb, 0x10,
    0x0, 0x12, 0x6b, 0x0, 0x8f, 0x40, 0x1d, 0xe1,
    0x0, 0x3f, 0xf8, 0x1, 0xc2, 0x0, 0x0, 0x80,

    /* U+6570 "数" */
    0x1, 0x50, 0xc4, 0x34, 0x4, 0xb0, 0x0, 0x0,
    0x1, 0xf3, 0xc4, 0xc6, 0x7, 0xa0, 0x0, 0x0,
    0x0, 0x74, 0xc5, 0x90, 0xa, 0xb7, 0x77, 0x70,
    0xe, 0xee, 0xfe, 0xee, 0x3e, 0xa9, 0xbe, 0x90,
    0x0, 0xb, 0xfb, 0x20, 0x2f, 0x0, 0x7a, 0x0,
    0x1, 0xa8, 0xc9, 0xe7, 0x8f, 0x10, 0x98, 0x0,
    0x1e, 0x80, 0xc4, 0x27, 0xef, 0x60, 0xc5, 0x0,
    0x2, 0x1, 0xd0, 0x4, 0xc6, 0xb0, 0xf1, 0x0,
    0x1e, 0xef, 0xfe, 0xe9, 0x0, 0xe8, 0xc0, 0x0,
    0x0, 0x3e, 0x10, 0xb6, 0x0, 0x6f, 0x50, 0x0,
    0x0, 0xdc, 0x32, 0xf1, 0x0, 0x8f, 0xb0, 0x0,
    0x0, 0x17, 0xdf, 0xb0, 0x5, 0xe3, 0xdb, 0x0,
    0x0, 0x28, 0xe8, 0xca, 0x8f, 0x40, 0x1d, 0xd1,
    0xd, 0xe9, 0x20, 0x3, 0xd3, 0x0, 0x1, 0x90,
    0x0, 0x0, 0x0, 0x0, 0x0, 0x0, 0x0, 0x0,

    /* U+6574 "整" */
    0x0, 0x0, 0x0, 0x0, 0x0, 0x0, 0x0, 0x0,
    0x0, 0x0, 0xc4, 0x0, 0x1, 0xf2, 0x0, 0x0,
    0xa, 0xaa, 0xec, 0xaa, 0x46, 0xf9, 0x99, 0x90,
    0x4, 0xbb, 0xec, 0xba, 0x1e, 0x82, 0x7b, 0x20,
    0x6, 0xa1, 0xc4, 0x1f, 0x8a, 0xd1, 0xb5, 0x0,
    0x6, 0xeb, 0xec, 0xbf, 0x0, 0x6c, 0xd0, 0x0,
    0x0, 0x1c, 0xf9, 0x20, 0x0, 0x3f, 0xc1, 0x0,
    0x2, 0xc8, 0xca, 0xe9, 0x5, 0xe7, 0xbe, 0x50,
    0xd, 0x80, 0xc4, 0x14, 0x9d, 0x40, 0x7, 0xd0,
    0x5, 0xbb, 0xfc, 0xbb, 0xbb, 0xbb, 0xbb, 0x40,
    0x1, 0x44, 0x44, 0x4a, 0xa4, 0x44, 0x44, 0x10,
    0x0, 0x0, 0x60, 0x8, 0xa3, 0x33, 0x30, 0x0,
    0x0, 0x1, 0xf0, 0x8, 0xec, 0xcc, 0xc2, 0x0,
    0x0, 0x1, 0xf0, 0x8, 0x90, 0x0, 0x0, 0x0,
    0x3f, 0xff, 0xff, 0xff, 0xff, 0xff, 0xff, 0xf3,

    /* U+6587 "文" */
    0x0, 0x0, 0x0, 0x10, 0x0, 0x0, 0x0, 0x0,
    0x0, 0x4, 0xe2, 0x0, 0x0, 0x0, 0x0, 0x0,
    0x0, 0x9d, 0x10, 0x0, 0x0, 0x1, 0x11, 0x11,
    0x1b, 0x31, 0x11, 0x10, 0xcf, 0xff, 0xff, 0xff,
    0xff, 0xff, 0xfe, 0x0, 0xd, 0x50, 0x0, 0x8,
    0xc0, 0x0, 0x0, 0x7, 0xc0, 0x0, 0xd, 0x70,
    0x0, 0x0, 0x0, 0xe4, 0x0, 0x4f, 0x10, 0x0,
    0x0, 0x0, 0x7d, 0x0, 0xc9, 0x0, 0x0, 0x0,
    0x0, 0xc, 0xa7, 0xe1, 0x0, 0x0, 0x0, 0x0,
    0x1, 0xef, 0x40, 0x0, 0x0, 0x0, 0x0, 0x8,
    0xfd, 0xd3, 0x0, 0x0, 0x0, 0x5, 0xdd, 0x20,
    0x9f, 0xb4, 0x0, 0x49, 0xee, 0x70, 0x0, 0x3,
    0xbf, 0xe7, 0x4c, 0x70, 0x0, 0x0, 0x0, 0x2,
    0x82,

    /* U+659C "斜" */
    0x0, 0x0, 0x20, 0x0, 0x0, 0x0, 0x0, 0x0,
    0x0, 0x1, 0xf4, 0x0, 0x0, 0x0, 0xe3, 0x0,
    0x0, 0x9, 0xde, 0x50, 0x1a, 0x10, 0xe3, 0x0,
    0x0, 0x3f, 0x14, 0xf7, 0x9, 0xc0, 0xe3, 0x0,
    0x0, 0xd6, 0x0, 0x3f, 0x30, 0xb6, 0xe3, 0x0,
    0xc, 0xfe, 0xee, 0xe7, 0x13, 0x0, 0xe3, 0x0,
    0x1a, 0x11, 0xe4, 0x10, 0x4e, 0x20, 0xe3, 0x0,
    0x0, 0x0, 0xe3, 0x0, 0x7, 0xd0, 0xe3, 0x0,
    0xe, 0xff, 0xff, 0xff, 0x30, 0xa1, 0xe3, 0x0,
    0x0, 0x40, 0xe4, 0x40, 0x0, 0x2, 0xea, 0xb0,
    0x2, 0xf0, 0xe4, 0xe4, 0x7c, 0xfd, 0xf9, 0x40,
    0x6, 0xb0, 0xe3, 0x8b, 0x54, 0x10, 0xd4, 0x0,
    0xd, 0x60, 0xe3, 0x2e, 0x0, 0x0, 0xd4, 0x0,
    0xa, 0x22, 0xe3, 0x1, 0x0, 0x0, 0xd4, 0x0,
    0x0, 0x7f, 0xe1, 0x0, 0x0, 0x0, 0xd4, 0x0,

    /* U+65AD "断" */
    0x0, 0x2, 0xe0, 0x0, 0x0, 0x17, 0xb0, 0xb,
    0x11, 0x2e, 0x4, 0x18, 0xcf, 0xfc, 0x30, 0xe7,
    0xd2, 0xe0, 0xf3, 0xf4, 0x20, 0x0, 0xe, 0x2e,
    0x5e, 0x6b, 0x2e, 0x0, 0x0, 0x0, 0xe2, 0x75,
    0xe5, 0x32, 0xf3, 0x33, 0x33, 0xe, 0x9f, 0xff,
    0xff, 0x7f, 0xcc, 0xfd, 0xc2, 0xe2, 0x9, 0xf1,
    0x2, 0xe0, 0xf, 0x20, 0xe, 0x22, 0xdf, 0xd2,
    0x2e, 0x0, 0xf2, 0x0, 0xe2, 0xc6, 0xe4, 0xe4,
    0xd0, 0xf, 0x20, 0xe, 0xaa, 0x2e, 0x4, 0x4c,
    0x0, 0xf2, 0x0, 0xe5, 0x12, 0xe0, 0x7, 0xa0,
    0xf, 0x20, 0xe, 0x31, 0x11, 0x10, 0xa7, 0x0,
    0xf2, 0x0, 0xde, 0xee, 0xee, 0xcf, 0x30, 0xf,
    0x20, 0x0, 0x0, 0x0, 0x6, 0xc0, 0x0, 0xf2,
    0x0, 0x0, 0x0, 0x0, 0x1, 0x0, 0x0, 0x0,
    0x0,

    /* U+65AF "斯" */
    0x0, 0x5b, 0x0, 0x97, 0x0, 0x0, 0x27, 0x40,
    0x0, 0x5b, 0x0, 0x97, 0x5, 0xcf, 0xea, 0x50,
    0xb, 0xff, 0xff, 0xff, 0xa8, 0xa0, 0x0, 0x0,
    0x0, 0x5b, 0x0, 0x97, 0x8, 0x90, 0x0, 0x0,
    0x0, 0x5f, 0xee, 0xf7, 0x8, 0xb4, 0x44, 0x41,
    0x0, 0x5b, 0x0, 0x97, 0x8, 0xff, 0xff, 0xf5,
    0x0, 0x5b, 0x11, 0xa7, 0x8, 0x90, 0x2e, 0x0,
    0x0, 0x5f, 0xdd, 0xe7, 0x8, 0x90, 0x2e, 0x0,
    0x0, 0x5b, 0x0, 0x97, 0x8, 0x80, 0x2e, 0x0,
    0x1f, 0xff, 0xff, 0xff, 0xd9, 0x80, 0x2e, 0x0,
    0x0, 0x6, 0x22, 0x80, 0xc, 0x60, 0x2e, 0x0,
    0x0, 0x4f, 0x21, 0xda, 0xf, 0x20, 0x2e, 0x0,
    0x3, 0xe6, 0x0, 0x1c, 0x8d, 0x0, 0x2e, 0x0,
    0x6, 0x90, 0x0, 0x0, 0x95, 0x0, 0x2e, 0x0,
    0x0, 0x0, 0x0, 0x0, 0x0, 0x0, 0x0, 0x0,

    /* U+65B0 "新" */
    0x0, 0x0, 0x0, 0x0, 0x0, 0x0, 0x0, 0x0,
    0x0, 0x6, 0xb0, 0x0, 0x0, 0x0, 0x46, 0x0,
    0x0, 0x1, 0xd5, 0x0, 0x3a, 0xcf, 0xea, 0x20,
    0xc, 0xff, 0xee, 0xfd, 0x6d, 0x31, 0x0, 0x0,
    0x0, 0x97, 0x3, 0xd0, 0x6b, 0x0, 0x0, 0x0,
    0x0, 0x5b, 0x8, 0x80, 0x6b, 0x0, 0x0, 0x0,
    0x3f, 0xff, 0xff, 0xff, 0x7f, 0xff, 0xff, 0xf4,
    0x0, 0x0, 0xe2, 0x0, 0x6b, 0x0, 0xe2, 0x0,
    0xa, 0xcc, 0xfc, 0xcb, 0x6a, 0x0, 0xe2, 0x0,
    0x2, 0x43, 0xe5, 0x43, 0x79, 0x0, 0xe2, 0x0,
    0x0, 0xd4, 0xe8, 0xb0, 0xa8, 0x0, 0xe2, 0x0,
    0x5, 0xd0, 0xe2, 0xb8, 0xd5, 0x0, 0xe2, 0x0,
    0x1e, 0x40, 0xe2, 0x14, 0xf1, 0x0, 0xe2, 0x0,
    0x4, 0x44, 0xf2, 0x8, 0xc0, 0x0, 0xe2, 0x0,
    0x0, 0x8d, 0xb0, 0xe, 0x30, 0x0, 0xe2, 0x0,
    0x0, 0x0, 0x0, 0x1, 0x0, 0x0, 0x0, 0x0,

    /* U+65B9 "方" */
    0x0, 0x0, 0x0, 0x0, 0x0, 0x0, 0x0, 0x0,
    0x0, 0x2, 0xd1, 0x0, 0x0, 0x0, 0x0, 0x0,
    0x0, 0xac, 0x0, 0x0, 0x0, 0x33, 0x33, 0x33,
    0x5e, 0x53, 0x33, 0x33, 0xdd, 0xdd, 0xdf, 0xed,
    0xdd, 0xdd, 0xdd, 0x0, 0x0, 0xe, 0x40, 0x0,
    0x0, 0x0, 0x0, 0x0, 0xf, 0x30, 0x0, 0x0,
    0x0, 0x0, 0x0, 0xf, 0xff, 0xff, 0xff, 0x10,
    0x0, 0x0, 0x2f, 0x22, 0x22, 0x4f, 0x0, 0x0,
    0x0, 0x6b, 0x0, 0x0, 0x3f, 0x0, 0x0, 0x0,
    0xc7, 0x0, 0x0, 0x4e, 0x0, 0x0, 0x4, 0xe0,
    0x0, 0x0, 0x5d, 0x0, 0x0, 0x1e, 0x60, 0x0,
    0x0, 0x8b, 0x0, 0x3, 0xe9, 0x0, 0x6, 0x44,
    0xd8, 0x0, 0x4f, 0x80, 0x0, 0xd, 0xff, 0xd2,
    0x0, 0x2, 0x0, 0x0, 0x0, 0x0, 0x0, 0x0,

    /* U+65CB "旋" */
    0x0, 0x3, 0x0, 0x0, 0x52, 0x0, 0x0, 0x0,
    0x0, 0x1e, 0x50, 0x0, 0xd3, 0x0, 0x0, 0x0,
    0x0, 0x4, 0xe1, 0x2, 0xf3, 0x33, 0x33, 0x30,
    0x1e, 0xee, 0xfe, 0xe7, 0xec, 0xcc, 0xcc, 0xa0,
    0x1, 0x6c, 0x11, 0x2e, 0x30, 0x0, 0x0, 0x0,
    0x0, 0x5b, 0x0, 0x6c, 0x0, 0x0, 0x0, 0x0,
    0x0, 0x5c, 0x33, 0x78, 0xff, 0xff, 0xff, 0x80,
    0x0, 0x5e, 0xce, 0x60, 0x11, 0xe3, 0x2f, 0x40,
    0x0, 0x6a, 0x9, 0x60, 0x70, 0xe2, 0x48, 0x0,
    0x0, 0x89, 0xa, 0x61, 0xf0, 0xec, 0xbb, 0x10,
    0x0, 0xa6, 0xa, 0x53, 0xc0, 0xe6, 0x44, 0x0,
    0x0, 0xe3, 0xb, 0x47, 0xe0, 0xe2, 0x0, 0x0,
    0x4, 0xd0, 0xd, 0x3b, 0xc9, 0xe2, 0x0, 0x0,
    0xd, 0x61, 0x2f, 0x3f, 0x1a, 0xf7, 0x43, 0x20,
    0x2c, 0xa, 0xfc, 0x5a, 0x0, 0x5b, 0xdf, 0xf1,
    0x0, 0x0, 0x0, 0x1, 0x0, 0x0, 0x0, 0x0,

    /* U+65E0 "无" */
    0x0, 0x1, 0x11, 0x11, 0x11, 0x11, 0x10, 0x0,
    0x0, 0xaf, 0xff, 0xff, 0xff, 0xff, 0xf7, 0x0,
    0x0, 0x0, 0x0, 0xc, 0x60, 0x0, 0x0, 0x0,
    0x0, 0x0, 0x0, 0xd, 0x60, 0x0, 0x0, 0x0,
    0x0, 0x0, 0x0, 0xd, 0x50, 0x0, 0x0, 0x0,
    0xe, 0xff, 0xff, 0xff, 0xff, 0xff, 0xff, 0xc0,
    0x1, 0x11, 0x11, 0x2f, 0x31, 0x11, 0x11, 0x0,
    0x0, 0x0, 0x0, 0x3f, 0x32, 0x0, 0x0, 0x0,
    0x0, 0x0, 0x0, 0x7b, 0xa7, 0x0, 0x0, 0x0,
    0x0, 0x0, 0x0, 0xe6, 0xa7, 0x0, 0x0, 0x0,
    0x0, 0x0, 0xa, 0xd0, 0xa7, 0x0, 0x2, 0x90,
    0x0, 0x1, 0xae, 0x20, 0xa7, 0x0, 0x3, 0xf0,
    0x2, 0x8f, 0xc1, 0x0, 0xaa, 0x22, 0x29, 0xd0,
    0x1e, 0xb5, 0x0, 0x0, 0x5e, 0xff, 0xfd, 0x50,
    0x0, 0x0, 0x0, 0x0, 0x0, 0x0, 0x0, 0x0,

    /* U+65E5 "日" */
    0x1f, 0xff, 0xff, 0xff, 0xff, 0xf1, 0x1f, 0x21,
    0x11, 0x11, 0x13, 0xf1, 0x1f, 0x20, 0x0, 0x0,
    0x2, 0xf1, 0x1f, 0x20, 0x0, 0x0, 0x2, 0xf1,
    0x1f, 0x20, 0x0, 0x0, 0x2, 0xf1, 0x1f, 0xff,
    0xff, 0xff, 0xff, 0xf1, 0x1f, 0x32, 0x22, 0x22,
    0x23, 0xf1, 0x1f, 0x20, 0x0, 0x0, 0x2, 0xf1,
    0x1f, 0x20, 0x0, 0x0, 0x2, 0xf1, 0x1f, 0x20,
    0x0, 0x0, 0x2, 0xf1, 0x1f, 0x42, 0x22, 0x22,
    0x24, 0xf1, 0x1f, 0xee, 0xee, 0xee, 0xee, 0xf1,
    0x1f, 0x20, 0x0, 0x0, 0x2, 0xf1,

    /* U+65F6 "时" */
    0x0, 0x0, 0x0, 0x0, 0x0, 0x3e, 0x0, 0xa,
    0xdd, 0xdd, 0x0, 0x0, 0x3, 0xe0, 0x0, 0xc6,
    0x23, 0xf0, 0x0, 0x0, 0x3e, 0x0, 0xc, 0x40,
    0x1f, 0x5f, 0xff, 0xff, 0xff, 0xf1, 0xc4, 0x1,
    0xf0, 0x11, 0x11, 0x4f, 0x11, 0xc, 0x40, 0x1f,
    0x0, 0x0, 0x2, 0xf0, 0x0, 0xcf, 0xff, 0xf0,
    0x5d, 0x0, 0x2f, 0x0, 0xc, 0x40, 0x1f, 0x0,
    0xd7, 0x2, 0xf0, 0x0, 0xc4, 0x1, 0xf0, 0x5,
    0xe0, 0x2f, 0x0, 0xc, 0x40, 0x1f, 0x0, 0xb,
    0x22, 0xf0, 0x0, 0xc6, 0x23, 0xf0, 0x0, 0x0,
    0x2f, 0x0, 0xc, 0xdd, 0xdd, 0x0, 0x0, 0x2,
    0xf0, 0x0, 0xa3, 0x0, 0x0, 0x0, 0x32, 0x5f,
    0x0, 0x0, 0x0, 0x0, 0x0, 0xb, 0xff, 0xa0,
    0x0,

    /* U+660E "明" */
    0x0, 0x0, 0x0, 0x4, 0xff, 0xff, 0xf5, 0x4f,
    0xff, 0xfe, 0x4, 0xd0, 0x0, 0xc5, 0x4d, 0x0,
    0x2e, 0x4, 0xd0, 0x0, 0xc5, 0x4d, 0x0, 0x2e,
    0x4, 0xd0, 0x0, 0xc5, 0x4d, 0x0, 0x2e, 0x4,
    0xfe, 0xee, 0xf5, 0x4f, 0xff, 0xfe, 0x4, 0xe2,
    0x22, 0xd5, 0x4d, 0x0, 0x2e, 0x4, 0xd0, 0x0,
    0xc5, 0x4d, 0x0, 0x2e, 0x4, 0xe5, 0x55, 0xd5,
    0x4d, 0x0, 0x2e, 0x5, 0xe9, 0x99, 0xe5, 0x4f,
    0xee, 0xee, 0x7, 0xb0, 0x0, 0xc5, 0x4d, 0x22,
    0x21, 0xc, 0x70, 0x0, 0xc5, 0x15, 0x0, 0x0,
    0x3f, 0x10, 0x0, 0xc5, 0x0, 0x0, 0x1, 0xd8,
    0x0, 0x43, 0xe4, 0x0, 0x0, 0x9, 0xb0, 0x0,
    0xef, 0xe1, 0x0, 0x0, 0x0, 0x0, 0x0, 0x0,
    0x0,

    /* U+661F "星" */
    0x3, 0xff, 0xff, 0xff, 0xff, 0xff, 0x30, 0x0,
    0x3f, 0x0, 0x0, 0x0, 0x0, 0xf3, 0x0, 0x3,
    0xf1, 0x11, 0x11, 0x11, 0x1f, 0x30, 0x0, 0x3f,
    0xcc, 0xcc, 0xcc, 0xcc, 0xf3, 0x0, 0x3, 0xf0,
    0x0, 0x0, 0x0, 0xf, 0x30, 0x0, 0x2f, 0xff,
    0xff, 0xff, 0xff, 0xf2, 0x0, 0x0, 0x86, 0x0,
    0x6b, 0x0, 0x0, 0x0, 0x0, 0x1f, 0xcb, 0xbd,
    0xeb, 0xbb, 0xbb, 0x0, 0xb, 0xa4, 0x44, 0x9c,
    0x44, 0x44, 0x40, 0x8, 0xe1, 0x0, 0x6, 0xb0,
    0x0, 0x0, 0x0, 0x43, 0xbf, 0xff, 0xff, 0xff,
    0xff, 0x40, 0x0, 0x0, 0x0, 0x6, 0xb0, 0x0,
    0x0, 0x0, 0x12, 0x22, 0x22, 0x7c, 0x22, 0x22,
    0x22, 0xc, 0xee, 0xee, 0xee, 0xee, 0xee, 0xee,
    0xe0,

    /* U+6620 "映" */
    0x0, 0x0, 0x0, 0x0, 0x2f, 0x0, 0x0, 0xb,
    0xdd, 0xd1, 0x0, 0x2, 0xf0, 0x0, 0x0, 0xe1,
    0xe, 0x11, 0xdd, 0xdf, 0xdd, 0xb0, 0xe, 0x10,
    0xe1, 0x2f, 0x34, 0xf3, 0x5e, 0x0, 0xe1, 0xe,
    0x12, 0xe0, 0x2e, 0x2, 0xe0, 0xe, 0x66, 0xf1,
    0x2e, 0x2, 0xe0, 0x2e, 0x0, 0xe9, 0x9f, 0x12,
    0xe0, 0x2e, 0x2, 0xe0, 0xe, 0x10, 0xe7, 0xef,
    0xee, 0xfe, 0xef, 0xe2, 0xe1, 0xe, 0x22, 0x22,
    0x6f, 0x72, 0x22, 0xe, 0x10, 0xe1, 0x0, 0x9,
    0xad, 0x0, 0x0, 0xe3, 0x1e, 0x10, 0x2, 0xf1,
    0xb9, 0x0, 0xe, 0xee, 0xe1, 0x2, 0xd7, 0x2,
    0xf7, 0x0, 0xe1, 0x0, 0x5, 0xea, 0x0, 0x4,
    0xfa, 0x10, 0x0, 0x7, 0xf7, 0x0, 0x0, 0x3,
    0xb0, 0x0, 0x0, 0x1, 0x0, 0x0, 0x0, 0x0,
    0x0,

    /* U+662F "是" */
    0x0, 0xdf, 0xee, 0xee, 0xee, 0xfc, 0x0, 0x0,
    0xd, 0x40, 0x0, 0x0, 0x6, 0xc0, 0x0, 0x0,
    0xdc, 0xbb, 0xbb, 0xbb, 0xdc, 0x0, 0x0, 0xd,
    0x73, 0x33, 0x33, 0x38, 0xc0, 0x0, 0x0, 0xd4,
    0x0, 0x0, 0x0, 0x6c, 0x0, 0x0, 0xc, 0xff,
    0xff, 0xff, 0xff, 0xb0, 0x0, 0x0, 0x0, 0x0,
    0x0, 0x0, 0x0, 0x0, 0xd, 0xff, 0xff, 0xff,
    0xff, 0xff, 0xff, 0xc0, 0x0, 0x9, 0x0, 0x98,
    0x0, 0x0, 0x0, 0x0, 0x4, 0xc0, 0x9, 0xed,
    0xdd, 0xd8, 0x0, 0x0, 0xbc, 0x0, 0x99, 0x22,
    0x22, 0x10, 0x0, 0x3e, 0xca, 0x9, 0x80, 0x0,
    0x0, 0x0, 0xd, 0x60, 0xbe, 0xda, 0x32, 0x22,
    0x33, 0xb, 0xb0, 0x0, 0x49, 0xce, 0xff, 0xff,
    0xe0, 0x30, 0x0, 0x0, 0x0, 0x0, 0x0, 0x0,
    0x0,

    /* U+663E "显" */
    0x0, 0x5f, 0xff, 0xff, 0xff, 0xff, 0xf4, 0x0,
    0x0, 0x5d, 0x0, 0x0, 0x0, 0x0, 0xe4, 0x0,
    0x0, 0x5d, 0x0, 0x0, 0x0, 0x0, 0xe4, 0x0,
    0x0, 0x5f, 0xff, 0xff, 0xff, 0xff, 0xf4, 0x0,
    0x0, 0x5d, 0x0, 0x0, 0x0, 0x0, 0xe4, 0x0,
    0x0, 0x5d, 0x0, 0x0, 0x0, 0x0, 0xe4, 0x0,
    0x0, 0x5f, 0xff, 0xff, 0xff, 0xff, 0xf4, 0x0,
    0x0, 0x0, 0x3, 0xf0, 0x1f, 0x20, 0x0, 0x0,
    0x0, 0x96, 0x3, 0xf0, 0x1f, 0x20, 0x7b, 0x0,
    0x0, 0x6e, 0x3, 0xf0, 0x1f, 0x20, 0xe6, 0x0,
    0x0, 0xe, 0x63, 0xf0, 0x1f, 0x27, 0xd0, 0x0,
    0x0, 0x7, 0xb3, 0xf0, 0x1f, 0x2e, 0x40, 0x0,
    0x2, 0x23, 0x35, 0xf2, 0x3f, 0x43, 0x22, 0x20,
    0xd, 0xdd, 0xdd, 0xdd, 0xdd, 0xdd, 0xdd, 0xd0,

    /* U+666E "普" */
    0x0, 0x0, 0x0, 0x0, 0x0, 0x0, 0x0, 0x0,
    0x0, 0x0, 0x4b, 0x0, 0x0, 0xd3, 0x0, 0x0,
    0x0, 0x0, 0x1d, 0x60, 0x7, 0xc0, 0x0, 0x0,
    0x6, 0xee, 0xee, 0xfe, 0xef, 0xee, 0xee, 0x70,
    0x0, 0x1c, 0x1, 0xf0, 0x1f, 0x1, 0xc1, 0x0,
    0x0, 0xb, 0x81, 0xf0, 0x1f, 0x8, 0xb0, 0x0,
    0x0, 0x4, 0x91, 0xf0, 0x1f, 0xb, 0x20, 0x0,
    0x1f, 0xff, 0xff, 0xff, 0xff, 0xff, 0xff, 0xf1,
    0x0, 0x0, 0x0, 0x0, 0x0, 0x0, 0x0, 0x0,
    0x0, 0xf, 0xee, 0xee, 0xee, 0xee, 0xf0, 0x0,
    0x0, 0xf, 0x20, 0x0, 0x0, 0x2, 0xf0, 0x0,
    0x0, 0xf, 0xee, 0xee, 0xee, 0xee, 0xf0, 0x0,
    0x0, 0xf, 0x20, 0x0, 0x0, 0x2, 0xf0, 0x0,
    0x0, 0xf, 0xcb, 0xbb, 0xbb, 0xbc, 0xf0, 0x0,
    0x0, 0xf, 0x43, 0x33, 0x33, 0x34, 0xf0, 0x0,

    /* U+666F "景" */
    0x0, 0xf, 0xee, 0xee, 0xee, 0xee, 0xf0, 0x0,
    0x0, 0xf, 0x10, 0x0, 0x0, 0x1, 0xf0, 0x0,
    0x0, 0xf, 0xdd, 0xdd, 0xdd, 0xdd, 0xf0, 0x0,
    0x0, 0xf, 0x10, 0x0, 0x0, 0x1, 0xf0, 0x0,
    0x0, 0xe, 0xee, 0xee, 0xee, 0xee, 0xe0, 0x0,
    0x4, 0x44, 0x44, 0x4c, 0xa4, 0x44, 0x44, 0x40,
    0x8, 0x88, 0x88, 0x88, 0x88, 0x88, 0x88, 0x80,
    0x0, 0x9, 0xbb, 0xbb, 0xbb, 0xbb, 0x90, 0x0,
    0x0, 0xd, 0x63, 0x33, 0x33, 0x36, 0xd0, 0x0,
    0x0, 0xd, 0x52, 0x22, 0x22, 0x25, 0xd0, 0x0,
    0x0, 0x9, 0xbb, 0xbd, 0xeb, 0xbb, 0xa0, 0x0,
    0x0, 0x2, 0xb5, 0x7, 0xb0, 0x6d, 0x60, 0x0,
    0x4, 0xae, 0x61, 0x18, 0xb0, 0x3, 0xbe, 0x70,
    0x7, 0x70, 0x8, 0xff, 0x70, 0x0, 0x4, 0x40,

    /* U+6682 "暂" */
    0x0, 0x11, 0x0, 0x0, 0x0, 0x0, 0x0, 0x0,
    0x8, 0x80, 0x0, 0x3, 0x58, 0xbb, 0x0, 0xbd,
    0xfd, 0xdd, 0xc4, 0xe9, 0x74, 0x10, 0x0, 0x6a,
    0x35, 0x0, 0x4c, 0x0, 0x0, 0x0, 0x1e, 0x58,
    0xa3, 0x14, 0xe9, 0x99, 0x99, 0x13, 0xaa, 0xdd,
    0xa7, 0x6c, 0x66, 0xf7, 0x61, 0x45, 0x6b, 0xda,
    0x8a, 0x80, 0xe, 0x20, 0x7, 0x86, 0xaa, 0x14,
    0xf2, 0x0, 0xe2, 0x0, 0x0, 0x4, 0x60, 0x45,
    0x0, 0x8, 0x10, 0x0, 0x1f, 0xff, 0xff, 0xff,
    0xff, 0xf0, 0x0, 0x2, 0xf0, 0x0, 0x0, 0x0,
    0x1f, 0x0, 0x0, 0x2f, 0xdd, 0xdd, 0xdd, 0xdd,
    0xf0, 0x0, 0x2, 0xf1, 0x11, 0x11, 0x11, 0x2f,
    0x0, 0x0, 0x2f, 0x33, 0x33, 0x33, 0x34, 0xf0,
    0x0, 0x2, 0xfb, 0xbb, 0xbb, 0xbb, 0xcf, 0x0,
    0x0,

    /* U+66F2 "曲" */
    0x0, 0x0, 0x3f, 0x0, 0xe4, 0x0, 0x0, 0x0,
    0x0, 0x3f, 0x0, 0xe4, 0x0, 0x0, 0x1, 0x11,
    0x4f, 0x11, 0xe5, 0x11, 0x10, 0x3f, 0xff, 0xff,
    0xff, 0xff, 0xff, 0xf4, 0x3e, 0x0, 0x2e, 0x0,
    0xd4, 0x0, 0xe4, 0x3e, 0x0, 0x2e, 0x0, 0xd4,
    0x0, 0xe4, 0x3e, 0x0, 0x2e, 0x0, 0xd4, 0x0,
    0xe4, 0x3f, 0xff, 0xff, 0xff, 0xff, 0xff, 0xf4,
    0x3e, 0x11, 0x3e, 0x11, 0xd5, 0x11, 0xe4, 0x3e,
    0x0, 0x2e, 0x0, 0xd4, 0x0, 0xe4, 0x3e, 0x0,
    0x2e, 0x0, 0xd4, 0x0, 0xe4, 0x3e, 0x0, 0x2e,
    0x0, 0xd4, 0x0, 0xe4, 0x3f, 0xff, 0xff, 0xff,
    0xff, 0xff, 0xf4, 0x3e, 0x11, 0x11, 0x11, 0x11,
    0x11, 0xe4,

    /* U+66F4 "更" */
    0xef, 0xff, 0xff, 0xff, 0xff, 0xff, 0xf8, 0x0,
    0x0, 0x0, 0xd5, 0x0, 0x0, 0x0, 0x0, 0x0,
    0x0, 0xd5, 0x0, 0x0, 0x0, 0x7, 0xff, 0xff,
    0xff, 0xff, 0xff, 0x0, 0x7, 0xb0, 0x0, 0xd5,
    0x0, 0x1f, 0x0, 0x7, 0xfd, 0xdd, 0xfe, 0xdd,
    0xdf, 0x0, 0x7, 0xb1, 0x11, 0xd6, 0x11, 0x3f,
    0x0, 0x7, 0xb0, 0x0, 0xd5, 0x0, 0x1f, 0x0,
    0x6, 0xff, 0xff, 0xff, 0xff, 0xff, 0x0, 0x0,
    0x48, 0x0, 0xe3, 0x0, 0x0, 0x0, 0x0, 0x1b,
    0xc5, 0xf1, 0x0, 0x0, 0x0, 0x0, 0x0, 0x7f,
    0xe4, 0x0, 0x0, 0x0, 0x0, 0x16, 0xdb, 0x6c,
    0xea, 0x63, 0x10, 0x8d, 0xfb, 0x50, 0x0, 0x27,
    0xbe, 0xf7, 0x34, 0x10, 0x0, 0x0, 0x0, 0x0,
    0x20,

    /* U+66FF "替" */
    0x0, 0x0, 0xc5, 0x0, 0x0, 0x3d, 0x0, 0x0,
    0x5, 0xaa, 0xec, 0xa6, 0x6a, 0xbf, 0xaa, 0x70,
    0x1, 0x22, 0xc6, 0x21, 0x12, 0x5d, 0x22, 0x10,
    0xc, 0xdd, 0xfe, 0xd9, 0xad, 0xdf, 0xdd, 0xd2,
    0x1, 0x13, 0xf7, 0x11, 0x11, 0xae, 0xa1, 0x10,
    0x0, 0x1c, 0xac, 0xd4, 0x8, 0xd1, 0xbb, 0x10,
    0x7, 0xe9, 0x0, 0x63, 0xea, 0x10, 0x9, 0xf2,
    0x7, 0x5e, 0xee, 0xee, 0xee, 0xee, 0xe4, 0x20,
    0x0, 0x2f, 0x11, 0x11, 0x11, 0x11, 0xd5, 0x0,
    0x0, 0x2f, 0x0, 0x0, 0x0, 0x0, 0xd5, 0x0,
    0x0, 0x2f, 0xee, 0xee, 0xee, 0xee, 0xf5, 0x0,
    0x0, 0x2f, 0x0, 0x0, 0x0, 0x0, 0xd5, 0x0,
    0x0, 0x2f, 0xdd, 0xdd, 0xdd, 0xdd, 0xf5, 0x0,
    0x0, 0x2f, 0x21, 0x11, 0x11, 0x11, 0xd5, 0x0,

    /* U+6700 "最" */
    0x0, 0xc, 0xee, 0xee, 0xee, 0xee, 0xc0, 0x0,
    0x0, 0xc, 0x50, 0x0, 0x0, 0x5, 0xc0, 0x0,
    0x0, 0xc, 0xed, 0xdd, 0xdd, 0xde, 0xc0, 0x0,
    0x0, 0xc, 0x50, 0x0, 0x0, 0x5, 0xc0, 0x0,
    0x0, 0xa, 0xee, 0xee, 0xee, 0xee, 0xa0, 0x0,
    0x0, 0x0, 0x0, 0x0, 0x0, 0x0, 0x0, 0x0,
    0xe, 0xff, 0xee, 0xfe, 0xee, 0xee, 0xee, 0xe0,
    0x0, 0x88, 0x0, 0xb6, 0x33, 0x33, 0x32, 0x0,
    0x0, 0x8e, 0xdd, 0xf8, 0xce, 0xbb, 0xcf, 0x0,
    0x0, 0x88, 0x11, 0xc5, 0xd, 0x20, 0x98, 0x0,
    0x0, 0x8e, 0xcc, 0xe5, 0x4, 0xc4, 0xd1, 0x0,
    0x0, 0x88, 0x13, 0xca, 0x70, 0x9f, 0x60, 0x0,
    0xb, 0xfe, 0xc9, 0xd7, 0x28, 0xe8, 0xe9, 0x30,
    0x1, 0x0, 0x0, 0xb8, 0xfa, 0x10, 0x18, 0xa0,
    0x0, 0x0, 0x0, 0x0, 0x10, 0x0, 0x0, 0x0,

    /* U+6709 "有" */
    0x0, 0x0, 0x0, 0x21, 0x0, 0x0, 0x0, 0x0,
    0x0, 0x0, 0xc, 0x50, 0x0, 0x0, 0x0, 0x0,
    0x0, 0x0, 0xf1, 0x0, 0x0, 0x0, 0x0, 0xaf,
    0xff, 0xff, 0xff, 0xff, 0xff, 0xfe, 0x0, 0x0,
    0xc, 0x70, 0x0, 0x0, 0x0, 0x0, 0x0, 0x3,
    0xf3, 0x22, 0x22, 0x22, 0x0, 0x0, 0x0, 0xdf,
    0xdd, 0xdd, 0xdd, 0xf0, 0x0, 0x0, 0x9f, 0xa0,
    0x0, 0x0, 0x1f, 0x0, 0x0, 0x7e, 0x9f, 0xff,
    0xff, 0xff, 0xf0, 0x0, 0x9f, 0x38, 0xa0, 0x0,
    0x0, 0x1f, 0x0, 0xc, 0x30, 0x8a, 0x11, 0x11,
    0x12, 0xf0, 0x0, 0x0, 0x8, 0xfd, 0xdd, 0xdd,
    0xdf, 0x0, 0x0, 0x0, 0x8a, 0x0, 0x0, 0x1,
    0xf0, 0x0, 0x0, 0x8, 0xa0, 0x0, 0x43, 0x4f,
    0x0, 0x0, 0x0, 0x8a, 0x0, 0xa, 0xde, 0xa0,
    0x0,

    /* U+671F "期" */
    0x0, 0x5b, 0x0, 0x97, 0xa, 0xff, 0xff, 0x40,
    0x5, 0xb0, 0x9, 0x70, 0xa5, 0x0, 0xc4, 0xb,
    0xff, 0xff, 0xff, 0xaa, 0x50, 0xc, 0x40, 0x5,
    0xb0, 0x9, 0x70, 0xa6, 0x11, 0xc4, 0x0, 0x5f,
    0xee, 0xf7, 0xa, 0xee, 0xef, 0x40, 0x5, 0xb0,
    0x9, 0x70, 0xa5, 0x0, 0xc4, 0x0, 0x5b, 0x11,
    0xa7, 0xa, 0x50, 0xc, 0x40, 0x5, 0xfd, 0xde,
    0x70, 0xa5, 0x0, 0xc4, 0x0, 0x5b, 0x0, 0x97,
    0xb, 0xcb, 0xbe, 0x41, 0xff, 0xff, 0xff, 0xfd,
    0xc4, 0x0, 0xc4, 0x0, 0x6, 0x12, 0x80, 0xe,
    0x30, 0xc, 0x40, 0x3, 0xf2, 0xd, 0x81, 0xf0,
    0x0, 0xc4, 0x2, 0xe8, 0x0, 0x2e, 0x8b, 0x3,
    0x1d, 0x40, 0x8a, 0x0, 0x0, 0xd, 0x40, 0xef,
    0xe1, 0x0, 0x0, 0x0, 0x0, 0x10, 0x0, 0x0,
    0x0,

    /* U+672A "未" */
    0x0, 0x0, 0x0, 0xb, 0x80, 0x0, 0x0, 0x0,
    0x0, 0x0, 0x0, 0xb, 0x80, 0x0, 0x0, 0x0,
    0x0, 0x9f, 0xff, 0xff, 0xff, 0xff, 0xf8, 0x0,
    0x0, 0x1, 0x11, 0x1b, 0x81, 0x11, 0x10, 0x0,
    0x0, 0x0, 0x0, 0xb, 0x80, 0x0, 0x0, 0x0,
    0x1, 0x11, 0x11, 0x1b, 0x81, 0x11, 0x11, 0x10,
    0xe, 0xff, 0xff, 0xff, 0xff, 0xff, 0xff, 0xc0,
    0x0, 0x0, 0x0, 0x9f, 0xf8, 0x0, 0x0, 0x0,
    0x0, 0x0, 0x5, 0xdb, 0x8d, 0x60, 0x0, 0x0,
    0x0, 0x0, 0x4f, 0x3b, 0x82, 0xe7, 0x0, 0x0,
    0x0, 0x5, 0xf5, 0xb, 0x80, 0x3e, 0xb1, 0x0,
    0x1, 0x9f, 0x50, 0xb, 0x80, 0x1, 0xde, 0x60,
    0xd, 0xd3, 0x0, 0xb, 0x80, 0x0, 0x8, 0xc0,
    0x2, 0x0, 0x0, 0xb, 0x80, 0x0, 0x0, 0x0,

    /* U+672C "本" */
    0x0, 0x0, 0x0, 0x8a, 0x0, 0x0, 0x0, 0x0,
    0x0, 0x0, 0x8, 0xa0, 0x0, 0x0, 0x0, 0x0,
    0x0, 0x0, 0x8a, 0x0, 0x0, 0x0, 0xa, 0xff,
    0xff, 0xff, 0xff, 0xff, 0xff, 0xe0, 0x12, 0x22,
    0x24, 0xff, 0x72, 0x22, 0x22, 0x0, 0x0, 0x0,
    0xad, 0xcd, 0x0, 0x0, 0x0, 0x0, 0x0, 0x4d,
    0x8a, 0x9a, 0x0, 0x0, 0x0, 0x0, 0x1e, 0x48,
    0xa0, 0xd9, 0x0, 0x0, 0x0, 0x1c, 0x90, 0x8a,
    0x2, 0xe9, 0x0, 0x0, 0x1d, 0xb1, 0x18, 0xa1,
    0x13, 0xec, 0x20, 0x4e, 0xb2, 0xff, 0xff, 0xff,
    0x42, 0xde, 0x7, 0x90, 0x0, 0x8, 0xa0, 0x0,
    0x0, 0x30, 0x0, 0x0, 0x0, 0x8a, 0x0, 0x0,
    0x0, 0x0, 0x0, 0x0, 0x8, 0xa0, 0x0, 0x0,
    0x0,

    /* U+673A "机" */
    0x0, 0x9, 0x90, 0x5, 0xff, 0xff, 0xe0, 0x0,
    0x0, 0x9, 0x90, 0x5, 0xe1, 0x15, 0xe0, 0x0,
    0x0, 0x9, 0x90, 0x5, 0xe0, 0x4, 0xe0, 0x0,
    0xf, 0xff, 0xff, 0xc5, 0xe0, 0x4, 0xe0, 0x0,
    0x1, 0x1d, 0x91, 0x15, 0xe0, 0x4, 0xe0, 0x0,
    0x0, 0x2f, 0xa0, 0x5, 0xe0, 0x4, 0xe0, 0x0,
    0x0, 0x8e, 0xf8, 0x5, 0xe0, 0x4, 0xe0, 0x0,
    0x0, 0xd9, 0xad, 0x86, 0xd0, 0x4, 0xe0, 0x0,
    0x7, 0xa9, 0x93, 0xb7, 0xc0, 0x4, 0xe0, 0x0,
    0x1f, 0x39, 0x90, 0x9, 0xa0, 0x4, 0xe0, 0x0,
    0x9, 0x9, 0x90, 0xc, 0x80, 0x4, 0xe0, 0xc4,
    0x0, 0x9, 0x90, 0x2f, 0x20, 0x4, 0xe0, 0xd5,
    0x0, 0x9, 0x90, 0xbb, 0x0, 0x4, 0xf4, 0xf3,
    0x0, 0x9, 0x94, 0xe1, 0x0, 0x1, 0xef, 0xc0,
    0x0, 0x0, 0x0, 0x20, 0x0, 0x0, 0x0, 0x0,

    /* U+6746 "杆" */
    0x0, 0x9, 0x90, 0x0, 0x0, 0x0, 0x0, 0x0,
    0x0, 0x99, 0x0, 0xcd, 0xdd, 0xdd, 0xd4, 0x0,
    0x9, 0x90, 0x2, 0x22, 0xe5, 0x22, 0x0, 0xff,
    0xff, 0xfc, 0x0, 0xe, 0x30, 0x0, 0x1, 0x1d,
    0x91, 0x10, 0x0, 0xe3, 0x0, 0x0, 0x2, 0xfa,
    0x0, 0x0, 0xe, 0x30, 0x0, 0x0, 0x8e, 0xf8,
    0x6f, 0xff, 0xff, 0xff, 0xe0, 0xe, 0x9a, 0xe8,
    0x22, 0x2e, 0x52, 0x21, 0x8, 0xa9, 0x93, 0xb0,
    0x0, 0xe3, 0x0, 0x2, 0xf2, 0x99, 0x0, 0x0,
    0xe, 0x30, 0x0, 0x7, 0x9, 0x90, 0x0, 0x0,
    0xe3, 0x0, 0x0, 0x0, 0x99, 0x0, 0x0, 0xe,
    0x30, 0x0, 0x0, 0x9, 0x90, 0x0, 0x0, 0xe3,
    0x0, 0x0, 0x0, 0x99, 0x0, 0x0, 0xe, 0x30,
    0x0,

    /* U+6761 "条" */
    0x0, 0x0, 0x0, 0x0, 0x0, 0x0, 0x0, 0x0,
    0x0, 0x0, 0x4, 0xd0, 0x0, 0x0, 0x0, 0x0,
    0x0, 0x0, 0x1e, 0xff, 0xff, 0xff, 0x10, 0x0,
    0x0, 0x1, 0xcf, 0x50, 0x0, 0xc9, 0x0, 0x0,
    0x0, 0x3d, 0x94, 0xf5, 0xb, 0xd0, 0x0, 0x0,
    0x3, 0xf8, 0x0, 0x6f, 0xee, 0x20, 0x0, 0x0,
    0x0, 0x30, 0x0, 0x2d, 0xfb, 0x20, 0x0, 0x0,
    0x0, 0x0, 0x39, 0xf9, 0x3a, 0xfc, 0x62, 0x0,
    0x5, 0x8d, 0xf9, 0x22, 0x70, 0x27, 0xcf, 0xe2,
    0x9, 0x95, 0x0, 0x4, 0xe0, 0x0, 0x1, 0x30,
    0x0, 0x2f, 0xff, 0xff, 0xff, 0xff, 0xfa, 0x0,
    0x0, 0x0, 0x11, 0x4, 0xe0, 0x13, 0x0, 0x0,
    0x0, 0x1, 0xd9, 0x4, 0xe0, 0x6f, 0x80, 0x0,
    0x0, 0x3d, 0xa0, 0x4, 0xe0, 0x3, 0xdc, 0x10,
    0x5, 0xf8, 0x2, 0x37, 0xe0, 0x0, 0x1c, 0x90,
    0x0, 0x20, 0x6, 0xff, 0xa0, 0x0, 0x0, 0x0,

    /* U+6765 "来" */
    0x0, 0x0, 0x0, 0xc, 0x60, 0x0, 0x0, 0x0,
    0x0, 0x0, 0x0, 0xc, 0x60, 0x0, 0x0, 0x0,
    0x1, 0xff, 0xff, 0xff, 0xff, 0xff, 0xfc, 0x0,
    0x0, 0x15, 0x51, 0x1c, 0x61, 0x19, 0x20, 0x0,
    0x0, 0x7, 0xd0, 0xc, 0x60, 0x3f, 0x10, 0x0,
    0x0, 0x0, 0xf4, 0xc, 0x60, 0x9a, 0x0, 0x0,
    0x1, 0x11, 0x74, 0x1c, 0x72, 0xf3, 0x11, 0x0,
    0xe, 0xff, 0xff, 0xff, 0xff, 0xff, 0xff, 0xa0,
    0x0, 0x0, 0x0, 0x9f, 0xf5, 0x0, 0x0, 0x0,
    0x0, 0x0, 0x8, 0xcc, 0x8e, 0x70, 0x0, 0x0,
    0x0, 0x1, 0xac, 0x1c, 0x62, 0xdc, 0x30, 0x0,
    0x0, 0x6e, 0xa0, 0xc, 0x60, 0x9, 0xfa, 0x30,
    0xd, 0xd5, 0x0, 0xc, 0x60, 0x0, 0x3b, 0xb0,
    0x2, 0x0, 0x0, 0xc, 0x60, 0x0, 0x0, 0x0,

    /* U+677F "板" */
    0x0, 0xc, 0x50, 0x0, 0x0, 0x0, 0x35, 0x0,
    0x0, 0xc, 0x50, 0x8, 0xab, 0xef, 0xda, 0x10,
    0x0, 0xc, 0x50, 0x1f, 0x64, 0x20, 0x0, 0x0,
    0xa, 0xae, 0xca, 0x5f, 0x10, 0x0, 0x0, 0x0,
    0x5, 0x6f, 0x85, 0x3f, 0x32, 0x22, 0x21, 0x0,
    0x0, 0x5f, 0x50, 0x1f, 0xef, 0xdd, 0xef, 0x0,
    0x0, 0xaf, 0xd1, 0x1f, 0x5c, 0x0, 0x5c, 0x0,
    0x1, 0xdc, 0xad, 0x3f, 0xe, 0x20, 0xa7, 0x0,
    0x9, 0x8c, 0x59, 0x8f, 0x7, 0xa2, 0xf1, 0x0,
    0x2f, 0x1c, 0x50, 0x6d, 0x0, 0xdc, 0x80, 0x0,
    0x17, 0xc, 0x50, 0x9a, 0x0, 0x8f, 0x50, 0x0,
    0x0, 0xc, 0x50, 0xe5, 0x6, 0xf8, 0xf5, 0x0,
    0x0, 0xc, 0x56, 0xd1, 0xae, 0x30, 0x5f, 0xa0,
    0x0, 0xc, 0x58, 0x46, 0xb1, 0x0, 0x3, 0x80,
    0x0, 0x0, 0x0, 0x0, 0x0, 0x0, 0x0, 0x0,

    /* U+6781 "极" */
    0x0, 0xa, 0x70, 0xcf, 0xff, 0xff, 0xc0, 0x0,
    0x0, 0xa, 0x70, 0x4, 0xd0, 0x7, 0xb0, 0x0,
    0x4, 0x4b, 0x94, 0x24, 0xd0, 0xa, 0x70, 0x0,
    0xf, 0xff, 0xff, 0x64, 0xf0, 0xe, 0x30, 0x0,
    0x0, 0x1f, 0x70, 0x5, 0xf2, 0x3f, 0x0, 0x0,
    0x0, 0x6f, 0xa0, 0x6, 0xf6, 0x8f, 0xfe, 0x0,
    0x0, 0xbe, 0xf9, 0x7, 0xdb, 0x0, 0x5c, 0x0,
    0x2, 0xea, 0x7c, 0x69, 0x7e, 0x20, 0x97, 0x0,
    0xa, 0x9a, 0x71, 0x2c, 0x58, 0xa1, 0xe2, 0x0,
    0x2f, 0x1a, 0x70, 0xf, 0x10, 0xdc, 0x90, 0x0,
    0x17, 0xa, 0x70, 0x6c, 0x0, 0x6f, 0x60, 0x0,
    0x0, 0xa, 0x70, 0xd6, 0x3, 0xea, 0xf5, 0x0,
    0x0, 0xa, 0x77, 0xd1, 0x7f, 0x50, 0x6f, 0xa0,
    0x0, 0xa, 0x7a, 0x33, 0xd3, 0x0, 0x4, 0x90,
    0x0, 0x0, 0x0, 0x0, 0x0, 0x0, 0x0, 0x0,

    /* U+67B6 "架" */
    0x0, 0x3, 0xe0, 0x0, 0x2f, 0xff, 0xff, 0x30,
    0xa, 0xef, 0xff, 0xfa, 0x2f, 0x0, 0xe, 0x30,
    0x0, 0x6, 0xb0, 0x6a, 0x2f, 0x0, 0xe, 0x30,
    0x0, 0xa, 0x80, 0x79, 0x2f, 0x0, 0xe, 0x30,
    0x0, 0x4f, 0x20, 0x88, 0x2f, 0x0, 0xe, 0x30,
    0x5, 0xf6, 0x24, 0xc7, 0x2f, 0x77, 0x7f, 0x30,
    0x9, 0x40, 0x5c, 0xba, 0x72, 0x22, 0x22, 0x0,
    0x1, 0x11, 0x11, 0x1a, 0x81, 0x11, 0x11, 0x10,
    0xf, 0xff, 0xff, 0xff, 0xff, 0xff, 0xff, 0xf0,
    0x0, 0x0, 0x3, 0xed, 0xbe, 0x40, 0x0, 0x0,
    0x0, 0x0, 0x5e, 0x4a, 0x84, 0xe8, 0x0, 0x0,
    0x0, 0x2b, 0xe3, 0xa, 0x80, 0x1b, 0xe8, 0x10,
    0xb, 0xf9, 0x0, 0xa, 0x80, 0x0, 0x4c, 0xe0,
    0x4, 0x10, 0x0, 0xa, 0x80, 0x0, 0x0, 0x10,

    /* U+67C4 "柄" */
    0x0, 0xb, 0x50, 0x1, 0x11, 0x11, 0x11, 0x10,
    0x0, 0xb, 0x50, 0xbf, 0xff, 0xff, 0xff, 0xf6,
    0x0, 0xb, 0x50, 0x0, 0x0, 0xe2, 0x0, 0x0,
    0xe, 0xef, 0xee, 0x30, 0x0, 0xe2, 0x0, 0x0,
    0x0, 0x1f, 0x50, 0x5f, 0xff, 0xff, 0xff, 0xd0,
    0x0, 0x5f, 0x50, 0x5b, 0x0, 0xf2, 0x3, 0xe0,
    0x0, 0xae, 0xe1, 0x5b, 0x2, 0xf1, 0x2, 0xe0,
    0x1, 0xdb, 0xbd, 0x6b, 0x6, 0xfc, 0x2, 0xe0,
    0x8, 0x8b, 0x5a, 0x8b, 0xd, 0x5b, 0xb2, 0xe0,
    0x2f, 0x1b, 0x50, 0x5b, 0x7d, 0x1, 0xe8, 0xe0,
    0x18, 0xb, 0x50, 0x5c, 0xe3, 0x0, 0x33, 0xe0,
    0x0, 0xb, 0x50, 0x5b, 0x10, 0x0, 0x2, 0xe0,
    0x0, 0xb, 0x50, 0x5b, 0x0, 0x1, 0x25, 0xe0,
    0x0, 0xb, 0x50, 0x5b, 0x0, 0x5, 0xff, 0xa0,

    /* U+67E5 "查" */
    0x0, 0x0, 0x0, 0x9, 0x80, 0x0, 0x0, 0x0,
    0x0, 0x0, 0x0, 0x9, 0x80, 0x0, 0x0, 0x0,
    0xb, 0xff, 0xff, 0xff, 0xff, 0xff, 0xff, 0xc0,
    0x0, 0x0, 0x3, 0xdc, 0xbd, 0x40, 0x0, 0x0,
    0x0, 0x1, 0x9d, 0x39, 0x72, 0xcb, 0x40, 0x0,
    0x3, 0x9f, 0x90, 0x9, 0x70, 0x5, 0xdd, 0x81,
    0x1d, 0x84, 0xee, 0xef, 0xfe, 0xee, 0x24, 0x80,
    0x0, 0x2, 0xe1, 0x11, 0x11, 0x1e, 0x30, 0x0,
    0x0, 0x2, 0xfa, 0xaa, 0xaa, 0xaf, 0x30, 0x0,
    0x0, 0x2, 0xe3, 0x33, 0x33, 0x3e, 0x30, 0x0,
    0x0, 0x2, 0xe0, 0x0, 0x0, 0xe, 0x30, 0x0,
    0x0, 0x2, 0xee, 0xee, 0xee, 0xee, 0x20, 0x0,
    0x0, 0x0, 0x0, 0x0, 0x0, 0x0, 0x0, 0x0,
    0xf, 0xff, 0xff, 0xff, 0xff, 0xff, 0xff, 0xf1,

    /* U+6807 "标" */
    0x0, 0xb, 0x50, 0xf, 0xff, 0xff, 0xff, 0x50,
    0x0, 0xb, 0x50, 0x1, 0x11, 0x11, 0x11, 0x0,
    0x3, 0x3c, 0x73, 0x0, 0x0, 0x0, 0x0, 0x0,
    0xf, 0xff, 0xff, 0x40, 0x0, 0x0, 0x0, 0x0,
    0x4, 0x4f, 0x84, 0x33, 0x33, 0x33, 0x33, 0x30,
    0x0, 0x3f, 0x70, 0xad, 0xdd, 0xfd, 0xdd, 0xd1,
    0x0, 0x9f, 0xf6, 0x0, 0x0, 0xf1, 0x0, 0x0,
    0x0, 0xec, 0x7e, 0x43, 0x30, 0xf1, 0x43, 0x0,
    0x6, 0xab, 0x53, 0x9, 0x70, 0xf1, 0x6d, 0x0,
    0x1e, 0x3b, 0x50, 0xe, 0x20, 0xf1, 0xd, 0x60,
    0x2a, 0xb, 0x50, 0x6c, 0x0, 0xf1, 0x6, 0xd0,
    0x0, 0xb, 0x50, 0xf3, 0x0, 0xf1, 0x0, 0xf3,
    0x0, 0xb, 0x50, 0x20, 0x43, 0xf1, 0x0, 0x20,
    0x0, 0xb, 0x50, 0x0, 0xdf, 0xd0, 0x0, 0x0,

    /* U+680F "栏" */
    0x0, 0xf, 0x10, 0x7, 0x20, 0x0, 0x94, 0x0,
    0x0, 0xf1, 0x0, 0x8c, 0x0, 0x2f, 0x10, 0x4,
    0x4f, 0x54, 0x0, 0xc1, 0xb, 0x70, 0x1, 0xbb,
    0xfb, 0xb8, 0xee, 0xee, 0xfe, 0xe6, 0x0, 0x4f,
    0x10, 0x13, 0x33, 0x33, 0x33, 0x10, 0x8, 0xf3,
    0x0, 0x0, 0x0, 0x0, 0x0, 0x0, 0xcf, 0xe3,
    0x0, 0x0, 0x0, 0x0, 0x0, 0x4a, 0xf7, 0xe0,
    0xdd, 0xdd, 0xdd, 0x70, 0xc, 0x4f, 0x15, 0x5,
    0x55, 0x55, 0x53, 0x5, 0xd0, 0xf1, 0x0, 0x0,
    0x0, 0x0, 0x0, 0x25, 0xf, 0x10, 0x0, 0x0,
    0x0, 0x0, 0x0, 0x0, 0xf1, 0x12, 0x22, 0x22,
    0x22, 0x21, 0x0, 0xf, 0x19, 0xff, 0xff, 0xff,
    0xff, 0xf0, 0x0, 0xf1, 0x0, 0x0, 0x0, 0x0,
    0x0,

    /* U+6821 "校" */
    0x0, 0xc, 0x50, 0x0, 0x8, 0x60, 0x0, 0x0,
    0x0, 0xc, 0x50, 0x0, 0x2, 0xe4, 0x0, 0x0,
    0x0, 0xc, 0x50, 0x6a, 0xaa, 0xdb, 0xaa, 0xa0,
    0x1f, 0xff, 0xff, 0x74, 0x54, 0x45, 0x64, 0x40,
    0x0, 0x2f, 0x50, 0x0, 0xb6, 0x5, 0xe2, 0x0,
    0x0, 0x6f, 0x50, 0x5, 0xd0, 0x0, 0x6e, 0x10,
    0x0, 0xbe, 0xd1, 0x3e, 0x51, 0x1, 0x89, 0xc0,
    0x2, 0xcc, 0xbd, 0x65, 0x97, 0x6, 0xb0, 0x50,
    0xb, 0x7c, 0x5a, 0x50, 0x2e, 0xc, 0x50, 0x0,
    0x3e, 0xc, 0x50, 0x0, 0x9, 0xcd, 0x0, 0x0,
    0x16, 0xc, 0x50, 0x0, 0x3, 0xfa, 0x0, 0x0,
    0x0, 0xc, 0x50, 0x0, 0x4e, 0x7c, 0xc2, 0x0,
    0x0, 0xc, 0x50, 0x2a, 0xe4, 0x0, 0x9f, 0xa0,
    0x0, 0xc, 0x50, 0xa9, 0x10, 0x0, 0x3, 0x80,
    0x0, 0x0, 0x0, 0x0, 0x0, 0x0, 0x0, 0x0,

    /* U+6837 "样" */
    0x0, 0x0, 0x0, 0x0, 0x0, 0x0, 0x0, 0x0,
    0x0, 0x9, 0x80, 0x1, 0xb0, 0x0, 0xb6, 0x0,
    0x0, 0x9, 0x80, 0x0, 0xb8, 0x3, 0xf1, 0x0,
    0x0, 0x9, 0x80, 0x15, 0x8a, 0x5b, 0xb5, 0x40,
    0xf, 0xff, 0xff, 0xaa, 0xaa, 0xfb, 0xaa, 0x80,
    0x2, 0x2e, 0x92, 0x10, 0x0, 0xe2, 0x0, 0x0,
    0x0, 0x2f, 0xa0, 0x0, 0x0, 0xe3, 0x0, 0x0,
    0x0, 0x8f, 0xf9, 0xf, 0xff, 0xff, 0xff, 0x50,
    0x0, 0xea, 0x8c, 0x70, 0x0, 0xe2, 0x0, 0x0,
    0x8, 0x99, 0x81, 0x30, 0x0, 0xe2, 0x0, 0x0,
    0x2f, 0x29, 0x80, 0x8e, 0xee, 0xfe, 0xee, 0xe1,
    0x7, 0x9, 0x80, 0x11, 0x11, 0xe4, 0x11, 0x10,
    0x0, 0x9, 0x80, 0x0, 0x0, 0xe2, 0x0, 0x0,
    0x0, 0x9, 0x80, 0x0, 0x0, 0xe2, 0x0, 0x0,
    0x0, 0x9, 0x80, 0x0, 0x0, 0xe2, 0x0, 0x0,

    /* U+683C "格" */
    0x0, 0xc, 0x40, 0x0, 0x78, 0x0, 0x0, 0x0,
    0x0, 0xc, 0x40, 0x0, 0xdf, 0xff, 0xfb, 0x0,
    0x0, 0xc, 0x40, 0x6, 0xe0, 0x0, 0xd5, 0x0,
    0x1f, 0xff, 0xff, 0x7e, 0xc8, 0x9, 0xb0, 0x0,
    0x0, 0x1f, 0x50, 0xd6, 0x1d, 0xbe, 0x10, 0x0,
    0x0, 0x5f, 0x90, 0x30, 0x8, 0xfc, 0x10, 0x0,
    0x0, 0xbe, 0xcb, 0x0, 0x9d, 0x39, 0xf7, 0x0,
    0x2, 0xcc, 0x49, 0x6d, 0x90, 0x0, 0x4d, 0xe3,
    0xa, 0x6c, 0x42, 0xde, 0xff, 0xff, 0xfd, 0x50,
    0x3e, 0xc, 0x40, 0xe, 0x30, 0x0, 0x3e, 0x0,
    0x5, 0xc, 0x40, 0xe, 0x30, 0x0, 0x3e, 0x0,
    0x0, 0xc, 0x40, 0xe, 0x30, 0x0, 0x3e, 0x0,
    0x0, 0xc, 0x40, 0xe, 0xee, 0xee, 0xee, 0x0,
    0x0, 0xc, 0x40, 0xe, 0x51, 0x11, 0x5e, 0x0,

    /* U+6846 "框" */
    0x0, 0xf, 0x10, 0xaf, 0xff, 0xff, 0xff, 0xd0,
    0x0, 0xf, 0x10, 0xa7, 0x0, 0x0, 0x0, 0x0,
    0x5, 0x5f, 0x64, 0xa7, 0x0, 0x0, 0x0, 0x0,
    0x2c, 0xcf, 0xcb, 0xa7, 0xdf, 0xff, 0xff, 0x50,
    0x0, 0x4f, 0x10, 0xa7, 0x0, 0x6b, 0x0, 0x0,
    0x0, 0x8f, 0x30, 0xa7, 0x0, 0x6b, 0x0, 0x0,
    0x0, 0xcf, 0xe2, 0xa7, 0x5b, 0xde, 0xbb, 0x0,
    0x3, 0xaf, 0x8e, 0xa7, 0x13, 0x7c, 0x33, 0x0,
    0xa, 0x5f, 0x17, 0xa7, 0x0, 0x6b, 0x0, 0x0,
    0x3e, 0xf, 0x10, 0xa7, 0x0, 0x6b, 0x0, 0x0,
    0x47, 0xf, 0x10, 0xa7, 0xee, 0xee, 0xee, 0x90,
    0x0, 0xf, 0x10, 0xa7, 0x0, 0x0, 0x0, 0x0,
    0x0, 0xf, 0x10, 0xad, 0xbb, 0xbb, 0xbb, 0xb1,
    0x0, 0xf, 0x10, 0x24, 0x44, 0x44, 0x44, 0x40,

    /* U+68C0 "检" */
    0x0, 0xa, 0x60, 0x0, 0xb, 0xd0, 0x0, 0x0,
    0x0, 0xa, 0x60, 0x0, 0x3e, 0xb8, 0x0, 0x0,
    0x0, 0xa, 0x60, 0x0, 0xc6, 0x2f, 0x40, 0x0,
    0xc, 0xce, 0xdc, 0x28, 0xc0, 0x5, 0xf3, 0x0,
    0x4, 0x4f, 0x94, 0x7f, 0x20, 0x0, 0x7f, 0x40,
    0x0, 0x4f, 0x78, 0xe8, 0xff, 0xff, 0xd7, 0xf2,
    0x0, 0x9f, 0xf7, 0x20, 0x1, 0x0, 0x0, 0x20,
    0x0, 0xdb, 0x9e, 0x20, 0xe, 0x30, 0x17, 0x0,
    0x7, 0xaa, 0x64, 0x6b, 0x9, 0x90, 0x5c, 0x0,
    0x1f, 0x3a, 0x60, 0x1f, 0x23, 0xe0, 0xa7, 0x0,
    0x2a, 0xa, 0x60, 0xa, 0x80, 0xc2, 0xf2, 0x0,
    0x0, 0xa, 0x60, 0x5, 0xa0, 0x6, 0xb0, 0x0,
    0x0, 0xa, 0x60, 0x33, 0x33, 0x3e, 0x73, 0x20,
    0x0, 0xa, 0x63, 0xdd, 0xdd, 0xdd, 0xdd, 0xa0,

    /* U+6A21 "模" */
    0x0, 0xf, 0x10, 0x2, 0xe0, 0xe, 0x20, 0x0,
    0x0, 0xf, 0x15, 0x78, 0xf7, 0x7e, 0x87, 0x50,
    0x0, 0xf, 0x15, 0x78, 0xf7, 0x7e, 0x87, 0x50,
    0x1a, 0xaf, 0xa9, 0x13, 0x92, 0x29, 0x31, 0x0,
    0x5, 0x7f, 0x65, 0xad, 0xbb, 0xbb, 0xdb, 0x0,
    0x0, 0x7f, 0x10, 0xaa, 0x55, 0x55, 0x9b, 0x0,
    0x0, 0xcf, 0xd2, 0xaa, 0x66, 0x66, 0x9b, 0x0,
    0x2, 0xaf, 0x8d, 0xad, 0xaa, 0xaa, 0xcb, 0x0,
    0xa, 0x5f, 0x13, 0x23, 0x38, 0x93, 0x32, 0x0,
    0x3e, 0xf, 0x11, 0x11, 0x17, 0x91, 0x11, 0x10,
    0x47, 0xf, 0x1a, 0xcc, 0xce, 0xfc, 0xcc, 0xc0,
    0x0, 0xf, 0x10, 0x0, 0x2d, 0x9a, 0x0, 0x0,
    0x0, 0xf, 0x10, 0x17, 0xe3, 0x8, 0xe8, 0x30,
    0x0, 0xf, 0x19, 0xf9, 0x10, 0x0, 0x29, 0x90,
    0x0, 0x0, 0x1, 0x0, 0x0, 0x0, 0x0, 0x0,

    /* U+6A2A "横" */
    0x0, 0x0, 0x0, 0x0, 0x0, 0x0, 0x0, 0x0,
    0x0, 0xf, 0x10, 0x0, 0xe1, 0x4, 0xc0, 0x0,
    0x0, 0xf, 0x10, 0xcc, 0xfc, 0xcd, 0xfc, 0xc0,
    0x2, 0x2f, 0x32, 0x22, 0xe3, 0x26, 0xc2, 0x20,
    0x2f, 0xff, 0xfe, 0x0, 0xe1, 0x4, 0xc0, 0x0,
    0x0, 0x4f, 0x16, 0xff, 0xff, 0xff, 0xff, 0xf6,
    0x0, 0x8f, 0x10, 0x0, 0x2, 0xf0, 0x0, 0x0,
    0x0, 0xdf, 0xd1, 0x9f, 0xee, 0xfe, 0xef, 0xa0,
    0x5, 0xaf, 0x9d, 0x96, 0x2, 0xf0, 0x7, 0xa0,
    0xd, 0x4f, 0x16, 0x9e, 0xde, 0xfd, 0xde, 0xa0,
    0x5c, 0xf, 0x10, 0x96, 0x2, 0xf0, 0x7, 0xa0,
    0x3, 0xf, 0x10, 0x9d, 0xbc, 0xfb, 0xbd, 0xa0,
    0x0, 0xf, 0x10, 0x13, 0xb6, 0x25, 0xd6, 0x10,
    0x0, 0xf, 0x10, 0x4d, 0xc1, 0x0, 0x7f, 0xa1,
    0x0, 0xf, 0x15, 0xf7, 0x0, 0x0, 0x2, 0xb3,
    0x0, 0x0, 0x0, 0x0, 0x0, 0x0, 0x0, 0x0,

    /* U+6A59 "橙" */
    0x0, 0xf, 0x10, 0xef, 0xfa, 0xa2, 0x53, 0x0,
    0x0, 0xf, 0x10, 0x20, 0x67, 0x7b, 0xe3, 0x0,
    0x0, 0xf, 0x10, 0xe4, 0xc1, 0x1f, 0x56, 0xb0,
    0x2f, 0xff, 0xfe, 0x3f, 0x80, 0x6, 0xbe, 0x20,
    0x1, 0x4f, 0x10, 0x4c, 0x99, 0x99, 0xda, 0x0,
    0x0, 0x9f, 0x26, 0xd1, 0x45, 0x55, 0x18, 0xe1,
    0x0, 0xdf, 0xd5, 0x3b, 0xbb, 0xbb, 0xb4, 0x20,
    0x4, 0x9f, 0x7e, 0x3d, 0x33, 0x33, 0xc6, 0x0,
    0xd, 0x4f, 0x16, 0x3d, 0x0, 0x0, 0xb6, 0x0,
    0x5d, 0xf, 0x10, 0x3f, 0xee, 0xee, 0xf6, 0x0,
    0x25, 0xf, 0x10, 0x4, 0x70, 0x6, 0x40, 0x0,
    0x0, 0xf, 0x10, 0x3, 0xf0, 0xd, 0x40, 0x0,
    0x0, 0xf, 0x10, 0x0, 0xa3, 0x4d, 0x0, 0x0,
    0x0, 0xf, 0x19, 0xee, 0xee, 0xee, 0xee, 0xe0,

    /* U+6B21 "次" */
    0x0, 0x0, 0x0, 0x9, 0x20, 0x0, 0x0, 0x0,
    0x0, 0x10, 0x0, 0x1f, 0x10, 0x0, 0x0, 0x0,
    0x7, 0xe1, 0x0, 0x6e, 0x33, 0x33, 0x33, 0x0,
    0x0, 0xbd, 0x10, 0xce, 0xdd, 0xdd, 0xdf, 0x60,
    0x0, 0x1d, 0x44, 0xf1, 0x15, 0x0, 0x3f, 0x10,
    0x0, 0x0, 0xd, 0x90, 0x3f, 0x0, 0xb9, 0x0,
    0x0, 0x0, 0x2d, 0x10, 0x4f, 0x6, 0xe1, 0x0,
    0x0, 0x0, 0x0, 0x0, 0x6f, 0x43, 0x40, 0x0,
    0x0, 0x3, 0x50, 0x0, 0xac, 0x90, 0x0, 0x0,
    0x0, 0xd, 0x90, 0x1, 0xf3, 0xf3, 0x0, 0x0,
    0x0, 0x7e, 0x10, 0x8, 0xc0, 0x7d, 0x10, 0x0,
    0x4, 0xf5, 0x0, 0x5f, 0x30, 0xc, 0xd1, 0x0,
    0xe, 0xa0, 0x7, 0xf6, 0x0, 0x1, 0xde, 0x50,
    0x5, 0x0, 0xbf, 0x50, 0x0, 0x0, 0xa, 0xb0,
    0x0, 0x0, 0x21, 0x0, 0x0, 0x0, 0x0, 0x0,

    /* U+6B27 "欧" */
    0x0, 0x0, 0x0, 0x0, 0x32, 0x0, 0x0, 0x1,
    0x55, 0x55, 0x55, 0x1a, 0x80, 0x0, 0x0, 0x5e,
    0xaa, 0xaa, 0xa3, 0xe5, 0x0, 0x0, 0x5, 0xc2,
    0x10, 0x54, 0x2f, 0xfe, 0xee, 0xe2, 0x5c, 0x8b,
    0xc, 0x58, 0xb1, 0x11, 0x3f, 0x15, 0xc0, 0xe6,
    0xf1, 0xe5, 0x5b, 0x8, 0xa0, 0x5c, 0x5, 0xfa,
    0x5d, 0x5, 0xc1, 0xf3, 0x5, 0xc0, 0xf, 0x70,
    0x20, 0x7e, 0x28, 0x0, 0x5c, 0x6, 0xee, 0x0,
    0x9, 0xf2, 0x0, 0x5, 0xc0, 0xe4, 0xc7, 0x0,
    0xda, 0x80, 0x0, 0x5c, 0x9b, 0x4, 0xe0, 0x2f,
    0x2f, 0x20, 0x5, 0xc5, 0x10, 0x3, 0xa, 0x90,
    0x9c, 0x0, 0x5f, 0xdd, 0xdd, 0xd7, 0xf2, 0x1,
    0xe9, 0x1, 0x33, 0x33, 0x38, 0xf6, 0x0, 0x4,
    0xf7, 0x0, 0x0, 0x0, 0x87, 0x0, 0x0, 0x4,
    0x10,

    /* U+6B62 "止" */
    0x0, 0x0, 0x0, 0x3f, 0x0, 0x0, 0x0, 0x0,
    0x0, 0x0, 0x3f, 0x0, 0x0, 0x0, 0x0, 0x0,
    0x0, 0x3f, 0x0, 0x0, 0x0, 0x0, 0x23, 0x0,
    0x3f, 0x0, 0x0, 0x0, 0x0, 0x8b, 0x0, 0x3f,
    0x22, 0x22, 0x20, 0x0, 0x8b, 0x0, 0x3f, 0xff,
    0xff, 0xe0, 0x0, 0x8b, 0x0, 0x3f, 0x0, 0x0,
    0x0, 0x0, 0x8b, 0x0, 0x3f, 0x0, 0x0, 0x0,
    0x0, 0x8b, 0x0, 0x3f, 0x0, 0x0, 0x0, 0x0,
    0x8b, 0x0, 0x3f, 0x0, 0x0, 0x0, 0x0, 0x8b,
    0x0, 0x3f, 0x0, 0x0, 0x0, 0x11, 0x8c, 0x11,
    0x5f, 0x11, 0x11, 0x11, 0xef, 0xff, 0xff, 0xff,
    0xff, 0xff, 0xfa,

    /* U+6B63 "正" */
    0x3f, 0xff, 0xff, 0xff, 0xff, 0xff, 0xf1, 0x2,
    0x22, 0x22, 0x7d, 0x22, 0x22, 0x20, 0x0, 0x0,
    0x0, 0x6d, 0x0, 0x0, 0x0, 0x0, 0x0, 0x0,
    0x6d, 0x0, 0x0, 0x0, 0x0, 0x8c, 0x0, 0x6d,
    0x0, 0x0, 0x0, 0x0, 0x8c, 0x0, 0x6f, 0xee,
    0xee, 0x50, 0x0, 0x8c, 0x0, 0x6d, 0x22, 0x22,
    0x10, 0x0, 0x8c, 0x0, 0x6d, 0x0, 0x0, 0x0,
    0x0, 0x8c, 0x0, 0x6d, 0x0, 0x0, 0x0, 0x0,
    0x8c, 0x0, 0x6d, 0x0, 0x0, 0x0, 0x0, 0x8c,
    0x0, 0x6d, 0x0, 0x0, 0x0, 0xef, 0xff, 0xff,
    0xff, 0xff, 0xff, 0xfa, 0x11, 0x11, 0x11, 0x11,
    0x11, 0x11, 0x10,

    /* U+6B64 "此" */
    0x0, 0x0, 0x3e, 0x0, 0xf, 0x30, 0x0, 0x0,
    0x0, 0x3, 0xe0, 0x0, 0xf3, 0x0, 0x0, 0x0,
    0x0, 0x3e, 0x0, 0xf, 0x30, 0x0, 0x0, 0xc,
    0x23, 0xe0, 0x0, 0xf3, 0x2, 0xb1, 0x0, 0xe2,
    0x3f, 0x33, 0x1f, 0x36, 0xfa, 0x10, 0xe, 0x23,
    0xfd, 0xd5, 0xfd, 0xd5, 0x0, 0x0, 0xe2, 0x3e,
    0x0, 0xf, 0x70, 0x0, 0x0, 0xe, 0x23, 0xe0,
    0x0, 0xf3, 0x0, 0x0, 0x0, 0xe2, 0x3e, 0x0,
    0xf, 0x30, 0x0, 0x0, 0xe, 0x23, 0xe0, 0x0,
    0xf3, 0x0, 0x11, 0x0, 0xe2, 0x3e, 0x0, 0x1f,
    0x30, 0x5, 0xe0, 0xe, 0x23, 0xf9, 0xe6, 0xf3,
    0x0, 0x6c, 0x3, 0xfc, 0xfc, 0x71, 0xe, 0x85,
    0x6c, 0xa2, 0xeb, 0x61, 0x0, 0x0, 0x6c, 0xdc,
    0xa2, 0x0, 0x0, 0x0, 0x0, 0x0, 0x0, 0x0,
    0x0,

    /* U+6B65 "步" */
    0x0, 0x0, 0x0, 0x98, 0x0, 0x0, 0x0, 0x0,
    0x35, 0x0, 0x98, 0x0, 0x0, 0x0, 0x0, 0x7a,
    0x0, 0x9f, 0xff, 0xff, 0x30, 0x0, 0x7a, 0x0,
    0x98, 0x0, 0x0, 0x0, 0x0, 0x7a, 0x0, 0x98,
    0x0, 0x0, 0x0, 0xef, 0xff, 0xff, 0xff, 0xff,
    0xff, 0xfd, 0x0, 0x2, 0x0, 0xe3, 0x0, 0x0,
    0x0, 0x0, 0x3f, 0x20, 0xe3, 0x0, 0x5a, 0x0,
    0x1, 0xe7, 0x0, 0xe3, 0x2, 0xe6, 0x0, 0x2e,
    0xa0, 0x0, 0xe3, 0x1d, 0x90, 0x0, 0x38, 0x0,
    0x0, 0x13, 0xda, 0x0, 0x0, 0x0, 0x0, 0x0,
    0x7f, 0x70, 0x0, 0x0, 0x0, 0x15, 0x9e, 0xb2,
    0x0, 0x0, 0x0, 0x8, 0xfd, 0x82, 0x0, 0x0,
    0x0, 0x0, 0x0, 0x10, 0x0, 0x0, 0x0, 0x0,
    0x0,

    /* U+6B7B "死" */
    0xd, 0xff, 0xff, 0xff, 0xff, 0xff, 0xff, 0xe0,
    0x0, 0x1, 0xf2, 0x0, 0xf, 0x30, 0x0, 0x0,
    0x0, 0x4, 0xf0, 0x0, 0xf, 0x30, 0x0, 0x0,
    0x0, 0x8, 0xc0, 0x0, 0xf, 0x30, 0x0, 0x0,
    0x0, 0xd, 0xff, 0xfe, 0x1f, 0x30, 0x8, 0x30,
    0x0, 0x3f, 0x20, 0x3f, 0xf, 0x31, 0xbe, 0x40,
    0x0, 0xbd, 0x0, 0x6c, 0xf, 0x8e, 0xb1, 0x0,
    0x5, 0xfb, 0xc1, 0xb8, 0xf, 0xe5, 0x0, 0x0,
    0xe, 0x70, 0xae, 0xf2, 0xf, 0x30, 0x0, 0x0,
    0x3, 0x0, 0xd, 0xb0, 0xf, 0x30, 0x0, 0x10,
    0x0, 0x0, 0x4f, 0x30, 0xf, 0x30, 0x0, 0xf3,
    0x0, 0x3, 0xf7, 0x0, 0xf, 0x30, 0x1, 0xf2,
    0x0, 0x7f, 0x80, 0x0, 0xe, 0x95, 0x5a, 0xf0,
    0x9, 0xd4, 0x0, 0x0, 0x5, 0xcd, 0xdb, 0x60,
    0x0, 0x0, 0x0, 0x0, 0x0, 0x0, 0x0, 0x0,

    /* U+6B8A "殊" */
    0xf, 0xff, 0xff, 0xb3, 0x80, 0xe2, 0x0, 0x0,
    0x0, 0x5b, 0x0, 0x6, 0xa0, 0xe2, 0x0, 0x0,
    0x0, 0x79, 0x0, 0x9, 0xc8, 0xf9, 0x88, 0x30,
    0x0, 0xa9, 0x32, 0xe, 0xed, 0xfe, 0xdd, 0x50,
    0x0, 0xec, 0xcf, 0x4e, 0x0, 0xe2, 0x0, 0x0,
    0x2, 0xf0, 0x2e, 0x25, 0x0, 0xe2, 0x0, 0x0,
    0x8, 0xe2, 0x5c, 0x6f, 0xff, 0xff, 0xff, 0xf1,
    0xe, 0x7e, 0xc8, 0x1, 0x17, 0xfb, 0x11, 0x10,
    0x19, 0x3, 0xf4, 0x0, 0xd, 0xfd, 0x50, 0x0,
    0x0, 0x3, 0xe0, 0x0, 0x97, 0xe4, 0xe2, 0x0,
    0x0, 0xb, 0x80, 0x7, 0xd0, 0xe2, 0x6e, 0x30,
    0x0, 0x5e, 0x10, 0x8e, 0x10, 0xe2, 0x8, 0xf2,
    0x2, 0xe4, 0x0, 0xb2, 0x0, 0xe2, 0x0, 0x40,
    0x9, 0x70, 0x0, 0x0, 0x0, 0xe2, 0x0, 0x0,
    0x0, 0x0, 0x0, 0x0, 0x0, 0x0, 0x0, 0x0,

    /* U+6BB5 "段" */
    0x0, 0x0, 0x1, 0x20, 0x0, 0x0, 0x0, 0x0,
    0x0, 0x69, 0xdf, 0xa0, 0xef, 0xff, 0xe0, 0x0,
    0x0, 0xe9, 0x51, 0x0, 0xe1, 0x1, 0xe0, 0x0,
    0x0, 0xe2, 0x0, 0x0, 0xf1, 0x1, 0xe0, 0x0,
    0x0, 0xe3, 0x0, 0x3, 0xf0, 0x1, 0xe0, 0x0,
    0x0, 0xef, 0xff, 0x29, 0xa0, 0x1, 0xf4, 0x40,
    0x0, 0xe3, 0x11, 0x3f, 0x30, 0x0, 0xac, 0xb1,
    0x0, 0xe2, 0x0, 0x18, 0x55, 0x55, 0x53, 0x0,
    0x0, 0xef, 0xff, 0x4a, 0xe9, 0x99, 0xda, 0x0,
    0x0, 0xe2, 0x0, 0x0, 0xd4, 0x1, 0xe2, 0x0,
    0x0, 0xe2, 0x2, 0x20, 0x4e, 0x1b, 0x80, 0x0,
    0x19, 0xfd, 0xfd, 0x60, 0x7, 0xfb, 0x0, 0x0,
    0x8, 0xf5, 0x0, 0x0, 0x2c, 0xcf, 0x70, 0x0,
    0x0, 0xe2, 0x0, 0x18, 0xf8, 0x3, 0xde, 0x90,
    0x0, 0xe2, 0x0, 0xab, 0x30, 0x0, 0x5, 0x80,
    0x0, 0x0, 0x0, 0x0, 0x0, 0x0, 0x0, 0x0,

    /* U+6BD4 "比" */
    0x0, 0x0, 0x0, 0x1, 0x0, 0x0, 0x0, 0xe,
    0x40, 0x0, 0xe, 0x30, 0x0, 0x0, 0xe, 0x40,
    0x0, 0xe, 0x30, 0x0, 0x0, 0xe, 0x40, 0x0,
    0xe, 0x30, 0x0, 0x0, 0xe, 0x40, 0x0, 0xe,
    0x30, 0x1b, 0xd0, 0xe, 0x51, 0x11, 0xe, 0x34,
    0xdc, 0x20, 0xe, 0xff, 0xff, 0x5e, 0xde, 0x70,
    0x0, 0xe, 0x40, 0x0, 0xe, 0x80, 0x0, 0x0,
    0xe, 0x40, 0x0, 0xe, 0x30, 0x0, 0x0, 0xe,
    0x40, 0x0, 0xe, 0x30, 0x0, 0x0, 0xe, 0x40,
    0x0, 0xe, 0x30, 0x0, 0x47, 0xe, 0x40, 0x2,
    0x2e, 0x30, 0x0, 0x7c, 0xe, 0x56, 0xce, 0x4e,
    0x40, 0x0, 0xaa, 0x2f, 0xfb, 0x50, 0xb, 0xfd,
    0xde, 0xf5, 0x7, 0x10, 0x0, 0x0, 0x34, 0x43,
    0x10,

    /* U+6C34 "水" */
    0x0, 0x0, 0x0, 0x4e, 0x0, 0x0, 0x0, 0x0,
    0x0, 0x0, 0x4, 0xe0, 0x0, 0x0, 0x0, 0x0,
    0x0, 0x0, 0x4e, 0x0, 0x1, 0x70, 0x1, 0x44,
    0x44, 0x14, 0xf1, 0x1, 0xdb, 0x0, 0x4c, 0xcc,
    0xeb, 0x4f, 0x61, 0xcb, 0x0, 0x0, 0x0, 0x9,
    0x84, 0xfd, 0xd9, 0x0, 0x0, 0x0, 0x0, 0xe4,
    0x4e, 0xb9, 0x0, 0x0, 0x0, 0x0, 0x5e, 0x4,
    0xe4, 0xe1, 0x0, 0x0, 0x0, 0xd, 0x70, 0x4e,
    0x9, 0xd1, 0x0, 0x0, 0x9, 0xd0, 0x4, 0xe0,
    0xc, 0xc1, 0x0, 0x7, 0xf2, 0x0, 0x4e, 0x0,
    0xc, 0xe5, 0x8, 0xf4, 0x0, 0x4, 0xe0, 0x0,
    0x9, 0xf2, 0x54, 0x0, 0x43, 0x7e, 0x0, 0x0,
    0x1, 0x0, 0x0, 0xa, 0xff, 0x90, 0x0, 0x0,
    0x0,

    /* U+6C60 "池" */
    0x0, 0x40, 0x0, 0x0, 0xe, 0x30, 0x0, 0x0,
    0x3, 0xf7, 0x0, 0xd3, 0xe, 0x30, 0x0, 0x0,
    0x0, 0x3f, 0x40, 0xe3, 0xe, 0x30, 0x0, 0x0,
    0x0, 0x3, 0x0, 0xe3, 0xe, 0x56, 0xaa, 0x0,
    0x9, 0x20, 0x0, 0xe6, 0x8f, 0xfb, 0x8e, 0x0,
    0x9, 0xf4, 0x4a, 0xfe, 0x9f, 0x30, 0x2e, 0x0,
    0x0, 0x8a, 0x77, 0xf3, 0xe, 0x30, 0x2e, 0x0,
    0x0, 0x0, 0x0, 0xe3, 0xe, 0x30, 0x2e, 0x0,
    0x0, 0x3, 0x0, 0xe3, 0xe, 0x35, 0x7e, 0x0,
    0x0, 0xc, 0x70, 0xe3, 0xe, 0x3b, 0xc8, 0x0,
    0x0, 0x4f, 0x10, 0xe3, 0x9, 0x20, 0x1, 0x80,
    0x0, 0xd8, 0x0, 0xe3, 0x0, 0x0, 0x3, 0xf0,
    0x8, 0xe1, 0x0, 0xea, 0x54, 0x44, 0x5b, 0xc0,
    0x9, 0x60, 0x0, 0x5b, 0xdd, 0xdd, 0xca, 0x30,
    0x0, 0x0, 0x0, 0x0, 0x0, 0x0, 0x0, 0x0,

    /* U+6CA1 "没" */
    0x0, 0x0, 0x0, 0x0, 0x0, 0x0, 0x0, 0x4d,
    0x20, 0x1, 0xff, 0xff, 0xf4, 0x0, 0xa, 0xe1,
    0x1, 0xf1, 0x0, 0xe4, 0x0, 0x0, 0xa3, 0x2,
    0xf0, 0x0, 0xe4, 0x0, 0x0, 0x0, 0x5, 0xe0,
    0x0, 0xe4, 0x0, 0x85, 0x0, 0x1d, 0x90, 0x0,
    0xe8, 0x53, 0x7f, 0x61, 0xeb, 0x0, 0x0, 0x6b,
    0xb7, 0x6, 0xe0, 0x43, 0x33, 0x33, 0x32, 0x0,
    0x0, 0x10, 0x9e, 0xec, 0xcc, 0xdf, 0x10, 0x0,
    0x21, 0x2, 0xe1, 0x0, 0xaa, 0x0, 0x0, 0xb8,
    0x0, 0x8c, 0x5, 0xe1, 0x0, 0x3, 0xf1, 0x0,
    0xb, 0xcf, 0x40, 0x0, 0xc, 0x90, 0x0, 0x6,
    0xfe, 0x40, 0x0, 0x7f, 0x10, 0x4, 0xcd, 0x37,
    0xfb, 0x61, 0x96, 0x6, 0xfd, 0x70, 0x0, 0x19,
    0xe8, 0x0, 0x1, 0x40, 0x0, 0x0, 0x0, 0x0,

    /* U+6CB9 "油" */
    0x0, 0x40, 0x0, 0x0, 0xf, 0x20, 0x0, 0x0,
    0x3f, 0x70, 0x0, 0x0, 0xf2, 0x0, 0x0, 0x0,
    0x3f, 0x40, 0x0, 0xf, 0x30, 0x0, 0x0, 0x0,
    0x20, 0xef, 0xff, 0xff, 0xff, 0xf1, 0xc, 0x30,
    0xe, 0x30, 0xf, 0x20, 0xf, 0x10, 0x6f, 0x50,
    0xe3, 0x0, 0xf2, 0x0, 0xf1, 0x0, 0x56, 0xe,
    0x30, 0xf, 0x20, 0xf, 0x10, 0x0, 0x0, 0xef,
    0xee, 0xfe, 0xee, 0xf1, 0x0, 0x9, 0x1e, 0x40,
    0xf, 0x20, 0xf, 0x10, 0x2, 0xf1, 0xe3, 0x0,
    0xf2, 0x0, 0xf1, 0x0, 0x9a, 0xe, 0x30, 0xf,
    0x20, 0xf, 0x10, 0x2f, 0x40, 0xe4, 0x0, 0xf2,
    0x0, 0xf1, 0xb, 0xb0, 0xe, 0xff, 0xff, 0xff,
    0xff, 0x10, 0xb2, 0x0, 0xe3, 0x0, 0x0, 0x0,
    0xf1, 0x0, 0x0, 0x0, 0x0, 0x0, 0x0, 0x0,
    0x0,

    /* U+6CBF "沿" */
    0x0, 0x0, 0x0, 0x0, 0x0, 0x0, 0x0, 0x0,
    0x2f, 0x60, 0x0, 0xff, 0xff, 0xf4, 0x0, 0x0,
    0x7f, 0x60, 0xf, 0x20, 0xe, 0x40, 0x0, 0x0,
    0x63, 0x0, 0xf1, 0x0, 0xe4, 0x0, 0x2, 0x0,
    0x0, 0x2f, 0x0, 0xe, 0x40, 0x0, 0xbd, 0x20,
    0xb, 0xb0, 0x0, 0xe8, 0x53, 0x0, 0xbe, 0x2d,
    0xd1, 0x0, 0x6, 0xcc, 0x70, 0x0, 0x70, 0x30,
    0x0, 0x0, 0x0, 0x0, 0x0, 0x0, 0x0, 0xef,
    0xff, 0xff, 0xf8, 0x0, 0x0, 0x92, 0xe, 0x30,
    0x0, 0x9, 0x80, 0x0, 0x2f, 0x20, 0xe3, 0x0,
    0x0, 0x98, 0x0, 0xa, 0xa0, 0xe, 0x30, 0x0,
    0x9, 0x80, 0x4, 0xf3, 0x0, 0xe3, 0x0, 0x0,
    0x98, 0x0, 0xd9, 0x0, 0xe, 0xff, 0xff, 0xff,
    0x80, 0x8, 0x10, 0x0, 0xe3, 0x0, 0x0, 0x98,
    0x0,

    /* U+6CD5 "法" */
    0x0, 0x50, 0x0, 0x0, 0xe, 0x40, 0x0, 0x0,
    0x1, 0xeb, 0x0, 0x0, 0xe, 0x40, 0x0, 0x0,
    0x0, 0x2e, 0x91, 0x22, 0x2e, 0x52, 0x22, 0x0,
    0x0, 0x2, 0x27, 0xee, 0xef, 0xee, 0xee, 0x10,
    0x4, 0x50, 0x0, 0x0, 0xe, 0x40, 0x0, 0x0,
    0x5, 0xf8, 0x0, 0x0, 0xe, 0x40, 0x0, 0x0,
    0x0, 0x3e, 0x33, 0x33, 0x3f, 0x63, 0x33, 0x30,
    0x0, 0x0, 0x5c, 0xcc, 0xee, 0xcc, 0xcc, 0xc0,
    0x0, 0x3, 0x0, 0x0, 0xd5, 0x0, 0x0, 0x0,
    0x0, 0xd, 0x50, 0x5, 0xe0, 0xc, 0x30, 0x0,
    0x0, 0x5e, 0x0, 0xd, 0x60, 0x6, 0xe1, 0x0,
    0x0, 0xe7, 0x0, 0x8c, 0x0, 0x0, 0xbb, 0x0,
    0x9, 0xe0, 0x7, 0xfb, 0xac, 0xdf, 0xdf, 0x50,
    0xc, 0x50, 0x7, 0xa8, 0x64, 0x20, 0x6, 0xa0,
    0x0, 0x0, 0x0, 0x0, 0x0, 0x0, 0x0, 0x0,

    /* U+6CE2 "波" */
    0x3, 0x0, 0x0, 0x0, 0x2e, 0x0, 0x0, 0x2,
    0xe9, 0x0, 0x0, 0x2, 0xe0, 0x0, 0x0, 0x2,
    0xe6, 0x2f, 0xff, 0xff, 0xff, 0xfd, 0x10, 0x1,
    0x2, 0xe1, 0x13, 0xe1, 0x17, 0xd0, 0xa6, 0x0,
    0x2e, 0x0, 0x2e, 0x0, 0xd6, 0x4, 0xf9, 0x2,
    0xe0, 0x2, 0xe0, 0x2, 0x0, 0x3, 0xb0, 0x2f,
    0xff, 0xff, 0xff, 0xf2, 0x0, 0x0, 0x3, 0xe1,
    0xf2, 0x0, 0x5e, 0x0, 0x0, 0x42, 0x3d, 0x8,
    0xb0, 0xd, 0x70, 0x0, 0xc, 0x75, 0xc0, 0x1e,
    0x69, 0xd0, 0x0, 0x5, 0xe0, 0x98, 0x0, 0x3f,
    0xf2, 0x0, 0x0, 0xe8, 0xe, 0x50, 0x8, 0xef,
    0x90, 0x0, 0x9e, 0x7, 0xe0, 0x4c, 0xc2, 0x2c,
    0xe8, 0x17, 0x40, 0xa5, 0x7e, 0x70, 0x0, 0x6,
    0xc1, 0x0, 0x0, 0x0, 0x10, 0x0, 0x0, 0x0,
    0x0,

    /* U+6CE8 "注" */
    0x0, 0x0, 0x0, 0x12, 0x0, 0x0, 0x0, 0x0,
    0x80, 0x0, 0x7, 0xf8, 0x0, 0x0, 0x0, 0x1c,
    0xc1, 0x0, 0x4, 0xeb, 0x0, 0x0, 0x0, 0xc,
    0xa0, 0x0, 0x2, 0x60, 0x0, 0x0, 0x0, 0x1,
    0xdf, 0xff, 0xff, 0xff, 0xf9, 0x8, 0x70, 0x1,
    0x11, 0x1d, 0x61, 0x11, 0x0, 0x5f, 0x90, 0x0,
    0x0, 0xc6, 0x0, 0x0, 0x0, 0x4f, 0x20, 0x0,
    0xc, 0x60, 0x0, 0x0, 0x0, 0x10, 0x13, 0x33,
    0xd7, 0x33, 0x30, 0x0, 0x0, 0x85, 0xdd, 0xdf,
    0xed, 0xdd, 0x30, 0x0, 0x7d, 0x0, 0x0, 0xc6,
    0x0, 0x0, 0x0, 0x1f, 0x50, 0x0, 0xc, 0x60,
    0x0, 0x0, 0xa, 0xc0, 0x0, 0x0, 0xc6, 0x0,
    0x0, 0x5, 0xf3, 0x2, 0x22, 0x2d, 0x72, 0x22,
    0x20, 0x88, 0x5, 0xee, 0xee, 0xee, 0xee, 0xee,
    0x0, 0x0, 0x0, 0x0, 0x0, 0x0, 0x0, 0x0,

    /* U+6D1B "洛" */
    0x0, 0x0, 0x0, 0x1, 0x0, 0x0, 0x0, 0x0,
    0x51, 0x0, 0x0, 0xe6, 0x0, 0x0, 0x0, 0xa,
    0xe3, 0x0, 0x5f, 0xff, 0xff, 0x80, 0x0, 0x9,
    0xc0, 0xd, 0x90, 0x1, 0xe2, 0x0, 0x0, 0x1,
    0xa, 0xbe, 0x50, 0xb8, 0x0, 0x6, 0xb1, 0x9,
    0xc0, 0x3e, 0xbb, 0x0, 0x0, 0x1c, 0xd1, 0x21,
    0x1, 0xcf, 0xb1, 0x0, 0x0, 0xa, 0x20, 0x6,
    0xf9, 0x1a, 0xf7, 0x10, 0x0, 0x0, 0x7e, 0xd4,
    0x0, 0x4, 0xcf, 0x50, 0x4, 0x4a, 0x8f, 0xff,
    0xff, 0xfc, 0x40, 0x0, 0xd7, 0x3, 0xe0, 0x0,
    0x5, 0xd0, 0x0, 0x5e, 0x0, 0x3e, 0x0, 0x0,
    0x5d, 0x0, 0x1e, 0x70, 0x3, 0xe0, 0x0, 0x5,
    0xd0, 0xa, 0xd0, 0x0, 0x3f, 0xee, 0xee, 0xed,
    0x0, 0x34, 0x0, 0x3, 0xe1, 0x11, 0x16, 0xd0,
    0x0,

    /* U+6D32 "洲" */
    0x0, 0x0, 0x0, 0x0, 0x0, 0x0, 0x2, 0x0,
    0x5a, 0x0, 0xd, 0x40, 0x1, 0x0, 0xe3, 0x5,
    0xf9, 0x0, 0xd4, 0x3, 0xe0, 0xe, 0x30, 0x4,
    0xf2, 0xd, 0x40, 0x3e, 0x0, 0xe3, 0x0, 0x1,
    0x0, 0xd4, 0x3, 0xe0, 0xe, 0x30, 0xa4, 0x2,
    0x8d, 0x87, 0x3e, 0x91, 0xe3, 0x5, 0xf6, 0x4b,
    0xd7, 0xe3, 0xe8, 0x5e, 0x30, 0x4, 0xb7, 0x9d,
    0x4e, 0x5e, 0x59, 0xe3, 0x0, 0x0, 0xc5, 0xd4,
    0xc8, 0xe2, 0xce, 0x30, 0x0, 0x66, 0x1e, 0x35,
    0x6e, 0x3, 0xe3, 0x0, 0x3f, 0x10, 0xf2, 0x3,
    0xe0, 0xe, 0x30, 0xb, 0x80, 0x3f, 0x0, 0x3e,
    0x0, 0xe3, 0x5, 0xf1, 0x8, 0xb0, 0x3, 0xe0,
    0xe, 0x31, 0xe7, 0x2, 0xf4, 0x0, 0x3e, 0x0,
    0xe3, 0xa, 0x0, 0x99, 0x0, 0x1, 0x50, 0xe,
    0x30, 0x0, 0x0, 0x0, 0x0, 0x0, 0x0, 0x0,

    /* U+6D3B "活" */
    0x0, 0x0, 0x0, 0x0, 0x0, 0x0, 0x0, 0x0,
    0x0, 0xa2, 0x0, 0x0, 0x14, 0x7b, 0xfa, 0x0,
    0x0, 0x9f, 0x36, 0xdf, 0xff, 0xd7, 0x40, 0x0,
    0x0, 0x9, 0x81, 0x42, 0x9, 0x80, 0x0, 0x0,
    0x0, 0x0, 0x0, 0x0, 0x9, 0x80, 0x0, 0x0,
    0x9, 0xc1, 0x1d, 0xdd, 0xde, 0xed, 0xdd, 0xd0,
    0x1, 0xcd, 0x13, 0x33, 0x3a, 0xa3, 0x33, 0x30,
    0x0, 0x9, 0x0, 0x0, 0x9, 0x80, 0x0, 0x0,
    0x0, 0x0, 0x0, 0x0, 0x9, 0x90, 0x0, 0x0,
    0x0, 0x5, 0x10, 0xdf, 0xff, 0xff, 0xfe, 0x0,
    0x0, 0xe, 0x50, 0xd4, 0x0, 0x0, 0x4e, 0x0,
    0x0, 0x8d, 0x0, 0xd4, 0x0, 0x0, 0x4e, 0x0,
    0x3, 0xf5, 0x0, 0xd4, 0x0, 0x0, 0x4e, 0x0,
    0xd, 0xb0, 0x0, 0xdf, 0xff, 0xff, 0xfe, 0x0,
    0x6, 0x20, 0x0, 0xd5, 0x0, 0x0, 0x4e, 0x0,

    /* U+6D41 "流" */
    0x0, 0x0, 0x0, 0x0, 0x0, 0x0, 0x0, 0x0,
    0x0, 0x61, 0x0, 0x0, 0x8b, 0x0, 0x0, 0x0,
    0x0, 0xbe, 0x20, 0x0, 0x1b, 0x90, 0x0, 0x0,
    0x0, 0xa, 0xba, 0xff, 0xff, 0xff, 0xff, 0xe0,
    0x0, 0x0, 0x10, 0x1, 0xe4, 0x6, 0x0, 0x0,
    0x5, 0x90, 0x0, 0xa, 0x90, 0xb, 0xa0, 0x0,
    0x2, 0xdb, 0x0, 0x9d, 0x34, 0x57, 0xf9, 0x0,
    0x0, 0x1d, 0x32, 0xed, 0xcb, 0xa8, 0x6e, 0x40,
    0x0, 0x0, 0x0, 0x34, 0x2, 0x2, 0x52, 0x0,
    0x0, 0x3, 0x10, 0x89, 0xf, 0x16, 0xb0, 0x0,
    0x0, 0xc, 0x70, 0x89, 0xf, 0x16, 0xb0, 0x0,
    0x0, 0x4f, 0x10, 0xa7, 0xf, 0x16, 0xb0, 0x10,
    0x0, 0xd8, 0x0, 0xe4, 0xf, 0x16, 0xb0, 0xd3,
    0x9, 0xe0, 0x8, 0xd0, 0xf, 0x15, 0xc3, 0xf2,
    0xb, 0x50, 0x7f, 0x30, 0xa, 0x3, 0xef, 0xc0,
    0x0, 0x0, 0x12, 0x0, 0x0, 0x0, 0x0, 0x0,

    /* U+6D4B "测" */
    0x0, 0x0, 0x0, 0x0, 0x0, 0x0, 0x0, 0x0,
    0x2d, 0x41, 0xff, 0xff, 0xf0, 0x0, 0x2e, 0x0,
    0x5f, 0x5e, 0x0, 0xe, 0x0, 0x2, 0xe0, 0x0,
    0x31, 0xe0, 0xd1, 0xe0, 0xe3, 0x2e, 0x7, 0x20,
    0x1e, 0xe, 0x2e, 0xe, 0x32, 0xe0, 0x8f, 0x41,
    0xe0, 0xe2, 0xe0, 0xe3, 0x2e, 0x0, 0x7b, 0x1e,
    0xe, 0x1e, 0xe, 0x32, 0xe0, 0x0, 0x1, 0xe0,
    0xf1, 0xe0, 0xe3, 0x2e, 0x0, 0x3, 0x1e, 0xf,
    0xe, 0xe, 0x32, 0xe0, 0x0, 0xe4, 0xe1, 0xf0,
    0xe0, 0xe3, 0x2e, 0x0, 0x4e, 0x7, 0x4c, 0x7,
    0xe, 0x32, 0xe0, 0xa, 0x80, 0x9, 0x81, 0x0,
    0xb2, 0x2e, 0x2, 0xf3, 0x2, 0xf2, 0xc6, 0x0,
    0x2, 0xe0, 0x9c, 0x2, 0xd6, 0x3, 0xf2, 0x32,
    0x5e, 0x8, 0x50, 0xa7, 0x0, 0x5, 0xb, 0xff,
    0x90, 0x0, 0x0, 0x0, 0x0, 0x0, 0x0, 0x0,

    /* U+6D88 "消" */
    0x0, 0x20, 0x0, 0x10, 0x4, 0xe0, 0x4, 0x0,
    0xe, 0xa0, 0x1f, 0x40, 0x4e, 0x2, 0xf2, 0x0,
    0x1c, 0xc0, 0x7d, 0x4, 0xe0, 0xa9, 0x0, 0x0,
    0x14, 0x0, 0xd3, 0x4e, 0xc, 0x10, 0x8, 0x90,
    0x0, 0xbc, 0xcd, 0xfc, 0xcc, 0x20, 0x3e, 0xa0,
    0xf, 0x63, 0x33, 0x33, 0xf3, 0x0, 0x2e, 0x40,
    0xf3, 0x0, 0x0, 0xe, 0x30, 0x0, 0x10, 0xf,
    0xff, 0xff, 0xff, 0xf3, 0x0, 0x1, 0x90, 0xf3,
    0x0, 0x0, 0xe, 0x30, 0x0, 0x9b, 0xf, 0xdc,
    0xcc, 0xcc, 0xf3, 0x0, 0x3f, 0x20, 0xf5, 0x33,
    0x33, 0x3e, 0x30, 0x1e, 0x80, 0xf, 0x30, 0x0,
    0x0, 0xe3, 0xc, 0xd0, 0x0, 0xf3, 0x0, 0x5,
    0x5f, 0x30, 0x72, 0x0, 0xf, 0x30, 0x0, 0xcd,
    0xb0,

    /* U+6DF7 "混" */
    0x0, 0x0, 0x0, 0x0, 0x0, 0x0, 0x0, 0x0,
    0x7b, 0x0, 0xaf, 0xff, 0xff, 0xff, 0x30, 0x1,
    0xdb, 0xa, 0x70, 0x0, 0x0, 0xe3, 0x0, 0x1,
    0xd1, 0xa7, 0x0, 0x0, 0xe, 0x30, 0x0, 0x0,
    0xa, 0xfe, 0xee, 0xee, 0xf3, 0x0, 0xb7, 0x0,
    0xa7, 0x0, 0x0, 0xe, 0x30, 0x2, 0xda, 0xa,
    0xed, 0xdd, 0xdd, 0xf3, 0x0, 0x1, 0x70, 0x12,
    0x22, 0x22, 0x22, 0x0, 0x0, 0x0, 0xd, 0x20,
    0x2, 0xd0, 0x0, 0x0, 0x0, 0x40, 0xe3, 0x11,
    0x2e, 0x7, 0xd1, 0x0, 0x2f, 0x1e, 0xee, 0xe6,
    0xfe, 0xa3, 0x0, 0xa, 0xa0, 0xe2, 0x0, 0x2e,
    0x0, 0x11, 0x4, 0xf2, 0xe, 0x20, 0x13, 0xe0,
    0x6, 0xb0, 0xd9, 0x0, 0xe9, 0xbe, 0x5f, 0x43,
    0xa9, 0x1c, 0x10, 0x2f, 0xa5, 0x0, 0xad, 0xdc,
    0x30, 0x0, 0x0, 0x0, 0x0, 0x0, 0x0, 0x0,

    /* U+6DFB "添" */
    0x0, 0x20, 0x0, 0x0, 0x0, 0x0, 0x0, 0x0,
    0x6, 0xe3, 0xc, 0xff, 0xff, 0xff, 0xfa, 0x0,
    0x0, 0x9e, 0x20, 0x0, 0xd4, 0x0, 0x0, 0x0,
    0x0, 0x8, 0x10, 0x1, 0xf0, 0x0, 0x0, 0x0,
    0x0, 0x0, 0x0, 0x6, 0xc0, 0x0, 0x0, 0x0,
    0x9, 0x40, 0xff, 0xff, 0xff, 0xff, 0xff, 0xd0,
    0x6, 0xf6, 0x0, 0x8c, 0x0, 0x7d, 0x10, 0x0,
    0x0, 0x5a, 0x5, 0xe3, 0x20, 0x9, 0xd3, 0x0,
    0x0, 0x0, 0x8f, 0x34, 0xd0, 0x0, 0x6f, 0xa0,
    0x0, 0x3, 0xa3, 0x4, 0xd0, 0x10, 0x42, 0x60,
    0x0, 0x4d, 0x8, 0x94, 0xd5, 0xd2, 0xe5, 0x0,
    0x0, 0xb8, 0xe, 0x34, 0xd0, 0xe5, 0x5f, 0x10,
    0x2, 0xf2, 0x9c, 0x4, 0xd0, 0x9a, 0xc, 0xa0,
    0xb, 0xa0, 0xa3, 0x26, 0xd0, 0x4b, 0x3, 0x60,
    0xa, 0x20, 0x0, 0xef, 0xa0, 0x0, 0x0, 0x0,
    0x0, 0x0, 0x0, 0x0, 0x0, 0x0, 0x0, 0x0,

    /* U+6E05 "清" */
    0x0, 0x30, 0x0, 0x0, 0xd, 0x40, 0x0, 0x0,
    0x3, 0xf8, 0x7, 0x88, 0x8e, 0xa8, 0x88, 0x40,
    0x0, 0x2e, 0x53, 0x44, 0x4e, 0x74, 0x44, 0x20,
    0x0, 0x1, 0x4, 0xdd, 0xdf, 0xed, 0xdd, 0x0,
    0x8, 0x80, 0x0, 0x0, 0xd, 0x40, 0x0, 0x0,
    0x3, 0xea, 0x5e, 0xee, 0xee, 0xee, 0xee, 0xe0,
    0x0, 0x2c, 0x10, 0x0, 0x0, 0x0, 0x0, 0x0,
    0x0, 0x0, 0x0, 0xde, 0xee, 0xee, 0xf8, 0x0,
    0x0, 0x4, 0x0, 0xd6, 0x44, 0x44, 0xa8, 0x0,
    0x0, 0xe, 0x40, 0xd9, 0x77, 0x77, 0xc8, 0x0,
    0x0, 0x8c, 0x0, 0xdb, 0xaa, 0xaa, 0xd8, 0x0,
    0x3, 0xf4, 0x0, 0xd6, 0x33, 0x33, 0xa8, 0x0,
    0xd, 0xb0, 0x0, 0xd3, 0x0, 0x54, 0xb8, 0x0,
    0x7, 0x20, 0x0, 0xd3, 0x0, 0xbc, 0xc3, 0x0,

    /* U+6E10 "渐" */
    0x0, 0x0, 0x0, 0x11, 0x0, 0x0, 0x0, 0x0,
    0x2, 0x60, 0x0, 0x88, 0x0, 0x1, 0x49, 0x90,
    0x3, 0xf8, 0x0, 0xc5, 0x0, 0x7f, 0xc8, 0x40,
    0x0, 0x3d, 0x7f, 0xff, 0xfe, 0x87, 0x0, 0x0,
    0x0, 0x0, 0x4, 0xc1, 0x0, 0x87, 0x0, 0x0,
    0xd, 0x70, 0xa, 0x7b, 0x50, 0x8a, 0x66, 0x62,
    0x3, 0xe7, 0x1f, 0x1b, 0x50, 0x8c, 0x9f, 0xa4,
    0x0, 0x33, 0x7f, 0xce, 0xda, 0x87, 0xe, 0x10,
    0x0, 0x0, 0x2, 0x2c, 0x62, 0x87, 0xe, 0x10,
    0x0, 0x1b, 0x0, 0xb, 0x52, 0x86, 0xe, 0x10,
    0x0, 0x6c, 0x25, 0x8e, 0xfb, 0xa5, 0xe, 0x10,
    0x0, 0xc7, 0xbd, 0x9d, 0x50, 0xd3, 0xe, 0x10,
    0x3, 0xf1, 0x0, 0xb, 0x50, 0xf0, 0xe, 0x10,
    0xa, 0xb0, 0x0, 0xb, 0x56, 0xb0, 0xe, 0x10,
    0x7, 0x30, 0x0, 0xb, 0x59, 0x40, 0xd, 0x10,
    0x0, 0x0, 0x0, 0x0, 0x0, 0x0, 0x0, 0x0,

    /* U+6E29 "温" */
    0x0, 0x0, 0x0, 0x0, 0x0, 0x0, 0x0, 0x0,
    0x0, 0xe4, 0x0, 0xff, 0xff, 0xff, 0xf5, 0x0,
    0x0, 0x7f, 0x30, 0xf1, 0x0, 0x0, 0xb5, 0x0,
    0x0, 0x8, 0x90, 0xf1, 0x0, 0x0, 0xb5, 0x0,
    0x0, 0x0, 0x0, 0xfe, 0xee, 0xee, 0xf5, 0x0,
    0x7, 0x90, 0x0, 0xf1, 0x0, 0x0, 0xb5, 0x0,
    0x1, 0xbd, 0x10, 0xfd, 0xdd, 0xdd, 0xf5, 0x0,
    0x0, 0x8, 0x0, 0x11, 0x11, 0x11, 0x10, 0x0,
    0x0, 0x0, 0x1, 0x11, 0x11, 0x11, 0x11, 0x0,
    0x0, 0x3, 0xa, 0xed, 0xfd, 0xee, 0xdf, 0x10,
    0x0, 0xd, 0x5a, 0x61, 0xe0, 0x97, 0xf, 0x10,
    0x0, 0x6e, 0xa, 0x61, 0xe0, 0x97, 0xf, 0x10,
    0x1, 0xe6, 0xa, 0x61, 0xe0, 0x97, 0xf, 0x10,
    0xa, 0xd0, 0x3b, 0x84, 0xf4, 0xa9, 0x4f, 0x40,
    0xb, 0x30, 0xbc, 0xcc, 0xcc, 0xcc, 0xcc, 0xc2,
    0x0, 0x0, 0x0, 0x0, 0x0, 0x0, 0x0, 0x0,

    /* U+6E38 "游" */
    0x0, 0x0, 0x1, 0x20, 0x0, 0x34, 0x0, 0x0,
    0x6, 0x90, 0x6, 0xe1, 0x0, 0x98, 0x0, 0x0,
    0x2, 0xea, 0x0, 0xc9, 0x0, 0xd5, 0x11, 0x10,
    0x0, 0x2a, 0xbb, 0xdc, 0xb6, 0xff, 0xff, 0xf1,
    0x0, 0x0, 0x4b, 0x94, 0x4a, 0x80, 0x0, 0x0,
    0x1d, 0x20, 0x9, 0x60, 0x1e, 0x43, 0x33, 0x0,
    0xa, 0xe2, 0x9, 0x60, 0x26, 0xcf, 0xff, 0x90,
    0x0, 0xa4, 0xa, 0xff, 0xc0, 0x0, 0x3d, 0x10,
    0x0, 0x0, 0xb, 0x53, 0xc0, 0x0, 0xe3, 0x0,
    0x0, 0x38, 0xc, 0x34, 0xb8, 0xcc, 0xfc, 0xc2,
    0x0, 0x99, 0xf, 0x14, 0xb2, 0x33, 0xf4, 0x30,
    0x0, 0xe4, 0x3e, 0x5, 0xa0, 0x0, 0xf1, 0x0,
    0x6, 0xe0, 0x99, 0x7, 0x90, 0x0, 0xf1, 0x0,
    0xd, 0x81, 0xf5, 0x3b, 0x60, 0x22, 0xf0, 0x0,
    0xb, 0x16, 0xa3, 0xdc, 0x20, 0xcf, 0xd0, 0x0,
    0x0, 0x0, 0x0, 0x0, 0x0, 0x0, 0x0, 0x0,

    /* U+6E7E "湾" */
    0x0, 0x0, 0x0, 0x0, 0x38, 0x0, 0x0, 0x0,
    0x4, 0xa0, 0x0, 0x0, 0xd, 0x60, 0x0, 0x0,
    0x1, 0xcb, 0x3d, 0xdd, 0xde, 0xed, 0xdd, 0xd2,
    0x0, 0x1c, 0x21, 0x44, 0xd1, 0x7a, 0x32, 0x10,
    0x0, 0x0, 0x4, 0xd4, 0xc0, 0x69, 0x8c, 0x10,
    0xc, 0x70, 0x3e, 0x43, 0xc0, 0x69, 0x9, 0xc0,
    0x3, 0xe7, 0x25, 0x1, 0x50, 0x24, 0x0, 0x70,
    0x0, 0x38, 0xf, 0xff, 0xff, 0xff, 0xff, 0x0,
    0x0, 0x0, 0x0, 0x0, 0x0, 0x0, 0xf, 0x0,
    0x0, 0x9, 0x4, 0xee, 0xee, 0xee, 0xef, 0x0,
    0x0, 0x5e, 0x7, 0xa0, 0x0, 0x0, 0x0, 0x0,
    0x0, 0xb8, 0xb, 0xfe, 0xee, 0xee, 0xee, 0x90,
    0x3, 0xf2, 0x0, 0x0, 0x0, 0x0, 0x9, 0x80,
    0xb, 0xa0, 0x0, 0x0, 0x3, 0x21, 0x3e, 0x40,
    0x9, 0x20, 0x0, 0x0, 0xd, 0xff, 0xfa, 0x0,

    /* U+6E90 "源" */
    0x0, 0x0, 0x0, 0x0, 0x0, 0x0, 0x0, 0x0,
    0x8, 0xc1, 0x2f, 0xff, 0xff, 0xff, 0xff, 0xe0,
    0x0, 0xbc, 0x3f, 0x0, 0x6, 0xb0, 0x0, 0x0,
    0x0, 0x19, 0x3f, 0x0, 0x9, 0x80, 0x0, 0x0,
    0x0, 0x0, 0x2f, 0xe, 0xef, 0xfe, 0xee, 0x0,
    0x1d, 0x40, 0x2f, 0xf, 0x0, 0x0, 0x1f, 0x0,
    0x5, 0xf5, 0x2e, 0xf, 0xaa, 0xaa, 0xbf, 0x0,
    0x0, 0x53, 0x2e, 0xf, 0x33, 0x33, 0x4f, 0x0,
    0x0, 0x0, 0x3d, 0xf, 0x0, 0x0, 0x1f, 0x0,
    0x0, 0x24, 0x5c, 0xe, 0xee, 0xfe, 0xee, 0x0,
    0x0, 0x8a, 0x7a, 0x1, 0x0, 0xf1, 0x31, 0x0,
    0x0, 0xd4, 0xb7, 0xd, 0x50, 0xf1, 0xac, 0x0,
    0x5, 0xe1, 0xf2, 0x7d, 0x0, 0xf1, 0xd, 0x90,
    0xd, 0x88, 0xc3, 0xf3, 0x22, 0xf1, 0x3, 0xe1,
    0xa, 0x16, 0x40, 0x40, 0xcf, 0xd0, 0x0, 0x10,

    /* U+6ED1 "滑" */
    0x0, 0xb4, 0x0, 0x7f, 0xee, 0xee, 0xf2, 0x0,
    0x7, 0xf5, 0x7, 0xb0, 0x0, 0xf, 0x20, 0x0,
    0x7, 0x90, 0x7f, 0xdd, 0xa0, 0xf2, 0x0, 0x0,
    0x0, 0x7, 0xb0, 0x2d, 0xf, 0x20, 0x8, 0x60,
    0x1, 0x8b, 0x13, 0xd1, 0xf3, 0x10, 0x7f, 0x62,
    0xfd, 0xdd, 0xdd, 0xdd, 0xdd, 0x0, 0x6a, 0x2e,
    0x12, 0x22, 0x22, 0x24, 0xd0, 0x0, 0x1, 0x67,
    0xeb, 0xbb, 0xbf, 0x45, 0x0, 0x4, 0x10, 0x7d,
    0x77, 0x77, 0xf2, 0x0, 0x0, 0xe5, 0x7, 0xc4,
    0x44, 0x4f, 0x20, 0x0, 0x7d, 0x0, 0x7f, 0xdd,
    0xdd, 0xf2, 0x0, 0x2f, 0x50, 0x7, 0xa0, 0x0,
    0xe, 0x20, 0xc, 0xc0, 0x0, 0x7a, 0x0, 0x33,
    0xf2, 0x0, 0x72, 0x0, 0x7, 0xa0, 0x7, 0xdc,
    0x0,

    /* U+6EDA "滚" */
    0x0, 0x0, 0x0, 0x0, 0x10, 0x0, 0x0, 0x0,
    0x40, 0x0, 0x0, 0x6e, 0x10, 0x0, 0x0, 0x2e,
    0x80, 0x33, 0x33, 0xc8, 0x33, 0x32, 0x0, 0x2e,
    0x5c, 0xcc, 0xcc, 0xcc, 0xcc, 0xa0, 0x0, 0x20,
    0x1, 0xd4, 0x2, 0xe6, 0x0, 0x6, 0x20, 0x2,
    0xd9, 0x55, 0x3, 0xdb, 0x0, 0x7e, 0x33, 0xf7,
    0x1e, 0x57, 0x31, 0xcb, 0x0, 0x6c, 0x2, 0xa,
    0xa0, 0x4e, 0x30, 0x10, 0x0, 0x0, 0xa, 0xfa,
    0xaa, 0xee, 0x10, 0x0, 0x3, 0x0, 0x88, 0xcb,
    0x41, 0x83, 0x0, 0x0, 0xe3, 0x0, 0x7d, 0x2e,
    0x12, 0xe3, 0x0, 0x5d, 0x3, 0xcf, 0x20, 0x8c,
    0xe5, 0x0, 0xc, 0x7a, 0xe8, 0xf0, 0x0, 0xca,
    0x0, 0x5, 0xf1, 0x20, 0xf, 0x48, 0xa1, 0xdb,
    0x30, 0xa7, 0x0, 0x3, 0xfe, 0x82, 0x0, 0xae,
    0x10, 0x0, 0x0, 0x3, 0x0, 0x0, 0x0, 0x10,

    /* U+6EDE "滞" */
    0x6, 0x40, 0x0, 0xf0, 0x1f, 0x1, 0xf0, 0x0,
    0x7, 0xf4, 0x0, 0xf0, 0x1f, 0x1, 0xf0, 0x0,
    0x0, 0x7c, 0xde, 0xfe, 0xef, 0xee, 0xfe, 0xe1,
    0x0, 0x1, 0x0, 0xf0, 0x1f, 0x1, 0xf0, 0x0,
    0x1c, 0x20, 0x0, 0x70, 0x1e, 0x0, 0x60, 0x0,
    0xa, 0xe2, 0xaf, 0xff, 0xff, 0xff, 0xff, 0xc0,
    0x0, 0x91, 0xb5, 0x0, 0x1f, 0x0, 0x3, 0xd0,
    0x0, 0x0, 0x83, 0x0, 0x1f, 0x0, 0x2, 0x90,
    0x0, 0x33, 0x8, 0xfe, 0xef, 0xee, 0xfa, 0x0,
    0x0, 0x98, 0x8, 0x80, 0x1f, 0x0, 0x6a, 0x0,
    0x0, 0xe3, 0x8, 0x80, 0x1f, 0x0, 0x6a, 0x0,
    0x6, 0xe0, 0x8, 0x80, 0x1f, 0x2, 0x8a, 0x0,
    0xd, 0x70, 0x8, 0x80, 0x1f, 0x1d, 0xe6, 0x0,
    0x1d, 0x10, 0x1, 0x10, 0x1f, 0x0, 0x0, 0x0,
    0x0, 0x0, 0x0, 0x0, 0x0, 0x0, 0x0, 0x0,

    /* U+6EE1 "满" */
    0x0, 0x30, 0x0, 0x9, 0x80, 0xc, 0x50, 0x0,
    0x3, 0xf7, 0x2, 0x2a, 0x92, 0x2c, 0x72, 0x20,
    0x0, 0x3f, 0x5c, 0xce, 0xec, 0xcf, 0xdc, 0xc0,
    0x0, 0x2, 0x0, 0x9, 0x80, 0xc, 0x50, 0x0,
    0x9, 0x40, 0x1f, 0xff, 0xff, 0xff, 0xff, 0xe0,
    0x3, 0xe5, 0x0, 0x3, 0xc0, 0x1f, 0x0, 0x0,
    0x0, 0x4a, 0x0, 0x4, 0xc0, 0x2f, 0x0, 0x0,
    0x0, 0x0, 0xf, 0xff, 0xff, 0xff, 0xff, 0xb0,
    0x0, 0x4, 0xf, 0x27, 0xb0, 0x4d, 0x6, 0xb0,
    0x0, 0x1f, 0x2f, 0x2a, 0xe6, 0x7f, 0x56, 0xb0,
    0x0, 0x7c, 0xf, 0x3e, 0x3d, 0xc5, 0xd7, 0xb0,
    0x0, 0xe5, 0xf, 0xaa, 0x6, 0xd0, 0x68, 0xb0,
    0x8, 0xd0, 0xf, 0x61, 0x7, 0x32, 0x18, 0xa0,
    0x9, 0x50, 0xf, 0x20, 0x0, 0xa, 0xff, 0x60,
    0x0, 0x0, 0x1, 0x0, 0x0, 0x0, 0x0, 0x0,

    /* U+6EE4 "滤" */
    0x2, 0x40, 0x0, 0x0, 0xd, 0x20, 0x0, 0x0,
    0x3, 0xe8, 0x0, 0x0, 0xd, 0xee, 0xe9, 0x0,
    0x0, 0x2e, 0x20, 0x0, 0xd, 0x20, 0x0, 0x0,
    0x0, 0x1, 0x1f, 0xee, 0xef, 0xee, 0xee, 0xe0,
    0xb, 0x30, 0x1f, 0x0, 0xf, 0x0, 0x4, 0xd0,
    0x7, 0xf4, 0x1f, 0x7d, 0xdf, 0xdd, 0x82, 0x40,
    0x0, 0x69, 0x1f, 0x0, 0xe, 0x10, 0x1c, 0x10,
    0x0, 0x0, 0x1f, 0x0, 0x9, 0xdd, 0xda, 0x0,
    0x0, 0x17, 0x2e, 0x0, 0x2, 0x90, 0x0, 0x0,
    0x0, 0x6b, 0x3d, 0x13, 0x28, 0xb7, 0x43, 0x0,
    0x0, 0xc6, 0x6a, 0x6c, 0x3c, 0x24, 0x4e, 0x10,
    0x3, 0xf1, 0xb7, 0xb8, 0x3c, 0x0, 0x59, 0xa0,
    0xb, 0x92, 0xf3, 0xf3, 0x3d, 0x3, 0xc1, 0xd0,
    0xa, 0x23, 0x70, 0x50, 0x1e, 0xff, 0x70, 0x0,

    /* U+6FC0 "激" */
    0x0, 0x0, 0x0, 0x0, 0x0, 0x0, 0x0, 0x0,
    0x2, 0x20, 0x0, 0x98, 0x0, 0xc, 0x20, 0x0,
    0x7, 0xf4, 0x25, 0xd8, 0x52, 0xf, 0x10, 0x0,
    0x0, 0x7f, 0x7d, 0x88, 0xc8, 0x3e, 0x33, 0x30,
    0x0, 0x3, 0x6c, 0x66, 0xb8, 0x7e, 0xcf, 0xd2,
    0x1a, 0x20, 0x6b, 0x44, 0xa8, 0xc7, 0xe, 0x10,
    0x6, 0xf4, 0x6f, 0xdd, 0xea, 0xfa, 0xf, 0x0,
    0x0, 0x64, 0x0, 0x79, 0x6, 0x9c, 0x1e, 0x0,
    0x0, 0x1, 0xdd, 0xef, 0xdd, 0x2c, 0x5b, 0x0,
    0x0, 0x38, 0x5, 0xb0, 0x0, 0x8, 0xd7, 0x0,
    0x0, 0x9a, 0x6, 0xfe, 0xe7, 0x2, 0xf3, 0x0,
    0x0, 0xe5, 0xa, 0x70, 0x97, 0x5, 0xf8, 0x0,
    0x4, 0xf0, 0x1f, 0x20, 0xa6, 0xe, 0x7f, 0x20,
    0xc, 0x90, 0xaa, 0x11, 0xd4, 0xbb, 0x8, 0xe1,
    0xd, 0x24, 0xd1, 0x9f, 0xd7, 0xd1, 0x0, 0xb2,
    0x0, 0x0, 0x0, 0x0, 0x0, 0x10, 0x0, 0x0,

    /* U+706B "火" */
    0x0, 0x0, 0x0, 0xe, 0x50, 0x0, 0x0, 0x0,
    0x0, 0x0, 0x0, 0xe5, 0x0, 0x0, 0x0, 0x0,
    0x0, 0x0, 0xe, 0x50, 0x0, 0x33, 0x0, 0x0,
    0x89, 0x0, 0xe6, 0x0, 0xc, 0xc0, 0x0, 0xd,
    0x70, 0xf, 0x70, 0x4, 0xf3, 0x0, 0x3, 0xf2,
    0x1, 0xfa, 0x0, 0xda, 0x0, 0x0, 0xbc, 0x0,
    0x4e, 0xe0, 0x7e, 0x10, 0x0, 0x1e, 0x40, 0x8,
    0x9c, 0x52, 0x30, 0x0, 0x0, 0x0, 0x0, 0xe4,
    0x5d, 0x0, 0x0, 0x0, 0x0, 0x0, 0x6d, 0x0,
    0xca, 0x0, 0x0, 0x0, 0x0, 0x3f, 0x50, 0x2,
    0xea, 0x0, 0x0, 0x0, 0x5f, 0x80, 0x0, 0x2,
    0xed, 0x30, 0x6, 0xdf, 0x60, 0x0, 0x0, 0x1,
    0xbf, 0x60, 0x68, 0x10, 0x0, 0x0, 0x0, 0x0,
    0x40,

    /* U+706F "灯" */
    0x0, 0x3e, 0x0, 0x0, 0x0, 0x0, 0x0, 0x0,
    0x3, 0xe0, 0xb, 0xff, 0xff, 0xff, 0xf1, 0x0,
    0x3e, 0x2, 0x21, 0x11, 0xf4, 0x11, 0x2, 0xd3,
    0xe0, 0xc6, 0x0, 0xf, 0x30, 0x0, 0x4d, 0x3e,
    0x2f, 0x0, 0x0, 0xf3, 0x0, 0x6, 0xb3, 0xea,
    0x80, 0x0, 0xf, 0x30, 0x0, 0xa8, 0x3e, 0x31,
    0x0, 0x0, 0xf3, 0x0, 0x5, 0x44, 0xd0, 0x0,
    0x0, 0xf, 0x30, 0x0, 0x0, 0x6c, 0x0, 0x0,
    0x0, 0xf3, 0x0, 0x0, 0x9, 0xf9, 0x0, 0x0,
    0xf, 0x30, 0x0, 0x0, 0xd6, 0xe9, 0x0, 0x0,
    0xf3, 0x0, 0x0, 0x5f, 0x2, 0xf7, 0x0, 0xf,
    0x30, 0x0, 0x1e, 0x70, 0x5, 0x52, 0x44, 0xf3,
    0x0, 0x8, 0xc0, 0x0, 0x0, 0x5e, 0xfe, 0x10,
    0x0, 0x1, 0x0, 0x0, 0x0, 0x0, 0x0, 0x0,
    0x0,

    /* U+7075 "灵" */
    0x0, 0x5f, 0xff, 0xff, 0xff, 0xff, 0xe0, 0x0,
    0x0, 0x0, 0x0, 0x0, 0x0, 0x4e, 0x0, 0x0,
    0x0, 0x0, 0x0, 0x0, 0x4, 0xe0, 0x0, 0x0,
    0xde, 0xee, 0xee, 0xee, 0xfe, 0x0, 0x0, 0x0,
    0x0, 0x0, 0x0, 0x4, 0xe0, 0x0, 0x5, 0xff,
    0xff, 0xff, 0xff, 0xfe, 0x0, 0x0, 0x0, 0x0,
    0xc, 0x50, 0x0, 0x20, 0x0, 0x0, 0x1c, 0x0,
    0xc5, 0x0, 0x3f, 0x10, 0x0, 0x8, 0xa0, 0xe,
    0x90, 0xc, 0x60, 0x0, 0x3, 0xf2, 0x2, 0xfd,
    0x26, 0xb0, 0x0, 0x0, 0x36, 0x0, 0xb9, 0x5d,
    0x20, 0x0, 0x0, 0x0, 0x1, 0xad, 0x10, 0x7f,
    0x70, 0x0, 0x1, 0x49, 0xfb, 0x10, 0x0, 0x3c,
    0xfa, 0x50, 0xbd, 0x93, 0x0, 0x0, 0x0, 0x3,
    0x94, 0x0, 0x0, 0x0, 0x0, 0x0, 0x0, 0x0,
    0x0,

    /* U+70B9 "点" */
    0x0, 0x0, 0x0, 0xe4, 0x0, 0x0, 0x0, 0x0,
    0x0, 0x0, 0xe4, 0x0, 0x0, 0x0, 0x0, 0x0,
    0x0, 0xef, 0xff, 0xff, 0xf4, 0x0, 0x0, 0x0,
    0xe5, 0x22, 0x22, 0x20, 0x0, 0x0, 0x0, 0xe5,
    0x0, 0x0, 0x0, 0x2, 0xff, 0xff, 0xff, 0xff,
    0xff, 0x20, 0x2, 0xe0, 0x0, 0x0, 0x0, 0xe,
    0x20, 0x2, 0xe0, 0x0, 0x0, 0x0, 0xe, 0x20,
    0x2, 0xe2, 0x22, 0x22, 0x22, 0x2e, 0x20, 0x2,
    0xee, 0xee, 0xee, 0xee, 0xee, 0x20, 0x0, 0x50,
    0x1, 0x2, 0x40, 0x28, 0x0, 0x4, 0xf0, 0x6c,
    0x4, 0xe0, 0xd, 0x90, 0xd, 0x80, 0x3f, 0x10,
    0xd6, 0x2, 0xf5, 0x8d, 0x0, 0xf, 0x40, 0x88,
    0x0, 0x8a, 0x2, 0x0, 0x3, 0x0, 0x0, 0x0,
    0x0,

    /* U+7126 "焦" */
    0x0, 0x0, 0x10, 0x0, 0x10, 0x0, 0x0, 0x0,
    0x0, 0x1, 0xf2, 0x5, 0xe1, 0x0, 0x0, 0x0,
    0x0, 0x7, 0xc0, 0x0, 0xba, 0x0, 0x0, 0x0,
    0x0, 0x2f, 0xfe, 0xee, 0xff, 0xee, 0xee, 0x30,
    0x0, 0xcf, 0x30, 0x0, 0xe3, 0x0, 0x0, 0x0,
    0xb, 0xcf, 0xdd, 0xdd, 0xfd, 0xdd, 0xd6, 0x0,
    0xb, 0x1f, 0x41, 0x11, 0xe3, 0x11, 0x10, 0x0,
    0x0, 0xf, 0x53, 0x33, 0xf5, 0x33, 0x31, 0x0,
    0x0, 0xf, 0xcb, 0xbb, 0xfc, 0xbb, 0xb5, 0x0,
    0x0, 0xf, 0x30, 0x0, 0xe3, 0x0, 0x0, 0x0,
    0x0, 0xd, 0xee, 0xee, 0xee, 0xee, 0xee, 0x90,
    0x0, 0x2, 0x0, 0x10, 0x12, 0x0, 0x60, 0x0,
    0x0, 0x5e, 0x6, 0xb0, 0x6d, 0x0, 0xca, 0x0,
    0x1, 0xe7, 0x3, 0xf0, 0xf, 0x40, 0x1e, 0x70,
    0x8, 0xd0, 0x1, 0xf2, 0x9, 0x60, 0x6, 0xa0,
    0x0, 0x10, 0x0, 0x10, 0x0, 0x0, 0x0, 0x0,

    /* U+7136 "然" */
    0x0, 0x1, 0x0, 0x0, 0x0, 0x0, 0x0, 0x0,
    0x1, 0xf1, 0x0, 0x3, 0xe1, 0x90, 0x0, 0x0,
    0x6f, 0xff, 0xd0, 0x3e, 0xa, 0xa0, 0x0, 0xd,
    0x70, 0x4e, 0x3, 0xe0, 0x16, 0x0, 0x7, 0xdd,
    0x89, 0xfe, 0xef, 0xee, 0xea, 0x4, 0xf8, 0x1a,
    0xf3, 0x6, 0xf6, 0x0, 0x0, 0xc6, 0xd8, 0x8a,
    0x0, 0x99, 0xd0, 0x0, 0x0, 0x1, 0xdf, 0x20,
    0x1e, 0x1b, 0x70, 0x0, 0x0, 0x3e, 0x50, 0xb,
    0x80, 0x1e, 0x60, 0x0, 0x6f, 0x50, 0x1b, 0xc0,
    0x0, 0x3f, 0x90, 0x6d, 0x30, 0x8, 0xa1, 0x0,
    0x0, 0x36, 0x0, 0x6, 0x1, 0x50, 0x17, 0x0,
    0xa3, 0x0, 0x6, 0xe0, 0x2f, 0x0, 0xf4, 0x7,
    0xe1, 0x2, 0xe6, 0x0, 0xf4, 0xa, 0xa0, 0xb,
    0xb0, 0x5b, 0x0, 0xb, 0x50, 0x46, 0x0, 0x27,
    0x0, 0x0, 0x0, 0x0, 0x0, 0x0, 0x0, 0x0,

    /* U+7184 "熄" */
    0x0, 0x0, 0x0, 0x0, 0x0, 0x0, 0x0, 0x0,
    0x0, 0xf, 0x10, 0x0, 0x8, 0x80, 0x0, 0x0,
    0x0, 0xf, 0x10, 0x1e, 0xef, 0xee, 0xeb, 0x0,
    0x1, 0x1f, 0x18, 0x3e, 0x0, 0x0, 0x4d, 0x0,
    0xc, 0x4f, 0x4e, 0x2f, 0xdd, 0xdd, 0xdd, 0x0,
    0xd, 0x3f, 0xb8, 0x2e, 0x0, 0x0, 0x4d, 0x0,
    0xf, 0x1f, 0xd1, 0x2f, 0xdd, 0xdd, 0xdd, 0x0,
    0x3e, 0xf, 0x0, 0x2e, 0x0, 0x0, 0x4d, 0x0,
    0x2, 0x1f, 0x0, 0x2f, 0xcc, 0xcc, 0xdd, 0x0,
    0x0, 0x2f, 0x0, 0x1, 0x14, 0x61, 0x11, 0x0,
    0x0, 0x5f, 0xb0, 0x21, 0x55, 0xe1, 0x39, 0x0,
    0x0, 0x9a, 0xe7, 0xb5, 0xd3, 0x99, 0x1e, 0x50,
    0x0, 0xe5, 0x58, 0xf2, 0xd3, 0x10, 0x77, 0xd0,
    0x8, 0xd0, 0x6, 0xd0, 0xd5, 0x13, 0xf2, 0xd1,
    0xe, 0x40, 0x2, 0x50, 0x9f, 0xff, 0xb0, 0x0,
    0x1, 0x0, 0x0, 0x0, 0x0, 0x0, 0x0, 0x0,

    /* U+722C "爬" */
    0x0, 0x0, 0x0, 0x0, 0x0, 0x0, 0x0, 0x0,
    0x0, 0x1, 0x47, 0xbf, 0x40, 0x0, 0x0, 0x0,
    0x1, 0xfe, 0xf9, 0xe4, 0x1e, 0xee, 0xee, 0x30,
    0x1, 0xe0, 0xe2, 0xd3, 0x1e, 0xe, 0xc, 0x30,
    0x1, 0xe0, 0xe2, 0xd3, 0x1e, 0xe, 0xc, 0x30,
    0x1, 0xe0, 0xe2, 0xd4, 0x1e, 0xe, 0xc, 0x30,
    0x1, 0xe0, 0xe2, 0xc5, 0x1f, 0xdf, 0xdf, 0x30,
    0x1, 0xe0, 0xe2, 0xb6, 0x1e, 0x11, 0x11, 0x0,
    0x2, 0xe0, 0xe2, 0x97, 0x1e, 0x0, 0x0, 0x20,
    0x2, 0xe0, 0xe2, 0x6a, 0x1e, 0x0, 0x2, 0xe0,
    0x3, 0xd0, 0xe2, 0x2e, 0x1f, 0x21, 0x17, 0xc0,
    0x4, 0xc0, 0xe2, 0xd, 0x5a, 0xef, 0xfd, 0x50,
    0x7, 0xa0, 0xe2, 0x5, 0xe2, 0x0, 0x0, 0x0,
    0xb, 0x60, 0xe2, 0x0, 0x7f, 0xa6, 0x43, 0x30,
    0x1f, 0x10, 0xe2, 0x0, 0x2, 0x8c, 0xef, 0xd0,
    0x2, 0x0, 0x0, 0x0, 0x0, 0x0, 0x0, 0x0,

    /* U+7247 "片" */
    0x0, 0x3e, 0x0, 0x0, 0x2f, 0x0, 0x0, 0x0,
    0x3e, 0x0, 0x0, 0x2f, 0x0, 0x0, 0x0, 0x3e,
    0x0, 0x0, 0x2f, 0x0, 0x0, 0x0, 0x3e, 0x0,
    0x0, 0x2f, 0x0, 0x0, 0x0, 0x3f, 0xff, 0xff,
    0xff, 0xff, 0xfe, 0x0, 0x3e, 0x11, 0x11, 0x11,
    0x11, 0x11, 0x0, 0x3e, 0x0, 0x0, 0x0, 0x0,
    0x0, 0x0, 0x3f, 0xee, 0xee, 0xee, 0xc0, 0x0,
    0x0, 0x5e, 0x22, 0x22, 0x26, 0xe0, 0x0, 0x0,
    0x7c, 0x0, 0x0, 0x4, 0xe0, 0x0, 0x0, 0xc8,
    0x0, 0x0, 0x4, 0xe0, 0x0, 0x3, 0xf2, 0x0,
    0x0, 0x4, 0xe0, 0x0, 0x1d, 0x90, 0x0, 0x0,
    0x4, 0xe0, 0x0, 0x6d, 0x0, 0x0, 0x0, 0x4,
    0xe0, 0x0, 0x0, 0x0, 0x0, 0x0, 0x0, 0x0,
    0x0,

    /* U+7248 "版" */
    0x1, 0xf0, 0x4c, 0x0, 0x34, 0x68, 0xbe, 0x70,
    0x1, 0xf0, 0x4c, 0x3, 0xfd, 0xb9, 0x63, 0x0,
    0x1, 0xf0, 0x4c, 0x3, 0xe0, 0x0, 0x0, 0x0,
    0x1, 0xf0, 0x4c, 0x3, 0xe0, 0x0, 0x0, 0x0,
    0x1, 0xfb, 0xce, 0xa3, 0xe2, 0x22, 0x22, 0x0,
    0x1, 0xf6, 0x66, 0x63, 0xfe, 0xed, 0xdf, 0x40,
    0x1, 0xf0, 0x0, 0x3, 0xe6, 0x90, 0xf, 0x10,
    0x1, 0xfd, 0xdd, 0x13, 0xe1, 0xe0, 0x4c, 0x0,
    0x1, 0xf2, 0x2e, 0x15, 0xd0, 0xb4, 0x96, 0x0,
    0x3, 0xe0, 0xe, 0x16, 0xc0, 0x3c, 0xd0, 0x0,
    0x5, 0xc0, 0xe, 0x19, 0xa0, 0xd, 0xc0, 0x0,
    0x9, 0x90, 0xe, 0x1c, 0x60, 0x9c, 0xda, 0x0,
    0xd, 0x50, 0xe, 0x4f, 0x2a, 0xd1, 0x1d, 0xd2,
    0x1d, 0x0, 0xe, 0x59, 0x4c, 0x10, 0x1, 0x90,
    0x0, 0x0, 0x0, 0x0, 0x0, 0x0, 0x0, 0x0,

    /* U+7259 "牙" */
    0x0, 0x11, 0x11, 0x11, 0x11, 0x11, 0x0, 0x0,
    0x5f, 0xff, 0xff, 0xff, 0xff, 0xfd, 0x0, 0x0,
    0x2, 0x40, 0x0, 0x2f, 0x0, 0x0, 0x0, 0x0,
    0x99, 0x0, 0x2, 0xf0, 0x0, 0x0, 0x0, 0xd,
    0x60, 0x0, 0x2f, 0x0, 0x0, 0x0, 0x1, 0xf4,
    0x11, 0x13, 0xf2, 0x11, 0x10, 0x0, 0x5f, 0xff,
    0xff, 0xff, 0xff, 0xff, 0x20, 0x0, 0x0, 0x0,
    0xac, 0xf1, 0x0, 0x0, 0x0, 0x0, 0x0, 0xac,
    0x1f, 0x10, 0x0, 0x0, 0x0, 0x2, 0xdb, 0x1,
    0xf1, 0x0, 0x0, 0x0, 0x8, 0xf8, 0x0, 0x1f,
    0x10, 0x0, 0x0, 0x7e, 0xd3, 0x0, 0x1, 0xf1,
    0x0, 0x0, 0x3d, 0x60, 0x0, 0x34, 0x5f, 0x10,
    0x0, 0x0, 0x0, 0x0, 0x8, 0xff, 0xc0, 0x0,
    0x0,

    /* U+7279 "特" */
    0x0, 0x3, 0xe0, 0x0, 0x3, 0xd0, 0x0, 0x0,
    0x1, 0xa3, 0xe0, 0x0, 0x3, 0xd0, 0x0, 0x0,
    0x3, 0xd3, 0xe0, 0x4f, 0xff, 0xff, 0xff, 0x60,
    0x6, 0xfe, 0xfe, 0x60, 0x4, 0xd0, 0x0, 0x0,
    0xa, 0x84, 0xe2, 0x0, 0x3, 0xd0, 0x0, 0x0,
    0xe, 0x23, 0xe0, 0xef, 0xff, 0xff, 0xff, 0xf4,
    0x5, 0x3, 0xe0, 0x0, 0x0, 0x4, 0xd0, 0x0,
    0x0, 0x3, 0xfc, 0x60, 0x0, 0x4, 0xd0, 0x0,
    0x1, 0x7d, 0xf5, 0x6f, 0xff, 0xff, 0xff, 0xe0,
    0xc, 0xc8, 0xd0, 0x7, 0x60, 0x3, 0xe0, 0x0,
    0x0, 0x3, 0xd0, 0x2, 0xe4, 0x3, 0xe0, 0x0,
    0x0, 0x3, 0xd0, 0x0, 0x68, 0x3, 0xe0, 0x0,
    0x0, 0x3, 0xd0, 0x0, 0x2, 0x25, 0xe0, 0x0,
    0x0, 0x3, 0xd0, 0x0, 0x7, 0xff, 0x90, 0x0,

    /* U+72B6 "状" */
    0x0, 0x0, 0xf1, 0x0, 0xc, 0x41, 0x20, 0x0,
    0x0, 0xf, 0x10, 0x0, 0xd4, 0x6d, 0x0, 0x6,
    0x30, 0xf1, 0x0, 0xd, 0x40, 0xc8, 0x0, 0x8b,
    0xf, 0x10, 0x0, 0xd4, 0x2, 0x10, 0x1, 0xf1,
    0xf7, 0xee, 0xef, 0xfe, 0xee, 0xb0, 0xc, 0x6f,
    0x21, 0x11, 0xfa, 0x11, 0x11, 0x0, 0x20, 0xf1,
    0x0, 0x1f, 0xd0, 0x0, 0x0, 0x0, 0x1f, 0x10,
    0x4, 0xcc, 0x20, 0x0, 0x0, 0x6e, 0xf1, 0x0,
    0xa9, 0x7a, 0x0, 0x1, 0xdd, 0x3f, 0x10, 0xf,
    0x31, 0xe2, 0x0, 0x6, 0x0, 0xf1, 0x9, 0xc0,
    0x8, 0xd0, 0x0, 0x0, 0xf, 0x14, 0xf3, 0x0,
    0xd, 0xb0, 0x0, 0x0, 0xf6, 0xf7, 0x0, 0x0,
    0x2e, 0xb0, 0x0, 0xf, 0xa7, 0x0, 0x0, 0x0,
    0x24, 0x0, 0x0, 0x0, 0x0, 0x0, 0x0, 0x0,
    0x0,

    /* U+7387 "率" */
    0x0, 0x0, 0x0, 0x0, 0x0, 0x0, 0x0, 0x0,
    0x0, 0x0, 0x0, 0x1e, 0x30, 0x0, 0x0, 0x0,
    0x0, 0x11, 0x11, 0x17, 0xb1, 0x11, 0x11, 0x0,
    0x8, 0xee, 0xee, 0xef, 0xee, 0xee, 0xee, 0x90,
    0x0, 0x30, 0x0, 0x6c, 0x2, 0x10, 0x32, 0x0,
    0x0, 0xda, 0x3, 0xe3, 0x3e, 0x43, 0xe7, 0x0,
    0x0, 0x1c, 0x5a, 0xde, 0xf4, 0x2e, 0x50, 0x0,
    0x0, 0x1, 0x90, 0x4c, 0x38, 0x18, 0x30, 0x0,
    0x0, 0x5d, 0x89, 0xf8, 0x8c, 0xa5, 0xea, 0x10,
    0x6, 0xe4, 0xb, 0xce, 0xc6, 0xe2, 0x1b, 0x60,
    0x1, 0x21, 0x11, 0x1a, 0x91, 0x21, 0x11, 0x10,
    0x2f, 0xff, 0xff, 0xff, 0xff, 0xff, 0xff, 0xf3,
    0x0, 0x0, 0x0, 0xa, 0x80, 0x0, 0x0, 0x0,
    0x0, 0x0, 0x0, 0xa, 0x80, 0x0, 0x0, 0x0,
    0x0, 0x0, 0x0, 0xa, 0x80, 0x0, 0x0, 0x0,

    /* U+73AF "环" */
    0x0, 0x0, 0x0, 0x3, 0x33, 0x33, 0x33, 0x20,
    0xf, 0xff, 0xff, 0x7d, 0xdd, 0xef, 0xdd, 0xc0,
    0x1, 0x1f, 0x21, 0x0, 0x0, 0xb8, 0x0, 0x0,
    0x0, 0xf, 0x10, 0x0, 0x0, 0xf4, 0x0, 0x0,
    0x0, 0xf, 0x10, 0x0, 0x5, 0xf3, 0x0, 0x0,
    0x2, 0x3f, 0x42, 0x0, 0xc, 0xf3, 0x0, 0x0,
    0xa, 0xcf, 0xca, 0x0, 0x5e, 0xf9, 0xc0, 0x0,
    0x0, 0xf, 0x10, 0x0, 0xe6, 0xf3, 0xbc, 0x0,
    0x0, 0xf, 0x10, 0xa, 0xc0, 0xf3, 0xd, 0xb0,
    0x0, 0xf, 0x14, 0x7f, 0x20, 0xf3, 0x2, 0xf3,
    0x0, 0x4f, 0xeb, 0x45, 0x0, 0xf3, 0x0, 0x20,
    0x2f, 0xe8, 0x20, 0x0, 0x0, 0xf3, 0x0, 0x0,
    0x3, 0x0, 0x0, 0x0, 0x0, 0xf3, 0x0, 0x0,
    0x0, 0x0, 0x0, 0x0, 0x0, 0xf3, 0x0, 0x0,

    /* U+73B0 "现" */
    0x0, 0x0, 0x0, 0xf, 0xff, 0xff, 0xfe, 0x0,
    0xf, 0xff, 0xff, 0x4f, 0x20, 0x0, 0x3e, 0x0,
    0x0, 0xf, 0x10, 0xf, 0x20, 0x0, 0x3e, 0x0,
    0x0, 0xf, 0x10, 0xf, 0x21, 0xf0, 0x3e, 0x0,
    0x0, 0xf, 0x10, 0xf, 0x21, 0xf0, 0x3e, 0x0,
    0xa, 0xcf, 0xdb, 0xf, 0x22, 0xf0, 0x3e, 0x0,
    0x2, 0x3f, 0x42, 0xf, 0x23, 0xe0, 0x3e, 0x0,
    0x0, 0xf, 0x10, 0xe, 0x26, 0xc0, 0x3e, 0x0,
    0x0, 0xf, 0x10, 0x0, 0x8, 0xc4, 0x0, 0x0,
    0x0, 0xf, 0x59, 0x50, 0xd, 0xaa, 0x0, 0x0,
    0x4, 0x9f, 0xe9, 0x20, 0x6c, 0x7a, 0x0, 0x60,
    0x2e, 0x94, 0x0, 0x4, 0xf3, 0x7a, 0x0, 0xe2,
    0x0, 0x0, 0x0, 0x7f, 0x60, 0x6b, 0x14, 0xf0,
    0x0, 0x0, 0xd, 0xe4, 0x0, 0x4e, 0xff, 0x90,
    0x0, 0x0, 0x4, 0x0, 0x0, 0x0, 0x0, 0x0,

    /* U+73ED "班" */
    0x0, 0x0, 0x0, 0x0, 0xe3, 0x0, 0x0, 0x0,
    0xf, 0xff, 0xff, 0x10, 0xe7, 0xff, 0xff, 0xf1,
    0x0, 0xf, 0x20, 0x51, 0xe3, 0x3, 0xe0, 0x0,
    0x0, 0xf, 0x10, 0xb3, 0xe3, 0x3, 0xe0, 0x0,
    0x0, 0xf, 0x10, 0xc2, 0xe3, 0x3, 0xe0, 0x0,
    0x8, 0x9f, 0xa6, 0xd1, 0xe3, 0x3, 0xe0, 0x0,
    0x4, 0x5f, 0x64, 0xe0, 0xe4, 0xdd, 0xfd, 0xb0,
    0x0, 0xf, 0x12, 0xc0, 0xf2, 0x25, 0xe2, 0x20,
    0x0, 0xf, 0x10, 0x0, 0xf0, 0x3, 0xe0, 0x0,
    0x0, 0xf, 0x25, 0x13, 0xe0, 0x3, 0xe0, 0x0,
    0x1, 0x5f, 0xfb, 0x18, 0x90, 0x3, 0xe0, 0x0,
    0x2f, 0xc7, 0x10, 0x2f, 0x30, 0x3, 0xe0, 0x0,
    0x1, 0x0, 0x2, 0xe7, 0xa, 0xee, 0xfe, 0xe5,
    0x0, 0x0, 0x6, 0x70, 0x1, 0x11, 0x11, 0x10,

    /* U+7406 "理" */
    0x0, 0x0, 0x0, 0x5f, 0xff, 0xff, 0xff, 0x20,
    0x1f, 0xff, 0xfe, 0x5b, 0x1, 0xe0, 0xe, 0x20,
    0x0, 0x3d, 0x0, 0x5b, 0x1, 0xe0, 0xe, 0x20,
    0x0, 0x3d, 0x0, 0x5c, 0x23, 0xe2, 0x2e, 0x20,
    0x0, 0x3d, 0x0, 0x5f, 0xcc, 0xfc, 0xcf, 0x20,
    0x7, 0x9e, 0x84, 0x5b, 0x1, 0xe0, 0xe, 0x20,
    0x6, 0x9e, 0x74, 0x5b, 0x2, 0xe0, 0xe, 0x20,
    0x0, 0x3d, 0x0, 0x4e, 0xee, 0xfe, 0xee, 0x10,
    0x0, 0x3d, 0x0, 0x0, 0x2, 0xf0, 0x0, 0x0,
    0x0, 0x3d, 0x16, 0x23, 0x35, 0xf3, 0x33, 0x10,
    0x4, 0x9f, 0xe9, 0x7c, 0xcc, 0xfc, 0xcc, 0x50,
    0x1d, 0x94, 0x0, 0x0, 0x2, 0xf0, 0x0, 0x0,
    0x0, 0x0, 0x7, 0xbb, 0xbc, 0xfb, 0xbb, 0xb1,
    0x0, 0x0, 0x2, 0x44, 0x44, 0x44, 0x44, 0x40,

    /* U+745E "瑞" */
    0x16, 0x66, 0x63, 0x99, 0x1, 0xd0, 0xe, 0x20,
    0x2d, 0xef, 0xd6, 0x99, 0x1, 0xd0, 0xe, 0x20,
    0x0, 0x6a, 0x0, 0x99, 0x1, 0xd0, 0xe, 0x20,
    0x0, 0x6a, 0x0, 0x8f, 0xff, 0xff, 0xff, 0x20,
    0x0, 0x6a, 0x0, 0x0, 0x0, 0x0, 0x0, 0x0,
    0x3, 0x8b, 0x35, 0xbb, 0xbb, 0xbb, 0xbb, 0xb1,
    0xc, 0xde, 0xc4, 0x55, 0x5c, 0x95, 0x55, 0x50,
    0x0, 0x6a, 0x0, 0x12, 0x2e, 0x32, 0x22, 0x10,
    0x0, 0x6a, 0x0, 0xde, 0xdf, 0xdf, 0xde, 0x80,
    0x0, 0x6a, 0x0, 0xd4, 0x2d, 0xf, 0x8, 0x80,
    0x0, 0x8d, 0xd6, 0xd4, 0x2d, 0xf, 0x8, 0x80,
    0x2f, 0xb6, 0x10, 0xd4, 0x2d, 0xf, 0x8, 0x80,
    0x0, 0x0, 0x0, 0xd4, 0x2d, 0xf, 0x2a, 0x80,
    0x0, 0x0, 0x0, 0xd4, 0x2d, 0xf, 0x7d, 0x40,

    /* U+751F "生" */
    0x0, 0x0, 0x0, 0x7c, 0x0, 0x0, 0x0, 0x0,
    0x4d, 0x0, 0x7c, 0x0, 0x0, 0x0, 0x0, 0x99,
    0x0, 0x7c, 0x0, 0x0, 0x0, 0x0, 0xfd, 0xcc,
    0xef, 0xcc, 0xcc, 0xc0, 0x7, 0xc4, 0x44, 0x9d,
    0x44, 0x44, 0x40, 0x2f, 0x40, 0x0, 0x7c, 0x0,
    0x0, 0x0, 0x7b, 0x0, 0x0, 0x7c, 0x0, 0x0,
    0x0, 0x0, 0x11, 0x11, 0x7c, 0x11, 0x11, 0x0,
    0x0, 0xcf, 0xff, 0xff, 0xff, 0xff, 0x60, 0x0,
    0x0, 0x0, 0x7c, 0x0, 0x0, 0x0, 0x0, 0x0,
    0x0, 0x7c, 0x0, 0x0, 0x0, 0x0, 0x0, 0x0,
    0x7c, 0x0, 0x0, 0x0, 0x9d, 0xdd, 0xdd, 0xef,
    0xdd, 0xdd, 0xdc, 0x23, 0x33, 0x33, 0x33, 0x33,
    0x33, 0x33,

    /* U+7528 "用" */
    0x3, 0xff, 0xff, 0xff, 0xff, 0xff, 0xf1, 0x3,
    0xe0, 0x0, 0x3e, 0x0, 0x0, 0xf1, 0x3, 0xe0,
    0x0, 0x3e, 0x0, 0x0, 0xf1, 0x3, 0xe0, 0x0,
    0x3e, 0x0, 0x0, 0xf1, 0x3, 0xfe, 0xee, 0xef,
    0xee, 0xee, 0xf1, 0x3, 0xe1, 0x11, 0x3e, 0x11,
    0x11, 0xf1, 0x3, 0xe0, 0x0, 0x3e, 0x0, 0x0,
    0xf1, 0x3, 0xe0, 0x0, 0x3e, 0x0, 0x0, 0xf1,
    0x4, 0xff, 0xff, 0xff, 0xff, 0xff, 0xf1, 0x5,
    0xd0, 0x0, 0x3e, 0x0, 0x0, 0xf1, 0x8, 0xb0,
    0x0, 0x3e, 0x0, 0x0, 0xf1, 0xd, 0x70, 0x0,
    0x3e, 0x0, 0x0, 0xf1, 0x6f, 0x10, 0x0, 0x17,
    0x1, 0x33, 0xf1, 0x4, 0x0, 0x0, 0x0, 0x4,
    0xef, 0xc0,

    /* U+7535 "电" */
    0x0, 0x0, 0x0, 0xf3, 0x0, 0x0, 0x0, 0x0,
    0x0, 0x0, 0xf3, 0x0, 0x0, 0x0, 0xf, 0xff,
    0xff, 0xff, 0xff, 0xff, 0x30, 0xf, 0x31, 0x11,
    0xf4, 0x11, 0x1e, 0x40, 0xf, 0x20, 0x0, 0xf3,
    0x0, 0xe, 0x40, 0xf, 0x53, 0x33, 0xf6, 0x33,
    0x3f, 0x40, 0xf, 0xcc, 0xcc, 0xfc, 0xcc, 0xcf,
    0x40, 0xf, 0x20, 0x0, 0xf3, 0x0, 0xe, 0x40,
    0xf, 0x20, 0x0, 0xf3, 0x0, 0xe, 0x40, 0xf,
    0xff, 0xff, 0xff, 0xff, 0xff, 0x40, 0xf, 0x20,
    0x0, 0xf4, 0x0, 0x0, 0x17, 0x5, 0x0, 0x0,
    0xf3, 0x0, 0x0, 0x3e, 0x0, 0x0, 0x0, 0xf6,
    0x11, 0x1, 0x8c, 0x0, 0x0, 0x0, 0xaf, 0xff,
    0xff, 0xd5,

    /* U+754C "界" */
    0x0, 0x3f, 0xff, 0xff, 0xff, 0xff, 0xf3, 0x0,
    0x0, 0x3e, 0x0, 0x8, 0x80, 0x0, 0xe3, 0x0,
    0x0, 0x3e, 0x0, 0x8, 0x80, 0x0, 0xe3, 0x0,
    0x0, 0x3f, 0xee, 0xef, 0xfe, 0xee, 0xf3, 0x0,
    0x0, 0x3e, 0x0, 0x8, 0x80, 0x0, 0xe3, 0x0,
    0x0, 0x3e, 0x11, 0x19, 0x91, 0x11, 0xe3, 0x0,
    0x0, 0x2d, 0xde, 0xfd, 0xde, 0xfd, 0xd2, 0x0,
    0x0, 0x0, 0x5e, 0x30, 0x1, 0xdb, 0x20, 0x0,
    0x0, 0x4b, 0xcb, 0x40, 0x0, 0xca, 0xfa, 0x40,
    0xc, 0xe6, 0xc, 0x60, 0x0, 0xf2, 0x29, 0xd0,
    0x1, 0x0, 0xe, 0x40, 0x0, 0xf2, 0x0, 0x0,
    0x0, 0x0, 0x4f, 0x0, 0x0, 0xf2, 0x0, 0x0,
    0x0, 0x3, 0xe7, 0x0, 0x0, 0xf2, 0x0, 0x0,
    0x0, 0x5f, 0x70, 0x0, 0x0, 0xf2, 0x0, 0x0,
    0x0, 0x1, 0x0, 0x0, 0x0, 0x0, 0x0, 0x0,

    /* U+7565 "略" */
    0x0, 0x0, 0x0, 0x0, 0x10, 0x0, 0x0, 0x0,
    0x0, 0x0, 0x0, 0xe, 0x30, 0x0, 0x0, 0xef,
    0xff, 0xf1, 0x5, 0xff, 0xff, 0xc0, 0xe, 0x1e,
    0xe, 0x10, 0xd8, 0x0, 0x99, 0x0, 0xe1, 0xe0,
    0xe1, 0x7e, 0xe1, 0x2f, 0x10, 0xe, 0x1e, 0xe,
    0x6f, 0x37, 0xdc, 0x70, 0x0, 0xe2, 0xe1, 0xe5,
    0x50, 0xd, 0xf1, 0x0, 0xe, 0xef, 0xef, 0x10,
    0x1c, 0xb9, 0xe6, 0x0, 0xe1, 0xe0, 0xe3, 0x9e,
    0x70, 0x4, 0xce, 0x2e, 0x1e, 0xe, 0x9b, 0xfe,
    0xee, 0xed, 0x30, 0xe1, 0xe0, 0xe1, 0x2f, 0x0,
    0x2, 0xf0, 0xe, 0x7e, 0x6e, 0x12, 0xf0, 0x0,
    0x2f, 0x0, 0xe8, 0x88, 0x80, 0x2f, 0x0, 0x2,
    0xf0, 0xc, 0x10, 0x0, 0x2, 0xfe, 0xee, 0xef,
    0x0, 0x0, 0x0, 0x0, 0x2f, 0x11, 0x13, 0xf0,
    0x0,

    /* U+767D "白" */
    0x0, 0x0, 0x3, 0x0, 0x0, 0x0, 0x0, 0x0,
    0x2f, 0x40, 0x0, 0x0, 0x0, 0x0, 0x6d, 0x0,
    0x0, 0x0, 0x3d, 0xdd, 0xef, 0xdd, 0xdd, 0xd4,
    0x4f, 0x33, 0x33, 0x33, 0x33, 0xf5, 0x4e, 0x0,
    0x0, 0x0, 0x0, 0xe5, 0x4e, 0x0, 0x0, 0x0,
    0x0, 0xe5, 0x4e, 0x0, 0x0, 0x0, 0x0, 0xe5,
    0x4f, 0xff, 0xff, 0xff, 0xff, 0xf5, 0x4e, 0x0,
    0x0, 0x0, 0x0, 0xe5, 0x4e, 0x0, 0x0, 0x0,
    0x0, 0xe5, 0x4e, 0x0, 0x0, 0x0, 0x0, 0xe5,
    0x4e, 0x22, 0x22, 0x22, 0x22, 0xe5, 0x4f, 0xff,
    0xff, 0xff, 0xff, 0xf5, 0x4e, 0x0, 0x0, 0x0,
    0x0, 0xe5,

    /* U+7684 "的" */
    0x0, 0xb, 0x20, 0x0, 0x46, 0x0, 0x0, 0x0,
    0x2, 0xf0, 0x0, 0xa, 0x90, 0x0, 0x0, 0x26,
    0xad, 0x66, 0x0, 0xe6, 0x22, 0x22, 0x5, 0xe9,
    0x99, 0xf1, 0x5f, 0xee, 0xee, 0xf0, 0x5c, 0x0,
    0xf, 0x1c, 0x80, 0x0, 0x1f, 0x5, 0xc0, 0x0,
    0xf8, 0xe0, 0x0, 0x2, 0xf0, 0x5c, 0x0, 0xf,
    0x63, 0xa4, 0x0, 0x2e, 0x5, 0xfe, 0xee, 0xf1,
    0x4, 0xe1, 0x3, 0xe0, 0x5c, 0x0, 0xf, 0x10,
    0x9, 0xb0, 0x4d, 0x5, 0xc0, 0x0, 0xf1, 0x0,
    0x19, 0x5, 0xc0, 0x5c, 0x0, 0xf, 0x10, 0x0,
    0x0, 0x6a, 0x5, 0xc1, 0x11, 0xf1, 0x0, 0x0,
    0x8, 0x90, 0x5f, 0xee, 0xee, 0x10, 0x1, 0x23,
    0xd6, 0x4, 0xa0, 0x0, 0x0, 0x0, 0xbf, 0xfc,
    0x10,

    /* U+76CA "益" */
    0x0, 0x0, 0x76, 0x0, 0x0, 0x6a, 0x0, 0x0,
    0x0, 0x4, 0xf1, 0x0, 0xe, 0x60, 0x0, 0x0,
    0x0, 0xc, 0x50, 0x9, 0xc0, 0x0, 0x0, 0xbf,
    0xff, 0xff, 0xff, 0xff, 0xff, 0xfd, 0x0, 0x0,
    0x7, 0x30, 0x3, 0x70, 0x0, 0x0, 0x0, 0x9,
    0xf3, 0x0, 0x4e, 0xc2, 0x0, 0x0, 0x2c, 0xe3,
    0x0, 0x0, 0x1b, 0xf6, 0x0, 0x9f, 0xe5, 0x44,
    0x44, 0x44, 0x4b, 0xf9, 0x5, 0x5b, 0xcb, 0xfb,
    0xbf, 0xbc, 0xe5, 0x30, 0x0, 0xb5, 0xf, 0x21,
    0xf0, 0x3e, 0x0, 0x0, 0xb, 0x50, 0xf2, 0x1f,
    0x3, 0xe0, 0x0, 0x0, 0xb5, 0xf, 0x21, 0xf0,
    0x3e, 0x0, 0x2, 0x2c, 0x62, 0xf4, 0x3f, 0x25,
    0xe2, 0x20, 0xbe, 0xee, 0xee, 0xee, 0xee, 0xee,
    0xec,

    /* U+76D1 "监" */
    0x0, 0x0, 0x2f, 0x0, 0x1c, 0x0, 0x0, 0x0,
    0x0, 0xf1, 0x2f, 0x0, 0x4d, 0x11, 0x11, 0x0,
    0x0, 0xf1, 0x2f, 0x0, 0x9f, 0xff, 0xff, 0x80,
    0x0, 0xf1, 0x2f, 0x0, 0xe3, 0x0, 0x0, 0x0,
    0x0, 0xf1, 0x2f, 0x6, 0xc1, 0xe8, 0x0, 0x0,
    0x0, 0xf1, 0x2f, 0x1e, 0x40, 0x3e, 0xc1, 0x0,
    0x0, 0x80, 0x2f, 0x5, 0x0, 0x1, 0xd5, 0x0,
    0x0, 0x0, 0x2b, 0x0, 0x0, 0x0, 0x0, 0x0,
    0x0, 0x3f, 0xff, 0xff, 0xff, 0xff, 0xf2, 0x0,
    0x0, 0x3e, 0x1, 0xf0, 0x1f, 0x0, 0xf2, 0x0,
    0x0, 0x3e, 0x1, 0xf0, 0xf, 0x0, 0xf2, 0x0,
    0x0, 0x3e, 0x1, 0xf0, 0xf, 0x0, 0xf2, 0x0,
    0x1, 0x4e, 0x12, 0xf1, 0x1f, 0x11, 0xf3, 0x10,
    0x3f, 0xff, 0xff, 0xff, 0xff, 0xff, 0xff, 0xf3,

    /* U+76D6 "盖" */
    0x0, 0x0, 0x0, 0x0, 0x0, 0x0, 0x0, 0x0,
    0x0, 0x0, 0x4b, 0x0, 0x0, 0xd3, 0x0, 0x0,
    0x0, 0x0, 0x1d, 0x60, 0x8, 0xc0, 0x0, 0x0,
    0x4, 0xee, 0xee, 0xef, 0xfe, 0xee, 0xee, 0x40,
    0x0, 0x0, 0x0, 0xa, 0x80, 0x0, 0x0, 0x0,
    0x0, 0x8f, 0xff, 0xff, 0xff, 0xff, 0xf8, 0x0,
    0x0, 0x0, 0x0, 0xa, 0x80, 0x0, 0x0, 0x0,
    0xb, 0xcc, 0xcc, 0xce, 0xec, 0xcc, 0xcc, 0xb0,
    0x2, 0x33, 0x33, 0x33, 0x33, 0x33, 0x33, 0x20,
    0x0, 0x4, 0x44, 0x44, 0x44, 0x44, 0x40, 0x0,
    0x0, 0x3f, 0xbb, 0xfb, 0xbf, 0xbb, 0xf3, 0x0,
    0x0, 0x3e, 0x1, 0xf0, 0xf, 0x0, 0xe3, 0x0,
    0x0, 0x3e, 0x1, 0xf0, 0xf, 0x0, 0xe3, 0x0,
    0x0, 0x3e, 0x1, 0xf0, 0xf, 0x0, 0xe3, 0x0,
    0x3f, 0xff, 0xff, 0xff, 0xff, 0xff, 0xff, 0xf3,

    /* U+76D8 "盘" */
    0x0, 0x0, 0x0, 0x1, 0x0, 0x0, 0x0, 0x0,
    0x0, 0x0, 0x0, 0x1f, 0x20, 0x0, 0x0, 0x0,
    0x0, 0x2, 0xfe, 0xef, 0xee, 0xee, 0x80, 0x0,
    0x0, 0x2, 0xf0, 0x2b, 0x40, 0x9, 0x90, 0x0,
    0x0, 0x2, 0xf0, 0x3, 0xc8, 0x9, 0x90, 0x0,
    0x2c, 0xcd, 0xfc, 0xcc, 0xcd, 0xce, 0xec, 0xc2,
    0x2, 0x26, 0xe2, 0x56, 0x22, 0x2a, 0xa2, 0x20,
    0x0, 0xb, 0x90, 0x3d, 0x90, 0x9, 0x90, 0x0,
    0x0, 0x9e, 0x10, 0x0, 0xa5, 0x9d, 0x80, 0x0,
    0x0, 0x82, 0x0, 0x0, 0x1, 0x87, 0x10, 0x0,
    0x0, 0x5f, 0xee, 0xfe, 0xef, 0xee, 0xf5, 0x0,
    0x0, 0x5c, 0x2, 0xe0, 0xf, 0x0, 0xc5, 0x0,
    0x0, 0x5c, 0x2, 0xe0, 0xf, 0x0, 0xc5, 0x0,
    0x1, 0x6c, 0x13, 0xe1, 0x1f, 0x11, 0xc6, 0x10,
    0x2e, 0xee, 0xee, 0xee, 0xee, 0xee, 0xee, 0xe2,

    /* U+76EE "目" */
    0x0, 0x0, 0x0, 0x0, 0x0, 0x0, 0x3f, 0xff,
    0xff, 0xff, 0xff, 0xf2, 0x3f, 0x0, 0x0, 0x0,
    0x0, 0xf2, 0x3f, 0x0, 0x0, 0x0, 0x0, 0xf2,
    0x3f, 0x44, 0x44, 0x44, 0x44, 0xf2, 0x3f, 0xcc,
    0xcc, 0xcc, 0xcc, 0xf2, 0x3f, 0x0, 0x0, 0x0,
    0x0, 0xf2, 0x3f, 0x0, 0x0, 0x0, 0x0, 0xf2,
    0x3f, 0xff, 0xff, 0xff, 0xff, 0xf2, 0x3f, 0x11,
    0x11, 0x11, 0x11, 0xf2, 0x3f, 0x0, 0x0, 0x0,
    0x0, 0xf2, 0x3f, 0x11, 0x11, 0x11, 0x11, 0xf2,
    0x3f, 0xff, 0xff, 0xff, 0xff, 0xf2, 0x3f, 0x0,
    0x0, 0x0, 0x0, 0xf2,

    /* U+76F4 "直" */
    0x0, 0x0, 0x0, 0x6b, 0x0, 0x0, 0x0, 0x5,
    0xcc, 0xcc, 0xce, 0xec, 0xcc, 0xcc, 0x80, 0x12,
    0x22, 0x22, 0x8b, 0x22, 0x22, 0x21, 0x0, 0x1,
    0x22, 0x28, 0xb2, 0x22, 0x20, 0x0, 0x0, 0xbd,
    0xcc, 0xcc, 0xcc, 0xcf, 0x0, 0x0, 0xb, 0x60,
    0x0, 0x0, 0x2, 0xf0, 0x0, 0x0, 0xbe, 0xee,
    0xee, 0xee, 0xef, 0x0, 0x0, 0xb, 0x60, 0x0,
    0x0, 0x2, 0xf0, 0x0, 0x0, 0xbf, 0xee, 0xee,
    0xee, 0xef, 0x0, 0x0, 0xb, 0x60, 0x0, 0x0,
    0x2, 0xf0, 0x0, 0x0, 0xbf, 0xff, 0xff, 0xff,
    0xff, 0x0, 0x0, 0xb, 0x60, 0x0, 0x0, 0x2,
    0xf0, 0x0, 0x33, 0xc8, 0x33, 0x33, 0x33, 0x5f,
    0x33, 0xb, 0xcc, 0xcc, 0xcc, 0xcc, 0xcc, 0xcc,
    0xc2,

    /* U+76F8 "相" */
    0x0, 0x8, 0x90, 0x9, 0xff, 0xff, 0xff, 0x40,
    0x0, 0x89, 0x0, 0x97, 0x0, 0x0, 0xc4, 0x6,
    0x6b, 0xb6, 0x59, 0x70, 0x0, 0xc, 0x40, 0xde,
    0xff, 0xeb, 0x97, 0x0, 0x0, 0xc4, 0x0, 0xe,
    0x90, 0x9, 0xed, 0xdd, 0xdf, 0x40, 0x2, 0xfb,
    0x0, 0x98, 0x11, 0x11, 0xd4, 0x0, 0x8e, 0xf9,
    0x9, 0x70, 0x0, 0xc, 0x40, 0xe, 0x9a, 0xd8,
    0x97, 0x0, 0x0, 0xc4, 0x7, 0xa8, 0x93, 0xc9,
    0xfe, 0xee, 0xef, 0x41, 0xf3, 0x89, 0x0, 0x97,
    0x0, 0x0, 0xc4, 0x1a, 0x8, 0x90, 0x9, 0x70,
    0x0, 0xc, 0x40, 0x0, 0x89, 0x0, 0x97, 0x0,
    0x0, 0xc4, 0x0, 0x8, 0x90, 0x9, 0xfe, 0xee,
    0xef, 0x40, 0x0, 0x89, 0x0, 0x97, 0x0, 0x0,
    0xc4,

    /* U+770B "看" */
    0x0, 0x0, 0x12, 0x34, 0x68, 0xa8, 0x0, 0x0,
    0xef, 0xfe, 0xef, 0xfd, 0xb8, 0x50, 0x0, 0x0,
    0x0, 0x8, 0xb0, 0x0, 0x0, 0x0, 0x0, 0x0,
    0x0, 0xa8, 0x0, 0x0, 0x0, 0x0, 0x3e, 0xee,
    0xef, 0xee, 0xee, 0xee, 0xe1, 0x1, 0x11, 0x15,
    0xe1, 0x11, 0x11, 0x11, 0x10, 0xde, 0xee, 0xfe,
    0xee, 0xee, 0xee, 0xee, 0x20, 0x0, 0x5f, 0x21,
    0x11, 0x11, 0x10, 0x0, 0x0, 0x1e, 0xed, 0xdd,
    0xdd, 0xdf, 0x30, 0x0, 0x1d, 0xf5, 0x11, 0x11,
    0x11, 0xe3, 0x0, 0x1d, 0xad, 0xdc, 0xcc, 0xcc,
    0xcf, 0x30, 0xb, 0x90, 0xd6, 0x33, 0x33, 0x33,
    0xe3, 0x0, 0x0, 0xd, 0xba, 0xaa, 0xaa, 0xaf,
    0x30, 0x0, 0x0, 0xd7, 0x33, 0x33, 0x33, 0xf3,
    0x0, 0x0, 0xd, 0xcb, 0xbb, 0xbb, 0xbf, 0x30,
    0x0,

    /* U+771F "真" */
    0x0, 0x0, 0x0, 0xa, 0x80, 0x0, 0x0, 0x0,
    0x7, 0xee, 0xee, 0xef, 0xfe, 0xee, 0xee, 0x60,
    0x0, 0x0, 0x0, 0xa, 0x80, 0x0, 0x0, 0x0,
    0x0, 0xa, 0xdd, 0xde, 0xed, 0xdd, 0xa0, 0x0,
    0x0, 0xc, 0x50, 0x0, 0x0, 0x5, 0xc0, 0x0,
    0x0, 0xc, 0xdc, 0xcc, 0xcc, 0xcd, 0xc0, 0x0,
    0x0, 0xc, 0x62, 0x22, 0x22, 0x27, 0xc0, 0x0,
    0x0, 0xc, 0xba, 0xaa, 0xaa, 0xac, 0xc0, 0x0,
    0x0, 0xc, 0xa8, 0x88, 0x88, 0x8a, 0xc0, 0x0,
    0x0, 0xc, 0x84, 0x44, 0x44, 0x48, 0xc0, 0x0,
    0x3f, 0xff, 0xff, 0xff, 0xff, 0xff, 0xff, 0xf3,
    0x0, 0x0, 0x4c, 0x50, 0x7, 0xc7, 0x10, 0x0,
    0x0, 0x5c, 0xf7, 0x0, 0x0, 0x5c, 0xfa, 0x30,
    0x8, 0xe7, 0x10, 0x0, 0x0, 0x0, 0x3b, 0x30,
    0x0, 0x0, 0x0, 0x0, 0x0, 0x0, 0x0, 0x0,

    /* U+77AC "瞬" */
    0x0, 0x0, 0x0, 0x1, 0x24, 0x57, 0x90, 0xe,
    0xff, 0xe3, 0xff, 0xed, 0xca, 0xa7, 0x20, 0xe1,
    0x1e, 0x2, 0x80, 0xa3, 0x7, 0x90, 0xe, 0x11,
    0xe0, 0xe, 0x16, 0x90, 0xd4, 0x0, 0xe1, 0x1e,
    0x0, 0xa4, 0x29, 0x2d, 0x0, 0xe, 0xff, 0xe7,
    0xee, 0xee, 0xef, 0xfe, 0xe0, 0xe1, 0x1e, 0x78,
    0x51, 0x0, 0x4, 0x2f, 0xe, 0x11, 0xe6, 0x7f,
    0x97, 0x0, 0xa5, 0xb0, 0xeb, 0xbe, 0x5, 0xb5,
    0xe9, 0x9d, 0xb8, 0xe, 0x44, 0xe0, 0xc6, 0x4b,
    0x76, 0xc8, 0x40, 0xe1, 0x1e, 0x7c, 0xec, 0x5b,
    0x5a, 0x50, 0xe, 0x11, 0xe4, 0x14, 0xe1, 0xf9,
    0xda, 0x82, 0xef, 0xfe, 0x0, 0xb5, 0x17, 0x7d,
    0x97, 0x16, 0x10, 0x1, 0xc9, 0x0, 0x0, 0xa5,
    0x0, 0x0, 0x0, 0x47, 0x0, 0x0, 0xa, 0x50,
    0x0,

    /* U+77E5 "知" */
    0x0, 0x0, 0x0, 0x0, 0x0, 0x0, 0x0, 0x1,
    0xf2, 0x0, 0x0, 0x0, 0x0, 0x0, 0x5, 0xe0,
    0x0, 0x0, 0x11, 0x11, 0x10, 0xa, 0xfe, 0xee,
    0xe3, 0xff, 0xff, 0xf4, 0x2f, 0x4a, 0x92, 0x23,
    0xe0, 0x0, 0xe4, 0xaa, 0x9, 0x90, 0x3, 0xe0,
    0x0, 0xe4, 0x21, 0x9, 0x90, 0x3, 0xe0, 0x0,
    0xe4, 0xef, 0xff, 0xff, 0xf9, 0xe0, 0x0, 0xe4,
    0x1, 0x1a, 0x81, 0x13, 0xe0, 0x0, 0xe4, 0x0,
    0xc, 0x90, 0x3, 0xe0, 0x0, 0xe4, 0x0, 0xf,
    0xe9, 0x3, 0xe0, 0x0, 0xe4, 0x0, 0x5d, 0x1e,
    0x93, 0xe0, 0x0, 0xe4, 0x1, 0xe6, 0x2, 0xf7,
    0xfc, 0xcc, 0xf4, 0x1c, 0xb0, 0x0, 0x33, 0xe4,
    0x44, 0xe4, 0xab, 0x0, 0x0, 0x2, 0xb0, 0x0,
    0x82, 0x0, 0x0, 0x0, 0x0, 0x0, 0x0, 0x0,

    /* U+77ED "短" */
    0x0, 0x11, 0x0, 0x0, 0x0, 0x0, 0x0, 0x0,
    0x0, 0x89, 0x0, 0x1, 0x11, 0x11, 0x11, 0x0,
    0x0, 0xb6, 0x0, 0x1f, 0xff, 0xff, 0xff, 0xa0,
    0x0, 0xef, 0xff, 0xa0, 0x0, 0x0, 0x0, 0x0,
    0x4, 0xd4, 0xd1, 0x0, 0x11, 0x11, 0x11, 0x0,
    0xb, 0x53, 0xd0, 0x6, 0xfe, 0xee, 0xef, 0x0,
    0x4, 0x3, 0xd0, 0x6, 0xa0, 0x0, 0x1f, 0x0,
    0x1d, 0xdd, 0xfd, 0xd6, 0xa0, 0x0, 0x1f, 0x0,
    0x0, 0x4, 0xc0, 0x6, 0xfe, 0xee, 0xef, 0x0,
    0x0, 0x6, 0xe2, 0x0, 0x42, 0x11, 0x63, 0x0,
    0x0, 0x9, 0xce, 0x20, 0xc6, 0x0, 0xe5, 0x0,
    0x0, 0xe, 0x48, 0xd0, 0x6c, 0x2, 0xf1, 0x0,
    0x0, 0x6d, 0x0, 0xc2, 0x1f, 0x17, 0xb0, 0x0,
    0x2, 0xf5, 0x0, 0x23, 0x36, 0x3d, 0x73, 0x30,
    0xd, 0x90, 0x0, 0x8d, 0xdd, 0xdd, 0xdd, 0xd2,
    0x2, 0x0, 0x0, 0x0, 0x0, 0x0, 0x0, 0x0,

    /* U+7801 "码" */
    0x0, 0x0, 0x0, 0xe, 0xff, 0xff, 0xf4, 0x0,
    0xef, 0xff, 0xf6, 0x0, 0x0, 0xe, 0x20, 0x0,
    0xe, 0x10, 0x0, 0x60, 0x0, 0xf0, 0x0, 0x3,
    0xc0, 0x0, 0x3c, 0x0, 0x2e, 0x0, 0x0, 0x96,
    0x0, 0x6, 0xa0, 0x4, 0xc0, 0x0, 0xe, 0xba,
    0xa0, 0x98, 0x0, 0x69, 0x0, 0x8, 0xf6, 0x4f,
    0xb, 0xff, 0xff, 0xff, 0x52, 0xed, 0x30, 0xf0,
    0x11, 0x11, 0x11, 0xc5, 0x35, 0xd3, 0xf, 0x0,
    0x0, 0x0, 0xc, 0x40, 0xd, 0x30, 0xf4, 0xdd,
    0xdd, 0xd0, 0xd4, 0x0, 0xd3, 0xf, 0x24, 0x44,
    0x44, 0xe, 0x20, 0xd, 0xff, 0xf0, 0x0, 0x0,
    0x0, 0xf1, 0x0, 0xd3, 0x0, 0x0, 0x2, 0x52,
    0x8d, 0x0, 0x5, 0x10, 0x0, 0x0, 0x2e, 0xfe,
    0x40,

    /* U+786C "硬" */
    0x0, 0x0, 0x0, 0xbf, 0xff, 0xff, 0xff, 0xf5,
    0xf, 0xff, 0xfe, 0x0, 0x0, 0xe2, 0x0, 0x0,
    0x0, 0x1e, 0x0, 0x0, 0x0, 0xe2, 0x0, 0x0,
    0x0, 0x5a, 0x0, 0x2f, 0xee, 0xfe, 0xee, 0xb0,
    0x0, 0xb5, 0x0, 0x2e, 0x0, 0xe2, 0x4, 0xc0,
    0x1, 0xf3, 0x21, 0x2e, 0x77, 0xf8, 0x79, 0xc0,
    0x8, 0xfd, 0xea, 0x2e, 0x77, 0xf8, 0x79, 0xc0,
    0x1e, 0xf0, 0x5a, 0x2e, 0x11, 0xe3, 0x15, 0xc0,
    0x68, 0xf0, 0x5a, 0x1c, 0xcc, 0xfc, 0xcc, 0x90,
    0x0, 0xf0, 0x5a, 0x6, 0x70, 0xf0, 0x0, 0x0,
    0x0, 0xf0, 0x5a, 0x1, 0xdb, 0xd0, 0x0, 0x0,
    0x0, 0xff, 0xfa, 0x0, 0x1f, 0xe5, 0x0, 0x0,
    0x0, 0xf1, 0x0, 0x3, 0xcb, 0x4c, 0xe9, 0x51,
    0x0, 0xb0, 0x0, 0xbf, 0x80, 0x0, 0x4a, 0xf4,
    0x0, 0x0, 0x0, 0x31, 0x0, 0x0, 0x0, 0x0,

    /* U+786E "确" */
    0x0, 0x0, 0x0, 0x0, 0x0, 0x0, 0x0, 0x0,
    0x0, 0x0, 0x0, 0x9, 0x70, 0x0, 0x0, 0x0,
    0x0, 0x0, 0x0, 0xdf, 0xff, 0xc0, 0x0, 0xef,
    0xff, 0xf3, 0x4b, 0x0, 0xac, 0x0, 0x0, 0x1f,
    0x0, 0xb, 0x50, 0x1f, 0x30, 0x0, 0x4, 0xc0,
    0x4, 0xfb, 0xbd, 0xeb, 0xb9, 0x0, 0x97, 0x1,
    0xef, 0x43, 0xf4, 0x36, 0xd0, 0xe, 0x76, 0x44,
    0xe1, 0xe, 0x10, 0x3d, 0x7, 0xfb, 0xbc, 0xe,
    0xee, 0xfe, 0xee, 0xd1, 0xef, 0x23, 0xc0, 0xe1,
    0xe, 0x10, 0x3d, 0x58, 0xe2, 0x3c, 0xe, 0x10,
    0xe1, 0x3, 0xd0, 0xe, 0x23, 0xc0, 0xfe, 0xef,
    0xee, 0xfd, 0x0, 0xe2, 0x3c, 0x1f, 0x0, 0xe1,
    0x3, 0xd0, 0xe, 0x56, 0xc4, 0xc0, 0xe, 0x10,
    0x3d, 0x0, 0xed, 0xd9, 0xa7, 0x0, 0xe2, 0x16,
    0xc0, 0xe, 0x20, 0xe, 0x10, 0xd, 0x8f, 0xf7,
    0x0, 0x0, 0x0, 0x10, 0x0, 0x0, 0x0, 0x0,

    /* U+793A "示" */
    0x0, 0x0, 0x0, 0x0, 0x0, 0x0, 0x0, 0x0,
    0x3, 0xff, 0xff, 0xff, 0xff, 0xff, 0x20, 0x0,
    0x0, 0x0, 0x0, 0x0, 0x0, 0x0, 0x0, 0x0,
    0x0, 0x0, 0x0, 0x0, 0x0, 0x0, 0x1, 0x11,
    0x11, 0x11, 0x11, 0x11, 0x11, 0x10, 0xef, 0xff,
    0xff, 0xff, 0xff, 0xff, 0xfc, 0x0, 0x0, 0x0,
    0x8, 0xa0, 0x0, 0x0, 0x0, 0x0, 0x6, 0x0,
    0x8a, 0x3, 0x90, 0x0, 0x0, 0x5, 0xe1, 0x8,
    0xa0, 0x1e, 0x90, 0x0, 0x1, 0xe6, 0x0, 0x8a,
    0x0, 0x3f, 0x60, 0x1, 0xdb, 0x0, 0x8, 0xa0,
    0x0, 0x6f, 0x30, 0xcc, 0x0, 0x0, 0x8a, 0x0,
    0x0, 0xcc, 0x3, 0x10, 0x24, 0x3b, 0xa0, 0x0,
    0x2, 0x10, 0x0, 0x3, 0xef, 0xf6, 0x0, 0x0,
    0x0,

    /* U+7981 "禁" */
    0x0, 0x0, 0xd4, 0x0, 0x0, 0x5b, 0x0, 0x0,
    0x9, 0xbb, 0xfc, 0xb8, 0x9b, 0xde, 0xbb, 0x90,
    0x2, 0x38, 0xf8, 0x32, 0x24, 0xef, 0x83, 0x20,
    0x0, 0x2d, 0xef, 0x70, 0xa, 0xcc, 0xe3, 0x0,
    0x2, 0xd5, 0xd5, 0xd5, 0x9c, 0x5b, 0x4f, 0x50,
    0xe, 0x70, 0xd4, 0x17, 0xd1, 0x5b, 0x5, 0xe0,
    0x2, 0x1, 0x62, 0x11, 0x21, 0x35, 0x10, 0x0,
    0x0, 0x3e, 0xee, 0xee, 0xee, 0xee, 0xe3, 0x0,
    0x0, 0x0, 0x0, 0x0, 0x0, 0x0, 0x0, 0x0,
    0xe, 0xff, 0xff, 0xff, 0xff, 0xff, 0xff, 0xe0,
    0x0, 0x0, 0x71, 0x7, 0xb0, 0x3a, 0x10, 0x0,
    0x0, 0xa, 0xb0, 0x7, 0xb0, 0x9, 0xe4, 0x0,
    0x3, 0xdc, 0x12, 0x29, 0xb0, 0x0, 0x6f, 0x50,
    0x3, 0x80, 0x8, 0xff, 0x70, 0x0, 0x4, 0x0,

    /* U+79BB "离" */
    0x0, 0x0, 0x0, 0x2a, 0x0, 0x0, 0x0, 0x0,
    0x0, 0x0, 0x0, 0xc7, 0x0, 0x0, 0x0, 0xe,
    0xee, 0xee, 0xef, 0xfe, 0xee, 0xee, 0x80, 0x2,
    0x30, 0x61, 0x0, 0x73, 0x14, 0x0, 0x0, 0x5b,
    0x6, 0xc9, 0xba, 0x1, 0xf0, 0x0, 0x5, 0xb0,
    0x29, 0xdc, 0xa2, 0x1f, 0x0, 0x0, 0x5b, 0x4b,
    0x50, 0x4, 0xa1, 0xf0, 0x0, 0x5, 0xee, 0xee,
    0xfe, 0xee, 0xee, 0x0, 0x0, 0x0, 0x0, 0x6a,
    0x0, 0x0, 0x0, 0x0, 0x4f, 0xff, 0xff, 0xff,
    0xff, 0xff, 0xf0, 0x5, 0xc0, 0x6, 0xd0, 0x7,
    0x20, 0x1f, 0x0, 0x5c, 0x2, 0xf4, 0x24, 0x9d,
    0x1, 0xf0, 0x5, 0xc0, 0xef, 0xdc, 0xa7, 0xa8,
    0x1f, 0x0, 0x5c, 0x0, 0x0, 0x0, 0x1, 0x12,
    0xf0, 0x5, 0xc0, 0x0, 0x0, 0x0, 0x9f, 0xfc,
    0x0, 0x1, 0x0, 0x0, 0x0, 0x0, 0x0, 0x0,

    /* U+79D2 "秒" */
    0x0, 0x0, 0x38, 0x10, 0x0, 0xe2, 0x0, 0x0,
    0x8, 0xcf, 0xe9, 0x30, 0x0, 0xe2, 0x0, 0x0,
    0x3, 0x3a, 0x70, 0x0, 0x80, 0xe3, 0xb1, 0x0,
    0x0, 0xa, 0x70, 0x2, 0xf0, 0xe2, 0xaa, 0x0,
    0x1f, 0xff, 0xff, 0xa6, 0xc0, 0xe2, 0x1f, 0x40,
    0x0, 0x1e, 0x70, 0xb, 0x80, 0xe2, 0x9, 0xc0,
    0x0, 0x5f, 0x90, 0x2f, 0x20, 0xe2, 0x1, 0xd1,
    0x0, 0xbd, 0xf7, 0x4a, 0x0, 0xe2, 0x8, 0x10,
    0x3, 0xda, 0x9e, 0x60, 0x0, 0xe2, 0x6e, 0x0,
    0xc, 0x6a, 0x74, 0x70, 0x0, 0x63, 0xf5, 0x0,
    0x3d, 0xa, 0x70, 0x0, 0x0, 0x1d, 0xa0, 0x0,
    0x1, 0xa, 0x70, 0x0, 0x3, 0xdb, 0x0, 0x0,
    0x0, 0xa, 0x70, 0x3, 0xaf, 0x80, 0x0, 0x0,
    0x0, 0xa, 0x70, 0x3f, 0xa2, 0x0, 0x0, 0x0,
    0x0, 0x0, 0x0, 0x1, 0x0, 0x0, 0x0, 0x0,

    /* U+79EF "积" */
    0x0, 0x1, 0x6b, 0x40, 0x0, 0x0, 0x0, 0x0,
    0xa, 0xef, 0xd7, 0x2b, 0xff, 0xff, 0xff, 0x30,
    0x2, 0x29, 0x80, 0xb, 0x70, 0x0, 0xe, 0x30,
    0x0, 0x9, 0x80, 0xb, 0x60, 0x0, 0xe, 0x30,
    0x1f, 0xff, 0xff, 0xab, 0x60, 0x0, 0xe, 0x30,
    0x0, 0x1e, 0x80, 0xb, 0x60, 0x0, 0xe, 0x30,
    0x0, 0x5f, 0xc0, 0xb, 0x60, 0x0, 0xe, 0x30,
    0x0, 0xbd, 0xec, 0xb, 0xff, 0xff, 0xff, 0x30,
    0x4, 0xd9, 0x8a, 0xa0, 0x0, 0x0, 0x0, 0x0,
    0xd, 0x59, 0x80, 0x20, 0x88, 0x5, 0xd0, 0x0,
    0x2c, 0x9, 0x80, 0x2, 0xf4, 0x0, 0xcb, 0x0,
    0x0, 0x9, 0x80, 0xc, 0xa0, 0x0, 0x1f, 0x70,
    0x0, 0x9, 0x80, 0xad, 0x10, 0x0, 0x6, 0xf1,
    0x0, 0x9, 0x80, 0x52, 0x0, 0x0, 0x0, 0x50,

    /* U+79F0 "称" */
    0x0, 0x0, 0x0, 0x0, 0x10, 0x0, 0x0, 0x0,
    0x0, 0x2, 0x7c, 0xa0, 0xa7, 0x0, 0x0, 0x0,
    0x9, 0xef, 0xe6, 0x10, 0xe4, 0x0, 0x0, 0x0,
    0x2, 0x26, 0xb0, 0x3, 0xfa, 0xaa, 0xaa, 0x70,
    0x0, 0x6, 0xb0, 0x9, 0xb5, 0x55, 0x5a, 0xb0,
    0x1f, 0xff, 0xff, 0xbf, 0x20, 0x71, 0xc, 0x50,
    0x0, 0xc, 0xb0, 0x8a, 0x0, 0xe3, 0x9, 0x0,
    0x0, 0x2f, 0xe2, 0x2, 0xa0, 0xe3, 0x72, 0x0,
    0x0, 0x9b, 0xee, 0x24, 0xd0, 0xe3, 0xaa, 0x0,
    0x3, 0xe6, 0xb7, 0x98, 0xa0, 0xe3, 0x3f, 0x10,
    0xc, 0x76, 0xb0, 0xd, 0x60, 0xe3, 0xd, 0x70,
    0x1d, 0x6, 0xb0, 0x3f, 0x10, 0xe3, 0x8, 0xd0,
    0x1, 0x6, 0xb0, 0x17, 0x0, 0xe3, 0x2, 0x60,
    0x0, 0x6, 0xb0, 0x0, 0x32, 0xf3, 0x0, 0x0,
    0x0, 0x6, 0xb0, 0x0, 0xcf, 0xd0, 0x0, 0x0,
    0x0, 0x0, 0x10, 0x0, 0x0, 0x0, 0x0, 0x0,

    /* U+79FB "移" */
    0x0, 0x0, 0x0, 0x0, 0x0, 0x10, 0x0, 0x0,
    0x0, 0x1, 0x6b, 0x40, 0x4, 0xe0, 0x0, 0x0,
    0xa, 0xef, 0xd7, 0x20, 0x1e, 0xff, 0xff, 0x10,
    0x2, 0x29, 0x70, 0x1, 0xc9, 0x0, 0x9a, 0x0,
    0x0, 0x9, 0x70, 0x3e, 0x9d, 0x45, 0xe1, 0x0,
    0x1f, 0xff, 0xff, 0x83, 0x1, 0xee, 0x20, 0x0,
    0x0, 0x1f, 0x70, 0x0, 0x9, 0xe5, 0x0, 0x0,
    0x0, 0x4f, 0xb0, 0x6, 0xdb, 0x5e, 0x10, 0x0,
    0x0, 0xbd, 0xec, 0x3b, 0x42, 0xef, 0xff, 0xe0,
    0x3, 0xd9, 0x7b, 0x90, 0x2d, 0x80, 0x9, 0x80,
    0xd, 0x69, 0x71, 0x26, 0xed, 0x80, 0x5d, 0x0,
    0x2c, 0x9, 0x70, 0x1b, 0x30, 0xac, 0xd2, 0x0,
    0x0, 0x9, 0x70, 0x0, 0x1, 0x9d, 0x20, 0x0,
    0x0, 0x9, 0x70, 0x2, 0x8e, 0x90, 0x0, 0x0,
    0x0, 0x9, 0x70, 0x1d, 0x92, 0x0, 0x0, 0x0,
    0x0, 0x0, 0x0, 0x0, 0x0, 0x0, 0x0, 0x0,

    /* U+7A0B "程" */
    0x0, 0x0, 0x38, 0x10, 0x0, 0x0, 0x0, 0x0,
    0x7, 0xbe, 0xfb, 0x48, 0xff, 0xff, 0xfe, 0x0,
    0x8, 0x8c, 0x70, 0x8, 0x80, 0x0, 0x2e, 0x0,
    0x0, 0xa, 0x70, 0x8, 0x80, 0x0, 0x2e, 0x0,
    0x0, 0xa, 0x70, 0x8, 0x80, 0x0, 0x2e, 0x0,
    0xc, 0xce, 0xec, 0x88, 0x92, 0x22, 0x4e, 0x0,
    0x6, 0x6f, 0xa6, 0x46, 0xcc, 0xcc, 0xcb, 0x0,
    0x0, 0x3f, 0x90, 0x0, 0x0, 0x0, 0x0, 0x0,
    0x0, 0x9d, 0xf8, 0x5f, 0xff, 0xff, 0xff, 0xd0,
    0x2, 0xda, 0x8d, 0x60, 0x0, 0xe2, 0x0, 0x0,
    0xb, 0x7a, 0x73, 0x30, 0x0, 0xe2, 0x0, 0x0,
    0x3d, 0xa, 0x70, 0xe, 0xee, 0xfe, 0xee, 0x60,
    0x2, 0xa, 0x70, 0x0, 0x0, 0xe2, 0x0, 0x0,
    0x0, 0xa, 0x70, 0x12, 0x22, 0xe3, 0x22, 0x20,
    0x0, 0xa, 0x70, 0xce, 0xee, 0xee, 0xee, 0xe3,

    /* U+7A33 "稳" */
    0x0, 0x0, 0x0, 0x0, 0x12, 0x0, 0x0, 0x0,
    0x1, 0x47, 0xcd, 0x0, 0x98, 0x0, 0x0, 0x0,
    0xc, 0xbe, 0x71, 0x1, 0xfc, 0xbb, 0xb1, 0x0,
    0x0, 0xd, 0x40, 0x9, 0x93, 0x38, 0xd0, 0x0,
    0x0, 0xd, 0x40, 0x5e, 0x0, 0xe, 0x40, 0x0,
    0x1b, 0xbf, 0xcb, 0x8d, 0xff, 0xff, 0xff, 0x0,
    0x4, 0x5f, 0x74, 0x0, 0x0, 0x0, 0xf, 0x0,
    0x0, 0x7f, 0x80, 0xa, 0xff, 0xff, 0xff, 0x0,
    0x0, 0xde, 0xe9, 0x0, 0x0, 0x0, 0xf, 0x0,
    0x6, 0xad, 0x5d, 0x3f, 0xff, 0xff, 0xff, 0x0,
    0x1e, 0x3d, 0x40, 0x0, 0x57, 0xb0, 0x14, 0x0,
    0x39, 0xd, 0x40, 0x97, 0xe2, 0xb8, 0x1e, 0x30,
    0x0, 0xd, 0x40, 0xe3, 0xe2, 0x11, 0xa7, 0xd0,
    0x0, 0xd, 0x45, 0xd0, 0xe7, 0x46, 0xf1, 0xc2,
    0x0, 0xd, 0x40, 0x30, 0x7c, 0xdc, 0x70, 0x0,

    /* U+7A7A "空" */
    0x0, 0x0, 0x0, 0x20, 0x0, 0x0, 0x0, 0x0,
    0x0, 0x1, 0xf4, 0x0, 0x0, 0x0, 0x0, 0x0,
    0x0, 0x7d, 0x0, 0x0, 0x0, 0x6f, 0xff, 0xff,
    0xff, 0xff, 0xff, 0xf4, 0x6b, 0x0, 0x10, 0x0,
    0x20, 0x0, 0xe4, 0x6b, 0x3, 0xe6, 0x0, 0xae,
    0x50, 0xe4, 0x0, 0x4f, 0x70, 0x0, 0x6, 0xfb,
    0x10, 0x2a, 0xf6, 0x0, 0x0, 0x0, 0x2d, 0xe1,
    0x3b, 0x43, 0x33, 0x33, 0x33, 0x33, 0x60, 0x0,
    0xad, 0xdd, 0xfe, 0xdd, 0xd9, 0x0, 0x0, 0x0,
    0x0, 0xb8, 0x0, 0x0, 0x0, 0x0, 0x0, 0x0,
    0xb8, 0x0, 0x0, 0x0, 0x0, 0x0, 0x0, 0xb8,
    0x0, 0x0, 0x0, 0x44, 0x44, 0x44, 0xca, 0x44,
    0x44, 0x43, 0xbc, 0xcc, 0xcc, 0xcc, 0xcc, 0xcc,
    0xca,

    /* U+7A81 "突" */
    0x0, 0x0, 0x0, 0x1, 0x0, 0x0, 0x0, 0x0,
    0x0, 0x0, 0x0, 0x2f, 0x30, 0x0, 0x0, 0x0,
    0x0, 0x22, 0x22, 0x2a, 0xc2, 0x22, 0x22, 0x0,
    0x5, 0xfc, 0xcc, 0xcc, 0xcc, 0xcc, 0xdf, 0x10,
    0x5, 0xd0, 0x2, 0x20, 0x3, 0x10, 0x1f, 0x10,
    0x4, 0xc0, 0x5f, 0x80, 0x8, 0xf9, 0x2f, 0x10,
    0x0, 0x5c, 0xe5, 0x6, 0x20, 0x2b, 0xe5, 0x0,
    0x4, 0xe8, 0x0, 0xe, 0x42, 0xe5, 0x7b, 0x0,
    0x0, 0x11, 0x11, 0x1e, 0x51, 0x4c, 0x11, 0x0,
    0xe, 0xff, 0xff, 0xff, 0xff, 0xff, 0xff, 0x90,
    0x0, 0x0, 0x0, 0x2e, 0xe3, 0x0, 0x0, 0x0,
    0x0, 0x0, 0x0, 0xa8, 0x4e, 0x30, 0x0, 0x0,
    0x0, 0x0, 0x9, 0xd0, 0x6, 0xf8, 0x10, 0x0,
    0x0, 0x38, 0xeb, 0x10, 0x0, 0x3c, 0xfa, 0x50,
    0xe, 0xfa, 0x40, 0x0, 0x0, 0x0, 0x4a, 0x90,
    0x1, 0x0, 0x0, 0x0, 0x0, 0x0, 0x0, 0x0,

    /* U+7A97 "窗" */
    0x0, 0x0, 0x0, 0xa2, 0x0, 0x0, 0x0, 0x0,
    0x0, 0x0, 0x9c, 0x0, 0x0, 0x0, 0xce, 0xee,
    0xee, 0xef, 0xee, 0xee, 0xed, 0xe4, 0x11, 0x66,
    0x11, 0x75, 0x11, 0x4f, 0xd3, 0x3b, 0xe4, 0x0,
    0x6d, 0xd6, 0x3d, 0x2c, 0xf9, 0x13, 0x60, 0x0,
    0x5e, 0xc0, 0x5, 0x10, 0xb, 0x70, 0x0, 0x0,
    0x20, 0xd, 0xff, 0xff, 0xff, 0xff, 0xff, 0xe0,
    0xd, 0x50, 0x1, 0xb4, 0x0, 0x3, 0xe0, 0xd,
    0x50, 0x1c, 0xdd, 0xdf, 0x83, 0xe0, 0xd, 0x55,
    0xd8, 0xb6, 0xaa, 0x3, 0xe0, 0xd, 0x50, 0x3,
    0xbd, 0xe6, 0x3, 0xe0, 0xd, 0x56, 0xea, 0x40,
    0x19, 0x13, 0xe0, 0xd, 0xdc, 0xcc, 0xcc, 0xcc,
    0xcc, 0xe0, 0xd, 0x74, 0x44, 0x44, 0x44, 0x46,
    0xe0,

    /* U+7ADE "竞" */
    0x0, 0x0, 0x0, 0x2, 0x0, 0x0, 0x0, 0x0,
    0x0, 0x0, 0x0, 0x1e, 0x50, 0x0, 0x0, 0x0,
    0x0, 0x22, 0x22, 0x27, 0xd2, 0x22, 0x22, 0x0,
    0x0, 0xcc, 0xed, 0xcc, 0xcc, 0xee, 0xcc, 0x0,
    0x0, 0x0, 0x5c, 0x0, 0x0, 0xe3, 0x0, 0x0,
    0x8, 0x88, 0x8f, 0x98, 0x8a, 0xe8, 0x88, 0x80,
    0x6, 0x66, 0x66, 0x66, 0x66, 0x66, 0x66, 0x60,
    0x0, 0x6, 0xdd, 0xdd, 0xdd, 0xdd, 0x80, 0x0,
    0x0, 0x8, 0x91, 0x11, 0x11, 0x18, 0xa0, 0x0,
    0x0, 0x8, 0x80, 0x0, 0x0, 0x7, 0xa0, 0x0,
    0x0, 0x8, 0xfe, 0xee, 0xee, 0xef, 0xa0, 0x0,
    0x0, 0x0, 0x3, 0xd0, 0x2e, 0x0, 0x0, 0x0,
    0x0, 0x0, 0xb, 0x80, 0x2e, 0x0, 0x0, 0x90,
    0x0, 0x3, 0xbc, 0x0, 0x2f, 0x0, 0x5, 0xe0,
    0xb, 0xed, 0x70, 0x0, 0xd, 0xff, 0xfe, 0x70,
    0x2, 0x20, 0x0, 0x0, 0x0, 0x0, 0x0, 0x0,

    /* U+7AEF "端" */
    0x0, 0x86, 0x0, 0x3d, 0x0, 0xe0, 0x4, 0xc0,
    0x0, 0x1e, 0x20, 0x3d, 0x0, 0xe0, 0x4, 0xc0,
    0x2, 0x2a, 0x52, 0x3d, 0x0, 0xe0, 0x4, 0xc0,
    0x1d, 0xdd, 0xdc, 0x3f, 0xff, 0xff, 0xff, 0xb0,
    0x1, 0x10, 0x63, 0x0, 0x0, 0x0, 0x0, 0x0,
    0x8, 0x70, 0xc5, 0xff, 0xff, 0xff, 0xff, 0xf9,
    0x6, 0xa0, 0xe2, 0x0, 0x7, 0x80, 0x0, 0x0,
    0x3, 0xc0, 0xf0, 0x2, 0x2b, 0x62, 0x22, 0x20,
    0x2, 0xe2, 0xd0, 0x5f, 0xdf, 0xdf, 0xdd, 0xf1,
    0x0, 0xf5, 0xa0, 0x5a, 0xf, 0xd, 0x10, 0xe1,
    0x0, 0x38, 0xbb, 0x5a, 0xf, 0xd, 0x10, 0xe1,
    0x8, 0xce, 0x82, 0x5a, 0xf, 0xd, 0x10, 0xe1,
    0x8, 0x30, 0x0, 0x5a, 0xf, 0xd, 0x23, 0xf1,
    0x0, 0x0, 0x0, 0x5a, 0xf, 0xd, 0x3d, 0xc0,

    /* U+7B2C "第" */
    0x0, 0x11, 0x0, 0x0, 0x21, 0x0, 0x0, 0x0,
    0x98, 0x0, 0x0, 0xd5, 0x0, 0x0, 0x1, 0xff,
    0xfe, 0xe7, 0xfe, 0xfe, 0xee, 0xb, 0x80, 0xe2,
    0xd, 0x60, 0xe5, 0x0, 0x4c, 0x0, 0x73, 0x29,
    0x0, 0x56, 0x0, 0x5, 0xff, 0xff, 0xff, 0xff,
    0xff, 0xe0, 0x0, 0x0, 0x0, 0x3e, 0x0, 0x2,
    0xe0, 0x0, 0xce, 0xee, 0xef, 0xee, 0xee, 0xe0,
    0x0, 0xf1, 0x0, 0x3e, 0x0, 0x0, 0x0, 0x3,
    0xf2, 0x22, 0x4e, 0x22, 0x22, 0x21, 0x4, 0xdd,
    0xdd, 0xff, 0xdd, 0xdd, 0xdd, 0x0, 0x0, 0x2c,
    0xbe, 0x0, 0x0, 0x5c, 0x0, 0x6, 0xe6, 0x3e,
    0x0, 0x10, 0x8b, 0x8, 0xeb, 0x20, 0x3e, 0x3,
    0xff, 0xf5, 0x7, 0x30, 0x0, 0x3e, 0x0, 0x0,
    0x0,

    /* U+7B49 "等" */
    0x0, 0x4, 0x0, 0x0, 0x4, 0x0, 0x0, 0x0,
    0x0, 0x4e, 0x0, 0x0, 0x4e, 0x0, 0x0, 0x0,
    0x0, 0xbf, 0xff, 0xfc, 0xbf, 0xff, 0xff, 0xc0,
    0x5, 0xd0, 0x6b, 0x6, 0xd0, 0x4d, 0x0, 0x0,
    0x1e, 0x40, 0x1d, 0x5, 0x60, 0xb, 0x20, 0x0,
    0x2, 0x23, 0x33, 0x3b, 0xa3, 0x33, 0x32, 0x0,
    0x0, 0x6c, 0xcc, 0xce, 0xec, 0xcc, 0xc7, 0x0,
    0x0, 0x0, 0x0, 0x9, 0x80, 0x0, 0x0, 0x0,
    0x1f, 0xff, 0xff, 0xff, 0xff, 0xff, 0xff, 0xf1,
    0x0, 0x0, 0x0, 0x0, 0x0, 0x8a, 0x0, 0x0,
    0x3, 0xee, 0xee, 0xee, 0xee, 0xff, 0xee, 0x50,
    0x0, 0x0, 0x84, 0x0, 0x0, 0x7a, 0x0, 0x0,
    0x0, 0x0, 0x5e, 0x30, 0x0, 0x7a, 0x0, 0x0,
    0x0, 0x0, 0x6, 0xc0, 0x32, 0x8a, 0x0, 0x0,
    0x0, 0x0, 0x0, 0x0, 0xdf, 0xf6, 0x0, 0x0,

    /* U+7B7E "签" */
    0x0, 0x2, 0x10, 0x0, 0x2, 0x10, 0x0, 0x0,
    0x0, 0xc, 0x70, 0x0, 0xd, 0x60, 0x0, 0x0,
    0x0, 0x4f, 0xee, 0xee, 0x7f, 0xee, 0xee, 0xe2,
    0x0, 0xd7, 0x2f, 0x11, 0xf4, 0x1f, 0x40, 0x0,
    0xa, 0xc0, 0xc, 0x76, 0xa0, 0x7, 0xd0, 0x0,
    0x4, 0x10, 0x1, 0x8e, 0xbc, 0x10, 0x10, 0x0,
    0x0, 0x0, 0xa, 0xe2, 0x8, 0xe5, 0x0, 0x0,
    0x0, 0x6, 0xeb, 0x10, 0x0, 0x3d, 0xd6, 0x0,
    0x8, 0xed, 0x9e, 0xee, 0xee, 0xec, 0x5d, 0xf5,
    0x5, 0x30, 0x0, 0x5, 0x0, 0x0, 0x0, 0x30,
    0x0, 0x6, 0x50, 0x1e, 0x40, 0x1, 0xe1, 0x0,
    0x0, 0x5, 0xe1, 0x6, 0xd0, 0x7, 0xb0, 0x0,
    0x0, 0x0, 0xb8, 0x0, 0xd3, 0xe, 0x30, 0x0,
    0x0, 0x0, 0x35, 0x0, 0x0, 0x8a, 0x0, 0x0,
    0x2, 0xff, 0xff, 0xff, 0xff, 0xff, 0xff, 0xb0,

    /* U+7B80 "简" */
    0x0, 0x2, 0x0, 0x0, 0x3, 0x0, 0x0, 0x0,
    0x0, 0x5d, 0x0, 0x0, 0x3f, 0x0, 0x0, 0x0,
    0x0, 0xce, 0xff, 0xed, 0x8f, 0xff, 0xee, 0xe1,
    0x4, 0xe0, 0x89, 0x1, 0xe3, 0x4e, 0x0, 0x0,
    0x1e, 0x61, 0x3e, 0x7, 0xb0, 0xe, 0x30, 0x0,
    0x7, 0x1e, 0x51, 0x0, 0x10, 0x1, 0x0, 0x0,
    0x0, 0x6, 0xf3, 0x9f, 0xff, 0xff, 0xff, 0x20,
    0x1, 0x90, 0x64, 0x0, 0x0, 0x0, 0xf, 0x20,
    0x2, 0xf0, 0x3, 0x33, 0x33, 0x30, 0xf, 0x20,
    0x2, 0xf0, 0x2f, 0xaa, 0xaa, 0xf1, 0xf, 0x20,
    0x2, 0xf0, 0x2e, 0x0, 0x0, 0xf1, 0xf, 0x20,
    0x2, 0xf0, 0x2f, 0xdd, 0xdd, 0xf1, 0xf, 0x20,
    0x2, 0xf0, 0x2e, 0x0, 0x0, 0xf1, 0xf, 0x20,
    0x2, 0xf0, 0x2f, 0xee, 0xee, 0xf1, 0xf, 0x20,
    0x2, 0xf0, 0x0, 0x0, 0x0, 0x2, 0x1f, 0x20,
    0x2, 0xf0, 0x0, 0x0, 0x0, 0x2f, 0xfe, 0x0,

    /* U+7B97 "算" */
    0x0, 0x2, 0x0, 0x0, 0x2, 0x0, 0x0, 0x0,
    0x0, 0x4e, 0x0, 0x0, 0x1f, 0x10, 0x0, 0x0,
    0x0, 0xcf, 0xff, 0xee, 0x8f, 0xff, 0xee, 0xe0,
    0x7, 0xd0, 0x3e, 0x2, 0xe2, 0x2f, 0x10, 0x0,
    0xa, 0x28, 0x8c, 0x89, 0xc8, 0x8c, 0x80, 0x0,
    0x0, 0xf, 0x65, 0x55, 0x55, 0x56, 0xf0, 0x0,
    0x0, 0xf, 0xdd, 0xdd, 0xdd, 0xdd, 0xf0, 0x0,
    0x0, 0xf, 0x20, 0x0, 0x0, 0x1, 0xf0, 0x0,
    0x0, 0xf, 0xcc, 0xcc, 0xcc, 0xcc, 0xf0, 0x0,
    0x0, 0xf, 0x76, 0x66, 0x66, 0x67, 0xf0, 0x0,
    0x0, 0x4, 0x4e, 0x74, 0x45, 0xf5, 0x40, 0x0,
    0x2d, 0xdd, 0xdf, 0xed, 0xdd, 0xfd, 0xdd, 0xd3,
    0x1, 0x11, 0x3f, 0x21, 0x11, 0xf3, 0x11, 0x10,
    0x0, 0x4, 0xd8, 0x0, 0x0, 0xf1, 0x0, 0x0,
    0x0, 0xcd, 0x60, 0x0, 0x0, 0xf1, 0x0, 0x0,
    0x0, 0x0, 0x0, 0x0, 0x0, 0x0, 0x0, 0x0,

    /* U+7BA1 "管" */
    0x0, 0x11, 0x0, 0x0, 0x2, 0x0, 0x0, 0x0,
    0xb, 0x60, 0x0, 0x7, 0xb0, 0x0, 0x0, 0x3,
    0xff, 0xff, 0xfb, 0xef, 0xff, 0xff, 0x91, 0xd6,
    0xd, 0x40, 0x9b, 0x5, 0xd0, 0x0, 0x5a, 0x0,
    0x45, 0x3d, 0x10, 0x9, 0x20, 0x0, 0x8b, 0xbb,
    0xbb, 0xfb, 0xbb, 0xbb, 0xb1, 0xc, 0x73, 0x33,
    0x33, 0x33, 0x33, 0x3e, 0x20, 0xc5, 0xce, 0xee,
    0xee, 0xee, 0xe1, 0xe2, 0x0, 0xe, 0x30, 0x0,
    0x0, 0xf, 0x20, 0x0, 0x0, 0xec, 0xcc, 0xcc,
    0xcc, 0xf2, 0x0, 0x0, 0xe, 0x42, 0x22, 0x22,
    0x22, 0x0, 0x0, 0x0, 0xed, 0xdd, 0xdd, 0xdd,
    0xd9, 0x0, 0x0, 0xe, 0x31, 0x11, 0x11, 0x15,
    0xc0, 0x0, 0x0, 0xe5, 0x22, 0x22, 0x22, 0x6c,
    0x0, 0x0, 0xe, 0xcc, 0xcc, 0xcc, 0xcd, 0xc0,
    0x0,

    /* U+7C7B "类" */
    0x0, 0x27, 0x0, 0x79, 0x0, 0x57, 0x0, 0x0,
    0x1, 0xf3, 0x7, 0x90, 0xd, 0x60, 0x0, 0x0,
    0x8, 0x60, 0x79, 0x3, 0xa0, 0x0, 0x1, 0xff,
    0xff, 0xff, 0xff, 0xff, 0xff, 0x80, 0x0, 0x0,
    0x18, 0xf9, 0x75, 0x10, 0x0, 0x0, 0x0, 0x6d,
    0xb8, 0x95, 0xce, 0x81, 0x0, 0x1a, 0xfd, 0x50,
    0x56, 0x0, 0x2b, 0xf4, 0x0, 0x63, 0x0, 0x6,
    0x80, 0x0, 0x3, 0x0, 0x1, 0x11, 0x11, 0x8a,
    0x11, 0x11, 0x11, 0x8, 0xee, 0xee, 0xef, 0xfe,
    0xee, 0xee, 0xd0, 0x0, 0x0, 0x2, 0xf9, 0xc0,
    0x0, 0x0, 0x0, 0x0, 0x3, 0xd8, 0xa, 0xd4,
    0x0, 0x0, 0x0, 0x4a, 0xf8, 0x0, 0x6, 0xed,
    0x83, 0x7, 0xfe, 0x92, 0x0, 0x0, 0x0, 0x6c,
    0xd0, 0x12, 0x0, 0x0, 0x0, 0x0, 0x0, 0x0,
    0x0,

    /* U+7C89 "粉" */
    0x0, 0x8, 0x80, 0x0, 0x1, 0x1, 0x20, 0x0,
    0x8, 0x28, 0x85, 0xb0, 0x1f, 0x16, 0xa0, 0x0,
    0x9, 0x78, 0x88, 0x80, 0x5c, 0x1, 0xe1, 0x0,
    0x5, 0xb8, 0x8d, 0x30, 0xb7, 0x0, 0xa9, 0x0,
    0x1, 0x78, 0x88, 0x3, 0xe0, 0x0, 0x2f, 0x30,
    0x7, 0x7c, 0xc7, 0x4d, 0x70, 0x0, 0x8, 0xe1,
    0x8, 0x8f, 0xc8, 0x9b, 0xff, 0xff, 0xfd, 0xa2,
    0x0, 0x3f, 0xa0, 0x0, 0x5, 0xc0, 0x4d, 0x0,
    0x0, 0x9d, 0xf9, 0x0, 0x6, 0xa0, 0x4c, 0x0,
    0x2, 0xe8, 0x9d, 0x90, 0x9, 0x70, 0x5b, 0x0,
    0xc, 0x78, 0x82, 0x50, 0xe, 0x30, 0x6b, 0x0,
    0x1d, 0x8, 0x80, 0x0, 0x8c, 0x0, 0x79, 0x0,
    0x0, 0x8, 0x80, 0x6, 0xf3, 0x33, 0xb7, 0x0,
    0x0, 0x8, 0x80, 0x2f, 0x50, 0x8f, 0xe2, 0x0,
    0x0, 0x0, 0x0, 0x1, 0x0, 0x0, 0x0, 0x0,

    /* U+7C98 "粘" */
    0x0, 0x1, 0x10, 0x0, 0x0, 0x0, 0x0, 0x0,
    0x0, 0x7a, 0x0, 0x0, 0xe, 0x30, 0x0, 0xa,
    0x27, 0xa0, 0xf2, 0x0, 0xe3, 0x0, 0x0, 0xa7,
    0x7a, 0x4e, 0x0, 0xe, 0x41, 0x11, 0x5, 0xc7,
    0xa9, 0x80, 0x0, 0xef, 0xff, 0xe0, 0x19, 0x7a,
    0x82, 0x0, 0xe, 0x30, 0x0, 0x6, 0x6a, 0xc6,
    0x60, 0x0, 0xe3, 0x0, 0x1, 0x88, 0xed, 0x88,
    0x10, 0xe, 0x40, 0x0, 0x0, 0x2f, 0xc0, 0x7,
    0xff, 0xff, 0xff, 0x30, 0x9, 0xdf, 0xb1, 0x7b,
    0x0, 0x0, 0xe3, 0x3, 0xe7, 0xaa, 0xd7, 0xb0,
    0x0, 0xe, 0x30, 0xd7, 0x7a, 0x6, 0x7b, 0x0,
    0x0, 0xe3, 0x1b, 0x7, 0xa0, 0x7, 0xb0, 0x0,
    0xe, 0x30, 0x0, 0x7a, 0x0, 0x7f, 0xff, 0xff,
    0xf3, 0x0, 0x7, 0xa0, 0x7, 0xb0, 0x0, 0xe,
    0x30, 0x0, 0x0, 0x0, 0x0, 0x0, 0x0, 0x0,

    /* U+7CBE "精" */
    0x0, 0xd, 0x30, 0x0, 0x0, 0xe1, 0x0, 0x0,
    0xb, 0xd, 0x3a, 0x68, 0x88, 0xf9, 0x88, 0x60,
    0xb, 0x4d, 0x3e, 0x14, 0x44, 0xf5, 0x44, 0x30,
    0x8, 0x8d, 0x6c, 0x9, 0xdd, 0xfd, 0xdd, 0x50,
    0x3, 0x4d, 0x64, 0x0, 0x0, 0xe1, 0x0, 0x0,
    0x18, 0x8e, 0x98, 0x9e, 0xee, 0xee, 0xee, 0xe3,
    0x1a, 0xaf, 0xba, 0x20, 0x0, 0x0, 0x0, 0x0,
    0x0, 0x6f, 0x40, 0x3, 0xfe, 0xee, 0xef, 0x10,
    0x0, 0xde, 0xe4, 0x3, 0xd4, 0x44, 0x4f, 0x10,
    0x6, 0xbd, 0x5e, 0x43, 0xe7, 0x77, 0x7f, 0x10,
    0x2f, 0x3d, 0x32, 0x13, 0xea, 0xaa, 0xaf, 0x10,
    0x18, 0xd, 0x30, 0x3, 0xd3, 0x33, 0x3f, 0x10,
    0x0, 0xd, 0x30, 0x3, 0xd0, 0x2, 0x1f, 0x10,
    0x0, 0xd, 0x30, 0x3, 0xd0, 0x2f, 0xfc, 0x0,

    /* U+7CFB "系" */
    0x0, 0x0, 0x0, 0x13, 0x57, 0xad, 0x40, 0x9,
    0xcd, 0xef, 0xfe, 0xca, 0x85, 0x20, 0x2, 0x43,
    0x2a, 0xd1, 0x0, 0x30, 0x0, 0x0, 0x1, 0xbb,
    0x10, 0x1c, 0xd1, 0x0, 0x0, 0x5e, 0xb5, 0x67,
    0xec, 0x10, 0x0, 0x0, 0xff, 0xdc, 0xff, 0x91,
    0x0, 0x0, 0x0, 0x0, 0x3c, 0xe5, 0x8, 0xc1,
    0x0, 0x0, 0x2a, 0xf9, 0x10, 0x12, 0xde, 0x10,
    0x8, 0xff, 0xee, 0xef, 0xca, 0x9b, 0xd1, 0x2,
    0x45, 0x40, 0x4e, 0x3, 0x60, 0x70, 0x0, 0x2e,
    0x80, 0x4e, 0x4, 0xeb, 0x10, 0x5, 0xe9, 0x0,
    0x4e, 0x0, 0x1c, 0xe3, 0x5f, 0x60, 0x23, 0x6e,
    0x0, 0x0, 0xb9, 0x2, 0x0, 0x5f, 0xfa, 0x0,
    0x0, 0x0,

    /* U+7D22 "索" */
    0x0, 0x0, 0x0, 0xe3, 0x0, 0x0, 0x0, 0x5b,
    0xbb, 0xbb, 0xfc, 0xbb, 0xbb, 0x90, 0x14, 0x44,
    0x44, 0xf6, 0x44, 0x44, 0x30, 0x0, 0x0, 0x0,
    0xe3, 0x0, 0x0, 0x0, 0xef, 0xff, 0xff, 0xff,
    0xff, 0xff, 0xf3, 0xe3, 0x0, 0x4e, 0x50, 0x4,
    0x0, 0xd3, 0xa2, 0x19, 0xc3, 0x23, 0xcc, 0x10,
    0x92, 0x2, 0xff, 0xed, 0xff, 0x72, 0x0, 0x0,
    0x0, 0x0, 0x5d, 0x91, 0xb, 0x80, 0x0, 0x0,
    0x5d, 0xfa, 0xab, 0xcd, 0xfa, 0x0, 0xc, 0xed,
    0xcb, 0xec, 0x76, 0x5d, 0x50, 0x0, 0x2b, 0x40,
    0xa8, 0xb, 0x93, 0x0, 0x39, 0xe6, 0x21, 0xb7,
    0x0, 0x7f, 0xa1, 0x69, 0x10, 0xaf, 0xf4, 0x0,
    0x1, 0x70,

    /* U+7D27 "紧" */
    0xf, 0x13, 0xe0, 0xbf, 0xfe, 0xef, 0xb0, 0x0,
    0xf1, 0x3e, 0x0, 0x7b, 0x0, 0xd3, 0x0, 0xf,
    0x13, 0xe0, 0x0, 0x9b, 0xb6, 0x0, 0x0, 0xf1,
    0x3e, 0x0, 0x18, 0xee, 0x81, 0x0, 0x8, 0x3,
    0xe0, 0xcd, 0x81, 0x3e, 0xfb, 0x0, 0x0, 0x3e,
    0x41, 0x0, 0x0, 0x19, 0x90, 0x0, 0x3, 0xda,
    0x10, 0x6c, 0x20, 0x0, 0x0, 0xb, 0xfe, 0xde,
    0xfb, 0x33, 0x0, 0x0, 0x0, 0x33, 0x7d, 0xc5,
    0x3, 0xe6, 0x0, 0x0, 0x48, 0xef, 0xea, 0xbd,
    0xee, 0xf8, 0x0, 0x3, 0x88, 0x75, 0x7e, 0x13,
    0x22, 0x90, 0x0, 0x3, 0xd8, 0x4, 0xd0, 0x6e,
    0xa2, 0x0, 0x4b, 0xf7, 0x22, 0x6d, 0x0, 0x8,
    0xf7, 0x2, 0x81, 0x7, 0xff, 0x90, 0x0, 0x2,
    0x20,

    /* U+7D2F "累" */
    0x2, 0xfe, 0xee, 0xef, 0xee, 0xee, 0xd0, 0x0,
    0x2e, 0x0, 0x2, 0xe0, 0x0, 0x4d, 0x0, 0x2,
    0xfb, 0xbb, 0xbf, 0xbb, 0xbc, 0xd0, 0x0, 0x2e,
    0x22, 0x24, 0xe2, 0x22, 0x6d, 0x0, 0x2, 0xe2,
    0x22, 0x4e, 0x22, 0x26, 0xd0, 0x0, 0x1b, 0xbb,
    0xcf, 0xdb, 0xbb, 0xb9, 0x0, 0x0, 0x1, 0x7c,
    0x60, 0x3a, 0x60, 0x0, 0x0, 0xa, 0xff, 0xde,
    0xef, 0x71, 0x0, 0x0, 0x0, 0x22, 0x3a, 0xfa,
    0x24, 0xe2, 0x0, 0x0, 0x2, 0x9f, 0xb4, 0x33,
    0x4c, 0xf3, 0x0, 0x7, 0xff, 0xfe, 0xdf, 0xca,
    0x9a, 0xe0, 0x0, 0x1, 0x7a, 0x0, 0xe3, 0x1d,
    0x83, 0x0, 0x17, 0xdb, 0x22, 0x1f, 0x30, 0x18,
    0xf8, 0x2, 0xb4, 0x1, 0xef, 0xd1, 0x0, 0x3,
    0x70,

    /* U+7EA2 "红" */
    0x0, 0x0, 0x10, 0x0, 0x0, 0x0, 0x0, 0x0,
    0x0, 0x4e, 0x0, 0x0, 0x0, 0x0, 0x0, 0x0,
    0xa, 0x90, 0x8, 0xee, 0xee, 0xee, 0x60, 0x2,
    0xf1, 0x4, 0x13, 0x3b, 0x83, 0x31, 0x0, 0xc8,
    0x7, 0xc0, 0x0, 0xb7, 0x0, 0x0, 0x8f, 0x68,
    0xe4, 0x0, 0xb, 0x70, 0x0, 0xe, 0xda, 0xea,
    0x0, 0x0, 0xb7, 0x0, 0x0, 0x0, 0x5e, 0x10,
    0x0, 0xb, 0x70, 0x0, 0x0, 0x3e, 0x30, 0x0,
    0x0, 0xb7, 0x0, 0x0, 0x4f, 0xcb, 0xea, 0x0,
    0xb, 0x70, 0x0, 0x9, 0xc9, 0x62, 0x0, 0x0,
    0xb7, 0x0, 0x0, 0x0, 0x0, 0x3, 0x0, 0xb,
    0x70, 0x0, 0x0, 0x36, 0xae, 0xc0, 0x0, 0xb7,
    0x0, 0x0, 0xef, 0xb6, 0x11, 0xff, 0xff, 0xff,
    0xfe, 0x1, 0x0, 0x0, 0x2, 0x22, 0x22, 0x22,
    0x10,

    /* U+7EA7 "级" */
    0x0, 0x1, 0x50, 0x0, 0x0, 0x0, 0x0, 0x0,
    0x0, 0x7, 0xb0, 0xaf, 0xff, 0xff, 0xe0, 0x0,
    0x0, 0xd, 0x50, 0x1, 0xf0, 0x4, 0xd0, 0x0,
    0x0, 0x5d, 0x8, 0x91, 0xf0, 0x8, 0xa0, 0x0,
    0x0, 0xd5, 0xe, 0x32, 0xf2, 0xc, 0x60, 0x0,
    0xa, 0xe8, 0xcb, 0x2, 0xf4, 0x1f, 0x20, 0x0,
    0xc, 0xba, 0xf2, 0x3, 0xf9, 0x6f, 0xff, 0x20,
    0x0, 0xb, 0x80, 0x5, 0xdd, 0x0, 0x3e, 0x0,
    0x0, 0x8c, 0x14, 0x17, 0x9c, 0x50, 0x7a, 0x0,
    0x7, 0xfe, 0xfb, 0x2a, 0x75, 0xd0, 0xd4, 0x0,
    0x4, 0x63, 0x0, 0xe, 0x40, 0xcc, 0xc0, 0x0,
    0x0, 0x0, 0x3a, 0x6e, 0x0, 0x4f, 0x80, 0x0,
    0x3, 0x8d, 0xd6, 0xb8, 0x2, 0xea, 0xf7, 0x0,
    0xa, 0x93, 0x4, 0xe1, 0x6e, 0x80, 0x4f, 0xb1,
    0x0, 0x0, 0x8, 0x52, 0xd4, 0x0, 0x2, 0xa0,
    0x0, 0x0, 0x0, 0x0, 0x0, 0x0, 0x0, 0x0,

    /* U+7EB5 "纵" */
    0x0, 0x0, 0x0, 0x0, 0x0, 0x0, 0x0, 0x0,
    0x0, 0xe, 0x10, 0xe, 0x30, 0xd, 0x50, 0x0,
    0x0, 0x5c, 0x0, 0xe, 0x30, 0xd, 0x50, 0x0,
    0x0, 0xb6, 0x28, 0xe, 0x30, 0xd, 0x50, 0x0,
    0x3, 0xe0, 0x9a, 0xf, 0x20, 0xe, 0x50, 0x0,
    0xd, 0xb9, 0xf2, 0xf, 0x20, 0xe, 0x60, 0x0,
    0x1c, 0xad, 0x90, 0xf, 0x30, 0xf, 0x70, 0x0,
    0x0, 0x2e, 0x10, 0x2f, 0xa0, 0xf, 0x90, 0x0,
    0x0, 0xc6, 0x43, 0x4e, 0xf2, 0x2f, 0xc0, 0x0,
    0xa, 0xfe, 0xb4, 0x7b, 0x98, 0x4b, 0xf0, 0x0,
    0x6, 0x51, 0x0, 0xb7, 0x3d, 0x88, 0xb6, 0x0,
    0x0, 0x3, 0xb6, 0xf2, 0x4, 0xe3, 0x5c, 0x0,
    0x8, 0xdd, 0x58, 0xb0, 0x6, 0xb0, 0xe, 0x60,
    0x8, 0x40, 0x1f, 0x30, 0x2e, 0x30, 0x6, 0xe0,
    0x0, 0x0, 0x6, 0x0, 0x27, 0x0, 0x0, 0x30,

    /* U+7EBD "纽" */
    0x0, 0x1, 0x70, 0x0, 0x0, 0x0, 0x0, 0x0,
    0x0, 0x6, 0xb0, 0xf, 0xff, 0xff, 0xff, 0x0,
    0x0, 0xc, 0x40, 0x0, 0xe, 0x30, 0x2f, 0x0,
    0x0, 0x3d, 0x4, 0x60, 0xf, 0x20, 0x2f, 0x0,
    0x0, 0xc4, 0xb, 0x70, 0xf, 0x10, 0x2f, 0x0,
    0x6, 0xd7, 0xae, 0x0, 0xf, 0x0, 0x3e, 0x0,
    0xd, 0xfc, 0xf7, 0x0, 0x1f, 0x0, 0x3e, 0x0,
    0x1, 0x4, 0xd0, 0x5f, 0xff, 0xff, 0xfe, 0x0,
    0x0, 0x1e, 0x30, 0x1, 0x4d, 0x11, 0x4d, 0x0,
    0x1, 0xcc, 0x9c, 0x90, 0x4c, 0x0, 0x4d, 0x0,
    0x8, 0xfb, 0x83, 0x0, 0x5b, 0x0, 0x4d, 0x0,
    0x0, 0x0, 0x0, 0x0, 0x6a, 0x0, 0x5c, 0x0,
    0x0, 0x1, 0x5a, 0xb0, 0x79, 0x0, 0x5c, 0x0,
    0x7, 0xcf, 0xc7, 0x44, 0xaa, 0x44, 0x8d, 0x40,
    0x5, 0x51, 0x0, 0x8c, 0xcc, 0xcc, 0xcc, 0xc0,

    /* U+7EBF "线" */
    0x0, 0x5, 0x70, 0x0, 0xf, 0x5, 0x0, 0x0,
    0x0, 0xc, 0x70, 0x0, 0xf, 0x2a, 0xd3, 0x0,
    0x0, 0x3e, 0x3, 0x30, 0xf, 0x10, 0x42, 0x0,
    0x0, 0xc6, 0xc, 0x74, 0x5f, 0x9a, 0xce, 0x10,
    0x9, 0xd4, 0x7e, 0x2a, 0x9e, 0x74, 0x20, 0x0,
    0xf, 0xec, 0xf5, 0x0, 0xc, 0x50, 0x0, 0x10,
    0x0, 0x9, 0xa0, 0x36, 0x8d, 0xdd, 0xee, 0x80,
    0x0, 0x6d, 0x10, 0x69, 0x7a, 0xb2, 0x15, 0x0,
    0x5, 0xfb, 0xde, 0x10, 0x4, 0xd0, 0xab, 0x0,
    0x8, 0xa6, 0x20, 0x0, 0x0, 0xfa, 0xc0, 0x0,
    0x0, 0x0, 0x3, 0x30, 0x1, 0xdd, 0x10, 0x81,
    0x0, 0x49, 0xdd, 0x40, 0x5e, 0xcd, 0x0, 0xf1,
    0xd, 0xd8, 0x30, 0x5e, 0xd4, 0xb, 0xb8, 0xc0,
    0x0, 0x0, 0x0, 0x14, 0x0, 0x1, 0xbf, 0x40,

    /* U+7EC3 "练" */
    0x0, 0x0, 0x0, 0x0, 0x0, 0x0, 0x0, 0x0,
    0x0, 0x9, 0x50, 0x0, 0xf, 0x20, 0x0, 0x0,
    0x0, 0xf, 0x20, 0x0, 0x2e, 0x0, 0x0, 0x0,
    0x0, 0x5c, 0x0, 0xef, 0xff, 0xff, 0xff, 0x80,
    0x0, 0xd5, 0x1d, 0x21, 0xa8, 0x11, 0x11, 0x0,
    0x7, 0xc0, 0x7b, 0x24, 0xd7, 0x41, 0x0, 0x0,
    0x1f, 0xee, 0xf3, 0x7d, 0xfc, 0xe6, 0x0, 0x0,
    0x5, 0x48, 0xa0, 0x7, 0xa0, 0xb6, 0x0, 0x0,
    0x0, 0x2e, 0x10, 0xd, 0x62, 0xb8, 0x22, 0x0,
    0x1, 0xd8, 0x7b, 0x3d, 0xee, 0xfe, 0xee, 0x40,
    0xb, 0xfc, 0x84, 0x0, 0x60, 0xc5, 0x61, 0x0,
    0x1, 0x0, 0x2, 0x7, 0xc0, 0xc5, 0xac, 0x0,
    0x0, 0x38, 0xdd, 0x7f, 0x20, 0xc5, 0xc, 0xa0,
    0xd, 0xe9, 0x30, 0xd4, 0x32, 0xd5, 0x2, 0xa0,
    0x2, 0x0, 0x0, 0x0, 0xaf, 0xe2, 0x0, 0x0,

    /* U+7EC4 "组" */
    0x0, 0x3, 0x60, 0x0, 0x0, 0x0, 0x0, 0x0,
    0x0, 0x9, 0xa0, 0x6, 0xff, 0xff, 0xfa, 0x0,
    0x0, 0xe, 0x30, 0x6, 0xb0, 0x0, 0x7a, 0x0,
    0x0, 0x6c, 0x6, 0x96, 0xb0, 0x0, 0x7a, 0x0,
    0x0, 0xe5, 0xd, 0x56, 0xb0, 0x0, 0x7a, 0x0,
    0x8, 0xc2, 0x6d, 0x6, 0xb2, 0x22, 0x8a, 0x0,
    0x1f, 0xff, 0xf4, 0x6, 0xfd, 0xdd, 0xea, 0x0,
    0x4, 0x25, 0xb0, 0x6, 0xb0, 0x0, 0x7a, 0x0,
    0x0, 0x1e, 0x20, 0x6, 0xb0, 0x0, 0x7a, 0x0,
    0x0, 0xc9, 0x6a, 0x56, 0xc3, 0x33, 0x9a, 0x0,
    0xb, 0xfe, 0xa6, 0x16, 0xeb, 0xbb, 0xda, 0x0,
    0x2, 0x10, 0x0, 0x6, 0xb0, 0x0, 0x7a, 0x0,
    0x0, 0x0, 0x5a, 0x66, 0xb0, 0x0, 0x7a, 0x0,
    0x7, 0xcf, 0xb6, 0x37, 0xb2, 0x22, 0x8a, 0x20,
    0x8, 0x61, 0x1, 0xdd, 0xdd, 0xdd, 0xdd, 0xd2,

    /* U+7EC6 "细" */
    0x0, 0x0, 0x0, 0x0, 0x0, 0x0, 0x0, 0x0,
    0x0, 0x5a, 0x0, 0x0, 0x0, 0x0, 0x0, 0x0,
    0xb, 0x70, 0xe, 0xff, 0xff, 0xff, 0x20, 0x3,
    0xe1, 0x10, 0xe1, 0xe, 0x10, 0xe2, 0x0, 0xc7,
    0xd, 0x5e, 0x10, 0xe1, 0xe, 0x20, 0x9e, 0x59,
    0xd0, 0xe1, 0xe, 0x10, 0xe2, 0xe, 0xcb, 0xf4,
    0xe, 0x10, 0xe1, 0xe, 0x20, 0x0, 0x9a, 0x0,
    0xee, 0xef, 0xee, 0xf2, 0x0, 0x5d, 0x1, 0xe,
    0x20, 0xe1, 0xe, 0x20, 0x5f, 0xcd, 0xe3, 0xe1,
    0xe, 0x10, 0xe2, 0x8, 0xa7, 0x30, 0xe, 0x10,
    0xe1, 0xe, 0x20, 0x0, 0x0, 0x0, 0xe1, 0xe,
    0x10, 0xe2, 0x0, 0x4, 0x9e, 0x6e, 0x20, 0xe1,
    0xe, 0x20, 0xbf, 0xd8, 0x20, 0xef, 0xff, 0xff,
    0xf2, 0x4, 0x20, 0x0, 0xe, 0x10, 0x0, 0xe,
    0x20,

    /* U+7EC8 "终" */
    0x0, 0x1, 0x10, 0x0, 0x3, 0x10, 0x0, 0x0,
    0x0, 0x8, 0xa0, 0x0, 0xe, 0x40, 0x0, 0x0,
    0x0, 0xe, 0x40, 0x0, 0x5f, 0xee, 0xe9, 0x0,
    0x0, 0x6c, 0x7, 0x70, 0xd8, 0x11, 0xb7, 0x0,
    0x0, 0xe4, 0xe, 0x48, 0xde, 0x2, 0xe1, 0x0,
    0xa, 0xe9, 0xcb, 0x5e, 0x18, 0xab, 0x70, 0x0,
    0xa, 0x98, 0xf2, 0x12, 0x0, 0xde, 0x0, 0x0,
    0x0, 0xb, 0x80, 0x0, 0x9, 0xdc, 0xc1, 0x0,
    0x0, 0x8b, 0x15, 0x13, 0xcb, 0x10, 0x9f, 0x91,
    0x7, 0xfd, 0xe9, 0x7e, 0x64, 0xb3, 0x3, 0xa0,
    0x5, 0x62, 0x0, 0x1, 0x0, 0x7f, 0x90, 0x0,
    0x0, 0x0, 0x5, 0x40, 0x62, 0x1, 0x70, 0x0,
    0x1, 0x6b, 0xfb, 0x30, 0x9f, 0xb4, 0x0, 0x0,
    0xc, 0xc7, 0x10, 0x0, 0x0, 0x6e, 0xd5, 0x0,
    0x0, 0x0, 0x0, 0x0, 0x0, 0x0, 0x67, 0x0,

    /* U+7ECF "经" */
    0x0, 0x2, 0x60, 0x0, 0x0, 0x0, 0x0, 0x0,
    0x0, 0x7, 0xb0, 0x9, 0xff, 0xff, 0xf7, 0x0,
    0x0, 0xe, 0x40, 0x0, 0x0, 0x1, 0xe2, 0x0,
    0x0, 0x6c, 0x7, 0xb0, 0x0, 0xb, 0x80, 0x0,
    0x1, 0xe3, 0xe, 0x50, 0x0, 0x9e, 0x0, 0x0,
    0xc, 0xd9, 0xdc, 0x0, 0xa, 0xde, 0xb1, 0x0,
    0xc, 0xa8, 0xf3, 0x4, 0xdb, 0x11, 0xce, 0x30,
    0x0, 0xa, 0x90, 0x9e, 0x60, 0x0, 0xb, 0xe1,
    0x0, 0x6d, 0x0, 0x10, 0x0, 0x0, 0x0, 0x30,
    0x5, 0xfa, 0xbe, 0x4a, 0xff, 0xff, 0xff, 0x30,
    0x9, 0xb7, 0x40, 0x0, 0x0, 0xe3, 0x0, 0x0,
    0x0, 0x0, 0x0, 0x10, 0x0, 0xe2, 0x0, 0x0,
    0x0, 0x2, 0x7d, 0xa0, 0x0, 0xe2, 0x0, 0x0,
    0x9, 0xef, 0xa5, 0x24, 0x44, 0xe6, 0x44, 0x40,
    0x6, 0x40, 0x0, 0x7c, 0xcc, 0xcc, 0xcc, 0xc0,

    /* U+7ED1 "绑" */
    0x0, 0x3c, 0x0, 0xd, 0x30, 0xaf, 0xff, 0x60,
    0x8, 0x60, 0x0, 0xd3, 0xa, 0x60, 0xb6, 0x0,
    0xd1, 0x28, 0xef, 0xee, 0xb6, 0xe, 0x20, 0x59,
    0xe, 0x30, 0xd3, 0xa, 0x62, 0xe0, 0xe, 0x79,
    0xb0, 0xd, 0x30, 0xa6, 0x6a, 0x5, 0xeb, 0xf4,
    0x7f, 0xff, 0xaa, 0x6a, 0x70, 0x0, 0x7a, 0x0,
    0xd, 0x30, 0xa6, 0x3e, 0x0, 0x2d, 0x11, 0x0,
    0xe2, 0xa, 0x60, 0xb5, 0x1d, 0xde, 0xad, 0xef,
    0xee, 0xb6, 0x7, 0x90, 0xa6, 0x10, 0x11, 0xf1,
    0x1a, 0x60, 0x5b, 0x0, 0x0, 0x20, 0x4d, 0x0,
    0xa7, 0x69, 0xb0, 0x16, 0xbe, 0x1c, 0x60, 0xa,
    0x6c, 0xd4, 0x4f, 0xb5, 0x9, 0xc0, 0x0, 0xa6,
    0x0, 0x0, 0x10, 0x7, 0xc1, 0x0, 0xa, 0x60,
    0x0, 0x0, 0x0, 0x0, 0x0, 0x0, 0x0, 0x0,
    0x0,

    /* U+7EDD "绝" */
    0x0, 0x0, 0x0, 0x0, 0x11, 0x0, 0x0, 0x0,
    0x0, 0x87, 0x0, 0xa, 0x70, 0x0, 0x0, 0x0,
    0xe, 0x30, 0x1, 0xff, 0xee, 0x70, 0x0, 0x5,
    0xc0, 0x10, 0x89, 0x0, 0xe2, 0x0, 0x0, 0xd3,
    0x1f, 0x5e, 0x10, 0x88, 0x0, 0x0, 0x9a, 0x5a,
    0xcc, 0xff, 0xff, 0xff, 0xf0, 0x2f, 0xfe, 0xf6,
    0xbe, 0x20, 0xf0, 0xf, 0x0, 0x20, 0x99, 0x0,
    0xe2, 0xf, 0x0, 0xf0, 0x0, 0x4e, 0x10, 0xe,
    0x20, 0xf0, 0xf, 0x0, 0x2e, 0x88, 0xc2, 0xee,
    0xee, 0xee, 0xe0, 0xd, 0xfc, 0x83, 0xe, 0x20,
    0x0, 0x0, 0x0, 0x10, 0x0, 0x0, 0xe2, 0x0,
    0x0, 0x13, 0x0, 0x3, 0x8c, 0x2e, 0x20, 0x0,
    0x4, 0xd2, 0xbf, 0xd8, 0x20, 0xe6, 0x21, 0x13,
    0xaa, 0x6, 0x20, 0x0, 0x8, 0xef, 0xff, 0xec,
    0x30,

    /* U+7EDF "统" */
    0x0, 0x0, 0x0, 0x0, 0x0, 0x10, 0x0, 0x0,
    0x0, 0x5, 0x90, 0x0, 0x7, 0xc0, 0x0, 0x0,
    0x0, 0xc, 0x70, 0x0, 0x0, 0xd6, 0x0, 0x0,
    0x0, 0x2e, 0x3, 0x4f, 0xff, 0xff, 0xff, 0x90,
    0x0, 0xb7, 0xc, 0x60, 0x1f, 0x21, 0x30, 0x0,
    0x6, 0xd3, 0x7e, 0x0, 0x99, 0x3, 0xe1, 0x0,
    0xe, 0xfd, 0xf6, 0x4, 0xe1, 0x12, 0xbb, 0x0,
    0x1, 0x7, 0xd0, 0xf, 0xff, 0xec, 0xae, 0x60,
    0x0, 0x3f, 0x30, 0x2, 0x10, 0x0, 0x4, 0x30,
    0x1, 0xe9, 0x6a, 0x20, 0x89, 0xe, 0x30, 0x0,
    0xa, 0xfd, 0x95, 0x0, 0x98, 0xe, 0x30, 0x0,
    0x1, 0x0, 0x0, 0x0, 0xa7, 0xe, 0x30, 0x40,
    0x0, 0x0, 0x49, 0x61, 0xf3, 0xe, 0x30, 0xf1,
    0x7, 0xcf, 0xc6, 0x1b, 0xb0, 0xd, 0x54, 0xf0,
    0x7, 0x61, 0x1, 0xdc, 0x10, 0xa, 0xff, 0x90,
    0x0, 0x0, 0x0, 0x30, 0x0, 0x0, 0x0, 0x0,

    /* U+7EED "续" */
    0x0, 0x8, 0x40, 0x0, 0x5, 0xc0, 0x0, 0x0,
    0x0, 0xf3, 0x2, 0xff, 0xff, 0xff, 0xf0, 0x0,
    0x5c, 0x3, 0x0, 0x5, 0xc0, 0x0, 0x0, 0xd,
    0x54, 0xe3, 0x44, 0x7d, 0x44, 0x41, 0x7, 0xc1,
    0xb7, 0x9b, 0xbb, 0xbb, 0xbe, 0x91, 0xff, 0xfe,
    0x0, 0xa5, 0x4, 0x70, 0xd4, 0x4, 0x2b, 0x60,
    0x2, 0xca, 0x7a, 0x4e, 0x0, 0x6, 0xc0, 0x9,
    0xa2, 0x29, 0x81, 0x20, 0x3, 0xe6, 0x87, 0x7,
    0xe0, 0xb6, 0x0, 0x0, 0xdf, 0xb7, 0x24, 0x45,
    0x4f, 0x64, 0x43, 0x1, 0x0, 0x2, 0xcc, 0xce,
    0xec, 0xcc, 0xb0, 0x0, 0x38, 0xb0, 0x2, 0xf5,
    0x93, 0x0, 0x9, 0xef, 0x92, 0x5, 0xe8, 0x6,
    0xe9, 0x0, 0x74, 0x0, 0x7f, 0xd5, 0x0, 0x1,
    0xda, 0x0, 0x0, 0x2, 0x40, 0x0, 0x0, 0x1,
    0x20,

    /* U+7EFF "绿" */
    0x0, 0x2, 0x20, 0x0, 0x0, 0x0, 0x0, 0x0,
    0x0, 0xa, 0x90, 0x2f, 0xff, 0xff, 0xf6, 0x0,
    0x0, 0x1f, 0x20, 0x0, 0x0, 0x0, 0xc4, 0x0,
    0x0, 0x7b, 0x0, 0x0, 0x0, 0x0, 0xd3, 0x0,
    0x0, 0xe3, 0x1e, 0x1a, 0xff, 0xff, 0xf2, 0x0,
    0xa, 0xc6, 0xbb, 0x0, 0x0, 0x0, 0xf1, 0x0,
    0x1d, 0xbb, 0xf2, 0xee, 0xee, 0xee, 0xfe, 0xe1,
    0x0, 0xc, 0x70, 0x1, 0x0, 0xf4, 0x2, 0x10,
    0x0, 0x8b, 0x1, 0x1e, 0x30, 0xf8, 0x1d, 0x80,
    0x7, 0xfb, 0xec, 0x6, 0xf2, 0xfd, 0xc9, 0x0,
    0x8, 0x85, 0x10, 0x0, 0x31, 0xf7, 0xc0, 0x0,
    0x0, 0x0, 0x29, 0x1, 0xb7, 0xf1, 0xd7, 0x0,
    0x1, 0x6c, 0xe7, 0x7e, 0x80, 0xf0, 0x3f, 0x80,
    0xc, 0xb5, 0x2, 0xc3, 0x22, 0xf0, 0x4, 0xc1,
    0x0, 0x0, 0x0, 0x0, 0xcf, 0xc0, 0x0, 0x0,

    /* U+7F13 "缓" */
    0x0, 0x2, 0x70, 0x0, 0x12, 0x47, 0xab, 0x10,
    0x0, 0x8, 0xa0, 0xaf, 0xdc, 0xb8, 0x54, 0x0,
    0x0, 0xe, 0x40, 0x7, 0x35, 0xb0, 0x1f, 0x20,
    0x0, 0x4c, 0xa, 0x48, 0xa1, 0xf1, 0x7c, 0x0,
    0x0, 0xd4, 0x1f, 0x22, 0xd0, 0x93, 0xd5, 0x0,
    0x7, 0xe7, 0xbb, 0x8c, 0xcc, 0xcc, 0xfc, 0x80,
    0xf, 0xfc, 0xf3, 0x12, 0x7a, 0x22, 0x22, 0x10,
    0x1, 0x9, 0xa0, 0x23, 0x9a, 0x33, 0x33, 0x30,
    0x0, 0x3e, 0x10, 0xbc, 0xed, 0xcc, 0xcc, 0xc0,
    0x1, 0xe9, 0x8c, 0x20, 0xd6, 0x22, 0x21, 0x0,
    0xa, 0xeb, 0x73, 0x1, 0xff, 0xcc, 0xec, 0x0,
    0x0, 0x0, 0x0, 0x28, 0xac, 0x50, 0xd4, 0x0,
    0x0, 0x4, 0x9e, 0x7e, 0x31, 0xdc, 0x90, 0x0,
    0xa, 0xfc, 0x61, 0xc9, 0x3, 0xde, 0xc4, 0x0,
    0x4, 0x20, 0xa, 0xb3, 0xcd, 0x50, 0x5d, 0xe1,
    0x0, 0x0, 0x1, 0x0, 0x40, 0x0, 0x0, 0x10,

    /* U+7F16 "编" */
    0x0, 0x0, 0x0, 0x0, 0x0, 0x10, 0x0, 0x0,
    0x0, 0x5, 0x70, 0x0, 0x1, 0xe2, 0x0, 0x0,
    0x0, 0xc, 0x60, 0x0, 0x0, 0x6b, 0x0, 0x0,
    0x0, 0x2e, 0x0, 0x1f, 0xee, 0xee, 0xef, 0xb0,
    0x0, 0xa5, 0x1e, 0x3e, 0x0, 0x0, 0x4, 0xb0,
    0x4, 0xe6, 0xbb, 0x1f, 0xbb, 0xbb, 0xbc, 0xb0,
    0xe, 0xfd, 0xf3, 0x1e, 0x33, 0x33, 0x33, 0x20,
    0x2, 0x9, 0xa0, 0x2e, 0x22, 0x22, 0x22, 0x20,
    0x0, 0x3e, 0x10, 0x3f, 0xec, 0xfc, 0xfc, 0xf2,
    0x1, 0xe9, 0x7a, 0x4f, 0xb1, 0xd0, 0xe0, 0xe2,
    0xa, 0xfb, 0x72, 0x7e, 0xb1, 0xd1, 0xe1, 0xe2,
    0x1, 0x0, 0x1, 0xaa, 0xec, 0xfc, 0xfc, 0xf2,
    0x0, 0x27, 0xca, 0xf7, 0xb1, 0xd0, 0xe0, 0xe2,
    0xd, 0xd8, 0x27, 0xb5, 0xb1, 0xd0, 0xe2, 0xe1,
    0x1, 0x0, 0x3, 0x45, 0xb0, 0xc0, 0xc7, 0xb0,

    /* U+7F29 "缩" */
    0x0, 0x0, 0x0, 0x0, 0x0, 0x0, 0x0, 0x0,
    0x0, 0x7, 0x30, 0x0, 0x5, 0xb0, 0x0, 0x0,
    0x0, 0xf, 0x20, 0x1, 0x11, 0xe4, 0x11, 0x0,
    0x0, 0x6a, 0x0, 0xee, 0xee, 0xee, 0xee, 0xc0,
    0x0, 0xd2, 0x49, 0xe3, 0x0, 0x0, 0x4, 0xc0,
    0x9, 0xb7, 0xd7, 0xaa, 0xcb, 0xbb, 0xbc, 0xf0,
    0x3f, 0xdd, 0xe0, 0xd, 0x43, 0x3d, 0x63, 0x30,
    0x0, 0xd, 0x50, 0x3f, 0x0, 0xf, 0x0, 0x0,
    0x0, 0x7b, 0x0, 0xaf, 0xc, 0xee, 0xef, 0x60,
    0x4, 0xf7, 0xa7, 0xff, 0xc, 0x40, 0x9, 0x60,
    0xe, 0xea, 0x54, 0x8f, 0xc, 0x62, 0x2a, 0x60,
    0x0, 0x0, 0x0, 0x1f, 0xc, 0xcb, 0xbe, 0x60,
    0x0, 0x26, 0xab, 0x1f, 0xc, 0x40, 0x9, 0x60,
    0xe, 0xe9, 0x30, 0x1f, 0xc, 0xdc, 0xce, 0x60,
    0x1, 0x0, 0x0, 0x1f, 0xc, 0x52, 0x2a, 0x60,

    /* U+7F6E "置" */
    0x0, 0xed, 0xde, 0xed, 0xdf, 0xdd, 0xe6, 0x0,
    0x0, 0xe2, 0x7, 0x90, 0x1f, 0x0, 0xa6, 0x0,
    0x0, 0xeb, 0xac, 0xda, 0xaf, 0xaa, 0xe6, 0x0,
    0x0, 0x22, 0x22, 0x2c, 0x62, 0x22, 0x21, 0x0,
    0x3e, 0xee, 0xee, 0xef, 0xee, 0xee, 0xee, 0xa0,
    0x0, 0x0, 0x0, 0xc, 0x50, 0x0, 0x0, 0x0,
    0x0, 0x1f, 0xdd, 0xdd, 0xdd, 0xde, 0x90, 0x0,
    0x0, 0x1f, 0x11, 0x11, 0x11, 0x18, 0x90, 0x0,
    0x0, 0x1f, 0xbb, 0xbb, 0xbb, 0xbd, 0x90, 0x0,
    0x0, 0x1f, 0x88, 0x88, 0x88, 0x8b, 0x90, 0x0,
    0x0, 0x1f, 0x33, 0x33, 0x33, 0x39, 0x90, 0x0,
    0x0, 0x1f, 0xdd, 0xdd, 0xdd, 0xde, 0x90, 0x0,
    0x0, 0x1f, 0x0, 0x0, 0x0, 0x7, 0xa0, 0x0,
    0x7d, 0xdd, 0xdd, 0xdd, 0xdd, 0xdd, 0xdd, 0xd1,

    /* U+7F8E "美" */
    0x0, 0x0, 0x0, 0x0, 0x0, 0x0, 0x0, 0x0,
    0x0, 0x4b, 0x0, 0x1, 0xd3, 0x0, 0x0, 0x0,
    0x0, 0xd6, 0x0, 0x8b, 0x0, 0x0, 0x4, 0xee,
    0xee, 0xef, 0xfe, 0xee, 0xee, 0x40, 0x0, 0x0,
    0x0, 0x98, 0x0, 0x0, 0x0, 0x0, 0x8f, 0xff,
    0xff, 0xff, 0xff, 0xf9, 0x0, 0x0, 0x0, 0x0,
    0x98, 0x0, 0x0, 0x0, 0xb, 0xcc, 0xcc, 0xce,
    0xec, 0xcc, 0xcc, 0xb0, 0x33, 0x33, 0x33, 0xb9,
    0x33, 0x33, 0x33, 0x0, 0x0, 0x0, 0x9, 0x80,
    0x0, 0x0, 0x0, 0xaf, 0xff, 0xff, 0xff, 0xff,
    0xff, 0xfb, 0x0, 0x0, 0x0, 0x3e, 0xd6, 0x0,
    0x0, 0x0, 0x0, 0x0, 0x3e, 0x61, 0xda, 0x20,
    0x0, 0x0, 0x4, 0xaf, 0x60, 0x0, 0x9f, 0xc7,
    0x40, 0x8f, 0xd8, 0x10, 0x0, 0x0, 0x28, 0xca,
    0x1, 0x10, 0x0, 0x0, 0x0, 0x0, 0x0, 0x0,

    /* U+7FD4 "翔" */
    0x6, 0x50, 0x67, 0x0, 0x0, 0x0, 0x0, 0x0,
    0x4c, 0xb, 0x7d, 0xdd, 0xca, 0xdd, 0xd3, 0x1,
    0xb2, 0xe1, 0x22, 0x4e, 0x22, 0x2d, 0x45, 0xee,
    0xfe, 0xe4, 0x12, 0xe4, 0x50, 0xc4, 0x0, 0xe,
    0x20, 0x9c, 0x2e, 0x3f, 0x1c, 0x40, 0xbc, 0xfc,
    0xa0, 0xe7, 0xe0, 0xb8, 0xc4, 0x2, 0x3f, 0x42,
    0x4, 0x2e, 0x2, 0x1c, 0x40, 0x0, 0xe2, 0x0,
    0x3, 0xe0, 0x8, 0xc4, 0x6b, 0xbf, 0xcb, 0xa,
    0xae, 0xb, 0xbc, 0x42, 0x44, 0xf4, 0x8e, 0xb2,
    0xeb, 0xa0, 0xc4, 0x0, 0x2e, 0x6, 0x70, 0x2e,
    0x20, 0xc, 0x40, 0x7, 0xa0, 0x0, 0x2, 0xe0,
    0x0, 0xc4, 0x1, 0xe4, 0x0, 0x2, 0x3e, 0x2,
    0x1d, 0x40, 0xd9, 0x0, 0x2, 0xef, 0xa0, 0xaf,
    0xe1, 0x2, 0x0, 0x0, 0x0, 0x0, 0x0, 0x0,
    0x0,

    /* U+7FFB "翻" */
    0x0, 0x1, 0x36, 0x91, 0x0, 0x0, 0x0, 0x0,
    0xae, 0xdf, 0x97, 0x5f, 0xff, 0x6f, 0xfe, 0x0,
    0xb0, 0xf0, 0xe1, 0x11, 0xe2, 0x12, 0xf0, 0xb,
    0x4f, 0x3c, 0x0, 0xe, 0x20, 0x1f, 0x0, 0x53,
    0xf8, 0x60, 0xb0, 0xe3, 0xe1, 0xf1, 0xee, 0xff,
    0xee, 0xcc, 0x5e, 0x2d, 0x4f, 0x0, 0x3c, 0xf9,
    0x10, 0x6a, 0xe2, 0x88, 0xf0, 0x3d, 0x2f, 0x6e,
    0x52, 0x8e, 0x23, 0x5f, 0x3e, 0x31, 0xf1, 0x35,
    0x0, 0xe2, 0x3, 0xf0, 0x4f, 0xdf, 0xdf, 0x40,
    0x8e, 0x27, 0xdf, 0x3, 0xc0, 0xf0, 0xb5, 0xb9,
    0xe7, 0xe3, 0xf0, 0x3f, 0xdf, 0xdf, 0x79, 0xe,
    0x42, 0x1f, 0x3, 0xc0, 0xf0, 0xb4, 0x0, 0xe2,
    0x1, 0xf0, 0x3c, 0x2f, 0x2b, 0x40, 0xf, 0x20,
    0x2e, 0x3, 0xfb, 0xbb, 0xb3, 0x8f, 0xd0, 0xaf,
    0xb0, 0x0, 0x0, 0x0, 0x0, 0x0, 0x0, 0x0,

    /* U+7FFC "翼" */
    0xb, 0xee, 0xee, 0xf7, 0xee, 0xee, 0xef, 0x50,
    0x0, 0x7b, 0x30, 0x97, 0x1d, 0x81, 0xb, 0x50,
    0x0, 0x6, 0xba, 0xb7, 0x0, 0x97, 0x9b, 0x50,
    0x9, 0xdc, 0x72, 0x86, 0x9e, 0xb7, 0x2b, 0x50,
    0x2, 0x27, 0x77, 0x77, 0x87, 0x77, 0x72, 0x0,
    0x0, 0x5d, 0x66, 0x6b, 0xa6, 0x66, 0xd5, 0x0,
    0x0, 0x5e, 0xbb, 0xbd, 0xdb, 0xbb, 0xe5, 0x0,
    0x0, 0x5b, 0x11, 0x19, 0x71, 0x11, 0xb5, 0x0,
    0x0, 0x3b, 0xbf, 0xbb, 0xbb, 0xfb, 0xb3, 0x0,
    0x1, 0x99, 0x9f, 0x99, 0x99, 0xf9, 0x99, 0x10,
    0x0, 0x33, 0x3f, 0x33, 0x34, 0xe3, 0x33, 0x0,
    0x2d, 0xdd, 0xdd, 0xdd, 0xdd, 0xdd, 0xdd, 0xd2,
    0x0, 0x1, 0x6d, 0x50, 0x5, 0xeb, 0x61, 0x0,
    0x6, 0xce, 0x93, 0x0, 0x0, 0x5, 0xaf, 0x80,
    0x2, 0x30, 0x0, 0x0, 0x0, 0x0, 0x1, 0x0,

    /* U+8005 "者" */
    0x0, 0x0, 0x0, 0xf, 0x10, 0x0, 0x10, 0x0,
    0x0, 0x0, 0x0, 0x1f, 0x10, 0x1, 0xe6, 0x0,
    0x0, 0x1e, 0xee, 0xef, 0xee, 0xec, 0xa0, 0x0,
    0x0, 0x0, 0x0, 0x2f, 0x0, 0xba, 0x0, 0x0,
    0x1, 0x11, 0x11, 0x3f, 0x1b, 0xd3, 0x33, 0x30,
    0x2f, 0xff, 0xff, 0xff, 0xfd, 0xdd, 0xdd, 0xd1,
    0x0, 0x0, 0x0, 0x8c, 0x30, 0x0, 0x0, 0x0,
    0x0, 0x0, 0x5e, 0xff, 0xff, 0xff, 0xb0, 0x0,
    0x0, 0x6d, 0xea, 0x0, 0x0, 0x5, 0xc0, 0x0,
    0x2e, 0xd4, 0x8a, 0x0, 0x0, 0x5, 0xc0, 0x0,
    0x5, 0x0, 0x8f, 0xee, 0xee, 0xee, 0xc0, 0x0,
    0x0, 0x0, 0x8a, 0x0, 0x0, 0x5, 0xc0, 0x0,
    0x0, 0x0, 0x8e, 0xcc, 0xcc, 0xcd, 0xc0, 0x0,
    0x0, 0x0, 0x8b, 0x33, 0x33, 0x37, 0xc0, 0x0,

    /* U+8017 "耗" */
    0x0, 0x3, 0xd0, 0x0, 0x0, 0x0, 0x45, 0x0,
    0x1, 0x14, 0xd1, 0x10, 0x1, 0x6d, 0xe7, 0x0,
    0xa, 0xde, 0xfd, 0xd7, 0xde, 0xf5, 0x0, 0x0,
    0x0, 0x3, 0xd0, 0x0, 0x20, 0xf1, 0x0, 0x0,
    0x6, 0xff, 0xff, 0xe0, 0x13, 0xf7, 0x8a, 0x60,
    0x0, 0x3, 0xd0, 0x4, 0xcb, 0xf8, 0x64, 0x20,
    0xc, 0xdd, 0xfd, 0xd6, 0x0, 0xf1, 0x0, 0x0,
    0x2, 0x2a, 0xe2, 0x21, 0x24, 0xf9, 0xac, 0xe0,
    0x0, 0x1e, 0xfa, 0x9, 0xec, 0xf9, 0x75, 0x30,
    0x0, 0x99, 0xea, 0xd2, 0x0, 0xf1, 0x0, 0x0,
    0x4, 0xd3, 0xd0, 0x94, 0x0, 0xf1, 0x0, 0x91,
    0x1f, 0x43, 0xd0, 0x0, 0x0, 0xf1, 0x0, 0xf1,
    0x6, 0x3, 0xd0, 0x0, 0x0, 0xf4, 0x15, 0xf0,
    0x0, 0x3, 0xd0, 0x0, 0x0, 0xaf, 0xfe, 0x80,

    /* U+8026 "耦" */
    0x0, 0x6, 0xa0, 0x8, 0xfe, 0xfe, 0xef, 0x30,
    0xcc, 0xde, 0xcb, 0x86, 0xc, 0x20, 0xd3, 0x2,
    0x27, 0xb2, 0x28, 0x84, 0xd6, 0x4d, 0x30, 0x0,
    0x6a, 0x0, 0x8d, 0xcf, 0xdc, 0xf3, 0x8, 0xff,
    0xff, 0x98, 0x60, 0xc2, 0xd, 0x30, 0x0, 0x6a,
    0x0, 0x8c, 0x9e, 0xa9, 0xe3, 0x1b, 0xbd, 0xeb,
    0xb1, 0x33, 0xd5, 0x33, 0x0, 0x22, 0xeb, 0x22,
    0xbc, 0xcf, 0xcc, 0xc9, 0x0, 0x6e, 0xf4, 0xf,
    0x33, 0xd5, 0x46, 0xc0, 0xd, 0x8b, 0xd5, 0xf0,
    0xc, 0x3c, 0x4c, 0xa, 0x96, 0xa2, 0x5f, 0x48,
    0xed, 0xe6, 0xc3, 0xe0, 0x6a, 0x0, 0xf4, 0x74,
    0x14, 0x7c, 0x2, 0x6, 0xa0, 0xf, 0x0, 0x1,
    0x26, 0xc0, 0x0, 0x6a, 0x0, 0xf0, 0x0, 0x2c,
    0xc6,

    /* U+8054 "联" */
    0x0, 0x0, 0x0, 0x0, 0x70, 0x0, 0x75, 0x0,
    0xf, 0xff, 0xff, 0xf0, 0xd4, 0x0, 0xd6, 0x0,
    0x1, 0xe0, 0xf, 0x10, 0x6b, 0x1, 0xf1, 0x0,
    0x1, 0xe0, 0xf, 0x10, 0x2b, 0x7, 0xa0, 0x0,
    0x1, 0xe0, 0xf, 0x19, 0xaa, 0xae, 0xca, 0x80,
    0x1, 0xfe, 0xef, 0x17, 0x88, 0xf9, 0x88, 0x60,
    0x1, 0xe0, 0xf, 0x10, 0x0, 0xe2, 0x0, 0x0,
    0x1, 0xe2, 0x2f, 0x10, 0x0, 0xe2, 0x0, 0x0,
    0x1, 0xfc, 0xcf, 0x6f, 0xff, 0xff, 0xff, 0xf2,
    0x1, 0xe0, 0xf, 0x10, 0x1, 0xfa, 0x0, 0x0,
    0x1, 0xe0, 0xf, 0x92, 0x5, 0xae, 0x20, 0x0,
    0x17, 0xfc, 0xef, 0x60, 0xc, 0x57, 0xb0, 0x0,
    0x2b, 0x73, 0xf, 0x10, 0x6d, 0x0, 0xd9, 0x0,
    0x0, 0x0, 0xf, 0x17, 0xe2, 0x0, 0x1e, 0xb0,
    0x0, 0x0, 0xf, 0x5d, 0x20, 0x0, 0x2, 0x80,
    0x0, 0x0, 0x0, 0x0, 0x0, 0x0, 0x0, 0x0,

    /* U+80CC "背" */
    0x0, 0x0, 0x3e, 0x3, 0xe0, 0x0, 0x20, 0x6e,
    0xee, 0xee, 0x3, 0xf6, 0xae, 0xb1, 0x1, 0x11,
    0x4e, 0x3, 0xf8, 0x41, 0x15, 0x0, 0x37, 0xce,
    0x3, 0xe0, 0x0, 0x3e, 0xbf, 0xfa, 0x8e, 0x2,
    0xf7, 0x56, 0xbc, 0x43, 0x0, 0x2c, 0x0, 0x8c,
    0xcc, 0xb4, 0x0, 0xcd, 0xdd, 0xdd, 0xdd, 0xdc,
    0x0, 0x0, 0xf3, 0x11, 0x11, 0x11, 0x4f, 0x0,
    0x0, 0xfd, 0xdd, 0xdd, 0xdd, 0xdf, 0x0, 0x0,
    0xf3, 0x11, 0x11, 0x11, 0x4f, 0x0, 0x0, 0xfd,
    0xdd, 0xdd, 0xdd, 0xdf, 0x0, 0x0, 0xf3, 0x11,
    0x11, 0x11, 0x4f, 0x0, 0x0, 0xf2, 0x0, 0x0,
    0x44, 0x7e, 0x0, 0x0, 0xf2, 0x0, 0x0, 0x8c,
    0xd8, 0x0,

    /* U+80FD "能" */
    0x0, 0x11, 0x0, 0x0, 0x0, 0x0, 0x0, 0x0,
    0x9, 0xa0, 0x0, 0x3e, 0x0, 0x0, 0x0, 0x1,
    0xe1, 0x57, 0x3, 0xe0, 0x19, 0xf3, 0x0, 0xc6,
    0x1, 0xe5, 0x3f, 0xbe, 0x92, 0x0, 0x8f, 0xef,
    0xed, 0xe4, 0xf4, 0x0, 0x18, 0x1, 0x21, 0x0,
    0x8, 0x4e, 0x0, 0x4, 0xe0, 0x2e, 0xee, 0xee,
    0x31, 0xfa, 0x9a, 0xeb, 0x2, 0xe1, 0x11, 0xd3,
    0x4, 0x66, 0x65, 0x10, 0x2f, 0xbb, 0xbf, 0x33,
    0xe0, 0x0, 0x20, 0x2, 0xf3, 0x33, 0xd3, 0x3e,
    0x0, 0x8f, 0x50, 0x2e, 0x0, 0xd, 0x33, 0xe7,
    0xec, 0x40, 0x2, 0xfe, 0xee, 0xf3, 0x3f, 0x93,
    0x0, 0x20, 0x2e, 0x0, 0xd, 0x33, 0xe0, 0x0,
    0xf, 0x22, 0xe0, 0x11, 0xe3, 0x2f, 0x21, 0x16,
    0xf0, 0x2e, 0x8, 0xfe, 0x10, 0xbf, 0xff, 0xe7,
    0x0, 0x20, 0x0, 0x0, 0x0, 0x0, 0x0, 0x0,

    /* U+8109 "脉" */
    0x0, 0x0, 0x0, 0x0, 0x58, 0x10, 0x0, 0x0,
    0x2, 0xff, 0xfe, 0x0, 0x19, 0xe6, 0x0, 0x0,
    0x2, 0xc0, 0x1e, 0x0, 0x0, 0x36, 0x0, 0x0,
    0x2, 0xc0, 0x1e, 0x0, 0x0, 0x0, 0x0, 0x0,
    0x2, 0xc0, 0x1e, 0x1f, 0xff, 0xf3, 0x0, 0x0,
    0x2, 0xfc, 0xce, 0x0, 0x0, 0xd3, 0x3, 0x60,
    0x2, 0xd4, 0x5e, 0x24, 0x41, 0xd5, 0x1e, 0x70,
    0x2, 0xc0, 0x1e, 0x8c, 0xd9, 0xda, 0xc9, 0x0,
    0x2, 0xc0, 0x1e, 0x0, 0x96, 0xdf, 0x90, 0x0,
    0x3, 0xff, 0xfe, 0x0, 0xd3, 0xda, 0x90, 0x0,
    0x4, 0xc0, 0x1e, 0x3, 0xd0, 0xd4, 0xe4, 0x0,
    0x5, 0xb0, 0x1e, 0xb, 0x60, 0xd3, 0x4f, 0x40,
    0x8, 0x90, 0x1e, 0x6d, 0x0, 0xd3, 0x6, 0xf3,
    0xd, 0x51, 0x3e, 0x92, 0x21, 0xe2, 0x0, 0x50,
    0x1e, 0x1a, 0xfb, 0x0, 0xef, 0xe1, 0x0, 0x0,
    0x0, 0x0, 0x0, 0x0, 0x0, 0x0, 0x0, 0x0,

    /* U+811A "脚" */
    0xb, 0xff, 0xe0, 0xe, 0x10, 0x19, 0x99, 0x70,
    0xb3, 0x1e, 0x0, 0xe1, 0x2, 0xf9, 0xac, 0xb,
    0x31, 0xe8, 0xdf, 0xdd, 0x3e, 0x3, 0xc0, 0xb3,
    0x1e, 0x12, 0xe3, 0x22, 0xe0, 0x3c, 0xb, 0xfe,
    0xe0, 0xe, 0x10, 0x2e, 0x3, 0xc0, 0xb6, 0x4e,
    0x0, 0xe2, 0x2, 0xe0, 0x3c, 0xb, 0x31, 0xeb,
    0xef, 0xee, 0x8e, 0x3, 0xc0, 0xb3, 0x1e, 0x5,
    0xa0, 0x2, 0xe0, 0x3c, 0xc, 0xff, 0xe0, 0xa6,
    0x97, 0x2e, 0x3, 0xc0, 0xc2, 0x1e, 0xe, 0x11,
    0xe3, 0xe0, 0x4c, 0xe, 0x11, 0xe6, 0xd8, 0xce,
    0x9e, 0x7e, 0xb1, 0xf0, 0x1e, 0xbc, 0x72, 0x58,
    0xe1, 0x31, 0x6b, 0x24, 0xd0, 0x0, 0x0, 0x2e,
    0x0, 0x7, 0x56, 0xd9, 0x0, 0x0, 0x2, 0xe0,
    0x0, 0x0, 0x0, 0x0, 0x0, 0x0, 0x0, 0x0,
    0x0,

    /* U+81EA "自" */
    0x0, 0x0, 0x3, 0x0, 0x0, 0x0, 0x0, 0x0,
    0x2f, 0x30, 0x0, 0x0, 0x0, 0x0, 0x5d, 0x0,
    0x0, 0x0, 0x3f, 0xff, 0xff, 0xff, 0xff, 0xf3,
    0x4e, 0x0, 0x0, 0x0, 0x0, 0xf3, 0x4e, 0x0,
    0x0, 0x0, 0x0, 0xf3, 0x4f, 0xcc, 0xcc, 0xcc,
    0xcc, 0xf3, 0x4e, 0x22, 0x22, 0x22, 0x22, 0xf3,
    0x4e, 0x0, 0x0, 0x0, 0x0, 0xf3, 0x4e, 0x11,
    0x11, 0x11, 0x11, 0xf3, 0x4f, 0xee, 0xee, 0xee,
    0xee, 0xf3, 0x4e, 0x0, 0x0, 0x0, 0x0, 0xf3,
    0x4e, 0x0, 0x0, 0x0, 0x0, 0xf3, 0x4f, 0xff,
    0xff, 0xff, 0xff, 0xf3, 0x4e, 0x0, 0x0, 0x0,
    0x0, 0xf3,

    /* U+81F3 "至" */
    0x0, 0x0, 0x0, 0x0, 0x0, 0x0, 0x0, 0x6f,
    0xff, 0xff, 0xff, 0xff, 0xff, 0xf6, 0x0, 0x0,
    0x2f, 0x30, 0x1, 0x0, 0x0, 0x0, 0x1, 0xd6,
    0x0, 0xd, 0x70, 0x0, 0x0, 0x1d, 0x80, 0x0,
    0x13, 0xe9, 0x0, 0x2, 0xff, 0xff, 0xff, 0xec,
    0xbe, 0x80, 0x0, 0x43, 0x21, 0x64, 0x0, 0x3,
    0x90, 0x0, 0x0, 0x0, 0xa9, 0x0, 0x0, 0x0,
    0x1, 0x11, 0x11, 0xa9, 0x11, 0x11, 0x10, 0x8,
    0xee, 0xee, 0xff, 0xee, 0xee, 0x80, 0x0, 0x0,
    0x0, 0xa9, 0x0, 0x0, 0x0, 0x0, 0x0, 0x0,
    0xa9, 0x0, 0x0, 0x0, 0xde, 0xee, 0xee, 0xff,
    0xee, 0xee, 0xed, 0x22, 0x22, 0x22, 0x22, 0x22,
    0x22, 0x22,

    /* U+822A "航" */
    0x0, 0x0, 0x50, 0x0, 0x0, 0x40, 0x0, 0x0,
    0x0, 0x3, 0xd0, 0x0, 0x1, 0xf3, 0x0, 0x0,
    0x1, 0x9c, 0xd9, 0x80, 0x0, 0x7b, 0x0, 0x0,
    0x2, 0xe5, 0x66, 0xe6, 0xcc, 0xcd, 0xcc, 0xc0,
    0x2, 0xe7, 0x81, 0xe2, 0x44, 0x44, 0x44, 0x40,
    0x2, 0xe2, 0xe1, 0xe0, 0x0, 0x0, 0x0, 0x0,
    0x2, 0xe0, 0xc3, 0xe0, 0x1b, 0xbb, 0xa0, 0x0,
    0x5, 0xe4, 0x44, 0xe0, 0x2f, 0x78, 0xf0, 0x0,
    0x1c, 0xfb, 0xbc, 0xe0, 0x2e, 0x1, 0xf0, 0x0,
    0x2, 0xd2, 0x21, 0xe0, 0x2e, 0x1, 0xf0, 0x0,
    0x2, 0xd5, 0xc1, 0xe0, 0x3d, 0x1, 0xf0, 0x0,
    0x4, 0xb0, 0xe3, 0xe0, 0x5b, 0x1, 0xf0, 0x40,
    0x6, 0x90, 0x52, 0xe0, 0x98, 0x1, 0xf0, 0xd3,
    0x9, 0x60, 0x1, 0xe1, 0xf2, 0x1, 0xf1, 0xe2,
    0xd, 0x22, 0xff, 0xb9, 0xa0, 0x0, 0xdf, 0xb0,
    0x2, 0x0, 0x11, 0x1, 0x0, 0x0, 0x0, 0x0,

    /* U+8235 "舵" */
    0x0, 0x6, 0x0, 0x0, 0x3, 0x0, 0x0, 0x0,
    0x3, 0xd0, 0x0, 0x0, 0xc9, 0x0, 0x0, 0x1a,
    0xcd, 0xa9, 0x0, 0x3, 0xf1, 0x0, 0x1, 0xe5,
    0x66, 0xe4, 0xff, 0xff, 0xff, 0xf1, 0x1e, 0x6a,
    0x1e, 0x4a, 0x11, 0x11, 0x1f, 0x11, 0xe0, 0xf2,
    0xe4, 0xa0, 0x0, 0x0, 0xf1, 0x1e, 0x9, 0x4e,
    0x36, 0x91, 0x0, 0x9, 0xb, 0xfc, 0xcc, 0xe0,
    0xe, 0x20, 0x6c, 0x0, 0x4e, 0x33, 0x4e, 0x0,
    0xe6, 0xcd, 0x40, 0x2, 0xd6, 0x91, 0xe0, 0xe,
    0xd6, 0x0, 0x0, 0x2d, 0x1f, 0x2e, 0x0, 0xe2,
    0x0, 0x0, 0x4, 0xb0, 0xa4, 0xe0, 0xe, 0x20,
    0x0, 0xe1, 0x69, 0x0, 0x1e, 0x0, 0xe2, 0x0,
    0xf, 0x9, 0x60, 0x13, 0xe0, 0xe, 0x52, 0x27,
    0xe0, 0xc2, 0x1f, 0xfa, 0x0, 0x9f, 0xff, 0xe6,
    0x1, 0x0, 0x0, 0x0, 0x0, 0x0, 0x0, 0x0,

    /* U+8272 "色" */
    0x0, 0x0, 0x2, 0x0, 0x0, 0x0, 0x0, 0x0,
    0x0, 0x0, 0xe, 0x50, 0x0, 0x0, 0x0, 0x0,
    0x0, 0x0, 0x8f, 0xff, 0xff, 0xe1, 0x0, 0x0,
    0x0, 0x3, 0xf2, 0x0, 0xa, 0x90, 0x0, 0x0,
    0x0, 0x1d, 0x60, 0x0, 0x6d, 0x0, 0x0, 0x0,
    0x1, 0xcf, 0xff, 0xff, 0xff, 0xff, 0xfb, 0x0,
    0xd, 0x9e, 0x30, 0x3, 0xe0, 0x0, 0x5c, 0x0,
    0x4, 0xe, 0x30, 0x2, 0xe0, 0x0, 0x5c, 0x0,
    0x0, 0xe, 0x30, 0x3, 0xe0, 0x0, 0x5c, 0x0,
    0x0, 0xe, 0xff, 0xff, 0xff, 0xff, 0xfb, 0x0,
    0x0, 0xe, 0x30, 0x0, 0x0, 0x0, 0x0, 0x0,
    0x0, 0xe, 0x30, 0x0, 0x0, 0x0, 0x0, 0x81,
    0x0, 0xe, 0x30, 0x0, 0x0, 0x0, 0x0, 0xf2,
    0x0, 0xd, 0x94, 0x43, 0x33, 0x34, 0x59, 0xf0,
    0x0, 0x5, 0xbc, 0xdd, 0xdd, 0xdd, 0xcb, 0x50,

    /* U+8282 "节" */
    0x0, 0x4, 0xe0, 0x0, 0xf, 0x20, 0x0, 0x1,
    0x11, 0x5e, 0x11, 0x11, 0xf3, 0x11, 0x10, 0xce,
    0xee, 0xfe, 0xee, 0xef, 0xee, 0xee, 0x0, 0x0,
    0x4e, 0x0, 0x0, 0xf2, 0x0, 0x0, 0x0, 0x3,
    0xa0, 0x0, 0xb, 0x10, 0x0, 0x0, 0x8d, 0xdd,
    0xdd, 0xdd, 0xdd, 0xd6, 0x0, 0x1, 0x22, 0x28,
    0xb2, 0x22, 0x2b, 0x70, 0x0, 0x0, 0x0, 0x7a,
    0x0, 0x0, 0xb6, 0x0, 0x0, 0x0, 0x7, 0xa0,
    0x0, 0xc, 0x60, 0x0, 0x0, 0x0, 0x7a, 0x0,
    0x0, 0xd5, 0x0, 0x0, 0x0, 0x7, 0xa0, 0x21,
    0x1f, 0x30, 0x0, 0x0, 0x0, 0x7a, 0xd, 0xff,
    0xe1, 0x0, 0x0, 0x0, 0x7, 0xa0, 0x0, 0x0,
    0x0, 0x0, 0x0, 0x0, 0x7a, 0x0, 0x0, 0x0,
    0x0,

    /* U+82AC "芬" */
    0x0, 0x0, 0xf, 0x10, 0x3, 0xe0, 0x0, 0x0,
    0x3f, 0xff, 0xff, 0xff, 0xff, 0xff, 0xff, 0xf3,
    0x1, 0x11, 0x1f, 0x21, 0x14, 0xe1, 0x11, 0x10,
    0x0, 0x0, 0x8, 0x0, 0x1, 0x70, 0x0, 0x0,
    0x0, 0x0, 0x6, 0x90, 0x8, 0x90, 0x0, 0x0,
    0x0, 0x0, 0x4e, 0x30, 0x1, 0xd9, 0x0, 0x0,
    0x0, 0x5, 0xf4, 0x0, 0x0, 0x1c, 0xc2, 0x0,
    0x1, 0x9e, 0x40, 0x0, 0x0, 0x1, 0x9f, 0x80,
    0xe, 0xba, 0xff, 0xff, 0xff, 0xff, 0x94, 0x90,
    0x1, 0x0, 0x0, 0x9a, 0x0, 0x9, 0x80, 0x0,
    0x0, 0x0, 0x0, 0xe4, 0x0, 0xb, 0x70, 0x0,
    0x0, 0x0, 0xb, 0xc0, 0x0, 0xd, 0x50, 0x0,
    0x0, 0x4, 0xdd, 0x11, 0x21, 0x4f, 0x30, 0x0,
    0x4, 0xee, 0x70, 0x4, 0xef, 0xfa, 0x0, 0x0,
    0x0, 0x30, 0x0, 0x0, 0x0, 0x0, 0x0, 0x0,

    /* U+82F1 "英" */
    0x0, 0x0, 0x3e, 0x0, 0x0, 0xf2, 0x0, 0x0,
    0x3, 0x44, 0x7e, 0x44, 0x44, 0xf6, 0x44, 0x30,
    0x9, 0xbb, 0xcf, 0xbb, 0xbb, 0xfc, 0xbb, 0x90,
    0x0, 0x0, 0x3e, 0x3, 0x30, 0xf2, 0x0, 0x0,
    0x0, 0x0, 0x12, 0xa, 0x80, 0x21, 0x0, 0x0,
    0x0, 0xf, 0xff, 0xff, 0xff, 0xff, 0xf0, 0x0,
    0x0, 0xf, 0x30, 0x9, 0x80, 0x3, 0xf0, 0x0,
    0x0, 0xf, 0x30, 0x9, 0x80, 0x3, 0xf0, 0x0,
    0x2e, 0xef, 0xee, 0xef, 0xfe, 0xee, 0xfe, 0xe2,
    0x1, 0x11, 0x11, 0x3f, 0xd7, 0x11, 0x11, 0x10,
    0x0, 0x0, 0x0, 0xc8, 0x2f, 0x70, 0x0, 0x0,
    0x0, 0x0, 0x3d, 0xb0, 0x3, 0xec, 0x50, 0x0,
    0x2, 0x7c, 0xf7, 0x0, 0x0, 0x19, 0xfe, 0x70,
    0x3, 0xb6, 0x10, 0x0, 0x0, 0x0, 0x17, 0x30,

    /* U+8303 "范" */
    0x0, 0x0, 0xf, 0x10, 0x4, 0xe0, 0x0, 0x0,
    0x4, 0x44, 0x4f, 0x54, 0x47, 0xf4, 0x44, 0x40,
    0x2b, 0xbb, 0xbf, 0xcb, 0xbc, 0xfb, 0xbb, 0xb2,
    0x0, 0x0, 0xf, 0x10, 0x4, 0xe0, 0x0, 0x0,
    0x0, 0x63, 0x4, 0x1, 0x12, 0x51, 0x10, 0x0,
    0x0, 0x7f, 0x90, 0x3f, 0xee, 0xee, 0xf8, 0x0,
    0x0, 0x1, 0x80, 0x3e, 0x0, 0x0, 0x98, 0x0,
    0x9, 0xd4, 0x0, 0x3e, 0x0, 0x0, 0x98, 0x0,
    0x0, 0x6f, 0x30, 0x3e, 0x0, 0x0, 0x98, 0x0,
    0x0, 0x1, 0x4c, 0x3e, 0x0, 0xae, 0xf6, 0x0,
    0x0, 0x2, 0xe4, 0x3e, 0x0, 0x2, 0x10, 0x50,
    0x0, 0x2e, 0x70, 0x3e, 0x0, 0x0, 0x0, 0xf2,
    0x3, 0xe9, 0x0, 0x3f, 0x42, 0x11, 0x27, 0xf0,
    0x9, 0x90, 0x0, 0xb, 0xef, 0xff, 0xfd, 0x70,
    0x0, 0x0, 0x0, 0x0, 0x0, 0x0, 0x0, 0x0,

    /* U+8377 "荷" */
    0x0, 0x0, 0xf, 0x20, 0x2, 0xf0, 0x0, 0x0,
    0x4, 0x44, 0x4f, 0x54, 0x46, 0xf4, 0x44, 0x40,
    0xb, 0xbb, 0xbf, 0xcb, 0xbc, 0xfb, 0xbb, 0xb0,
    0x0, 0x1, 0x1f, 0x20, 0x2, 0xf0, 0x0, 0x0,
    0x0, 0x8, 0xa2, 0x11, 0x11, 0x21, 0x11, 0x10,
    0x0, 0x1f, 0x8f, 0xff, 0xff, 0xff, 0xff, 0xf2,
    0x0, 0xaf, 0x0, 0x0, 0x0, 0x0, 0xd5, 0x0,
    0x7, 0xef, 0x6, 0xee, 0xee, 0x60, 0xd5, 0x0,
    0x2e, 0x4f, 0x7, 0x91, 0x1a, 0x70, 0xd5, 0x0,
    0x1, 0x3f, 0x7, 0x90, 0x9, 0x70, 0xd5, 0x0,
    0x0, 0x3f, 0x7, 0xec, 0xce, 0x70, 0xd5, 0x0,
    0x0, 0x3f, 0x1, 0x22, 0x22, 0x10, 0xd5, 0x0,
    0x0, 0x3f, 0x0, 0x0, 0x4, 0x43, 0xe5, 0x0,
    0x0, 0x3f, 0x0, 0x0, 0x9, 0xdd, 0xc1, 0x0,

    /* U+83DC "菜" */
    0x0, 0x0, 0xf, 0x10, 0x3, 0xe0, 0x0, 0x0,
    0xe, 0xff, 0xff, 0xff, 0xff, 0xff, 0xff, 0xe0,
    0x0, 0x0, 0xf, 0x20, 0x3, 0xe0, 0x0, 0x0,
    0x0, 0x0, 0x5, 0x1, 0x24, 0x88, 0xa3, 0x0,
    0x0, 0xce, 0xef, 0xfe, 0xdc, 0xa9, 0x84, 0x0,
    0x0, 0x15, 0x30, 0xa, 0x30, 0x1, 0xe3, 0x0,
    0x0, 0x7, 0xd0, 0x8, 0xa0, 0xa, 0xb0, 0x0,
    0x0, 0x0, 0xc3, 0x7, 0x60, 0x6e, 0x10, 0x0,
    0x0, 0x0, 0x0, 0xa, 0x80, 0x13, 0x0, 0x0,
    0xf, 0xff, 0xff, 0xff, 0xff, 0xff, 0xff, 0xf0,
    0x0, 0x0, 0x3, 0xdd, 0xcd, 0x40, 0x0, 0x0,
    0x0, 0x1, 0x9d, 0x39, 0x82, 0xcb, 0x40, 0x0,
    0x4, 0x9f, 0x91, 0x9, 0x80, 0x5, 0xde, 0x90,
    0xb, 0x81, 0x0, 0x9, 0x80, 0x0, 0x3, 0x50,

    /* U+8404 "萄" */
    0x0, 0x0, 0xf, 0x10, 0x3, 0xe0, 0x0, 0x0,
    0x3f, 0xff, 0xff, 0xff, 0xff, 0xff, 0xff, 0xf3,
    0x0, 0x1, 0x2f, 0x20, 0x4, 0xe0, 0x0, 0x0,
    0x0, 0x9, 0x93, 0x0, 0x0, 0x20, 0x0, 0x0,
    0x0, 0x2f, 0xff, 0xff, 0xff, 0xff, 0xff, 0x50,
    0x0, 0xd7, 0x85, 0x0, 0x0, 0x0, 0xd, 0x40,
    0xc, 0x92, 0xfe, 0xee, 0xee, 0xe3, 0xd, 0x40,
    0x4, 0xb, 0x60, 0x6a, 0x0, 0x0, 0xd, 0x40,
    0x0, 0xcd, 0xcc, 0xee, 0xcc, 0xcc, 0x1e, 0x30,
    0x0, 0x26, 0x32, 0x7a, 0x22, 0x72, 0xf, 0x30,
    0x0, 0xc, 0x40, 0x6a, 0x0, 0xf1, 0xf, 0x20,
    0x0, 0xc, 0xdc, 0xde, 0xcc, 0xf1, 0x1f, 0x10,
    0x0, 0x1, 0x22, 0x22, 0x23, 0x62, 0x7e, 0x0,
    0x0, 0x0, 0x0, 0x0, 0x2, 0xef, 0xf7, 0x0,

    /* U+843D "落" */
    0x0, 0x0, 0xe3, 0x0, 0x2f, 0x0, 0x0, 0x8,
    0xcc, 0xcf, 0xdc, 0xcd, 0xfc, 0xcc, 0xb0, 0x23,
    0x33, 0xe6, 0x33, 0x4f, 0x33, 0x32, 0x0, 0x11,
    0xe, 0x30, 0x63, 0xf0, 0x0, 0x0, 0x4, 0xe6,
    0x30, 0x4f, 0xee, 0xee, 0x30, 0x0, 0x2, 0xb0,
    0x3e, 0xd1, 0x8, 0xd0, 0x0, 0x66, 0x0, 0x6e,
    0x47, 0xd9, 0xd1, 0x0, 0x7, 0xfb, 0x4, 0x20,
    0x2e, 0xf7, 0x0, 0x0, 0x2, 0x70, 0x2, 0x9f,
    0x74, 0xce, 0x83, 0x0, 0x0, 0x2d, 0xf9, 0x21,
    0x11, 0x5b, 0xe2, 0x0, 0x68, 0x36, 0xfd, 0xdd,
    0xde, 0x90, 0x0, 0x1f, 0x40, 0x6a, 0x0, 0x0,
    0x79, 0x0, 0xc, 0xa0, 0x6, 0xb3, 0x33, 0x38,
    0x90, 0x9, 0xd0, 0x0, 0x6e, 0xbb, 0xbb, 0xd9,
    0x0, 0x2, 0x0, 0x0, 0x0, 0x0, 0x0, 0x0,
    0x0,

    /* U+8461 "葡" */
    0x0, 0x0, 0xf, 0x10, 0x3, 0xe0, 0x0, 0x0,
    0x2e, 0xee, 0xef, 0xee, 0xef, 0xfe, 0xee, 0xe2,
    0x0, 0x6, 0x2f, 0x10, 0x3, 0xe0, 0x0, 0x0,
    0x0, 0x1f, 0x44, 0x22, 0x22, 0x32, 0x22, 0x0,
    0x0, 0x9e, 0xdd, 0xdd, 0xdd, 0xdd, 0xdf, 0x40,
    0x3, 0xf2, 0x0, 0x84, 0xa, 0x10, 0xd, 0x40,
    0x1e, 0xfe, 0xee, 0xfe, 0xef, 0xee, 0x1d, 0x40,
    0x19, 0x0, 0x0, 0xa5, 0x0, 0x0, 0xe, 0x40,
    0x0, 0x7e, 0xdd, 0xfd, 0xdd, 0xf3, 0xe, 0x30,
    0x0, 0x7c, 0x77, 0xda, 0x77, 0xe3, 0xf, 0x30,
    0x0, 0x7a, 0x44, 0xc7, 0x44, 0xd3, 0xf, 0x20,
    0x0, 0x7e, 0xcc, 0xed, 0xcc, 0xf3, 0x1f, 0x10,
    0x0, 0x78, 0x0, 0xa5, 0x12, 0xd4, 0x5f, 0x0,
    0x0, 0x77, 0x0, 0x62, 0x3c, 0xba, 0xf8, 0x0,

    /* U+84DD "蓝" */
    0x0, 0x0, 0xf, 0x10, 0x4, 0xd0, 0x0, 0x0,
    0xc, 0xee, 0xef, 0xee, 0xef, 0xfe, 0xee, 0xc0,
    0x0, 0x0, 0xd, 0x10, 0x4, 0xc0, 0x0, 0x0,
    0x0, 0x0, 0xa, 0x20, 0x19, 0x0, 0x0, 0x0,
    0x0, 0x97, 0xe, 0x20, 0x5e, 0x55, 0x55, 0x10,
    0x0, 0x97, 0xe, 0x20, 0xbc, 0xaa, 0xaa, 0x20,
    0x0, 0x97, 0xe, 0x23, 0xe1, 0xc6, 0x0, 0x0,
    0x0, 0x97, 0xe, 0x2d, 0x60, 0x2b, 0xc1, 0x0,
    0x0, 0x11, 0xb, 0x22, 0x0, 0x0, 0x70, 0x0,
    0x0, 0x3b, 0xbb, 0xbb, 0xbb, 0xbb, 0xb3, 0x0,
    0x0, 0x5c, 0x24, 0xe2, 0x2f, 0x22, 0xc5, 0x0,
    0x0, 0x5c, 0x2, 0xe0, 0xf, 0x0, 0xc5, 0x0,
    0x0, 0x5c, 0x2, 0xe0, 0xf, 0x0, 0xc5, 0x0,
    0x3f, 0xff, 0xff, 0xff, 0xff, 0xff, 0xff, 0xf3,

    /* U+85CF "藏" */
    0x0, 0x0, 0xf, 0x20, 0x3, 0xe0, 0x0, 0x0,
    0x2f, 0xff, 0xff, 0xff, 0xff, 0xff, 0xff, 0xf3,
    0x0, 0x0, 0xf, 0x20, 0x3, 0xb0, 0x53, 0x0,
    0x0, 0x0, 0xf, 0x20, 0x0, 0x46, 0x7c, 0x0,
    0x6, 0x90, 0xac, 0xaa, 0xaa, 0xce, 0xbe, 0xb0,
    0x6, 0x90, 0xf5, 0x44, 0x44, 0x8c, 0x44, 0x40,
    0x6, 0xfe, 0xf2, 0xcc, 0xcc, 0x6b, 0x4, 0x40,
    0x0, 0x0, 0xf2, 0xc2, 0xa0, 0x3c, 0xc, 0x50,
    0x18, 0x88, 0xf2, 0xfc, 0xdc, 0x1f, 0x3e, 0x0,
    0x17, 0xf7, 0xf1, 0xc0, 0xe, 0xe, 0xc6, 0x0,
    0x0, 0xf1, 0xf1, 0xfc, 0xeb, 0xa, 0xd0, 0x10,
    0x2, 0xd4, 0xd1, 0xc2, 0xa0, 0x1e, 0xe0, 0xc2,
    0x9, 0x89, 0x91, 0xdd, 0xdd, 0xd7, 0xcc, 0xf0,
    0xa, 0x1b, 0x30, 0x0, 0xc, 0x60, 0x1c, 0x90,
    0x0, 0x0, 0x0, 0x0, 0x0, 0x0, 0x0, 0x0,

    /* U+8702 "蜂" */
    0x0, 0x0, 0x0, 0x0, 0x1, 0x0, 0x0, 0x0,
    0x0, 0xe, 0x10, 0x0, 0x1f, 0x10, 0x0, 0x0,
    0x0, 0xe, 0x10, 0x0, 0x8e, 0xee, 0xf3, 0x0,
    0x1, 0x2e, 0x32, 0x3, 0xf7, 0x5, 0xd0, 0x0,
    0xd, 0xdf, 0xdf, 0x3e, 0x7d, 0x6e, 0x30, 0x0,
    0xd, 0x1e, 0x1d, 0x55, 0x5, 0xfc, 0x10, 0x0,
    0xd, 0x1e, 0x1d, 0x14, 0xac, 0x37, 0xea, 0x50,
    0xd, 0x1e, 0x1d, 0x9c, 0x50, 0xe2, 0x17, 0x80,
    0xd, 0xcf, 0xcf, 0x1a, 0xbb, 0xfc, 0xbb, 0x20,
    0x3, 0x4e, 0x54, 0x2, 0x33, 0xe4, 0x33, 0x0,
    0x0, 0xe, 0x3b, 0x8, 0xdd, 0xfd, 0xda, 0x0,
    0x0, 0xe, 0x1d, 0x10, 0x0, 0xe2, 0x0, 0x0,
    0x0, 0x2e, 0xae, 0xae, 0xee, 0xfe, 0xee, 0xa0,
    0x4f, 0xd9, 0x55, 0xb0, 0x0, 0xe2, 0x0, 0x0,
    0x1, 0x0, 0x0, 0x10, 0x0, 0xe2, 0x0, 0x0,

    /* U+87BA "螺" */
    0x0, 0xe, 0x10, 0xe, 0xee, 0xfe, 0xee, 0xc0,
    0x0, 0xe, 0x10, 0xe, 0x20, 0xe1, 0x4, 0xc0,
    0x0, 0xe, 0x20, 0xe, 0x76, 0xf7, 0x69, 0xc0,
    0xd, 0xef, 0xef, 0x1e, 0x98, 0xf8, 0x8a, 0xc0,
    0xd, 0x1e, 0x1d, 0x1e, 0x32, 0xe3, 0x26, 0xc0,
    0xd, 0x1e, 0x1d, 0x1a, 0xbe, 0xdb, 0xbb, 0x80,
    0xd, 0x1e, 0x1d, 0x10, 0x7b, 0x12, 0xc8, 0x0,
    0xd, 0xef, 0xef, 0x1b, 0xfd, 0xff, 0x80, 0x0,
    0x1, 0x1e, 0x21, 0x1, 0x2c, 0xd3, 0x9a, 0x0,
    0x0, 0xe, 0x4b, 0x17, 0xfd, 0x88, 0xaf, 0xb0,
    0x0, 0xe, 0x1e, 0x3a, 0xa8, 0xd8, 0x52, 0xa2,
    0x0, 0x3f, 0xdf, 0x71, 0xd3, 0xa5, 0x8d, 0x20,
    0x3f, 0xd8, 0x25, 0xae, 0x60, 0xb5, 0x7, 0xe1,
    0x2, 0x0, 0x0, 0x14, 0x2f, 0xf2, 0x0, 0x40,

    /* U+884C "行" */
    0x0, 0x1, 0x70, 0x0, 0x0, 0x0, 0x0, 0x0,
    0x0, 0xbb, 0x5, 0xff, 0xff, 0xff, 0xf0, 0x0,
    0xad, 0x0, 0x0, 0x0, 0x0, 0x0, 0x0, 0xcc,
    0x13, 0x30, 0x0, 0x0, 0x0, 0x0, 0x6, 0x0,
    0xd8, 0x11, 0x11, 0x11, 0x11, 0x0, 0x0, 0x9c,
    0x2f, 0xff, 0xff, 0xff, 0xfe, 0x0, 0x5f, 0x50,
    0x0, 0x0, 0xd, 0x50, 0x0, 0x4f, 0xf5, 0x0,
    0x0, 0x0, 0xd5, 0x0, 0x2f, 0x4d, 0x50, 0x0,
    0x0, 0xd, 0x50, 0x0, 0x10, 0xd5, 0x0, 0x0,
    0x0, 0xd5, 0x0, 0x0, 0xd, 0x50, 0x0, 0x0,
    0xd, 0x50, 0x0, 0x0, 0xd5, 0x0, 0x0, 0x0,
    0xd5, 0x0, 0x0, 0xd, 0x50, 0x0, 0x44, 0x3e,
    0x50, 0x0, 0x0, 0xd5, 0x0, 0xa, 0xff, 0xd1,
    0x0, 0x0, 0x1, 0x0, 0x0, 0x0, 0x0, 0x0,
    0x0,

    /* U+8865 "补" */
    0x0, 0x0, 0x0, 0x0, 0x0, 0x0, 0x0, 0x0,
    0x0, 0xb, 0x60, 0x0, 0x5, 0xe0, 0x0, 0x0,
    0x0, 0x4, 0xf1, 0x0, 0x5, 0xe0, 0x0, 0x0,
    0x2, 0x33, 0xd6, 0x30, 0x5, 0xe0, 0x0, 0x0,
    0xa, 0xdd, 0xde, 0xf2, 0x5, 0xe0, 0x0, 0x0,
    0x0, 0x0, 0xb, 0x90, 0x5, 0xe0, 0x0, 0x0,
    0x0, 0x0, 0x8c, 0x0, 0x5, 0xfc, 0x40, 0x0,
    0x0, 0x7, 0xf1, 0x99, 0x5, 0xe6, 0xfa, 0x0,
    0x0, 0x9f, 0xfa, 0xb0, 0x5, 0xe0, 0x2c, 0xd2,
    0xc, 0xd5, 0xfb, 0xe5, 0x5, 0xe0, 0x0, 0x80,
    0x5, 0x3, 0xe0, 0x69, 0x5, 0xe0, 0x0, 0x0,
    0x0, 0x3, 0xe0, 0x0, 0x5, 0xe0, 0x0, 0x0,
    0x0, 0x3, 0xe0, 0x0, 0x5, 0xe0, 0x0, 0x0,
    0x0, 0x3, 0xe0, 0x0, 0x5, 0xe0, 0x0, 0x0,
    0x0, 0x3, 0xe0, 0x0, 0x5, 0xe0, 0x0, 0x0,

    /* U+8868 "表" */
    0x0, 0x0, 0x0, 0x8, 0x90, 0x0, 0x0, 0x0,
    0x4, 0xbb, 0xbb, 0xbe, 0xeb, 0xbb, 0xbb, 0x40,
    0x1, 0x33, 0x33, 0x3a, 0xb3, 0x33, 0x33, 0x10,
    0x0, 0x0, 0x0, 0x8, 0x90, 0x0, 0x0, 0x0,
    0x0, 0x8f, 0xff, 0xff, 0xff, 0xff, 0xf8, 0x0,
    0x0, 0x0, 0x0, 0x8, 0x90, 0x0, 0x0, 0x0,
    0xf, 0xff, 0xff, 0xff, 0xff, 0xff, 0xff, 0xf0,
    0x0, 0x0, 0x2, 0xc9, 0xc5, 0x0, 0x33, 0x0,
    0x0, 0x0, 0x5e, 0x90, 0x4d, 0x3, 0xe9, 0x0,
    0x0, 0x5d, 0xfb, 0x0, 0xb, 0xbf, 0x70, 0x0,
    0x2f, 0xd6, 0x7a, 0x0, 0x1, 0xea, 0x0, 0x0,
    0x2, 0x0, 0x7a, 0x1, 0x74, 0x2d, 0xc2, 0x0,
    0x0, 0x0, 0x8d, 0xcf, 0xa2, 0x1, 0xbf, 0x90,
    0x0, 0x0, 0xab, 0x61, 0x0, 0x0, 0x5, 0x80,
    0x0, 0x0, 0x0, 0x0, 0x0, 0x0, 0x0, 0x0,

    /* U+8870 "衰" */
    0x0, 0x0, 0x0, 0x1a, 0x10, 0x0, 0x0, 0x0,
    0x0, 0x0, 0x0, 0xa, 0xb0, 0x0, 0x0, 0x0,
    0xa, 0xdd, 0xdd, 0xdd, 0xfd, 0xdd, 0xdd, 0xa0,
    0x2, 0x33, 0x33, 0x33, 0x33, 0x33, 0x33, 0x20,
    0x0, 0xd, 0xee, 0xee, 0xee, 0xee, 0xc0, 0x0,
    0x0, 0xf, 0x20, 0x0, 0x0, 0x3, 0xe0, 0x0,
    0x3e, 0xef, 0xed, 0xdd, 0xdd, 0xde, 0xfe, 0xe3,
    0x1, 0x1f, 0x20, 0x0, 0x0, 0x4, 0xe1, 0x10,
    0x0, 0xf, 0xdd, 0xdd, 0xdd, 0xdd, 0xe0, 0x0,
    0x0, 0x1, 0x13, 0xd9, 0xc7, 0x11, 0x53, 0x0,
    0x0, 0x1, 0x8e, 0x60, 0x2e, 0x35, 0xf7, 0x0,
    0x16, 0xbf, 0xe9, 0x0, 0x6, 0xfe, 0x40, 0x0,
    0x1b, 0x71, 0x89, 0x0, 0x53, 0x6f, 0x91, 0x0,
    0x0, 0x0, 0x9c, 0xbf, 0xc4, 0x3, 0xcf, 0xa1,
    0x0, 0x0, 0x9b, 0x62, 0x0, 0x0, 0x5, 0x90,

    /* U+88AB "被" */
    0x0, 0x3a, 0x0, 0x0, 0x0, 0xd2, 0x0, 0x0,
    0x0, 0xa, 0x80, 0x0, 0x0, 0xd3, 0x0, 0x0,
    0xc, 0xcd, 0xdb, 0xf, 0xff, 0xff, 0xff, 0xa0,
    0x3, 0x33, 0xab, 0xf, 0x10, 0xd2, 0xa, 0x80,
    0x0, 0x1, 0xe3, 0xf, 0x10, 0xd2, 0x1f, 0x10,
    0x0, 0xa, 0x94, 0x1f, 0x10, 0xd2, 0x0, 0x0,
    0x0, 0x7f, 0x4e, 0x3f, 0xff, 0xff, 0xfe, 0x0,
    0x6, 0xff, 0xe6, 0xf, 0x4c, 0x0, 0x4c, 0x0,
    0x2f, 0x4e, 0xad, 0x2f, 0xd, 0x20, 0xb6, 0x0,
    0x2, 0xe, 0x26, 0x3f, 0x5, 0xc4, 0xd0, 0x0,
    0x0, 0xe, 0x20, 0x4d, 0x0, 0xbf, 0x40, 0x0,
    0x0, 0xe, 0x20, 0x98, 0x1, 0xde, 0xb1, 0x0,
    0x0, 0xe, 0x21, 0xf2, 0x3d, 0x80, 0xae, 0x70,
    0x0, 0xe, 0x23, 0x81, 0xe6, 0x0, 0x5, 0x80,
    0x0, 0x0, 0x0, 0x0, 0x0, 0x0, 0x0, 0x0,

    /* U+88C5 "装" */
    0x0, 0x10, 0xa6, 0x0, 0x3, 0xe0, 0x0, 0x0,
    0x4, 0xe0, 0xa6, 0x11, 0x14, 0xe1, 0x11, 0x10,
    0x0, 0xc7, 0xa6, 0xde, 0xef, 0xfe, 0xee, 0xd0,
    0x0, 0x33, 0xc6, 0x0, 0x3, 0xe0, 0x0, 0x0,
    0x1, 0x7e, 0xe6, 0x0, 0x3, 0xe0, 0x0, 0x0,
    0xb, 0xb2, 0xa6, 0x6e, 0xef, 0xfe, 0xee, 0x50,
    0x0, 0x0, 0xa6, 0xb, 0x30, 0x0, 0x0, 0x0,
    0x0, 0x0, 0x11, 0x1a, 0xe1, 0x0, 0x0, 0x0,
    0x2f, 0xff, 0xff, 0xff, 0xff, 0xff, 0xff, 0xf1,
    0x0, 0x0, 0x6, 0xe5, 0xb5, 0x0, 0x97, 0x0,
    0x0, 0x28, 0xec, 0x20, 0x2e, 0x5c, 0xd2, 0x0,
    0x3d, 0xe9, 0xb8, 0x0, 0x3, 0xfc, 0x0, 0x0,
    0x3, 0x0, 0x98, 0x37, 0xb4, 0x2c, 0xc5, 0x0,
    0x0, 0x0, 0xbf, 0xe9, 0x40, 0x0, 0x6e, 0xd0,
    0x0, 0x0, 0x32, 0x0, 0x0, 0x0, 0x0, 0x20,

    /* U+895F "襟" */
    0x0, 0x84, 0x0, 0x2, 0xd0, 0x3, 0xd0, 0x0,
    0x0, 0x2e, 0x21, 0x89, 0xe8, 0x5a, 0xe8, 0x80,
    0xc, 0xce, 0xc3, 0x39, 0xe3, 0x2a, 0xf6, 0x30,
    0x3, 0x33, 0xf2, 0xd, 0xfd, 0x2d, 0xdc, 0x0,
    0x0, 0x6, 0xc0, 0xb7, 0xc5, 0xc7, 0xc7, 0xc0,
    0x0, 0xe, 0x43, 0xb2, 0xc4, 0xa2, 0xc0, 0xa1,
    0x0, 0x9d, 0x49, 0x1, 0x50, 0x1, 0x50, 0x0,
    0x5, 0xff, 0xd2, 0x3e, 0xee, 0xee, 0xee, 0x60,
    0x3f, 0x7e, 0xd7, 0x0, 0x0, 0x0, 0x0, 0x0,
    0x3, 0x3d, 0x15, 0xee, 0xee, 0xfe, 0xee, 0xe4,
    0x0, 0x3d, 0x0, 0x6, 0x40, 0xe3, 0xb3, 0x0,
    0x0, 0x3d, 0x0, 0x3e, 0x10, 0xe2, 0x5f, 0x40,
    0x0, 0x3d, 0x3, 0xe6, 0x11, 0xf2, 0x6, 0xf2,
    0x0, 0x3d, 0x1, 0x60, 0x8f, 0xe1, 0x0, 0x40,
    0x0, 0x1, 0x0, 0x0, 0x0, 0x0, 0x0, 0x0,

    /* U+897F "西" */
    0xef, 0xff, 0xff, 0xff, 0xff, 0xff, 0xfe, 0x1,
    0x11, 0x5c, 0x11, 0xe3, 0x11, 0x10, 0x0, 0x0,
    0x4c, 0x0, 0xe3, 0x0, 0x0, 0xc, 0xdd, 0xef,
    0xdd, 0xfd, 0xdd, 0xd0, 0xf, 0x42, 0x7b, 0x22,
    0xe4, 0x24, 0xf0, 0xf, 0x20, 0x79, 0x0, 0xe3,
    0x2, 0xf0, 0xf, 0x20, 0xc5, 0x0, 0xe3, 0x2,
    0xf0, 0xf, 0x26, 0xe0, 0x0, 0xe6, 0x36, 0xf0,
    0xf, 0x7e, 0x30, 0x0, 0x7d, 0xdc, 0xf0, 0xf,
    0x33, 0x0, 0x0, 0x0, 0x2, 0xf0, 0xf, 0x30,
    0x0, 0x0, 0x0, 0x3, 0xf0, 0xf, 0xff, 0xff,
    0xff, 0xff, 0xff, 0xf0, 0xf, 0x20, 0x0, 0x0,
    0x0, 0x2, 0xf0,

    /* U+8981 "要" */
    0xbf, 0xff, 0xff, 0xff, 0xff, 0xff, 0xf9, 0x0,
    0x0, 0x5b, 0x0, 0xe2, 0x0, 0x0, 0x0, 0x0,
    0x5b, 0x0, 0xe2, 0x0, 0x0, 0xe, 0xee, 0xef,
    0xee, 0xfe, 0xee, 0xc0, 0xe, 0x40, 0x5b, 0x0,
    0xe2, 0x5, 0xc0, 0xe, 0x40, 0x5b, 0x0, 0xe3,
    0x6, 0xc0, 0xc, 0xdd, 0xdd, 0xdd, 0xdd, 0xdd,
    0xa0, 0x0, 0x0, 0xd, 0x50, 0x0, 0x0, 0x0,
    0xdf, 0xff, 0xff, 0xff, 0xff, 0xff, 0xfc, 0x0,
    0x4, 0xf3, 0x0, 0x1e, 0x40, 0x0, 0x0, 0xe,
    0xd5, 0x10, 0x9b, 0x0, 0x0, 0x0, 0x1, 0x5a,
    0xed, 0xf4, 0x0, 0x0, 0x0, 0x13, 0x6a, 0xea,
    0x9e, 0xe9, 0x40, 0x3f, 0xfe, 0xa6, 0x10, 0x0,
    0x4a, 0xd1, 0x1, 0x0, 0x0, 0x0, 0x0, 0x0,
    0x0,

    /* U+8986 "覆" */
    0xd, 0xee, 0xee, 0xfe, 0xef, 0xee, 0xee, 0xb0,
    0x0, 0x0, 0x6, 0xa0, 0xd, 0x30, 0x0, 0x0,
    0x0, 0xfd, 0xde, 0xed, 0xdf, 0xdd, 0xde, 0x0,
    0x0, 0xf6, 0x59, 0xc5, 0x5e, 0x75, 0x7e, 0x0,
    0x0, 0x67, 0x86, 0x6d, 0x66, 0x66, 0x65, 0x0,
    0x0, 0xc, 0x70, 0x6f, 0xdd, 0xdd, 0xdd, 0xa0,
    0x4, 0xd7, 0x2, 0xe6, 0x55, 0x55, 0x53, 0x0,
    0xb, 0x33, 0xdc, 0xac, 0x77, 0x77, 0xa9, 0x0,
    0x0, 0x3e, 0x51, 0x5e, 0xaa, 0xaa, 0xc9, 0x0,
    0x6, 0xfe, 0x0, 0x3a, 0xea, 0x99, 0xa6, 0x0,
    0x1d, 0x6e, 0x0, 0x1b, 0xfc, 0xcc, 0xc3, 0x0,
    0x0, 0x2e, 0x6, 0xeb, 0xa2, 0x3c, 0x80, 0x0,
    0x0, 0x2e, 0x1, 0x12, 0xbf, 0xfb, 0x42, 0x10,
    0x0, 0x2e, 0x2c, 0xdb, 0x72, 0x27, 0xad, 0xe1,
    0x0, 0x0, 0x0, 0x0, 0x0, 0x0, 0x0, 0x0,

    /* U+89C4 "规" */
    0x0, 0x7, 0x90, 0x6, 0xff, 0xff, 0xff, 0x20,
    0x0, 0x7, 0x90, 0x6, 0xa0, 0x0, 0xf, 0x20,
    0x0, 0x18, 0x91, 0x6, 0xa0, 0x0, 0xf, 0x20,
    0xb, 0xff, 0xff, 0xa6, 0xa0, 0x92, 0xf, 0x20,
    0x0, 0x7, 0x90, 0x6, 0xa0, 0xe3, 0xf, 0x20,
    0x0, 0x7, 0x90, 0x6, 0xa0, 0xe2, 0xf, 0x20,
    0x1f, 0xff, 0xff, 0xe6, 0xa0, 0xf1, 0xf, 0x20,
    0x0, 0x9, 0x90, 0x5, 0x81, 0xf0, 0xd, 0x10,
    0x0, 0xa, 0xe3, 0x0, 0x4, 0xe6, 0x0, 0x0,
    0x0, 0xe, 0x8f, 0x30, 0x8, 0xbe, 0x0, 0x0,
    0x0, 0x4d, 0x7, 0xe1, 0x1e, 0x5e, 0x0, 0x52,
    0x0, 0xd6, 0x0, 0x80, 0xb9, 0x3e, 0x0, 0xa5,
    0xb, 0xc0, 0x0, 0x1b, 0xc0, 0x3e, 0x12, 0xd4,
    0x7, 0x10, 0x3, 0xfa, 0x0, 0x1e, 0xff, 0xc0,
    0x0, 0x0, 0x0, 0x40, 0x0, 0x0, 0x0, 0x0,

    /* U+89C6 "视" */
    0x0, 0x45, 0x0, 0x0, 0x0, 0x0, 0x0, 0x0,
    0x0, 0x5e, 0x10, 0xf, 0xff, 0xff, 0xff, 0x10,
    0x0, 0xd, 0x80, 0xf, 0x30, 0x0, 0x1f, 0x10,
    0x4, 0x49, 0x62, 0xf, 0x20, 0x0, 0xf, 0x10,
    0x2c, 0xcc, 0xde, 0xf, 0x20, 0xa0, 0xf, 0x10,
    0x0, 0x0, 0xb8, 0xf, 0x21, 0xf0, 0xf, 0x10,
    0x0, 0x6, 0xe0, 0xf, 0x21, 0xf0, 0xf, 0x10,
    0x0, 0x3f, 0x50, 0xf, 0x22, 0xf0, 0xf, 0x10,
    0x3, 0xff, 0xe4, 0xf, 0x25, 0xd0, 0xf, 0x10,
    0x5f, 0x8e, 0x6b, 0x32, 0x7, 0xc2, 0x2, 0x0,
    0x24, 0xe, 0x30, 0x0, 0xb, 0xba, 0x0, 0x0,
    0x0, 0xe, 0x30, 0x0, 0x3e, 0x7a, 0x0, 0x71,
    0x0, 0xe, 0x30, 0x1, 0xd5, 0x7a, 0x0, 0xd3,
    0x0, 0xe, 0x30, 0x3e, 0x90, 0x6b, 0x13, 0xf1,
    0x0, 0xe, 0x37, 0xf8, 0x0, 0x4e, 0xff, 0xb0,
    0x0, 0x0, 0x2, 0x20, 0x0, 0x0, 0x0, 0x0,

    /* U+89C8 "览" */
    0x0, 0x0, 0x0, 0x0, 0x2, 0x0, 0x0, 0x0,
    0x0, 0xe2, 0xf, 0x0, 0xf, 0x10, 0x0, 0x0,
    0x0, 0xe2, 0xf, 0x0, 0x6f, 0xff, 0xff, 0x70,
    0x0, 0xe2, 0xf, 0x0, 0xe4, 0x31, 0x0, 0x0,
    0x0, 0xe2, 0xf, 0xb, 0x90, 0xbe, 0x81, 0x0,
    0x0, 0x81, 0xf, 0x4, 0x0, 0x3, 0xd4, 0x0,
    0x0, 0x0, 0xb, 0x0, 0x0, 0x0, 0x0, 0x0,
    0x0, 0xd, 0xff, 0xff, 0xff, 0xff, 0xc0, 0x0,
    0x0, 0xe, 0x40, 0x1, 0x0, 0x5, 0xd0, 0x0,
    0x0, 0xe, 0x40, 0xc, 0x60, 0x5, 0xd0, 0x0,
    0x0, 0xe, 0x40, 0xf, 0x40, 0x5, 0xd0, 0x0,
    0x0, 0x9, 0x20, 0x7e, 0xa4, 0x3, 0x80, 0x0,
    0x0, 0x0, 0x5, 0xf4, 0xc5, 0x0, 0x0, 0xa0,
    0x0, 0x5, 0xbf, 0x40, 0xc7, 0x0, 0x4, 0xf0,
    0x1e, 0xfe, 0x81, 0x0, 0x7e, 0xff, 0xfe, 0x80,
    0x4, 0x20, 0x0, 0x0, 0x0, 0x0, 0x0, 0x0,

    /* U+89D2 "角" */
    0x0, 0x0, 0x0, 0x0, 0x0, 0x0, 0x0, 0x0,
    0xd, 0x70, 0x0, 0x0, 0x0, 0x0, 0x5, 0xff,
    0xff, 0xfb, 0x0, 0x0, 0x0, 0xe4, 0x0, 0xd,
    0x60, 0x0, 0x0, 0xba, 0x0, 0x5, 0xd0, 0x0,
    0x0, 0xaf, 0xcb, 0xbb, 0xed, 0xbb, 0xb2, 0xae,
    0xf6, 0x33, 0x5e, 0x33, 0x3f, 0x33, 0x1f, 0x30,
    0x2, 0xe0, 0x0, 0xe3, 0x0, 0xff, 0xff, 0xff,
    0xff, 0xff, 0x30, 0xf, 0x30, 0x2, 0xe0, 0x0,
    0xe3, 0x0, 0xf3, 0x0, 0x2e, 0x0, 0xe, 0x30,
    0xf, 0xff, 0xff, 0xff, 0xff, 0xf3, 0x1, 0xf0,
    0x0, 0x2e, 0x0, 0xe, 0x30, 0x7d, 0x0, 0x2,
    0xe0, 0x0, 0xe3, 0x2e, 0x50, 0x0, 0x2e, 0x13,
    0x2f, 0x26, 0xa0, 0x0, 0x0, 0x21, 0xef, 0xe0,
    0x0, 0x0, 0x0, 0x0, 0x0, 0x0, 0x0,

    /* U+89E3 "解" */
    0x0, 0xa, 0x10, 0x0, 0x0, 0x0, 0x0, 0x0,
    0x0, 0xfe, 0xfe, 0xa, 0xff, 0xff, 0xf5, 0x0,
    0x69, 0xa, 0xb0, 0x0, 0xc3, 0xc, 0x50, 0xc,
    0x32, 0xf2, 0x0, 0x1f, 0x0, 0xc4, 0x5, 0xfe,
    0xff, 0xed, 0x8, 0xa0, 0xe, 0x31, 0xef, 0x3c,
    0x43, 0xe6, 0xe1, 0xdd, 0xe0, 0x28, 0xe1, 0xc2,
    0x1e, 0x22, 0x7, 0x31, 0x0, 0xe, 0xcf, 0xcc,
    0xe0, 0xd0, 0xe2, 0x0, 0x0, 0xe1, 0xc2, 0x1e,
    0x2f, 0xcf, 0xcc, 0x40, 0xe, 0x6d, 0x66, 0xe8,
    0x82, 0xe4, 0x20, 0x0, 0xfa, 0xeb, 0xae, 0x41,
    0xe, 0x20, 0x0, 0x1f, 0xc, 0x21, 0xea, 0xee,
    0xfe, 0xee, 0x4, 0xc0, 0xb2, 0x1e, 0x0, 0xe,
    0x20, 0x0, 0xa7, 0x1, 0x13, 0xe0, 0x0, 0xe2,
    0x0, 0xd, 0x10, 0x7f, 0xfa, 0x0, 0xe, 0x20,
    0x0, 0x0, 0x0, 0x0, 0x0, 0x0, 0x0, 0x0,

    /* U+89E6 "触" */
    0x0, 0x1, 0x0, 0x0, 0x0, 0x0, 0x0, 0x0,
    0x0, 0x1f, 0xef, 0x20, 0x0, 0x2e, 0x0, 0x0,
    0x0, 0x56, 0xd, 0x0, 0x0, 0x2e, 0x0, 0x0,
    0x0, 0xb1, 0x4a, 0x0, 0x9a, 0xbf, 0xaa, 0x10,
    0x3, 0xfb, 0xdd, 0xb0, 0xe8, 0x9f, 0x8f, 0x20,
    0xc, 0xf2, 0xe2, 0xe0, 0xe1, 0x2e, 0xe, 0x20,
    0x29, 0xf0, 0xd0, 0xe0, 0xe1, 0x2e, 0xe, 0x20,
    0x0, 0xfd, 0xfd, 0xf0, 0xe1, 0x2e, 0xe, 0x20,
    0x0, 0xf0, 0xd0, 0xe0, 0xe8, 0x8f, 0x7e, 0x20,
    0x0, 0xf0, 0xd0, 0xe0, 0x89, 0x9f, 0x99, 0x10,
    0x1, 0xfe, 0xfe, 0xf0, 0x0, 0x2e, 0x34, 0x0,
    0x2, 0xe0, 0xd0, 0xf0, 0x0, 0x2e, 0x2d, 0x0,
    0x5, 0xb0, 0xb0, 0xf0, 0x0, 0x2f, 0x6e, 0x60,
    0xb, 0x70, 0x11, 0xf4, 0xce, 0xfd, 0x98, 0xc0,
    0xe, 0x10, 0x8f, 0xc1, 0x85, 0x10, 0x0, 0xd0,
    0x0, 0x0, 0x0, 0x0, 0x0, 0x0, 0x0, 0x0,

    /* U+8A00 "言" */
    0x0, 0x0, 0x0, 0x50, 0x0, 0x0, 0x0, 0x0,
    0x0, 0x2, 0xf7, 0x0, 0x0, 0x0, 0x0, 0x0,
    0x0, 0x5e, 0x10, 0x0, 0x0, 0xef, 0xff, 0xff,
    0xff, 0xff, 0xff, 0xfd, 0x0, 0x0, 0x0, 0x0,
    0x0, 0x0, 0x0, 0x0, 0x8c, 0xcc, 0xcc, 0xcc,
    0xc7, 0x0, 0x0, 0x23, 0x33, 0x33, 0x33, 0x32,
    0x0, 0x0, 0x23, 0x33, 0x33, 0x33, 0x31, 0x0,
    0x0, 0x8d, 0xdd, 0xdd, 0xdd, 0xd7, 0x0, 0x0,
    0x0, 0x0, 0x0, 0x0, 0x0, 0x0, 0x4, 0xfe,
    0xee, 0xee, 0xee, 0xef, 0x20, 0x4, 0xf0, 0x0,
    0x0, 0x0, 0xf, 0x20, 0x4, 0xf0, 0x0, 0x0,
    0x0, 0xf, 0x20, 0x4, 0xfe, 0xee, 0xee, 0xee,
    0xef, 0x20, 0x4, 0xf1, 0x11, 0x11, 0x11, 0x1f,
    0x20,

    /* U+8B66 "警" */
    0x1f, 0xff, 0xff, 0xff, 0xe3, 0xc4, 0x44, 0x40,
    0x4, 0x5e, 0x46, 0xc4, 0x38, 0xff, 0xff, 0xe0,
    0x0, 0xee, 0xab, 0xdb, 0x6e, 0xb2, 0x99, 0x10,
    0xa, 0xc8, 0x88, 0x9, 0x76, 0x69, 0xc0, 0x0,
    0x7, 0xa5, 0x2c, 0x1c, 0x31, 0x8d, 0xd6, 0x10,
    0x0, 0x58, 0x88, 0xde, 0x5d, 0x60, 0x29, 0xc0,
    0x2, 0x22, 0x22, 0x3c, 0xd2, 0x22, 0x22, 0x20,
    0xa, 0xaa, 0xaa, 0xaa, 0xaa, 0xaa, 0xaa, 0xa0,
    0x0, 0x8, 0xcc, 0xcc, 0xcc, 0xcc, 0x80, 0x0,
    0x0, 0x4, 0x55, 0x55, 0x55, 0x55, 0x30, 0x0,
    0x0, 0x5, 0x88, 0x88, 0x88, 0x88, 0x50, 0x0,
    0x0, 0x2d, 0xcc, 0xcc, 0xcc, 0xcc, 0xd2, 0x0,
    0x0, 0x3e, 0x0, 0x0, 0x0, 0x0, 0xe2, 0x0,
    0x0, 0x3f, 0xcc, 0xcc, 0xcc, 0xcc, 0xf2, 0x0,

    /* U+8BA1 "计" */
    0x0, 0x75, 0x0, 0x0, 0x3, 0xf0, 0x0, 0x0,
    0x6, 0xf7, 0x0, 0x0, 0x3f, 0x0, 0x0, 0x0,
    0x4, 0xf2, 0x0, 0x3, 0xf0, 0x0, 0x0, 0x0,
    0x2, 0x0, 0x0, 0x3f, 0x0, 0x0, 0x1, 0x11,
    0x0, 0x11, 0x14, 0xf1, 0x11, 0x13, 0xff, 0xf3,
    0x3f, 0xff, 0xff, 0xff, 0xfe, 0x0, 0xe, 0x30,
    0x0, 0x3, 0xf0, 0x0, 0x0, 0x0, 0xe3, 0x0,
    0x0, 0x3f, 0x0, 0x0, 0x0, 0xe, 0x30, 0x0,
    0x3, 0xf0, 0x0, 0x0, 0x0, 0xe3, 0x0, 0x0,
    0x3f, 0x0, 0x0, 0x0, 0xe, 0x32, 0x80, 0x3,
    0xf0, 0x0, 0x0, 0x0, 0xe9, 0xe6, 0x0, 0x3f,
    0x0, 0x0, 0x0, 0x1f, 0xc2, 0x0, 0x3, 0xf0,
    0x0, 0x0, 0x0, 0x60, 0x0, 0x0, 0x3f, 0x0,
    0x0,

    /* U+8BA4 "认" */
    0x0, 0x67, 0x0, 0x0, 0xd, 0x50, 0x0, 0x0,
    0x4, 0xf8, 0x0, 0x0, 0xd5, 0x0, 0x0, 0x0,
    0x4, 0xf4, 0x0, 0xd, 0x50, 0x0, 0x0, 0x0,
    0x3, 0x0, 0x0, 0xe6, 0x0, 0x0, 0x2, 0x22,
    0x0, 0x0, 0xf, 0x70, 0x0, 0x4, 0xff, 0xf4,
    0x0, 0x0, 0xf9, 0x0, 0x0, 0x0, 0xe, 0x40,
    0x0, 0x2f, 0xc0, 0x0, 0x0, 0x0, 0xe4, 0x0,
    0x6, 0xde, 0x10, 0x0, 0x0, 0xe, 0x40, 0x0,
    0x99, 0xa7, 0x0, 0x0, 0x0, 0xe4, 0x34, 0xe,
    0x44, 0xe1, 0x0, 0x0, 0xe, 0x9e, 0x37, 0xd0,
    0xc, 0xa0, 0x0, 0x0, 0xee, 0x34, 0xf3, 0x0,
    0x2f, 0x80, 0x0, 0x2d, 0x24, 0xf7, 0x0, 0x0,
    0x6f, 0x70, 0x0, 0x0, 0x97, 0x0, 0x0, 0x0,
    0x61, 0x0, 0x0, 0x0, 0x0, 0x0, 0x0, 0x0,
    0x0,

    /* U+8BAE "议" */
    0x0, 0x43, 0x0, 0x0, 0x1a, 0x0, 0x0, 0x0,
    0x0, 0x7f, 0x40, 0x0, 0xd, 0x50, 0x13, 0x0,
    0x0, 0x6, 0xf1, 0x7a, 0x7, 0xc0, 0x6e, 0x0,
    0x0, 0x0, 0x30, 0x4e, 0x1, 0x40, 0x9a, 0x0,
    0x0, 0x0, 0x0, 0xf, 0x30, 0x0, 0xe5, 0x0,
    0x4f, 0xff, 0x0, 0x9, 0x90, 0x2, 0xf0, 0x0,
    0x0, 0x1f, 0x0, 0x3, 0xf1, 0x8, 0xb0, 0x0,
    0x0, 0x1f, 0x0, 0x0, 0xc8, 0xe, 0x40, 0x0,
    0x0, 0x1f, 0x0, 0x0, 0x3f, 0xad, 0x0, 0x0,
    0x0, 0x1f, 0x2, 0x30, 0xa, 0xf4, 0x0, 0x0,
    0x0, 0x1f, 0x3e, 0x50, 0x1e, 0xec, 0x10, 0x0,
    0x0, 0x1f, 0xe5, 0x3, 0xe9, 0x1c, 0xd3, 0x0,
    0x0, 0x4e, 0x41, 0x8f, 0x70, 0x0, 0xaf, 0x90,
    0x0, 0x1, 0xc, 0xc3, 0x0, 0x0, 0x5, 0x70,
    0x0, 0x0, 0x1, 0x0, 0x0, 0x0, 0x0, 0x0,

    /* U+8BB0 "记" */
    0x0, 0x64, 0x0, 0x0, 0x0, 0x0, 0x0, 0x0,
    0x0, 0x6f, 0x70, 0xaf, 0xff, 0xff, 0xfe, 0x0,
    0x0, 0x5, 0xf2, 0x1, 0x11, 0x11, 0x3e, 0x0,
    0x0, 0x0, 0x20, 0x0, 0x0, 0x0, 0x3e, 0x0,
    0x1, 0x11, 0x0, 0x0, 0x0, 0x0, 0x3e, 0x0,
    0x2f, 0xff, 0x30, 0x1, 0x11, 0x11, 0x4e, 0x0,
    0x0, 0xe, 0x30, 0x2f, 0xff, 0xff, 0xfe, 0x0,
    0x0, 0xe, 0x30, 0x2f, 0x0, 0x0, 0x0, 0x0,
    0x0, 0xe, 0x30, 0x2f, 0x0, 0x0, 0x0, 0x0,
    0x0, 0xe, 0x30, 0x2f, 0x0, 0x0, 0x0, 0x0,
    0x0, 0xe, 0x32, 0x3f, 0x0, 0x0, 0x2, 0xf0,
    0x0, 0xe, 0x8e, 0x6f, 0x0, 0x0, 0x3, 0xf0,
    0x0, 0xf, 0xf4, 0x2f, 0x53, 0x33, 0x4a, 0xd0,
    0x0, 0x1c, 0x20, 0xb, 0xff, 0xff, 0xfd, 0x50,
    0x0, 0x0, 0x0, 0x0, 0x0, 0x0, 0x0, 0x0,

    /* U+8BB8 "许" */
    0x0, 0x0, 0x0, 0x1, 0x0, 0x0, 0x0, 0x0,
    0x8, 0x60, 0x0, 0xb7, 0x0, 0x0, 0x0, 0x0,
    0x4f, 0x80, 0xe, 0x40, 0x0, 0x0, 0x0, 0x0,
    0x4e, 0x22, 0xff, 0xff, 0xff, 0xf5, 0x0, 0x0,
    0x10, 0x7b, 0x13, 0xf1, 0x11, 0x0, 0x11, 0x10,
    0xd, 0x50, 0x2f, 0x0, 0x0, 0x2f, 0xff, 0x33,
    0xe0, 0x2, 0xf0, 0x0, 0x0, 0x0, 0xe3, 0x2,
    0x0, 0x2f, 0x0, 0x0, 0x0, 0xe, 0x36, 0xff,
    0xff, 0xff, 0xff, 0xf0, 0x0, 0xe3, 0x1, 0x11,
    0x3f, 0x11, 0x11, 0x0, 0xe, 0x30, 0x0, 0x2,
    0xf0, 0x0, 0x0, 0x0, 0xe3, 0x27, 0x0, 0x2f,
    0x0, 0x0, 0x0, 0xe, 0x9e, 0x50, 0x2, 0xf0,
    0x0, 0x0, 0x1, 0xfc, 0x20, 0x0, 0x2f, 0x0,
    0x0, 0x0, 0x6, 0x0, 0x0, 0x2, 0xf0, 0x0,
    0x0,

    /* U+8BBE "设" */
    0x0, 0x10, 0x0, 0x0, 0x0, 0x0, 0x0, 0x0,
    0xb, 0xb0, 0x0, 0xdf, 0xff, 0xf5, 0x0, 0x0,
    0x1c, 0xc0, 0xd, 0x40, 0xc, 0x50, 0x0, 0x0,
    0x1a, 0x0, 0xf2, 0x0, 0xc5, 0x0, 0x0, 0x0,
    0x0, 0x5e, 0x0, 0xc, 0x60, 0x11, 0x66, 0x61,
    0x4f, 0x60, 0x0, 0x9f, 0xfb, 0x1b, 0xbf, 0x32,
    0x50, 0x0, 0x0, 0x11, 0x0, 0x0, 0xe3, 0x4d,
    0xdd, 0xdd, 0xdc, 0x10, 0x0, 0xe, 0x30, 0x6e,
    0x33, 0x39, 0xc0, 0x0, 0x0, 0xe3, 0x0, 0xb7,
    0x1, 0xe4, 0x0, 0x0, 0xe, 0x31, 0x11, 0xe6,
    0xc8, 0x0, 0x0, 0x0, 0xe6, 0xe3, 0x4, 0xfd,
    0x0, 0x0, 0x0, 0xf, 0xe4, 0x3, 0xdb, 0xdc,
    0x40, 0x0, 0x1, 0xb1, 0x39, 0xf6, 0x0, 0x8f,
    0xd5, 0x0, 0x0, 0xc, 0x81, 0x0, 0x0, 0x18,
    0x20,

    /* U+8BBF "访" */
    0x0, 0x0, 0x0, 0x0, 0x3, 0x0, 0x0, 0x0,
    0x8, 0x70, 0x0, 0x0, 0xca, 0x0, 0x0, 0x0,
    0x3e, 0x90, 0x0, 0x2, 0xf5, 0x0, 0x0, 0x0,
    0x3e, 0x2b, 0xcc, 0xce, 0xcc, 0xcb, 0x0, 0x0,
    0x0, 0x44, 0xba, 0x44, 0x44, 0x41, 0x33, 0x30,
    0x0, 0x9, 0x70, 0x0, 0x0, 0x3e, 0xef, 0x10,
    0x0, 0xa8, 0x11, 0x11, 0x0, 0x0, 0xf1, 0x0,
    0xa, 0xff, 0xff, 0xf0, 0x0, 0xf, 0x10, 0x0,
    0xc5, 0x0, 0x1f, 0x0, 0x0, 0xf1, 0x0, 0xe,
    0x30, 0x2, 0xf0, 0x0, 0xf, 0x16, 0x13, 0xf0,
    0x0, 0x3e, 0x0, 0x0, 0xf6, 0xe1, 0x9b, 0x0,
    0x5, 0xd0, 0x0, 0xf, 0xe3, 0x2f, 0x40, 0x0,
    0x7c, 0x0, 0x2, 0xe3, 0x1d, 0x90, 0x22, 0x2c,
    0x90, 0x0, 0x1, 0xa, 0xc0, 0x7, 0xef, 0xd3,
    0x0, 0x0, 0x0, 0x10, 0x0, 0x0, 0x0, 0x0,

    /* U+8BC1 "证" */
    0x0, 0x73, 0x0, 0x0, 0x0, 0x0, 0x0, 0x0,
    0x0, 0x7f, 0x40, 0xff, 0xff, 0xff, 0xff, 0xb0,
    0x0, 0x7, 0xf0, 0x11, 0x11, 0xf4, 0x11, 0x0,
    0x0, 0x0, 0x20, 0x0, 0x0, 0xf3, 0x0, 0x0,
    0x0, 0x0, 0x0, 0x0, 0x0, 0xf3, 0x0, 0x0,
    0xe, 0xee, 0x20, 0x1b, 0x0, 0xf3, 0x0, 0x0,
    0x3, 0x3f, 0x20, 0x2f, 0x0, 0xf6, 0x44, 0x10,
    0x0, 0xf, 0x20, 0x2f, 0x0, 0xfd, 0xcc, 0x30,
    0x0, 0xf, 0x20, 0x2f, 0x0, 0xf3, 0x0, 0x0,
    0x0, 0xf, 0x20, 0x2f, 0x0, 0xf3, 0x0, 0x0,
    0x0, 0xf, 0x2a, 0x4f, 0x0, 0xf3, 0x0, 0x0,
    0x0, 0xf, 0xcb, 0x2f, 0x0, 0xf3, 0x0, 0x0,
    0x0, 0xf, 0xc3, 0x6f, 0x44, 0xf7, 0x44, 0x40,
    0x0, 0x2a, 0x8, 0xcc, 0xcc, 0xcc, 0xcc, 0xc0,
    0x0, 0x0, 0x0, 0x0, 0x0, 0x0, 0x0, 0x0,

    /* U+8BD5 "试" */
    0x0, 0x33, 0x0, 0x0, 0x0, 0xe4, 0x74, 0x0,
    0x6, 0xf7, 0x0, 0x0, 0xd, 0x54, 0xe0, 0x0,
    0x4, 0xf5, 0x0, 0x0, 0xc6, 0x5, 0x0, 0x0,
    0x3, 0x1e, 0xee, 0xef, 0xff, 0xfe, 0x2, 0x22,
    0x0, 0x11, 0x11, 0xa8, 0x0, 0x3, 0xcc, 0xf0,
    0x0, 0x0, 0x8, 0xa0, 0x0, 0x0, 0xf, 0x0,
    0xef, 0xff, 0xbc, 0x0, 0x0, 0x0, 0xf0, 0x0,
    0x4d, 0x14, 0xe0, 0x0, 0x0, 0xf, 0x0, 0x4,
    0xd0, 0xf, 0x10, 0x0, 0x0, 0xf0, 0x10, 0x4d,
    0x0, 0xd5, 0x0, 0x0, 0xf, 0x3e, 0x14, 0xd5,
    0x39, 0x91, 0x90, 0x0, 0xfe, 0x9a, 0xdf, 0xa2,
    0x3e, 0x3c, 0x0, 0x3f, 0x61, 0x84, 0x0, 0x0,
    0xde, 0x80, 0x0, 0x50, 0x0, 0x0, 0x0, 0x3,
    0xe2,

    /* U+8BDD "话" */
    0x0, 0x0, 0x0, 0x0, 0x0, 0x0, 0x0, 0x0,
    0x0, 0x64, 0x0, 0x0, 0x1, 0x58, 0xd8, 0x0,
    0x0, 0x6f, 0x60, 0x9c, 0xef, 0xf9, 0x51, 0x0,
    0x0, 0x5, 0xf2, 0x33, 0x14, 0xd0, 0x0, 0x0,
    0x0, 0x0, 0x20, 0x0, 0x4, 0xd0, 0x0, 0x0,
    0x1, 0x11, 0x4, 0x99, 0x9b, 0xe9, 0x99, 0x90,
    0x3f, 0xff, 0x12, 0x66, 0x68, 0xe6, 0x66, 0x60,
    0x0, 0xf, 0x10, 0x0, 0x4, 0xd0, 0x0, 0x0,
    0x0, 0xf, 0x10, 0x0, 0x4, 0xd0, 0x0, 0x0,
    0x0, 0xf, 0x10, 0x6f, 0xff, 0xff, 0xff, 0x10,
    0x0, 0xf, 0x10, 0x6b, 0x0, 0x0, 0xf, 0x10,
    0x0, 0xf, 0x17, 0x6b, 0x0, 0x0, 0xf, 0x10,
    0x0, 0xf, 0xdb, 0x6b, 0x0, 0x0, 0xf, 0x10,
    0x0, 0x3f, 0x80, 0x6f, 0xff, 0xff, 0xff, 0x10,
    0x0, 0x4, 0x0, 0x6b, 0x0, 0x0, 0x1f, 0x10,

    /* U+8BE2 "询" */
    0x0, 0x0, 0x0, 0x1, 0x10, 0x0, 0x0, 0x0,
    0x5, 0x30, 0x0, 0x8b, 0x0, 0x0, 0x0, 0x0,
    0x6f, 0x60, 0xd, 0x71, 0x11, 0x11, 0x0, 0x0,
    0x5f, 0x35, 0xff, 0xff, 0xff, 0xfc, 0x0, 0x0,
    0x30, 0xd7, 0x0, 0x0, 0x5, 0xc0, 0x0, 0x0,
    0xae, 0x77, 0x77, 0x60, 0x5c, 0x4f, 0xff, 0x1a,
    0x5f, 0x88, 0x9e, 0x6, 0xb0, 0x0, 0xf1, 0x2,
    0xe0, 0x2, 0xe0, 0x6b, 0x0, 0xf, 0x10, 0x2f,
    0xff, 0xfe, 0x6, 0xb0, 0x0, 0xf1, 0x2, 0xe0,
    0x2, 0xe0, 0x7a, 0x0, 0xf, 0x10, 0x2e, 0x0,
    0x2e, 0x7, 0xa0, 0x0, 0xf1, 0x43, 0xff, 0xff,
    0xe0, 0x89, 0x0, 0xf, 0x8e, 0x20, 0x0, 0x0,
    0xa, 0x80, 0x1, 0xfd, 0x20, 0x0, 0x3, 0x22,
    0xe6, 0x0, 0x19, 0x10, 0x0, 0x1, 0xef, 0xfc,
    0x10,

    /* U+8BE6 "详" */
    0x0, 0x32, 0x0, 0x9, 0x50, 0x1, 0xd2, 0x0,
    0x0, 0x9e, 0x30, 0x6, 0xe0, 0x7, 0xd0, 0x0,
    0x0, 0x9, 0xf2, 0x11, 0xb2, 0x1e, 0x51, 0x0,
    0x0, 0x0, 0x52, 0xff, 0xff, 0xff, 0xff, 0xa0,
    0x0, 0x0, 0x0, 0x0, 0x6, 0xc0, 0x0, 0x0,
    0x2e, 0xee, 0x30, 0x1, 0x16, 0xc1, 0x11, 0x0,
    0x2, 0x2e, 0x30, 0x9f, 0xff, 0xff, 0xff, 0x10,
    0x0, 0xe, 0x30, 0x0, 0x6, 0xc0, 0x0, 0x0,
    0x0, 0xe, 0x30, 0x0, 0x6, 0xc0, 0x0, 0x0,
    0x0, 0xe, 0x37, 0xff, 0xff, 0xff, 0xff, 0xf0,
    0x0, 0xe, 0x32, 0x20, 0x6, 0xc0, 0x0, 0x0,
    0x0, 0xe, 0x9e, 0x40, 0x6, 0xc0, 0x0, 0x0,
    0x0, 0x1f, 0xc2, 0x0, 0x6, 0xc0, 0x0, 0x0,
    0x0, 0x6, 0x0, 0x0, 0x6, 0xc0, 0x0, 0x0,

    /* U+8BED "语" */
    0x0, 0x30, 0x0, 0x0, 0x0, 0x0, 0x0, 0x0,
    0xd, 0xb0, 0xf, 0xff, 0xff, 0xff, 0xf2, 0x0,
    0x1d, 0xa0, 0x0, 0x3d, 0x0, 0x0, 0x0, 0x0,
    0x29, 0x0, 0x5, 0xb0, 0x0, 0x0, 0x0, 0x0,
    0x0, 0x8c, 0xde, 0xcc, 0xc1, 0x0, 0x33, 0x30,
    0x2, 0x3c, 0x73, 0x3f, 0x20, 0x2f, 0xff, 0x10,
    0x0, 0xe3, 0x0, 0xe2, 0x0, 0x1, 0xf1, 0x12,
    0x3f, 0x32, 0x2e, 0x42, 0x0, 0xf, 0x18, 0xdd,
    0xdd, 0xdd, 0xdd, 0xd0, 0x0, 0xf1, 0x0, 0x0,
    0x0, 0x0, 0x0, 0x0, 0xf, 0x10, 0x3f, 0xff,
    0xff, 0xfa, 0x0, 0x0, 0xf2, 0x84, 0xd0, 0x0,
    0x6, 0xa0, 0x0, 0xf, 0xd9, 0x4d, 0x0, 0x0,
    0x6a, 0x0, 0x3, 0xf8, 0x4, 0xfd, 0xdd, 0xde,
    0xa0, 0x0, 0x4, 0x0, 0x4d, 0x22, 0x22, 0x8a,
    0x0,

    /* U+8BEF "误" */
    0x0, 0x0, 0x0, 0x0, 0x0, 0x0, 0x0, 0x0,
    0x0, 0x9a, 0x0, 0x7f, 0xff, 0xff, 0xfa, 0x0,
    0x0, 0x1e, 0xa0, 0x7a, 0x0, 0x0, 0x7a, 0x0,
    0x0, 0x2, 0xe2, 0x7a, 0x0, 0x0, 0x7a, 0x0,
    0x0, 0x0, 0x0, 0x7a, 0x0, 0x0, 0x7a, 0x0,
    0x0, 0x0, 0x0, 0x7f, 0xff, 0xff, 0xfa, 0x0,
    0xc, 0xcc, 0x20, 0x0, 0x0, 0x0, 0x0, 0x0,
    0x3, 0x3f, 0x21, 0xee, 0xee, 0xee, 0xee, 0x60,
    0x0, 0xf, 0x20, 0x0, 0x8, 0x90, 0x0, 0x0,
    0x0, 0xf, 0x20, 0x0, 0x8, 0x90, 0x0, 0x0,
    0x0, 0xf, 0x28, 0xff, 0xff, 0xff, 0xff, 0xf1,
    0x0, 0xf, 0x25, 0x0, 0x1e, 0xe4, 0x0, 0x0,
    0x0, 0xf, 0xcc, 0x0, 0xb9, 0x3e, 0x50, 0x0,
    0x0, 0x2f, 0xa0, 0x4d, 0xa0, 0x4, 0xeb, 0x30,
    0x0, 0x6, 0xd, 0xd5, 0x0, 0x0, 0x19, 0xd0,
    0x0, 0x0, 0x2, 0x0, 0x0, 0x0, 0x0, 0x0,

    /* U+8BF4 "说" */
    0x0, 0x0, 0x0, 0x0, 0x0, 0x0, 0x0, 0x0,
    0x5, 0x10, 0x0, 0xb3, 0x0, 0xe, 0x10, 0x0,
    0xae, 0x20, 0x9, 0xd0, 0x6, 0xc0, 0x0, 0x0,
    0xad, 0x0, 0x1d, 0x20, 0xd5, 0x0, 0x0, 0x0,
    0x40, 0x9a, 0xaa, 0xbf, 0xa9, 0x0, 0x11, 0x10,
    0xe, 0x75, 0x55, 0x56, 0xe0, 0x1f, 0xff, 0x20,
    0xe2, 0x0, 0x0, 0x1e, 0x0, 0x0, 0xf2, 0xe,
    0x20, 0x0, 0x1, 0xe0, 0x0, 0xf, 0x20, 0xee,
    0xee, 0xee, 0xee, 0x0, 0x0, 0xf2, 0x0, 0x1f,
    0x33, 0xe0, 0x0, 0x0, 0xf, 0x21, 0x2, 0xf1,
    0x2e, 0x0, 0x0, 0x0, 0xf5, 0xd0, 0x7d, 0x2,
    0xe0, 0x13, 0x0, 0xf, 0xe3, 0x1e, 0x60, 0x2e,
    0x4, 0xe0, 0x3, 0xe3, 0x2c, 0xb0, 0x2, 0xf3,
    0x8c, 0x0, 0x2, 0xd, 0xa0, 0x0, 0xd, 0xfe,
    0x60, 0x0, 0x0, 0x10, 0x0, 0x0, 0x0, 0x0,

    /* U+8BF7 "请" */
    0x0, 0x41, 0x0, 0x0, 0x7, 0xa0, 0x0, 0x0,
    0x0, 0xae, 0x31, 0x88, 0x8b, 0xd8, 0x88, 0x40,
    0x0, 0x9, 0xe1, 0x44, 0x49, 0xb4, 0x44, 0x20,
    0x0, 0x0, 0x30, 0x9d, 0xde, 0xfd, 0xdd, 0x10,
    0x1, 0x11, 0x0, 0x0, 0x7, 0xa0, 0x0, 0x0,
    0xf, 0xff, 0x18, 0xee, 0xee, 0xee, 0xee, 0xe0,
    0x0, 0xf, 0x10, 0x0, 0x0, 0x0, 0x0, 0x0,
    0x0, 0xf, 0x10, 0x6f, 0xee, 0xee, 0xeb, 0x0,
    0x0, 0xf, 0x10, 0x6c, 0x44, 0x44, 0x8b, 0x0,
    0x0, 0xf, 0x10, 0x6d, 0x77, 0x77, 0xab, 0x0,
    0x0, 0xf, 0x16, 0x6e, 0xaa, 0xaa, 0xcb, 0x0,
    0x0, 0xf, 0xcb, 0x6b, 0x33, 0x33, 0x7b, 0x0,
    0x0, 0x3f, 0x80, 0x6b, 0x0, 0x43, 0x8b, 0x0,
    0x0, 0x13, 0x0, 0x6b, 0x0, 0xad, 0xd6, 0x0,

    /* U+8BFB "读" */
    0x0, 0x72, 0x0, 0x0, 0x7, 0x90, 0x0, 0x0,
    0x6, 0xf5, 0xb, 0xff, 0xff, 0xff, 0xf1, 0x0,
    0x6, 0xe1, 0x0, 0x7, 0x90, 0x0, 0x0, 0x0,
    0x0, 0x39, 0x99, 0xcd, 0x99, 0x94, 0x1, 0x11,
    0x2, 0x78, 0x77, 0x77, 0x7c, 0xa3, 0xff, 0xf0,
    0x3, 0xe5, 0x8, 0x60, 0xd4, 0x0, 0x1f, 0x0,
    0x14, 0xe7, 0xa6, 0x4e, 0x0, 0x1, 0xf0, 0x1e,
    0x91, 0xc, 0x50, 0x10, 0x0, 0x1f, 0x0, 0x1b,
    0x90, 0xf2, 0x0, 0x0, 0x1, 0xf0, 0x24, 0x44,
    0x6f, 0x44, 0x43, 0x0, 0x1f, 0x8, 0xcc, 0xcf,
    0xdc, 0xcc, 0xb0, 0x1, 0xf9, 0xc0, 0x5, 0xf3,
    0x92, 0x0, 0x0, 0x4f, 0xb1, 0x18, 0xf5, 0x7,
    0xf8, 0x0, 0x2, 0x50, 0xbf, 0xc3, 0x0, 0x2,
    0xea, 0x0, 0x0, 0x3, 0x20, 0x0, 0x0, 0x1,
    0x20,

    /* U+8C03 "调" */
    0x0, 0x0, 0x0, 0x0, 0x0, 0x0, 0x0, 0x0,
    0xd, 0x50, 0xe, 0xff, 0xff, 0xff, 0xf4, 0x0,
    0x5f, 0x40, 0xe2, 0x0, 0x0, 0xc, 0x40, 0x0,
    0x8e, 0xe, 0x20, 0x47, 0x0, 0xc4, 0x0, 0x0,
    0x20, 0xe2, 0xde, 0xfd, 0x3c, 0x40, 0x22, 0x10,
    0xe, 0x20, 0x59, 0x0, 0xc4, 0x2f, 0xff, 0x0,
    0xe2, 0x16, 0x91, 0xc, 0x40, 0x24, 0xf0, 0xe,
    0x6d, 0xdd, 0xd7, 0xc4, 0x0, 0x2f, 0x0, 0xf1,
    0x0, 0x0, 0xc, 0x40, 0x2, 0xf0, 0xf, 0x1e,
    0xee, 0xf1, 0xc4, 0x0, 0x2f, 0x2, 0xf0, 0xe1,
    0xe, 0x1c, 0x40, 0x2, 0xfd, 0x7f, 0xe, 0xdd,
    0xf1, 0xc4, 0x0, 0x3f, 0x75, 0xc0, 0x1, 0x11,
    0xc, 0x40, 0x3, 0x60, 0xa8, 0x0, 0x0, 0x22,
    0xe4, 0x0, 0x0, 0xf, 0x20, 0x0, 0xb, 0xfe,
    0x10, 0x0, 0x0, 0x20, 0x0, 0x0, 0x0, 0x0,

    /* U+8C31 "谱" */
    0x0, 0x0, 0x0, 0x0, 0x0, 0x0, 0x0, 0x0,
    0x0, 0x41, 0x0, 0x5, 0xb0, 0x3, 0xd0, 0x0,
    0x0, 0x9e, 0x40, 0x0, 0xd5, 0xa, 0x60, 0x0,
    0x0, 0x8, 0xf4, 0xee, 0xff, 0xef, 0xee, 0xb0,
    0x0, 0x0, 0x50, 0x72, 0x69, 0xf, 0x6, 0x50,
    0x1, 0x11, 0x0, 0x6b, 0x69, 0xf, 0xe, 0x30,
    0xe, 0xef, 0x20, 0x9, 0x69, 0xf, 0x39, 0x0,
    0x0, 0xf, 0x2a, 0xff, 0xff, 0xff, 0xff, 0xf4,
    0x0, 0xf, 0x20, 0x0, 0x0, 0x0, 0x0, 0x0,
    0x0, 0xf, 0x20, 0x2e, 0xee, 0xee, 0xed, 0x0,
    0x0, 0xf, 0x20, 0x2e, 0x0, 0x0, 0x2e, 0x0,
    0x0, 0xf, 0x3a, 0x6f, 0xee, 0xee, 0xee, 0x0,
    0x0, 0xf, 0xea, 0x2e, 0x0, 0x0, 0x2e, 0x0,
    0x0, 0x2f, 0x80, 0x2f, 0xbb, 0xbb, 0xce, 0x0,
    0x0, 0x4, 0x0, 0x2e, 0x33, 0x33, 0x4e, 0x0,

    /* U+8D1F "负" */
    0x0, 0x0, 0x12, 0x0, 0x0, 0x0, 0x0, 0x0,
    0x0, 0xab, 0x0, 0x0, 0x0, 0x0, 0x0, 0x5,
    0xff, 0xff, 0xff, 0x60, 0x0, 0x0, 0x3f, 0x41,
    0x11, 0xbc, 0x10, 0x0, 0x4, 0xe5, 0x0, 0xa,
    0xc1, 0x0, 0x0, 0x6f, 0xff, 0xff, 0xff, 0xff,
    0xff, 0x60, 0x43, 0xf3, 0x0, 0x0, 0x0, 0xd,
    0x60, 0x0, 0xf2, 0x0, 0x59, 0x0, 0xd, 0x60,
    0x0, 0xf2, 0x0, 0x7b, 0x0, 0xd, 0x60, 0x0,
    0xf2, 0x0, 0x9a, 0x0, 0xd, 0x60, 0x0, 0xf2,
    0x0, 0xe6, 0x0, 0xd, 0x60, 0x0, 0x40, 0x8,
    0xe2, 0xb7, 0x13, 0x10, 0x0, 0x2, 0xaf, 0x30,
    0x6d, 0xf9, 0x20, 0x37, 0xbf, 0xc2, 0x0, 0x0,
    0x4d, 0xf9, 0x3c, 0x93, 0x0, 0x0, 0x0, 0x0,
    0x65,

    /* U+8D25 "败" */
    0x0, 0x0, 0x0, 0x0, 0x48, 0x0, 0x0, 0x0,
    0xef, 0xff, 0xf5, 0x8, 0xb0, 0x0, 0x0, 0xe,
    0x20, 0xc, 0x50, 0xb9, 0x0, 0x0, 0x0, 0xe2,
    0x0, 0xc5, 0xe, 0x94, 0x44, 0x41, 0xe, 0x28,
    0x1c, 0x53, 0xfc, 0xcc, 0xfc, 0x50, 0xe2, 0xe2,
    0xc5, 0x9f, 0x0, 0x2f, 0x0, 0xe, 0x2e, 0x2c,
    0x6f, 0xf3, 0x3, 0xd0, 0x0, 0xe2, 0xe2, 0xcc,
    0xc6, 0x80, 0x69, 0x0, 0xe, 0x2e, 0x1c, 0x62,
    0xd, 0xa, 0x50, 0x0, 0xe3, 0xf0, 0xc5, 0x0,
    0x67, 0xd0, 0x0, 0x6, 0x5d, 0x3, 0x10, 0x1,
    0xfb, 0x0, 0x0, 0x9, 0x9c, 0x80, 0x0, 0xcc,
    0xe9, 0x0, 0x3, 0xf2, 0x2f, 0x52, 0xcc, 0x3,
    0xfb, 0x13, 0xe7, 0x0, 0x45, 0xfb, 0x10, 0x3,
    0xe8, 0x15, 0x0, 0x0, 0x16, 0x0, 0x0, 0x1,
    0x0,

    /* U+8D34 "贴" */
    0xe, 0xff, 0xff, 0x50, 0x2, 0xf0, 0x0, 0x0,
    0xe3, 0x0, 0xc5, 0x0, 0x2f, 0x0, 0x0, 0xe,
    0x30, 0xc, 0x50, 0x2, 0xf1, 0x0, 0x0, 0xe3,
    0xa1, 0xc5, 0x0, 0x2f, 0xff, 0xfc, 0xe, 0x3e,
    0x2c, 0x50, 0x2, 0xf0, 0x0, 0x0, 0xe3, 0xe2,
    0xc5, 0x0, 0x2f, 0x0, 0x0, 0xe, 0x3e, 0x2c,
    0x50, 0x2, 0xf1, 0x0, 0x0, 0xe3, 0xe2, 0xc5,
    0x5f, 0xff, 0xff, 0xf3, 0xe, 0x3f, 0x1c, 0x55,
    0xd0, 0x0, 0xe, 0x30, 0x63, 0xf0, 0x31, 0x5d,
    0x0, 0x0, 0xe3, 0x0, 0x6b, 0x99, 0x5, 0xd0,
    0x0, 0xe, 0x30, 0xd, 0x61, 0xe6, 0x5d, 0x0,
    0x0, 0xe3, 0xa, 0xc0, 0x6, 0xf6, 0xff, 0xff,
    0xff, 0x33, 0xc1, 0x0, 0x5, 0x5d, 0x0, 0x0,
    0xe3, 0x0, 0x0, 0x0, 0x0, 0x0, 0x0, 0x0,
    0x0,

    /* U+8D77 "起" */
    0x0, 0x0, 0xb6, 0x0, 0x0, 0x0, 0x0, 0x0,
    0x0, 0x0, 0xb6, 0x0, 0x6d, 0xdd, 0xdf, 0x0,
    0x6, 0xff, 0xff, 0xff, 0x0, 0x0, 0xf, 0x10,
    0x0, 0x0, 0xb6, 0x0, 0x0, 0x0, 0xf, 0x10,
    0x0, 0x0, 0xb6, 0x0, 0x0, 0x0, 0xf, 0x10,
    0xf, 0xff, 0xff, 0xff, 0x8f, 0xff, 0xff, 0x0,
    0x0, 0x0, 0xa7, 0x0, 0x2e, 0x0, 0x0, 0x0,
    0x0, 0xa2, 0xa7, 0x0, 0x2e, 0x0, 0x0, 0x0,
    0x0, 0xf2, 0xaf, 0xff, 0x2e, 0x0, 0x1, 0xe0,
    0x1, 0xf1, 0xa7, 0x0, 0x2e, 0x0, 0x2, 0xe0,
    0x4, 0xf7, 0xa7, 0x0, 0x1f, 0x64, 0x5a, 0xb0,
    0x8, 0xcd, 0xe7, 0x0, 0x8, 0xbc, 0xca, 0x30,
    0xd, 0x62, 0xdd, 0x64, 0x21, 0x12, 0x23, 0x41,
    0x2f, 0x10, 0x7, 0xbe, 0xff, 0xff, 0xff, 0xf1,
    0x2, 0x0, 0x0, 0x0, 0x0, 0x0, 0x0, 0x0,

    /* U+8D85 "超" */
    0x0, 0x2, 0xe0, 0x2, 0xff, 0xff, 0xff, 0x70,
    0x0, 0x2, 0xe0, 0x0, 0x0, 0xf0, 0xa, 0x70,
    0x9, 0xff, 0xff, 0xf5, 0x3, 0xd0, 0xa, 0x60,
    0x0, 0x2, 0xe0, 0x0, 0x8, 0x90, 0xb, 0x50,
    0x0, 0x2, 0xe0, 0x0, 0x1f, 0x31, 0xe, 0x40,
    0x1d, 0xdd, 0xfd, 0xda, 0xd8, 0xc, 0xfc, 0x0,
    0x2, 0x23, 0xf2, 0x21, 0x73, 0x33, 0x33, 0x0,
    0x1, 0xa1, 0xf0, 0x0, 0xdb, 0xaa, 0xaf, 0x30,
    0x2, 0xe1, 0xff, 0xf4, 0xd3, 0x0, 0xe, 0x30,
    0x3, 0xe2, 0xf0, 0x0, 0xd3, 0x0, 0xe, 0x30,
    0x6, 0xfc, 0xf0, 0x0, 0xdc, 0xbb, 0xbf, 0x30,
    0x9, 0x7c, 0xf0, 0x0, 0x33, 0x33, 0x33, 0x0,
    0xd, 0x41, 0xcc, 0x52, 0x11, 0x11, 0x22, 0x30,
    0x2e, 0x0, 0x7, 0xbe, 0xff, 0xff, 0xff, 0xe0,
    0x2, 0x0, 0x0, 0x0, 0x0, 0x0, 0x0, 0x0,

    /* U+8DB3 "足" */
    0x1, 0xff, 0xff, 0xff, 0xff, 0xff, 0x10, 0x1,
    0xf1, 0x0, 0x0, 0x0, 0x1f, 0x10, 0x1, 0xf1,
    0x0, 0x0, 0x0, 0x1f, 0x10, 0x1, 0xf1, 0x0,
    0x0, 0x0, 0x1f, 0x10, 0x1, 0xf1, 0x0, 0x0,
    0x0, 0x1f, 0x10, 0x1, 0xff, 0xff, 0xff, 0xff,
    0xff, 0x10, 0x0, 0x0, 0x0, 0xd6, 0x0, 0x0,
    0x0, 0x0, 0x5a, 0x0, 0xd5, 0x0, 0x0, 0x0,
    0x0, 0x99, 0x0, 0xdd, 0xcc, 0xcc, 0x70, 0x0,
    0xd7, 0x0, 0xd7, 0x33, 0x33, 0x20, 0x2, 0xfe,
    0x10, 0xd5, 0x0, 0x0, 0x0, 0xa, 0xa8, 0xc1,
    0xd5, 0x0, 0x0, 0x0, 0x3f, 0x30, 0x8f, 0xfa,
    0x55, 0x45, 0x55, 0xb8, 0x0, 0x2, 0x7b, 0xcd,
    0xee, 0xe9, 0x20, 0x0, 0x0, 0x0, 0x0, 0x0,
    0x0,

    /* U+8DDD "距" */
    0x4f, 0xff, 0xff, 0xc, 0xff, 0xff, 0xfe, 0x4,
    0xc0, 0x1, 0xf0, 0xc4, 0x0, 0x0, 0x0, 0x4c,
    0x0, 0x1f, 0xc, 0x40, 0x0, 0x0, 0x4, 0xc0,
    0x1, 0xf0, 0xc4, 0x0, 0x0, 0x0, 0x4f, 0xcc,
    0xdf, 0xc, 0xdc, 0xcc, 0xca, 0x0, 0x22, 0xe4,
    0x20, 0xc6, 0x33, 0x35, 0xd0, 0x7, 0xe, 0x20,
    0xc, 0x40, 0x0, 0x3d, 0x1, 0xe0, 0xe9, 0x83,
    0xc4, 0x0, 0x3, 0xd0, 0x1e, 0xe, 0x87, 0x2c,
    0xff, 0xff, 0xfd, 0x1, 0xe0, 0xe2, 0x0, 0xc5,
    0x0, 0x0, 0x0, 0x1e, 0xe, 0x20, 0xc, 0x40,
    0x0, 0x0, 0x1, 0xe0, 0xe8, 0xba, 0xc4, 0x0,
    0x0, 0x0, 0x7f, 0xee, 0xa4, 0xc, 0xdc, 0xcc,
    0xcc, 0x36, 0x73, 0x0, 0x0, 0x23, 0x33, 0x33,
    0x30,

    /* U+8DDF "跟" */
    0xd, 0xff, 0xff, 0x14, 0xff, 0xff, 0xfe, 0x0,
    0xd, 0x30, 0xe, 0x24, 0xc0, 0x0, 0x1e, 0x0,
    0xd, 0x30, 0xe, 0x24, 0xc0, 0x0, 0x1e, 0x0,
    0xd, 0x30, 0xe, 0x24, 0xff, 0xff, 0xfe, 0x0,
    0xd, 0xdc, 0xcf, 0x24, 0xc0, 0x0, 0x2e, 0x0,
    0x2, 0x2d, 0x52, 0x4, 0xc0, 0x0, 0x1e, 0x0,
    0x2, 0x1c, 0x30, 0x4, 0xfd, 0xdd, 0xde, 0x0,
    0xb, 0x4c, 0x52, 0x4, 0xd5, 0xd7, 0x55, 0x10,
    0xb, 0x4c, 0xdc, 0x34, 0xc0, 0x97, 0xc, 0xa0,
    0xb, 0x4c, 0x30, 0x4, 0xc0, 0x4d, 0xca, 0x0,
    0xb, 0x4c, 0x30, 0x4, 0xc0, 0xc, 0xa0, 0x0,
    0xb, 0x4c, 0x45, 0x44, 0xc0, 0x4, 0xf4, 0x0,
    0xb, 0xae, 0xfa, 0x34, 0xd7, 0xd4, 0x6f, 0x60,
    0x6e, 0xa5, 0x0, 0x9, 0xf9, 0x10, 0x5, 0xe1,
    0x0, 0x0, 0x0, 0x1, 0x0, 0x0, 0x0, 0x0,

    /* U+8DEF "路" */
    0x0, 0x0, 0x0, 0x0, 0x9, 0x20, 0x0, 0x0,
    0xd, 0xff, 0xff, 0x20, 0x3f, 0x10, 0x0, 0x0,
    0xd, 0x30, 0xe, 0x20, 0xaf, 0xff, 0xfb, 0x0,
    0xd, 0x30, 0xe, 0x23, 0xf8, 0x0, 0xc4, 0x0,
    0xd, 0x30, 0xe, 0x3d, 0xad, 0x25, 0xb0, 0x0,
    0xd, 0xdc, 0xcf, 0xbb, 0x4, 0xdd, 0x20, 0x0,
    0x2, 0x2d, 0x52, 0x10, 0x4, 0xff, 0x50, 0x0,
    0x5, 0x2d, 0x30, 0x0, 0x7f, 0x43, 0xea, 0x10,
    0xb, 0x4d, 0x97, 0x4d, 0xd3, 0x0, 0x2b, 0xf3,
    0xb, 0x4d, 0x98, 0xa9, 0xfe, 0xee, 0xed, 0x50,
    0xb, 0x4d, 0x30, 0x2, 0xe0, 0x0, 0x3e, 0x0,
    0xb, 0x4d, 0x30, 0x2, 0xe0, 0x0, 0x2e, 0x0,
    0xb, 0x4d, 0x9c, 0x82, 0xe0, 0x0, 0x2e, 0x0,
    0x3e, 0xfe, 0x93, 0x2, 0xfe, 0xee, 0xee, 0x0,
    0x29, 0x40, 0x0, 0x2, 0xe1, 0x11, 0x3e, 0x0,

    /* U+8DF3 "跳" */
    0xe, 0xff, 0xfb, 0x0, 0xc2, 0x3e, 0x0, 0x0,
    0xe, 0x10, 0x3b, 0x0, 0xe3, 0x3e, 0x4, 0x10,
    0xe, 0x10, 0x3c, 0xe1, 0xe3, 0x3e, 0xe, 0x40,
    0xe, 0x10, 0x3b, 0xa8, 0xe3, 0x3e, 0x6c, 0x0,
    0xe, 0xdc, 0xdb, 0x4d, 0xe3, 0x3e, 0xe3, 0x0,
    0x2, 0x2f, 0x31, 0x7, 0xe3, 0x3e, 0x40, 0x0,
    0x3, 0xf, 0x10, 0x0, 0xe3, 0x3e, 0x60, 0x0,
    0xd, 0x2f, 0x32, 0x8, 0xe3, 0x3e, 0xd9, 0x0,
    0xd, 0x2f, 0xca, 0x8c, 0xe2, 0x3e, 0x1e, 0x80,
    0xd, 0x2f, 0x16, 0xd1, 0xf1, 0x3e, 0x3, 0xa0,
    0xd, 0x2f, 0x12, 0x13, 0xe0, 0x3e, 0x0, 0x20,
    0xd, 0x2f, 0x48, 0x8, 0xa0, 0x3e, 0x1, 0xf0,
    0x1e, 0xbf, 0xc6, 0x5f, 0x20, 0x2e, 0x16, 0xe0,
    0x5b, 0x62, 0x4, 0xe4, 0x0, 0xd, 0xff, 0x70,
    0x0, 0x0, 0x0, 0x10, 0x0, 0x0, 0x0, 0x0,

    /* U+8E2A "踪" */
    0x0, 0x0, 0x0, 0x0, 0x0, 0x0, 0x0, 0x0,
    0x0, 0x0, 0x0, 0x0, 0x6, 0xa0, 0x0, 0x0,
    0xe, 0xff, 0xfc, 0x0, 0x2, 0xf5, 0x0, 0x0,
    0xe, 0x10, 0x3c, 0x0, 0x0, 0xa7, 0x0, 0x0,
    0xe, 0x10, 0x3c, 0x6e, 0xee, 0xfe, 0xee, 0xc0,
    0xe, 0x10, 0x3c, 0x7a, 0x0, 0x0, 0x4, 0xd0,
    0xe, 0x43, 0x6c, 0x79, 0x1, 0x11, 0x13, 0xd0,
    0xb, 0xcf, 0xc9, 0x12, 0xde, 0xee, 0xe5, 0x30,
    0x0, 0xe, 0x10, 0x0, 0x0, 0x0, 0x0, 0x0,
    0xd, 0x2e, 0x21, 0x48, 0x88, 0x88, 0x88, 0x70,
    0xd, 0x2e, 0xdc, 0x37, 0x77, 0xe9, 0x77, 0x70,
    0xd, 0x2e, 0x10, 0x1, 0x70, 0xd3, 0x84, 0x0,
    0xd, 0x2e, 0x10, 0x8, 0xa0, 0xd3, 0x5e, 0x10,
    0xd, 0x2e, 0x59, 0x3f, 0x30, 0xd3, 0xa, 0xa0,
    0x2e, 0xcf, 0xa4, 0xa8, 0x11, 0xd3, 0x2, 0xb0,
    0x49, 0x50, 0x0, 0x0, 0xaf, 0xe1, 0x0, 0x0,

    /* U+8EAB "身" */
    0x0, 0x0, 0x0, 0x82, 0x0, 0x0, 0x0, 0x0,
    0x0, 0x0, 0x4e, 0x0, 0x0, 0x0, 0x0, 0x0,
    0x2f, 0xff, 0xff, 0xff, 0xf3, 0x0, 0x0, 0x2,
    0xe0, 0x0, 0x0, 0xf, 0x30, 0x0, 0x0, 0x2f,
    0x33, 0x33, 0x33, 0xf3, 0x0, 0x0, 0x2, 0xfc,
    0xcc, 0xcc, 0xcf, 0x31, 0x30, 0x0, 0x2e, 0x0,
    0x0, 0x0, 0xf3, 0xba, 0x0, 0x2, 0xfe, 0xee,
    0xee, 0xef, 0xac, 0x0, 0x0, 0x2e, 0x0, 0x0,
    0x0, 0xfc, 0x10, 0x6, 0xff, 0xff, 0xff, 0xff,
    0xff, 0x40, 0x0, 0x1, 0x11, 0x11, 0x14, 0xd9,
    0xe4, 0x0, 0x0, 0x0, 0x0, 0x18, 0xe5, 0xd,
    0x40, 0x0, 0x0, 0x2, 0x8e, 0x91, 0x0, 0xd4,
    0x0, 0x1, 0x6b, 0xf9, 0x20, 0x33, 0x2e, 0x40,
    0x0, 0xb, 0x71, 0x0, 0x8, 0xff, 0xd1, 0x0,
    0x0,

    /* U+8F66 "车" */
    0x0, 0x0, 0x0, 0x0, 0x0, 0x0, 0x0, 0x0,
    0x0, 0x1f, 0x20, 0x0, 0x0, 0x0, 0x0, 0x0,
    0x6e, 0x0, 0x0, 0x0, 0x0, 0x5f, 0xff, 0xff,
    0xff, 0xff, 0xff, 0xf1, 0x2, 0x25, 0xf3, 0x22,
    0x22, 0x22, 0x20, 0x0, 0xb, 0x90, 0x4d, 0x0,
    0x0, 0x0, 0x0, 0x4f, 0x10, 0x4e, 0x0, 0x0,
    0x0, 0x0, 0xd9, 0x22, 0x6e, 0x22, 0x22, 0x0,
    0x4, 0xee, 0xee, 0xef, 0xee, 0xee, 0x40, 0x0,
    0x0, 0x0, 0x4e, 0x0, 0x0, 0x0, 0x11, 0x11,
    0x11, 0x5e, 0x11, 0x11, 0x11, 0xef, 0xff, 0xff,
    0xff, 0xff, 0xff, 0xfc, 0x0, 0x0, 0x0, 0x4e,
    0x0, 0x0, 0x0, 0x0, 0x0, 0x0, 0x4e, 0x0,
    0x0, 0x0, 0x0, 0x0, 0x0, 0x4e, 0x0, 0x0,
    0x0,

    /* U+8F6C "转" */
    0x0, 0x3, 0x10, 0x0, 0x0, 0x40, 0x0, 0x0,
    0x0, 0xc, 0x50, 0x0, 0x1, 0xf0, 0x0, 0x0,
    0x0, 0x1f, 0x31, 0x0, 0x14, 0xe1, 0x11, 0x0,
    0xe, 0xff, 0xff, 0xba, 0xff, 0xff, 0xff, 0x70,
    0x0, 0x7a, 0x0, 0x0, 0x9, 0x80, 0x0, 0x0,
    0x0, 0xc5, 0xc4, 0x1, 0x1c, 0x61, 0x11, 0x10,
    0x1, 0xf1, 0xc4, 0x2f, 0xff, 0xff, 0xff, 0xf0,
    0x8, 0xd7, 0xe9, 0x71, 0x3e, 0x0, 0x0, 0x0,
    0x6, 0x99, 0xeb, 0x91, 0x8a, 0x11, 0x10, 0x0,
    0x0, 0x0, 0xc4, 0x0, 0xcf, 0xff, 0xff, 0x10,
    0x0, 0x0, 0xda, 0xb4, 0x0, 0x0, 0xb8, 0x0,
    0xb, 0xef, 0xfa, 0x40, 0x47, 0x9, 0xb0, 0x0,
    0x5, 0x30, 0xc4, 0x0, 0x3d, 0xec, 0x0, 0x0,
    0x0, 0x0, 0xc4, 0x0, 0x0, 0x9f, 0x60, 0x0,
    0x0, 0x0, 0xc4, 0x0, 0x0, 0x6, 0xf3, 0x0,
    0x0, 0x0, 0x0, 0x0, 0x0, 0x0, 0x10, 0x0,

    /* U+8F6E "轮" */
    0x0, 0x0, 0x0, 0x0, 0x0, 0x0, 0x0, 0x0,
    0x0, 0x8, 0x90, 0x0, 0x4, 0xf3, 0x0, 0x0,
    0x0, 0xc, 0x50, 0x0, 0xb, 0xcb, 0x0, 0x0,
    0xd, 0xef, 0xee, 0xe4, 0x3e, 0xd, 0x50, 0x0,
    0x2, 0x6d, 0x22, 0x21, 0xc7, 0x4, 0xe1, 0x0,
    0x0, 0x98, 0x94, 0x8, 0xc0, 0x0, 0x9d, 0x10,
    0x0, 0xe3, 0xc5, 0x6e, 0x20, 0x0, 0xb, 0xd0,
    0x5, 0xe3, 0xd7, 0x62, 0xb3, 0x0, 0x10, 0x80,
    0x7, 0xcc, 0xfd, 0x80, 0xd4, 0x9, 0xe0, 0x0,
    0x0, 0x0, 0xc5, 0x0, 0xd7, 0xcc, 0x20, 0x0,
    0x0, 0x0, 0xc6, 0x40, 0xde, 0x70, 0x0, 0x0,
    0x7, 0x9c, 0xfe, 0xb0, 0xd4, 0x0, 0xa, 0x30,
    0x9, 0x85, 0xd5, 0x0, 0xd4, 0x0, 0xd, 0x50,
    0x0, 0x0, 0xc5, 0x0, 0xc7, 0x22, 0x4f, 0x20,
    0x0, 0x0, 0xc5, 0x0, 0x7e, 0xff, 0xea, 0x0,

    /* U+8F74 "轴" */
    0x0, 0x1, 0x0, 0x0, 0x0, 0x0, 0x0, 0x0,
    0x0, 0x98, 0x0, 0x0, 0xe, 0x20, 0x0, 0x0,
    0xc, 0x40, 0x0, 0x0, 0xe2, 0x0, 0x0, 0xab,
    0xfc, 0xb8, 0x0, 0xe, 0x20, 0x0, 0x5, 0x8c,
    0x55, 0x3d, 0xff, 0xff, 0xff, 0xd0, 0xa, 0x6c,
    0x10, 0xe2, 0xe, 0x20, 0x3d, 0x1, 0xe1, 0xf2,
    0xe, 0x20, 0xe2, 0x3, 0xd0, 0x8e, 0x9f, 0xa5,
    0xe2, 0xe, 0x20, 0x3d, 0x3, 0x66, 0xf7, 0x3e,
    0xbb, 0xfb, 0xbc, 0xd0, 0x0, 0xf, 0x20, 0xe5,
    0x4e, 0x54, 0x6d, 0x0, 0x2, 0xfa, 0x7e, 0x20,
    0xe2, 0x3, 0xd0, 0xdf, 0xef, 0x82, 0xe2, 0xe,
    0x20, 0x3d, 0x3, 0x10, 0xf2, 0xe, 0x20, 0xe2,
    0x3, 0xd0, 0x0, 0xf, 0x20, 0xef, 0xff, 0xff,
    0xfd, 0x0, 0x0, 0xf2, 0xd, 0x20, 0x0, 0x3,
    0xc0,

    /* U+8F7B "轻" */
    0x0, 0x5, 0x90, 0x0, 0x0, 0x0, 0x0, 0x0,
    0x0, 0x9, 0x90, 0x4, 0xff, 0xff, 0xff, 0x40,
    0x0, 0xb, 0x60, 0x0, 0x0, 0x0, 0x5f, 0x10,
    0xe, 0xff, 0xff, 0xf4, 0x0, 0x0, 0xda, 0x0,
    0x1, 0x5d, 0x11, 0x10, 0x0, 0xb, 0xf1, 0x0,
    0x0, 0x98, 0x95, 0x0, 0x0, 0xbf, 0xd2, 0x0,
    0x0, 0xe2, 0xb6, 0x0, 0x3d, 0xe5, 0xaf, 0x60,
    0x7, 0xe7, 0xda, 0x67, 0xfb, 0x20, 0x5, 0xf6,
    0x5, 0x88, 0xdb, 0x71, 0x30, 0x0, 0x0, 0x20,
    0x0, 0x0, 0xb6, 0x0, 0xcf, 0xff, 0xff, 0xa0,
    0x0, 0x0, 0xb9, 0x83, 0x1, 0x3e, 0x11, 0x0,
    0x9, 0xce, 0xfe, 0x92, 0x0, 0x2e, 0x0, 0x0,
    0x8, 0x74, 0xc6, 0x0, 0x0, 0x2e, 0x0, 0x0,
    0x0, 0x0, 0xb6, 0x3, 0x44, 0x5e, 0x44, 0x41,
    0x0, 0x0, 0xb6, 0xa, 0xcc, 0xcc, 0xcc, 0xc5,

    /* U+8F7D "载" */
    0x0, 0x0, 0x3d, 0x0, 0x7, 0xa1, 0x40, 0x0,
    0x3, 0xbb, 0xcf, 0xbb, 0x96, 0xa2, 0xf2, 0x0,
    0x1, 0x33, 0x6e, 0x33, 0x26, 0xb0, 0x8c, 0x0,
    0x1, 0x11, 0x4d, 0x11, 0x16, 0xc1, 0x13, 0x10,
    0xf, 0xff, 0xff, 0xfe, 0xef, 0xfe, 0xee, 0xe0,
    0x0, 0x0, 0xd2, 0x0, 0x2, 0xe0, 0x1, 0x0,
    0x7, 0xff, 0xff, 0xff, 0xf2, 0xf0, 0x2e, 0x0,
    0x0, 0x1e, 0x36, 0x20, 0x0, 0xe2, 0x7a, 0x0,
    0x0, 0x9a, 0xd, 0x40, 0x0, 0xb6, 0xe4, 0x0,
    0x2, 0xef, 0xff, 0xff, 0x90, 0x7f, 0xb0, 0x0,
    0x0, 0x0, 0xd, 0x30, 0x0, 0x5f, 0x40, 0xa0,
    0x6, 0x89, 0xaf, 0xee, 0xd3, 0xed, 0xa1, 0xf0,
    0x7, 0x87, 0x5e, 0x50, 0x5e, 0x71, 0xec, 0xc0,
    0x0, 0x0, 0xd, 0x36, 0xe5, 0x0, 0x3d, 0x50,
    0x0, 0x0, 0x0, 0x0, 0x10, 0x0, 0x0, 0x0,

    /* U+8F83 "较" */
    0x0, 0x2, 0x20, 0x0, 0x0, 0x20, 0x0, 0x0,
    0x0, 0xa, 0x70, 0x0, 0x4, 0xe2, 0x0, 0x0,
    0x0, 0xd, 0x30, 0x0, 0x0, 0x9a, 0x0, 0x0,
    0xd, 0xdf, 0xdd, 0x9b, 0xdd, 0xee, 0xdd, 0xc0,
    0x2, 0x7b, 0x22, 0x11, 0x35, 0x24, 0x62, 0x20,
    0x0, 0xa6, 0xa3, 0x0, 0x89, 0x2, 0xe3, 0x0,
    0x0, 0xf1, 0xc4, 0x0, 0xe3, 0x0, 0x6d, 0x0,
    0x6, 0xd3, 0xd7, 0x19, 0xb0, 0x0, 0x4b, 0x80,
    0x8, 0xcc, 0xfd, 0x7d, 0x5a, 0x3, 0xd2, 0x80,
    0x0, 0x0, 0xc4, 0x0, 0xe, 0x29, 0x80, 0x0,
    0x0, 0x0, 0xc7, 0x60, 0x6, 0xce, 0x10, 0x0,
    0x9, 0xbd, 0xfc, 0x70, 0x0, 0xec, 0x0, 0x0,
    0x6, 0x42, 0xc4, 0x0, 0x1c, 0x9b, 0xc2, 0x0,
    0x0, 0x0, 0xc4, 0x7, 0xe8, 0x0, 0x8f, 0xa0,
    0x0, 0x0, 0xc4, 0x3c, 0x30, 0x0, 0x2, 0x60,

    /* U+8F85 "辅" */
    0x0, 0x7, 0x60, 0x0, 0x0, 0xe2, 0xa4, 0x0,
    0x0, 0xc, 0x50, 0x0, 0x0, 0xe2, 0x2c, 0x10,
    0xb, 0xcf, 0xcc, 0x8f, 0xff, 0xff, 0xff, 0xf4,
    0x3, 0x8c, 0x44, 0x20, 0x0, 0xe2, 0x0, 0x0,
    0x0, 0xa6, 0xc1, 0x9, 0xcc, 0xfc, 0xcc, 0x90,
    0x0, 0xe1, 0xf2, 0xd, 0x52, 0xe4, 0x26, 0xc0,
    0x7, 0xd7, 0xf8, 0x4d, 0x30, 0xe2, 0x4, 0xc0,
    0x6, 0x99, 0xfa, 0x5d, 0xee, 0xfe, 0xee, 0xc0,
    0x0, 0x0, 0xf2, 0xd, 0x30, 0xe2, 0x4, 0xc0,
    0x0, 0x3, 0xfa, 0x8d, 0xcb, 0xfb, 0xbc, 0xc0,
    0xd, 0xff, 0xf8, 0x2d, 0x53, 0xe4, 0x37, 0xc0,
    0x4, 0x20, 0xf2, 0xd, 0x30, 0xe2, 0x4, 0xc0,
    0x0, 0x0, 0xf2, 0xd, 0x30, 0xe2, 0x16, 0xb0,
    0x0, 0x0, 0xf2, 0xc, 0x20, 0xe2, 0xaf, 0x80,

    /* U+8F91 "辑" */
    0x0, 0x4, 0x20, 0x0, 0x0, 0x0, 0x0, 0x0,
    0x0, 0xb, 0x50, 0x2, 0xfe, 0xee, 0xef, 0x0,
    0x2, 0x2e, 0x42, 0x12, 0xe0, 0x0, 0x2f, 0x0,
    0xf, 0xff, 0xff, 0xa2, 0xfa, 0xaa, 0xaf, 0x0,
    0x0, 0x6a, 0x0, 0x0, 0x44, 0x44, 0x44, 0x0,
    0x0, 0xb5, 0xd0, 0x8d, 0xdd, 0xdd, 0xdd, 0xd3,
    0x1, 0xf1, 0xf0, 0x2, 0xe1, 0x11, 0x3e, 0x10,
    0x8, 0xc4, 0xf4, 0x21, 0xe2, 0x22, 0x4e, 0x0,
    0x9, 0xcc, 0xfc, 0x61, 0xfb, 0xbb, 0xce, 0x0,
    0x0, 0x0, 0xf0, 0x1, 0xe0, 0x0, 0x2e, 0x0,
    0x0, 0x0, 0xf5, 0x51, 0xfd, 0xdd, 0xde, 0x0,
    0xa, 0xdf, 0xfa, 0x41, 0xe0, 0x0, 0x2e, 0x21,
    0x5, 0x31, 0xf0, 0x8b, 0xfc, 0xde, 0xef, 0xa5,
    0x0, 0x0, 0xf0, 0x55, 0x32, 0x10, 0x2e, 0x0,
    0x0, 0x0, 0xf0, 0x0, 0x0, 0x0, 0x2e, 0x0,

    /* U+8F93 "输" */
    0x0, 0xa, 0x40, 0x0, 0x5, 0xf6, 0x0, 0x0,
    0x0, 0xe, 0x20, 0x0, 0xd, 0x9f, 0x20, 0x0,
    0x6, 0x6f, 0x66, 0x20, 0x8c, 0x8, 0xe3, 0x0,
    0xa, 0xcd, 0xaa, 0x46, 0xf3, 0x11, 0xbf, 0x70,
    0x0, 0xa8, 0xb0, 0x9e, 0x8d, 0xdd, 0xc6, 0xf4,
    0x1, 0xe3, 0xe0, 0xa6, 0x55, 0x20, 0x3, 0x60,
    0x8, 0xc6, 0xe4, 0x8c, 0x8c, 0x87, 0x87, 0x90,
    0x8, 0xab, 0xfa, 0x8a, 0x39, 0x87, 0x87, 0x90,
    0x0, 0x2, 0xe0, 0x8d, 0xad, 0x87, 0x87, 0x90,
    0x0, 0x4, 0xf9, 0xa9, 0x7, 0x87, 0x87, 0x90,
    0xd, 0xff, 0xf6, 0x9f, 0xee, 0x87, 0x87, 0x90,
    0x4, 0x22, 0xe0, 0x89, 0x7, 0x83, 0x47, 0x90,
    0x0, 0x2, 0xe0, 0x89, 0x39, 0x70, 0x49, 0x90,
    0x0, 0x2, 0xe0, 0x89, 0x7c, 0x30, 0xcd, 0x50,

    /* U+8FB9 "边" */
    0x4, 0x0, 0x0, 0x0, 0xe3, 0x0, 0x0, 0x0,
    0xdb, 0x0, 0x0, 0xe, 0x30, 0x0, 0x0, 0x1,
    0xda, 0x0, 0x11, 0xe5, 0x22, 0x21, 0x0, 0x2,
    0xa0, 0xdf, 0xff, 0xee, 0xef, 0xc0, 0x0, 0x0,
    0x0, 0x1, 0xf2, 0x0, 0x6c, 0x0, 0x0, 0x0,
    0x0, 0x3f, 0x0, 0x6, 0xb0, 0xbf, 0xfc, 0x0,
    0x7, 0xc0, 0x0, 0x7b, 0x1, 0x16, 0xc0, 0x0,
    0xd6, 0x0, 0x8, 0xa0, 0x0, 0x5c, 0x0, 0x6e,
    0x10, 0x0, 0x98, 0x0, 0x5, 0xc0, 0x3f, 0x50,
    0x50, 0xc, 0x60, 0x0, 0x5c, 0x3f, 0x70, 0xe,
    0xfe, 0xf1, 0x0, 0x1c, 0xf4, 0x30, 0x0, 0x2,
    0x41, 0x0, 0x3e, 0xa3, 0xea, 0x64, 0x33, 0x44,
    0x55, 0x39, 0xa0, 0x1, 0x7b, 0xde, 0xee, 0xdd,
    0xd4, 0x0, 0x0, 0x0, 0x0, 0x0, 0x0, 0x0,
    0x0,

    /* U+8FC7 "过" */
    0x4, 0x0, 0x0, 0x0, 0x0, 0x3e, 0x0, 0x0,
    0xda, 0x0, 0x0, 0x0, 0x3, 0xe0, 0x0, 0x2,
    0xe9, 0x1, 0x11, 0x11, 0x4e, 0x11, 0x0, 0x3,
    0xc4, 0xff, 0xff, 0xff, 0xff, 0xf6, 0x0, 0x0,
    0x0, 0x0, 0x0, 0x2f, 0x0, 0x0, 0x0, 0x0,
    0xd, 0x30, 0x2, 0xf0, 0x0, 0xbf, 0xfc, 0x0,
    0x6e, 0x10, 0x2f, 0x0, 0x1, 0x16, 0xc0, 0x0,
    0xba, 0x2, 0xf0, 0x0, 0x0, 0x5c, 0x0, 0x2,
    0x40, 0x2f, 0x0, 0x0, 0x5, 0xc0, 0x0, 0x0,
    0x2, 0xf0, 0x0, 0x0, 0x5c, 0x0, 0x0, 0xbe,
    0xee, 0x0, 0x0, 0x2d, 0xe6, 0x0, 0x2, 0x44,
    0x20, 0x0, 0x3e, 0x82, 0xdb, 0x64, 0x33, 0x45,
    0x56, 0x49, 0xa0, 0x0, 0x6b, 0xcd, 0xee, 0xed,
    0xd5, 0x0, 0x0, 0x0, 0x0, 0x0, 0x0, 0x0,
    0x0,

    /* U+8FD0 "运" */
    0x4, 0x0, 0x0, 0x11, 0x11, 0x11, 0x10, 0x0,
    0xdb, 0x0, 0x7f, 0xff, 0xff, 0xff, 0x0, 0x1,
    0xda, 0x0, 0x0, 0x0, 0x0, 0x0, 0x0, 0x2,
    0x90, 0x0, 0x0, 0x0, 0x0, 0x0, 0x0, 0x0,
    0x47, 0x77, 0x77, 0x77, 0x77, 0x0, 0x0, 0x5,
    0x88, 0xbd, 0x88, 0x88, 0x80, 0xbf, 0xfc, 0x0,
    0xb, 0x70, 0x31, 0x0, 0x1, 0x16, 0xc0, 0x2,
    0xf1, 0x9, 0xa0, 0x0, 0x0, 0x5c, 0x0, 0x99,
    0x0, 0xe, 0x50, 0x0, 0x5, 0xc0, 0x2f, 0x21,
    0x25, 0xbe, 0x10, 0x0, 0x5c, 0xd, 0xff, 0xfd,
    0xb8, 0xc9, 0x0, 0xa, 0xe3, 0x33, 0x10, 0x0,
    0x3, 0x40, 0x3d, 0xb4, 0xea, 0x64, 0x33, 0x44,
    0x55, 0x29, 0xb0, 0x1, 0x8b, 0xde, 0xee, 0xdd,
    0xd2, 0x0, 0x0, 0x0, 0x0, 0x0, 0x0, 0x0,
    0x0,

    /* U+8FD4 "返" */
    0x2, 0x40, 0x0, 0x0, 0x0, 0x47, 0xb4, 0x0,
    0x4, 0xf6, 0x0, 0xbd, 0xff, 0xdb, 0x83, 0x0,
    0x0, 0x3f, 0x40, 0xe5, 0x10, 0x0, 0x0, 0x0,
    0x0, 0x3, 0x0, 0xe3, 0x0, 0x0, 0x0, 0x0,
    0x0, 0x0, 0x0, 0xef, 0xff, 0xff, 0xe5, 0x0,
    0x0, 0x0, 0x0, 0xe2, 0x0, 0x0, 0xe4, 0x0,
    0x2f, 0xff, 0x20, 0xf3, 0xe5, 0x5, 0xe0, 0x0,
    0x1, 0x1e, 0x20, 0xf0, 0x4e, 0x8d, 0x50, 0x0,
    0x0, 0xe, 0x22, 0xe0, 0x2, 0xfe, 0x0, 0x0,
    0x0, 0xe, 0x26, 0xb0, 0xa, 0xde, 0x90, 0x0,
    0x0, 0xe, 0x3d, 0x53, 0xcd, 0x12, 0xe8, 0x0,
    0x0, 0x3f, 0x79, 0x2f, 0x80, 0x0, 0x3d, 0x10,
    0x6, 0xf7, 0xd9, 0x43, 0x0, 0x1, 0x12, 0x30,
    0x2f, 0x60, 0x7, 0xce, 0xff, 0xff, 0xff, 0xb0,
    0x1, 0x0, 0x0, 0x0, 0x0, 0x0, 0x0, 0x0,

    /* U+8FD8 "还" */
    0x4, 0x0, 0x1, 0x11, 0x11, 0x11, 0x10, 0x0,
    0xdb, 0x1, 0xff, 0xff, 0xff, 0xff, 0xe0, 0x1,
    0xda, 0x0, 0x0, 0xc, 0x80, 0x0, 0x0, 0x2,
    0x90, 0x0, 0x5, 0xf1, 0x0, 0x0, 0x0, 0x0,
    0x0, 0x1, 0xee, 0x0, 0x0, 0x0, 0x0, 0x0,
    0x0, 0xbc, 0xe4, 0xb1, 0x0, 0xbf, 0xfc, 0x0,
    0xac, 0x3e, 0xa, 0xd2, 0x1, 0x16, 0xc1, 0xbd,
    0x13, 0xe0, 0xa, 0xe2, 0x0, 0x5c, 0x3b, 0x10,
    0x3e, 0x0, 0xb, 0x50, 0x5, 0xc0, 0x0, 0x3,
    0xe0, 0x0, 0x0, 0x0, 0x5c, 0x0, 0x0, 0x3e,
    0x0, 0x0, 0x0, 0x1c, 0xf4, 0x0, 0x1, 0x80,
    0x0, 0x0, 0x3e, 0xa3, 0xea, 0x64, 0x33, 0x44,
    0x55, 0x39, 0xa0, 0x1, 0x7b, 0xde, 0xee, 0xdd,
    0xd4, 0x0, 0x0, 0x0, 0x0, 0x0, 0x0, 0x0,
    0x0,

    /* U+8FDB "进" */
    0x3, 0x0, 0x0, 0x1f, 0x0, 0x4d, 0x0, 0x0,
    0xea, 0x0, 0x1, 0xf0, 0x4, 0xd0, 0x0, 0x2,
    0xe8, 0x4, 0x5f, 0x54, 0x7e, 0x44, 0x0, 0x4,
    0xd2, 0xcc, 0xfc, 0xcd, 0xfc, 0xc1, 0x0, 0x0,
    0x0, 0x1f, 0x0, 0x4d, 0x0, 0x0, 0x0, 0x0,
    0x1, 0xf0, 0x4, 0xd0, 0x0, 0xbf, 0xfc, 0x7e,
    0xef, 0xee, 0xef, 0xee, 0x71, 0x16, 0xc1, 0x24,
    0xf2, 0x25, 0xe2, 0x21, 0x0, 0x5c, 0x0, 0x5c,
    0x0, 0x3e, 0x0, 0x0, 0x5, 0xc0, 0xd, 0x60,
    0x3, 0xe0, 0x0, 0x0, 0x5c, 0xc, 0xb0, 0x0,
    0x3e, 0x0, 0x0, 0x1c, 0xe4, 0x50, 0x0, 0x1,
    0x70, 0x0, 0x3e, 0x93, 0xea, 0x64, 0x33, 0x44,
    0x56, 0x49, 0xa0, 0x1, 0x7b, 0xcd, 0xee, 0xed,
    0xd5, 0x0, 0x0, 0x0, 0x0, 0x0, 0x0, 0x0,
    0x0,

    /* U+8FDE "连" */
    0x0, 0x0, 0x0, 0x0, 0x10, 0x0, 0x0, 0x0,
    0x2, 0x40, 0x0, 0x0, 0xa7, 0x0, 0x0, 0x0,
    0x5, 0xf6, 0x3, 0x45, 0xf6, 0x44, 0x44, 0x10,
    0x0, 0x4f, 0x49, 0xce, 0xec, 0xcc, 0xcc, 0x40,
    0x0, 0x4, 0x0, 0xe, 0x31, 0x20, 0x0, 0x0,
    0x0, 0x0, 0x0, 0x7b, 0x6, 0xb0, 0x0, 0x0,
    0x0, 0x0, 0x2, 0xf9, 0x7a, 0xd7, 0x74, 0x0,
    0x2d, 0xdd, 0x21, 0x88, 0x8b, 0xd8, 0x84, 0x0,
    0x3, 0x3f, 0x20, 0x0, 0x6, 0xb0, 0x0, 0x0,
    0x0, 0xe, 0x27, 0x88, 0x8b, 0xd8, 0x88, 0x60,
    0x0, 0xe, 0x27, 0x77, 0x7a, 0xd7, 0x77, 0x50,
    0x0, 0xe, 0x20, 0x0, 0x6, 0xb0, 0x0, 0x0,
    0x0, 0x3f, 0x80, 0x0, 0x6, 0xb0, 0x0, 0x0,
    0x5, 0xf5, 0xcb, 0x52, 0x11, 0x21, 0x12, 0x30,
    0xe, 0x60, 0x6, 0xbe, 0xff, 0xff, 0xff, 0xe0,
    0x1, 0x0, 0x0, 0x0, 0x0, 0x0, 0x0, 0x0,

    /* U+8FDF "迟" */
    0x1, 0x0, 0x0, 0x0, 0x0, 0x0, 0x0, 0x0,
    0xe6, 0x0, 0xf, 0xff, 0xff, 0xfe, 0x0, 0x4,
    0xf5, 0x0, 0xf3, 0x0, 0x3, 0xe0, 0x0, 0x6,
    0xe0, 0xf, 0x30, 0x0, 0x3e, 0x0, 0x0, 0x1,
    0x0, 0xf3, 0x0, 0x3, 0xe0, 0x0, 0x0, 0x0,
    0xf, 0xba, 0xaa, 0xbe, 0x0, 0x0, 0x0, 0x0,
    0xf9, 0x88, 0x88, 0x70, 0xb, 0xff, 0xc0, 0xf,
    0x10, 0x30, 0x0, 0x0, 0x11, 0x6c, 0x3, 0xf0,
    0x1e, 0xa0, 0x0, 0x0, 0x5, 0xc0, 0x6c, 0x0,
    0x1d, 0xc1, 0x0, 0x0, 0x5c, 0xc, 0x70, 0x0,
    0xc, 0xd1, 0x0, 0x5, 0xc5, 0xe1, 0x0, 0x0,
    0x1d, 0xc0, 0x0, 0xbf, 0x42, 0x0, 0x0, 0x0,
    0x12, 0x3, 0xda, 0x4e, 0xa6, 0x43, 0x34, 0x45,
    0x63, 0x9a, 0x0, 0x17, 0xbd, 0xde, 0xee, 0xdd,
    0x30, 0x0, 0x0, 0x0, 0x0, 0x0, 0x0, 0x0,

    /* U+8FF0 "述" */
    0x1, 0x0, 0x0, 0x0, 0x4d, 0x8, 0x10, 0x0,
    0xd9, 0x0, 0x0, 0x4, 0xd0, 0x9c, 0x0, 0x2,
    0xda, 0x0, 0x0, 0x4d, 0x0, 0xa2, 0x0, 0x2,
    0x96, 0xff, 0xff, 0xff, 0xff, 0xf2, 0x0, 0x0,
    0x0, 0x3, 0xfd, 0x11, 0x0, 0x0, 0x0, 0x0,
    0x0, 0x8d, 0xdb, 0x80, 0x0, 0xbf, 0xfc, 0x0,
    0x1e, 0x6d, 0x2f, 0x50, 0x1, 0x16, 0xc0, 0x9,
    0xa4, 0xd0, 0x6f, 0x10, 0x0, 0x5c, 0x4, 0xf2,
    0x4d, 0x0, 0xca, 0x0, 0x5, 0xc3, 0xf6, 0x4,
    0xd0, 0x3, 0xf2, 0x0, 0x5c, 0x27, 0x0, 0x4d,
    0x0, 0x1, 0x0, 0xa, 0xe2, 0x0, 0x4, 0xd0,
    0x0, 0x0, 0x2c, 0xc6, 0xf9, 0x53, 0x34, 0x33,
    0x34, 0x39, 0xb0, 0x2, 0x8b, 0xde, 0xff, 0xfe,
    0xe6, 0x10, 0x0, 0x0, 0x0, 0x0, 0x0, 0x0,
    0x0,

    /* U+9000 "退" */
    0x0, 0x0, 0x0, 0x0, 0x0, 0x0, 0x0, 0x0,
    0xc3, 0x0, 0x2f, 0xff, 0xff, 0xf4, 0x0, 0x8,
    0xe1, 0x2, 0xe0, 0x0, 0xd, 0x40, 0x0, 0xb,
    0xc0, 0x2e, 0x0, 0x0, 0xd4, 0x0, 0x0, 0x1b,
    0x2, 0xfe, 0xee, 0xef, 0x40, 0x0, 0x0, 0x0,
    0x2e, 0x0, 0x0, 0xd4, 0x0, 0x0, 0x0, 0x2,
    0xfa, 0xaa, 0xaf, 0x40, 0xb, 0xff, 0xc0, 0x2f,
    0x33, 0x33, 0x39, 0x30, 0x11, 0x6c, 0x2, 0xe0,
    0x4c, 0x19, 0xd1, 0x0, 0x5, 0xc0, 0x2e, 0x0,
    0x7e, 0xc1, 0x0, 0x0, 0x5c, 0x2, 0xe0, 0x26,
    0x6e, 0x30, 0x0, 0x5, 0xc0, 0x3f, 0xce, 0x50,
    0x5f, 0x40, 0x0, 0xae, 0x25, 0xc5, 0x0, 0x0,
    0x65, 0x1, 0xcc, 0x6e, 0x73, 0x21, 0x11, 0x12,
    0x31, 0x9c, 0x10, 0x3a, 0xdf, 0xff, 0xff, 0xff,
    0x1, 0x0, 0x0, 0x0, 0x0, 0x0, 0x0, 0x0,

    /* U+9006 "逆" */
    0x0, 0x0, 0x0, 0x0, 0x0, 0x0, 0x0, 0x0,
    0x10, 0x0, 0xa, 0x40, 0x0, 0xc4, 0x0, 0x1e,
    0x60, 0x0, 0x5e, 0x0, 0x4e, 0x0, 0x0, 0x4f,
    0x51, 0x33, 0xb4, 0x3c, 0x83, 0x30, 0x0, 0x5a,
    0x7c, 0xcc, 0xdf, 0xcc, 0xcc, 0x20, 0x0, 0x0,
    0x13, 0x2, 0xe0, 0x4, 0x0, 0x0, 0x0, 0x4,
    0xc0, 0x2e, 0x0, 0xf0, 0x7, 0x99, 0x70, 0x4c,
    0x2, 0xe0, 0xf, 0x0, 0x57, 0xac, 0x4, 0xc2,
    0x5e, 0x23, 0xf0, 0x0, 0x5, 0xc0, 0x3c, 0xcd,
    0xfc, 0xcc, 0x0, 0x0, 0x5c, 0x0, 0x0, 0x6b,
    0x0, 0x0, 0x0, 0x5, 0xc0, 0x0, 0x1d, 0x50,
    0x0, 0x0, 0x0, 0xae, 0x20, 0x4d, 0x90, 0x0,
    0x0, 0x2, 0xcb, 0x5e, 0x86, 0x82, 0x22, 0x23,
    0x42, 0x9b, 0x0, 0x28, 0xcd, 0xef, 0xff, 0xee,
    0x31, 0x0, 0x0, 0x0, 0x0, 0x0, 0x0, 0x0,

    /* U+9009 "选" */
    0x2, 0x50, 0x0, 0x16, 0x7, 0xc0, 0x0, 0x0,
    0x3, 0xe9, 0x0, 0x6c, 0x7, 0xc0, 0x0, 0x0,
    0x0, 0x2e, 0x50, 0xbf, 0xee, 0xfe, 0xee, 0x0,
    0x0, 0x1, 0x5, 0xe2, 0x18, 0xc1, 0x11, 0x0,
    0x0, 0x0, 0x7, 0x60, 0x7, 0xc0, 0x0, 0x0,
    0x0, 0x0, 0xa, 0xaa, 0xac, 0xea, 0xaa, 0x80,
    0x1f, 0xff, 0x36, 0x69, 0xe6, 0x8e, 0x66, 0x40,
    0x1, 0x1e, 0x30, 0x6, 0xb0, 0x4e, 0x0, 0x0,
    0x0, 0xe, 0x30, 0xb, 0x80, 0x4e, 0x5, 0xa0,
    0x0, 0xe, 0x30, 0x5f, 0x20, 0x4e, 0x7, 0xb0,
    0x0, 0xe, 0x36, 0xf6, 0x0, 0x2f, 0xef, 0x60,
    0x0, 0x5f, 0x93, 0x40, 0x0, 0x1, 0x31, 0x0,
    0x6, 0xf5, 0xcc, 0x52, 0x10, 0x11, 0x12, 0x30,
    0xe, 0x60, 0x6, 0xbe, 0xff, 0xff, 0xff, 0xe0,
    0x1, 0x0, 0x0, 0x0, 0x0, 0x0, 0x0, 0x0,

    /* U+901A "通" */
    0x5, 0x90, 0x4, 0xee, 0xee, 0xee, 0xf6, 0x0,
    0x1, 0xe9, 0x0, 0x8, 0x60, 0x5d, 0x60, 0x0,
    0x0, 0x2f, 0x60, 0x2, 0xce, 0xd2, 0x0, 0x0,
    0x0, 0x3, 0x0, 0x33, 0x3a, 0xe3, 0x33, 0x0,
    0x0, 0x0, 0x2, 0xfb, 0xbf, 0xbb, 0xbf, 0x10,
    0x0, 0x0, 0x2, 0xe0, 0xe, 0x10, 0xf, 0x10,
    0x1b, 0xbb, 0x22, 0xfe, 0xef, 0xee, 0xef, 0x10,
    0x4, 0x4f, 0x32, 0xe0, 0xe, 0x10, 0xf, 0x10,
    0x0, 0xe, 0x32, 0xfe, 0xef, 0xee, 0xef, 0x10,
    0x0, 0xe, 0x32, 0xe0, 0xe, 0x10, 0xf, 0x10,
    0x0, 0xe, 0x32, 0xe0, 0xe, 0x11, 0xf, 0x10,
    0x0, 0x3f, 0x72, 0xe0, 0xc, 0x1b, 0xfe, 0x0,
    0x5, 0xf6, 0xca, 0x52, 0x10, 0x1, 0x12, 0x30,
    0xe, 0x70, 0x6, 0xbe, 0xff, 0xff, 0xff, 0xe0,
    0x1, 0x0, 0x0, 0x0, 0x0, 0x0, 0x0, 0x0,

    /* U+901F "速" */
    0x0, 0x0, 0x0, 0x0, 0x2e, 0x0, 0x0, 0x0,
    0xe7, 0x2, 0x33, 0x35, 0xf3, 0x33, 0x30, 0x3,
    0xf7, 0x8c, 0xcc, 0xcf, 0xcc, 0xcc, 0x0, 0x4,
    0xc0, 0x0, 0x2, 0xe0, 0x0, 0x0, 0x0, 0x0,
    0xe, 0xff, 0xff, 0xff, 0xf1, 0x0, 0x0, 0x0,
    0xe2, 0x2, 0xe0, 0xf, 0x10, 0x8a, 0xa8, 0xe,
    0x53, 0x5f, 0x33, 0xf1, 0x5, 0x7a, 0xc0, 0xab,
    0xbe, 0xfb, 0xbb, 0x10, 0x0, 0x5c, 0x0, 0x3,
    0xef, 0x81, 0x0, 0x0, 0x5, 0xc0, 0x4, 0xd5,
    0xe9, 0xe5, 0x0, 0x0, 0x5c, 0x8, 0xe3, 0x2e,
    0x4, 0xe7, 0x0, 0x9, 0xe3, 0x91, 0x2, 0xe0,
    0x1, 0x0, 0x2c, 0xb6, 0xe8, 0x53, 0x38, 0x33,
    0x44, 0x29, 0xb0, 0x2, 0x8b, 0xde, 0xee, 0xee,
    0xe3, 0x0, 0x0, 0x0, 0x0, 0x0, 0x0, 0x0,
    0x0,

    /* U+903B "逻" */
    0x9, 0x10, 0xf, 0xee, 0xfe, 0xfe, 0xee, 0x0,
    0xad, 0x10, 0xf1, 0x2b, 0xe, 0x1, 0xe0, 0x0,
    0xcb, 0xf, 0x12, 0xb0, 0xe0, 0x1e, 0x0, 0x1,
    0x90, 0xfe, 0xef, 0xef, 0xee, 0xe0, 0x0, 0x0,
    0x0, 0x0, 0xa0, 0x0, 0x0, 0x0, 0x0, 0x0,
    0x0, 0x8f, 0x88, 0x87, 0x20, 0xbf, 0xfc, 0x0,
    0x5f, 0x66, 0x67, 0xf3, 0x1, 0x16, 0xc0, 0x8e,
    0xca, 0x0, 0xb9, 0x0, 0x0, 0x5c, 0x1a, 0x20,
    0xac, 0xbc, 0x10, 0x0, 0x5, 0xc0, 0x0, 0x4,
    0xfc, 0x10, 0x0, 0x0, 0x5c, 0x2, 0x7c, 0xf7,
    0x0, 0x0, 0x0, 0xb, 0xf3, 0x8b, 0x61, 0x0,
    0x0, 0x0, 0x2d, 0xb4, 0xe9, 0x53, 0x22, 0x34,
    0x45, 0x39, 0xb0, 0x1, 0x8b, 0xde, 0xee, 0xee,
    0xe5, 0x0, 0x0, 0x0, 0x0, 0x0, 0x0, 0x0,
    0x0,

    /* U+9053 "道" */
    0x0, 0x0, 0x0, 0x0, 0x0, 0x1, 0x0, 0x0,
    0x30, 0x0, 0x9, 0x90, 0x3, 0xf1, 0x0, 0xd,
    0xb0, 0x0, 0x2f, 0x10, 0x99, 0x0, 0x0, 0x1d,
    0xa7, 0xff, 0xff, 0xff, 0xff, 0xf2, 0x0, 0x2a,
    0x0, 0x0, 0x6b, 0x0, 0x0, 0x0, 0x0, 0x0,
    0x1e, 0xef, 0xfe, 0xed, 0x0, 0x0, 0x0, 0x2,
    0xe0, 0x0, 0x2, 0xe0, 0xb, 0xee, 0xb0, 0x2f,
    0xdd, 0xdd, 0xde, 0x0, 0x11, 0x6c, 0x2, 0xe0,
    0x0, 0x2, 0xe0, 0x0, 0x5, 0xc0, 0x2f, 0xee,
    0xee, 0xee, 0x0, 0x0, 0x5c, 0x2, 0xe0, 0x0,
    0x2, 0xe0, 0x0, 0x5, 0xc0, 0x2f, 0xbb, 0xbb,
    0xce, 0x0, 0x2, 0xde, 0x60, 0x33, 0x33, 0x33,
    0x20, 0x3, 0xe9, 0x2e, 0xb5, 0x43, 0x33, 0x34,
    0x42, 0x9b, 0x0, 0x17, 0xbd, 0xee, 0xee, 0xee,
    0x40, 0x0, 0x0, 0x0, 0x0, 0x0, 0x0, 0x0,

    /* U+9065 "遥" */
    0x0, 0x0, 0x0, 0x0, 0x0, 0x0, 0x1, 0x0,
    0x4, 0x80, 0x2, 0x45, 0x79, 0xbd, 0xfb, 0x0,
    0x2, 0xea, 0x1c, 0xb9, 0x87, 0x31, 0x55, 0x0,
    0x0, 0x2e, 0x51, 0xe1, 0x6a, 0x0, 0xd7, 0x0,
    0x0, 0x1, 0x0, 0x99, 0xe, 0x14, 0xe0, 0x0,
    0x0, 0x0, 0x0, 0x1a, 0x1, 0x4, 0x40, 0x0,
    0x0, 0x0, 0x0, 0x6f, 0xcc, 0xcc, 0xcc, 0x70,
    0x2f, 0xff, 0x23, 0xe3, 0x2d, 0x52, 0x22, 0x10,
    0x5, 0x5f, 0x32, 0x52, 0x2d, 0x42, 0x22, 0x20,
    0x0, 0xe, 0x5d, 0xdd, 0xdf, 0xdd, 0xdd, 0xd0,
    0x0, 0xe, 0x21, 0x90, 0xd, 0x30, 0xa, 0x0,
    0x0, 0xe, 0x22, 0xe1, 0x1d, 0x31, 0x1f, 0x0,
    0x0, 0x1f, 0x62, 0xdd, 0xdd, 0xdd, 0xdd, 0x0,
    0x5, 0xe7, 0xda, 0x42, 0x10, 0x11, 0x12, 0x30,
    0xe, 0x60, 0x7, 0xce, 0xff, 0xff, 0xff, 0xe0,
    0x1, 0x0, 0x0, 0x0, 0x0, 0x0, 0x0, 0x0,

    /* U+90E8 "部" */
    0x0, 0x0, 0x10, 0x0, 0x0, 0x0, 0x0, 0x0,
    0x0, 0xe, 0x40, 0x0, 0x1, 0x11, 0x0, 0x0,
    0x0, 0x6d, 0x0, 0x6, 0xff, 0xff, 0x70, 0xdf,
    0xfe, 0xef, 0xf9, 0x6b, 0x0, 0xe5, 0x0, 0x7a,
    0x0, 0xa7, 0x6, 0xb0, 0x3f, 0x0, 0x3, 0xe0,
    0xf, 0x20, 0x6b, 0x9, 0x90, 0x0, 0xf, 0x24,
    0xd0, 0x6, 0xb1, 0xf2, 0x2, 0xff, 0xff, 0xff,
    0xff, 0x7b, 0x1d, 0x50, 0x0, 0x0, 0x0, 0x0,
    0x6, 0xb0, 0x2e, 0x20, 0xd, 0xee, 0xee, 0xd0,
    0x6b, 0x0, 0x99, 0x0, 0xf3, 0x11, 0x2f, 0x6,
    0xb0, 0x5, 0xd0, 0xf, 0x20, 0x1, 0xf0, 0x6b,
    0x56, 0xbd, 0x0, 0xf2, 0x0, 0x1f, 0x6, 0xb5,
    0xbc, 0x40, 0xf, 0xee, 0xee, 0xf0, 0x6b, 0x0,
    0x0, 0x0, 0xf2, 0x0, 0x1e, 0x6, 0xb0, 0x0,
    0x0,

    /* U+914D "配" */
    0xf, 0xff, 0xff, 0xff, 0xbf, 0xff, 0xff, 0x40,
    0x0, 0xc, 0x3e, 0x0, 0x0, 0x0, 0xc, 0x40,
    0x0, 0xc, 0x3e, 0x0, 0x0, 0x0, 0xc, 0x40,
    0x1, 0x1c, 0x4e, 0x11, 0x0, 0x0, 0xc, 0x40,
    0xa, 0xde, 0xdf, 0xcf, 0x0, 0x0, 0xc, 0x40,
    0xa, 0x6c, 0x1e, 0xf, 0x3, 0x33, 0x3d, 0x40,
    0xa, 0x6e, 0xe, 0xf, 0x1f, 0xaa, 0xaa, 0x20,
    0xa, 0x9d, 0xc, 0xdf, 0x1f, 0x0, 0x0, 0x0,
    0xa, 0xc8, 0x0, 0xf, 0x1f, 0x0, 0x0, 0x0,
    0xa, 0x61, 0x11, 0x1f, 0x1f, 0x0, 0x0, 0x0,
    0xa, 0xed, 0xdd, 0xdf, 0x1f, 0x0, 0x0, 0xe0,
    0xa, 0x60, 0x0, 0xf, 0x1f, 0x0, 0x2, 0xf0,
    0xa, 0xdc, 0xcc, 0xcf, 0x1f, 0x31, 0x17, 0xd0,
    0xa, 0x83, 0x33, 0x3e, 0xb, 0xff, 0xfe, 0x60,

    /* U+91C7 "采" */
    0x0, 0x0, 0x0, 0x12, 0x46, 0x9c, 0xc1, 0x0,
    0x2, 0xcd, 0xef, 0xfe, 0xca, 0x86, 0x31, 0x0,
    0x0, 0x43, 0x20, 0x49, 0x0, 0x0, 0xd3, 0x0,
    0x0, 0x3d, 0x0, 0x2f, 0x20, 0x7, 0xe0, 0x0,
    0x0, 0xc, 0x80, 0xb, 0x80, 0x1f, 0x50, 0x0,
    0x0, 0x5, 0xf0, 0x4, 0x40, 0x9b, 0x0, 0x0,
    0x0, 0x0, 0x30, 0xa, 0x90, 0x1, 0x0, 0x0,
    0x2, 0x22, 0x22, 0x2b, 0xa2, 0x22, 0x22, 0x20,
    0xd, 0xdd, 0xdd, 0xef, 0xfe, 0xdd, 0xdd, 0xd0,
    0x0, 0x0, 0x2, 0xed, 0xce, 0x30, 0x0, 0x0,
    0x0, 0x0, 0x4e, 0x6a, 0x94, 0xe8, 0x0, 0x0,
    0x0, 0x2a, 0xe4, 0xa, 0x90, 0x1b, 0xe7, 0x10,
    0xa, 0xf9, 0x10, 0xa, 0x90, 0x0, 0x5d, 0xe0,
    0x4, 0x20, 0x0, 0xa, 0x90, 0x0, 0x0, 0x10,

    /* U+91CA "释" */
    0x0, 0x1, 0x5a, 0x50, 0x0, 0x0, 0x0, 0x0,
    0xa, 0xef, 0xd7, 0x29, 0xff, 0xff, 0xff, 0x50,
    0x3, 0x27, 0x81, 0x90, 0x4e, 0x10, 0x5e, 0x10,
    0xa, 0x57, 0x85, 0xc0, 0xb, 0xd5, 0xf6, 0x0,
    0x6, 0x97, 0x88, 0x80, 0x0, 0xdf, 0x90, 0x0,
    0x3, 0xc7, 0x8c, 0x30, 0x3, 0xdf, 0xb2, 0x0,
    0x1, 0x57, 0x94, 0x4, 0xae, 0x62, 0x9f, 0x92,
    0x1e, 0xef, 0xfe, 0x8c, 0x70, 0x4c, 0x2, 0xa5,
    0x0, 0x1f, 0x90, 0x1, 0x33, 0x6d, 0x33, 0x20,
    0x0, 0x7e, 0xf9, 0x14, 0xdd, 0xdf, 0xdd, 0xb0,
    0x1, 0xd8, 0x98, 0xb0, 0x0, 0x4c, 0x0, 0x0,
    0xc, 0x87, 0x90, 0xf, 0xff, 0xff, 0xff, 0xf7,
    0x2d, 0x7, 0x90, 0x1, 0x11, 0x4d, 0x11, 0x10,
    0x1, 0x7, 0x90, 0x0, 0x0, 0x4c, 0x0, 0x0,
    0x0, 0x7, 0x90, 0x0, 0x0, 0x4c, 0x0, 0x0,

    /* U+91CD "重" */
    0x0, 0x0, 0x1, 0x23, 0x46, 0x79, 0x70, 0x0,
    0x0, 0x2f, 0xfe, 0xde, 0xda, 0x86, 0x40, 0x0,
    0x0, 0x0, 0x0, 0x9, 0x80, 0x0, 0x0, 0x0,
    0xb, 0xff, 0xff, 0xff, 0xff, 0xff, 0xff, 0xb0,
    0x0, 0x0, 0x0, 0x9, 0x80, 0x0, 0x0, 0x0,
    0x0, 0x2f, 0xee, 0xef, 0xfe, 0xee, 0xf3, 0x0,
    0x0, 0x2f, 0x0, 0x9, 0x80, 0x0, 0xe3, 0x0,
    0x0, 0x2f, 0xdd, 0xde, 0xed, 0xdd, 0xf3, 0x0,
    0x0, 0x2f, 0x0, 0x9, 0x80, 0x0, 0xe3, 0x0,
    0x0, 0x2e, 0xee, 0xef, 0xfe, 0xee, 0xe2, 0x0,
    0x0, 0x0, 0x0, 0x9, 0x80, 0x0, 0x0, 0x0,
    0x0, 0xee, 0xee, 0xef, 0xfe, 0xee, 0xee, 0x0,
    0x0, 0x0, 0x0, 0x9, 0x80, 0x0, 0x0, 0x0,
    0xf, 0xff, 0xff, 0xff, 0xff, 0xff, 0xff, 0xf0,

    /* U+91CF "量" */
    0x0, 0xc, 0xed, 0xdd, 0xdd, 0xde, 0xb0, 0x0,
    0x0, 0xc, 0x40, 0x0, 0x0, 0x6, 0xb0, 0x0,
    0x0, 0xc, 0xdc, 0xcc, 0xcc, 0xcd, 0xb0, 0x0,
    0x0, 0xc, 0x96, 0x66, 0x66, 0x69, 0xb0, 0x0,
    0x0, 0x4, 0x55, 0x55, 0x55, 0x55, 0x40, 0x0,
    0xd, 0xdd, 0xdd, 0xdd, 0xdd, 0xdd, 0xdd, 0xd0,
    0x0, 0x8, 0x88, 0x88, 0x88, 0x88, 0x80, 0x0,
    0x0, 0x1f, 0x33, 0x3a, 0x93, 0x33, 0xf1, 0x0,
    0x0, 0x1f, 0xcc, 0xce, 0xdc, 0xcc, 0xf1, 0x0,
    0x0, 0x1f, 0x44, 0x4b, 0xa4, 0x44, 0xf1, 0x0,
    0x0, 0x7, 0x77, 0x7c, 0xb7, 0x77, 0x70, 0x0,
    0x0, 0x7d, 0xdd, 0xde, 0xed, 0xdd, 0xd7, 0x0,
    0x0, 0x0, 0x0, 0x9, 0x70, 0x0, 0x0, 0x0,
    0x1e, 0xee, 0xee, 0xef, 0xfe, 0xee, 0xee, 0xe1,

    /* U+9274 "鉴" */
    0x0, 0x0, 0x0, 0x0, 0x2, 0x0, 0x0, 0x0,
    0x0, 0xe3, 0x1f, 0x0, 0x1e, 0x0, 0x0, 0x0,
    0x0, 0xe3, 0x1f, 0x0, 0x8f, 0xff, 0xff, 0x70,
    0x0, 0xe3, 0x1f, 0x2, 0xe2, 0x0, 0x0, 0x0,
    0x0, 0xe3, 0x1f, 0xc, 0x70, 0xdc, 0x50, 0x0,
    0x0, 0x82, 0x1f, 0xa, 0x70, 0x5, 0xe6, 0x0,
    0x0, 0x0, 0x9, 0xbf, 0xfa, 0x0, 0x0, 0x0,
    0x0, 0x0, 0x2d, 0xf5, 0x6f, 0xd3, 0x0, 0x0,
    0x0, 0x18, 0xfb, 0x20, 0x2, 0xbf, 0xa3, 0x0,
    0x19, 0xfc, 0x5e, 0xef, 0xfe, 0xe5, 0xbf, 0xc0,
    0x8, 0x20, 0x0, 0x9, 0x70, 0x0, 0x1, 0x40,
    0x0, 0xef, 0xff, 0xff, 0xff, 0xff, 0xfb, 0x0,
    0x0, 0x1, 0xe1, 0x9, 0x70, 0x4c, 0x0, 0x0,
    0x0, 0x0, 0xa6, 0x9, 0x70, 0xa6, 0x0, 0x0,
    0xe, 0xff, 0xff, 0xff, 0xff, 0xff, 0xff, 0x90,

    /* U+9488 "针" */
    0x0, 0x2, 0x0, 0x0, 0x0, 0x0, 0x0, 0x0,
    0x0, 0xe, 0x50, 0x0, 0x0, 0x4e, 0x0, 0x0,
    0x0, 0x4f, 0x10, 0x0, 0x0, 0x4e, 0x0, 0x0,
    0x0, 0xcf, 0xff, 0xf1, 0x0, 0x4e, 0x0, 0x0,
    0x5, 0xe1, 0x0, 0x0, 0x0, 0x4e, 0x0, 0x0,
    0x2f, 0xb7, 0x77, 0x30, 0x0, 0x4e, 0x0, 0x0,
    0x5, 0x7c, 0xc7, 0x3a, 0xff, 0xff, 0xff, 0xf5,
    0x0, 0x8, 0x80, 0x1, 0x22, 0x5e, 0x22, 0x20,
    0x2, 0x29, 0x92, 0x20, 0x0, 0x4e, 0x0, 0x0,
    0xc, 0xde, 0xed, 0xd0, 0x0, 0x4e, 0x0, 0x0,
    0x0, 0x8, 0x80, 0x0, 0x0, 0x4e, 0x0, 0x0,
    0x0, 0x8, 0x80, 0x20, 0x0, 0x4e, 0x0, 0x0,
    0x0, 0x8, 0x99, 0xe1, 0x0, 0x4e, 0x0, 0x0,
    0x0, 0xb, 0xf9, 0x10, 0x0, 0x4e, 0x0, 0x0,
    0x0, 0x7, 0x30, 0x0, 0x0, 0x4e, 0x0, 0x0,

    /* U+949F "钟" */
    0x0, 0x0, 0x0, 0x0, 0x0, 0x0, 0x0, 0x0,
    0x0, 0xe4, 0x0, 0x0, 0xd, 0x40, 0x0, 0x0,
    0x4f, 0x10, 0x0, 0x0, 0xd4, 0x0, 0x0, 0xa,
    0xff, 0xfb, 0x0, 0xd, 0x40, 0x0, 0x3, 0xf1,
    0x0, 0x9, 0xcc, 0xfd, 0xcc, 0xb0, 0xd9, 0x22,
    0x20, 0xd6, 0x4d, 0x74, 0x6e, 0x2b, 0xdf, 0xed,
    0x4d, 0x20, 0xd4, 0x2, 0xe0, 0x0, 0xb5, 0x0,
    0xd2, 0xd, 0x40, 0x2e, 0x3, 0x4c, 0x84, 0x2d,
    0x30, 0xd5, 0x2, 0xe0, 0xab, 0xec, 0xb5, 0xdf,
    0xff, 0xff, 0xfe, 0x0, 0xb, 0x50, 0xd, 0x20,
    0xd4, 0x2, 0xe0, 0x0, 0xb5, 0x1, 0x30, 0xd,
    0x40, 0x2, 0x0, 0xb, 0x69, 0xa0, 0x0, 0xd4,
    0x0, 0x0, 0x0, 0xcf, 0xa0, 0x0, 0xd, 0x40,
    0x0, 0x0, 0xa, 0x40, 0x0, 0x0, 0xd4, 0x0,
    0x0,

    /* U+94AE "钮" */
    0x0, 0x0, 0x0, 0x0, 0x0, 0x0, 0x0, 0x0,
    0x0, 0xd, 0x40, 0x0, 0x0, 0x0, 0x0, 0x0,
    0x0, 0x3f, 0x10, 0xb, 0xff, 0xff, 0xff, 0x0,
    0x0, 0xaf, 0xff, 0xa0, 0x1b, 0x71, 0x3f, 0x0,
    0x2, 0xf2, 0x0, 0x0, 0xc, 0x50, 0x2f, 0x0,
    0xc, 0x90, 0x0, 0x0, 0xd, 0x40, 0x2f, 0x0,
    0x3d, 0xff, 0xff, 0x70, 0xe, 0x30, 0x2f, 0x0,
    0x0, 0xc, 0x50, 0x9, 0x9f, 0xa9, 0xae, 0x0,
    0x0, 0xc, 0x50, 0x6, 0x6f, 0x66, 0x8e, 0x0,
    0xe, 0xff, 0xff, 0x90, 0x1f, 0x0, 0x4e, 0x0,
    0x0, 0xc, 0x50, 0x0, 0x2f, 0x0, 0x4d, 0x0,
    0x0, 0xc, 0x50, 0x0, 0x3e, 0x0, 0x4d, 0x0,
    0x0, 0xc, 0x54, 0xd0, 0x4d, 0x0, 0x5c, 0x0,
    0x0, 0xc, 0xde, 0x53, 0x7d, 0x33, 0x7d, 0x30,
    0x0, 0xd, 0x81, 0x3d, 0xdd, 0xdd, 0xdd, 0xd2,
    0x0, 0x0, 0x0, 0x0, 0x0, 0x0, 0x0, 0x0,

    /* U+94FE "链" */
    0x0, 0x1d, 0x0, 0x10, 0x0, 0xb, 0x20, 0x0,
    0x0, 0x7c, 0x11, 0xe3, 0x0, 0x1f, 0x10, 0x0,
    0x0, 0xde, 0xeb, 0x4d, 0x1a, 0xbf, 0xaa, 0x80,
    0x7, 0xc0, 0x0, 0xa, 0x54, 0xc9, 0x44, 0x30,
    0x2f, 0xb9, 0x95, 0x0, 0x0, 0xf2, 0xf0, 0x0,
    0x5, 0x6f, 0x64, 0x0, 0x7, 0xa1, 0xf1, 0x0,
    0x0, 0xf, 0x5, 0xdd, 0x1b, 0xee, 0xfe, 0x90,
    0x6, 0x7f, 0x77, 0x3e, 0x20, 0x0, 0xf0, 0x0,
    0x7, 0x8f, 0x87, 0xe, 0x35, 0x56, 0xf5, 0x50,
    0x0, 0xf, 0x0, 0xe, 0x39, 0x99, 0xf9, 0x90,
    0x0, 0xf, 0x2, 0xe, 0x20, 0x0, 0xf0, 0x0,
    0x0, 0xf, 0x7c, 0x1f, 0x60, 0x0, 0xf0, 0x0,
    0x0, 0x1f, 0xc1, 0xc6, 0xd7, 0x21, 0x1, 0x20,
    0x0, 0x18, 0x4, 0xb0, 0x1a, 0xef, 0xff, 0xf0,
    0x0, 0x0, 0x0, 0x0, 0x0, 0x0, 0x0, 0x0,

    /* U+9501 "锁" */
    0x0, 0xc, 0x20, 0x5, 0x0, 0xf1, 0x6, 0x10,
    0x0, 0x4e, 0x0, 0xb, 0x70, 0xf1, 0x2f, 0x10,
    0x0, 0xbf, 0xff, 0x83, 0xe0, 0xf1, 0xa9, 0x0,
    0x3, 0xf1, 0x0, 0x0, 0x70, 0xf1, 0x81, 0x0,
    0xd, 0x92, 0x22, 0x7, 0xbb, 0xfb, 0xbb, 0x10,
    0x2b, 0xdf, 0xed, 0x2a, 0x73, 0x33, 0x3f, 0x10,
    0x0, 0xc, 0x50, 0xa, 0x50, 0xb2, 0xe, 0x10,
    0x2, 0x2c, 0x62, 0x1a, 0x50, 0xe3, 0xe, 0x10,
    0xc, 0xdf, 0xed, 0x7a, 0x50, 0xf2, 0xe, 0x10,
    0x0, 0xc, 0x50, 0xa, 0x50, 0xf1, 0xe, 0x10,
    0x0, 0xc, 0x51, 0x48, 0x45, 0xd0, 0xb, 0x10,
    0x0, 0xc, 0xae, 0x60, 0x1d, 0x6b, 0xa1, 0x0,
    0x0, 0x1e, 0xd3, 0x3, 0xd9, 0x1, 0xae, 0x40,
    0x0, 0x6, 0x0, 0x9d, 0x50, 0x0, 0x6, 0xe1,
    0x0, 0x0, 0x0, 0x0, 0x0, 0x0, 0x0, 0x0,

    /* U+9519 "错" */
    0x0, 0xd, 0x20, 0x0, 0x1e, 0x1, 0xe0, 0x0,
    0x0, 0x5e, 0x33, 0x10, 0x1e, 0x1, 0xe0, 0x0,
    0x0, 0xcd, 0xcc, 0x4b, 0xef, 0xee, 0xfe, 0xb0,
    0x6, 0xd0, 0x0, 0x0, 0x1e, 0x2, 0xe0, 0x0,
    0x2f, 0xb8, 0x88, 0x10, 0x1e, 0x1, 0xe0, 0x0,
    0x6, 0x7e, 0xa7, 0x6e, 0xef, 0xee, 0xfe, 0xe4,
    0x0, 0xc, 0x50, 0x0, 0x0, 0x0, 0x0, 0x0,
    0x2, 0x2c, 0x62, 0x1, 0x88, 0x88, 0x88, 0x10,
    0xc, 0xdf, 0xed, 0x42, 0xf8, 0x88, 0x8f, 0x20,
    0x0, 0xc, 0x50, 0x2, 0xe0, 0x0, 0xe, 0x20,
    0x0, 0xc, 0x50, 0x12, 0xfe, 0xee, 0xef, 0x20,
    0x0, 0xc, 0x8d, 0x62, 0xe0, 0x0, 0xe, 0x20,
    0x0, 0x1e, 0xe5, 0x2, 0xfc, 0xcc, 0xcf, 0x20,
    0x0, 0x6, 0x0, 0x2, 0xe3, 0x33, 0x3e, 0x20,

    /* U+952E "键" */
    0x0, 0x59, 0x0, 0x0, 0x0, 0xe, 0x10, 0x0,
    0x0, 0xb8, 0x16, 0xdc, 0x37, 0x9f, 0x99, 0x10,
    0x2, 0xfe, 0xe5, 0x2e, 0x23, 0x4e, 0x4d, 0x20,
    0xc, 0x80, 0x0, 0x4c, 0x7a, 0xaf, 0xae, 0xb0,
    0x5f, 0xdc, 0xc2, 0xa5, 0x0, 0xe, 0xd, 0x20,
    0x2, 0x4d, 0x23, 0xfd, 0x9a, 0xdf, 0xdf, 0x20,
    0x0, 0x2d, 0x0, 0x28, 0xa0, 0xe, 0x10, 0x0,
    0xa, 0xbf, 0xa7, 0x78, 0x8c, 0xcf, 0xcc, 0x70,
    0x4, 0x6e, 0x43, 0xdb, 0x51, 0x1e, 0x21, 0x0,
    0x0, 0x2d, 0x0, 0xbf, 0x5b, 0xbf, 0xbb, 0xb0,
    0x0, 0x2d, 0x3, 0x6e, 0x13, 0x3e, 0x43, 0x30,
    0x0, 0x2e, 0xc5, 0xcf, 0x90, 0xe, 0x10, 0x0,
    0x0, 0x3f, 0x77, 0xd1, 0xbd, 0x7c, 0x31, 0x10,
    0x0, 0x25, 0x2e, 0x20, 0x4, 0x9d, 0xff, 0xe0,
    0x0, 0x0, 0x0, 0x0, 0x0, 0x0, 0x0, 0x0,

    /* U+955C "镜" */
    0x0, 0x0, 0x0, 0x0, 0x0, 0x10, 0x0, 0x0,
    0x0, 0x1f, 0x0, 0x0, 0x6, 0xc0, 0x0, 0x0,
    0x0, 0x6c, 0x22, 0x37, 0x77, 0xf9, 0x77, 0x20,
    0x0, 0xde, 0xdd, 0x57, 0xf8, 0x79, 0xe7, 0x20,
    0x5, 0xd0, 0x0, 0x0, 0x97, 0x8, 0x80, 0x0,
    0x1e, 0x95, 0x54, 0xae, 0xee, 0xee, 0xee, 0xe1,
    0x29, 0xbf, 0xba, 0x1, 0x22, 0x22, 0x21, 0x0,
    0x0, 0xe, 0x20, 0xf, 0xcb, 0xbb, 0xce, 0x0,
    0x5, 0x5e, 0x75, 0x1f, 0x87, 0x77, 0x8e, 0x0,
    0x8, 0x8f, 0x98, 0x2f, 0x54, 0x44, 0x6e, 0x0,
    0x0, 0xe, 0x20, 0xf, 0xdd, 0xdd, 0xde, 0x0,
    0x0, 0xe, 0x21, 0x10, 0x5b, 0x1f, 0x0, 0x0,
    0x0, 0xe, 0x7e, 0x30, 0xa8, 0x1f, 0x0, 0xd1,
    0x0, 0xe, 0xe3, 0x7, 0xe1, 0x1f, 0x13, 0xf0,
    0x0, 0x9, 0x11, 0xec, 0x10, 0xd, 0xff, 0x90,
    0x0, 0x0, 0x0, 0x10, 0x0, 0x0, 0x0, 0x0,

    /* U+957F "长" */
    0x0, 0x1f, 0x10, 0x0, 0x0, 0x65, 0x0, 0x0,
    0x1f, 0x10, 0x0, 0x8, 0xf4, 0x0, 0x0, 0x1f,
    0x10, 0x3, 0xcd, 0x30, 0x0, 0x0, 0x1f, 0x12,
    0xaf, 0x80, 0x0, 0x0, 0x0, 0x1f, 0x17, 0x92,
    0x0, 0x0, 0x0, 0x0, 0x1f, 0x10, 0x0, 0x0,
    0x0, 0x0, 0xef, 0xff, 0xff, 0xff, 0xff, 0xff,
    0xf9, 0x11, 0x2f, 0x21, 0x7e, 0x11, 0x11, 0x10,
    0x0, 0x1f, 0x10, 0xe, 0x60, 0x0, 0x0, 0x0,
    0x1f, 0x10, 0x6, 0xf4, 0x0, 0x0, 0x0, 0x1f,
    0x10, 0x0, 0x9f, 0x40, 0x0, 0x0, 0x1f, 0x13,
    0xa7, 0x8, 0xf8, 0x0, 0x0, 0x2f, 0xce, 0x70,
    0x0, 0x5e, 0xe6, 0x0, 0x7d, 0x70, 0x0, 0x0,
    0x0, 0x85, 0x0, 0x0, 0x0, 0x0, 0x0, 0x0,
    0x0,

    /* U+95E8 "门" */
    0x0, 0xa2, 0x0, 0x0, 0x0, 0x0, 0x0, 0x0,
    0x9d, 0x2, 0xff, 0xff, 0xff, 0xf3, 0x0, 0xd,
    0x70, 0x22, 0x22, 0x22, 0xe3, 0x0, 0x5, 0x80,
    0x0, 0x0, 0x0, 0xe3, 0x1e, 0x10, 0x0, 0x0,
    0x0, 0x0, 0xe3, 0x1f, 0x10, 0x0, 0x0, 0x0,
    0x0, 0xe3, 0x1f, 0x10, 0x0, 0x0, 0x0, 0x0,
    0xe3, 0x1f, 0x10, 0x0, 0x0, 0x0, 0x0, 0xe3,
    0x1f, 0x10, 0x0, 0x0, 0x0, 0x0, 0xe3, 0x1f,
    0x10, 0x0, 0x0, 0x0, 0x0, 0xe3, 0x1f, 0x10,
    0x0, 0x0, 0x0, 0x0, 0xe3, 0x1f, 0x10, 0x0,
    0x0, 0x0, 0x0, 0xe3, 0x1f, 0x10, 0x0, 0x0,
    0x0, 0x0, 0xe3, 0x1f, 0x10, 0x0, 0x0, 0x4,
    0x34, 0xf3, 0x1f, 0x10, 0x0, 0x0, 0xe, 0xff,
    0xd0,

    /* U+95ED "闭" */
    0x0, 0x71, 0x0, 0x0, 0x0, 0x0, 0x0, 0x0,
    0x8a, 0x7, 0xff, 0xff, 0xff, 0xf5, 0x0, 0xd,
    0x50, 0x11, 0x11, 0x11, 0xd5, 0x0, 0x4, 0x40,
    0x0, 0x0, 0x0, 0xd5, 0x3e, 0x0, 0x0, 0x2,
    0xe0, 0x0, 0xd5, 0x3e, 0x0, 0x0, 0x2, 0xe0,
    0x0, 0xd5, 0x3e, 0x2f, 0xff, 0xff, 0xff, 0xf6,
    0xd5, 0x3e, 0x0, 0x0, 0x4e, 0xf0, 0x0, 0xd5,
    0x3e, 0x0, 0x0, 0xd7, 0xf0, 0x0, 0xd5, 0x3e,
    0x0, 0xa, 0xa2, 0xf0, 0x0, 0xd5, 0x3e, 0x0,
    0xbc, 0x2, 0xf0, 0x0, 0xd5, 0x3e, 0x2e, 0xc0,
    0x2, 0xf0, 0x0, 0xd5, 0x3e, 0x6, 0x0, 0x56,
    0xf0, 0x0, 0xd5, 0x3e, 0x0, 0x0, 0xbc, 0x91,
    0x23, 0xe5, 0x3e, 0x0, 0x0, 0x0, 0x6, 0xff,
    0xd2,

    /* U+95EE "问" */
    0x0, 0x71, 0x0, 0x0, 0x0, 0x0, 0x0, 0x0,
    0xac, 0x5, 0xff, 0xff, 0xff, 0xf4, 0x0, 0xd,
    0x70, 0x11, 0x11, 0x11, 0xe4, 0x0, 0x4, 0x40,
    0x0, 0x0, 0x0, 0xe4, 0x2f, 0x0, 0x0, 0x0,
    0x0, 0x0, 0xe4, 0x2f, 0x0, 0xbc, 0xcc, 0xcc,
    0x10, 0xe4, 0x2f, 0x0, 0xf5, 0x33, 0x3f, 0x20,
    0xe4, 0x2f, 0x0, 0xf2, 0x0, 0xf, 0x20, 0xe4,
    0x2f, 0x0, 0xf2, 0x0, 0xf, 0x20, 0xe4, 0x2f,
    0x0, 0xf2, 0x0, 0xf, 0x20, 0xe4, 0x2f, 0x0,
    0xff, 0xff, 0xff, 0x20, 0xe4, 0x2f, 0x0, 0x0,
    0x0, 0x0, 0x0, 0xe4, 0x2f, 0x0, 0x0, 0x0,
    0x0, 0x0, 0xe4, 0x2f, 0x0, 0x0, 0x0, 0x3,
    0x33, 0xf3, 0x2f, 0x0, 0x0, 0x0, 0xb, 0xff,
    0xd1,

    /* U+95F4 "间" */
    0x0, 0x81, 0x0, 0x0, 0x0, 0x0, 0x0, 0x0,
    0x9c, 0x0, 0xdf, 0xff, 0xff, 0xfc, 0x0, 0xd,
    0x70, 0x0, 0x0, 0x0, 0x5c, 0x2, 0x3, 0x40,
    0x0, 0x0, 0x0, 0x5c, 0x3e, 0x0, 0x0, 0x0,
    0x0, 0x0, 0x5c, 0x3e, 0x0, 0xee, 0xee, 0xee,
    0x20, 0x5c, 0x3e, 0x0, 0xf3, 0x0, 0xe, 0x30,
    0x5c, 0x3e, 0x0, 0xf2, 0x0, 0xe, 0x30, 0x5c,
    0x3e, 0x0, 0xff, 0xff, 0xff, 0x30, 0x5c, 0x3e,
    0x0, 0xf2, 0x0, 0xe, 0x30, 0x5c, 0x3e, 0x0,
    0xf2, 0x0, 0xe, 0x30, 0x5c, 0x3e, 0x0, 0xfe,
    0xee, 0xef, 0x30, 0x5c, 0x3e, 0x0, 0x0, 0x0,
    0x0, 0x0, 0x5c, 0x3e, 0x0, 0x0, 0x0, 0x1,
    0x32, 0x8c, 0x3e, 0x0, 0x0, 0x0, 0x3, 0xef,
    0xf7,

    /* U+9608 "阈" */
    0x0, 0x81, 0x0, 0x0, 0x0, 0x0, 0x0, 0x0,
    0x9b, 0x3, 0xff, 0xff, 0xff, 0xfe, 0x0, 0xd,
    0x50, 0x0, 0x0, 0x0, 0x2e, 0x2, 0x5, 0x70,
    0x5, 0x15, 0x20, 0x2e, 0x3d, 0x0, 0x0, 0xc,
    0x44, 0xd1, 0x2e, 0x3d, 0x5b, 0xbb, 0xbe, 0xdc,
    0xcc, 0x4e, 0x3d, 0x12, 0x22, 0x2a, 0x82, 0x32,
    0x3e, 0x3d, 0xb, 0xcc, 0xb6, 0x90, 0xd3, 0x2e,
    0x3d, 0xe, 0x0, 0xe3, 0xd3, 0xd0, 0x2e, 0x3d,
    0xe, 0xcc, 0xe0, 0xec, 0x60, 0x2e, 0x3d, 0x0,
    0x0, 0x21, 0x9e, 0x9, 0x3e, 0x3d, 0x4b, 0xde,
    0xc5, 0xef, 0x3f, 0x3e, 0x3d, 0x25, 0x20, 0x2d,
    0x77, 0xfa, 0x2e, 0x3d, 0x0, 0x0, 0xb6, 0x0,
    0x73, 0x5e, 0x3d, 0x0, 0x0, 0x0, 0x0, 0x9f,
    0xf9,

    /* U+9634 "阴" */
    0x0, 0x0, 0x0, 0x0, 0x0, 0x0, 0x0, 0x4f,
    0xff, 0xfa, 0xf, 0xff, 0xff, 0xf3, 0x4d, 0x0,
    0xa8, 0xf, 0x10, 0x0, 0xe3, 0x4d, 0x0, 0xf3,
    0xf, 0x0, 0x0, 0xe3, 0x4d, 0x5, 0xc0, 0xf,
    0x0, 0x0, 0xe3, 0x4d, 0xc, 0x60, 0xf, 0xff,
    0xff, 0xf3, 0x4d, 0xd, 0x60, 0xf, 0x11, 0x11,
    0xe3, 0x4d, 0x2, 0xf1, 0xf, 0x0, 0x0, 0xe3,
    0x4d, 0x0, 0xa7, 0xf, 0x10, 0x0, 0xe3, 0x4d,
    0x0, 0x6b, 0x1f, 0xff, 0xff, 0xf3, 0x4d, 0x12,
    0x8b, 0x3e, 0x0, 0x0, 0xe3, 0x4d, 0x4e, 0xe4,
    0x8b, 0x0, 0x0, 0xe3, 0x4d, 0x0, 0x1, 0xe5,
    0x0, 0x0, 0xe3, 0x4d, 0x0, 0xb, 0xc0, 0x2,
    0x33, 0xf3, 0x4d, 0x0, 0x4d, 0x10, 0x6, 0xef,
    0xd0, 0x2, 0x0, 0x0, 0x0, 0x0, 0x0, 0x0,

    /* U+9636 "阶" */
    0x3f, 0xff, 0xf3, 0x0, 0x7f, 0x30, 0x0, 0x3,
    0xe0, 0xf, 0x20, 0xe, 0x4c, 0x0, 0x0, 0x3e,
    0x4, 0xd0, 0x9, 0x80, 0x98, 0x0, 0x3, 0xe0,
    0x97, 0x4, 0xe0, 0x0, 0xd6, 0x0, 0x3e, 0xe,
    0x12, 0xe4, 0x0, 0x2, 0xe8, 0x3, 0xe2, 0xe3,
    0xe6, 0xa1, 0x2, 0xb3, 0xe3, 0x3e, 0x7, 0xa4,
    0xe, 0x20, 0x2e, 0x0, 0x3, 0xe0, 0xf, 0x0,
    0xe2, 0x2, 0xe0, 0x0, 0x3e, 0x0, 0xd3, 0xf,
    0x10, 0x2e, 0x0, 0x3, 0xe1, 0x1e, 0x30, 0xf0,
    0x2, 0xe0, 0x0, 0x3e, 0x9f, 0xd0, 0x4d, 0x0,
    0x2e, 0x0, 0x3, 0xe0, 0x0, 0xa, 0x80, 0x2,
    0xe0, 0x0, 0x3e, 0x0, 0x5, 0xf1, 0x0, 0x2e,
    0x0, 0x3, 0xe0, 0x0, 0xd4, 0x0, 0x2, 0xb0,
    0x0, 0x0, 0x0, 0x0, 0x0, 0x0, 0x0, 0x0,
    0x0,

    /* U+9640 "陀" */
    0x0, 0x0, 0x0, 0x0, 0x80, 0x0, 0x0, 0xdf,
    0xff, 0x80, 0x0, 0xd9, 0x0, 0x0, 0xd3, 0xb,
    0x70, 0x0, 0x4f, 0x30, 0x0, 0xd3, 0xf, 0x33,
    0x33, 0x3d, 0x53, 0x32, 0xd3, 0x4d, 0x4f, 0xcc,
    0xcc, 0xcc, 0xdb, 0xd3, 0x98, 0x4e, 0x0, 0x0,
    0x0, 0x6b, 0xd3, 0xd5, 0x4e, 0x29, 0x0, 0x0,
    0x6b, 0xd3, 0x3e, 0x26, 0x3e, 0x0, 0x2b, 0x54,
    0xd3, 0xa, 0x60, 0x3e, 0x18, 0xe8, 0x0, 0xd3,
    0x6, 0xa0, 0x3f, 0xe8, 0x10, 0x0, 0xd4, 0x17,
    0xb0, 0x3e, 0x0, 0x0, 0x0, 0xd5, 0xff, 0x50,
    0x3e, 0x0, 0x0, 0x5c, 0xd3, 0x0, 0x0, 0x3e,
    0x0, 0x0, 0x7b, 0xd3, 0x0, 0x0, 0x2f, 0x54,
    0x45, 0xd9, 0xd3, 0x0, 0x0, 0x9, 0xdd, 0xdc,
    0x92,

    /* U+9644 "附" */
    0x0, 0x0, 0x0, 0x2, 0x0, 0x0, 0x0, 0xef,
    0xff, 0x40, 0x4d, 0x0, 0xf, 0x20, 0xe2, 0x1f,
    0x20, 0x99, 0x0, 0xf, 0x20, 0xe2, 0x4d, 0x0,
    0xe4, 0x0, 0xf, 0x20, 0xe2, 0x88, 0x6, 0xf1,
    0x11, 0x1f, 0x31, 0xe2, 0xe3, 0xe, 0xe7, 0xff,
    0xff, 0xfc, 0xe4, 0xf0, 0x7f, 0xe0, 0x0, 0xe,
    0x30, 0xe2, 0xa8, 0xf7, 0xe1, 0xc0, 0xe, 0x30,
    0xe2, 0x2e, 0x33, 0xe0, 0xc6, 0xe, 0x30, 0xe2,
    0xe, 0x23, 0xe0, 0x5c, 0xe, 0x30, 0xe2, 0xe,
    0x33, 0xe0, 0xc, 0xe, 0x30, 0xea, 0xef, 0x13,
    0xe0, 0x0, 0xe, 0x30, 0xe3, 0x21, 0x3, 0xe0,
    0x0, 0xe, 0x30, 0xe2, 0x0, 0x3, 0xe0, 0x13,
    0x2f, 0x30, 0xe2, 0x0, 0x3, 0xe0, 0x2e, 0xfd,
    0x0,

    /* U+964D "降" */
    0x0, 0x0, 0x0, 0x0, 0x0, 0x0, 0x0, 0x2,
    0x33, 0x30, 0x0, 0xb6, 0x0, 0x0, 0x0, 0xee,
    0xdf, 0x70, 0x3f, 0xff, 0xff, 0x20, 0xe, 0x30,
    0xd4, 0xc, 0xb0, 0x8, 0xc0, 0x0, 0xe3, 0x2f,
    0x9, 0xbc, 0xa6, 0xe2, 0x0, 0xe, 0x37, 0xa5,
    0xd1, 0x1d, 0xf4, 0x0, 0x0, 0xe3, 0xd4, 0x1,
    0x8, 0xeb, 0xe6, 0x0, 0xe, 0x3d, 0x41, 0x7d,
    0xc1, 0x15, 0xee, 0x90, 0xe3, 0x4c, 0x7b, 0x40,
    0xf, 0x0, 0x68, 0xe, 0x30, 0xf2, 0x33, 0x33,
    0xf3, 0x33, 0x0, 0xe3, 0xc, 0x4a, 0xbb, 0xbf,
    0xbb, 0xb1, 0xe, 0x53, 0xe4, 0x77, 0x0, 0xf0,
    0x0, 0x0, 0xe8, 0xca, 0xd, 0xdb, 0xbf, 0xbb,
    0xb9, 0xe, 0x30, 0x0, 0x44, 0x44, 0xf4, 0x44,
    0x30, 0xe3, 0x0, 0x0, 0x0, 0xf, 0x0, 0x0,
    0xe, 0x30, 0x0, 0x0, 0x0, 0xf0, 0x0, 0x0,

    /* U+9650 "限" */
    0x3f, 0xff, 0xe1, 0xcf, 0xff, 0xff, 0xf0, 0x3,
    0xd0, 0x3e, 0xc, 0x60, 0x0, 0xf, 0x0, 0x3d,
    0x7, 0x90, 0xc6, 0x0, 0x0, 0xf0, 0x3, 0xd0,
    0xc4, 0xc, 0xee, 0xee, 0xef, 0x0, 0x3d, 0x1e,
    0x0, 0xc6, 0x11, 0x11, 0xf0, 0x3, 0xd2, 0xd1,
    0xc, 0x60, 0x0, 0xf, 0x0, 0x3d, 0x7, 0xa0,
    0xcf, 0xff, 0xff, 0xf0, 0x3, 0xd0, 0xf, 0x1c,
    0x60, 0xe1, 0x0, 0x50, 0x3d, 0x0, 0xd4, 0xc6,
    0xa, 0x61, 0xcc, 0x3, 0xd1, 0x2e, 0x5c, 0x60,
    0x3d, 0xda, 0x0, 0x3d, 0x6f, 0xd1, 0xc6, 0x0,
    0xbb, 0x0, 0x3, 0xd0, 0x0, 0xc, 0x60, 0x32,
    0xd7, 0x0, 0x3d, 0x0, 0x0, 0xcb, 0xdc, 0x12,
    0xeb, 0x13, 0xd0, 0x0, 0xd, 0x93, 0x0, 0x1,
    0xa0, 0x0, 0x0, 0x0, 0x0, 0x0, 0x0, 0x0,
    0x0,

    /* U+9664 "除" */
    0xef, 0xff, 0x70, 0x0, 0xdb, 0x0, 0x0, 0xe,
    0x30, 0xc5, 0x0, 0x67, 0x77, 0x0, 0x0, 0xe3,
    0x1f, 0x10, 0x1e, 0x10, 0xd4, 0x0, 0xe, 0x35,
    0xb0, 0xb, 0x80, 0x3, 0xe4, 0x0, 0xe3, 0xa6,
    0x9, 0xe3, 0x33, 0x38, 0xf6, 0xe, 0x3f, 0x1a,
    0xc9, 0xcd, 0xec, 0xc5, 0xe1, 0xe3, 0x88, 0x30,
    0x0, 0x7a, 0x0, 0x0, 0xe, 0x31, 0xe4, 0xbb,
    0xbd, 0xeb, 0xbb, 0x60, 0xe3, 0xd, 0x44, 0x44,
    0x9b, 0x44, 0x42, 0xe, 0x41, 0xd4, 0xb, 0x27,
    0xa4, 0xc0, 0x0, 0xea, 0xfd, 0x5, 0xe0, 0x7a,
    0xc, 0xa0, 0xe, 0x30, 0x2, 0xe6, 0x7, 0xa0,
    0x1f, 0x60, 0xe3, 0x0, 0x8a, 0x13, 0x9a, 0x0,
    0x67, 0xe, 0x30, 0x0, 0x3, 0xee, 0x60, 0x0,
    0x0,

    /* U+9677 "陷" */
    0x0, 0x0, 0x0, 0x0, 0x90, 0x0, 0x0, 0xcf,
    0xff, 0xd0, 0x5, 0xe0, 0x0, 0x0, 0xc5, 0x5,
    0xd0, 0xb, 0xfe, 0xee, 0x70, 0xc5, 0xb, 0x70,
    0x3f, 0x21, 0x1e, 0x30, 0xc5, 0x1f, 0x10, 0xc7,
    0x0, 0x8a, 0x0, 0xc5, 0x9a, 0x9, 0xb0, 0x4,
    0xe1, 0x0, 0xc5, 0x9a, 0x5, 0x10, 0x27, 0x40,
    0x0, 0xc5, 0xe, 0x31, 0x9d, 0xd5, 0xbb, 0xb1,
    0xc5, 0x9, 0x84, 0xd3, 0x1, 0x44, 0xf2, 0xc5,
    0x5, 0xb4, 0xc0, 0x0, 0x0, 0xe2, 0xc6, 0x18,
    0xb4, 0xea, 0xa4, 0xaa, 0xf2, 0xc8, 0xff, 0x64,
    0xd5, 0x52, 0x55, 0xf2, 0xc5, 0x0, 0x4, 0xc0,
    0x0, 0x0, 0xe2, 0xc5, 0x0, 0x4, 0xfd, 0xdd,
    0xdd, 0xf2, 0xc5, 0x0, 0x4, 0xd2, 0x22, 0x22,
    0xe2, 0x0, 0x0, 0x0, 0x0, 0x0, 0x0, 0x0,

    /* U+968F "随" */
    0x0, 0x0, 0x0, 0x0, 0x6, 0x40, 0x0, 0xe,
    0xff, 0xf4, 0x60, 0x0, 0xc5, 0x0, 0x0, 0xe2,
    0x1f, 0x3f, 0x30, 0xf, 0x20, 0x0, 0xe, 0x25,
    0xc0, 0xaa, 0xff, 0xff, 0xff, 0xc0, 0xe2, 0x97,
    0x3, 0xe0, 0x86, 0x0, 0x0, 0xe, 0x2e, 0x10,
    0x1, 0xe, 0xee, 0xee, 0x10, 0xe4, 0xe1, 0x0,
    0x5, 0xf2, 0x0, 0xe1, 0xe, 0x27, 0xac, 0xeb,
    0xcd, 0xdd, 0xdf, 0x10, 0xe2, 0x1f, 0x15, 0xc5,
    0xd2, 0x0, 0xe1, 0xe, 0x20, 0xe2, 0x4c, 0xd,
    0xee, 0xef, 0x10, 0xe5, 0x3f, 0x34, 0xc0, 0xd2,
    0x0, 0xe1, 0xe, 0x9f, 0xc0, 0x4c, 0xd, 0x20,
    0xf, 0x10, 0xe2, 0x0, 0x6, 0xf2, 0xd2, 0x6f,
    0xe0, 0xe, 0x20, 0x6, 0xe5, 0xe8, 0x32, 0x23,
    0x30, 0xe2, 0x3, 0xe3, 0x2, 0xad, 0xff, 0xfe,
    0x2, 0x0, 0x1, 0x0, 0x0, 0x0, 0x0, 0x0,

    /* U+9694 "隔" */
    0x0, 0x0, 0x0, 0x0, 0x0, 0x0, 0x0, 0xef,
    0xff, 0x9e, 0xee, 0xee, 0xee, 0xec, 0xe2, 0x1f,
    0x10, 0x0, 0x0, 0x0, 0x0, 0xe2, 0x5c, 0x0,
    0xcd, 0xdd, 0xdd, 0x40, 0xe2, 0xa7, 0x0, 0xe2,
    0x0, 0xc, 0x50, 0xe3, 0xf1, 0x0, 0xeb, 0xaa,
    0xae, 0x50, 0xe4, 0xf1, 0x0, 0x33, 0x33, 0x33,
    0x10, 0xe2, 0x99, 0x1d, 0xdd, 0xdd, 0xdd, 0xd7,
    0xe2, 0x2f, 0x1e, 0x3, 0x10, 0x40, 0x88, 0xe2,
    0xe, 0x3e, 0xb, 0x70, 0xd0, 0x88, 0xe2, 0xd,
    0x4e, 0x5, 0xd4, 0xb0, 0x88, 0xe8, 0x9f, 0x3e,
    0x8d, 0xdf, 0xdc, 0x88, 0xe5, 0x74, 0x1e, 0x0,
    0x1e, 0x0, 0x88, 0xe2, 0x0, 0x1e, 0x0, 0x1e,
    0x3, 0xa8, 0xe2, 0x0, 0x1e, 0x0, 0x1e, 0xd,
    0xd4,

    /* U+969C "障" */
    0x0, 0x0, 0x0, 0x0, 0x87, 0x0, 0x0, 0xe,
    0xff, 0xf3, 0x0, 0x4, 0xf0, 0x0, 0x0, 0xe2,
    0xf, 0x4e, 0xee, 0xef, 0xee, 0xe5, 0xe, 0x24,
    0xd0, 0xc, 0x90, 0x5, 0xb0, 0x0, 0xe2, 0x88,
    0x0, 0x6e, 0x0, 0xa6, 0x0, 0xe, 0x2d, 0x3d,
    0xee, 0xee, 0xee, 0xee, 0xe1, 0xe4, 0xf0, 0x1,
    0x11, 0x11, 0x11, 0x10, 0xe, 0x29, 0x80, 0xdc,
    0xbb, 0xbb, 0xce, 0x0, 0xe2, 0x1e, 0xd, 0x97,
    0x77, 0x78, 0xe0, 0xe, 0x20, 0xe2, 0xd7, 0x44,
    0x44, 0x6e, 0x0, 0xe4, 0x4f, 0x2d, 0xdd, 0xdd,
    0xdd, 0xe0, 0xe, 0x8d, 0xa0, 0x0, 0x5, 0xc0,
    0x0, 0x0, 0xe2, 0x0, 0xee, 0xee, 0xff, 0xee,
    0xee, 0x2e, 0x20, 0x0, 0x0, 0x5, 0xc0, 0x0,
    0x0, 0xe2, 0x0, 0x0, 0x0, 0x5c, 0x0, 0x0,
    0x0,

    /* U+96C6 "集" */
    0x0, 0x0, 0x70, 0x4, 0x30, 0x0, 0x0, 0x0,
    0x0, 0x5, 0xd0, 0x5, 0xe1, 0x0, 0x0, 0x0,
    0x0, 0xd, 0xed, 0xdd, 0xfd, 0xdd, 0xdd, 0x10,
    0x0, 0x7f, 0x41, 0x14, 0xd1, 0x11, 0x11, 0x0,
    0x4, 0xef, 0xed, 0xde, 0xfd, 0xdd, 0xd3, 0x0,
    0xe, 0x4f, 0x30, 0x3, 0xd0, 0x0, 0x0, 0x0,
    0x1, 0xf, 0xdd, 0xdd, 0xfd, 0xdd, 0xd3, 0x0,
    0x0, 0xf, 0x20, 0x2, 0xd0, 0x0, 0x0, 0x0,
    0x0, 0xd, 0xee, 0xef, 0xfe, 0xee, 0xee, 0x50,
    0x0, 0x0, 0x0, 0x9, 0x80, 0x0, 0x0, 0x0,
    0xe, 0xff, 0xff, 0xff, 0xff, 0xff, 0xff, 0xe0,
    0x0, 0x0, 0x2, 0xdd, 0xcd, 0x40, 0x0, 0x0,
    0x0, 0x0, 0x7e, 0x49, 0x83, 0xdb, 0x40, 0x0,
    0x3, 0x8e, 0xa1, 0x9, 0x80, 0x6, 0xde, 0x90,
    0xb, 0x82, 0x0, 0x9, 0x80, 0x0, 0x4, 0x50,

    /* U+96F6 "零" */
    0x0, 0x8e, 0xee, 0xef, 0xee, 0xee, 0xe1, 0x0,
    0x0, 0x0, 0x0, 0xe2, 0x0, 0x0, 0x0, 0xd,
    0xee, 0xee, 0xef, 0xee, 0xee, 0xef, 0x60, 0xd5,
    0x44, 0x41, 0xe2, 0x44, 0x42, 0xc6, 0xd, 0x57,
    0x77, 0x2e, 0x27, 0x77, 0x3c, 0x60, 0x10, 0xcc,
    0xc7, 0xeb, 0xac, 0xc6, 0x0, 0x0, 0x0, 0x9,
    0xb0, 0x6e, 0x81, 0x0, 0x0, 0x0, 0x6d, 0x88,
    0x94, 0x19, 0xe9, 0x40, 0x19, 0xea, 0x20, 0x5,
    0xc8, 0x1, 0x8e, 0xb0, 0x61, 0x6b, 0xbb, 0xbb,
    0xbb, 0xa1, 0x1, 0x0, 0x1, 0x33, 0x33, 0x35,
    0xea, 0x0, 0x0, 0x0, 0x3, 0xb6, 0x27, 0xe6,
    0x0, 0x0, 0x0, 0x0, 0x3, 0x9e, 0xf8, 0x0,
    0x0, 0x0, 0x0, 0x0, 0x0, 0x6, 0xca, 0x0,
    0x0, 0x0, 0x0, 0x0, 0x0, 0x0, 0x0, 0x0,
    0x0,

    /* U+9700 "需" */
    0x0, 0x5e, 0xee, 0xef, 0xfe, 0xee, 0xe5, 0x0,
    0x0, 0x0, 0x0, 0x9, 0x80, 0x0, 0x0, 0x0,
    0x6, 0xfe, 0xee, 0xef, 0xfe, 0xee, 0xef, 0x60,
    0x7, 0xb1, 0x33, 0x29, 0x82, 0x33, 0x1b, 0x60,
    0x7, 0xb5, 0x99, 0x69, 0x87, 0x99, 0x5b, 0x60,
    0x1, 0x16, 0xcc, 0x89, 0x89, 0xcc, 0x61, 0x10,
    0x0, 0x0, 0x0, 0x2, 0x20, 0x0, 0x0, 0x0,
    0xf, 0xff, 0xff, 0xff, 0xff, 0xff, 0xff, 0xf0,
    0x0, 0x0, 0x0, 0x1f, 0x20, 0x0, 0x0, 0x0,
    0x0, 0xbe, 0xee, 0xef, 0xee, 0xee, 0xeb, 0x0,
    0x0, 0xd5, 0x5, 0xb0, 0xe, 0x20, 0x5d, 0x0,
    0x0, 0xd5, 0x5, 0xb0, 0xe, 0x20, 0x5d, 0x0,
    0x0, 0xd5, 0x5, 0xb0, 0xe, 0x23, 0x7d, 0x0,
    0x0, 0xd5, 0x5, 0xb0, 0xe, 0x2b, 0xd8, 0x0,

    /* U+9707 "震" */
    0x0, 0x7e, 0xee, 0xef, 0xfe, 0xee, 0xe3, 0x0,
    0x5, 0x66, 0x66, 0x6c, 0xb6, 0x66, 0x66, 0x40,
    0xe, 0xa8, 0x88, 0x8c, 0xc8, 0x88, 0x8c, 0xa0,
    0xe, 0x39, 0xcc, 0x79, 0x89, 0xcc, 0x88, 0xa0,
    0x8, 0x24, 0x55, 0x39, 0x84, 0x55, 0x35, 0x60,
    0x0, 0x4, 0x55, 0x36, 0x54, 0x55, 0x30, 0x0,
    0x0, 0xdd, 0xdd, 0xdd, 0xdd, 0xdd, 0xdd, 0x30,
    0x0, 0xf4, 0x44, 0x44, 0x44, 0x44, 0x40, 0x0,
    0x0, 0xf4, 0x77, 0x77, 0x77, 0x77, 0x60, 0x0,
    0x0, 0xfd, 0xcc, 0xcc, 0xcc, 0xcc, 0xcc, 0x80,
    0x1, 0xf4, 0x4f, 0x11, 0x8c, 0x12, 0xc7, 0x10,
    0x5, 0xf0, 0x2f, 0x0, 0x9, 0xbd, 0x90, 0x0,
    0xb, 0xa0, 0x2f, 0x47, 0xb7, 0x6d, 0xa5, 0x20,
    0x1d, 0x20, 0x6d, 0xa6, 0x20, 0x0, 0x6a, 0xa0,
    0x0, 0x0, 0x0, 0x0, 0x0, 0x0, 0x0, 0x0,

    /* U+9759 "静" */
    0x0, 0x0, 0x0, 0x0, 0x0, 0x0, 0x0, 0x0,
    0x6, 0x88, 0xf8, 0x85, 0x4, 0xfe, 0xe2, 0x0,
    0x6, 0x99, 0xf9, 0x96, 0xb, 0x0, 0xe0, 0x0,
    0x0, 0x0, 0xf0, 0x0, 0x48, 0x5, 0xa0, 0x0,
    0x4, 0xdd, 0xfd, 0xd5, 0xd0, 0xc, 0x40, 0x0,
    0x0, 0x0, 0xf0, 0x8, 0xde, 0xef, 0xef, 0x30,
    0x1d, 0xdd, 0xdd, 0xdc, 0x0, 0x2e, 0xc, 0x40,
    0x0, 0x0, 0x0, 0x1, 0x44, 0x5f, 0x4d, 0x71,
    0x0, 0xfd, 0xdd, 0xf4, 0xbb, 0xcf, 0xbf, 0xc3,
    0x0, 0xf4, 0x44, 0xf0, 0x0, 0x2e, 0xc, 0x40,
    0x0, 0xf7, 0x77, 0xf0, 0xac, 0xcf, 0xcf, 0x40,
    0x0, 0xfa, 0xaa, 0xf0, 0x0, 0x2e, 0xc, 0x40,
    0x0, 0xf3, 0x33, 0xf0, 0x0, 0x2e, 0x1, 0x0,
    0x0, 0xf0, 0x12, 0xf0, 0x2, 0x3e, 0x0, 0x0,
    0x0, 0xf0, 0x7e, 0xb0, 0x1f, 0xfa, 0x0, 0x0,
    0x0, 0x0, 0x0, 0x0, 0x0, 0x0, 0x0, 0x0,

    /* U+975E "非" */
    0x0, 0x0, 0x1f, 0x10, 0xf2, 0x0, 0x0, 0x0,
    0x0, 0x1f, 0x10, 0xf2, 0x0, 0x0, 0x2, 0x22,
    0x3f, 0x10, 0xf4, 0x22, 0x21, 0x5e, 0xee, 0xef,
    0x10, 0xfe, 0xee, 0xe9, 0x0, 0x0, 0x1f, 0x10,
    0xf2, 0x0, 0x0, 0x0, 0x0, 0x1f, 0x10, 0xf3,
    0x0, 0x0, 0x1f, 0xff, 0xff, 0x10, 0xff, 0xff,
    0xf2, 0x0, 0x0, 0x1f, 0x10, 0xf2, 0x0, 0x0,
    0x0, 0x0, 0x1f, 0x10, 0xf2, 0x0, 0x0, 0xdf,
    0xff, 0xff, 0x10, 0xff, 0xff, 0xfe, 0x0, 0x0,
    0x1f, 0x10, 0xf3, 0x0, 0x0, 0x0, 0x0, 0x1f,
    0x10, 0xf2, 0x0, 0x0, 0x0, 0x0, 0x1f, 0x10,
    0xf2, 0x0, 0x0, 0x0, 0x0, 0x1f, 0x10, 0xf2,
    0x0, 0x0,

    /* U+9762 "面" */
    0x1f, 0xff, 0xff, 0xff, 0xff, 0xff, 0xff, 0xf1,
    0x0, 0x0, 0x0, 0xe, 0x50, 0x0, 0x0, 0x0,
    0x0, 0x0, 0x0, 0x2f, 0x10, 0x0, 0x0, 0x0,
    0x0, 0x0, 0x0, 0x6c, 0x0, 0x0, 0x0, 0x0,
    0x1, 0xff, 0xff, 0xff, 0xff, 0xff, 0xff, 0x10,
    0x1, 0xf1, 0x8, 0x80, 0x9, 0x70, 0x1f, 0x10,
    0x1, 0xf1, 0x8, 0x81, 0x19, 0x70, 0x1f, 0x10,
    0x1, 0xf1, 0x8, 0xfe, 0xef, 0x70, 0x1f, 0x10,
    0x1, 0xf1, 0x8, 0x80, 0x9, 0x70, 0x1f, 0x10,
    0x1, 0xf1, 0x8, 0xec, 0xce, 0x70, 0x1f, 0x10,
    0x1, 0xf1, 0x8, 0x92, 0x29, 0x70, 0x1f, 0x10,
    0x1, 0xf1, 0x8, 0x80, 0x9, 0x70, 0x1f, 0x10,
    0x1, 0xff, 0xff, 0xff, 0xff, 0xff, 0xff, 0x10,
    0x1, 0xf1, 0x0, 0x0, 0x0, 0x0, 0x1f, 0x10,

    /* U+97E9 "韩" */
    0x0, 0x2, 0xe0, 0x0, 0x0, 0xe2, 0x0, 0x0,
    0x12, 0x3e, 0x22, 0x0, 0xe, 0x20, 0x0, 0xb,
    0xdd, 0xfd, 0xd7, 0x88, 0xf9, 0x88, 0x60, 0x0,
    0x2e, 0x0, 0x17, 0x7f, 0x97, 0x75, 0x4, 0xfe,
    0xee, 0xf0, 0x0, 0xe2, 0x0, 0x0, 0x4b, 0x0,
    0xf, 0xb, 0xcf, 0xdc, 0xc3, 0x4, 0xfe, 0xee,
    0xf0, 0x0, 0xe3, 0x0, 0x0, 0x4b, 0x0, 0xf,
    0x1, 0x1e, 0x41, 0x11, 0x4, 0xfe, 0xee, 0xf4,
    0xdd, 0xfe, 0xde, 0xc0, 0x0, 0x2e, 0x0, 0x0,
    0xe, 0x20, 0x4c, 0x1d, 0xdd, 0xfd, 0xda, 0x0,
    0xe2, 0x5, 0xc0, 0x11, 0x3e, 0x11, 0x0, 0xe,
    0x6c, 0xe9, 0x0, 0x2, 0xe0, 0x0, 0x0, 0xe3,
    0x23, 0x0, 0x0, 0x2e, 0x0, 0x0, 0xe, 0x20,
    0x0, 0x0, 0x0, 0x0, 0x0, 0x0, 0x0, 0x0,
    0x0,

    /* U+97F3 "音" */
    0x0, 0x0, 0x0, 0x30, 0x0, 0x0, 0x0, 0x0,
    0x0, 0x3, 0xf4, 0x0, 0x0, 0x0, 0x3, 0x33,
    0x33, 0x9d, 0x33, 0x33, 0x30, 0x1b, 0xbe, 0xeb,
    0xbb, 0xbe, 0xeb, 0xb0, 0x0, 0x6, 0xd0, 0x0,
    0xe, 0x40, 0x0, 0x0, 0x0, 0xe4, 0x0, 0x5c,
    0x0, 0x0, 0xce, 0xee, 0xfe, 0xee, 0xff, 0xee,
    0xeb, 0x0, 0x0, 0x0, 0x0, 0x0, 0x0, 0x0,
    0x0, 0xbe, 0xee, 0xee, 0xee, 0xe9, 0x0, 0x0,
    0xc6, 0x0, 0x0, 0x0, 0x8a, 0x0, 0x0, 0xc6,
    0x0, 0x0, 0x0, 0x8a, 0x0, 0x0, 0xcf, 0xee,
    0xee, 0xee, 0xfa, 0x0, 0x0, 0xc6, 0x0, 0x0,
    0x0, 0x8a, 0x0, 0x0, 0xce, 0xcc, 0xcc, 0xcc,
    0xea, 0x0, 0x0, 0xc8, 0x22, 0x22, 0x22, 0x9a,
    0x0,

    /* U+9875 "页" */
    0x1, 0x11, 0x11, 0x11, 0x11, 0x11, 0x10, 0xef,
    0xff, 0xff, 0xff, 0xff, 0xff, 0xfa, 0x0, 0x0,
    0x2, 0xf2, 0x0, 0x0, 0x0, 0x0, 0x0, 0x5,
    0xe0, 0x0, 0x0, 0x0, 0x2, 0xff, 0xff, 0xff,
    0xff, 0xfe, 0x0, 0x2, 0xf1, 0x0, 0x0, 0x0,
    0x5e, 0x0, 0x2, 0xf0, 0x0, 0x86, 0x0, 0x5e,
    0x0, 0x2, 0xf0, 0x0, 0xb8, 0x0, 0x5e, 0x0,
    0x2, 0xf0, 0x0, 0xc6, 0x0, 0x5e, 0x0, 0x2,
    0xf0, 0x1, 0xf3, 0x0, 0x5e, 0x0, 0x0, 0x50,
    0xa, 0xc3, 0xa3, 0x14, 0x0, 0x0, 0x1, 0xbe,
    0x22, 0x9f, 0xc4, 0x0, 0x25, 0xaf, 0xc2, 0x0,
    0x1, 0x9f, 0xc2, 0x6e, 0xa4, 0x0, 0x0, 0x0,
    0x3, 0xb1, 0x0, 0x0, 0x0, 0x0, 0x0, 0x0,
    0x0,

    /* U+9876 "顶" */
    0x3f, 0xff, 0xfe, 0x9f, 0xff, 0xff, 0xff, 0xf0,
    0x1, 0x1e, 0x30, 0x0, 0x4, 0xd0, 0x0, 0x0,
    0x0, 0xe, 0x30, 0x0, 0x7, 0x90, 0x0, 0x0,
    0x0, 0xe, 0x30, 0x1d, 0xde, 0xed, 0xdd, 0x10,
    0x0, 0xe, 0x30, 0x1f, 0x22, 0x22, 0x2f, 0x10,
    0x0, 0xe, 0x30, 0x1f, 0x0, 0xd0, 0xf, 0x10,
    0x0, 0xe, 0x30, 0x1f, 0x0, 0xf0, 0xf, 0x10,
    0x0, 0xe, 0x30, 0x1f, 0x0, 0xf0, 0xf, 0x10,
    0x0, 0xe, 0x30, 0x1f, 0x1, 0xf0, 0xf, 0x10,
    0x0, 0xe, 0x30, 0x1f, 0x4, 0xd0, 0xf, 0x10,
    0x0, 0xe, 0x30, 0x5, 0xa, 0x87, 0x35, 0x0,
    0x0, 0xe, 0x20, 0x0, 0x5f, 0x29, 0xf7, 0x0,
    0xb, 0xff, 0x10, 0x19, 0xf4, 0x0, 0x5f, 0x90,
    0x1, 0x31, 0x9, 0xfb, 0x20, 0x0, 0x3, 0xd1,
    0x0, 0x0, 0x1, 0x10, 0x0, 0x0, 0x0, 0x0,

    /* U+9879 "项" */
    0x0, 0x0, 0x0, 0xaf, 0xff, 0xff, 0xff, 0xf0,
    0xd, 0xdd, 0xdd, 0x40, 0x1, 0xf1, 0x0, 0x0,
    0x6, 0x6f, 0x76, 0x10, 0x3, 0xd0, 0x0, 0x0,
    0x0, 0xf, 0x20, 0xc, 0xde, 0xfd, 0xdd, 0x0,
    0x0, 0xf, 0x20, 0xe, 0x42, 0x22, 0x2f, 0x0,
    0x0, 0xf, 0x20, 0xe, 0x20, 0xd1, 0xf, 0x0,
    0x0, 0xf, 0x20, 0xe, 0x20, 0xf1, 0xf, 0x0,
    0x0, 0xf, 0x20, 0xe, 0x20, 0xf1, 0xf, 0x0,
    0x0, 0xf, 0x21, 0x2e, 0x21, 0xf0, 0xf, 0x0,
    0x0, 0x1f, 0xce, 0x4e, 0x24, 0xd0, 0xf, 0x0,
    0x2c, 0xfc, 0x60, 0x5, 0xb, 0x83, 0x5, 0x0,
    0x7, 0x20, 0x0, 0x0, 0x8e, 0x1c, 0xe6, 0x0,
    0x0, 0x0, 0x0, 0x5c, 0xd2, 0x0, 0x6f, 0xb1,
    0x0, 0x0, 0xb, 0xe7, 0x0, 0x0, 0x2, 0x90,
    0x0, 0x0, 0x0, 0x0, 0x0, 0x0, 0x0, 0x0,

    /* U+987A "顺" */
    0x0, 0x0, 0x0, 0x20, 0x0, 0x0, 0x0, 0x0,
    0x3, 0xc0, 0x0, 0xf5, 0xff, 0xff, 0xff, 0xc0,
    0x3, 0xc1, 0xd0, 0xf0, 0x0, 0x4d, 0x0, 0x0,
    0x3, 0xc2, 0xe0, 0xf0, 0x0, 0x7a, 0x0, 0x0,
    0x3, 0xc2, 0xe0, 0xf0, 0xdf, 0xff, 0xff, 0x20,
    0x3, 0xc2, 0xe0, 0xf0, 0xe3, 0x0, 0xe, 0x20,
    0x3, 0xc2, 0xe0, 0xf0, 0xe2, 0x19, 0xe, 0x20,
    0x3, 0xc2, 0xe0, 0xf0, 0xe2, 0x2e, 0xe, 0x20,
    0x3, 0xc2, 0xe0, 0xf0, 0xe2, 0x2e, 0xe, 0x20,
    0x4, 0xc2, 0xe0, 0xf0, 0xe2, 0x2e, 0xe, 0x20,
    0x4, 0xb2, 0xe0, 0xf0, 0xe2, 0x3d, 0xe, 0x20,
    0x6, 0xa2, 0xe0, 0xf0, 0x91, 0x7a, 0x8, 0x10,
    0x9, 0x81, 0x80, 0xf0, 0x0, 0xd7, 0xe3, 0x0,
    0xd, 0x50, 0x0, 0xf0, 0xa, 0xc0, 0x4f, 0x40,
    0x1e, 0x0, 0x0, 0xf5, 0xda, 0x10, 0x5, 0xf1,
    0x2, 0x0, 0x0, 0x2, 0x40, 0x0, 0x0, 0x20,

    /* U+987B "须" */
    0x0, 0x0, 0x75, 0xaf, 0xff, 0xff, 0xff, 0xe0,
    0x0, 0x5, 0xf2, 0x0, 0x2, 0xf0, 0x0, 0x0,
    0x0, 0x7f, 0x40, 0x0, 0x4, 0xc0, 0x0, 0x0,
    0xb, 0xd2, 0x0, 0xe, 0xef, 0xfe, 0xee, 0x10,
    0x1, 0x0, 0x28, 0xf, 0x20, 0x0, 0xf, 0x10,
    0x0, 0x1, 0xd8, 0xf, 0x10, 0xe1, 0xf, 0x10,
    0x0, 0x4e, 0x80, 0xf, 0x10, 0xf2, 0xf, 0x10,
    0x8, 0xf5, 0x0, 0xf, 0x10, 0xf1, 0xf, 0x10,
    0x1, 0x10, 0x7, 0xf, 0x10, 0xf0, 0xf, 0x10,
    0x0, 0x0, 0x9c, 0xf, 0x14, 0xe0, 0xf, 0x10,
    0x0, 0x9, 0xd1, 0x5, 0xb, 0x83, 0x5, 0x0,
    0x3, 0xcd, 0x10, 0x0, 0x8e, 0x1b, 0xe6, 0x0,
    0xd, 0x90, 0x0, 0x5c, 0xd2, 0x0, 0x5e, 0xb1,
    0x0, 0x0, 0xa, 0xe7, 0x0, 0x0, 0x2, 0x90,
    0x0, 0x0, 0x0, 0x0, 0x0, 0x0, 0x0, 0x0,

    /* U+9884 "预" */
    0x2f, 0xff, 0xff, 0x5f, 0xff, 0xff, 0xff, 0xa0,
    0x0, 0x10, 0x4e, 0x10, 0x0, 0xd4, 0x0, 0x0,
    0x3, 0xe3, 0xd4, 0x0, 0x0, 0xf1, 0x0, 0x0,
    0x0, 0x8f, 0x80, 0x3, 0xcc, 0xfc, 0xcb, 0x0,
    0x0, 0xa, 0xa0, 0x4, 0xc3, 0x33, 0x3f, 0x0,
    0x2, 0x23, 0x52, 0x14, 0xc0, 0x31, 0xf, 0x0,
    0x2d, 0xdf, 0xee, 0xf5, 0xc0, 0xc5, 0xf, 0x0,
    0x0, 0xd, 0x36, 0xa4, 0xc0, 0xc5, 0xf, 0x0,
    0x0, 0xd, 0x3d, 0x34, 0xc0, 0xc5, 0xf, 0x0,
    0x0, 0xd, 0x46, 0x4, 0xc0, 0xd3, 0xf, 0x0,
    0x0, 0xd, 0x30, 0x2, 0x52, 0xf1, 0x16, 0x0,
    0x0, 0xd, 0x30, 0x0, 0xb, 0x99, 0xd2, 0x0,
    0x1, 0x1d, 0x30, 0x2, 0xbc, 0x0, 0x8f, 0x40,
    0x7, 0xfe, 0x10, 0x9f, 0x80, 0x0, 0x7, 0xb0,
    0x0, 0x0, 0x0, 0x11, 0x0, 0x0, 0x0, 0x0,

    /* U+9891 "频" */
    0x0, 0x0, 0xa6, 0x3, 0xff, 0xff, 0xff, 0xf7,
    0x0, 0x51, 0xa6, 0x0, 0x0, 0x3f, 0x0, 0x0,
    0x0, 0xc3, 0xaf, 0xf9, 0x0, 0x4c, 0x0, 0x0,
    0x0, 0xc3, 0xa6, 0x0, 0x24, 0x9b, 0x44, 0x30,
    0x1, 0xc4, 0xa7, 0x11, 0x8e, 0xcc, 0xcd, 0xc0,
    0x1d, 0xdd, 0xfd, 0xdc, 0x88, 0x2, 0x4, 0xc0,
    0x0, 0x41, 0xf0, 0x0, 0x88, 0xf, 0x4, 0xc0,
    0x0, 0xe2, 0xf0, 0x74, 0x88, 0xf, 0x4, 0xc0,
    0x7, 0xb0, 0xf0, 0xe3, 0x88, 0xf, 0x4, 0xc0,
    0x1e, 0x20, 0xf5, 0xd0, 0x88, 0x2f, 0x4, 0xc0,
    0x2, 0x0, 0x7e, 0x30, 0x43, 0x6b, 0x12, 0x60,
    0x0, 0x3, 0xd8, 0x0, 0x1, 0xe4, 0xcb, 0x10,
    0x1, 0x8f, 0x60, 0x0, 0x4d, 0x80, 0x1c, 0xd1,
    0xb, 0xa2, 0x0, 0xd, 0xe5, 0x0, 0x0, 0xc8,
    0x0, 0x0, 0x0, 0x3, 0x0, 0x0, 0x0, 0x0,

    /* U+9898 "题" */
    0x5, 0xfe, 0xee, 0xf4, 0xdf, 0xff, 0xff, 0xb0,
    0x5, 0xa0, 0x0, 0xc4, 0x0, 0x2f, 0x0, 0x0,
    0x5, 0xff, 0xff, 0xf4, 0x0, 0x5b, 0x0, 0x0,
    0x5, 0xa0, 0x0, 0xc4, 0x6f, 0xff, 0xff, 0x30,
    0x5, 0xeb, 0xbb, 0xe4, 0x79, 0x0, 0xc, 0x30,
    0x1, 0x44, 0x44, 0x41, 0x79, 0xd, 0xc, 0x30,
    0x2f, 0xff, 0xff, 0xff, 0x79, 0xf, 0xc, 0x30,
    0x0, 0x0, 0xe2, 0x0, 0x79, 0x1f, 0xc, 0x30,
    0x0, 0xd0, 0xe2, 0x0, 0x67, 0x3e, 0xa, 0x30,
    0x1, 0xf0, 0xef, 0xf9, 0x0, 0xb9, 0x91, 0x0,
    0x4, 0xf3, 0xe2, 0x0, 0xa, 0xd1, 0x9e, 0x20,
    0x9, 0xce, 0xe2, 0x7, 0xfb, 0x10, 0x7, 0xd0,
    0xe, 0x36, 0xf9, 0x43, 0x40, 0x1, 0x12, 0x40,
    0x4c, 0x0, 0x39, 0xde, 0xff, 0xff, 0xff, 0xe0,
    0x1, 0x0, 0x0, 0x0, 0x0, 0x0, 0x0, 0x0,

    /* U+989C "颜" */
    0x0, 0x3, 0xb0, 0x0, 0x0, 0x0, 0x0, 0x0,
    0x0, 0x0, 0xd6, 0x0, 0xdf, 0xff, 0xff, 0xd0,
    0xa, 0xbb, 0xdc, 0xb9, 0x0, 0x1f, 0x0, 0x0,
    0x3, 0x96, 0x37, 0x93, 0x0, 0x3d, 0x0, 0x0,
    0x0, 0x99, 0x9, 0x70, 0x49, 0xbd, 0x99, 0x20,
    0x0, 0x4a, 0xe, 0x10, 0x7c, 0x77, 0x7d, 0x40,
    0x9, 0xee, 0xef, 0xec, 0x79, 0x7, 0xb, 0x40,
    0x9, 0x60, 0x7, 0x80, 0x79, 0xf, 0xb, 0x40,
    0x9, 0x61, 0x9d, 0x10, 0x79, 0xf, 0xb, 0x40,
    0xa, 0x8e, 0x82, 0xd2, 0x79, 0x1f, 0xb, 0x40,
    0xa, 0x50, 0x5e, 0x70, 0x79, 0x3e, 0xb, 0x40,
    0xc, 0x6d, 0xc3, 0x49, 0x34, 0x8a, 0x15, 0x20,
    0xe, 0x32, 0x6, 0xe3, 0x2, 0xf4, 0xd7, 0x0,
    0x2f, 0x4, 0xcd, 0x20, 0x5e, 0x70, 0x1d, 0x90,
    0x39, 0x4c, 0x60, 0x9, 0xe5, 0x0, 0x2, 0xb0,
    0x0, 0x0, 0x0, 0x0, 0x0, 0x0, 0x0, 0x0,

    /* U+98CE "风" */
    0x0, 0x4f, 0xff, 0xff, 0xff, 0xff, 0xf0, 0x0,
    0x0, 0x4e, 0x0, 0x0, 0x0, 0x3, 0xf0, 0x0,
    0x0, 0x4e, 0x1, 0x0, 0x3, 0x52, 0xf0, 0x0,
    0x0, 0x4e, 0x2f, 0x20, 0x9, 0xa2, 0xf0, 0x0,
    0x0, 0x4e, 0xa, 0xd0, 0x1f, 0x42, 0xf0, 0x0,
    0x0, 0x4e, 0x0, 0xd9, 0x7d, 0x2, 0xf0, 0x0,
    0x0, 0x4e, 0x0, 0x3f, 0xf5, 0x2, 0xf0, 0x0,
    0x0, 0x4d, 0x0, 0xb, 0xf1, 0x1, 0xf1, 0x0,
    0x0, 0x6c, 0x0, 0x3f, 0xea, 0x0, 0xf2, 0x0,
    0x0, 0x8a, 0x0, 0xe8, 0x3f, 0x50, 0xe4, 0x30,
    0x0, 0xb7, 0xb, 0xc0, 0x8, 0xe1, 0xb6, 0x97,
    0x1, 0xf2, 0xad, 0x10, 0x0, 0xd9, 0x8b, 0xb5,
    0x9, 0xc1, 0xc2, 0x0, 0x0, 0x44, 0x2f, 0xf1,
    0xd, 0x30, 0x0, 0x0, 0x0, 0x0, 0x9, 0xa0,
    0x0, 0x0, 0x0, 0x0, 0x0, 0x0, 0x0, 0x0,

    /* U+98DE "飞" */
    0xbf, 0xff, 0xff, 0xff, 0xf0, 0x0, 0x0, 0x0,
    0x0, 0x0, 0x0, 0x4f, 0x0, 0x33, 0x0, 0x0,
    0x0, 0x0, 0x3, 0xf0, 0xd, 0x90, 0x0, 0x0,
    0x0, 0x0, 0x3f, 0x9, 0xd0, 0x0, 0x0, 0x0,
    0x0, 0x2, 0xfd, 0xe1, 0x0, 0x0, 0x0, 0x0,
    0x0, 0x1f, 0xbe, 0x40, 0x0, 0x0, 0x0, 0x0,
    0x0, 0xf3, 0x7f, 0x70, 0x0, 0x0, 0x0, 0x0,
    0xe, 0x40, 0x6f, 0x50, 0x0, 0x0, 0x0, 0x0,
    0xc6, 0x0, 0x40, 0x0, 0x0, 0x0, 0x0, 0x9,
    0x90, 0x0, 0x90, 0x0, 0x0, 0x0, 0x0, 0x5e,
    0x0, 0x1f, 0x0, 0x0, 0x0, 0x0, 0x0, 0xf5,
    0x6, 0xc0, 0x0, 0x0, 0x0, 0x0, 0x7, 0xe7,
    0xe6, 0x0, 0x0, 0x0, 0x0, 0x0, 0x8, 0xeb,
    0x0,

    /* U+9988 "馈" */
    0x0, 0x1b, 0x0, 0x0, 0x1, 0xf0, 0x0, 0x0,
    0x0, 0x5b, 0x0, 0xf, 0xdd, 0xfd, 0xdf, 0x0,
    0x0, 0x9e, 0xdd, 0x3f, 0x1, 0xf0, 0xf, 0x0,
    0x0, 0xe3, 0x3e, 0x1f, 0xdd, 0xfd, 0xdf, 0x0,
    0x5, 0xb0, 0x79, 0x0, 0x1, 0xf0, 0x0, 0x0,
    0xd, 0x44, 0x94, 0xff, 0xff, 0xff, 0xff, 0xf2,
    0x28, 0x2e, 0x0, 0x0, 0x0, 0x0, 0x0, 0x0,
    0x0, 0x2e, 0x0, 0xf, 0xee, 0xee, 0xef, 0x0,
    0x0, 0x2e, 0x0, 0xf, 0x0, 0x50, 0xf, 0x0,
    0x0, 0x2e, 0x0, 0xf, 0x0, 0xf0, 0xf, 0x0,
    0x0, 0x2e, 0x8, 0x1f, 0x3, 0xe0, 0xf, 0x0,
    0x0, 0x2f, 0xbc, 0x1a, 0xb, 0x87, 0x37, 0x0,
    0x0, 0x4f, 0x90, 0x2, 0xbc, 0x6, 0xeb, 0x30,
    0x0, 0x25, 0x2, 0xde, 0x80, 0x0, 0x8, 0xd0,
    0x0, 0x0, 0x0, 0x30, 0x0, 0x0, 0x0, 0x0,

    /* U+9A76 "驶" */
    0x9, 0xff, 0xff, 0x60, 0x0, 0x4d, 0x0, 0x0,
    0x0, 0x0, 0xa, 0x50, 0x0, 0x4d, 0x0, 0x0,
    0x0, 0x10, 0xc, 0x31, 0x22, 0x6e, 0x22, 0x20,
    0x0, 0xb4, 0xe, 0x19, 0xed, 0xdf, 0xdd, 0xd0,
    0x0, 0xd2, 0xf, 0x9, 0x90, 0x4d, 0x3, 0xd0,
    0x0, 0xf0, 0x2e, 0x9, 0x90, 0x4d, 0x3, 0xd0,
    0x1, 0xe0, 0x4c, 0x9, 0xb5, 0x8d, 0x57, 0xd0,
    0x3, 0xff, 0xff, 0xd5, 0xaa, 0xbe, 0xaa, 0x80,
    0x0, 0x0, 0x3, 0xd2, 0xc1, 0x4c, 0x0, 0x0,
    0x0, 0x4, 0x84, 0xc0, 0x8c, 0x7b, 0x0, 0x0,
    0xd, 0xfd, 0x75, 0xc0, 0x8, 0xf8, 0x0, 0x0,
    0x4, 0x10, 0x6, 0xa0, 0x5, 0xfe, 0x80, 0x0,
    0x0, 0x2, 0x1a, 0x82, 0xae, 0x42, 0xbe, 0x92,
    0x0, 0xe, 0xfe, 0x5e, 0x91, 0x0, 0x4, 0xb3,
    0x0, 0x0, 0x0, 0x0, 0x0, 0x0, 0x0, 0x0,

    /* U+9A7E "驾" */
    0x0, 0x3, 0xe0, 0x0, 0x3f, 0xff, 0xff, 0x20,
    0xcf, 0xff, 0xff, 0xf3, 0xc0, 0x0, 0xf2, 0x0,
    0x7, 0xa0, 0x2e, 0x3c, 0x0, 0xf, 0x20, 0x2,
    0xf4, 0x6, 0xc3, 0xc1, 0x11, 0xf2, 0x7, 0xf8,
    0x3f, 0xf6, 0x3e, 0xee, 0xee, 0x10, 0xa6, 0x0,
    0x0, 0x0, 0x0, 0x0, 0x0, 0x0, 0x5e, 0xee,
    0xee, 0xee, 0xff, 0x0, 0x0, 0x0, 0x19, 0x0,
    0x0, 0x6, 0xb0, 0x0, 0x0, 0x6, 0xd1, 0x11,
    0x11, 0xb8, 0x11, 0x0, 0x0, 0x9d, 0xdd, 0xdd,
    0xdd, 0xde, 0xf1, 0x0, 0x0, 0x1, 0x11, 0x11,
    0x10, 0x4f, 0x0, 0xdf, 0xff, 0xff, 0xff, 0xff,
    0x16, 0xd0, 0x0, 0x0, 0x0, 0x0, 0x22, 0x12,
    0xc9, 0x0, 0x0, 0x0, 0x0, 0x5, 0xef, 0xfc,
    0x10,

    /* U+9A8C "验" */
    0xc, 0xff, 0xfe, 0x0, 0x9, 0xc2, 0x0, 0x0,
    0x0, 0x0, 0x2d, 0x0, 0x1c, 0x2a, 0x0, 0x0,
    0x0, 0xd0, 0x4b, 0x0, 0xa4, 0xa, 0x60, 0x0,
    0x2, 0xe0, 0x69, 0x5, 0xb0, 0x1, 0xe4, 0x0,
    0x3, 0xc0, 0x88, 0x3e, 0x43, 0x33, 0x6f, 0x50,
    0x5, 0xa0, 0xa7, 0xe4, 0xee, 0xee, 0xb6, 0xe1,
    0x7, 0x80, 0xc4, 0x10, 0x0, 0x0, 0x0, 0x10,
    0x8, 0xff, 0xff, 0x40, 0x7, 0x60, 0x6, 0x0,
    0x0, 0x0, 0xc, 0x4b, 0x35, 0xc0, 0x3d, 0x0,
    0x0, 0x4, 0x3c, 0x38, 0x90, 0xe1, 0x79, 0x0,
    0xb, 0xfc, 0x4d, 0x22, 0xe0, 0xa5, 0xb5, 0x0,
    0x6, 0x10, 0xf, 0x10, 0xd2, 0x1, 0xf1, 0x0,
    0x0, 0x0, 0x3f, 0x13, 0x33, 0x37, 0xc3, 0x20,
    0x0, 0x5f, 0xf8, 0x5d, 0xdd, 0xdd, 0xdd, 0xa0,

    /* U+9AD8 "高" */
    0x0, 0x0, 0x3, 0x80, 0x0, 0x0, 0x0, 0x0,
    0x0, 0x0, 0xd7, 0x0, 0x0, 0x0, 0xbc, 0xcc,
    0xcc, 0xed, 0xcc, 0xcc, 0xc8, 0x22, 0x22, 0x22,
    0x22, 0x22, 0x22, 0x21, 0x0, 0x4e, 0xee, 0xee,
    0xee, 0xe1, 0x0, 0x0, 0x5c, 0x0, 0x0, 0x0,
    0xf1, 0x0, 0x0, 0x5f, 0xdd, 0xdd, 0xdd, 0xf1,
    0x0, 0x0, 0x0, 0x0, 0x0, 0x0, 0x0, 0x0,
    0x5e, 0xee, 0xee, 0xee, 0xee, 0xee, 0xe1, 0x5c,
    0x11, 0x11, 0x11, 0x11, 0x11, 0xf1, 0x5c, 0x6,
    0xed, 0xdd, 0xdf, 0x10, 0xf1, 0x5c, 0x6, 0xa0,
    0x0, 0xf, 0x10, 0xf1, 0x5c, 0x6, 0xfd, 0xdd,
    0xdf, 0x10, 0xf1, 0x5c, 0x0, 0x0, 0x0, 0x1,
    0x12, 0xf1, 0x5c, 0x0, 0x0, 0x0, 0x6, 0xff,
    0xc0, 0x0, 0x0, 0x0, 0x0, 0x0, 0x0, 0x0,

    /* U+9E23 "鸣" */
    0x0, 0x0, 0x0, 0x0, 0x0, 0x0, 0x0, 0x0,
    0x0, 0x0, 0x0, 0x7c, 0x0, 0x0, 0x11, 0x11,
    0x10, 0x77, 0xda, 0x77, 0x60, 0xce, 0xee, 0xd0,
    0xf8, 0x88, 0x89, 0xd0, 0xc5, 0x4, 0xd0, 0xf1,
    0xc4, 0x2, 0xd0, 0xc5, 0x4, 0xd0, 0xf0, 0x2e,
    0x33, 0xc0, 0xc5, 0x4, 0xd0, 0xf0, 0x2, 0x7a,
    0xb0, 0xc5, 0x4, 0xd0, 0xf0, 0x0, 0x66, 0x20,
    0xc5, 0x4, 0xd0, 0xfd, 0xdd, 0xdd, 0xdb, 0xc5,
    0x4, 0xd0, 0x22, 0x22, 0x22, 0x5d, 0xcc, 0xac,
    0xd0, 0x0, 0x0, 0x0, 0x4c, 0xc9, 0x66, 0x58,
    0xff, 0xff, 0xf4, 0x5c, 0xa4, 0x0, 0x0, 0x11,
    0x11, 0x10, 0x6a, 0x0, 0x0, 0x0, 0x0, 0x1,
    0x10, 0xa8, 0x0, 0x0, 0x0, 0x0, 0x7, 0xef,
    0xd2,

    /* U+9EA6 "麦" */
    0x0, 0x0, 0x0, 0xa8, 0x0, 0x0, 0x0, 0x1,
    0xbb, 0xbb, 0xbe, 0xeb, 0xbb, 0xbb, 0x20, 0x3,
    0x33, 0x33, 0xba, 0x33, 0x33, 0x30, 0x0, 0x2,
    0x22, 0x2a, 0x92, 0x22, 0x20, 0x0, 0x3, 0xcc,
    0xcc, 0xee, 0xcc, 0xcc, 0x30, 0x0, 0x0, 0x0,
    0xa, 0x80, 0x0, 0x0, 0x0, 0xef, 0xff, 0xff,
    0xff, 0xff, 0xff, 0xfe, 0x0, 0x0, 0x3, 0xe3,
    0x0, 0x0, 0x0, 0x0, 0x0, 0x4, 0xef, 0xff,
    0xff, 0xf4, 0x0, 0x0, 0x19, 0xeb, 0xb0, 0x1,
    0xca, 0x0, 0x0, 0x4f, 0xa1, 0x8, 0xd6, 0xd9,
    0x0, 0x0, 0x0, 0x20, 0x0, 0x2c, 0xfe, 0x61,
    0x0, 0x0, 0x0, 0x36, 0xbf, 0x92, 0x7d, 0xfc,
    0x85, 0x6, 0xfe, 0xa6, 0x0, 0x0, 0x3, 0x7b,
    0x90, 0x1, 0x0, 0x0, 0x0, 0x0, 0x0, 0x0,
    0x0,

    /* U+9EC4 "黄" */
    0x0, 0x0, 0xe, 0x40, 0x5, 0xc0, 0x0, 0x0,
    0x1, 0xcc, 0xcf, 0xdc, 0xcd, 0xfc, 0xcc, 0x10,
    0x0, 0x22, 0x2e, 0x52, 0x27, 0xc2, 0x22, 0x0,
    0x0, 0x0, 0xe, 0x40, 0x5, 0xc0, 0x0, 0x0,
    0x3f, 0xff, 0xff, 0xff, 0xff, 0xff, 0xff, 0xf2,
    0x0, 0x0, 0x0, 0x9, 0x70, 0x0, 0x0, 0x0,
    0x0, 0x2f, 0xee, 0xef, 0xfe, 0xee, 0xf2, 0x0,
    0x0, 0x2f, 0x0, 0x9, 0x70, 0x0, 0xf2, 0x0,
    0x0, 0x2f, 0xdd, 0xdf, 0xed, 0xdd, 0xf2, 0x0,
    0x0, 0x2f, 0x0, 0x9, 0x70, 0x0, 0xf2, 0x0,
    0x0, 0x2f, 0xbb, 0xbe, 0xdb, 0xbb, 0xf2, 0x0,
    0x0, 0x2, 0x5c, 0x52, 0x27, 0xd8, 0x30, 0x0,
    0x1, 0x5b, 0xf7, 0x0, 0x0, 0x5b, 0xf9, 0x30,
    0x9, 0xc6, 0x10, 0x0, 0x0, 0x0, 0x2a, 0x60,
    0x0, 0x0, 0x0, 0x0, 0x0, 0x0, 0x0, 0x0,

    /* U+9ED8 "默" */
    0xa, 0xfe, 0xfe, 0xef, 0x10, 0xc5, 0xc0, 0x0,
    0xa, 0x61, 0xc3, 0x3e, 0x10, 0xc5, 0x97, 0x0,
    0xa, 0xb9, 0xc5, 0xbe, 0x10, 0xc5, 0x3c, 0x0,
    0xa, 0x8c, 0xc8, 0x8e, 0x21, 0xc6, 0x12, 0x10,
    0xa, 0x69, 0xc7, 0x3e, 0x7f, 0xff, 0xff, 0xa0,
    0xa, 0xdb, 0xec, 0xbf, 0x10, 0xd8, 0x0, 0x0,
    0x1, 0x22, 0xd5, 0x22, 0x0, 0xeb, 0x0, 0x0,
    0x8, 0xee, 0xfe, 0xee, 0x10, 0xee, 0x0, 0x0,
    0x0, 0x0, 0xd3, 0x12, 0x22, 0xca, 0x50, 0x0,
    0x2c, 0xde, 0xed, 0xca, 0x56, 0x95, 0xc0, 0x0,
    0x5, 0x44, 0x17, 0x3a, 0xc, 0x50, 0xe5, 0x0,
    0x8, 0x7a, 0x4c, 0x2c, 0x7e, 0x0, 0x6e, 0x10,
    0xe, 0x39, 0x69, 0x63, 0xd7, 0x0, 0xc, 0xc0,
    0x1c, 0x6, 0x42, 0x11, 0xb0, 0x0, 0x1, 0x60,
    0x0, 0x0, 0x0, 0x0, 0x0, 0x0, 0x0, 0x0,

    /* U+9F50 "齐" */
    0x0, 0x0, 0x0, 0x3, 0x0, 0x0, 0x0, 0x0,
    0x0, 0x0, 0x0, 0x1e, 0x50, 0x0, 0x0, 0x0,
    0x2, 0x33, 0x33, 0x37, 0xe3, 0x33, 0x33, 0x20,
    0xc, 0xde, 0xfe, 0xdd, 0xdd, 0xef, 0xed, 0xc0,
    0x0, 0x0, 0xbb, 0x10, 0x1, 0xca, 0x0, 0x0,
    0x0, 0x0, 0x9, 0xe5, 0x2d, 0xa0, 0x0, 0x0,
    0x0, 0x0, 0x0, 0x5f, 0xfb, 0x0, 0x0, 0x0,
    0x0, 0x0, 0x27, 0xeb, 0x7e, 0xfa, 0x52, 0x0,
    0x17, 0x9d, 0xfb, 0x40, 0x0, 0x6b, 0xef, 0xe1,
    0xb, 0x95, 0x3f, 0x0, 0x0, 0xc7, 0x2, 0x40,
    0x0, 0x0, 0x3f, 0x0, 0x0, 0xc7, 0x0, 0x0,
    0x0, 0x0, 0x6c, 0x0, 0x0, 0xc7, 0x0, 0x0,
    0x0, 0x0, 0xd7, 0x0, 0x0, 0xc7, 0x0, 0x0,
    0x0, 0x1b, 0xd0, 0x0, 0x0, 0xc7, 0x0, 0x0,
    0x0, 0xcc, 0x20, 0x0, 0x0, 0xc7, 0x0, 0x0,
    0x0, 0x10, 0x0, 0x0, 0x0, 0x0, 0x0, 0x0
};


/*---------------------
 *  GLYPH DESCRIPTION
 *--------------------*/

static const lv_font_fmt_txt_glyph_dsc_t glyph_dsc[] = {
    {.bitmap_index = 0, .adv_w = 0, .box_w = 0, .box_h = 0, .ofs_x = 0, .ofs_y = 0} /* id = 0 reserved */,
    {.bitmap_index = 0, .adv_w = 256, .box_w = 5, .box_h = 6, .ofs_x = 0, .ofs_y = -2},
    {.bitmap_index = 15, .adv_w = 256, .box_w = 6, .box_h = 4, .ofs_x = 0, .ofs_y = -1},
    {.bitmap_index = 27, .adv_w = 256, .box_w = 14, .box_h = 3, .ofs_x = 1, .ofs_y = 5},
    {.bitmap_index = 48, .adv_w = 256, .box_w = 14, .box_h = 12, .ofs_x = 1, .ofs_y = 0},
    {.bitmap_index = 132, .adv_w = 256, .box_w = 15, .box_h = 14, .ofs_x = 0, .ofs_y = -1},
    {.bitmap_index = 237, .adv_w = 256, .box_w = 14, .box_h = 13, .ofs_x = 1, .ofs_y = -1},
    {.bitmap_index = 328, .adv_w = 256, .box_w = 15, .box_h = 13, .ofs_x = 1, .ofs_y = -1},
    {.bitmap_index = 426, .adv_w = 256, .box_w = 14, .box_h = 15, .ofs_x = 1, .ofs_y = -1},
    {.bitmap_index = 531, .adv_w = 256, .box_w = 16, .box_h = 14, .ofs_x = 0, .ofs_y = -1},
    {.bitmap_index = 643, .adv_w = 256, .box_w = 16, .box_h = 14, .ofs_x = 0, .ofs_y = -1},
    {.bitmap_index = 755, .adv_w = 256, .box_w = 14, .box_h = 14, .ofs_x = 1, .ofs_y = -1},
    {.bitmap_index = 853, .adv_w = 256, .box_w = 14, .box_h = 14, .ofs_x = 1, .ofs_y = -1},
    {.bitmap_index = 951, .adv_w = 256, .box_w = 16, .box_h = 15, .ofs_x = 0, .ofs_y = -2},
    {.bitmap_index = 1071, .adv_w = 256, .box_w = 14, .box_h = 15, .ofs_x = 1, .ofs_y = -2},
    {.bitmap_index = 1176, .adv_w = 256, .box_w = 14, .box_h = 15, .ofs_x = 1, .ofs_y = -1},
    {.bitmap_index = 1281, .adv_w = 256, .box_w = 15, .box_h = 14, .ofs_x = 0, .ofs_y = -1},
    {.bitmap_index = 1386, .adv_w = 256, .box_w = 14, .box_h = 15, .ofs_x = 1, .ofs_y = -1},
    {.bitmap_index = 1491, .adv_w = 256, .box_w = 14, .box_h = 16, .ofs_x = 1, .ofs_y = -2},
    {.bitmap_index = 1603, .adv_w = 256, .box_w = 14, .box_h = 14, .ofs_x = 1, .ofs_y = -1},
    {.bitmap_index = 1701, .adv_w = 256, .box_w = 16, .box_h = 15, .ofs_x = 0, .ofs_y = -1},
    {.bitmap_index = 1821, .adv_w = 256, .box_w = 14, .box_h = 11, .ofs_x = 1, .ofs_y = 0},
    {.bitmap_index = 1898, .adv_w = 256, .box_w = 14, .box_h = 13, .ofs_x = 1, .ofs_y = -1},
    {.bitmap_index = 1989, .adv_w = 256, .box_w = 15, .box_h = 15, .ofs_x = 0, .ofs_y = -1},
    {.bitmap_index = 2102, .adv_w = 256, .box_w = 16, .box_h = 16, .ofs_x = 0, .ofs_y = -2},
    {.bitmap_index = 2230, .adv_w = 256, .box_w = 16, .box_h = 16, .ofs_x = 0, .ofs_y = -2},
    {.bitmap_index = 2358, .adv_w = 256, .box_w = 14, .box_h = 14, .ofs_x = 1, .ofs_y = -1},
    {.bitmap_index = 2456, .adv_w = 256, .box_w = 16, .box_h = 15, .ofs_x = 0, .ofs_y = -2},
    {.bitmap_index = 2576, .adv_w = 256, .box_w = 16, .box_h = 15, .ofs_x = 0, .ofs_y = -2},
    {.bitmap_index = 2696, .adv_w = 256, .box_w = 16, .box_h = 14, .ofs_x = 0, .ofs_y = -1},
    {.bitmap_index = 2808, .adv_w = 256, .box_w = 16, .box_h = 14, .ofs_x = 0, .ofs_y = -1},
    {.bitmap_index = 2920, .adv_w = 256, .box_w = 15, .box_h = 15, .ofs_x = 1, .ofs_y = -1},
    {.bitmap_index = 3033, .adv_w = 256, .box_w = 16, .box_h = 16, .ofs_x = 0, .ofs_y = -2},
    {.bitmap_index = 3161, .adv_w = 256, .box_w = 15, .box_h = 15, .ofs_x = 0, .ofs_y = -1},
    {.bitmap_index = 3274, .adv_w = 256, .box_w = 16, .box_h = 14, .ofs_x = 0, .ofs_y = -1},
    {.bitmap_index = 3386, .adv_w = 256, .box_w = 15, .box_h = 15, .ofs_x = 0, .ofs_y = -1},
    {.bitmap_index = 3499, .adv_w = 256, .box_w = 16, .box_h = 16, .ofs_x = 0, .ofs_y = -2},
    {.bitmap_index = 3627, .adv_w = 256, .box_w = 16, .box_h = 16, .ofs_x = 0, .ofs_y = -2},
    {.bitmap_index = 3755, .adv_w = 256, .box_w = 16, .box_h = 16, .ofs_x = 0, .ofs_y = -2},
    {.bitmap_index = 3883, .adv_w = 256, .box_w = 15, .box_h = 14, .ofs_x = 0, .ofs_y = -1},
    {.bitmap_index = 3988, .adv_w = 256, .box_w = 15, .box_h = 15, .ofs_x = 0, .ofs_y = -1},
    {.bitmap_index = 4101, .adv_w = 256, .box_w = 16, .box_h = 16, .ofs_x = 0, .ofs_y = -2},
    {.bitmap_index = 4229, .adv_w = 256, .box_w = 16, .box_h = 15, .ofs_x = 0, .ofs_y = -1},
    {.bitmap_index = 4349, .adv_w = 256, .box_w = 16, .box_h = 16, .ofs_x = 0, .ofs_y = -2},
    {.bitmap_index = 4477, .adv_w = 256, .box_w = 16, .box_h = 15, .ofs_x = 0, .ofs_y = -1},
    {.bitmap_index = 4597, .adv_w = 256, .box_w = 15, .box_h = 15, .ofs_x = 0, .ofs_y = -1},
    {.bitmap_index = 4710, .adv_w = 256, .box_w = 16, .box_h = 16, .ofs_x = 0, .ofs_y = -2},
    {.bitmap_index = 4838, .adv_w = 256, .box_w = 15, .box_h = 16, .ofs_x = 0, .ofs_y = -2},
    {.bitmap_index = 4958, .adv_w = 256, .box_w = 15, .box_h = 15, .ofs_x = 0, .ofs_y = -1},
    {.bitmap_index = 5071, .adv_w = 256, .box_w = 15, .box_h = 16, .ofs_x = 0, .ofs_y = -2},
    {.bitmap_index = 5191, .adv_w = 256, .box_w = 16, .box_h = 16, .ofs_x = 0, .ofs_y = -2},
    {.bitmap_index = 5319, .adv_w = 256, .box_w = 16, .box_h = 16, .ofs_x = 0, .ofs_y = -2},
    {.bitmap_index = 5447, .adv_w = 256, .box_w = 16, .box_h = 15, .ofs_x = 0, .ofs_y = -1},
    {.bitmap_index = 5567, .adv_w = 256, .box_w = 15, .box_h = 15, .ofs_x = 0, .ofs_y = -1},
    {.bitmap_index = 5680, .adv_w = 256, .box_w = 16, .box_h = 16, .ofs_x = 0, .ofs_y = -2},
    {.bitmap_index = 5808, .adv_w = 256, .box_w = 15, .box_h = 15, .ofs_x = 0, .ofs_y = -1},
    {.bitmap_index = 5921, .adv_w = 256, .box_w = 15, .box_h = 15, .ofs_x = 0, .ofs_y = -1},
    {.bitmap_index = 6034, .adv_w = 256, .box_w = 16, .box_h = 15, .ofs_x = 0, .ofs_y = -1},
    {.bitmap_index = 6154, .adv_w = 256, .box_w = 16, .box_h = 15, .ofs_x = 0, .ofs_y = -1},
    {.bitmap_index = 6274, .adv_w = 256, .box_w = 15, .box_h = 15, .ofs_x = 0, .ofs_y = -1},
    {.bitmap_index = 6387, .adv_w = 256, .box_w = 16, .box_h = 16, .ofs_x = 0, .ofs_y = -2},
    {.bitmap_index = 6515, .adv_w = 256, .box_w = 15, .box_h = 15, .ofs_x = 0, .ofs_y = -1},
    {.bitmap_index = 6628, .adv_w = 256, .box_w = 16, .box_h = 14, .ofs_x = 0, .ofs_y = -1},
    {.bitmap_index = 6740, .adv_w = 256, .box_w = 16, .box_h = 17, .ofs_x = 0, .ofs_y = -2},
    {.bitmap_index = 6876, .adv_w = 256, .box_w = 15, .box_h = 14, .ofs_x = 0, .ofs_y = -1},
    {.bitmap_index = 6981, .adv_w = 256, .box_w = 15, .box_h = 15, .ofs_x = 1, .ofs_y = -2},
    {.bitmap_index = 7094, .adv_w = 256, .box_w = 15, .box_h = 16, .ofs_x = 1, .ofs_y = -2},
    {.bitmap_index = 7214, .adv_w = 256, .box_w = 15, .box_h = 15, .ofs_x = 1, .ofs_y = -2},
    {.bitmap_index = 7327, .adv_w = 256, .box_w = 14, .box_h = 15, .ofs_x = 1, .ofs_y = -2},
    {.bitmap_index = 7432, .adv_w = 256, .box_w = 15, .box_h = 14, .ofs_x = 1, .ofs_y = -1},
    {.bitmap_index = 7537, .adv_w = 256, .box_w = 15, .box_h = 14, .ofs_x = 1, .ofs_y = -1},
    {.bitmap_index = 7642, .adv_w = 256, .box_w = 15, .box_h = 14, .ofs_x = 1, .ofs_y = -1},
    {.bitmap_index = 7747, .adv_w = 256, .box_w = 14, .box_h = 15, .ofs_x = 1, .ofs_y = -1},
    {.bitmap_index = 7852, .adv_w = 256, .box_w = 15, .box_h = 16, .ofs_x = 1, .ofs_y = -2},
    {.bitmap_index = 7972, .adv_w = 256, .box_w = 14, .box_h = 14, .ofs_x = 1, .ofs_y = -1},
    {.bitmap_index = 8070, .adv_w = 256, .box_w = 16, .box_h = 14, .ofs_x = 0, .ofs_y = -1},
    {.bitmap_index = 8182, .adv_w = 256, .box_w = 16, .box_h = 15, .ofs_x = 0, .ofs_y = -2},
    {.bitmap_index = 8302, .adv_w = 256, .box_w = 15, .box_h = 15, .ofs_x = 0, .ofs_y = -1},
    {.bitmap_index = 8415, .adv_w = 256, .box_w = 13, .box_h = 14, .ofs_x = 1, .ofs_y = -1},
    {.bitmap_index = 8506, .adv_w = 256, .box_w = 16, .box_h = 15, .ofs_x = 0, .ofs_y = -2},
    {.bitmap_index = 8626, .adv_w = 256, .box_w = 14, .box_h = 14, .ofs_x = 1, .ofs_y = -1},
    {.bitmap_index = 8724, .adv_w = 256, .box_w = 15, .box_h = 14, .ofs_x = 0, .ofs_y = -1},
    {.bitmap_index = 8829, .adv_w = 256, .box_w = 16, .box_h = 15, .ofs_x = 0, .ofs_y = -1},
    {.bitmap_index = 8949, .adv_w = 256, .box_w = 15, .box_h = 15, .ofs_x = 1, .ofs_y = -2},
    {.bitmap_index = 9062, .adv_w = 256, .box_w = 16, .box_h = 13, .ofs_x = 0, .ofs_y = -1},
    {.bitmap_index = 9166, .adv_w = 256, .box_w = 13, .box_h = 14, .ofs_x = 1, .ofs_y = -1},
    {.bitmap_index = 9257, .adv_w = 256, .box_w = 14, .box_h = 14, .ofs_x = 1, .ofs_y = -1},
    {.bitmap_index = 9355, .adv_w = 256, .box_w = 14, .box_h = 14, .ofs_x = 1, .ofs_y = -1},
    {.bitmap_index = 9453, .adv_w = 256, .box_w = 16, .box_h = 15, .ofs_x = 0, .ofs_y = -2},
    {.bitmap_index = 9573, .adv_w = 256, .box_w = 15, .box_h = 15, .ofs_x = 0, .ofs_y = -2},
    {.bitmap_index = 9686, .adv_w = 256, .box_w = 15, .box_h = 15, .ofs_x = 0, .ofs_y = -2},
    {.bitmap_index = 9799, .adv_w = 256, .box_w = 15, .box_h = 15, .ofs_x = 0, .ofs_y = -1},
    {.bitmap_index = 9912, .adv_w = 256, .box_w = 15, .box_h = 15, .ofs_x = 0, .ofs_y = -2},
    {.bitmap_index = 10025, .adv_w = 256, .box_w = 15, .box_h = 15, .ofs_x = 0, .ofs_y = -2},
    {.bitmap_index = 10138, .adv_w = 256, .box_w = 15, .box_h = 15, .ofs_x = 0, .ofs_y = -1},
    {.bitmap_index = 10251, .adv_w = 256, .box_w = 14, .box_h = 16, .ofs_x = 1, .ofs_y = -2},
    {.bitmap_index = 10363, .adv_w = 256, .box_w = 15, .box_h = 14, .ofs_x = 0, .ofs_y = -1},
    {.bitmap_index = 10468, .adv_w = 256, .box_w = 15, .box_h = 14, .ofs_x = 0, .ofs_y = -1},
    {.bitmap_index = 10573, .adv_w = 256, .box_w = 15, .box_h = 15, .ofs_x = 0, .ofs_y = -2},
    {.bitmap_index = 10686, .adv_w = 256, .box_w = 15, .box_h = 15, .ofs_x = 0, .ofs_y = -1},
    {.bitmap_index = 10799, .adv_w = 256, .box_w = 16, .box_h = 15, .ofs_x = 0, .ofs_y = -1},
    {.bitmap_index = 10919, .adv_w = 256, .box_w = 15, .box_h = 15, .ofs_x = 0, .ofs_y = -2},
    {.bitmap_index = 11032, .adv_w = 256, .box_w = 15, .box_h = 15, .ofs_x = 0, .ofs_y = -2},
    {.bitmap_index = 11145, .adv_w = 256, .box_w = 15, .box_h = 15, .ofs_x = 0, .ofs_y = -2},
    {.bitmap_index = 11258, .adv_w = 256, .box_w = 14, .box_h = 15, .ofs_x = 1, .ofs_y = -2},
    {.bitmap_index = 11363, .adv_w = 256, .box_w = 15, .box_h = 15, .ofs_x = 0, .ofs_y = -2},
    {.bitmap_index = 11476, .adv_w = 256, .box_w = 14, .box_h = 15, .ofs_x = 1, .ofs_y = -1},
    {.bitmap_index = 11581, .adv_w = 256, .box_w = 15, .box_h = 15, .ofs_x = 0, .ofs_y = -1},
    {.bitmap_index = 11694, .adv_w = 256, .box_w = 15, .box_h = 15, .ofs_x = 1, .ofs_y = -1},
    {.bitmap_index = 11807, .adv_w = 256, .box_w = 15, .box_h = 13, .ofs_x = 1, .ofs_y = -1},
    {.bitmap_index = 11905, .adv_w = 256, .box_w = 13, .box_h = 14, .ofs_x = 2, .ofs_y = -1},
    {.bitmap_index = 11996, .adv_w = 256, .box_w = 15, .box_h = 15, .ofs_x = 0, .ofs_y = -2},
    {.bitmap_index = 12109, .adv_w = 256, .box_w = 14, .box_h = 14, .ofs_x = 1, .ofs_y = -1},
    {.bitmap_index = 12207, .adv_w = 256, .box_w = 16, .box_h = 15, .ofs_x = 0, .ofs_y = -2},
    {.bitmap_index = 12327, .adv_w = 256, .box_w = 16, .box_h = 14, .ofs_x = 0, .ofs_y = -1},
    {.bitmap_index = 12439, .adv_w = 256, .box_w = 14, .box_h = 14, .ofs_x = 1, .ofs_y = -1},
    {.bitmap_index = 12537, .adv_w = 256, .box_w = 14, .box_h = 12, .ofs_x = 1, .ofs_y = 0},
    {.bitmap_index = 12621, .adv_w = 256, .box_w = 15, .box_h = 14, .ofs_x = 0, .ofs_y = -1},
    {.bitmap_index = 12726, .adv_w = 256, .box_w = 15, .box_h = 15, .ofs_x = 0, .ofs_y = -2},
    {.bitmap_index = 12839, .adv_w = 256, .box_w = 16, .box_h = 16, .ofs_x = 0, .ofs_y = -2},
    {.bitmap_index = 12967, .adv_w = 256, .box_w = 15, .box_h = 13, .ofs_x = 1, .ofs_y = -1},
    {.bitmap_index = 13065, .adv_w = 256, .box_w = 15, .box_h = 15, .ofs_x = 1, .ofs_y = -2},
    {.bitmap_index = 13178, .adv_w = 256, .box_w = 15, .box_h = 14, .ofs_x = 1, .ofs_y = -2},
    {.bitmap_index = 13283, .adv_w = 256, .box_w = 14, .box_h = 15, .ofs_x = 1, .ofs_y = -2},
    {.bitmap_index = 13388, .adv_w = 256, .box_w = 16, .box_h = 16, .ofs_x = 0, .ofs_y = -2},
    {.bitmap_index = 13516, .adv_w = 256, .box_w = 16, .box_h = 15, .ofs_x = 0, .ofs_y = -2},
    {.bitmap_index = 13636, .adv_w = 256, .box_w = 15, .box_h = 16, .ofs_x = 1, .ofs_y = -2},
    {.bitmap_index = 13756, .adv_w = 256, .box_w = 16, .box_h = 14, .ofs_x = 0, .ofs_y = -1},
    {.bitmap_index = 13868, .adv_w = 256, .box_w = 12, .box_h = 13, .ofs_x = 2, .ofs_y = -1},
    {.bitmap_index = 13946, .adv_w = 256, .box_w = 13, .box_h = 15, .ofs_x = 1, .ofs_y = -2},
    {.bitmap_index = 14044, .adv_w = 256, .box_w = 14, .box_h = 14, .ofs_x = 1, .ofs_y = -1},
    {.bitmap_index = 14142, .adv_w = 256, .box_w = 14, .box_h = 13, .ofs_x = 1, .ofs_y = -1},
    {.bitmap_index = 14233, .adv_w = 256, .box_w = 14, .box_h = 15, .ofs_x = 1, .ofs_y = -1},
    {.bitmap_index = 14338, .adv_w = 256, .box_w = 14, .box_h = 14, .ofs_x = 1, .ofs_y = -1},
    {.bitmap_index = 14436, .adv_w = 256, .box_w = 15, .box_h = 14, .ofs_x = 1, .ofs_y = -1},
    {.bitmap_index = 14541, .adv_w = 256, .box_w = 16, .box_h = 14, .ofs_x = 0, .ofs_y = -1},
    {.bitmap_index = 14653, .adv_w = 256, .box_w = 14, .box_h = 14, .ofs_x = 1, .ofs_y = -1},
    {.bitmap_index = 14751, .adv_w = 256, .box_w = 13, .box_h = 15, .ofs_x = 1, .ofs_y = -1},
    {.bitmap_index = 14849, .adv_w = 256, .box_w = 15, .box_h = 15, .ofs_x = 1, .ofs_y = -2},
    {.bitmap_index = 14962, .adv_w = 256, .box_w = 14, .box_h = 15, .ofs_x = 1, .ofs_y = -1},
    {.bitmap_index = 15067, .adv_w = 256, .box_w = 14, .box_h = 14, .ofs_x = 1, .ofs_y = -1},
    {.bitmap_index = 15165, .adv_w = 256, .box_w = 16, .box_h = 14, .ofs_x = 0, .ofs_y = -1},
    {.bitmap_index = 15277, .adv_w = 256, .box_w = 16, .box_h = 14, .ofs_x = 0, .ofs_y = -1},
    {.bitmap_index = 15389, .adv_w = 256, .box_w = 15, .box_h = 15, .ofs_x = 0, .ofs_y = -1},
    {.bitmap_index = 15502, .adv_w = 256, .box_w = 14, .box_h = 14, .ofs_x = 1, .ofs_y = -1},
    {.bitmap_index = 15600, .adv_w = 256, .box_w = 14, .box_h = 15, .ofs_x = 0, .ofs_y = -2},
    {.bitmap_index = 15705, .adv_w = 256, .box_w = 16, .box_h = 14, .ofs_x = 0, .ofs_y = -1},
    {.bitmap_index = 15817, .adv_w = 256, .box_w = 15, .box_h = 14, .ofs_x = 0, .ofs_y = -1},
    {.bitmap_index = 15922, .adv_w = 256, .box_w = 14, .box_h = 14, .ofs_x = 1, .ofs_y = -1},
    {.bitmap_index = 16020, .adv_w = 256, .box_w = 16, .box_h = 14, .ofs_x = 0, .ofs_y = -1},
    {.bitmap_index = 16132, .adv_w = 256, .box_w = 15, .box_h = 14, .ofs_x = 1, .ofs_y = -1},
    {.bitmap_index = 16237, .adv_w = 256, .box_w = 14, .box_h = 14, .ofs_x = 1, .ofs_y = -1},
    {.bitmap_index = 16335, .adv_w = 256, .box_w = 14, .box_h = 14, .ofs_x = 1, .ofs_y = -1},
    {.bitmap_index = 16433, .adv_w = 256, .box_w = 14, .box_h = 14, .ofs_x = 1, .ofs_y = -1},
    {.bitmap_index = 16531, .adv_w = 256, .box_w = 14, .box_h = 14, .ofs_x = 1, .ofs_y = -1},
    {.bitmap_index = 16629, .adv_w = 256, .box_w = 14, .box_h = 14, .ofs_x = 1, .ofs_y = -1},
    {.bitmap_index = 16727, .adv_w = 256, .box_w = 14, .box_h = 14, .ofs_x = 1, .ofs_y = -1},
    {.bitmap_index = 16825, .adv_w = 256, .box_w = 14, .box_h = 14, .ofs_x = 1, .ofs_y = -1},
    {.bitmap_index = 16923, .adv_w = 256, .box_w = 16, .box_h = 15, .ofs_x = 0, .ofs_y = -1},
    {.bitmap_index = 17043, .adv_w = 256, .box_w = 15, .box_h = 14, .ofs_x = 0, .ofs_y = -1},
    {.bitmap_index = 17148, .adv_w = 256, .box_w = 16, .box_h = 14, .ofs_x = 0, .ofs_y = -1},
    {.bitmap_index = 17260, .adv_w = 256, .box_w = 15, .box_h = 15, .ofs_x = 0, .ofs_y = -1},
    {.bitmap_index = 17373, .adv_w = 256, .box_w = 16, .box_h = 15, .ofs_x = 0, .ofs_y = -2},
    {.bitmap_index = 17493, .adv_w = 256, .box_w = 16, .box_h = 14, .ofs_x = 0, .ofs_y = -1},
    {.bitmap_index = 17605, .adv_w = 256, .box_w = 16, .box_h = 14, .ofs_x = 0, .ofs_y = -1},
    {.bitmap_index = 17717, .adv_w = 256, .box_w = 16, .box_h = 14, .ofs_x = 0, .ofs_y = -1},
    {.bitmap_index = 17829, .adv_w = 256, .box_w = 16, .box_h = 15, .ofs_x = 0, .ofs_y = -2},
    {.bitmap_index = 17949, .adv_w = 256, .box_w = 15, .box_h = 15, .ofs_x = 0, .ofs_y = -1},
    {.bitmap_index = 18062, .adv_w = 256, .box_w = 14, .box_h = 15, .ofs_x = 1, .ofs_y = -2},
    {.bitmap_index = 18167, .adv_w = 256, .box_w = 15, .box_h = 15, .ofs_x = 0, .ofs_y = -1},
    {.bitmap_index = 18280, .adv_w = 256, .box_w = 16, .box_h = 16, .ofs_x = 0, .ofs_y = -2},
    {.bitmap_index = 18408, .adv_w = 256, .box_w = 16, .box_h = 15, .ofs_x = 0, .ofs_y = -2},
    {.bitmap_index = 18528, .adv_w = 256, .box_w = 14, .box_h = 15, .ofs_x = 1, .ofs_y = -1},
    {.bitmap_index = 18633, .adv_w = 256, .box_w = 15, .box_h = 14, .ofs_x = 1, .ofs_y = -1},
    {.bitmap_index = 18738, .adv_w = 256, .box_w = 15, .box_h = 14, .ofs_x = 0, .ofs_y = -2},
    {.bitmap_index = 18843, .adv_w = 256, .box_w = 15, .box_h = 14, .ofs_x = 1, .ofs_y = -1},
    {.bitmap_index = 18948, .adv_w = 256, .box_w = 15, .box_h = 15, .ofs_x = 1, .ofs_y = -2},
    {.bitmap_index = 19061, .adv_w = 256, .box_w = 14, .box_h = 14, .ofs_x = 1, .ofs_y = -1},
    {.bitmap_index = 19159, .adv_w = 256, .box_w = 15, .box_h = 16, .ofs_x = 1, .ofs_y = -2},
    {.bitmap_index = 19279, .adv_w = 256, .box_w = 15, .box_h = 16, .ofs_x = 1, .ofs_y = -2},
    {.bitmap_index = 19399, .adv_w = 256, .box_w = 14, .box_h = 13, .ofs_x = 1, .ofs_y = -1},
    {.bitmap_index = 19490, .adv_w = 256, .box_w = 16, .box_h = 15, .ofs_x = 0, .ofs_y = -1},
    {.bitmap_index = 19610, .adv_w = 256, .box_w = 16, .box_h = 16, .ofs_x = 0, .ofs_y = -2},
    {.bitmap_index = 19738, .adv_w = 256, .box_w = 16, .box_h = 15, .ofs_x = 0, .ofs_y = -1},
    {.bitmap_index = 19858, .adv_w = 256, .box_w = 14, .box_h = 15, .ofs_x = 1, .ofs_y = -1},
    {.bitmap_index = 19963, .adv_w = 256, .box_w = 14, .box_h = 16, .ofs_x = 1, .ofs_y = -2},
    {.bitmap_index = 20075, .adv_w = 256, .box_w = 14, .box_h = 16, .ofs_x = 1, .ofs_y = -2},
    {.bitmap_index = 20187, .adv_w = 256, .box_w = 15, .box_h = 16, .ofs_x = 1, .ofs_y = -2},
    {.bitmap_index = 20307, .adv_w = 256, .box_w = 15, .box_h = 16, .ofs_x = 0, .ofs_y = -2},
    {.bitmap_index = 20427, .adv_w = 256, .box_w = 16, .box_h = 15, .ofs_x = 0, .ofs_y = -1},
    {.bitmap_index = 20547, .adv_w = 256, .box_w = 16, .box_h = 16, .ofs_x = 0, .ofs_y = -2},
    {.bitmap_index = 20675, .adv_w = 256, .box_w = 14, .box_h = 14, .ofs_x = 1, .ofs_y = -1},
    {.bitmap_index = 20773, .adv_w = 256, .box_w = 16, .box_h = 14, .ofs_x = 0, .ofs_y = -1},
    {.bitmap_index = 20885, .adv_w = 256, .box_w = 14, .box_h = 14, .ofs_x = 1, .ofs_y = -1},
    {.bitmap_index = 20983, .adv_w = 256, .box_w = 16, .box_h = 15, .ofs_x = 0, .ofs_y = -1},
    {.bitmap_index = 21103, .adv_w = 256, .box_w = 16, .box_h = 15, .ofs_x = 0, .ofs_y = -1},
    {.bitmap_index = 21223, .adv_w = 256, .box_w = 15, .box_h = 14, .ofs_x = 0, .ofs_y = -1},
    {.bitmap_index = 21328, .adv_w = 256, .box_w = 15, .box_h = 15, .ofs_x = 0, .ofs_y = -2},
    {.bitmap_index = 21441, .adv_w = 256, .box_w = 16, .box_h = 15, .ofs_x = 0, .ofs_y = -2},
    {.bitmap_index = 21561, .adv_w = 256, .box_w = 15, .box_h = 15, .ofs_x = 1, .ofs_y = -2},
    {.bitmap_index = 21674, .adv_w = 256, .box_w = 15, .box_h = 15, .ofs_x = 0, .ofs_y = -2},
    {.bitmap_index = 21787, .adv_w = 256, .box_w = 15, .box_h = 15, .ofs_x = 0, .ofs_y = -2},
    {.bitmap_index = 21900, .adv_w = 256, .box_w = 15, .box_h = 15, .ofs_x = 1, .ofs_y = -1},
    {.bitmap_index = 22013, .adv_w = 256, .box_w = 14, .box_h = 12, .ofs_x = 1, .ofs_y = 0},
    {.bitmap_index = 22097, .adv_w = 256, .box_w = 15, .box_h = 15, .ofs_x = 0, .ofs_y = -1},
    {.bitmap_index = 22210, .adv_w = 256, .box_w = 15, .box_h = 15, .ofs_x = 0, .ofs_y = -1},
    {.bitmap_index = 22323, .adv_w = 256, .box_w = 14, .box_h = 13, .ofs_x = 2, .ofs_y = -1},
    {.bitmap_index = 22414, .adv_w = 256, .box_w = 15, .box_h = 15, .ofs_x = 0, .ofs_y = -1},
    {.bitmap_index = 22527, .adv_w = 256, .box_w = 16, .box_h = 15, .ofs_x = 0, .ofs_y = -1},
    {.bitmap_index = 22647, .adv_w = 256, .box_w = 14, .box_h = 14, .ofs_x = 1, .ofs_y = -1},
    {.bitmap_index = 22745, .adv_w = 256, .box_w = 15, .box_h = 15, .ofs_x = 1, .ofs_y = -2},
    {.bitmap_index = 22858, .adv_w = 256, .box_w = 14, .box_h = 14, .ofs_x = 1, .ofs_y = -1},
    {.bitmap_index = 22956, .adv_w = 256, .box_w = 14, .box_h = 14, .ofs_x = 1, .ofs_y = -1},
    {.bitmap_index = 23054, .adv_w = 256, .box_w = 15, .box_h = 14, .ofs_x = 1, .ofs_y = -1},
    {.bitmap_index = 23159, .adv_w = 256, .box_w = 16, .box_h = 14, .ofs_x = 0, .ofs_y = -1},
    {.bitmap_index = 23271, .adv_w = 256, .box_w = 16, .box_h = 14, .ofs_x = 0, .ofs_y = -1},
    {.bitmap_index = 23383, .adv_w = 256, .box_w = 14, .box_h = 16, .ofs_x = 1, .ofs_y = -2},
    {.bitmap_index = 23495, .adv_w = 256, .box_w = 16, .box_h = 15, .ofs_x = 0, .ofs_y = -1},
    {.bitmap_index = 23615, .adv_w = 256, .box_w = 15, .box_h = 15, .ofs_x = 0, .ofs_y = -1},
    {.bitmap_index = 23728, .adv_w = 256, .box_w = 15, .box_h = 16, .ofs_x = 0, .ofs_y = -2},
    {.bitmap_index = 23848, .adv_w = 256, .box_w = 15, .box_h = 16, .ofs_x = 1, .ofs_y = -2},
    {.bitmap_index = 23968, .adv_w = 256, .box_w = 16, .box_h = 15, .ofs_x = 0, .ofs_y = -2},
    {.bitmap_index = 24088, .adv_w = 256, .box_w = 14, .box_h = 15, .ofs_x = 1, .ofs_y = -2},
    {.bitmap_index = 24193, .adv_w = 256, .box_w = 16, .box_h = 15, .ofs_x = 0, .ofs_y = -2},
    {.bitmap_index = 24313, .adv_w = 256, .box_w = 15, .box_h = 14, .ofs_x = 1, .ofs_y = -1},
    {.bitmap_index = 24418, .adv_w = 256, .box_w = 13, .box_h = 14, .ofs_x = 1, .ofs_y = -1},
    {.bitmap_index = 24509, .adv_w = 256, .box_w = 14, .box_h = 14, .ofs_x = 1, .ofs_y = -1},
    {.bitmap_index = 24607, .adv_w = 256, .box_w = 15, .box_h = 16, .ofs_x = 0, .ofs_y = -2},
    {.bitmap_index = 24727, .adv_w = 256, .box_w = 15, .box_h = 15, .ofs_x = 0, .ofs_y = -2},
    {.bitmap_index = 24840, .adv_w = 256, .box_w = 14, .box_h = 15, .ofs_x = 1, .ofs_y = -2},
    {.bitmap_index = 24945, .adv_w = 256, .box_w = 13, .box_h = 14, .ofs_x = 1, .ofs_y = -1},
    {.bitmap_index = 25036, .adv_w = 256, .box_w = 14, .box_h = 14, .ofs_x = 1, .ofs_y = -1},
    {.bitmap_index = 25134, .adv_w = 256, .box_w = 16, .box_h = 16, .ofs_x = 0, .ofs_y = -2},
    {.bitmap_index = 25262, .adv_w = 256, .box_w = 16, .box_h = 15, .ofs_x = 0, .ofs_y = -2},
    {.bitmap_index = 25382, .adv_w = 256, .box_w = 16, .box_h = 14, .ofs_x = 0, .ofs_y = -1},
    {.bitmap_index = 25494, .adv_w = 256, .box_w = 16, .box_h = 15, .ofs_x = 0, .ofs_y = -2},
    {.bitmap_index = 25614, .adv_w = 256, .box_w = 15, .box_h = 16, .ofs_x = 0, .ofs_y = -2},
    {.bitmap_index = 25734, .adv_w = 256, .box_w = 16, .box_h = 16, .ofs_x = 0, .ofs_y = -2},
    {.bitmap_index = 25862, .adv_w = 256, .box_w = 16, .box_h = 16, .ofs_x = 0, .ofs_y = -2},
    {.bitmap_index = 25990, .adv_w = 256, .box_w = 16, .box_h = 16, .ofs_x = 0, .ofs_y = -2},
    {.bitmap_index = 26118, .adv_w = 256, .box_w = 16, .box_h = 14, .ofs_x = 0, .ofs_y = -1},
    {.bitmap_index = 26230, .adv_w = 256, .box_w = 15, .box_h = 15, .ofs_x = 1, .ofs_y = -2},
    {.bitmap_index = 26343, .adv_w = 256, .box_w = 15, .box_h = 14, .ofs_x = 1, .ofs_y = -1},
    {.bitmap_index = 26448, .adv_w = 256, .box_w = 16, .box_h = 15, .ofs_x = 0, .ofs_y = -2},
    {.bitmap_index = 26568, .adv_w = 256, .box_w = 16, .box_h = 15, .ofs_x = 0, .ofs_y = -1},
    {.bitmap_index = 26688, .adv_w = 256, .box_w = 16, .box_h = 15, .ofs_x = 0, .ofs_y = -1},
    {.bitmap_index = 26808, .adv_w = 256, .box_w = 15, .box_h = 15, .ofs_x = 0, .ofs_y = -1},
    {.bitmap_index = 26921, .adv_w = 256, .box_w = 16, .box_h = 15, .ofs_x = 0, .ofs_y = -1},
    {.bitmap_index = 27041, .adv_w = 256, .box_w = 15, .box_h = 15, .ofs_x = 1, .ofs_y = -1},
    {.bitmap_index = 27154, .adv_w = 256, .box_w = 16, .box_h = 16, .ofs_x = 0, .ofs_y = -2},
    {.bitmap_index = 27282, .adv_w = 256, .box_w = 15, .box_h = 15, .ofs_x = 0, .ofs_y = -1},
    {.bitmap_index = 27395, .adv_w = 256, .box_w = 16, .box_h = 14, .ofs_x = 0, .ofs_y = -1},
    {.bitmap_index = 27507, .adv_w = 256, .box_w = 16, .box_h = 14, .ofs_x = 0, .ofs_y = -1},
    {.bitmap_index = 27619, .adv_w = 256, .box_w = 15, .box_h = 15, .ofs_x = 1, .ofs_y = -1},
    {.bitmap_index = 27732, .adv_w = 256, .box_w = 15, .box_h = 14, .ofs_x = 1, .ofs_y = -1},
    {.bitmap_index = 27837, .adv_w = 256, .box_w = 16, .box_h = 15, .ofs_x = 0, .ofs_y = -2},
    {.bitmap_index = 27957, .adv_w = 256, .box_w = 15, .box_h = 15, .ofs_x = 1, .ofs_y = -2},
    {.bitmap_index = 28070, .adv_w = 256, .box_w = 16, .box_h = 15, .ofs_x = 0, .ofs_y = -2},
    {.bitmap_index = 28190, .adv_w = 256, .box_w = 15, .box_h = 15, .ofs_x = 1, .ofs_y = -2},
    {.bitmap_index = 28303, .adv_w = 256, .box_w = 16, .box_h = 15, .ofs_x = 0, .ofs_y = -2},
    {.bitmap_index = 28423, .adv_w = 256, .box_w = 16, .box_h = 15, .ofs_x = 0, .ofs_y = -2},
    {.bitmap_index = 28543, .adv_w = 256, .box_w = 15, .box_h = 16, .ofs_x = 0, .ofs_y = -2},
    {.bitmap_index = 28663, .adv_w = 256, .box_w = 16, .box_h = 14, .ofs_x = 0, .ofs_y = -1},
    {.bitmap_index = 28775, .adv_w = 256, .box_w = 15, .box_h = 15, .ofs_x = 1, .ofs_y = -2},
    {.bitmap_index = 28888, .adv_w = 256, .box_w = 15, .box_h = 15, .ofs_x = 0, .ofs_y = -2},
    {.bitmap_index = 29001, .adv_w = 256, .box_w = 16, .box_h = 15, .ofs_x = 0, .ofs_y = -2},
    {.bitmap_index = 29121, .adv_w = 256, .box_w = 15, .box_h = 15, .ofs_x = 0, .ofs_y = -1},
    {.bitmap_index = 29234, .adv_w = 256, .box_w = 15, .box_h = 14, .ofs_x = 0, .ofs_y = -1},
    {.bitmap_index = 29339, .adv_w = 256, .box_w = 16, .box_h = 14, .ofs_x = 0, .ofs_y = -1},
    {.bitmap_index = 29451, .adv_w = 256, .box_w = 16, .box_h = 16, .ofs_x = 0, .ofs_y = -2},
    {.bitmap_index = 29579, .adv_w = 256, .box_w = 15, .box_h = 15, .ofs_x = 0, .ofs_y = -2},
    {.bitmap_index = 29692, .adv_w = 256, .box_w = 16, .box_h = 15, .ofs_x = 0, .ofs_y = -2},
    {.bitmap_index = 29812, .adv_w = 256, .box_w = 16, .box_h = 15, .ofs_x = 0, .ofs_y = -1},
    {.bitmap_index = 29932, .adv_w = 256, .box_w = 16, .box_h = 14, .ofs_x = 0, .ofs_y = -1},
    {.bitmap_index = 30044, .adv_w = 256, .box_w = 16, .box_h = 14, .ofs_x = 0, .ofs_y = -1},
    {.bitmap_index = 30156, .adv_w = 256, .box_w = 16, .box_h = 15, .ofs_x = 0, .ofs_y = -2},
    {.bitmap_index = 30276, .adv_w = 256, .box_w = 16, .box_h = 14, .ofs_x = 0, .ofs_y = -1},
    {.bitmap_index = 30388, .adv_w = 256, .box_w = 16, .box_h = 14, .ofs_x = 0, .ofs_y = -1},
    {.bitmap_index = 30500, .adv_w = 256, .box_w = 16, .box_h = 14, .ofs_x = 0, .ofs_y = -1},
    {.bitmap_index = 30612, .adv_w = 256, .box_w = 16, .box_h = 14, .ofs_x = 0, .ofs_y = -1},
    {.bitmap_index = 30724, .adv_w = 256, .box_w = 16, .box_h = 15, .ofs_x = 0, .ofs_y = -1},
    {.bitmap_index = 30844, .adv_w = 256, .box_w = 16, .box_h = 14, .ofs_x = 0, .ofs_y = -1},
    {.bitmap_index = 30956, .adv_w = 256, .box_w = 16, .box_h = 16, .ofs_x = 0, .ofs_y = -2},
    {.bitmap_index = 31084, .adv_w = 256, .box_w = 16, .box_h = 14, .ofs_x = 0, .ofs_y = -1},
    {.bitmap_index = 31196, .adv_w = 256, .box_w = 16, .box_h = 16, .ofs_x = 0, .ofs_y = -2},
    {.bitmap_index = 31324, .adv_w = 256, .box_w = 16, .box_h = 15, .ofs_x = 0, .ofs_y = -1},
    {.bitmap_index = 31444, .adv_w = 256, .box_w = 16, .box_h = 15, .ofs_x = 0, .ofs_y = -1},
    {.bitmap_index = 31564, .adv_w = 256, .box_w = 16, .box_h = 15, .ofs_x = 0, .ofs_y = -1},
    {.bitmap_index = 31684, .adv_w = 256, .box_w = 16, .box_h = 15, .ofs_x = 0, .ofs_y = -2},
    {.bitmap_index = 31804, .adv_w = 256, .box_w = 16, .box_h = 14, .ofs_x = 0, .ofs_y = -1},
    {.bitmap_index = 31916, .adv_w = 256, .box_w = 16, .box_h = 15, .ofs_x = 0, .ofs_y = -2},
    {.bitmap_index = 32036, .adv_w = 256, .box_w = 15, .box_h = 14, .ofs_x = 0, .ofs_y = -1},
    {.bitmap_index = 32141, .adv_w = 256, .box_w = 16, .box_h = 16, .ofs_x = 0, .ofs_y = -2},
    {.bitmap_index = 32269, .adv_w = 256, .box_w = 16, .box_h = 15, .ofs_x = 0, .ofs_y = -2},
    {.bitmap_index = 32389, .adv_w = 256, .box_w = 16, .box_h = 15, .ofs_x = 0, .ofs_y = -1},
    {.bitmap_index = 32509, .adv_w = 256, .box_w = 16, .box_h = 15, .ofs_x = 0, .ofs_y = -1},
    {.bitmap_index = 32629, .adv_w = 256, .box_w = 16, .box_h = 15, .ofs_x = 0, .ofs_y = -2},
    {.bitmap_index = 32749, .adv_w = 256, .box_w = 16, .box_h = 15, .ofs_x = 0, .ofs_y = -1},
    {.bitmap_index = 32869, .adv_w = 256, .box_w = 16, .box_h = 14, .ofs_x = 0, .ofs_y = -1},
    {.bitmap_index = 32981, .adv_w = 256, .box_w = 16, .box_h = 16, .ofs_x = 0, .ofs_y = -2},
    {.bitmap_index = 33109, .adv_w = 256, .box_w = 15, .box_h = 15, .ofs_x = 1, .ofs_y = -2},
    {.bitmap_index = 33222, .adv_w = 256, .box_w = 15, .box_h = 16, .ofs_x = 1, .ofs_y = -2},
    {.bitmap_index = 33342, .adv_w = 256, .box_w = 15, .box_h = 14, .ofs_x = 1, .ofs_y = -1},
    {.bitmap_index = 33447, .adv_w = 256, .box_w = 16, .box_h = 16, .ofs_x = 0, .ofs_y = -2},
    {.bitmap_index = 33575, .adv_w = 256, .box_w = 16, .box_h = 16, .ofs_x = 0, .ofs_y = -2},
    {.bitmap_index = 33703, .adv_w = 256, .box_w = 16, .box_h = 16, .ofs_x = 0, .ofs_y = -2},
    {.bitmap_index = 33831, .adv_w = 256, .box_w = 16, .box_h = 16, .ofs_x = 0, .ofs_y = -2},
    {.bitmap_index = 33959, .adv_w = 256, .box_w = 16, .box_h = 15, .ofs_x = 0, .ofs_y = -2},
    {.bitmap_index = 34079, .adv_w = 256, .box_w = 16, .box_h = 14, .ofs_x = 0, .ofs_y = -1},
    {.bitmap_index = 34191, .adv_w = 256, .box_w = 16, .box_h = 15, .ofs_x = 0, .ofs_y = -2},
    {.bitmap_index = 34311, .adv_w = 256, .box_w = 16, .box_h = 15, .ofs_x = 0, .ofs_y = -1},
    {.bitmap_index = 34431, .adv_w = 256, .box_w = 14, .box_h = 15, .ofs_x = 1, .ofs_y = -1},
    {.bitmap_index = 34536, .adv_w = 256, .box_w = 16, .box_h = 15, .ofs_x = 0, .ofs_y = -1},
    {.bitmap_index = 34656, .adv_w = 256, .box_w = 15, .box_h = 15, .ofs_x = 1, .ofs_y = -2},
    {.bitmap_index = 34769, .adv_w = 256, .box_w = 16, .box_h = 15, .ofs_x = 0, .ofs_y = -2},
    {.bitmap_index = 34889, .adv_w = 256, .box_w = 16, .box_h = 16, .ofs_x = 0, .ofs_y = -2},
    {.bitmap_index = 35017, .adv_w = 256, .box_w = 14, .box_h = 16, .ofs_x = 1, .ofs_y = -2},
    {.bitmap_index = 35129, .adv_w = 256, .box_w = 16, .box_h = 16, .ofs_x = 0, .ofs_y = -2},
    {.bitmap_index = 35257, .adv_w = 256, .box_w = 16, .box_h = 15, .ofs_x = 0, .ofs_y = -2},
    {.bitmap_index = 35377, .adv_w = 256, .box_w = 12, .box_h = 13, .ofs_x = 2, .ofs_y = -1},
    {.bitmap_index = 35455, .adv_w = 256, .box_w = 15, .box_h = 14, .ofs_x = 1, .ofs_y = -1},
    {.bitmap_index = 35560, .adv_w = 256, .box_w = 14, .box_h = 15, .ofs_x = 1, .ofs_y = -2},
    {.bitmap_index = 35665, .adv_w = 256, .box_w = 15, .box_h = 14, .ofs_x = 1, .ofs_y = -1},
    {.bitmap_index = 35770, .adv_w = 256, .box_w = 15, .box_h = 15, .ofs_x = 1, .ofs_y = -2},
    {.bitmap_index = 35883, .adv_w = 256, .box_w = 15, .box_h = 15, .ofs_x = 1, .ofs_y = -2},
    {.bitmap_index = 35996, .adv_w = 256, .box_w = 16, .box_h = 14, .ofs_x = 0, .ofs_y = -1},
    {.bitmap_index = 36108, .adv_w = 256, .box_w = 16, .box_h = 15, .ofs_x = 0, .ofs_y = -1},
    {.bitmap_index = 36228, .adv_w = 256, .box_w = 16, .box_h = 14, .ofs_x = 0, .ofs_y = -1},
    {.bitmap_index = 36340, .adv_w = 256, .box_w = 15, .box_h = 15, .ofs_x = 1, .ofs_y = -1},
    {.bitmap_index = 36453, .adv_w = 256, .box_w = 14, .box_h = 14, .ofs_x = 1, .ofs_y = -1},
    {.bitmap_index = 36551, .adv_w = 256, .box_w = 14, .box_h = 15, .ofs_x = 1, .ofs_y = -2},
    {.bitmap_index = 36656, .adv_w = 256, .box_w = 16, .box_h = 14, .ofs_x = 0, .ofs_y = -1},
    {.bitmap_index = 36768, .adv_w = 256, .box_w = 16, .box_h = 15, .ofs_x = 0, .ofs_y = -2},
    {.bitmap_index = 36888, .adv_w = 256, .box_w = 15, .box_h = 15, .ofs_x = 0, .ofs_y = -1},
    {.bitmap_index = 37001, .adv_w = 256, .box_w = 15, .box_h = 15, .ofs_x = 0, .ofs_y = -2},
    {.bitmap_index = 37114, .adv_w = 256, .box_w = 16, .box_h = 14, .ofs_x = 0, .ofs_y = -1},
    {.bitmap_index = 37226, .adv_w = 256, .box_w = 15, .box_h = 14, .ofs_x = 1, .ofs_y = -1},
    {.bitmap_index = 37331, .adv_w = 256, .box_w = 16, .box_h = 15, .ofs_x = 0, .ofs_y = -2},
    {.bitmap_index = 37451, .adv_w = 256, .box_w = 15, .box_h = 14, .ofs_x = 0, .ofs_y = -1},
    {.bitmap_index = 37556, .adv_w = 256, .box_w = 16, .box_h = 16, .ofs_x = 0, .ofs_y = -1},
    {.bitmap_index = 37684, .adv_w = 256, .box_w = 16, .box_h = 14, .ofs_x = 0, .ofs_y = -1},
    {.bitmap_index = 37796, .adv_w = 256, .box_w = 16, .box_h = 15, .ofs_x = 0, .ofs_y = -2},
    {.bitmap_index = 37916, .adv_w = 256, .box_w = 16, .box_h = 15, .ofs_x = 0, .ofs_y = -2},
    {.bitmap_index = 38036, .adv_w = 256, .box_w = 16, .box_h = 14, .ofs_x = 0, .ofs_y = -1},
    {.bitmap_index = 38148, .adv_w = 256, .box_w = 16, .box_h = 14, .ofs_x = 0, .ofs_y = -1},
    {.bitmap_index = 38260, .adv_w = 256, .box_w = 16, .box_h = 14, .ofs_x = 0, .ofs_y = -1},
    {.bitmap_index = 38372, .adv_w = 256, .box_w = 16, .box_h = 14, .ofs_x = 0, .ofs_y = -1},
    {.bitmap_index = 38484, .adv_w = 256, .box_w = 15, .box_h = 14, .ofs_x = 0, .ofs_y = -1},
    {.bitmap_index = 38589, .adv_w = 256, .box_w = 16, .box_h = 15, .ofs_x = 0, .ofs_y = -2},
    {.bitmap_index = 38709, .adv_w = 256, .box_w = 16, .box_h = 15, .ofs_x = 0, .ofs_y = -1},
    {.bitmap_index = 38829, .adv_w = 256, .box_w = 16, .box_h = 14, .ofs_x = 0, .ofs_y = -1},
    {.bitmap_index = 38941, .adv_w = 256, .box_w = 16, .box_h = 14, .ofs_x = 0, .ofs_y = -1},
    {.bitmap_index = 39053, .adv_w = 256, .box_w = 16, .box_h = 14, .ofs_x = 0, .ofs_y = -1},
    {.bitmap_index = 39165, .adv_w = 256, .box_w = 16, .box_h = 15, .ofs_x = 0, .ofs_y = -2},
    {.bitmap_index = 39285, .adv_w = 256, .box_w = 16, .box_h = 16, .ofs_x = 0, .ofs_y = -2},
    {.bitmap_index = 39413, .adv_w = 256, .box_w = 16, .box_h = 14, .ofs_x = 0, .ofs_y = -1},
    {.bitmap_index = 39525, .adv_w = 256, .box_w = 16, .box_h = 15, .ofs_x = 0, .ofs_y = -2},
    {.bitmap_index = 39645, .adv_w = 256, .box_w = 15, .box_h = 15, .ofs_x = 1, .ofs_y = -1},
    {.bitmap_index = 39758, .adv_w = 256, .box_w = 14, .box_h = 13, .ofs_x = 1, .ofs_y = 0},
    {.bitmap_index = 39849, .adv_w = 256, .box_w = 14, .box_h = 13, .ofs_x = 1, .ofs_y = -1},
    {.bitmap_index = 39940, .adv_w = 256, .box_w = 15, .box_h = 15, .ofs_x = 0, .ofs_y = -2},
    {.bitmap_index = 40053, .adv_w = 256, .box_w = 14, .box_h = 15, .ofs_x = 1, .ofs_y = -2},
    {.bitmap_index = 40158, .adv_w = 256, .box_w = 16, .box_h = 15, .ofs_x = 0, .ofs_y = -2},
    {.bitmap_index = 40278, .adv_w = 256, .box_w = 16, .box_h = 15, .ofs_x = 0, .ofs_y = -2},
    {.bitmap_index = 40398, .adv_w = 256, .box_w = 16, .box_h = 16, .ofs_x = 0, .ofs_y = -2},
    {.bitmap_index = 40526, .adv_w = 256, .box_w = 14, .box_h = 15, .ofs_x = 1, .ofs_y = -1},
    {.bitmap_index = 40631, .adv_w = 256, .box_w = 15, .box_h = 14, .ofs_x = 1, .ofs_y = -1},
    {.bitmap_index = 40736, .adv_w = 256, .box_w = 16, .box_h = 15, .ofs_x = 0, .ofs_y = -2},
    {.bitmap_index = 40856, .adv_w = 256, .box_w = 14, .box_h = 16, .ofs_x = 1, .ofs_y = -2},
    {.bitmap_index = 40968, .adv_w = 256, .box_w = 15, .box_h = 15, .ofs_x = 0, .ofs_y = -2},
    {.bitmap_index = 41081, .adv_w = 256, .box_w = 15, .box_h = 15, .ofs_x = 0, .ofs_y = -1},
    {.bitmap_index = 41194, .adv_w = 256, .box_w = 16, .box_h = 15, .ofs_x = 0, .ofs_y = -2},
    {.bitmap_index = 41314, .adv_w = 256, .box_w = 15, .box_h = 15, .ofs_x = 1, .ofs_y = -2},
    {.bitmap_index = 41427, .adv_w = 256, .box_w = 15, .box_h = 16, .ofs_x = 1, .ofs_y = -2},
    {.bitmap_index = 41547, .adv_w = 256, .box_w = 15, .box_h = 15, .ofs_x = 1, .ofs_y = -1},
    {.bitmap_index = 41660, .adv_w = 256, .box_w = 15, .box_h = 16, .ofs_x = 0, .ofs_y = -2},
    {.bitmap_index = 41780, .adv_w = 256, .box_w = 16, .box_h = 15, .ofs_x = 0, .ofs_y = -1},
    {.bitmap_index = 41900, .adv_w = 256, .box_w = 16, .box_h = 16, .ofs_x = 0, .ofs_y = -2},
    {.bitmap_index = 42028, .adv_w = 256, .box_w = 15, .box_h = 16, .ofs_x = 0, .ofs_y = -2},
    {.bitmap_index = 42148, .adv_w = 256, .box_w = 15, .box_h = 14, .ofs_x = 0, .ofs_y = -1},
    {.bitmap_index = 42253, .adv_w = 256, .box_w = 15, .box_h = 16, .ofs_x = 0, .ofs_y = -2},
    {.bitmap_index = 42373, .adv_w = 256, .box_w = 16, .box_h = 16, .ofs_x = 0, .ofs_y = -2},
    {.bitmap_index = 42501, .adv_w = 256, .box_w = 16, .box_h = 14, .ofs_x = 0, .ofs_y = -1},
    {.bitmap_index = 42613, .adv_w = 256, .box_w = 16, .box_h = 16, .ofs_x = 0, .ofs_y = -2},
    {.bitmap_index = 42741, .adv_w = 256, .box_w = 16, .box_h = 16, .ofs_x = 0, .ofs_y = -2},
    {.bitmap_index = 42869, .adv_w = 256, .box_w = 16, .box_h = 16, .ofs_x = 0, .ofs_y = -2},
    {.bitmap_index = 42997, .adv_w = 256, .box_w = 16, .box_h = 15, .ofs_x = 0, .ofs_y = -1},
    {.bitmap_index = 43117, .adv_w = 256, .box_w = 16, .box_h = 15, .ofs_x = 0, .ofs_y = -1},
    {.bitmap_index = 43237, .adv_w = 256, .box_w = 15, .box_h = 14, .ofs_x = 0, .ofs_y = -1},
    {.bitmap_index = 43342, .adv_w = 256, .box_w = 15, .box_h = 16, .ofs_x = 1, .ofs_y = -2},
    {.bitmap_index = 43462, .adv_w = 256, .box_w = 16, .box_h = 15, .ofs_x = 0, .ofs_y = -2},
    {.bitmap_index = 43582, .adv_w = 256, .box_w = 16, .box_h = 15, .ofs_x = 0, .ofs_y = -2},
    {.bitmap_index = 43702, .adv_w = 256, .box_w = 16, .box_h = 14, .ofs_x = 0, .ofs_y = -1},
    {.bitmap_index = 43814, .adv_w = 256, .box_w = 16, .box_h = 16, .ofs_x = 0, .ofs_y = -2},
    {.bitmap_index = 43942, .adv_w = 256, .box_w = 15, .box_h = 14, .ofs_x = 0, .ofs_y = -1},
    {.bitmap_index = 44047, .adv_w = 256, .box_w = 15, .box_h = 15, .ofs_x = 1, .ofs_y = -2},
    {.bitmap_index = 44160, .adv_w = 256, .box_w = 15, .box_h = 15, .ofs_x = 0, .ofs_y = -2},
    {.bitmap_index = 44273, .adv_w = 256, .box_w = 14, .box_h = 15, .ofs_x = 1, .ofs_y = -2},
    {.bitmap_index = 44378, .adv_w = 256, .box_w = 16, .box_h = 16, .ofs_x = 0, .ofs_y = -2},
    {.bitmap_index = 44506, .adv_w = 256, .box_w = 15, .box_h = 16, .ofs_x = 1, .ofs_y = -2},
    {.bitmap_index = 44626, .adv_w = 256, .box_w = 16, .box_h = 16, .ofs_x = 0, .ofs_y = -2},
    {.bitmap_index = 44754, .adv_w = 256, .box_w = 16, .box_h = 16, .ofs_x = 0, .ofs_y = -2},
    {.bitmap_index = 44882, .adv_w = 256, .box_w = 14, .box_h = 15, .ofs_x = 1, .ofs_y = -2},
    {.bitmap_index = 44987, .adv_w = 256, .box_w = 16, .box_h = 15, .ofs_x = 0, .ofs_y = -2},
    {.bitmap_index = 45107, .adv_w = 256, .box_w = 15, .box_h = 14, .ofs_x = 1, .ofs_y = -1},
    {.bitmap_index = 45212, .adv_w = 256, .box_w = 16, .box_h = 14, .ofs_x = 0, .ofs_y = -1},
    {.bitmap_index = 45324, .adv_w = 256, .box_w = 15, .box_h = 15, .ofs_x = 0, .ofs_y = -2},
    {.bitmap_index = 45437, .adv_w = 256, .box_w = 16, .box_h = 15, .ofs_x = 0, .ofs_y = -1},
    {.bitmap_index = 45557, .adv_w = 256, .box_w = 16, .box_h = 14, .ofs_x = 0, .ofs_y = -1},
    {.bitmap_index = 45669, .adv_w = 256, .box_w = 16, .box_h = 15, .ofs_x = 0, .ofs_y = -2},
    {.bitmap_index = 45789, .adv_w = 256, .box_w = 16, .box_h = 14, .ofs_x = 0, .ofs_y = -1},
    {.bitmap_index = 45901, .adv_w = 256, .box_w = 16, .box_h = 14, .ofs_x = 0, .ofs_y = -1},
    {.bitmap_index = 46013, .adv_w = 256, .box_w = 16, .box_h = 14, .ofs_x = 0, .ofs_y = -1},
    {.bitmap_index = 46125, .adv_w = 256, .box_w = 14, .box_h = 14, .ofs_x = 1, .ofs_y = -1},
    {.bitmap_index = 46223, .adv_w = 256, .box_w = 14, .box_h = 14, .ofs_x = 1, .ofs_y = -1},
    {.bitmap_index = 46321, .adv_w = 256, .box_w = 14, .box_h = 14, .ofs_x = 1, .ofs_y = -1},
    {.bitmap_index = 46419, .adv_w = 256, .box_w = 16, .box_h = 15, .ofs_x = 0, .ofs_y = -2},
    {.bitmap_index = 46539, .adv_w = 256, .box_w = 15, .box_h = 15, .ofs_x = 1, .ofs_y = -1},
    {.bitmap_index = 46652, .adv_w = 256, .box_w = 12, .box_h = 15, .ofs_x = 2, .ofs_y = -1},
    {.bitmap_index = 46742, .adv_w = 256, .box_w = 15, .box_h = 14, .ofs_x = 1, .ofs_y = -1},
    {.bitmap_index = 46847, .adv_w = 256, .box_w = 15, .box_h = 14, .ofs_x = 0, .ofs_y = -1},
    {.bitmap_index = 46952, .adv_w = 256, .box_w = 16, .box_h = 14, .ofs_x = 0, .ofs_y = -1},
    {.bitmap_index = 47064, .adv_w = 256, .box_w = 16, .box_h = 15, .ofs_x = 0, .ofs_y = -1},
    {.bitmap_index = 47184, .adv_w = 256, .box_w = 16, .box_h = 15, .ofs_x = 0, .ofs_y = -1},
    {.bitmap_index = 47304, .adv_w = 256, .box_w = 12, .box_h = 14, .ofs_x = 2, .ofs_y = -1},
    {.bitmap_index = 47388, .adv_w = 256, .box_w = 15, .box_h = 14, .ofs_x = 1, .ofs_y = -1},
    {.bitmap_index = 47493, .adv_w = 256, .box_w = 15, .box_h = 14, .ofs_x = 0, .ofs_y = -1},
    {.bitmap_index = 47598, .adv_w = 256, .box_w = 15, .box_h = 15, .ofs_x = 1, .ofs_y = -1},
    {.bitmap_index = 47711, .adv_w = 256, .box_w = 16, .box_h = 15, .ofs_x = 0, .ofs_y = -2},
    {.bitmap_index = 47831, .adv_w = 256, .box_w = 15, .box_h = 15, .ofs_x = 1, .ofs_y = -1},
    {.bitmap_index = 47944, .adv_w = 256, .box_w = 14, .box_h = 16, .ofs_x = 1, .ofs_y = -2},
    {.bitmap_index = 48056, .adv_w = 256, .box_w = 16, .box_h = 16, .ofs_x = 0, .ofs_y = -2},
    {.bitmap_index = 48184, .adv_w = 256, .box_w = 15, .box_h = 14, .ofs_x = 0, .ofs_y = -1},
    {.bitmap_index = 48289, .adv_w = 256, .box_w = 16, .box_h = 15, .ofs_x = 0, .ofs_y = -2},
    {.bitmap_index = 48409, .adv_w = 256, .box_w = 15, .box_h = 17, .ofs_x = 0, .ofs_y = -2},
    {.bitmap_index = 48537, .adv_w = 256, .box_w = 15, .box_h = 14, .ofs_x = 0, .ofs_y = -1},
    {.bitmap_index = 48642, .adv_w = 256, .box_w = 16, .box_h = 14, .ofs_x = 0, .ofs_y = -1},
    {.bitmap_index = 48754, .adv_w = 256, .box_w = 15, .box_h = 16, .ofs_x = 0, .ofs_y = -2},
    {.bitmap_index = 48874, .adv_w = 256, .box_w = 16, .box_h = 15, .ofs_x = 0, .ofs_y = -2},
    {.bitmap_index = 48994, .adv_w = 256, .box_w = 16, .box_h = 14, .ofs_x = 0, .ofs_y = -1},
    {.bitmap_index = 49106, .adv_w = 256, .box_w = 16, .box_h = 16, .ofs_x = 0, .ofs_y = -2},
    {.bitmap_index = 49234, .adv_w = 256, .box_w = 16, .box_h = 16, .ofs_x = 0, .ofs_y = -2},
    {.bitmap_index = 49362, .adv_w = 256, .box_w = 16, .box_h = 15, .ofs_x = 0, .ofs_y = -1},
    {.bitmap_index = 49482, .adv_w = 256, .box_w = 16, .box_h = 15, .ofs_x = 0, .ofs_y = -1},
    {.bitmap_index = 49602, .adv_w = 256, .box_w = 14, .box_h = 15, .ofs_x = 1, .ofs_y = -1},
    {.bitmap_index = 49707, .adv_w = 256, .box_w = 16, .box_h = 16, .ofs_x = 0, .ofs_y = -2},
    {.bitmap_index = 49835, .adv_w = 256, .box_w = 14, .box_h = 15, .ofs_x = 1, .ofs_y = -1},
    {.bitmap_index = 49940, .adv_w = 256, .box_w = 16, .box_h = 16, .ofs_x = 0, .ofs_y = -2},
    {.bitmap_index = 50068, .adv_w = 256, .box_w = 16, .box_h = 14, .ofs_x = 0, .ofs_y = -1},
    {.bitmap_index = 50180, .adv_w = 256, .box_w = 14, .box_h = 15, .ofs_x = 1, .ofs_y = -1},
    {.bitmap_index = 50285, .adv_w = 256, .box_w = 16, .box_h = 15, .ofs_x = 0, .ofs_y = -1},
    {.bitmap_index = 50405, .adv_w = 256, .box_w = 16, .box_h = 15, .ofs_x = 0, .ofs_y = -1},
    {.bitmap_index = 50525, .adv_w = 256, .box_w = 16, .box_h = 16, .ofs_x = 0, .ofs_y = -1},
    {.bitmap_index = 50653, .adv_w = 256, .box_w = 16, .box_h = 16, .ofs_x = 0, .ofs_y = -2},
    {.bitmap_index = 50781, .adv_w = 256, .box_w = 15, .box_h = 15, .ofs_x = 0, .ofs_y = -1},
    {.bitmap_index = 50894, .adv_w = 256, .box_w = 15, .box_h = 15, .ofs_x = 1, .ofs_y = -2},
    {.bitmap_index = 51007, .adv_w = 256, .box_w = 16, .box_h = 15, .ofs_x = 0, .ofs_y = -2},
    {.bitmap_index = 51127, .adv_w = 256, .box_w = 15, .box_h = 16, .ofs_x = 0, .ofs_y = -2},
    {.bitmap_index = 51247, .adv_w = 256, .box_w = 16, .box_h = 14, .ofs_x = 0, .ofs_y = -1},
    {.bitmap_index = 51359, .adv_w = 256, .box_w = 14, .box_h = 14, .ofs_x = 1, .ofs_y = -1},
    {.bitmap_index = 51457, .adv_w = 256, .box_w = 14, .box_h = 14, .ofs_x = 1, .ofs_y = -1},
    {.bitmap_index = 51555, .adv_w = 256, .box_w = 15, .box_h = 14, .ofs_x = 1, .ofs_y = -1},
    {.bitmap_index = 51660, .adv_w = 256, .box_w = 15, .box_h = 14, .ofs_x = 1, .ofs_y = -1},
    {.bitmap_index = 51765, .adv_w = 256, .box_w = 15, .box_h = 15, .ofs_x = 0, .ofs_y = -1},
    {.bitmap_index = 51878, .adv_w = 256, .box_w = 16, .box_h = 16, .ofs_x = 0, .ofs_y = -2},
    {.bitmap_index = 52006, .adv_w = 256, .box_w = 16, .box_h = 15, .ofs_x = 0, .ofs_y = -1},
    {.bitmap_index = 52126, .adv_w = 256, .box_w = 16, .box_h = 15, .ofs_x = 0, .ofs_y = -1},
    {.bitmap_index = 52246, .adv_w = 256, .box_w = 16, .box_h = 14, .ofs_x = 0, .ofs_y = -1},
    {.bitmap_index = 52358, .adv_w = 256, .box_w = 16, .box_h = 15, .ofs_x = 0, .ofs_y = -1},
    {.bitmap_index = 52478, .adv_w = 256, .box_w = 16, .box_h = 15, .ofs_x = 0, .ofs_y = -1},
    {.bitmap_index = 52598, .adv_w = 256, .box_w = 15, .box_h = 15, .ofs_x = 0, .ofs_y = -1},
    {.bitmap_index = 52711, .adv_w = 256, .box_w = 16, .box_h = 15, .ofs_x = 0, .ofs_y = -1},
    {.bitmap_index = 52831, .adv_w = 256, .box_w = 16, .box_h = 15, .ofs_x = 0, .ofs_y = -1},
    {.bitmap_index = 52951, .adv_w = 256, .box_w = 15, .box_h = 15, .ofs_x = 0, .ofs_y = -2},
    {.bitmap_index = 53064, .adv_w = 256, .box_w = 15, .box_h = 15, .ofs_x = 0, .ofs_y = -1},
    {.bitmap_index = 53177, .adv_w = 256, .box_w = 16, .box_h = 16, .ofs_x = 0, .ofs_y = -2},
    {.bitmap_index = 53305, .adv_w = 256, .box_w = 15, .box_h = 15, .ofs_x = 0, .ofs_y = -2},
    {.bitmap_index = 53418, .adv_w = 256, .box_w = 16, .box_h = 15, .ofs_x = 0, .ofs_y = -1},
    {.bitmap_index = 53538, .adv_w = 256, .box_w = 16, .box_h = 16, .ofs_x = 0, .ofs_y = -2},
    {.bitmap_index = 53666, .adv_w = 256, .box_w = 16, .box_h = 15, .ofs_x = 0, .ofs_y = -1},
    {.bitmap_index = 53786, .adv_w = 256, .box_w = 16, .box_h = 15, .ofs_x = 0, .ofs_y = -1},
    {.bitmap_index = 53906, .adv_w = 256, .box_w = 16, .box_h = 14, .ofs_x = 0, .ofs_y = -1},
    {.bitmap_index = 54018, .adv_w = 256, .box_w = 15, .box_h = 16, .ofs_x = 1, .ofs_y = -2},
    {.bitmap_index = 54138, .adv_w = 256, .box_w = 15, .box_h = 15, .ofs_x = 0, .ofs_y = -2},
    {.bitmap_index = 54251, .adv_w = 256, .box_w = 15, .box_h = 16, .ofs_x = 0, .ofs_y = -2},
    {.bitmap_index = 54371, .adv_w = 256, .box_w = 16, .box_h = 15, .ofs_x = 0, .ofs_y = -2},
    {.bitmap_index = 54491, .adv_w = 256, .box_w = 16, .box_h = 14, .ofs_x = 0, .ofs_y = -1},
    {.bitmap_index = 54603, .adv_w = 256, .box_w = 16, .box_h = 14, .ofs_x = 0, .ofs_y = -1},
    {.bitmap_index = 54715, .adv_w = 256, .box_w = 15, .box_h = 14, .ofs_x = 0, .ofs_y = -1},
    {.bitmap_index = 54820, .adv_w = 256, .box_w = 16, .box_h = 16, .ofs_x = 0, .ofs_y = -2},
    {.bitmap_index = 54948, .adv_w = 256, .box_w = 14, .box_h = 14, .ofs_x = 1, .ofs_y = -1},
    {.bitmap_index = 55046, .adv_w = 256, .box_w = 15, .box_h = 16, .ofs_x = 1, .ofs_y = -2},
    {.bitmap_index = 55166, .adv_w = 256, .box_w = 16, .box_h = 16, .ofs_x = 0, .ofs_y = -2},
    {.bitmap_index = 55294, .adv_w = 256, .box_w = 15, .box_h = 15, .ofs_x = 0, .ofs_y = -2},
    {.bitmap_index = 55407, .adv_w = 256, .box_w = 12, .box_h = 15, .ofs_x = 2, .ofs_y = -1},
    {.bitmap_index = 55497, .adv_w = 256, .box_w = 14, .box_h = 14, .ofs_x = 1, .ofs_y = -1},
    {.bitmap_index = 55595, .adv_w = 256, .box_w = 16, .box_h = 16, .ofs_x = 0, .ofs_y = -2},
    {.bitmap_index = 55723, .adv_w = 256, .box_w = 15, .box_h = 16, .ofs_x = 1, .ofs_y = -2},
    {.bitmap_index = 55843, .adv_w = 256, .box_w = 16, .box_h = 15, .ofs_x = 0, .ofs_y = -1},
    {.bitmap_index = 55963, .adv_w = 256, .box_w = 15, .box_h = 14, .ofs_x = 1, .ofs_y = -1},
    {.bitmap_index = 56068, .adv_w = 256, .box_w = 16, .box_h = 15, .ofs_x = 0, .ofs_y = -2},
    {.bitmap_index = 56188, .adv_w = 256, .box_w = 16, .box_h = 14, .ofs_x = 0, .ofs_y = -1},
    {.bitmap_index = 56300, .adv_w = 256, .box_w = 16, .box_h = 15, .ofs_x = 0, .ofs_y = -2},
    {.bitmap_index = 56420, .adv_w = 256, .box_w = 16, .box_h = 14, .ofs_x = 0, .ofs_y = -1},
    {.bitmap_index = 56532, .adv_w = 256, .box_w = 16, .box_h = 14, .ofs_x = 0, .ofs_y = -1},
    {.bitmap_index = 56644, .adv_w = 256, .box_w = 16, .box_h = 14, .ofs_x = 0, .ofs_y = -1},
    {.bitmap_index = 56756, .adv_w = 256, .box_w = 15, .box_h = 15, .ofs_x = 1, .ofs_y = -2},
    {.bitmap_index = 56869, .adv_w = 256, .box_w = 16, .box_h = 14, .ofs_x = 0, .ofs_y = -1},
    {.bitmap_index = 56981, .adv_w = 256, .box_w = 16, .box_h = 14, .ofs_x = 0, .ofs_y = -1},
    {.bitmap_index = 57093, .adv_w = 256, .box_w = 16, .box_h = 15, .ofs_x = 0, .ofs_y = -2},
    {.bitmap_index = 57213, .adv_w = 256, .box_w = 16, .box_h = 15, .ofs_x = 0, .ofs_y = -1},
    {.bitmap_index = 57333, .adv_w = 256, .box_w = 16, .box_h = 14, .ofs_x = 0, .ofs_y = -1},
    {.bitmap_index = 57445, .adv_w = 256, .box_w = 15, .box_h = 15, .ofs_x = 0, .ofs_y = -2},
    {.bitmap_index = 57558, .adv_w = 256, .box_w = 16, .box_h = 15, .ofs_x = 0, .ofs_y = -1},
    {.bitmap_index = 57678, .adv_w = 256, .box_w = 16, .box_h = 15, .ofs_x = 0, .ofs_y = -2},
    {.bitmap_index = 57798, .adv_w = 256, .box_w = 16, .box_h = 15, .ofs_x = 0, .ofs_y = -1},
    {.bitmap_index = 57918, .adv_w = 256, .box_w = 16, .box_h = 15, .ofs_x = 0, .ofs_y = -2},
    {.bitmap_index = 58038, .adv_w = 256, .box_w = 16, .box_h = 15, .ofs_x = 0, .ofs_y = -2},
    {.bitmap_index = 58158, .adv_w = 256, .box_w = 16, .box_h = 15, .ofs_x = 0, .ofs_y = -2},
    {.bitmap_index = 58278, .adv_w = 256, .box_w = 14, .box_h = 13, .ofs_x = 1, .ofs_y = -1},
    {.bitmap_index = 58369, .adv_w = 256, .box_w = 14, .box_h = 15, .ofs_x = 1, .ofs_y = -2},
    {.bitmap_index = 58474, .adv_w = 256, .box_w = 16, .box_h = 15, .ofs_x = 0, .ofs_y = -2},
    {.bitmap_index = 58594, .adv_w = 256, .box_w = 16, .box_h = 15, .ofs_x = 0, .ofs_y = -2},
    {.bitmap_index = 58714, .adv_w = 256, .box_w = 16, .box_h = 16, .ofs_x = 0, .ofs_y = -2},
    {.bitmap_index = 58842, .adv_w = 256, .box_w = 16, .box_h = 16, .ofs_x = 0, .ofs_y = -2},
    {.bitmap_index = 58970, .adv_w = 256, .box_w = 13, .box_h = 17, .ofs_x = 1, .ofs_y = -2},
    {.bitmap_index = 59081, .adv_w = 256, .box_w = 15, .box_h = 16, .ofs_x = 0, .ofs_y = -2},
    {.bitmap_index = 59201, .adv_w = 256, .box_w = 16, .box_h = 16, .ofs_x = 0, .ofs_y = -2},
    {.bitmap_index = 59329, .adv_w = 256, .box_w = 14, .box_h = 15, .ofs_x = 1, .ofs_y = -1},
    {.bitmap_index = 59434, .adv_w = 256, .box_w = 16, .box_h = 14, .ofs_x = 0, .ofs_y = -1},
    {.bitmap_index = 59546, .adv_w = 256, .box_w = 15, .box_h = 14, .ofs_x = 0, .ofs_y = -1},
    {.bitmap_index = 59651, .adv_w = 256, .box_w = 15, .box_h = 15, .ofs_x = 0, .ofs_y = -2},
    {.bitmap_index = 59764, .adv_w = 256, .box_w = 16, .box_h = 15, .ofs_x = 0, .ofs_y = -2},
    {.bitmap_index = 59884, .adv_w = 256, .box_w = 16, .box_h = 15, .ofs_x = 0, .ofs_y = -2},
    {.bitmap_index = 60004, .adv_w = 256, .box_w = 15, .box_h = 15, .ofs_x = 0, .ofs_y = -1},
    {.bitmap_index = 60117, .adv_w = 256, .box_w = 15, .box_h = 15, .ofs_x = 0, .ofs_y = -1},
    {.bitmap_index = 60230, .adv_w = 256, .box_w = 15, .box_h = 16, .ofs_x = 0, .ofs_y = -2},
    {.bitmap_index = 60350, .adv_w = 256, .box_w = 16, .box_h = 15, .ofs_x = 0, .ofs_y = -2},
    {.bitmap_index = 60470, .adv_w = 256, .box_w = 15, .box_h = 14, .ofs_x = 0, .ofs_y = -1},
    {.bitmap_index = 60575, .adv_w = 256, .box_w = 16, .box_h = 15, .ofs_x = 0, .ofs_y = -1},
    {.bitmap_index = 60695, .adv_w = 256, .box_w = 15, .box_h = 15, .ofs_x = 0, .ofs_y = -1},
    {.bitmap_index = 60808, .adv_w = 256, .box_w = 16, .box_h = 14, .ofs_x = 0, .ofs_y = -1},
    {.bitmap_index = 60920, .adv_w = 256, .box_w = 15, .box_h = 15, .ofs_x = 0, .ofs_y = -1},
    {.bitmap_index = 61033, .adv_w = 256, .box_w = 16, .box_h = 16, .ofs_x = 0, .ofs_y = -2},
    {.bitmap_index = 61161, .adv_w = 256, .box_w = 15, .box_h = 16, .ofs_x = 0, .ofs_y = -2},
    {.bitmap_index = 61281, .adv_w = 256, .box_w = 16, .box_h = 14, .ofs_x = 0, .ofs_y = -1},
    {.bitmap_index = 61393, .adv_w = 256, .box_w = 15, .box_h = 15, .ofs_x = 0, .ofs_y = -2},
    {.bitmap_index = 61506, .adv_w = 256, .box_w = 15, .box_h = 16, .ofs_x = 0, .ofs_y = -2},
    {.bitmap_index = 61626, .adv_w = 256, .box_w = 16, .box_h = 15, .ofs_x = 0, .ofs_y = -1},
    {.bitmap_index = 61746, .adv_w = 256, .box_w = 14, .box_h = 15, .ofs_x = 1, .ofs_y = -1},
    {.bitmap_index = 61851, .adv_w = 256, .box_w = 15, .box_h = 15, .ofs_x = 0, .ofs_y = -1},
    {.bitmap_index = 61964, .adv_w = 256, .box_w = 15, .box_h = 15, .ofs_x = 0, .ofs_y = -2},
    {.bitmap_index = 62077, .adv_w = 256, .box_w = 16, .box_h = 15, .ofs_x = 0, .ofs_y = -2},
    {.bitmap_index = 62197, .adv_w = 256, .box_w = 16, .box_h = 15, .ofs_x = 0, .ofs_y = -2},
    {.bitmap_index = 62317, .adv_w = 256, .box_w = 14, .box_h = 15, .ofs_x = 1, .ofs_y = -2},
    {.bitmap_index = 62422, .adv_w = 256, .box_w = 15, .box_h = 14, .ofs_x = 1, .ofs_y = -1},
    {.bitmap_index = 62527, .adv_w = 256, .box_w = 16, .box_h = 15, .ofs_x = 0, .ofs_y = -2},
    {.bitmap_index = 62647, .adv_w = 256, .box_w = 16, .box_h = 15, .ofs_x = 0, .ofs_y = -1},
    {.bitmap_index = 62767, .adv_w = 256, .box_w = 16, .box_h = 15, .ofs_x = 0, .ofs_y = -2},
    {.bitmap_index = 62887, .adv_w = 256, .box_w = 16, .box_h = 16, .ofs_x = 0, .ofs_y = -1},
    {.bitmap_index = 63015, .adv_w = 256, .box_w = 15, .box_h = 15, .ofs_x = 1, .ofs_y = -1},
    {.bitmap_index = 63128, .adv_w = 256, .box_w = 14, .box_h = 15, .ofs_x = 1, .ofs_y = -1},
    {.bitmap_index = 63233, .adv_w = 256, .box_w = 16, .box_h = 16, .ofs_x = 0, .ofs_y = -2},
    {.bitmap_index = 63361, .adv_w = 256, .box_w = 16, .box_h = 15, .ofs_x = 0, .ofs_y = -1},
    {.bitmap_index = 63481, .adv_w = 256, .box_w = 15, .box_h = 15, .ofs_x = 0, .ofs_y = -1},
    {.bitmap_index = 63594, .adv_w = 256, .box_w = 16, .box_h = 15, .ofs_x = 0, .ofs_y = -1},
    {.bitmap_index = 63714, .adv_w = 256, .box_w = 16, .box_h = 15, .ofs_x = 0, .ofs_y = -2},
    {.bitmap_index = 63834, .adv_w = 256, .box_w = 16, .box_h = 15, .ofs_x = 0, .ofs_y = -1},
    {.bitmap_index = 63954, .adv_w = 256, .box_w = 16, .box_h = 14, .ofs_x = 0, .ofs_y = -1},
    {.bitmap_index = 64066, .adv_w = 256, .box_w = 16, .box_h = 15, .ofs_x = 0, .ofs_y = -1},
    {.bitmap_index = 64186, .adv_w = 256, .box_w = 16, .box_h = 14, .ofs_x = 0, .ofs_y = -1},
    {.bitmap_index = 64298, .adv_w = 256, .box_w = 15, .box_h = 15, .ofs_x = 1, .ofs_y = -2},
    {.bitmap_index = 64411, .adv_w = 256, .box_w = 15, .box_h = 15, .ofs_x = 1, .ofs_y = -2},
    {.bitmap_index = 64524, .adv_w = 256, .box_w = 15, .box_h = 15, .ofs_x = 1, .ofs_y = -2},
    {.bitmap_index = 64637, .adv_w = 256, .box_w = 16, .box_h = 15, .ofs_x = 0, .ofs_y = -2},
    {.bitmap_index = 64757, .adv_w = 256, .box_w = 15, .box_h = 15, .ofs_x = 1, .ofs_y = -2},
    {.bitmap_index = 64870, .adv_w = 256, .box_w = 15, .box_h = 15, .ofs_x = 1, .ofs_y = -2},
    {.bitmap_index = 64983, .adv_w = 256, .box_w = 16, .box_h = 16, .ofs_x = 0, .ofs_y = -2},
    {.bitmap_index = 65111, .adv_w = 256, .box_w = 15, .box_h = 16, .ofs_x = 1, .ofs_y = -2},
    {.bitmap_index = 65231, .adv_w = 256, .box_w = 15, .box_h = 15, .ofs_x = 1, .ofs_y = -2},
    {.bitmap_index = 65344, .adv_w = 256, .box_w = 15, .box_h = 16, .ofs_x = 1, .ofs_y = -2},
    {.bitmap_index = 65464, .adv_w = 256, .box_w = 15, .box_h = 16, .ofs_x = 1, .ofs_y = -2},
    {.bitmap_index = 65584, .adv_w = 256, .box_w = 16, .box_h = 15, .ofs_x = 0, .ofs_y = -2},
    {.bitmap_index = 65704, .adv_w = 256, .box_w = 16, .box_h = 15, .ofs_x = 0, .ofs_y = -2},
    {.bitmap_index = 65824, .adv_w = 256, .box_w = 15, .box_h = 15, .ofs_x = 1, .ofs_y = -2},
    {.bitmap_index = 65937, .adv_w = 256, .box_w = 15, .box_h = 15, .ofs_x = 1, .ofs_y = -2},
    {.bitmap_index = 66050, .adv_w = 256, .box_w = 15, .box_h = 16, .ofs_x = 1, .ofs_y = -2},
    {.bitmap_index = 66170, .adv_w = 256, .box_w = 16, .box_h = 16, .ofs_x = 0, .ofs_y = -2},
    {.bitmap_index = 66298, .adv_w = 256, .box_w = 15, .box_h = 15, .ofs_x = 0, .ofs_y = -1},
    {.bitmap_index = 66411, .adv_w = 256, .box_w = 16, .box_h = 14, .ofs_x = 0, .ofs_y = -1},
    {.bitmap_index = 66523, .adv_w = 256, .box_w = 16, .box_h = 14, .ofs_x = 0, .ofs_y = -1},
    {.bitmap_index = 66635, .adv_w = 256, .box_w = 16, .box_h = 15, .ofs_x = 0, .ofs_y = -1},
    {.bitmap_index = 66755, .adv_w = 256, .box_w = 16, .box_h = 14, .ofs_x = 0, .ofs_y = -1},
    {.bitmap_index = 66867, .adv_w = 256, .box_w = 16, .box_h = 14, .ofs_x = 0, .ofs_y = -1},
    {.bitmap_index = 66979, .adv_w = 256, .box_w = 16, .box_h = 15, .ofs_x = 0, .ofs_y = -1},
    {.bitmap_index = 67099, .adv_w = 256, .box_w = 16, .box_h = 15, .ofs_x = 0, .ofs_y = -1},
    {.bitmap_index = 67219, .adv_w = 256, .box_w = 15, .box_h = 15, .ofs_x = 0, .ofs_y = -1},
    {.bitmap_index = 67332, .adv_w = 256, .box_w = 16, .box_h = 16, .ofs_x = 0, .ofs_y = -2},
    {.bitmap_index = 67460, .adv_w = 256, .box_w = 16, .box_h = 15, .ofs_x = 0, .ofs_y = -2},
    {.bitmap_index = 67580, .adv_w = 256, .box_w = 16, .box_h = 15, .ofs_x = 0, .ofs_y = -2},
    {.bitmap_index = 67700, .adv_w = 256, .box_w = 16, .box_h = 14, .ofs_x = 0, .ofs_y = -1},
    {.bitmap_index = 67812, .adv_w = 256, .box_w = 16, .box_h = 15, .ofs_x = 0, .ofs_y = -2},
    {.bitmap_index = 67932, .adv_w = 256, .box_w = 16, .box_h = 16, .ofs_x = 0, .ofs_y = -2},
    {.bitmap_index = 68060, .adv_w = 256, .box_w = 14, .box_h = 15, .ofs_x = 1, .ofs_y = -2},
    {.bitmap_index = 68165, .adv_w = 256, .box_w = 14, .box_h = 15, .ofs_x = 1, .ofs_y = -1},
    {.bitmap_index = 68270, .adv_w = 256, .box_w = 14, .box_h = 15, .ofs_x = 1, .ofs_y = -1},
    {.bitmap_index = 68375, .adv_w = 256, .box_w = 14, .box_h = 15, .ofs_x = 1, .ofs_y = -1},
    {.bitmap_index = 68480, .adv_w = 256, .box_w = 14, .box_h = 15, .ofs_x = 1, .ofs_y = -1},
    {.bitmap_index = 68585, .adv_w = 256, .box_w = 14, .box_h = 15, .ofs_x = 1, .ofs_y = -1},
    {.bitmap_index = 68690, .adv_w = 256, .box_w = 14, .box_h = 16, .ofs_x = 1, .ofs_y = -2},
    {.bitmap_index = 68802, .adv_w = 256, .box_w = 15, .box_h = 15, .ofs_x = 1, .ofs_y = -2},
    {.bitmap_index = 68915, .adv_w = 256, .box_w = 14, .box_h = 15, .ofs_x = 1, .ofs_y = -1},
    {.bitmap_index = 69020, .adv_w = 256, .box_w = 14, .box_h = 15, .ofs_x = 1, .ofs_y = -1},
    {.bitmap_index = 69125, .adv_w = 256, .box_w = 15, .box_h = 16, .ofs_x = 1, .ofs_y = -1},
    {.bitmap_index = 69245, .adv_w = 256, .box_w = 15, .box_h = 15, .ofs_x = 1, .ofs_y = -2},
    {.bitmap_index = 69358, .adv_w = 256, .box_w = 15, .box_h = 14, .ofs_x = 1, .ofs_y = -1},
    {.bitmap_index = 69463, .adv_w = 256, .box_w = 14, .box_h = 16, .ofs_x = 1, .ofs_y = -2},
    {.bitmap_index = 69575, .adv_w = 256, .box_w = 15, .box_h = 16, .ofs_x = 1, .ofs_y = -2},
    {.bitmap_index = 69695, .adv_w = 256, .box_w = 14, .box_h = 15, .ofs_x = 1, .ofs_y = -1},
    {.bitmap_index = 69800, .adv_w = 256, .box_w = 15, .box_h = 15, .ofs_x = 1, .ofs_y = -1},
    {.bitmap_index = 69913, .adv_w = 256, .box_w = 16, .box_h = 15, .ofs_x = 0, .ofs_y = -1},
    {.bitmap_index = 70033, .adv_w = 256, .box_w = 15, .box_h = 15, .ofs_x = 0, .ofs_y = -2},
    {.bitmap_index = 70146, .adv_w = 256, .box_w = 16, .box_h = 14, .ofs_x = 0, .ofs_y = -1},
    {.bitmap_index = 70258, .adv_w = 256, .box_w = 16, .box_h = 15, .ofs_x = 0, .ofs_y = -2},
    {.bitmap_index = 70378, .adv_w = 256, .box_w = 16, .box_h = 16, .ofs_x = 0, .ofs_y = -2},
    {.bitmap_index = 70506, .adv_w = 256, .box_w = 14, .box_h = 14, .ofs_x = 1, .ofs_y = -1},
    {.bitmap_index = 70604, .adv_w = 256, .box_w = 16, .box_h = 14, .ofs_x = 0, .ofs_y = -1},
    {.bitmap_index = 70716, .adv_w = 256, .box_w = 15, .box_h = 15, .ofs_x = 0, .ofs_y = -2},
    {.bitmap_index = 70829, .adv_w = 256, .box_w = 14, .box_h = 15, .ofs_x = 1, .ofs_y = -1},
    {.bitmap_index = 70934, .adv_w = 256, .box_w = 14, .box_h = 15, .ofs_x = 1, .ofs_y = -2},
    {.bitmap_index = 71039, .adv_w = 256, .box_w = 16, .box_h = 15, .ofs_x = 0, .ofs_y = -2},
    {.bitmap_index = 71159, .adv_w = 256, .box_w = 16, .box_h = 15, .ofs_x = 0, .ofs_y = -2},
    {.bitmap_index = 71279, .adv_w = 256, .box_w = 16, .box_h = 16, .ofs_x = 0, .ofs_y = -2},
    {.bitmap_index = 71407, .adv_w = 256, .box_w = 16, .box_h = 15, .ofs_x = 0, .ofs_y = -2},
    {.bitmap_index = 71527, .adv_w = 256, .box_w = 16, .box_h = 15, .ofs_x = 0, .ofs_y = -2},
    {.bitmap_index = 71647, .adv_w = 256, .box_w = 16, .box_h = 15, .ofs_x = 0, .ofs_y = -2},
    {.bitmap_index = 71767, .adv_w = 256, .box_w = 16, .box_h = 15, .ofs_x = 0, .ofs_y = -2},
    {.bitmap_index = 71887, .adv_w = 256, .box_w = 16, .box_h = 16, .ofs_x = 0, .ofs_y = -2},
    {.bitmap_index = 72015, .adv_w = 256, .box_w = 16, .box_h = 15, .ofs_x = 0, .ofs_y = -2},
    {.bitmap_index = 72135, .adv_w = 256, .box_w = 15, .box_h = 14, .ofs_x = 1, .ofs_y = -1},
    {.bitmap_index = 72240, .adv_w = 256, .box_w = 16, .box_h = 15, .ofs_x = 0, .ofs_y = -2},
    {.bitmap_index = 72360, .adv_w = 256, .box_w = 16, .box_h = 15, .ofs_x = 0, .ofs_y = -2},
    {.bitmap_index = 72480, .adv_w = 256, .box_w = 15, .box_h = 14, .ofs_x = 0, .ofs_y = -1},
    {.bitmap_index = 72585, .adv_w = 256, .box_w = 16, .box_h = 14, .ofs_x = 0, .ofs_y = -1},
    {.bitmap_index = 72697, .adv_w = 256, .box_w = 14, .box_h = 16, .ofs_x = 1, .ofs_y = -2},
    {.bitmap_index = 72809, .adv_w = 256, .box_w = 14, .box_h = 15, .ofs_x = 1, .ofs_y = -1},
    {.bitmap_index = 72914, .adv_w = 256, .box_w = 15, .box_h = 15, .ofs_x = 1, .ofs_y = -2},
    {.bitmap_index = 73027, .adv_w = 256, .box_w = 16, .box_h = 15, .ofs_x = 0, .ofs_y = -2},
    {.bitmap_index = 73147, .adv_w = 256, .box_w = 16, .box_h = 15, .ofs_x = 0, .ofs_y = -2},
    {.bitmap_index = 73267, .adv_w = 256, .box_w = 16, .box_h = 16, .ofs_x = 0, .ofs_y = -2}
};

/*---------------------
 *  CHARACTER MAPPING
 *--------------------*/

static const uint16_t unicode_list_0[] = {
    0x0, 0x1, 0x1dff, 0x1e08, 0x1e09, 0x1e0a, 0x1e0c, 0x1e0d,
    0x1e23, 0x1e29, 0x1e2c, 0x1e31, 0x1e38, 0x1e39, 0x1e3a, 0x1e48,
    0x1e4a, 0x1e4b, 0x1e4f, 0x1e57, 0x1e8b, 0x1e8d, 0x1ea3, 0x1eaa,
    0x1ead, 0x1eb9, 0x1ec4, 0x1eca, 0x1ecd, 0x1ed5, 0x1ee4, 0x1ee9,
    0x1eef, 0x1ef5, 0x1efa, 0x1efc, 0x1f0f, 0x1f1f, 0x1f2e, 0x1f4c,
    0x1f4d, 0x1f4e, 0x1f52, 0x1f54, 0x1f5b, 0x1f7e, 0x1f8a, 0x1f9a,
    0x1fa6, 0x1fc3, 0x1fdc, 0x1fe0, 0x1fed, 0x1fee, 0x200c, 0x2011,
    0x201e, 0x203b, 0x204e, 0x205b, 0x207e, 0x20a7, 0x20ce, 0x2140,
    0x2142, 0x2144, 0x2148, 0x214a, 0x2164, 0x2167, 0x216b, 0x216f,
    0x2172, 0x2175, 0x2176, 0x2177, 0x217b, 0x2184, 0x218b, 0x2198,
    0x21b1, 0x21c5, 0x21ce, 0x21df, 0x21f9, 0x21fa, 0x21fc, 0x2205,
    0x2206, 0x2216, 0x221a, 0x221c, 0x221f, 0x2228, 0x222a, 0x222f,
    0x2235, 0x2236, 0x2238, 0x224c, 0x226e, 0x229e, 0x229f, 0x22a7,
    0x22a8, 0x2304, 0x2307, 0x2315, 0x2338, 0x2339, 0x2346, 0x2349,
    0x234e, 0x2354, 0x2360, 0x236a, 0x238a, 0x239e, 0x23c1, 0x23c8,
    0x23c9, 0x23cb, 0x23cc, 0x23d0, 0x23d5, 0x23d7, 0x23df, 0x23e2,
    0x23e5, 0x23e9, 0x23ee, 0x23ef, 0x23f2, 0x23f6, 0x2407, 0x240b,
    0x240c, 0x240d, 0x2410, 0x2416, 0x2425, 0x242a, 0x242e, 0x2449,
    0x2467, 0x247c, 0x248b, 0x24cc, 0x2667, 0x2669, 0x26dd, 0x26df,
    0x26f3, 0x26f9, 0x26fc, 0x26fd, 0x2705, 0x2727, 0x272f, 0x273f,
    0x2746, 0x2756, 0x2765, 0x278a, 0x27f9, 0x286a, 0x289d, 0x28ef,
    0x2906, 0x290c, 0x2915, 0x2919, 0x2926, 0x2928, 0x2929, 0x2930,
    0x2938, 0x297c, 0x29ca, 0x2b4f, 0x2b56, 0x2b57, 0x2b65, 0x2b82,
    0x2b88, 0x2b8b, 0x2b99, 0x2b9d, 0x2bb8, 0x2bbc, 0x2bf7, 0x2bf8,
    0x2bfb, 0x2c03, 0x2c05, 0x2c0e, 0x2c39, 0x2c3d, 0x2c3f, 0x2c4e,
    0x2c54, 0x2cef, 0x2de4, 0x2de5, 0x2ded, 0x2df1, 0x2e02, 0x2e0b,
    0x2e25, 0x2e26, 0x2e37, 0x2e3c, 0x2e44, 0x2e54, 0x2e72, 0x2e75,
    0x2e8e, 0x2e93, 0x2ea5, 0x2ef5, 0x2ef9, 0x2eff, 0x2f01, 0x2f0e,
    0x2f14, 0x2f30, 0x2f38, 0x2f39, 0x2f51, 0x2f52, 0x2f54, 0x2f61,
    0x2f70, 0x2f83, 0x2f84, 0x2f87, 0x2fa9, 0x2fad, 0x2fb6, 0x2fc2,
    0x2fc4, 0x2fd6, 0x2fea, 0x2ffc, 0x3000, 0x301f, 0x3024, 0x303a,
    0x3061, 0x306e, 0x30ab, 0x30c4, 0x310e, 0x311e, 0x3161, 0x320e,
    0x320f, 0x3215, 0x3229, 0x323f, 0x3246, 0x324a, 0x3252, 0x3262,
    0x3266, 0x3268, 0x326a, 0x327d, 0x327f, 0x32a3, 0x32a4, 0x32c8,
    0x32d1, 0x32de, 0x32e7, 0x32e8, 0x32fd, 0x3300, 0x3306, 0x3308,
    0x332e, 0x3361, 0x336d, 0x3376, 0x3391, 0x33a4, 0x33a6, 0x33a7,
    0x33ce, 0x33cf, 0x33d1, 0x33f3, 0x341b, 0x3446, 0x3457, 0x3477,
    0x34ac, 0x34cc, 0x34e5, 0x352e, 0x3535, 0x3538, 0x353d, 0x3544,
    0x3547, 0x354e, 0x3550, 0x3558, 0x356f, 0x3573, 0x3586, 0x359b,
    0x35ac, 0x35ae, 0x35af, 0x35b8, 0x35ca, 0x35df, 0x35e4, 0x35f5,
    0x360d, 0x361e, 0x361f, 0x362e, 0x363d, 0x366d, 0x366e, 0x3681,
    0x36f1, 0x36f3, 0x36fe, 0x36ff, 0x3708, 0x371e, 0x3729, 0x372b,
    0x3739, 0x3745, 0x3760, 0x3764, 0x377e, 0x3780, 0x37b5, 0x37c3,
    0x37e4, 0x3806, 0x380e, 0x3820, 0x3836, 0x383b, 0x3845, 0x38bf,
    0x3a20, 0x3a29, 0x3a58, 0x3b20, 0x3b26, 0x3b61, 0x3b62, 0x3b63,
    0x3b64, 0x3b7a, 0x3b89, 0x3bb4, 0x3bd3, 0x3c33, 0x3c5f, 0x3ca0,
    0x3cb8, 0x3cbe, 0x3cd4, 0x3ce1, 0x3ce7, 0x3d1a, 0x3d31, 0x3d3a,
    0x3d40, 0x3d4a, 0x3d87, 0x3df6, 0x3dfa, 0x3e04, 0x3e0f, 0x3e28,
    0x3e37, 0x3e7d, 0x3e8f, 0x3ed0, 0x3ed9, 0x3edd, 0x3ee0, 0x3ee3,
    0x3fbf, 0x406a, 0x406e, 0x4074, 0x40b8, 0x4125, 0x4135, 0x4183,
    0x422b, 0x4246, 0x4247, 0x4258, 0x4278, 0x42b5, 0x4386, 0x43ae,
    0x43af, 0x43ec, 0x4405, 0x445d, 0x451e, 0x4527, 0x4534, 0x454b,
    0x4564, 0x467c, 0x4683, 0x46c9, 0x46d0, 0x46d5, 0x46d7, 0x46ed,
    0x46f3, 0x46f7, 0x470a, 0x471e, 0x47ab, 0x47e4, 0x47ec, 0x4800,
    0x486b, 0x486d, 0x4939, 0x4980, 0x49ba, 0x49d1, 0x49ee, 0x49ef,
    0x49fa, 0x4a0a, 0x4a32, 0x4a79, 0x4a80, 0x4a96, 0x4add, 0x4aee,
    0x4b2b, 0x4b48, 0x4b7d, 0x4b7f, 0x4b96, 0x4ba0, 0x4c7a, 0x4c88,
    0x4c97, 0x4cbd, 0x4cfa, 0x4d21, 0x4d26, 0x4d2e, 0x4ea1, 0x4ea6,
    0x4eb4, 0x4ebc, 0x4ebe, 0x4ec2, 0x4ec3, 0x4ec5, 0x4ec7, 0x4ece,
    0x4ed0, 0x4edc, 0x4ede, 0x4eec, 0x4efe, 0x4f12, 0x4f15, 0x4f28,
    0x4f6d, 0x4f8d, 0x4fd3, 0x4ffa, 0x4ffb, 0x5004, 0x5016, 0x5025,
    0x5053, 0x50cb, 0x50fc, 0x5108, 0x5119, 0x51e9, 0x51f2, 0x5229,
    0x5234, 0x5271, 0x5281, 0x52ab, 0x52f0, 0x5302, 0x5376, 0x53db,
    0x5403, 0x543c, 0x5460, 0x54dc, 0x55ce, 0x5701, 0x57b9, 0x584b,
    0x5864, 0x5867, 0x586f, 0x58aa, 0x58c4, 0x595e, 0x597e, 0x5980,
    0x5985, 0x59c3, 0x59c5, 0x59c7, 0x59d1, 0x59e2, 0x59e5, 0x59ff,
    0x5b65, 0x5ba0, 0x5ba3, 0x5bad, 0x5baf, 0x5bb7, 0x5bbd, 0x5bbe,
    0x5bc0, 0x5bd4, 0x5bdc, 0x5be1, 0x5be5, 0x5bec, 0x5bee, 0x5bf3,
    0x5bf6, 0x5bfa, 0x5c02, 0x5c30, 0x5d1e, 0x5d24, 0x5d33, 0x5d76,
    0x5d84, 0x5db2, 0x5ddc, 0x5dde, 0x5dee, 0x5df2, 0x5e29, 0x5eaa,
    0x5f65, 0x5f6b, 0x5f6d, 0x5f73, 0x5f7a, 0x5f7c, 0x5f82, 0x5f84,
    0x5f90, 0x5f92, 0x5fb8, 0x5fc6, 0x5fcf, 0x5fd3, 0x5fd7, 0x5fda,
    0x5fdd, 0x5fde, 0x5fef, 0x5fff, 0x6005, 0x6008, 0x6019, 0x601e,
    0x603a, 0x6052, 0x6064, 0x60e7, 0x614c, 0x61c6, 0x61c9, 0x61cc,
    0x61ce, 0x6273, 0x6487, 0x649e, 0x64ad, 0x64fd, 0x6500, 0x6518,
    0x652d, 0x655b, 0x657e, 0x65e7, 0x65ec, 0x65ed, 0x65f3, 0x6607,
    0x6633, 0x6635, 0x663f, 0x6643, 0x664c, 0x664f, 0x6663, 0x6676,
    0x668e, 0x6693, 0x669b, 0x66c5, 0x66f5, 0x66ff, 0x6706, 0x6758,
    0x675d, 0x6761, 0x67e8, 0x67f2, 0x6874, 0x6875, 0x6878, 0x6879,
    0x687a, 0x6883, 0x6890, 0x6897, 0x689b, 0x68cd, 0x68dd, 0x6987,
    0x6a75, 0x6a7d, 0x6a8b, 0x6ad7, 0x6e22, 0x6ea5, 0x6ec3, 0x6ed7,
    0x6f4f
};

/*Collect the unicode lists and glyph_id offsets*/
static const lv_font_fmt_txt_cmap_t cmaps[] =
{
    {
        .range_start = 12289, .range_length = 28496, .glyph_id_start = 1,
        .unicode_list = unicode_list_0, .glyph_id_ofs_list = NULL, .list_length = 649, .type = LV_FONT_FMT_TXT_CMAP_SPARSE_TINY
    }
};



/*--------------------
 *  ALL CUSTOM DATA
 *--------------------*/

#if LVGL_VERSION_MAJOR == 8
/*Store all the custom data of the font*/
static  lv_font_fmt_txt_glyph_cache_t cache;
#endif

#if LVGL_VERSION_MAJOR >= 8
static const lv_font_fmt_txt_dsc_t font_dsc = {
#else
static lv_font_fmt_txt_dsc_t font_dsc = {
#endif
    .glyph_bitmap = glyph_bitmap,
    .glyph_dsc = glyph_dsc,
    .cmaps = cmaps,
    .kern_dsc = NULL,
    .kern_scale = 0,
    .cmap_num = 1,
    .bpp = 4,
    .kern_classes = 0,
    .bitmap_format = 0,
#if LVGL_VERSION_MAJOR == 8
    .cache = &cache
#endif
};

extern const lv_font_t lv_font_en_STD;


/*-----------------
 *  PUBLIC FONT
 *----------------*/

/*Initialize a public general font descriptor*/
#if LVGL_VERSION_MAJOR >= 8
const lv_font_t lv_font_lxgw_STD = {
#else
lv_font_t lv_font_lxgw_STD = {
#endif
    .get_glyph_dsc = lv_font_get_glyph_dsc_fmt_txt,    /*Function pointer to get glyph's data*/
    .get_glyph_bitmap = lv_font_get_bitmap_fmt_txt,    /*Function pointer to get glyph's bitmap*/
    .line_height = 17,          /*The maximum line height required by the font*/
    .base_line = 2,             /*Baseline measured from the bottom of the line*/
#if !(LVGL_VERSION_MAJOR == 6 && LVGL_VERSION_MINOR == 0)
    .subpx = LV_FONT_SUBPX_NONE,
#endif
#if LV_VERSION_CHECK(7, 4, 0) || LVGL_VERSION_MAJOR >= 8
    .underline_position = -1,
    .underline_thickness = 1,
#endif
    .dsc = &font_dsc,          /*The custom font data. Will be accessed by `get_glyph_bitmap/dsc` */
#if LV_VERSION_CHECK(8, 2, 0) || LVGL_VERSION_MAJOR >= 9
    .fallback = &lv_font_en_STD,
#endif
    .user_data = NULL,
};



#endif /*#if LV_FONT_LXGW_STD*/

