#include "definitions.h"
#include "lz4_fonts.h"

static const uint8_t lz4FontData[] __FLASH = {
0x16,0x00,0x01,0x00,0x63,0x09,0x03,0x03,0x00,0xff,0x05,0x08,0x00,0x90,0x0a,0x00,
0x00,0x09,0x09,0x01,0x00,0x03,0x0f,0x08,0x00,0x43,0x07,0x00,0x00,0x2f,0x08,0x00,
0x10,0x4f,0x08,0x00,0x43,0x08,0x00,0xff,0x73,0x08,0x00,0x10,0x97,0x08,0x00,0x43,
0x09,0x00,0xff,0xc0,0x10,0x00,0x13,0xe4,0x08,0x00,0xf1,0x03,0x08,0x01,0x00,0x09,
0x07,0x08,0x01,0xff,0x24,0x01,0x00,0x09,0x08,0x08,0x01,0xff,0x44,0x01,0x28,0x00,
0x32,0xfe,0x6d,0x01,0x20,0x00,0x22,0x91,0x01,0x38,0x00,0x13,0xba,0x08,0x00,0x13,
0xe3,0x08,0x00,0xa2,0x0c,0x02,0x00,0x09,0x08,0x0a,0x00,0xfe,0x34,0x02,0x10,0x00,
0x13,0x5d,0x08,0x00,0x10,0x86,0x08,0x00,0x52,0x06,0x00,0x00,0xa1,0x02,0x40,0x00,
0x13,0xc5,0x18,0x00,0x10,0xee,0x08,0x00,0x52,0x0a,0x00,0xfe,0x1b,0x03,0x08,0x00,
0x22,0x48,0x03,0x20,0x00,0x22,0x6c,0x03,0x20,0x00,0x22,0x95,0x03,0x78,0x00,0x13,
0xbe,0x18,0x00,0x13,0xe2,0x08,0x00,0xa2,0x06,0x04,0x00,0x09,0x08,0x09,0x01,0xff,
0x2a,0x04,0x20,0x00,0x11,0x53,0x10,0x00,0x42,0x00,0xff,0x77,0x04,0x20,0x00,0x22,
0x9b,0x04,0x40,0x00,0x22,0xc4,0x04,0x58,0x00,0x13,0xf1,0x08,0x00,0x22,0x1e,0x05,
0x18,0x00,0x22,0x47,0x05,0x30,0x00,0x13,0x6b,0x10,0x00,0x22,0x94,0x05,0x20,0x00,
0x13,0xc1,0x10,0x00,0x13,0xea,0x10,0x00,0x22,0x17,0x06,0x10,0x00,0x13,0x40,0x08,
0x00,0x22,0x69,0x06,0x18,0x00,0x13,0x96,0x08,0x00,0x13,0xc3,0x18,0x00,0x13,0xec,
0x10,0x00,0x22,0x19,0x07,0x08,0x00,0x22,0x46,0x07,0x18,0x00,0x13,0x6f,0x08,0x00,
0x13,0x98,0x08,0x00,0x13,0xc1,0x20,0x00,0x13,0xee,0x10,0x00,0x23,0x17,0x08,0x60,
0x00,0x13,0x08,0x60,0x00,0x03,0x08,0x00,0x13,0x92,0x08,0x00,0x22,0xbb,0x08,0x30,
0x00,0x13,0xe8,0x10,0x00,0x22,0x11,0x09,0xe0,0x00,0x22,0x35,0x09,0x18,0x00,0x22,
0x62,0x09,0x18,0x00,0x22,0x8b,0x09,0x08,0x01,0x13,0xb4,0x18,0x00,0x13,0xe1,0x10,
0x00,0x22,0x0a,0x0a,0x08,0x00,0x22,0x33,0x0a,0x28,0x00,0x22,0x5c,0x0a,0x40,0x00,
0x13,0x80,0x10,0x00,0x12,0xa9,0x10,0x00,0x23,0x00,0xcd,0x10,0x00,0x13,0xf6,0x20,
0x00,0x22,0x1a,0x0b,0x08,0x00,0x13,0x3e,0x08,0x00,0x23,0x62,0x0b,0x68,0x00,0x12,
0x0b,0x18,0x02,0x22,0xa7,0x0b,0x58,0x00,0x20,0xd0,0x0b,0x20,0x02,0x33,0x00,0xff,
0xf0,0x28,0x00,0x22,0x14,0x0c,0x28,0x00,0x22,0x3d,0x0c,0x20,0x00,0x22,0x66,0x0c,
0x18,0x00,0x22,0x8a,0x0c,0x48,0x02,0x13,0xaa,0x10,0x00,0x22,0xce,0x0c,0x48,0x00,
0x23,0xea,0x0c,0x68,0x01,0x12,0x0d,0x48,0x00,0x21,0x37,0x0d,0x98,0x01,0x32,0xfe,
0x5b,0x0d,0x48,0x00,0x22,0x84,0x0d,0x50,0x02,0x22,0xac,0x0d,0x50,0x00,0x22,0xd5,
0x0d,0xb8,0x01,0x13,0xf9,0x18,0x00,0x22,0x21,0x0e,0x38,0x00,0x13,0x41,0x08,0x00,
0x22,0x61,0x0e,0x28,0x00,0x22,0x8a,0x0e,0x28,0x00,0x22,0xae,0x0e,0x48,0x00,0x22,
0xd7,0x0e,0x58,0x00,0x22,0xfb,0x0e,0x80,0x00,0x22,0x1f,0x0f,0x30,0x00,0x22,0x3f,
0x0f,0x30,0x00,0x13,0x68,0x08,0x00,0x23,0x91,0x0f,0xd8,0x02,0x13,0x0f,0xd8,0x02,
0x13,0x0f,0xd8,0x02,0x92,0x10,0x00,0x09,0x08,0x07,0x01,0x00,0x28,0x10,0xc8,0x00,
0x22,0x48,0x10,0x30,0x00,0x22,0x71,0x10,0x50,0x00,0x13,0x95,0x08,0x00,0x22,0xb9,
0x10,0x30,0x00,0x23,0xe2,0x10,0xa8,0x02,0x12,0x11,0x78,0x03,0x22,0x26,0x11,0x10,
0x00,0x22,0x4a,0x11,0x38,0x00,0x22,0x73,0x11,0x28,0x00,0x13,0x9c,0x18,0x00,0x23,
0xc0,0x11,0x80,0x03,0x13,0x11,0x80,0x03,0x12,0x12,0x20,0x00,0x13,0x31,0x08,0x00,
0x22,0x5a,0x12,0x38,0x00,0x13,0x83,0x10,0x00,0x22,0xac,0x12,0x28,0x00,0x93,0xd0,
0x12,0x00,0x09,0x07,0x07,0x01,0x00,0xe9,0x20,0x00,0x22,0x12,0x13,0xd8,0x00,0x22,
0x32,0x13,0x20,0x00,0x22,0x56,0x13,0x08,0x01,0x22,0x7a,0x13,0x38,0x00,0x13,0xa3,
0x18,0x00,0xa2,0xc7,0x13,0x00,0x09,0x0a,0x08,0x00,0xff,0xef,0x13,0x88,0x01,0x22,
0x0b,0x14,0x28,0x00,0x22,0x2f,0x14,0x28,0x00,0xa2,0x58,0x14,0x00,0x09,0x07,0x09,
0x01,0xff,0x78,0x14,0x30,0x00,0x23,0x9c,0x14,0xa8,0x00,0x13,0x14,0xa8,0x00,0x03,
0x30,0x00,0x22,0x08,0x15,0x10,0x00,0x22,0x2c,0x15,0x60,0x01,0x13,0x50,0x10,0x00,
0x22,0x74,0x15,0x48,0x00,0x22,0x9d,0x15,0x28,0x00,0x13,0xc1,0x18,0x00,0x13,0xe5,
0x08,0x00,0x22,0x09,0x16,0x48,0x01,0x22,0x29,0x16,0x80,0x00,0x13,0x45,0x10,0x00,
0x13,0x65,0x10,0x00,0x13,0x81,0x08,0x00,0x13,0x9d,0x08,0x00,0x13,0xb9,0x20,0x00,
0x22,0xd9,0x16,0x58,0x00,0x22,0x02,0x17,0x48,0x00,0x23,0x26,0x17,0x58,0x01,0x12,
0x17,0x68,0x00,0x13,0x6e,0x10,0x00,0x13,0x92,0x08,0x00,0x13,0xb6,0x08,0x00,0x13,
0xda,0x08,0x00,0x13,0xfe,0x08,0x00,0x22,0x22,0x18,0x48,0x00,0x22,0x4b,0x18,0x10,
0x00,0x23,0x6f,0x18,0xa8,0x03,0x13,0x18,0xa8,0x03,0x12,0x18,0x50,0x01,0x13,0xea,
0x10,0x00,0x22,0x13,0x19,0x28,0x00,0x13,0x37,0x08,0x00,0x13,0x5b,0x08,0x00,0x13,
0x7f,0x08,0x00,0x23,0xa3,0x19,0x58,0x01,0x12,0x19,0xd0,0x02,0x13,0xf4,0x08,0x00,
0x22,0x21,0x1a,0x18,0x00,0x22,0x45,0x1a,0x48,0x00,0x22,0x6e,0x1a,0x18,0x00,0x23,
0x9b,0x1a,0xa0,0x04,0x12,0x1a,0xc8,0x04,0x23,0xe8,0x1a,0xe0,0x03,0x12,0x1b,0x20,
0x00,0x22,0x3e,0x1b,0x10,0x00,0x13,0x67,0x08,0x00,0x13,0x90,0x08,0x00,0x23,0xb9,
0x1b,0x60,0x02,0x13,0x1b,0x60,0x02,0x12,0x1c,0x08,0x00,0x13,0x2a,0x08,0x00,0x22,
0x4e,0x1c,0x20,0x00,0x13,0x77,0x08,0x00,0x13,0xa0,0x18,0x00,0x13,0xc4,0x08,0x00,
0x22,0xe8,0x1c,0xd8,0x00,0x23,0x11,0x1d,0x48,0x04,0x12,0x1d,0x10,0x00,0x13,0x5e,
0x10,0x00,0x22,0x82,0x1d,0x38,0x00,0x22,0xab,0x1d,0xb8,0x02,0x22,0xcb,0x1d,0x20,
0x04,0x13,0xef,0x18,0x00,0x22,0x18,0x1e,0x28,0x00,0x22,0x3c,0x1e,0x10,0x00,0x13,
0x65,0x08,0x00,0x13,0x8e,0x18,0x00,0x22,0xb2,0x1e,0x50,0x00,0x22,0xdb,0x1e,0xb0,
0x01,0x23,0xfb,0x1e,0x70,0x03,0x12,0x1f,0x08,0x00,0x13,0x43,0x08,0x00,0x13,0x67,
0x08,0x00,0x22,0x8b,0x1f,0xf0,0x00,0x22,0xb8,0x1f,0x48,0x00,0x13,0xe1,0x08,0x00,
0x22,0x0a,0x20,0x08,0x00,0x22,0x33,0x20,0x20,0x00,0x22,0x60,0x20,0x58,0x00,0x13,
0x89,0x08,0x00,0x23,0xb2,0x20,0x68,0x00,0x12,0x20,0x48,0x00,0x22,0xff,0x20,0xf8,
0x02,0x23,0x1f,0x21,0x68,0x00,0x12,0x21,0x38,0x00,0x22,0x70,0x21,0x28,0x00,0x22,
0x99,0x21,0x48,0x02,0x13,0xb5,0x08,0x00,0x13,0xd1,0x28,0x00,0x13,0xf5,0x28,0x00,
0x22,0x22,0x22,0x28,0x00,0x22,0x4b,0x22,0x78,0x00,0x13,0x74,0x10,0x00,0x22,0x9d,
0x22,0x20,0x00,0x13,0xca,0x18,0x00,0x13,0xf3,0x10,0x00,0x22,0x20,0x23,0x08,0x00,
0x22,0x4d,0x23,0x18,0x00,0x13,0x76,0x08,0x00,0x22,0x9f,0x23,0x58,0x00,0x22,0xc3,
0x23,0x40,0x00,0x13,0xec,0x18,0x00,0x22,0x15,0x24,0x08,0x00,0x23,0x3e,0x24,0xd8,
0x01,0x13,0x24,0xd8,0x01,0x13,0x24,0xd8,0x01,0x83,0x24,0x00,0x09,0x0a,0x09,0x00,
0xff,0xe6,0x10,0x00,0x22,0x0f,0x25,0x48,0x00,0x13,0x33,0x08,0x00,0x22,0x57,0x25,
0x18,0x00,0x13,0x80,0x10,0x00,0x22,0xa4,0x25,0x60,0x00,0x13,0xcd,0x08,0x00,0x13,
0xf6,0x08,0x00,0x22,0x1f,0x26,0x08,0x00,0x23,0x48,0x26,0xa0,0x04,0x03,0x08,0x00,
0x22,0x9a,0x26,0x40,0x00,0x23,0xc3,0x26,0xb0,0x06,0x03,0x18,0x00,0x22,0x15,0x27,
0xb8,0x03,0x22,0x39,0x27,0x10,0x00,0x23,0x62,0x27,0xe8,0x05,0x12,0x27,0x50,0x01,
0x22,0xab,0x27,0x70,0x00,0x22,0xcf,0x27,0xf0,0x00,0x13,0xfc,0x28,0x00,0x22,0x25,
0x28,0x08,0x00,0x23,0x4e,0x28,0x70,0x02,0x13,0x28,0x78,0x07,0x03,0x08,0x00,0x13,
0xbf,0x20,0x00,0x13,0xe8,0x10,0x00,0x22,0x0c,0x29,0x08,0x00,0x13,0x30,0x08,0x00,
0x13,0x54,0x08,0x00,0x22,0x78,0x29,0x40,0x00,0x23,0xa1,0x29,0x18,0x08,0x12,0x29,
0x68,0x00,0x13,0xf2,0x10,0x00,0x22,0x16,0x2a,0x10,0x00,0x22,0x43,0x2a,0x28,0x00,
0x23,0x6c,0x2a,0x18,0x08,0x03,0x08,0x00,0x22,0xbe,0x2a,0x68,0x00,0x22,0xe7,0x2a,
0x30,0x00,0x22,0x0b,0x2b,0x10,0x00,0x22,0x34,0x2b,0x10,0x00,0x22,0x58,0x2b,0x40,
0x00,0x13,0x85,0x18,0x00,0x23,0xae,0x2b,0x10,0x06,0x03,0x08,0x00,0x22,0x00,0x2c,
0x18,0x00,0x22,0x29,0x2c,0x10,0x00,0x22,0x52,0x2c,0x38,0x00,0x22,0x76,0x2c,0x38,
0x00,0x23,0xa3,0x2c,0xd8,0x03,0x13,0x2c,0xd8,0x03,0x03,0x28,0x00,0x22,0x1d,0x2d,
0x10,0x00,0x22,0x4a,0x2d,0x10,0x00,0x23,0x73,0x2d,0xd0,0x05,0x03,0x08,0x00,0x22,
0xc5,0x2d,0x58,0x00,0x13,0xee,0x08,0x00,0x22,0x17,0x2e,0x48,0x00,0x22,0x3b,0x2e,
0x20,0x00,0x13,0x64,0x08,0x00,0x13,0x8d,0x08,0x00,0x23,0xb6,0x2e,0xa8,0x04,0x12,
0x2e,0x30,0x00,0x22,0x03,0x2f,0x60,0x00,0x13,0x30,0x08,0x00,0x13,0x5d,0x08,0x00,
0x22,0x8a,0x2f,0x28,0x00,0xa2,0xae,0x2f,0x00,0x09,0x06,0x08,0x01,0xff,0xc6,0x2f,
0x68,0x03,0x21,0xe6,0x2f,0xb0,0x05,0x33,0xfe,0x06,0x30,0x10,0x04,0x13,0x30,0x10,
0x04,0x03,0x08,0x00,0x13,0x72,0x08,0x00,0x22,0x96,0x30,0x70,0x00,0x13,0xbf,0x10,
0x00,0x23,0xe3,0x30,0xe0,0x06,0x12,0x31,0x18,0x03,0x22,0x28,0x31,0x18,0x00,0x13,
0x4c,0x08,0x00,0x23,0x70,0x31,0x40,0x03,0x12,0x31,0x28,0x00,0x22,0xc2,0x31,0x30,
0x02,0x13,0xe6,0x20,0x00,0x22,0x0a,0x32,0x08,0x00,0x22,0x2e,0x32,0x28,0x00,0x13,
0x57,0x10,0x00,0x22,0x7b,0x32,0x30,0x00,0x13,0xa4,0x10,0x00,0x13,0xc8,0x20,0x00,
0x13,0xf1,0x08,0x00,0x23,0x1a,0x33,0x60,0x08,0x13,0x33,0x60,0x08,0x03,0x08,0x00,
0x22,0x86,0x33,0x98,0x06,0x13,0xae,0x10,0x00,0x13,0xd2,0x08,0x00,0x22,0xf6,0x33,
0x50,0x00,0x23,0x1f,0x34,0xe0,0x03,0x13,0x34,0x48,0x04,0x13,0x34,0x48,0x04,0x03,
0x08,0x00,0x22,0xaf,0x34,0x60,0x00,0x13,0xd8,0x10,0x00,0x22,0xfc,0x34,0x38,0x00,
0x22,0x25,0x35,0x68,0x05,0x22,0x49,0x35,0xd8,0x04,0x13,0x69,0x08,0x00,0x22,0x89,
0x35,0x28,0x00,0x13,0xad,0x08,0x00,0x23,0xd1,0x35,0x18,0x04,0x12,0x35,0x48,0x00,
0x23,0x1e,0x36,0x30,0x0a,0x12,0x36,0x40,0x00,0x22,0x6b,0x36,0x20,0x00,0x13,0x8f,
0x08,0x00,0x13,0xb3,0x20,0x00,0x13,0xdc,0x10,0x00,0x22,0x00,0x37,0x10,0x00,0x22,
0x29,0x37,0x10,0x00,0x13,0x4d,0x08,0x00,0x13,0x71,0x18,0x00,0x23,0x9a,0x37,0x88,
0x03,0x12,0x37,0xb0,0x06,0x13,0xe7,0x10,0x00,0x22,0x10,0x38,0x08,0x00,0x22,0x39,
0x38,0xd8,0x08,0x22,0x61,0x38,0x38,0x00,0x13,0x85,0x18,0x00,0x22,0xae,0x38,0x00,
0x02,0x23,0xdb,0x38,0xf0,0x04,0x03,0x10,0x00,0x22,0x2c,0x39,0x20,0x00,0x22,0x55,
0x39,0x10,0x00,0x23,0x82,0x39,0xc0,0x05,0x03,0x08,0x00,0x22,0xd4,0x39,0x30,0x00,
0x13,0xf8,0x10,0x00,0x23,0x21,0x3a,0x90,0x06,0x12,0x3a,0xe0,0x00,0x23,0x6e,0x3a,
0x30,0x07,0x12,0x3a,0x40,0x00,0x23,0xbf,0x3a,0x18,0x02,0x03,0x20,0x00,0x23,0x0c,
0x3b,0xb8,0x03,0x13,0x3b,0xb8,0x03,0x12,0x3b,0x48,0x00,0x13,0x7d,0x08,0x00,0x22,
0xa6,0x3b,0x38,0x00,0x13,0xd3,0x10,0x00,0x23,0xfc,0x3b,0x20,0x04,0x13,0x3c,0x20,
0x04,0x13,0x3c,0x80,0x02,0x13,0x3c,0x80,0x02,0x03,0x08,0x00,0x23,0xba,0x3c,0x60,
0x09,0x12,0x3c,0xf0,0x01,0x23,0x0b,0x3d,0xb8,0x03,0x13,0x3d,0xb8,0x03,0x03,0x08,
0x00,0x13,0x7c,0x08,0x00,0x23,0xa0,0x3d,0xc8,0x06,0x12,0x3d,0x98,0x04,0x22,0xe4,
0x3d,0xf8,0x02,0x22,0x04,0x3e,0x38,0x00,0x22,0x2d,0x3e,0x50,0x00,0x22,0x56,0x3e,
0xb8,0x08,0x22,0x76,0x3e,0xb0,0x01,0x23,0x9a,0x3e,0x70,0x01,0x12,0x3e,0x40,0x00,
0x23,0xe7,0x3e,0x70,0x01,0x13,0x3f,0x70,0x01,0x12,0x3f,0x48,0x03,0x22,0x51,0x3f,
0x20,0x00,0x13,0x75,0x08,0x00,0x23,0x99,0x3f,0xf0,0x02,0x03,0x10,0x00,0x23,0xe6,
0x3f,0x98,0x05,0x12,0x40,0x08,0x00,0x13,0x38,0x08,0x00,0x23,0x61,0x40,0xa8,0x01,
0x03,0x08,0x00,0x22,0xa9,0x40,0x10,0x01,0x13,0xd6,0x10,0x00,0x13,0xfa,0x08,0x00,
0x22,0x1e,0x41,0x18,0x00,0x22,0x4b,0x41,0xb0,0x00,0x23,0x74,0x41,0x20,0x09,0x13,
0x41,0x60,0x06,0x13,0x41,0x60,0x06,0x03,0x08,0x00,0x22,0x1c,0x42,0x08,0x00,0x23,
0x45,0x42,0x38,0x08,0x03,0x08,0x00,0x23,0x97,0x42,0xb0,0x0d,0x12,0x42,0x38,0x00,
0x22,0xed,0x42,0x60,0x00,0x22,0x11,0x43,0x18,0x00,0x13,0x3a,0x08,0x00,0x13,0x63,
0x08,0x00,0x13,0x8c,0x08,0x00,0x13,0xb5,0x08,0x00,0x13,0xde,0x08,0x00,0x22,0x07,
0x44,0x38,0x00,0x22,0x2b,0x44,0x90,0x00,0x22,0x54,0x44,0x50,0x00,0x13,0x81,0x18,
0x00,0x22,0xa5,0x44,0x28,0x00,0x13,0xce,0x10,0x00,0x23,0xf2,0x44,0x90,0x05,0x12,
0x45,0x08,0x00,0x23,0x3a,0x45,0x68,0x00,0x13,0x45,0x68,0x00,0x13,0x45,0x68,0x00,
0x13,0x45,0x68,0x00,0x03,0x28,0x00,0x22,0x02,0x46,0x10,0x00,0x13,0x2b,0x08,0x00,
0x23,0x54,0x46,0x40,0x02,0x13,0x46,0x40,0x02,0x03,0x08,0x00,0x22,0xcf,0x46,0x88,
0x00,0x23,0xf8,0x46,0xa8,0x02,0x12,0x47,0x90,0x00,0x23,0x4e,0x47,0x40,0x02,0x12,
0x47,0x18,0x00,0x23,0x9b,0x47,0x38,0x09,0x03,0x08,0x00,0x13,0xed,0x08,0x00,0x23,
0x16,0x48,0x98,0x00,0x13,0x48,0x98,0x00,0x12,0x48,0x48,0x03,0x13,0x8b,0x08,0x00,
0x13,0xb3,0x20,0x00,0x13,0xd7,0x08,0x00,0x23,0xfb,0x48,0x98,0x08,0x13,0x49,0x50,
0x04,0x13,0x49,0x60,0x06,0x03,0x10,0x00,0x22,0x90,0x49,0x80,0x00,0xa2,0xbd,0x49,
0x00,0x09,0x0a,0x0a,0x00,0xfe,0xef,0x49,0xa0,0x00,0x22,0x18,0x4a,0x60,0x02,0x22,
0x38,0x4a,0x40,0x04,0x23,0x58,0x4a,0x60,0x06,0x03,0x08,0x00,0x22,0xb2,0x4a,0x48,
0x00,0x23,0xdb,0x4a,0xa8,0x03,0x12,0x4a,0x38,0x00,0x23,0x28,0x4b,0x58,0x05,0x12,
0x4b,0x10,0x00,0x23,0x75,0x4b,0x68,0x02,0x03,0x08,0x00,0x13,0xbd,0x08,0x00,0x13,
0xe1,0x08,0x00,0x22,0x05,0x4c,0x08,0x00,0x23,0x29,0x4c,0x48,0x04,0x12,0x4c,0x38,
0x00,0x23,0x76,0x4c,0x68,0x08,0x13,0x4c,0x68,0x08,0x12,0x4c,0x78,0x00,0x13,0xf0,
0x18,0x00,0x22,0x19,0x4d,0x18,0x00,0x22,0x3d,0x4d,0x10,0x00,0x22,0x66,0x4d,0x38,
0x00,0x23,0x8f,0x4d,0xb0,0x04,0x03,0x10,0x00,0x23,0xdc,0x4d,0xb0,0x04,0x13,0x4e,
0x00,0x07,0x13,0x4e,0x68,0x00,0x13,0x4e,0x68,0x00,0x13,0x4e,0x00,0x07,0x03,0x08,
0x00,0x22,0xd0,0x4e,0xb0,0x04,0x23,0xf4,0x4e,0xd8,0x0a,0x13,0x4f,0xa0,0x01,0x13,
0x4f,0x00,0x08,0x13,0x4f,0x00,0x08,0x13,0x4f,0x00,0x08,0x13,0x4f,0x48,0x04,0x13,
0x4f,0x60,0x06,0x12,0x50,0x08,0x00,0x13,0x35,0x08,0x00,0x13,0x5e,0x08,0x00,0x22,
0x87,0x50,0x48,0x00,0x13,0xb4,0x10,0x00,0x22,0xdd,0x50,0x38,0x00,0x22,0x01,0x51,
0x10,0x00,0x22,0x2a,0x51,0x78,0x00,0x23,0x4e,0x51,0x68,0x00,0x13,0x51,0xd8,0x0a,
0x03,0x08,0x00,0x22,0xc9,0x51,0x40,0x00,0x23,0xf6,0x51,0xb8,0x0e,0x12,0x52,0x20,
0x04,0x22,0x3a,0x52,0xf8,0x01,0x23,0x62,0x52,0xd0,0x08,0x03,0x08,0x00,0x23,0xb4,
0x52,0x68,0x00,0x12,0x52,0xe8,0x00,0x22,0x06,0x53,0x08,0x00,0x13,0x2f,0x08,0x00,
0x23,0x58,0x53,0x78,0x04,0x13,0x53,0x78,0x04,0x13,0x53,0x78,0x04,0x13,0x53,0x70,
0x02,0x03,0x28,0x00,0x22,0x16,0x54,0x10,0x00,0x13,0x3f,0x08,0x00,0x13,0x68,0x08,
0x00,0x22,0x91,0x54,0x90,0x00,0x13,0xbe,0x10,0x00,0x23,0xe7,0x54,0x70,0x04,0x13,
0x55,0x70,0x04,0x13,0x55,0x68,0x09,0x13,0x55,0x98,0x00,0x13,0x55,0xb8,0x06,0x03,
0x10,0x00,0x22,0xd8,0x55,0x10,0x05,0x22,0x00,0x56,0x18,0x00,0x13,0x24,0x08,0x00,
0x22,0x48,0x56,0x20,0x00,0x22,0x71,0x56,0x60,0x00,0x13,0x9e,0x10,0x00,0x13,0xc7,
0x20,0x00,0x13,0xeb,0x18,0x00,0x22,0x18,0x57,0x18,0x00,0x22,0x41,0x57,0x18,0x00,
0x23,0x65,0x57,0xa0,0x0b,0x03,0x08,0x00,0x22,0xb7,0x57,0x80,0x00,0x13,0xe0,0x08,
0x00,0x22,0x09,0x58,0x28,0x00,0x13,0x2d,0x08,0x00,0x22,0x51,0x58,0x28,0x00,0x22,
0x7a,0x58,0x50,0x00,0x13,0xa7,0x08,0x00,0x22,0xd4,0x58,0x98,0x00,0x23,0xfc,0x58,
0x50,0x07,0x12,0x59,0x08,0x00,0x23,0x4e,0x59,0x98,0x01,0x13,0x59,0x00,0x02,0x13,
0x59,0xa0,0x03,0x13,0x59,0x30,0x01,0x13,0x59,0xa0,0x03,0x13,0x5a,0x30,0x01,0x12,
0x5a,0x50,0x00,0x23,0x6c,0x5a,0x68,0x03,0x03,0x08,0x00,0x22,0xb4,0x5a,0x90,0x00,
0x13,0xdd,0x20,0x00,0x23,0x0a,0x5b,0x58,0x08,0x12,0x5b,0x70,0x03,0x13,0x4e,0x08,
0x00,0x13,0x6e,0x08,0x00,0x22,0x8e,0x5b,0xe0,0x05,0x13,0xb2,0x08,0x00,0x10,0xd6,
0x18,0x00,0x42,0x0a,0x01,0xfe,0xf9,0x10,0x00,0x32,0xfe,0x1d,0x5c,0x70,0x00,0x22,
0x46,0x5c,0x50,0x00,0x13,0x73,0x08,0x00,0x22,0xa0,0x5c,0x38,0x06,0x22,0xc0,0x5c,
0xd0,0x00,0x22,0xe8,0x5c,0x40,0x00,0x22,0x0c,0x5d,0x20,0x00,0x22,0x39,0x5d,0x38,
0x00,0x23,0x62,0x5d,0xa0,0x01,0x13,0x5d,0x38,0x02,0x12,0x5d,0x90,0x00,0x23,0xd8,
0x5d,0x58,0x08,0x03,0x08,0x00,0x23,0x20,0x5e,0x08,0x0c,0x13,0x5e,0xe8,0x07,0x13,
0x5e,0x10,0x10,0x13,0x5e,0xb8,0x12,0x13,0x5e,0x08,0x02,0x13,0x5e,0xa0,0x0a,0x12,
0x5f,0x08,0x00,0x13,0x2f,0x08,0x00,0x22,0x53,0x5f,0x20,0x00,0x23,0x7c,0x5f,0x70,
0x02,0x12,0x5f,0x38,0x00,0x13,0xc9,0x10,0x00,0x23,0xed,0x5f,0x70,0x02,0x13,0x60,
0x40,0x01,0x13,0x60,0xb0,0x10,0x12,0x60,0x20,0x00,0x13,0x8c,0x08,0x00,0x13,0xb0,
0x18,0x00,0x13,0xd9,0x10,0x00,0x13,0xfd,0x08,0x00,0x23,0x21,0x61,0xa8,0x03,0x12,
0x61,0xe8,0x00,0x23,0x72,0x61,0x88,0x07,0x13,0x61,0x88,0x07,0x03,0x08,0x00,0x13,
0xde,0x28,0x00,0xf6,0xff,0xff,0xff,0xff,0xff,0x1b,0x00,0x00,0x01,0x00,0xff,0x1d,
0x08,0x1e,0x09,0x1e,0x0a,0x1e,0x0c,0x1e,0x0d,0x1e,0x23,0x1e,0x29,0x1e,0x2c,0x1e,
0x31,0x1e,0x38,0x1e,0x39,0x1e,0x3a,0x1e,0x48,0x1e,0x4a,0x1e,0x4b,0x1e,0x4f,0x1e,
0x57,0x1e,0x8b,0x1e,0x8d,0x1e,0xa3,0x1e,0xaa,0x1e,0xad,0x1e,0xb9,0x1e,0xc4,0x1e,
0xca,0x1e,0xcd,0x1e,0xd5,0x1e,0xe4,0x1e,0xe9,0x1e,0xef,0x1e,0xf5,0x1e,0xfa,0x1e,
0xfc,0x1e,0x0f,0x1f,0x1f,0x1f,0x2e,0x1f,0x4c,0x1f,0x4d,0x1f,0x4e,0x1f,0x52,0x1f,
0x54,0x1f,0x5b,0x1f,0x7e,0x1f,0x8a,0x1f,0x9a,0x1f,0xa6,0x1f,0xc3,0x1f,0xdc,0x1f,
0xe0,0x1f,0xed,0x1f,0xee,0x1f,0x0c,0x20,0x11,0x20,0x1e,0x20,0x3b,0x20,0x4e,0x20,
0x5b,0x20,0x7e,0x20,0xa7,0x20,0xce,0x20,0x40,0x21,0x42,0x21,0x44,0x21,0x48,0x21,
0x4a,0x21,0x64,0x21,0x67,0x21,0x6b,0x21,0x6f,0x21,0x72,0x21,0x75,0x21,0x76,0x21,
0x77,0x21,0x7b,0x21,0x84,0x21,0x8b,0x21,0x98,0x21,0xb1,0x21,0xc5,0x21,0xce,0x21,
0xdf,0x21,0xf9,0x21,0xfa,0x21,0xfc,0x21,0x05,0x22,0x06,0x22,0x16,0x22,0x1a,0x22,
0x1c,0x22,0x1f,0x22,0x28,0x22,0x2a,0x22,0x2f,0x22,0x35,0x22,0x36,0x22,0x38,0x22,
0x4c,0x22,0x6e,0x22,0x9e,0x22,0x9f,0x22,0xa7,0x22,0xa8,0x22,0x04,0x23,0x07,0x23,
0x15,0x23,0x38,0x23,0x39,0x23,0x46,0x23,0x49,0x23,0x4e,0x23,0x54,0x23,0x60,0x23,
0x6a,0x23,0x8a,0x23,0x9e,0x23,0xc1,0x23,0xc8,0x23,0xc9,0x23,0xcb,0x23,0xcc,0x23,
0xd0,0x23,0xd5,0x23,0xd7,0x23,0xdf,0x23,0xe2,0x23,0xe5,0x23,0xe9,0x23,0xee,0x23,
0xef,0x23,0xf2,0x23,0xf6,0x23,0x07,0x24,0x0b,0x24,0x0c,0x24,0x0d,0x24,0x10,0x24,
0x16,0x24,0x25,0x24,0x2a,0x24,0x2e,0x24,0x49,0x24,0x67,0x24,0x7c,0x24,0x8b,0x24,
0xcc,0x24,0x67,0x26,0x69,0x26,0xdd,0x26,0xdf,0x26,0xf3,0x26,0xf9,0x26,0xfc,0x26,
0xfd,0x26,0x05,0x27,0x27,0x27,0x2f,0x27,0x3f,0x27,0x46,0x27,0x56,0x27,0x65,0x27,
0x8a,0x27,0xf9,0x27,0x6a,0x28,0x9d,0x28,0xef,0x28,0x06,0x29,0x0c,0x29,0x15,0x29,
0x19,0x29,0x26,0x29,0x28,0x29,0x29,0x29,0x30,0x29,0x38,0x29,0x7c,0x29,0xca,0x29,
0x4f,0x2b,0x56,0x2b,0x57,0x2b,0x65,0x2b,0x82,0x2b,0x88,0x2b,0x8b,0x2b,0x99,0x2b,
0x9d,0x2b,0xb8,0x2b,0xbc,0x2b,0xf7,0x2b,0xf8,0x2b,0xfb,0x2b,0x03,0x2c,0x05,0x2c,
0x0e,0x2c,0x39,0x2c,0x3d,0x2c,0x3f,0x2c,0x4e,0x2c,0x54,0x2c,0xef,0x2c,0xe4,0x2d,
0xe5,0x2d,0xed,0x2d,0xf1,0x2d,0x02,0x2e,0x0b,0x2e,0x25,0x2e,0x26,0x2e,0x37,0x2e,
0x3c,0x2e,0x44,0x2e,0x54,0x2e,0x72,0x2e,0x75,0x2e,0x8e,0x2e,0x93,0x2e,0xa5,0x2e,
0xf5,0x2e,0xf9,0x2e,0xff,0x2e,0x01,0x2f,0x0e,0x2f,0x14,0x2f,0x30,0x2f,0x38,0x2f,
0x39,0x2f,0x51,0x2f,0x52,0x2f,0x54,0x2f,0x61,0x2f,0x70,0x2f,0x83,0x2f,0x84,0x2f,
0x87,0x2f,0xa9,0x2f,0xad,0x2f,0xb6,0x2f,0xc2,0x2f,0xc4,0x2f,0xd6,0x2f,0xea,0x2f,
0xfc,0x2f,0x00,0x30,0x1f,0x30,0x24,0x30,0x3a,0x30,0x61,0x30,0x6e,0x30,0xab,0x30,
0xc4,0x30,0x0e,0x31,0x1e,0x31,0x61,0x31,0x0e,0x32,0x0f,0x32,0x15,0x32,0x29,0x32,
0x3f,0x32,0x46,0x32,0x4a,0x32,0x52,0x32,0x62,0x32,0x66,0x32,0x68,0x32,0x6a,0x32,
0x7d,0x32,0x7f,0x32,0xa3,0x32,0xa4,0x32,0xc8,0x32,0xd1,0x32,0xde,0x32,0xe7,0x32,
0xe8,0x32,0xfd,0x32,0x00,0x33,0x06,0x33,0x08,0x33,0x2e,0x33,0x61,0x33,0x6d,0x33,
0x76,0x33,0x91,0x33,0xa4,0x33,0xa6,0x33,0xa7,0x33,0xce,0x33,0xcf,0x33,0xd1,0x33,
0xf3,0x33,0x1b,0x34,0x46,0x34,0x57,0x34,0x77,0x34,0xac,0x34,0xcc,0x34,0xe5,0x34,
0x2e,0x35,0x35,0x35,0x38,0x35,0x3d,0x35,0x44,0x35,0x47,0x35,0x4e,0x35,0x50,0x35,
0x58,0x35,0x6f,0x35,0x73,0x35,0x86,0x35,0x9b,0x35,0xac,0x35,0xae,0x35,0xaf,0x35,
0xb8,0x35,0xca,0x35,0xdf,0x35,0xe4,0x35,0xf5,0x35,0x0d,0x36,0x1e,0x36,0x1f,0x36,
0x2e,0x36,0x3d,0x36,0x6d,0x36,0x6e,0x36,0x81,0x36,0xf1,0x36,0xf3,0x36,0xfe,0x36,
0xff,0x36,0x08,0x37,0x1e,0x37,0x29,0x37,0x2b,0x37,0x39,0x37,0x45,0x37,0x60,0x37,
0x64,0x37,0x7e,0x37,0x80,0x37,0xb5,0x37,0xc3,0x37,0xe4,0x37,0x06,0x38,0x0e,0x38,
0x20,0x38,0x36,0x38,0x3b,0x38,0x45,0x38,0xbf,0x38,0x20,0x3a,0x29,0x3a,0x58,0x3a,
0x20,0x3b,0x26,0x3b,0x61,0x3b,0x62,0x3b,0x63,0x3b,0x64,0x3b,0x7a,0x3b,0x89,0x3b,
0xb4,0x3b,0xd3,0x3b,0x33,0x3c,0x5f,0x3c,0xa0,0x3c,0xb8,0x3c,0xbe,0x3c,0xd4,0x3c,
0xe1,0x3c,0xe7,0x3c,0x1a,0x3d,0x31,0x3d,0x3a,0x3d,0x40,0x3d,0x4a,0x3d,0x87,0x3d,
0xf6,0x3d,0xfa,0x3d,0x04,0x3e,0x0f,0x3e,0x28,0x3e,0x37,0x3e,0x7d,0x3e,0x8f,0x3e,
0xd0,0x3e,0xd9,0x3e,0xdd,0x3e,0xe0,0x3e,0xe3,0x3e,0xbf,0x3f,0x6a,0x40,0x6e,0x40,
0x74,0x40,0xb8,0x40,0x25,0x41,0x35,0x41,0x83,0x41,0x2b,0x42,0x46,0x42,0x47,0x42,
0x58,0x42,0x78,0x42,0xb5,0x42,0x86,0x43,0xae,0x43,0xaf,0x43,0xec,0x43,0x05,0x44,
0x5d,0x44,0x1e,0x45,0x27,0x45,0x34,0x45,0x4b,0x45,0x64,0x45,0x7c,0x46,0x83,0x46,
0xc9,0x46,0xd0,0x46,0xd5,0x46,0xd7,0x46,0xed,0x46,0xf3,0x46,0xf7,0x46,0x0a,0x47,
0x1e,0x47,0xab,0x47,0xe4,0x47,0xec,0x47,0x00,0x48,0x6b,0x48,0x6d,0x48,0x39,0x49,
0x80,0x49,0xba,0x49,0xd1,0x49,0xee,0x49,0xef,0x49,0xfa,0x49,0x0a,0x4a,0x32,0x4a,
0x79,0x4a,0x80,0x4a,0x96,0x4a,0xdd,0x4a,0xee,0x4a,0x2b,0x4b,0x48,0x4b,0x7d,0x4b,
0x7f,0x4b,0x96,0x4b,0xa0,0x4b,0x7a,0x4c,0x88,0x4c,0x97,0x4c,0xbd,0x4c,0xfa,0x4c,
0x21,0x4d,0x26,0x4d,0x2e,0x4d,0xa1,0x4e,0xa6,0x4e,0xb4,0x4e,0xbc,0x4e,0xbe,0x4e,
0xc2,0x4e,0xc3,0x4e,0xc5,0x4e,0xc7,0x4e,0xce,0x4e,0xd0,0x4e,0xdc,0x4e,0xde,0x4e,
0xec,0x4e,0xfe,0x4e,0x12,0x4f,0x15,0x4f,0x28,0x4f,0x6d,0x4f,0x8d,0x4f,0xd3,0x4f,
0xfa,0x4f,0xfb,0x4f,0x04,0x50,0x16,0x50,0x25,0x50,0x53,0x50,0xcb,0x50,0xfc,0x50,
0x08,0x51,0x19,0x51,0xe9,0x51,0xf2,0x51,0x29,0x52,0x34,0x52,0x71,0x52,0x81,0x52,
0xab,0x52,0xf0,0x52,0x02,0x53,0x76,0x53,0xdb,0x53,0x03,0x54,0x3c,0x54,0x60,0x54,
0xdc,0x54,0xce,0x55,0x01,0x57,0xb9,0x57,0x4b,0x58,0x64,0x58,0x67,0x58,0x6f,0x58,
0xaa,0x58,0xc4,0x58,0x5e,0x59,0x7e,0x59,0x80,0x59,0x85,0x59,0xc3,0x59,0xc5,0x59,
0xc7,0x59,0xd1,0x59,0xe2,0x59,0xe5,0x59,0xff,0x59,0x65,0x5b,0xa0,0x5b,0xa3,0x5b,
0xad,0x5b,0xaf,0x5b,0xb7,0x5b,0xbd,0x5b,0xbe,0x5b,0xc0,0x5b,0xd4,0x5b,0xdc,0x5b,
0xe1,0x5b,0xe5,0x5b,0xec,0x5b,0xee,0x5b,0xf3,0x5b,0xf6,0x5b,0xfa,0x5b,0x02,0x5c,
0x30,0x5c,0x1e,0x5d,0x24,0x5d,0x33,0x5d,0x76,0x5d,0x84,0x5d,0xb2,0x5d,0xdc,0x5d,
0xde,0x5d,0xee,0x5d,0xf2,0x5d,0x29,0x5e,0xaa,0x5e,0x65,0x5f,0x6b,0x5f,0x6d,0x5f,
0x73,0x5f,0x7a,0x5f,0x7c,0x5f,0x82,0x5f,0x84,0x5f,0x90,0x5f,0x92,0x5f,0xb8,0x5f,
0xc6,0x5f,0xcf,0x5f,0xd3,0x5f,0xd7,0x5f,0xda,0x5f,0xdd,0x5f,0xde,0x5f,0xef,0x5f,
0xff,0x5f,0x05,0x60,0x08,0x60,0x19,0x60,0x1e,0x60,0x3a,0x60,0x52,0x60,0x64,0x60,
0xe7,0x60,0x4c,0x61,0xc6,0x61,0xc9,0x61,0xcc,0x61,0xce,0x61,0x73,0x62,0x87,0x64,
0x9e,0x64,0xad,0x64,0xfd,0x64,0x00,0x65,0x18,0x65,0x2d,0x65,0x5b,0x65,0x7e,0x65,
0xe7,0x65,0xec,0x65,0xed,0x65,0xf3,0x65,0x07,0x66,0x33,0x66,0x35,0x66,0x3f,0x66,
0x43,0x66,0x4c,0x66,0x4f,0x66,0x63,0x66,0x76,0x66,0x8e,0x66,0x93,0x66,0x9b,0x66,
0xc5,0x66,0xf5,0x66,0xff,0x66,0x06,0x67,0x58,0x67,0x5d,0x67,0x61,0x67,0xe8,0x67,
0xf2,0x67,0x74,0x68,0x75,0x68,0x78,0x68,0x79,0x68,0x7a,0x68,0x83,0x68,0x90,0x68,
0x97,0x68,0x9b,0x68,0xcd,0x68,0xdd,0x68,0x87,0x69,0x75,0x6a,0x7d,0x6a,0x8b,0x6a,
0xd7,0x6a,0x22,0x6e,0xa5,0x6e,0xc3,0x6e,0xd7,0x6e,0x4f,0x6f,0x43,0x01,0xc2,0x03,
0x10,0x18,0x46,0x17,0x28,0x60,0x5b,0xbb,0xbb,0xbb,0x00,0x09,0xaa,0xaa,0xa6,0x74,
0x19,0x48,0x5a,0xaa,0xaa,0x10,0x0d,0x00,0xf3,0x00,0xaa,0x00,0x00,0x03,0x70,0x00,
0x00,0x00,0x37,0x00,0x00,0x00,0x03,0xda,0xa7,0x09,0x00,0x03,0x12,0x00,0x61,0x6a,
0xab,0xda,0xaa,0x20,0x4a,0x25,0x00,0xf3,0x01,0x47,0x00,0x00,0x00,0x04,0xa0,0x00,
0x00,0x00,0x4a,0xb6,0x00,0x00,0x04,0x70,0x77,0x12,0x00,0x21,0x70,0x00,0x09,0x00,
0xf0,0x0a,0x0a,0xaa,0xaa,0xaa,0x40,0x00,0x0b,0x20,0x00,0x00,0x06,0xf5,0x30,0x00,
0x05,0x9b,0x1b,0x50,0x08,0x90,0xb0,0x0b,0x50,0x50,0x0b,0x66,0x00,0x40,0xb0,0x00,
0x00,0x00,0x09,0x00,0xf3,0x0f,0x11,0x00,0x00,0x00,0x07,0x40,0x00,0x00,0x00,0xa9,
0x99,0x99,0x10,0x0c,0x33,0x33,0x20,0x00,0x55,0x55,0x5a,0x01,0x99,0x99,0x91,0x90,
0x00,0x00,0x00,0x18,0x77,0x00,0xf6,0x2a,0x9a,0xc2,0x00,0x2a,0xad,0xac,0xba,0x60,
0x00,0x90,0x54,0x00,0x0b,0x9d,0x9c,0xbc,0x30,0xa0,0xc0,0x73,0x63,0x0a,0x2a,0x89,
0x96,0x30,0xa9,0x24,0x87,0x93,0x0a,0x40,0x71,0x06,0x30,0xa0,0x00,0x06,0xb1,0x00,
0x03,0xe2,0x00,0x00,0x01,0xb2,0xb1,0x00,0x01,0xb3,0x41,0xb3,0x03,0xc3,0x0b,0x00,
0x95,0x68,0x00,0x05,0x09,0x00,0xf1,0x07,0x0b,0x00,0x08,0x99,0xe9,0x97,0xb0,0x0b,
0x00,0xbb,0x00,0xb0,0x0b,0xd9,0x9e,0x99,0xc4,0x00,0xb0,0x04,0x00,0x0b,0x21,0x00,
0xf1,0x35,0x58,0x8d,0x88,0x50,0x90,0x0a,0x00,0xa0,0x58,0x8d,0x88,0x60,0x88,0x8d,
0x88,0x80,0xa0,0x0a,0x00,0x90,0xd8,0x8d,0x88,0xd0,0x20,0x0a,0x00,0x10,0x00,0x0a,
0x00,0x00,0x00,0xc9,0x99,0xa7,0x00,0x0a,0x1a,0x02,0x70,0x00,0xa0,0x57,0x27,0x02,
0x9d,0x99,0x9a,0xc7,0x00,0xa0,0x00,0x27,0x00,0x0a,0x00,0x02,0x70,0x04,0x70,0x00,
0x27,0x00,0xa1,0x00,0xab,0x50,0x43,0x01,0xf0,0x17,0x02,0x70,0xb0,0x00,0x00,0x05,
0x4b,0x00,0x00,0x09,0x9a,0xd9,0x9e,0x00,0x00,0x37,0x10,0xb0,0x00,0x08,0x4b,0x1b,
0x00,0x02,0xb0,0x16,0xb0,0x03,0xc1,0x00,0x0b,0x00,0x71,0x00,0xbb,0x70,0x00,0x04,
0x2a,0x00,0x81,0x4b,0x20,0x00,0x07,0x99,0xaa,0x99,0x20,0x5f,0x00,0x81,0x00,0xa0,
0x00,0x00,0x39,0x9d,0x99,0x70,0x09,0x00,0x82,0x88,0x8d,0x88,0x84,0x01,0x11,0x11,
0x11,0x95,0x01,0xf0,0x17,0x01,0x29,0x02,0x10,0x01,0x90,0xa0,0xa1,0x00,0x09,0x20,
0x1a,0x00,0x00,0x1b,0x0a,0x20,0x00,0x00,0x5c,0x70,0x00,0x00,0x08,0xbb,0x10,0x01,
0x7c,0x50,0x3c,0x91,0x14,0x00,0x00,0x03,0x10,0x00,0x01,0x2a,0x00,0xf1,0x10,0x3a,
0x00,0x00,0x06,0xaa,0xda,0xa2,0x00,0x00,0x00,0x29,0x00,0x00,0x00,0x2a,0x00,0x00,
0x02,0x59,0x00,0x00,0x06,0xb9,0x00,0x00,0x02,0xb0,0x7a,0xab,0xb2,0x01,0x4e,0x00,
0xf0,0x0b,0x05,0x20,0x00,0x04,0x9d,0x99,0x60,0x07,0x41,0x11,0xa0,0x07,0x30,0x39,
0x80,0x07,0x75,0x55,0x54,0x02,0x55,0x55,0x5b,0x5a,0xaa,0xaa,0x87,0x00,0x00,0x75,
0x1b,0x04,0x1d,0x02,0x70,0x10,0x00,0x29,0x9a,0xa8,0x10,0x06,0xd7,0x00,0xfd,0x3a,
0x82,0x0a,0x00,0x00,0x08,0xa9,0xd9,0x98,0x00,0x02,0x0a,0x01,0x00,0x01,0xb0,0xa1,
0xc2,0x00,0xb2,0x0a,0x01,0xc1,0x02,0x0a,0xc0,0x02,0x00,0x00,0x00,0x12,0x43,0x00,
0x59,0x8d,0x65,0x20,0x19,0x99,0xd9,0x99,0x60,0x01,0x4a,0x33,0x30,0x08,0xa7,0xa4,
0xa5,0x30,0x99,0x7d,0x6a,0x87,0x00,0x08,0xb8,0x50,0x00,0x39,0x1a,0x07,0xb4,0x26,
0x00,0xa0,0x01,0x40,0x08,0xbb,0xbb,0xb4,0x00,0x01,0x00,0x95,0x05,0xbb,0xbb,0xbb,
0xb0,0x09,0x99,0xa9,0x96,0xab,0x01,0x5a,0x05,0xaa,0xae,0xaa,0xa0,0xbd,0x01,0x20,
0x05,0xba,0x07,0x01,0xf4,0x3f,0x20,0x00,0x00,0x00,0x1a,0x00,0x00,0x49,0xa9,0x9a,
0x99,0x00,0x0b,0x10,0x6a,0x00,0x1b,0x61,0x06,0x49,0x00,0x01,0xa3,0x90,0x00,0x00,
0x06,0xf2,0x00,0x00,0x39,0x93,0xa9,0x50,0x37,0x20,0x00,0x15,0x00,0x00,0x00,0x60,
0x00,0x00,0x88,0x8c,0x98,0x84,0x00,0x88,0x88,0x83,0x00,0x0b,0x44,0x47,0x60,0x00,
0x45,0x55,0x52,0x00,0x38,0x89,0xdb,0x30,0x29,0x99,0xca,0x99,0x60,0x00,0x07,0x30,
0x00,0x00,0x07,0xc1,0x81,0x00,0x10,0x50,0x2d,0x00,0xf4,0x15,0x88,0x85,0x00,0x77,
0x77,0x91,0x00,0x0b,0x77,0x7d,0x20,0x08,0x88,0x88,0x88,0x51,0x90,0x66,0x60,0x0a,
0x00,0x0a,0x1a,0x00,0x00,0x04,0x60,0x90,0x0a,0x19,0x90,0x07,0xaa,0x70,0x10,0x00,
0x49,0x02,0x10,0x0e,0x09,0x00,0x10,0xf0,0xf9,0x02,0xf0,0x06,0x60,0x00,0x00,0x09,
0x1a,0x00,0x00,0x05,0x70,0x2a,0x00,0x08,0x90,0x00,0x4c,0x21,0x50,0x00,0x00,0x20,
0x00,0xd0,0x02,0xf2,0x36,0x39,0x99,0x99,0x60,0x08,0x35,0x50,0x38,0x00,0xe1,0x19,
0x07,0x40,0x8c,0x10,0xb2,0xc0,0x02,0x91,0x03,0xe8,0x00,0x09,0x10,0x1e,0x50,0x00,
0x91,0x2b,0x3b,0x60,0x09,0x3a,0x20,0x08,0x10,0x00,0x01,0xd6,0x00,0x00,0x00,0xb2,
0x94,0x00,0x00,0xa4,0x00,0x97,0x02,0xb4,0x70,0x09,0x57,0x00,0x19,0x00,0xb0,0x00,
0x02,0x80,0x0b,0x00,0x00,0x65,0x00,0xb0,0x00,0x3a,0xfe,0x00,0x00,0x1a,0x02,0x40,
0x01,0x90,0x00,0x0a,0xd2,0x01,0xf0,0x2f,0xa0,0x03,0xa0,0x00,0x0d,0x40,0x5d,0x00,
0x01,0xac,0x29,0xa2,0x00,0x84,0x25,0xa2,0xb0,0x3a,0x01,0xc1,0x07,0x82,0x00,0x22,
0x00,0x02,0x01,0x74,0x0a,0x00,0x00,0x82,0xa0,0xa3,0x40,0x1f,0x2c,0x9d,0x5a,0x08,
0xb3,0xb0,0xa0,0xa0,0x09,0x0a,0x0a,0x89,0x00,0x90,0xa0,0xa0,0x21,0x09,0x0a,0x10,
0x18,0x30,0x90,0x38,0x99,0x70,0x4b,0x00,0xf0,0x0e,0x70,0xb1,0x09,0x00,0xa0,0x1b,
0x0a,0x00,0xa0,0x01,0x0a,0x00,0xa0,0x00,0x0a,0x00,0xa0,0x77,0x29,0x00,0xba,0x30,
0xaa,0x30,0x30,0x5b,0x20,0xb2,0x00,0xe9,0x01,0xf1,0x14,0x80,0x53,0x00,0x00,0x55,
0x91,0x93,0x80,0x0c,0x19,0x20,0x74,0x05,0xe1,0x38,0x0b,0x00,0x59,0x10,0xa7,0x70,
0x00,0x91,0x03,0xf1,0x00,0x09,0x13,0xb4,0xc4,0x00,0x96,0x91,0x01,0x91,0x95,0x00,
0x00,0xe7,0x00,0xe0,0x03,0x79,0x97,0x9a,0x09,0x1a,0x0a,0x0a,0x2f,0x0a,0x0a,0x0a,
0x9a,0x0a,0x01,0x00,0x82,0x5a,0x0a,0x0a,0x1c,0x3a,0x5c,0x0a,0x00,0x02,0x00,0xf0,
0x12,0x01,0x82,0x2a,0x00,0x00,0x72,0x9a,0xd9,0x70,0x0d,0x28,0x0a,0x00,0x08,0xb4,
0x20,0xa0,0x00,0x19,0x49,0x9d,0x99,0x20,0x91,0x00,0xa0,0x00,0x09,0x10,0x0a,0x00,
0x00,0x91,0xeb,0x02,0x10,0x20,0xad,0x02,0xf5,0x02,0x36,0x8a,0x50,0x08,0x36,0x4a,
0x00,0x01,0xe1,0x00,0xa0,0x00,0x8c,0x69,0x9d,0x99,0x21,0x24,0x00,0x51,0x93,0x88,
0xd8,0x80,0x09,0x7c,0x01,0xf6,0x18,0x20,0x10,0x00,0x00,0x45,0x29,0x27,0x00,0x09,
0x18,0x30,0x90,0x01,0xf2,0xa0,0x02,0x90,0x9c,0x58,0xca,0xc5,0x01,0xa0,0x0a,0x19,
0x00,0x0a,0x00,0xc0,0x90,0x00,0xa0,0x66,0x0a,0x00,0x0a,0x29,0x0a,0x80,0x5a,0x02,
0xf2,0x14,0x18,0x0a,0x08,0x00,0x07,0x20,0x91,0x45,0x01,0xe5,0x9c,0xa9,0x81,0x9b,
0x00,0x45,0x46,0x02,0xa0,0x01,0x9b,0x00,0x0a,0x00,0x0d,0x41,0x00,0xa0,0x0a,0x98,
0x63,0x0a,0x1b,0x30,0x7c,0x29,0x00,0xf0,0x39,0x30,0x22,0x00,0x00,0x38,0x38,0x63,
0x20,0x08,0x36,0xc6,0x64,0x01,0xe5,0x9d,0x99,0x92,0x8b,0x14,0x60,0x00,0x01,0x91,
0x69,0x9b,0x50,0x09,0x11,0x32,0xb0,0x00,0x91,0x1a,0xe1,0x00,0x09,0x10,0x05,0x90,
0x00,0x00,0x20,0x03,0x00,0x02,0x80,0x28,0x00,0x07,0x3a,0x99,0x9b,0x0d,0x1a,0x00,
0x0a,0x7d,0x1a,0x00,0x0a,0x39,0x1b,0x88,0x8c,0x09,0x1a,0x00,0x0a,0x09,0x1b,0x99,
0x9c,0x08,0x00,0xf0,0x15,0x00,0x30,0x10,0x00,0x00,0x46,0x05,0x80,0x00,0x09,0x49,
0x9d,0x98,0x01,0xf0,0x30,0x05,0x00,0x9c,0x09,0x20,0xa0,0x00,0xa0,0x46,0x0a,0x00,
0x0a,0x01,0x94,0x60,0x00,0xa5,0x88,0xc9,0x82,0xef,0x03,0x00,0xf9,0x00,0xf1,0x18,
0x10,0x00,0x28,0x89,0xd8,0x20,0x08,0x2a,0x0a,0x00,0x01,0xe0,0xa0,0xa0,0x00,0x9c,
0x0c,0x9c,0xa8,0x03,0xa0,0xa0,0x63,0x00,0x0a,0x0a,0x03,0x80,0x00,0xa0,0xba,0x4a,
0x72,0x0a,0x08,0x1a,0x5d,0x00,0x10,0x6e,0x01,0xf0,0x02,0x50,0x00,0x00,0x37,0x04,
0xb0,0x00,0x09,0x49,0x9a,0x99,0x02,0xf0,0x00,0xa0,0x00,0x9c,0x60,0x01,0x50,0xa0,
0x99,0xd9,0x80,0x0a,0xb3,0x03,0x10,0xa0,0xcd,0x01,0x41,0x59,0x99,0x99,0x20,0x5a,
0x00,0xf1,0x0d,0x28,0x00,0xa0,0x00,0x08,0x59,0x9d,0x99,0x21,0xe0,0x06,0xe4,0x00,
0x8b,0x00,0xa9,0x90,0x00,0xa0,0xa3,0x93,0x90,0x0a,0x88,0x9d,0x87,0x40,0xa1,0xf6,
0x01,0x02,0x81,0x00,0x02,0x7c,0x01,0xf0,0x2d,0x3b,0x99,0x99,0x93,0x09,0x20,0x00,
0x0a,0x01,0xf1,0x98,0x90,0xa0,0x9b,0x19,0x09,0x0a,0x01,0x91,0x90,0x90,0xa0,0x09,
0x17,0x87,0x0a,0x00,0x91,0x00,0x00,0xa0,0x09,0x10,0x08,0xb8,0x00,0x00,0x10,0x21,
0x00,0x00,0x09,0x19,0x10,0x00,0x00,0xa0,0xcd,0x99,0x50,0x6a,0x56,0xa0,0x00,0x1b,
0xab,0x0b,0x99,0x10,0x2a,0xc0,0x01,0x51,0xa0,0x0b,0x99,0x30,0x0a,0x09,0x00,0x04,
0x56,0x00,0xe0,0x28,0x11,0xa1,0x10,0x08,0x46,0x6c,0x66,0x10,0xe0,0xc8,0xd8,0xb0,
0x7c,0x13,0x18,0x70,0xa0,0x98,0xd8,0x60,0x0a,0x04,0x98,0x24,0x00,0x73,0xb4,0x00,
0x0a,0x4a,0x40,0x6b,0x30,0x60,0x04,0xf5,0x17,0x00,0x00,0x48,0xba,0x81,0x63,0x09,
0x08,0x51,0x96,0x31,0xe0,0xa5,0x99,0x63,0x7c,0x2c,0x46,0x96,0x31,0x97,0x3d,0x29,
0x63,0x09,0x00,0xb0,0x86,0x30,0x90,0x75,0x00,0x63,0x09,0x48,0x00,0x6b,0x20,0xd2,
0x01,0xf1,0x15,0x28,0x0a,0x0a,0x00,0x08,0x39,0xd9,0xd9,0x00,0xe0,0x0a,0x0a,0x00,
0x8c,0x00,0xa0,0xa0,0x01,0xa5,0x9b,0x9b,0x92,0x0a,0x00,0x80,0xa0,0x00,0xa0,0xa3,
0x04,0xa0,0x0a,0x45,0x00,0x06,0x10,0xd5,0x00,0xf6,0x14,0x5a,0xa9,0x91,0x63,0x0a,
0x54,0x78,0x96,0x31,0xe4,0x49,0x89,0x63,0x7a,0x44,0x98,0x96,0x30,0x94,0x58,0x89,
0x63,0x09,0x15,0x63,0x86,0x30,0x90,0x95,0x50,0x63,0x09,0x74,0x06,0x7b,0x56,0x00,
0xf4,0x15,0x2b,0x38,0xa2,0x40,0x07,0x55,0x99,0x09,0x00,0xe3,0x8c,0xc9,0x84,0x7c,
0x01,0x96,0x46,0x01,0xa0,0x5d,0x69,0x90,0x0a,0x37,0x90,0xf2,0x10,0xa0,0x19,0x5d,
0x49,0x0a,0x09,0x89,0x1d,0x40,0xf3,0x02,0xf0,0x00,0x00,0x46,0xb8,0x88,0x90,0x09,
0x1a,0x00,0x09,0x01,0xf0,0x98,0xb8,0x70,0x8c,0x85,0x01,0xf0,0x00,0x95,0x9b,0xf9,
0x94,0x09,0x01,0x9b,0xa1,0x00,0x93,0xa1,0xa2,0xb4,0x09,0x30,0x2f,0x06,0xf0,0x0d,
0x20,0x11,0x00,0x00,0x56,0x01,0xb0,0x00,0x0a,0x69,0x99,0x99,0x23,0xf0,0x68,0x88,
0x30,0x8b,0x05,0x77,0x73,0x00,0xa0,0x88,0x88,0x50,0x0a,0x0a,0x75,0x03,0x41,0xc8,
0x88,0xa0,0x0a,0x21,0x03,0xf0,0x17,0x30,0x13,0x00,0x00,0x64,0x09,0xa9,0x50,0x0a,
0x78,0x88,0x91,0x02,0xe7,0x31,0xab,0x30,0x7b,0x78,0x95,0x57,0x40,0x97,0x49,0x78,
0x30,0x09,0x73,0x89,0x4a,0x20,0x93,0x12,0x6b,0x20,0x09,0x00,0x94,0xd2,0x04,0xf5,
0x18,0x06,0x00,0x00,0x57,0x88,0xd8,0x83,0x0a,0x29,0x10,0x00,0x02,0xf0,0x97,0x11,
0x70,0x8b,0x09,0xa8,0x9c,0x30,0xa0,0xeb,0x71,0x80,0x0a,0x19,0x94,0x78,0x00,0xa4,
0x69,0x01,0x80,0x0a,0x81,0x91,0xa6,0x00,0x58,0x01,0xf2,0x14,0x37,0x02,0x90,0x00,
0x09,0x3b,0xb8,0xd8,0x01,0xf0,0x19,0x0a,0x00,0x8c,0x48,0x88,0x88,0x20,0xa0,0x78,
0x88,0x40,0x0a,0x0a,0x00,0x37,0x00,0xa0,0xb8,0x89,0x70,0x09,0x0a,0x00,0x26,0x00,
0x02,0xf2,0x14,0x49,0xbb,0x92,0x54,0x09,0x08,0x35,0x95,0x41,0xe3,0xd8,0xc9,0x54,
0x7c,0x01,0x51,0x95,0x41,0x93,0x8d,0x79,0x54,0x09,0x01,0xa1,0x85,0x40,0x92,0x5d,
0x90,0x54,0x09,0x34,0x10,0x4b,0xae,0x01,0xf1,0x0c,0x27,0x0a,0x0a,0x00,0x07,0x48,
0xd8,0xd8,0x00,0xe2,0x3b,0x3b,0x31,0x7c,0x35,0x55,0x55,0x11,0xa0,0xb8,0x89,0x80,
0x0a,0x0b,0x77,0x88,0x00,0x09,0x00,0x42,0x0a,0x00,0x28,0x00,0x29,0x00,0x40,0x11,
0xa1,0x10,0x07,0x00,0x02,0xf2,0x07,0xd0,0x98,0x88,0x90,0x7d,0x09,0x77,0x79,0x01,
0xa0,0x98,0x88,0x90,0x0a,0x09,0x77,0x79,0x00,0xa4,0xc8,0x88,0xc4,0x27,0x02,0x00,
0xd1,0x00,0xf1,0x15,0x45,0x88,0xd8,0x70,0x09,0x1a,0x11,0x19,0x01,0xf0,0xd8,0x88,
0x70,0x8c,0x0d,0x89,0x99,0x11,0x91,0xe2,0x98,0x72,0x09,0x4b,0x9c,0xcb,0x20,0x97,
0x72,0x98,0x72,0x09,0x37,0x23,0x2a,0x10,0x9d,0x03,0xf2,0x0b,0x48,0x89,0xc8,0x80,
0x09,0x06,0x77,0x72,0x01,0xf0,0xb7,0x79,0x50,0x8b,0x36,0x66,0x66,0x00,0xa7,0x22,
0x22,0x91,0x0a,0x07,0x8d,0x82,0xfa,0x02,0x27,0x01,0x98,0x51,0x06,0xf6,0x62,0x26,
0x61,0x95,0x20,0x08,0x49,0x8a,0xa9,0x11,0xe3,0x55,0x55,0x61,0x8b,0x01,0x33,0x30,
0x00,0xa2,0x9b,0x99,0x80,0x0a,0x00,0xa0,0x80,0x00,0xa0,0x65,0x3a,0x70,0x0a,0x0a,
0x86,0x48,0x00,0x03,0x77,0x39,0xb9,0x10,0x80,0x40,0x38,0x90,0x1e,0x68,0x69,0xd8,
0x57,0xb0,0x90,0xba,0x80,0x0a,0x09,0x8a,0x19,0x00,0xa0,0xa4,0xc7,0xc0,0x0a,0x0b,
0x2c,0x8c,0x00,0xa0,0x00,0x90,0x90,0x01,0x30,0x50,0x00,0x00,0x54,0x69,0xa7,0x00,
0x09,0x6d,0x7c,0x79,0x01,0xe1,0xb7,0xc7,0xc0,0x7b,0x03,0xd2,0x06,0x01,0x94,0x88,
0x9b,0x20,0x09,0x2a,0x7d,0x84,0x00,0x91,0x69,0x72,0xb2,0x09,0x27,0x7b,0x11,0x20,
0x7b,0x00,0xf0,0x10,0xa2,0x10,0x00,0x00,0x75,0x02,0x90,0x00,0x8e,0x99,0x8a,0x80,
0x00,0x07,0x08,0x02,0x00,0x01,0x90,0xa0,0x00,0x00,0x65,0x0a,0x09,0x11,0x99,0x00,
0xb9,0xc0,0x01,0x9a,0x01,0x14,0x02,0x7c,0x09,0xc0,0x19,0x99,0x99,0x99,0x50,0x00,
0xa0,0xa1,0x00,0x00,0x0a,0x0a,0xe4,0x05,0xb5,0xa0,0x04,0x00,0x85,0x0a,0x00,0xa0,
0xa7,0x00,0x7b,0xb5,0x7f,0x07,0x01,0x01,0x07,0xf1,0x03,0x19,0x9d,0xa9,0x99,0x20,
0x06,0x60,0x29,0x00,0x04,0xb9,0x98,0x7a,0x00,0x00,0x30,0x40,0x20,0x32,0x00,0xa1,
0x06,0x60,0xa0,0x44,0x19,0x80,0x0b,0xac,0x20,0x10,0x1b,0x07,0xf0,0x04,0xa0,0x04,
0x00,0x0a,0x0a,0x08,0x40,0x00,0x41,0xa0,0x60,0x01,0x99,0xd9,0xd9,0x95,0x00,0x0a,
0x09,0xaf,0x06,0x68,0x90,0x04,0x00,0x85,0x09,0x01,0x56,0x00,0xf0,0x05,0xa0,0x00,
0x01,0x77,0x7c,0x77,0x74,0x01,0xa8,0xb8,0x96,0x00,0x19,0x00,0x02,0x80,0x01,0xab,
0x9c,0x95,0x7f,0x00,0xa7,0x00,0x00,0x2a,0x0a,0x01,0x90,0x9a,0x10,0x9a,0xb5,0x4c,
0x01,0x10,0xa3,0x5c,0x00,0xf0,0x1d,0xd0,0x00,0x00,0x00,0x4c,0x50,0x00,0x00,0x0a,
0x2c,0x00,0x00,0x02,0xa0,0x67,0x00,0x00,0xb2,0x00,0xc2,0x01,0xb4,0x00,0x02,0xc3,
0x02,0x00,0x00,0x01,0x10,0x00,0x05,0xc6,0x00,0x00,0x04,0x80,0x78,0x00,0x18,0xc9,
0x99,0xab,0x42,0xb3,0x05,0x54,0x04,0x99,0xd9,0x93,0x00,0xd4,0x08,0x71,0x02,0x88,
0x88,0x88,0x82,0x00,0x00,0xcc,0x09,0xf0,0x12,0xa1,0x00,0x00,0xa2,0x02,0x90,0x00,
0x49,0x04,0x06,0x80,0x2b,0x07,0x50,0x07,0x30,0x00,0xb0,0x72,0x00,0x00,0x84,0x01,
0xb0,0x00,0x4e,0x9a,0xaa,0x90,0x01,0x21,0x00,0x03,0x12,0x0a,0x97,0x40,0x00,0x02,
0xa0,0x65,0x00,0x07,0xab,0xae,0x96,0x0a,0x41,0x1b,0xbb,0xbb,0x60,0x09,0x09,0xf1,
0x02,0xaa,0xaa,0xaa,0xa5,0x00,0x11,0x00,0x30,0x00,0x03,0xa0,0x29,0x00,0x05,0x9c,
0xac,0xa9,0x68,0x00,0x00,0x79,0x08,0xf0,0x23,0x50,0x00,0x1b,0x90,0x00,0x00,0x0a,
0x37,0x70,0x00,0x5b,0x40,0x07,0xb3,0x05,0x00,0x00,0x02,0x20,0x00,0xa0,0x04,0x60,
0x01,0x7d,0x77,0x9a,0x50,0x00,0xc8,0x8a,0x60,0x00,0x0c,0x66,0x96,0x00,0x00,0xa1,
0x15,0x60,0x05,0x99,0x99,0xb9,0x90,0x05,0xb3,0x07,0xb5,0xaa,0x0a,0xf0,0x13,0x50,
0x06,0xa8,0x88,0xd0,0x00,0x69,0x88,0x8d,0x00,0x06,0x98,0x88,0xd0,0x00,0x66,0x33,
0x3b,0x00,0x06,0x75,0x55,0xc0,0x06,0x8a,0x98,0xb8,0x83,0x05,0xb2,0x06,0xa4,0x04,
0x60,0x20,0x08,0xc5,0x09,0x27,0x00,0x00,0xb8,0xc9,0xca,0x50,0x09,0x09,0x27,0x45,
0x09,0x00,0xf0,0x27,0x06,0x89,0x98,0xa8,0x82,0x03,0xb3,0x08,0xb3,0x04,0x81,0x00,
0x01,0x60,0x00,0x10,0x02,0x00,0x02,0x47,0x84,0xc4,0x40,0x24,0x4b,0x69,0x44,0x00,
0x38,0xc9,0xbb,0x20,0x47,0x7c,0x9b,0xb9,0x10,0x38,0xd9,0xcb,0x20,0x00,0x8b,0x2d,
0x40,0x01,0x95,0x92,0x78,0x80,0x43,0x09,0x27,0x04,0xb0,0x00,0xf2,0x2d,0x0c,0x99,
0xd9,0x9b,0xb0,0x0a,0x00,0xab,0x03,0xd5,0x0a,0xb0,0xb1,0x95,0xab,0xb3,0x00,0x6a,
0xb0,0x00,0x00,0xab,0x00,0x05,0xaa,0x0a,0x9b,0x3b,0xb5,0x00,0xa0,0xa3,0x65,0x50,
0x0a,0x0a,0x36,0x55,0x06,0xd9,0xda,0xbb,0xb2,0x09,0x0a,0x45,0x55,0x00,0xa0,0xa5,
0x45,0x50,0x19,0x0a,0x82,0x55,0x08,0x27,0xb9,0x1b,0x8b,0x03,0xf0,0x02,0x0d,0x9a,
0x99,0x9d,0x0a,0x48,0x33,0x3a,0x00,0x87,0x55,0x50,0x00,0xb8,0x88,0x85,0x00,0x9e,
0x05,0xc0,0x99,0x99,0x38,0x00,0x00,0x00,0x56,0x00,0x00,0x8a,0xb1,0x03,0x16,0x01,
0xf5,0x08,0xb3,0x99,0xd9,0x91,0x01,0x0a,0x0a,0x07,0x20,0x00,0xa0,0xa0,0x72,0x02,
0x5d,0x9d,0x9c,0x20,0xa1,0x40,0xa0,0x21,0x48,0x6d,0x0a,0xf0,0x14,0x00,0x32,0x00,
0x01,0x50,0x55,0x83,0x00,0x0b,0x1b,0x9b,0x99,0x10,0x05,0xf1,0x91,0x10,0x00,0x4a,
0x6b,0x65,0x00,0x64,0xa8,0xc8,0x70,0x0b,0x0a,0x09,0x00,0x06,0x40,0xa9,0xd9,0x93,
0x2c,0x00,0x00,0xab,0x0a,0xf2,0x12,0x97,0x10,0x76,0xb8,0x8d,0x94,0x00,0x1a,0x87,
0x92,0x10,0x00,0x97,0x69,0x81,0x01,0x99,0x88,0x99,0x00,0x66,0x8a,0x99,0x45,0x0b,
0x46,0x03,0x98,0x91,0x58,0x11,0xa0,0x85,0xa7,0x01,0x50,0x8a,0xaa,0x00,0x00,0x0b,
0x23,0x09,0x27,0xb0,0x0b,0x09,0x00,0x91,0x57,0x00,0xb0,0x19,0x3b,0x00,0x09,0xbc,
0x50,0xd4,0x02,0x70,0x0b,0x00,0x10,0x90,0x0b,0x00,0xa0,0x04,0x00,0xf2,0x01,0x59,
0x9d,0x99,0x60,0x40,0x0b,0x00,0x30,0xa0,0x0b,0x00,0xa0,0xd9,0x9d,0x99,0xd0,0x9d,
0x02,0x70,0x90,0x00,0x00,0x79,0xad,0x99,0x30,0x09,0x00,0xf0,0x03,0x06,0xaa,0xad,
0xaa,0xa1,0x03,0x01,0x90,0x11,0x00,0xa0,0x19,0x05,0x40,0x0b,0x9a,0xd9,0xb4,0x30,
0x0a,0xf0,0x09,0x40,0x39,0x99,0x9e,0x20,0x00,0x4a,0x20,0xa6,0x09,0x18,0xaa,0x35,
0x95,0x1a,0xa5,0x9a,0x75,0xab,0x52,0xa0,0x6b,0xd9,0xab,0x41,0x00,0x12,0x0a,0x82,
0x0b,0xf2,0x13,0x90,0xb0,0x00,0x00,0xa2,0x03,0xa0,0x00,0x86,0x00,0x05,0xa0,0x58,
0x9c,0xa9,0xd4,0x40,0x00,0x91,0x0b,0x00,0x00,0x0c,0x00,0xb0,0x00,0x08,0x60,0x0b,
0x00,0x0a,0x70,0x9b,0x80,0x6e,0x26,0xf5,0x30,0x04,0x99,0x99,0x0a,0x44,0x0a,0x0a,
0x7d,0x64,0x0a,0x0a,0x09,0x00,0x18,0x0a,0x09,0x16,0x46,0x0a,0x0a,0x91,0xb1,0x0a,
0x01,0x0a,0x56,0x98,0x00,0x02,0x00,0x10,0x19,0xd9,0x93,0x0a,0x00,0xb2,0x17,0x2a,
0x04,0x96,0xa7,0x2a,0x0c,0x63,0x77,0x2a,0x35,0x4d,0x27,0x2a,0x00,0x2b,0x05,0x1a,
0x00,0xb2,0x00,0x0a,0x0a,0x40,0x05,0xac,0xa0,0x02,0xf0,0x18,0x0a,0x70,0x01,0x55,
0x03,0x87,0x60,0xa5,0x53,0xa0,0x08,0x5a,0x55,0x4a,0x99,0x91,0xa5,0x50,0xa0,0x0a,
0x0a,0x55,0x0a,0x19,0x61,0x85,0x50,0xa0,0x02,0x70,0x55,0x07,0xa9,0xb2,0x8c,0x30,
0x01,0x10,0x00,0xb1,0x07,0xf0,0x0f,0x99,0x49,0xa9,0x0a,0x0a,0x00,0x74,0x0a,0x0a,
0x04,0xc8,0x0a,0x0a,0x6b,0xd9,0x0a,0x0a,0x20,0xa5,0x29,0x0a,0x00,0xa0,0x92,0x0b,
0x00,0xa5,0x84,0xb8,0x00,0xf2,0x03,0xf5,0x14,0xb9,0xa6,0x15,0x30,0x98,0x93,0x69,
0x53,0x09,0x89,0x36,0x95,0x35,0xcc,0xca,0xb9,0x53,0x08,0x88,0x36,0x95,0x30,0x88,
0x93,0x67,0x53,0x26,0x89,0x36,0x05,0x37,0x5a,0x8a,0x55,0xb2,0x79,0x00,0xf0,0x11,
0x07,0xa8,0x25,0x0a,0x03,0x76,0x28,0x1a,0x16,0xc8,0x58,0x1a,0x01,0xda,0x08,0x1a,
0x0a,0x86,0x98,0x1a,0x18,0x64,0x01,0x0a,0x00,0x64,0x00,0x2b,0x00,0x64,0x01,0x97,
0x24,0x00,0xf0,0x11,0x0c,0x99,0x94,0x2a,0x09,0x00,0x96,0x3a,0x08,0xc8,0x56,0x3a,
0x14,0xc4,0x36,0x3a,0x14,0xc4,0xa6,0x3a,0x00,0xa0,0x90,0x0a,0x06,0x50,0x90,0x0a,
0x1b,0x3a,0x51,0xbc,0x24,0x00,0xf3,0x57,0x59,0xd9,0x92,0x09,0x05,0x58,0x25,0x49,
0x1c,0x69,0xb5,0x49,0x14,0x80,0x35,0x49,0x27,0xc7,0x55,0x49,0x02,0xb2,0x24,0x39,
0x00,0xa5,0x91,0x09,0x5a,0x85,0x11,0xab,0x09,0x90,0x01,0x1a,0x5a,0xc8,0x76,0x4a,
0x86,0xc7,0x66,0x4a,0x11,0x92,0x16,0x4a,0x4b,0xc8,0xa6,0x4a,0x45,0x90,0x93,0x2a,
0x45,0x96,0x80,0x0a,0x00,0x90,0x02,0xbb,0x0c,0x88,0xb3,0x45,0x40,0x90,0x06,0x3a,
0x54,0x0c,0x8c,0x81,0xa5,0x40,0xc8,0xc8,0x2a,0x54,0x0e,0x39,0x44,0xa5,0x43,0xb3,
0x94,0x46,0x54,0x86,0x29,0x92,0x05,0x41,0x00,0x90,0x0a,0xc2,0x00,0x01,0xb5,0x00,
0xf1,0x5a,0x08,0x49,0x35,0x1a,0x00,0xbc,0x07,0x2a,0x08,0x86,0xa7,0x2a,0x25,0x54,
0x27,0x2a,0x27,0x98,0x67,0x2a,0x0a,0x65,0x91,0x0a,0x45,0x63,0x80,0x0a,0x02,0xc2,
0x01,0xbb,0x00,0x30,0x03,0x10,0x00,0x07,0x30,0xb0,0x00,0x69,0x99,0x99,0x99,0x21,
0xa8,0xa0,0x50,0x80,0x1b,0x5b,0x0a,0x0a,0x01,0x92,0xa0,0xa0,0xa0,0x1c,0x8c,0x0a,
0x0a,0x01,0x80,0x90,0x00,0xa0,0x18,0x5b,0x04,0xa8,0x00,0x69,0x99,0x93,0x2a,0x0b,
0x88,0x74,0x6a,0x0b,0x77,0x84,0x6a,0x38,0x88,0x84,0x6a,0x73,0x81,0x94,0x6a,0x78,
0xc8,0xc2,0x2a,0x79,0xc8,0xc0,0x0a,0x72,0x00,0x91,0xac,0x76,0x04,0xf1,0x14,0x32,
0x0a,0x00,0x00,0x4a,0x89,0xd9,0x95,0x01,0x90,0x0a,0x01,0x80,0x19,0x00,0xa0,0x18,
0x01,0xba,0x0a,0x02,0x72,0xb6,0x07,0x40,0x45,0x00,0x03,0xa1,0x19,0x30,0x00,0x80,
0x49,0x70,0x7b,0x0d,0x70,0xd9,0x69,0x8d,0x00,0x90,0x98,0x0a,0x04,0x00,0xf0,0x0e,
0x03,0x60,0x98,0x0a,0x08,0x21,0x88,0x0a,0x1a,0x03,0x79,0x9d,0x42,0x7b,0x38,0x09,
0x06,0x99,0x30,0xa0,0x00,0x00,0x01,0x6c,0x73,0x19,0x99,0x63,0xa3,0x76,0x26,0xf2,
0x04,0x27,0x03,0x7a,0x02,0x72,0x70,0x82,0x85,0x74,0x36,0x0d,0xb6,0xab,0x05,0x50,
0x00,0x0a,0x38,0xc1,0x51,0x02,0xf5,0x15,0x9a,0x00,0x90,0x00,0x90,0x92,0x6c,0x70,
0x0c,0x8c,0x14,0x9a,0x00,0x90,0x90,0x27,0x90,0x0b,0x8c,0x04,0x59,0x00,0x90,0x94,
0xa2,0xa0,0x3d,0xb9,0x7a,0x0a,0x01,0x10,0x1c,0x18,0xa0,0x00,0x4b,0x08,0xf0,0x17,
0x1d,0x44,0x44,0x20,0x09,0x64,0x44,0x59,0x05,0xe9,0x99,0x71,0x90,0x19,0x10,0x19,
0x28,0x00,0x98,0x88,0x44,0x60,0x09,0x10,0x06,0x94,0x30,0x94,0x11,0x12,0x94,0x02,
0x89,0x99,0x86,0x00,0x00,0x32,0x13,0x02,0xf0,0x0b,0x98,0x88,0x83,0x03,0x80,0x11,
0x05,0x51,0xb6,0x77,0x25,0x55,0x12,0x94,0xe0,0x95,0x50,0x0a,0x93,0x79,0x54,0x00,
0xd9,0x88,0x96,0x30,0x9b,0x0d,0x42,0x00,0x00,0x08,0xab,0x56,0x00,0x20,0x06,0x4a,
0xf4,0x05,0xe1,0xa0,0x07,0x10,0x7b,0x0a,0x3a,0x50,0x3a,0xa4,0xd8,0x00,0x01,0x0a,
0x4a,0x5c,0x06,0xf3,0x04,0x01,0xa0,0x0a,0x08,0xa8,0xb6,0x00,0xa0,0x01,0x10,0x00,
0xa9,0xa9,0xa9,0x91,0xb0,0xa0,0xa0,0x00,0x04,0x00,0x50,0x60,0xb9,0x40,0xba,0xb0,
0x58,0x03,0xf3,0x38,0xd9,0x99,0x99,0x94,0xa9,0x99,0x99,0x90,0xa3,0x30,0x08,0x00,
0xa0,0xa5,0x56,0x00,0xa0,0x0a,0xc0,0x00,0xa0,0x4a,0x78,0x00,0xa6,0x80,0x07,0x40,
0xc8,0x88,0x88,0x81,0x11,0x11,0x11,0x10,0x00,0x49,0x58,0x30,0x00,0x89,0x50,0x83,
0x00,0x00,0x55,0x08,0x30,0x06,0xac,0xca,0xcb,0xa2,0x00,0x64,0x07,0x40,0x00,0x09,
0x10,0x74,0x00,0x04,0xa0,0x07,0x40,0x03,0xa0,0x00,0x74,0xb2,0x0e,0xf2,0x02,0x30,
0xa0,0x15,0x00,0x0a,0x2a,0x0a,0x20,0x05,0x98,0xd8,0xa8,0x00,0x01,0x1a,0x11,0x10,
0xa4,0x05,0x05,0x7c,0x04,0x00,0x67,0x0e,0xf0,0x36,0x00,0x0a,0x00,0x07,0xd9,0x39,
0xda,0x30,0x09,0x00,0x19,0x56,0x00,0x90,0x94,0x75,0xb3,0x09,0x2a,0x73,0x67,0x70,
0x95,0x2b,0x07,0x48,0x09,0x0a,0x31,0x91,0x00,0x95,0x40,0x87,0x00,0x00,0x40,0x03,
0x10,0x00,0x06,0x50,0xb0,0x00,0x09,0x88,0xc9,0xa3,0x00,0xa8,0x8c,0x8b,0x40,0x0a,
0x00,0x90,0x64,0x00,0x58,0x9c,0x88,0x20,0x69,0x99,0xd9,0x99,0x20,0x00,0x19,0x6d,
0x00,0x10,0x90,0xe8,0x01,0x00,0x21,0x06,0x30,0x3c,0x99,0x30,0x09,0x00,0xd0,0x05,
0x99,0xbc,0x99,0x91,0x00,0x03,0xb3,0x00,0x00,0x00,0x38,0x8b,0x12,0x00,0xa0,0x01,
0x00,0x00,0x36,0x00,0x00,0x07,0x99,0x99,0x97,0x21,0x05,0x53,0xa0,0x00,0x05,0x60,
0x0a,0x09,0x00,0x21,0x68,0xb4,0x33,0x05,0x90,0x0a,0xab,0xba,0xaa,0x40,0x08,0x99,
0x99,0x99,0xfa,0x07,0x02,0x21,0x0b,0xf1,0x03,0xa4,0x99,0xd9,0x80,0x0b,0x00,0x0a,
0x60,0x00,0xb0,0x00,0xa2,0x70,0x39,0x99,0x9d,0x99,0x41,0x90,0x07,0xf2,0x15,0x99,
0xbb,0x99,0x30,0xa2,0x8b,0x98,0x40,0x0a,0x47,0x22,0x29,0x00,0xa4,0xa6,0x66,0x90,
0x0a,0x39,0x8a,0x87,0x00,0xb0,0x80,0xa6,0x20,0x29,0x67,0x0a,0x0b,0x15,0x47,0x1a,
0x80,0x21,0x00,0x85,0x04,0x10,0x30,0x89,0x04,0xf0,0x12,0x38,0x00,0x01,0xca,0xb8,
0x88,0x02,0x88,0xba,0x99,0x85,0x00,0x75,0x62,0xa2,0x01,0xa8,0x95,0x82,0x87,0x01,
0x67,0xa4,0xa3,0x00,0x05,0x68,0x92,0x00,0x00,0x76,0x20,0x00,0x8d,0x11,0xf0,0x0f,
0xa3,0x00,0x0a,0x23,0x09,0x20,0x00,0x83,0xb2,0xb0,0x00,0x01,0xb1,0xa3,0x00,0x00,
0x03,0xd7,0x00,0x00,0x01,0xa8,0xb5,0x00,0x29,0xa2,0x00,0x7c,0x20,0x20,0x32,0x03,
0xf1,0x39,0xda,0x9d,0x10,0x00,0x09,0x20,0xb0,0x00,0x00,0xa8,0x5c,0x92,0x00,0x0a,
0x82,0x0a,0x00,0x01,0xa1,0xa4,0x70,0x00,0x74,0x05,0xf2,0x00,0x3a,0x18,0x92,0xa9,
0x12,0x04,0x30,0x00,0x20,0x19,0x99,0x7a,0x9a,0x10,0x30,0xa1,0x80,0xa0,0x08,0x3a,
0x09,0x0a,0x00,0x0c,0x70,0x84,0x70,0x00,0x98,0x02,0xe1,0x00,0x2a,0x92,0x4d,0x30,
0x1b,0x11,0x6a,0x0b,0x41,0x10,0x06,0x00,0x02,0x00,0xec,0x03,0x31,0x99,0xaa,0x30,
0x52,0x0d,0x60,0x9a,0xa9,0x9a,0x10,0x09,0x1a,0x42,0x09,0xe0,0x56,0x74,0x00,0x0b,
0x00,0xab,0x00,0x04,0x83,0x97,0x6b,0x50,0x30,0x71,0x9d,0x10,0x00,0xc7,0x0c,0x91,
0x64,0x46,0x0a,0x10,0x0c,0x9c,0xb9,0xa9,0x10,0xf6,0x0e,0xf3,0x2b,0x3e,0x99,0x93,
0x00,0x0b,0x68,0x0a,0x10,0x08,0x60,0x7d,0x40,0x04,0x61,0x6b,0x6b,0x61,0x00,0x85,
0x00,0x05,0x30,0x1c,0x9c,0xa2,0x22,0x00,0x71,0x67,0xd9,0xc3,0x07,0x9b,0x39,0x09,
0x00,0x79,0xb3,0x72,0x90,0x07,0x16,0x31,0xc5,0x00,0x97,0xcb,0x1d,0x30,0x26,0x37,
0x38,0x5b,0x20,0x00,0x68,0x60,0x17,0x13,0x02,0xf3,0x4a,0x60,0x00,0x01,0x88,0x8d,
0x88,0x81,0x00,0x49,0x09,0x40,0x00,0x84,0x90,0x94,0x90,0x26,0x01,0x01,0x06,0x10,
0x0b,0xb8,0x9b,0x00,0x00,0x09,0x6a,0x10,0x00,0x03,0x9a,0xa5,0x10,0x1a,0x71,0x00,
0x59,0x10,0x04,0x9c,0xbd,0x60,0x03,0xbd,0xc6,0xba,0x60,0x08,0x9a,0x08,0xa7,0x06,
0xa5,0x86,0xa5,0xa1,0x94,0xaa,0xaa,0x89,0x31,0x1b,0x66,0x69,0x00,0x01,0xb6,0x66,
0x90,0x06,0x8c,0x88,0x8c,0x82,0x68,0x88,0x88,0x6b,0x11,0x11,0x1b,0xb0,0x00,0x00,
0xbb,0x00,0x00,0x0b,0x07,0x00,0x80,0xaa,0xaa,0xaa,0x90,0x00,0xb9,0x99,0x97,0x58,
0x0b,0x10,0x90,0xcf,0x02,0xf0,0x08,0x00,0x00,0x06,0x00,0x00,0x09,0x99,0xd9,0x9a,
0x40,0x00,0x19,0x00,0x54,0x00,0x1b,0x20,0x07,0x30,0x9b,0x30,0x8a,0xb0,0x87,0x04,
0x00,0x0c,0x02,0x42,0xb0,0x09,0x10,0x00,0x04,0x00,0xf0,0x03,0x99,0x99,0xd0,0x00,
0x21,0x05,0x00,0x02,0xb1,0x07,0x90,0x4a,0x10,0x00,0x68,0x00,0x00,0x00,0x7b,0x04,
0x20,0xa9,0x10,0xc5,0x06,0xf4,0x01,0x05,0x99,0xa0,0xb0,0x00,0x73,0x0a,0x0b,0x00,
0x07,0x30,0xa0,0xb0,0x00,0x38,0x87,0x92,0x10,0x20,0x07,0xbc,0x67,0x18,0x01,0x64,
0x11,0xc0,0x01,0xa1,0x08,0x50,0x1c,0xa8,0x99,0xd5,0x02,0x10,0x00,0x03,0x4c,0x00,
0x04,0x54,0x00,0x11,0x09,0x39,0x01,0x11,0x30,0x91,0x0d,0x61,0x00,0x09,0x9c,0xb9,
0x99,0x40,0xfb,0x02,0xa0,0x6c,0x99,0x97,0x00,0x3b,0x80,0x00,0xa0,0x29,0x28,0x3d,
0x12,0x50,0xc9,0x99,0xb0,0x00,0x28,0x70,0x02,0x80,0xd8,0x88,0xa7,0x00,0x09,0x00,
0x03,0x70,0xb5,0x10,0x91,0x01,0x78,0x97,0x77,0x75,0x00,0x8b,0x99,0x96,0xcd,0x06,
0x02,0xd6,0x07,0x60,0x07,0xac,0x10,0x00,0x01,0xc8,0x02,0x11,0xf0,0x02,0x15,0x90,
0x00,0x05,0xc7,0x66,0x9b,0x60,0x25,0x02,0x22,0x20,0x30,0x00,0xd9,0x99,0x98,0x53,
0x03,0x11,0x19,0xc2,0x03,0x01,0x0a,0x00,0x00,0x09,0x00,0xf2,0x02,0xdb,0x46,0x66,
0x4b,0xb1,0x22,0x21,0xbb,0x0c,0x8c,0x0b,0xb1,0x90,0xa0,0xbb,0x09,0x8a,0x26,0x01,
0x21,0x07,0xac,0x7b,0x04,0xf0,0x06,0x07,0xc8,0x94,0x00,0x6a,0x01,0xb1,0x09,0x68,
0x7b,0x10,0x00,0x06,0xa1,0x00,0x07,0xad,0x88,0x8c,0x02,0x0a,0x1a,0x0f,0x25,0x88,
0x8d,0x1e,0x0e,0x62,0x69,0x99,0xaa,0x40,0x0a,0x00,0x9c,0x13,0x11,0x92,0x09,0x00,
0xf0,0x03,0xa5,0xb9,0x99,0xa0,0x0b,0x55,0x00,0x0a,0x03,0x85,0xb9,0x99,0xa0,0x41,
0x55,0x00,0x0a,0x00,0xb2,0x09,0x20,0x01,0x70,0x70,0x00,0xf0,0x00,0xda,0x00,0x00,
0x0a,0xa0,0xc8,0xc0,0xaa,0x09,0x09,0x0a,0xa0,0x99,0x90,0xaa,0x0e,0x00,0xf1,0x11,
0x00,0x6a,0xc0,0x0a,0xa4,0x99,0x9a,0x01,0x95,0x48,0x01,0x80,0x19,0x54,0xa0,0x46,
0x01,0x95,0x4a,0x9a,0xb5,0x1a,0x74,0x00,0x04,0x61,0xc7,0x49,0x99,0x55,0x01,0x00,
0x87,0x11,0xf1,0x12,0x4a,0xb0,0x19,0x99,0xca,0x99,0x50,0x00,0x4e,0x37,0x00,0x01,
0x96,0xa0,0x3b,0x30,0x81,0x08,0x00,0x02,0x01,0xa8,0x88,0x87,0x00,0x28,0x00,0x01,
0x90,0x02,0xc8,0x88,0x99,0x09,0x00,0xf0,0x02,0x00,0x09,0xb2,0x00,0x00,0x1a,0x72,
0xa6,0x00,0x68,0x11,0x81,0x49,0x00,0x48,0x88,0xb7,0x8a,0x03,0xa1,0x10,0x00,0xa8,
0x88,0x8c,0x10,0x0a,0x88,0x88,0xd1,0x2c,0x10,0x01,0xce,0x0c,0x00,0x0d,0x0c,0x80,
0x99,0x99,0x9a,0x0a,0x88,0x88,0x8a,0x09,0x90,0x05,0xf1,0x1f,0x49,0x99,0x99,0x0a,
0x63,0x00,0x09,0x56,0x6a,0x99,0x9c,0x20,0x63,0x00,0x09,0x01,0x50,0xa0,0x00,0x00,
0x99,0x9d,0x99,0x50,0x17,0x11,0xb1,0x11,0x04,0x77,0x77,0x77,0x70,0x04,0x99,0x99,
0x91,0x00,0x64,0x00,0x08,0x20,0x06,0xa8,0x88,0xc2,0x09,0x00,0xf2,0x11,0x0b,0x99,
0x99,0x9c,0x0a,0x25,0xb5,0x3a,0x0a,0x13,0xb3,0x2a,0x0a,0x68,0x88,0x8a,0x0a,0x2a,
0x79,0x3a,0x0a,0x2c,0x8b,0x4a,0x0b,0x00,0x00,0x0a,0x47,0x00,0x05,0xbb,0x78,0x07,
0xf0,0x0e,0xb6,0x00,0x00,0x07,0x60,0x78,0x00,0x3b,0x67,0x77,0x5a,0x42,0x88,0xa3,
0xa8,0x70,0x09,0x09,0x46,0x09,0x00,0x93,0xa4,0x60,0x90,0x08,0x55,0x47,0x94,0x36,
0x12,0x02,0xf5,0x02,0xf0,0x15,0x7a,0xa3,0x45,0x53,0x00,0x64,0x0b,0x44,0x91,0x9c,
0xa7,0xb0,0x19,0x00,0xd6,0x0b,0x01,0x90,0x6a,0x97,0xb0,0x19,0x1a,0x64,0x0b,0x01,
0x90,0x06,0x40,0xc9,0x99,0x00,0x64,0x04,0x00,0x20,0x62,0x09,0xf0,0x0a,0x59,0x50,
0x09,0x00,0x81,0x9b,0x88,0x8c,0x81,0x99,0x48,0x5a,0x81,0x99,0x80,0x8a,0x83,0x99,
0x80,0x8a,0x88,0x49,0x68,0x7a,0x10,0x25,0x05,0xf1,0x4b,0x09,0x01,0x9b,0x07,0x9b,
0x2b,0x8b,0x00,0x75,0x92,0xa4,0xa0,0x01,0x35,0x74,0xc3,0x01,0x89,0xd9,0xac,0x85,
0x02,0xa2,0x00,0x88,0x11,0xba,0xa5,0xb8,0xc6,0x05,0xaa,0x5b,0x8a,0x00,0x54,0x44,
0x90,0x90,0x47,0x40,0xc7,0xd0,0x09,0x09,0x09,0x79,0x00,0x90,0x9b,0x99,0x7a,0x09,
0x09,0xb9,0x97,0xa0,0x90,0x93,0x35,0x33,0x09,0x96,0x28,0xd6,0x20,0x30,0x07,0x66,
0x89,0x10,0x03,0x50,0x60,0x41,0xd9,0x99,0x99,0xb5,0xa0,0x00,0x00,0x55,0xa4,0xb8,
0x8a,0x55,0xa4,0x60,0x0a,0x04,0x00,0x44,0xa2,0x99,0x95,0x55,0x18,0x00,0xf3,0x06,
0xd9,0x9a,0x99,0xda,0x00,0xa0,0x0a,0xa8,0x8d,0x88,0xaa,0x00,0xd2,0x0a,0xa0,0x74,
0xa2,0xaa,0x76,0x00,0xaa,0xdf,0x01,0xf5,0x13,0xd9,0x9a,0x99,0xc2,0xa7,0x8d,0x87,
0x82,0xa3,0x5c,0x52,0x82,0xa2,0x4b,0x41,0x82,0xa8,0x8d,0x8c,0x82,0xa0,0x0a,0x49,
0x82,0xd9,0x9b,0x99,0xc2,0xa0,0x00,0x00,0x82,0xd9,0x9c,0x3c,0x00,0xa3,0x38,0xd8,
0x3a,0xa5,0x40,0x27,0xaa,0x49,0x88,0x5a,0x3c,0x00,0x00,0x07,0x00,0xf4,0x02,0x78,
0x98,0x7a,0xa0,0x0a,0x00,0xaa,0x48,0xd9,0x5a,0xa0,0x0a,0x54,0xaa,0x78,0xa8,0x8a,
0x1c,0x00,0xf3,0x08,0xaa,0x99,0xda,0x09,0x99,0x0a,0xa8,0x88,0x50,0xaa,0x17,0x89,
0x3a,0xa8,0x39,0x65,0xaa,0x07,0x86,0x0a,0xd9,0x99,0xb9,0x38,0x00,0xf0,0x0b,0x99,
0x90,0xc8,0x88,0x09,0x90,0x88,0x85,0x09,0x94,0x9a,0x8b,0x09,0x95,0x39,0x09,0x09,
0x94,0x95,0x69,0x29,0xcb,0x98,0x89,0x99,0xa0,0x43,0x06,0x00,0xcd,0x03,0x00,0xa8,
0x10,0xf1,0x0c,0x09,0xac,0x9b,0x99,0x30,0x0b,0x20,0x81,0x00,0x05,0xc3,0x9c,0x99,
0x04,0x8a,0x00,0x81,0x00,0x00,0xa0,0x08,0x10,0x00,0x0a,0x79,0xda,0x95,0x75,0x03,
0xf5,0x34,0x01,0x80,0x70,0x90,0x00,0x18,0x0b,0x0a,0x42,0x1a,0xd8,0xc9,0xd6,0x80,
0x18,0x4c,0x09,0x28,0x01,0x80,0xb0,0x9a,0x60,0x19,0x7b,0x09,0x02,0x2a,0x93,0xb1,
0x12,0xb0,0x00,0x04,0x88,0x84,0x08,0x10,0x0a,0x00,0x02,0xa4,0x24,0xa0,0x00,0x4b,
0x73,0x6a,0x86,0x00,0x81,0x36,0xa0,0x00,0x08,0x13,0x6a,0x00,0x03,0xb9,0x46,0xa0,
0x00,0x31,0x2a,0xbd,0x99,0x8f,0x0c,0xf0,0x0c,0x08,0x10,0xb0,0x00,0x5c,0x95,0x96,
0x6c,0x08,0x3b,0x71,0x0a,0x08,0x12,0x2a,0x2a,0x08,0x20,0x00,0x4a,0x0a,0xb5,0x9a,
0x3a,0x65,0x01,0x10,0xd7,0x06,0xf3,0x51,0xa7,0x01,0x90,0x09,0x00,0x00,0x29,0x39,
0xd9,0x70,0x19,0xc5,0x09,0x09,0x00,0x19,0x49,0xd9,0xd5,0x01,0x92,0x0c,0x50,0x01,
0x9b,0x44,0x7a,0x10,0x01,0x04,0xa0,0x1b,0x40,0x00,0x50,0x00,0x03,0x08,0x26,0xa9,
0x9a,0x02,0x95,0x64,0x00,0xa0,0x4b,0x77,0xa8,0x8a,0x00,0x82,0x64,0x00,0xa0,0x08,
0x26,0x40,0x0a,0x01,0xba,0x58,0x88,0x50,0x53,0x01,0x11,0x11,0x00,0x01,0x88,0x88,
0x83,0x06,0xca,0xb4,0x76,0x30,0x4b,0x78,0x47,0x63,0x04,0xa6,0x74,0x76,0x30,0x64,
0x45,0x03,0x83,0x05,0x01,0x60,0x69,0x10,0x25,0x16,0x00,0x23,0x00,0xf1,0x3b,0x88,
0x85,0x04,0x88,0x55,0xc5,0x10,0x05,0xb8,0x8a,0x00,0x00,0x48,0x44,0xa0,0x00,0x04,
0x84,0x4a,0x00,0x18,0xc9,0x88,0xd8,0x50,0x6b,0x5c,0x57,0xa4,0x14,0x12,0xb2,0x20,
0x20,0x68,0x88,0x88,0x82,0x07,0x26,0x6c,0x66,0x24,0xc9,0x47,0x96,0x70,0x08,0x26,
0xa8,0x8a,0x00,0x72,0x68,0x77,0xa0,0x07,0x66,0x98,0x8a,0x05,0xa6,0xa9,0x88,0xc4,
0x00,0x03,0x90,0x87,0x00,0x01,0x80,0x00,0x52,0xd9,0x00,0xf0,0x14,0x63,0x0a,0x18,
0x30,0x06,0x3a,0x9c,0x8b,0x44,0xca,0xa9,0x96,0x94,0x06,0x38,0x8a,0x88,0x30,0x63,
0x49,0x88,0x90,0x4a,0x85,0x96,0x6b,0x01,0x00,0x4a,0x77,0xc0,0x00,0x04,0x40,0x09,
0x50,0x05,0xf1,0x0b,0x99,0x40,0x01,0x1b,0x11,0x10,0x03,0x88,0x88,0x87,0x00,0x2a,
0x8a,0x88,0x90,0x03,0x70,0x90,0x0a,0x00,0x3b,0x88,0x88,0x90,0x09,0x20,0x7b,0x15,
0x00,0xa4,0x0b,0x00,0x37,0x0c,0xf3,0x13,0xd8,0x9a,0x00,0x07,0x74,0x79,0x10,0x00,
0x02,0x78,0xa7,0x10,0x2a,0xe9,0x88,0xbc,0x40,0x0a,0x19,0x13,0x70,0x00,0xc7,0xc7,
0x87,0x00,0x0d,0x8c,0x89,0x70,0x00,0x90,0x00,0x27,0x07,0x09,0xf0,0x11,0x99,0x99,
0x60,0x1a,0x98,0x88,0x80,0x01,0x2c,0x77,0x7d,0x00,0x00,0xc7,0x77,0xc0,0x00,0x08,
0xd8,0x86,0x00,0x19,0x69,0x29,0x40,0x00,0x14,0x9b,0xb7,0x40,0x38,0x51,0xbc,0x07,
0xf1,0x11,0x80,0x0a,0x00,0x00,0x3b,0xa6,0xa0,0x00,0x08,0x15,0x4a,0x30,0x02,0xc7,
0x91,0xa9,0x40,0x70,0x6b,0x0a,0x09,0x10,0x07,0x40,0xa0,0x00,0x03,0xa0,0x0a,0x00,
0x02,0xb0,0xe5,0x01,0x01,0x7a,0x08,0x00,0x70,0x05,0xf7,0x12,0xba,0x97,0x00,0x05,
0xc7,0x0a,0x10,0x00,0x30,0x9b,0x50,0x00,0x16,0xa7,0x5c,0x9a,0x00,0x32,0x9c,0x04,
0x80,0x00,0x61,0x4b,0x90,0x00,0x02,0x6a,0x60,0x00,0x03,0x74,0x00,0x87,0x08,0xf5,
0x10,0x1a,0xaa,0xeb,0xaa,0x50,0x00,0x0b,0x80,0x00,0x00,0x04,0x6a,0x20,0x00,0x01,
0xb0,0x1c,0x10,0x05,0xc2,0x00,0x2c,0x40,0x60,0x00,0x00,0x01,0x07,0x99,0xa9,0x97,
0x84,0x16,0x70,0x02,0xaa,0xaf,0xaa,0xa2,0x00,0x04,0x1e,0x0f,0x91,0xb1,0xa3,0x00,
0x04,0xb3,0x00,0xa8,0x11,0x71,0xc1,0x00,0x03,0xa8,0x16,0x03,0x48,0x00,0xf0,0x11,
0x70,0x00,0x00,0x05,0x59,0x10,0x00,0x01,0xd4,0x1b,0x10,0x04,0xb1,0x95,0x2c,0x30,
0x70,0x00,0x00,0x12,0x00,0x60,0xa1,0x00,0x00,0x0c,0x9d,0x99,0x80,0x07,0x30,0xa1,
0x80,0x04,0x40,0xa9,0x94,0x00,0x00,0xec,0x0b,0x90,0x84,0x66,0x00,0x04,0xa5,0x00,
0x6b,0x30,0x51,0xf8,0x0e,0x00,0xc6,0x08,0xf4,0x0d,0x9a,0x9d,0x9c,0x50,0x01,0xa1,
0x93,0x80,0x04,0x8b,0x8c,0xc9,0x80,0x01,0x16,0xb3,0x11,0x00,0x02,0xa0,0xb3,0x00,
0x28,0x91,0x00,0x9a,0x01,0x10,0xb0,0x13,0xf3,0x14,0x27,0x06,0x99,0xb1,0x3b,0xb9,
0x00,0x67,0x00,0x81,0xa0,0x0a,0x00,0x0a,0x0a,0x99,0xd9,0x50,0xc4,0x80,0x0a,0x00,
0x02,0xd4,0x00,0xa0,0x00,0x2a,0xb0,0x0a,0x00,0x0b,0x11,0x2a,0x80,0xd6,0x14,0xf2,
0x17,0x02,0x00,0x00,0x17,0x00,0x90,0x00,0x2a,0xb7,0x27,0x27,0x00,0x71,0x9b,0x77,
0xd3,0x09,0x08,0x33,0x11,0x40,0x96,0x5a,0x99,0xd0,0x00,0xd5,0x90,0x0a,0x00,0x67,
0x4a,0x99,0xd0,0x0b,0x00,0x90,0x0a,0x39,0x0a,0xb1,0x99,0x99,0xb2,0x00,0x00,0x03,
0xa4,0x00,0x00,0x00,0xc0,0x80,0x17,0x1a,0xa1,0x80,0x17,0x23,0x06,0xb9,0xb5,0x0a,
0xf6,0x07,0x33,0x3c,0x43,0x31,0x0b,0x55,0x55,0x59,0x50,0x59,0x99,0xab,0x43,0x00,
0x00,0x69,0x10,0x02,0x99,0x9d,0x99,0x96,0x2d,0x00,0x10,0x1a,0xc6,0x0d,0x00,0x68,
0x08,0xf0,0x0c,0x22,0xb2,0x22,0x20,0x06,0x8b,0x66,0x66,0x20,0x09,0x28,0x88,0x70,
0x03,0xc0,0x02,0x91,0x02,0xba,0x79,0xba,0x95,0x10,0xa0,0x06,0x40,0x00,0x9e,0x0c,
0x23,0x00,0xa0,0x81,0x13,0xf5,0x0c,0x01,0x32,0x20,0x50,0x00,0x0b,0x19,0x38,0x00,
0x4b,0x99,0x99,0x9c,0x04,0x78,0x88,0x86,0xa0,0x00,0x00,0x69,0x20,0x06,0x88,0x8d,
0x88,0x82,0xa3,0x01,0x21,0x00,0x5a,0xe2,0x09,0x00,0x0d,0x00,0xf1,0x01,0x10,0x00,
0xc9,0x9a,0x99,0xc0,0xa4,0x00,0x00,0xa1,0x1a,0x00,0x69,0x10,0x0b,0x9a,0x53,0x0a,
0x92,0x70,0x0b,0x10,0x01,0xb0,0x03,0x99,0x98,0x30,0x34,0x11,0xf1,0x13,0x0a,0x20,
0x00,0x0c,0x99,0x99,0x9b,0x50,0x80,0x46,0x00,0x43,0x19,0x9d,0x99,0xc9,0x50,0x05,
0x70,0x28,0x00,0x00,0x28,0xac,0x10,0x00,0x14,0x8a,0x6b,0x70,0x06,0x62,0x00,0x05,
0x4c,0x18,0xd0,0x01,0x33,0x4c,0x33,0x30,0x49,0x55,0x55,0x5b,0x02,0x59,0x99,0x97,
0x9d,0x0e,0x00,0xb9,0x10,0xe4,0xc9,0x90,0x00,0x28,0x18,0x00,0x00,0x09,0x31,0x80,
0x72,0x2b,0x60,0x0c,0xe2,0x0d,0x00,0xf9,0x00,0xd0,0x3b,0x43,0x30,0x0c,0x55,0x55,
0x5c,0x00,0x58,0x9a,0x98,0x50,0x00,0x10,0x0c,0xf1,0x02,0x0b,0x0b,0x99,0x60,0x02,
0xd4,0xa0,0x00,0x00,0xb1,0x7d,0x98,0x82,0x02,0x00,0x01,0x22,0xfe,0x02,0x01,0xe4,
0x08,0xf1,0x11,0x28,0x00,0x01,0x08,0x20,0x33,0xa4,0x80,0x20,0x05,0xa1,0x46,0x00,
0x00,0x13,0x28,0x41,0x10,0x18,0x89,0xd8,0x88,0x10,0x02,0xb3,0x99,0x10,0x1a,0x81,
0x00,0x2a,0x10,0xa2,0x18,0x00,0x29,0x00,0xf0,0x04,0x0a,0x04,0x05,0x27,0x20,0x5a,
0x4a,0x49,0x70,0x01,0x3b,0x19,0x71,0x01,0xae,0x88,0x8c,0xb4,0x01,0xd1,0x12,0x32,
0x0b,0x88,0x8d,0xd4,0x15,0x01,0x29,0x00,0xf0,0x15,0x98,0x8c,0x88,0x90,0x0a,0x3a,
0x39,0x3b,0x00,0x05,0xb5,0xa5,0x00,0x00,0xb9,0x99,0xb0,0x00,0x19,0x09,0x08,0x10,
0x00,0x61,0xa4,0x61,0x00,0x03,0xa2,0xb0,0x64,0x29,0x60,0x07,0x97,0x00,0x4e,0x07,
0x51,0x05,0xaa,0xaa,0xcb,0xa0,0x51,0x1b,0x10,0x1b,0x88,0x0b,0x10,0x67,0x5a,0x1b,
0xf1,0x3d,0x50,0x74,0x00,0x00,0x01,0x28,0x40,0x00,0x00,0x29,0x91,0x00,0x16,0x65,
0x00,0x19,0x00,0x10,0xb6,0x9a,0xd7,0x0a,0x2a,0x00,0x0a,0x00,0x2d,0x65,0x70,0xa0,
0x00,0xa7,0x0c,0x0a,0x00,0x29,0xb2,0x51,0xa0,0x0b,0x12,0x20,0x0a,0x02,0x40,0x00,
0x6a,0x70,0x04,0xb9,0x99,0xb5,0x00,0x4b,0x88,0x8a,0x50,0x03,0x60,0x00,0x06,0x20,
0x19,0x99,0x9c,0x70,0x08,0x88,0x88,0xd8,0x40,0x05,0x30,0x0a,0x00,0x00,0xe6,0x15,
0x22,0x05,0xa7,0x65,0x01,0xf3,0x14,0x5a,0x70,0x00,0x90,0x0a,0x7c,0x48,0x8c,0x40,
0xa4,0xb0,0x11,0xa0,0x0a,0x4a,0x1b,0x09,0x05,0x9b,0xd0,0xa2,0x90,0x00,0x99,0x02,
0x19,0x02,0xa1,0x90,0x00,0x90,0x31,0x6c,0x05,0xa7,0x1c,0x0f,0xf0,0x0e,0x04,0xb8,
0x50,0x34,0xa5,0xc1,0x65,0x00,0x9a,0x22,0xd7,0x00,0x07,0xa3,0x53,0x40,0x00,0x6c,
0x69,0x9d,0x92,0x66,0xa0,0x90,0xa0,0x00,0x0a,0x07,0x1a,0xa7,0x05,0x12,0xc0,0x64,
0x02,0xf3,0x0a,0x02,0x0b,0x04,0x00,0x01,0xa0,0xb0,0xa1,0x00,0x75,0x0b,0x02,0xa0,
0x1b,0x00,0xb0,0x0b,0x21,0x20,0x0b,0x00,0x20,0x00,0x39,0xb0,0x0b,0x13,0x35,0xc9,
0x99,0x98,0xeb,0x16,0x80,0x00,0x0d,0x9c,0xb9,0x60,0x02,0x80,0x29,0x2a,0x19,0x10,
0x75,0x79,0x02,0x60,0x89,0x11,0x50,0x00,0x00,0x33,0xf8,0x07,0xf2,0x11,0x00,0xa8,
0x88,0x88,0xa0,0x0a,0x01,0x36,0x90,0x00,0xa4,0x8c,0x31,0x10,0x0a,0x59,0xd9,0x84,
0x00,0xa2,0x5c,0x99,0x93,0x19,0x54,0xb0,0x01,0x44,0x40,0x08,0xa9,0xb4,0x95,0x00,
0xc0,0x88,0x88,0xb5,0x00,0xa8,0x88,0x8b,0x50,0x0a,0x11,0x11,0x11,0x32,0x00,0xf0,
0x08,0xd0,0x09,0x2a,0x8a,0x0a,0x00,0xa2,0x60,0x90,0xa0,0x0a,0x18,0x88,0x0a,0x05,
0x40,0x00,0x8a,0x70,0x0a,0x88,0x88,0x8c,0x1b,0x00,0x40,0xb0,0x0a,0x03,0x60,0x4d,
0x00,0xf3,0x02,0x8c,0x81,0x0a,0x00,0x90,0x90,0x00,0xa7,0x9c,0x8d,0x83,0x19,0x06,
0x50,0xa0,0x04,0x45,0x3c,0x03,0x00,0x4d,0x00,0x12,0x8b,0x76,0x00,0xf1,0x0b,0x39,
0x4a,0x33,0x00,0xa4,0xa5,0xb4,0x40,0x0b,0x8c,0xab,0x89,0x30,0xa0,0xa0,0x99,0x40,
0x38,0x0b,0x74,0xa5,0x02,0x10,0x71,0x00,0x51,0x29,0x00,0xf0,0x16,0x80,0x05,0x87,
0x30,0x88,0x85,0x79,0xb0,0x08,0x88,0x12,0xbb,0x20,0x88,0x87,0x95,0x28,0x38,0x88,
0x28,0xb8,0x70,0x8a,0xc2,0x8c,0x96,0x02,0x23,0x24,0x95,0x41,0x00,0x00,0x07,0x10,
0x00,0x05,0x85,0x0c,0x72,0x01,0x1a,0x21,0x10,0x00,0x00,0xa1,0xf1,0x02,0x05,0x09,
0x00,0x42,0x1a,0xaa,0xba,0xaa,0x63,0x1c,0x00,0x41,0x03,0x10,0x29,0x17,0x14,0x10,
0x00,0x19,0x03,0xf0,0x19,0x8b,0x99,0x95,0x00,0x38,0x03,0x70,0x00,0x3a,0x00,0x37,
0x00,0x01,0x09,0x9a,0xc9,0x93,0x00,0x50,0x06,0x00,0x02,0x8a,0xb8,0xd8,0x60,0x01,
0x18,0x41,0x10,0x00,0x67,0xd7,0x77,0x30,0x59,0x9d,0x99,0x99,0x10,0x10,0x02,0xf1,
0x03,0x04,0xb8,0xba,0x83,0x06,0x90,0x06,0x40,0x00,0x03,0x88,0x88,0x88,0x00,0x09,
0x99,0x99,0xa0,0xb9,0x03,0x10,0x0b,0x82,0x01,0x35,0xb9,0x99,0x99,0xf1,0x03,0x56,
0x91,0x07,0xba,0xaa,0xab,0x26,0x18,0x00,0x81,0x0a,0xf1,0x0f,0x09,0x9e,0x99,0x99,
0x60,0x06,0x62,0x40,0x00,0x03,0xea,0xbc,0x9b,0x02,0xb9,0x14,0x60,0xa0,0x00,0x81,
0x46,0x0a,0x00,0x07,0x14,0x68,0x70,0x00,0x00,0x46,0xa5,0x01,0xb1,0x40,0x00,0x03,
0x8a,0xb5,0x00,0x04,0x99,0x85,0xa5,0x01,0x17,0x04,0xf1,0x26,0x2a,0x11,0x00,0x00,
0x3d,0xaa,0xb8,0xb0,0x09,0x82,0x46,0x0a,0x00,0x08,0x24,0x68,0xa0,0x00,0x10,0x46,
0x00,0x00,0x4a,0xa8,0xc8,0xd8,0x10,0x45,0x19,0x0a,0x00,0x5b,0xb9,0xe8,0xe8,0x19,
0x00,0x18,0x00,0x82,0x06,0x99,0xc8,0xb1,0x00,0x72,0x18,0x09,0x10,0x07,0x21,0x87,
0xb0,0xfa,0x1d,0xf2,0x15,0x05,0x40,0x09,0x22,0x05,0xa9,0x50,0xa4,0x40,0x85,0x49,
0xb8,0x8b,0x08,0x54,0x98,0x70,0x90,0x85,0x49,0x89,0x09,0x07,0x59,0x55,0xa1,0x60,
0x05,0x40,0x48,0xa6,0x00,0x54,0x68,0x00,0x81,0x8d,0x07,0xf0,0x0d,0x1a,0x09,0x00,
0xa8,0x79,0x79,0x84,0x79,0x88,0x8c,0x34,0x09,0x79,0x7b,0x00,0x48,0x8d,0x88,0x70,
0x72,0x0a,0x00,0xa0,0x72,0x0a,0x0a,0xa0,0x00,0xb5,0x1c,0xf8,0x73,0x04,0xb8,0x8c,
0x16,0xca,0x48,0x77,0x91,0x88,0x83,0x78,0x87,0x08,0x88,0x0a,0x88,0x90,0x88,0x80,
0xc8,0x8c,0x06,0x87,0x0c,0x66,0xb0,0x08,0x00,0xc8,0x8c,0x00,0x80,0x09,0x00,0x90,
0x06,0x43,0x99,0x99,0x36,0xbb,0x6a,0x88,0x90,0x96,0x49,0x94,0x4a,0x09,0x64,0x94,
0x44,0x30,0x96,0x4c,0xac,0x8b,0x37,0x69,0x89,0xc7,0xa3,0x06,0x43,0xac,0x8b,0x30,
0x64,0x34,0x00,0x63,0x06,0x6c,0x68,0x96,0x30,0x2a,0x87,0x88,0x70,0x02,0xb6,0x66,
0x79,0x00,0x17,0xc8,0x77,0x40,0x2b,0xcc,0xbb,0xeb,0x71,0x7c,0x8c,0x8b,0xa5,0x02,
0x90,0x90,0x63,0x00,0x05,0x09,0x27,0x00,0x08,0x99,0xb9,0x99,0x30,0x15,0x0a,0x02,
0x60,0x00,0xc0,0xa0,0x73,0x00,0x05,0x2a,0x08,0x00,0x39,0x99,0xd9,0x99,0x70,0xf6,
0x0e,0x00,0x0e,0x06,0xf2,0x16,0x40,0x00,0x01,0xb0,0x48,0x00,0x07,0x9b,0x9d,0xa9,
0x30,0x00,0xa0,0x28,0x00,0x00,0x0a,0x02,0x80,0x01,0x99,0xd9,0xad,0x96,0x00,0x0a,
0x01,0x90,0x00,0x07,0x50,0x19,0x00,0x05,0x90,0x01,0x90,0x7c,0x01,0x00,0x99,0x07,
0xf0,0x0c,0x88,0x8a,0xb8,0x83,0x0a,0x28,0x88,0x83,0x00,0xa0,0x46,0x49,0x00,0x09,
0x00,0x5c,0x00,0x00,0x98,0x88,0xd8,0xd4,0x09,0x00,0x0a,0x66,0x03,0xba,0x10,0x34,
0x61,0x06,0xa8,0xa5,0x01,0xf2,0x0f,0x08,0x30,0x00,0x0b,0x99,0x99,0x99,0x40,0xa0,
0x05,0x30,0x50,0x0a,0x46,0x38,0x1a,0x00,0xa0,0xb0,0x76,0x50,0x0b,0x05,0x10,0xb0,
0x04,0x7a,0xaa,0xbd,0xa4,0x52,0x00,0x00,0x51,0x04,0xf1,0x15,0x68,0x8c,0xa8,0x81,
0x0a,0x07,0x00,0x70,0x00,0xb8,0xc8,0x8c,0x81,0x0a,0x08,0x88,0x70,0x00,0xa6,0xa8,
0x89,0x10,0x0a,0x06,0x64,0x80,0x05,0x60,0x4b,0xc7,0x30,0x31,0x85,0x00,0x27,0x10,
0x3c,0x11,0xf0,0x16,0x9d,0x48,0xaa,0x60,0x01,0x91,0x16,0x30,0x00,0x9a,0x29,0x69,
0x80,0x00,0x53,0x96,0x30,0x00,0x97,0x19,0x63,0x00,0x07,0xb0,0xba,0x99,0x20,0x5e,
0x30,0x00,0x00,0x1b,0x19,0xaa,0xaa,0x60,0x10,0x44,0x18,0xf1,0x15,0xb4,0x7c,0x76,
0x00,0x55,0x77,0xc7,0xc2,0x0d,0x95,0x8c,0x89,0x00,0x09,0x34,0xb4,0x40,0x09,0x93,
0x4b,0x44,0x00,0x99,0x88,0xc8,0x83,0x07,0xb0,0x09,0x00,0x03,0x93,0xaa,0xaa,0xa5,
0x10,0x19,0x08,0x4e,0x9b,0x99,0xa9,0x00,0xf5,0x00,0x00,0x99,0x11,0x83,0x00,0x92,
0x01,0x90,0x00,0x76,0x00,0x19,0x54,0x03,0x30,0x99,0x99,0xc0,0xa1,0x03,0x02,0x29,
0x10,0xd1,0x49,0x99,0x98,0x40,0x00,0x43,0x07,0x00,0x06,0x9c,0xa9,0xd9,0x92,0x69,
0x1a,0x02,0xd6,0x09,0x02,0x2b,0x00,0x61,0x46,0x01,0x99,0x99,0xd9,0xb5,0x5e,0x01,
0x60,0x69,0xa8,0x90,0x00,0x00,0x37,0xdf,0x02,0xe0,0x70,0x29,0x02,0x05,0x9c,0xa3,
0x93,0x90,0x42,0x00,0x01,0xc4,0x09,0x99,0x88,0x14,0x60,0xa0,0x0b,0x0a,0x99,0x70,
0x0b,0x9a,0x14,0x31,0x09,0x99,0xd1,0x10,0x00,0x01,0xa0,0x14,0xd0,0xaa,0x90,0x0b,
0x38,0x8d,0x38,0x8d,0x00,0x88,0xd0,0x88,0xd0,0x09,0x42,0x03,0xf2,0x2f,0xa8,0xa5,
0x98,0xa3,0x06,0x37,0x28,0x26,0x30,0x08,0xa2,0x19,0x93,0x3a,0x69,0x4b,0x38,0x20,
0x09,0xb0,0x1a,0xb0,0x00,0x00,0x20,0x04,0x04,0x8b,0x52,0x72,0x80,0x01,0x65,0xa8,
0xb9,0x40,0xb7,0x2c,0x8b,0x95,0x28,0x10,0x91,0x73,0x52,0x8a,0x67,0x9c,0x83,0x00,
0x58,0x99,0xc9,0x80,0x06,0x40,0x18,0x00,0x08,0xb1,0x01,0x80,0xa8,0x1a,0xf2,0x14,
0xb3,0xa8,0x8b,0x00,0x05,0x3a,0x55,0xa0,0x0c,0x92,0x15,0x72,0x02,0x81,0x0c,0x9b,
0xb3,0x15,0x94,0xc9,0xab,0x30,0x06,0x30,0x36,0x50,0x00,0x72,0x03,0x79,0x30,0x8b,
0x5b,0xa8,0x68,0xfe,0x06,0xf1,0x22,0xa6,0x66,0x69,0x19,0x11,0x1a,0x91,0x90,0x00,
0xa9,0x18,0x67,0x7c,0x82,0x71,0x11,0xa0,0x54,0x00,0x0a,0x0b,0x49,0x99,0xd6,0x30,
0x00,0x0a,0x20,0x0a,0x02,0x33,0x90,0xa0,0xa1,0x06,0x0a,0x15,0x07,0x99,0x99,0x9a,
0x58,0x88,0x88,0xa0,0x00,0x00,0x0a,0x89,0xb2,0x03,0x20,0x0a,0x06,0x07,0x00,0x31,
0x19,0x99,0x98,0x6f,0x20,0xf1,0x06,0x05,0x99,0x9e,0x99,0xa0,0x08,0x71,0xe4,0xa3,
0x00,0x04,0x69,0xb4,0x00,0x18,0x92,0x91,0xb4,0x02,0x31,0x96,0x89,0x09,0xf3,0x15,
0x02,0x04,0xc9,0xd8,0x08,0x50,0x07,0x2a,0x08,0x71,0x00,0x72,0xa3,0x41,0xb0,0x6c,
0x9d,0x91,0xb2,0x00,0x81,0xa3,0xb2,0x73,0x0a,0x0a,0x00,0x3a,0x00,0xa0,0xa0,0x4b,
0x00,0x65,0x0a,0x39,0x79,0x3b,0xf7,0x13,0x77,0xa2,0x09,0x10,0x97,0x7b,0x39,0x40,
0x04,0x7b,0x73,0x24,0x42,0x89,0x99,0x73,0xa0,0x09,0x66,0xa4,0x80,0x60,0x57,0xc9,
0x00,0x75,0x0a,0x19,0xa1,0x59,0x01,0x58,0x72,0x78,0x96,0x18,0xf0,0x08,0x65,0x99,
0x9b,0x20,0x57,0x30,0x04,0x80,0x01,0x47,0x07,0xb6,0x00,0x1e,0x49,0x30,0x5b,0x07,
0xa0,0x89,0xa9,0x30,0x09,0xe8,0x0e,0x10,0x91,0x78,0x1a,0x41,0x58,0x88,0x88,0x10,
0xb3,0x09,0x50,0x94,0x58,0xd8,0x81,0x01,0x71,0x0d,0xf6,0x07,0x79,0x00,0x06,0x40,
0x26,0x97,0x98,0xba,0x40,0x09,0x0b,0x05,0x40,0x00,0x90,0x33,0x54,0x00,0x09,0x00,
0x8c,0x30,0x52,0x00,0x80,0x1b,0x0d,0x88,0xb0,0x1a,0x42,0xd8,0x8b,0x74,0x1f,0xf2,
0x09,0xa0,0x07,0x90,0xda,0x88,0x02,0x79,0x0a,0x54,0x93,0x00,0x90,0xa0,0xd3,0x00,
0x09,0x0a,0x55,0x90,0x00,0x91,0xc5,0x05,0x60,0xd6,0x08,0xf2,0x17,0x00,0x22,0x00,
0x92,0xa8,0xc6,0x40,0x65,0x6c,0x8c,0x88,0x30,0x64,0x91,0xa1,0x10,0x3f,0x09,0xb7,
0x7b,0x04,0x90,0x9c,0x77,0xc0,0x09,0x18,0xb7,0x7b,0x00,0x95,0x4c,0x88,0xc0,0x09,
0x50,0x90,0x09,0x5a,0x00,0xf2,0x15,0x75,0x56,0x59,0x00,0x56,0x77,0x68,0xcb,0x40,
0x85,0x88,0x96,0x90,0x4d,0x58,0x8b,0x89,0x04,0x90,0xcb,0x28,0x80,0x09,0x18,0x77,
0x67,0x00,0x95,0x56,0x5a,0xa2,0x09,0x50,0x07,0x31,0x70,0xe3,0x04,0xf2,0x18,0x04,
0x00,0x00,0x75,0x88,0xc8,0x82,0x66,0x46,0x7c,0x75,0x00,0x55,0x97,0x45,0x90,0x3e,
0x06,0x77,0x75,0x05,0x91,0x88,0x98,0x81,0x09,0x02,0x3b,0x16,0x00,0x90,0x99,0x35,
0xb2,0x09,0x24,0xa9,0xb1,0x10,0xda,0x11,0x13,0x00,0xfc,0x1f,0xf3,0x0a,0x07,0x03,
0x00,0x00,0x41,0xb0,0x04,0x30,0x0a,0x0b,0x00,0x1b,0x00,0xb0,0xb0,0x03,0x93,0x46,
0x0b,0x00,0xb2,0x30,0x00,0xca,0xaa,0x2b,0x01,0x11,0x03,0x03,0x0e,0xf1,0x10,0x08,
0x20,0x00,0x05,0x31,0xa0,0x00,0x61,0xa0,0x74,0x40,0x0a,0x0a,0x39,0x0b,0x00,0xb0,
0xcb,0x02,0x56,0x03,0x3d,0x10,0xa0,0x20,0x89,0xc8,0x9b,0x00,0x03,0x00,0xe4,0x21,
0x11,0xa1,0x97,0x0e,0x11,0x95,0x09,0x00,0x50,0x59,0x99,0x99,0x90,0x00,0x49,0x02,
0xe0,0x54,0xa4,0x82,0xa0,0x0a,0x1a,0x02,0x76,0x70,0x70,0xba,0xaa,0x03,0x03,0xb3,
0x12,0xf4,0x0e,0x6a,0x59,0xd9,0x60,0x2a,0x95,0x0a,0x27,0x04,0x86,0x89,0xda,0xc4,
0x04,0x60,0x2e,0x10,0x00,0x36,0x06,0x59,0x00,0x03,0x61,0xa0,0x77,0x00,0x36,0xa1,
0x7c,0x13,0x10,0x13,0xcf,0x01,0xf1,0x01,0xb9,0x99,0x90,0x08,0x65,0x57,0x3a,0x00,
0x14,0x82,0x90,0xa0,0x05,0x63,0xa3,0x98,0xb6,0x00,0xe1,0x03,0x28,0x95,0x27,0x00,
0xa0,0xa0,0x45,0x94,0x17,0x0c,0x99,0xa0,0x40,0x34,0x04,0x00,0xb3,0x01,0xf0,0x11,
0x29,0x9e,0xad,0x99,0x20,0x02,0xa0,0xa1,0x00,0x02,0xb4,0xb2,0xb4,0x04,0xb1,0x02,
0x01,0xa5,0x05,0x26,0xa1,0x44,0x00,0xb2,0x72,0x35,0xa2,0x35,0x1c,0x9a,0x82,0x20,
0x5e,0x22,0xd0,0x00,0x04,0x90,0x29,0x10,0x06,0xd9,0x98,0x8b,0x20,0x09,0x88,0x89,
0xc8,0x10,0xf1,0x05,0x46,0x00,0x08,0x88,0x88,0x30,0x01,0x15,0x82,0x34,0x00,0x82,
0xa2,0x65,0xb2,0x09,0x0b,0x99,0xa2,0x40,0xf8,0x0b,0xf1,0x17,0x08,0x98,0xd3,0x00,
0x08,0xd8,0x9d,0x86,0x03,0x54,0x44,0x44,0xa0,0x01,0x44,0x44,0x4a,0x00,0x48,0x89,
0x88,0x60,0x02,0x15,0x93,0x35,0x00,0xb1,0xa1,0x65,0xb3,0x26,0x0c,0x99,0xa1,0x40,
0x00,0x01,0x05,0x05,0x80,0x29,0x00,0x00,0x9b,0x9d,0xa6,0x00,0x0a,0x72,0x06,0xf3,
0x06,0xd9,0x99,0x9b,0x00,0x00,0x16,0x00,0x10,0x05,0x4a,0x49,0x2b,0x00,0xa1,0xa0,
0x18,0x67,0x07,0x0b,0x9a,0xa0,0x21,0x02,0xf0,0x0d,0xa1,0x8c,0x88,0x70,0x05,0xb8,
0x46,0x30,0x00,0x28,0xa9,0x72,0x90,0x10,0x46,0xa0,0xa9,0xa3,0x60,0x12,0xa4,0x69,
0xd8,0x00,0x00,0xaa,0x03,0x97,0x54,0x1e,0x71,0x19,0x40,0x00,0xa0,0x84,0x00,0x90,
0xdc,0x04,0xf2,0x15,0x0a,0x9b,0x89,0x20,0x00,0xc8,0x88,0xa4,0x00,0x0b,0x44,0x48,
0x40,0x00,0xb4,0x44,0x84,0x00,0x08,0x89,0x88,0x20,0x01,0x14,0xa2,0x34,0x00,0x92,
0x92,0x55,0xa2,0x18,0x0b,0x99,0xa1,0x40,0xf5,0x19,0x21,0x77,0x7c,0xf5,0x19,0xf0,
0x2c,0x06,0x8d,0x88,0x9c,0x82,0x09,0xd9,0x88,0xb4,0x00,0x34,0x29,0x03,0x40,0x0a,
0x63,0x52,0x7b,0x06,0x34,0xa8,0xa5,0x41,0x08,0x15,0x6a,0x53,0x05,0x96,0x89,0xc8,
0x40,0x98,0x78,0x8c,0x88,0x08,0x80,0x57,0x77,0x20,0x08,0x0a,0x77,0x95,0x00,0x80,
0xa7,0x7a,0x50,0x08,0x09,0x00,0x45,0x00,0x80,0x90,0x6b,0x30,0x6d,0x0c,0xd0,0x01,
0x89,0x8c,0x98,0x50,0x46,0xa8,0x6c,0x66,0x10,0x48,0x88,0x88,0x51,0x00,0x10,0xc0,
0x5a,0x00,0x00,0x95,0x14,0xf1,0x44,0x20,0x00,0xa6,0x49,0x17,0xa0,0x64,0x4b,0x9a,
0x55,0x20,0x06,0x88,0x8c,0xb9,0x20,0xa6,0x77,0x91,0x40,0x0a,0x58,0x76,0xa2,0x00,
0xa9,0x18,0x2d,0x34,0x37,0x36,0x6c,0x4c,0x20,0x00,0x3b,0x31,0x10,0x0a,0x1a,0x53,
0x5b,0x12,0x80,0xc9,0x98,0x24,0x0a,0x08,0x88,0x87,0x02,0xa5,0x89,0x99,0x70,0x9a,
0x59,0xaa,0xa8,0x09,0xa0,0x99,0x19,0x90,0x1a,0x07,0x77,0x77,0x00,0xa0,0x6d,0x8b,
0x70,0x0a,0x00,0x6b,0xa0,0x00,0xa1,0x99,0x58,0xb1,0x0e,0x01,0x40,0x29,0x97,0x0a,
0x34,0xd4,0x15,0xf4,0x0d,0x40,0x09,0x09,0x9e,0xcc,0x50,0x4b,0x61,0xa0,0x40,0x00,
0xb5,0x07,0x56,0x00,0x29,0xb0,0x3c,0x00,0x0b,0x13,0x3b,0xb3,0x62,0x30,0x1b,0x12,
0xd2,0xec,0x1b,0xf4,0x12,0x72,0x00,0x99,0x9c,0xaa,0x93,0x0a,0x00,0x55,0x05,0x00,
0xb8,0xd2,0x94,0x60,0x0a,0x09,0x0b,0xb0,0x00,0xa1,0xa0,0x98,0x01,0x18,0x75,0x58,
0xb4,0x77,0x20,0x59,0x02,0xd3,0x44,0x05,0xf2,0x12,0x26,0x01,0x77,0x77,0xc7,0xa5,
0x04,0x88,0x49,0x05,0x00,0x81,0x09,0x82,0x90,0x07,0x98,0x84,0xd3,0x00,0x00,0x25,
0x3d,0x05,0x09,0xb9,0x6c,0x95,0x90,0x00,0x1b,0x20,0xc4,0xac,0x23,0xf3,0x14,0x79,
0x55,0x56,0x04,0x89,0xb8,0x9a,0xa4,0x04,0x58,0x02,0x63,0x00,0xc8,0xc8,0x48,0x90,
0x6c,0x7c,0x71,0xb7,0x00,0x97,0xc7,0x1b,0x24,0x09,0x8c,0x87,0xa5,0x80,0x90,0x00,
0xb0,0x95,0x50,0x0c,0xf7,0x13,0x26,0x89,0x00,0x90,0x03,0x80,0x00,0x0b,0x8c,0x39,
0x55,0x30,0x90,0x93,0x83,0xa1,0x0b,0x98,0x36,0x09,0x00,0x90,0x05,0x50,0x90,0x18,
0x00,0x91,0x09,0x05,0x30,0x29,0x00,0x90,0x50,0x04,0x11,0x0a,0xf1,0x05,0x10,0x9b,
0x45,0x09,0xf2,0x08,0x90,0x0a,0x88,0x66,0x88,0x00,0x95,0x19,0x62,0x81,0x09,0x17,
0x90,0x7a,0x10,0xaa,0x69,0x86,0x81,0x54,0x19,0xa0,0x6b,0xe3,0x06,0x32,0x79,0x9c,
0x96,0x9f,0x08,0x00,0x53,0x04,0x00,0x09,0x00,0x56,0x07,0x99,0x9d,0x99,0x93,0x7e,
0x0c,0x20,0x8a,0x80,0xf5,0x00,0x81,0x66,0x66,0x32,0x9d,0x81,0x1b,0x10,0x00,0x4a,
0x0b,0x40,0x50,0x0a,0x00,0x3b,0x1c,0x0d,0x05,0x27,0x21,0x34,0xa9,0x03,0xaa,0x1e,
0x01,0xf1,0x03,0x24,0x44,0x29,0xd8,0xa3,0x3b,0x00,0xa0,0xa0,0x0a,0x00,0xb7,0xa0,
0x0a,0x29,0xb1,0xa0,0x0a,0x0c,0x00,0x52,0xa0,0xa9,0x9d,0x0b,0x90,0xce,0x20,0x00,
0x20,0x0d,0xf6,0x11,0x01,0x9d,0x89,0xd9,0x60,0x00,0x90,0x0a,0x09,0x00,0x0a,0x49,
0xa0,0x90,0x2b,0xd3,0x3e,0x19,0x00,0x09,0x06,0x58,0x92,0x00,0x91,0xa0,0x09,0x90,
0xa8,0x91,0x00,0x87,0x2e,0x1d,0xf0,0x09,0x72,0x00,0x74,0x00,0x5c,0xa7,0x87,0x87,
0x20,0x72,0x72,0x00,0x00,0x07,0x79,0x20,0x00,0x06,0xc5,0x81,0x00,0x00,0x07,0x2a,
0x1b,0x00,0x51,0xa0,0x00,0x00,0x4c,0x55,0xad,0x10,0x61,0x66,0x66,0x29,0xd8,0x00,
0x0a,0x67,0x16,0x53,0xb7,0x89,0x9d,0x29,0xa0,0x0c,0x00,0x50,0x94,0x99,0x9d,0x0b,
0x70,0x64,0x0b,0xf2,0x13,0x0a,0x43,0x00,0x3b,0x20,0xa0,0x90,0x17,0xca,0x9c,0x11,
0x00,0x0b,0x50,0xa0,0x90,0x2b,0xd4,0x07,0x76,0x00,0x0a,0x00,0x4c,0x02,0x00,0xa0,
0x3b,0xb2,0x90,0xa9,0x49,0x11,0xc4,0xad,0x0f,0x80,0x00,0xa0,0x00,0x4b,0xa6,0x7c,
0x77,0x20,0x09,0x00,0xf1,0x07,0x06,0x66,0xd9,0x9b,0x05,0xc8,0x08,0x36,0x40,0x06,
0x30,0x0b,0xa0,0x00,0x63,0x03,0xab,0x20,0x3c,0x27,0x90,0x19,0x62,0x0d,0x00,0x87,
0x01,0xf0,0x05,0x01,0x9d,0x88,0x8a,0x87,0x00,0x90,0xa0,0x00,0xa0,0x3c,0x8a,0x99,
0x9a,0x29,0xa0,0xa0,0x00,0x70,0x09,0xe0,0x00,0x00,0x68,0x27,0x24,0x99,0x83,0xd7,
0x10,0xf6,0x14,0x17,0xa8,0x89,0x06,0xc9,0x83,0x12,0x90,0x08,0x17,0x34,0x83,0x00,
0x88,0x9c,0xa8,0xa0,0x8c,0x37,0x49,0x18,0x00,0x81,0x73,0x8b,0x20,0x08,0x17,0x36,
0xd3,0x05,0xc1,0x79,0x80,0x93,0xec,0x00,0xf1,0x12,0x54,0x00,0x91,0x00,0x5b,0xb6,
0x9b,0xa9,0x00,0x54,0x14,0x04,0x20,0x07,0xa2,0x90,0x82,0x05,0x94,0x09,0x0a,0x00,
0x05,0x40,0x80,0x90,0x00,0x54,0x88,0x9c,0x82,0x4c,0x30,0x7b,0x00,0x50,0xa9,0x99,
0x21,0x9d,0x69,0x09,0x00,0xe0,0xc8,0x8a,0x00,0x1c,0x79,0x00,0xa0,0x28,0xb0,0xc8,
0x8b,0x00,0x09,0x09,0x12,0x00,0x40,0xc9,0x99,0x40,0xa9,0x2a,0x02,0xf2,0x39,0x26,
0x38,0x09,0x04,0xba,0x91,0x82,0x90,0x06,0x28,0x10,0x09,0x00,0x63,0x81,0x01,0x80,
0x3c,0xa9,0x26,0x55,0x02,0x72,0x9a,0x2c,0x30,0x06,0x22,0x19,0x4b,0x13,0xc1,0x19,
0x20,0x24,0x07,0x21,0x69,0x35,0x04,0xb9,0x9a,0xd9,0xc3,0x07,0x20,0x18,0x00,0x00,
0x88,0x45,0xc9,0xa0,0x7c,0x50,0xaa,0x29,0x00,0x72,0x38,0x5e,0x10,0x07,0x3b,0x17,
0xc6,0x04,0xc4,0x29,0x50,0x76,0x00,0xec,0x00,0xf0,0x0a,0xac,0x8e,0x11,0x9d,0x70,
0x9a,0x50,0x00,0x90,0x1b,0xa9,0x10,0x09,0x4a,0x26,0x37,0x18,0xd4,0x77,0xc7,0x30,
0x09,0x29,0x9d,0x98,0x99,0x19,0x40,0x00,0xa8,0x00,0x09,0xd3,0x01,0xf0,0x09,0x80,
0x01,0x8c,0x56,0x56,0x60,0x00,0x97,0xb8,0x8b,0x70,0x0b,0x60,0x00,0x01,0x29,0xb1,
0xc8,0x8c,0x00,0x09,0x0a,0x00,0xa0,0xf1,0x27,0x20,0x00,0xa8,0x8f,0x01,0xf3,0x36,
0xa0,0x09,0x00,0x01,0x7c,0x68,0xd8,0x80,0x00,0xa4,0x9d,0x99,0x40,0x1c,0x60,0x07,
0x30,0x29,0xb3,0x98,0xba,0x30,0x0a,0x09,0x17,0x30,0x00,0xa0,0x14,0x73,0x00,0xa9,
0x00,0x7c,0x10,0x00,0xa0,0x91,0x46,0x01,0x9d,0x6c,0x64,0x14,0x00,0xa0,0xb8,0x8a,
0x50,0x3d,0x67,0x88,0x80,0x16,0xa0,0x90,0x0a,0x00,0x0a,0x0b,0x77,0xc0,0x00,0xa0,
0xb8,0x8d,0x00,0xa9,0x09,0xa3,0x08,0xf0,0x04,0x63,0x01,0xa2,0x10,0x4b,0xaa,0x57,
0x5b,0x10,0x63,0x51,0x80,0x40,0x06,0x77,0xca,0xb9,0x26,0xc7,0x60,0x1d,0xf2,0x22,
0x30,0x89,0xa0,0x00,0x63,0x01,0xbb,0x30,0x3c,0x27,0x91,0x19,0x00,0x06,0x34,0x66,
0x66,0x24,0xba,0x84,0x44,0x40,0x06,0x38,0x44,0x43,0x00,0x69,0x9a,0xaa,0x83,0x6b,
0x58,0x56,0x97,0x20,0x63,0xa4,0x68,0x70,0x06,0x4b,0x37,0x5a,0x03,0xc5,0x54,0x92,
0x55,0x77,0x01,0xf1,0x14,0x0b,0x87,0x00,0x3a,0x97,0x41,0x80,0x00,0x65,0x9a,0xc8,
0xa0,0x05,0x66,0x49,0x09,0x05,0xc8,0xba,0xd8,0xc4,0x05,0x40,0x0b,0x60,0x00,0x54,
0x07,0x58,0x40,0x3c,0x3a,0x70,0x08,0x50,0xaa,0x03,0xf3,0x12,0x3a,0x88,0x8d,0x04,
0xba,0xa8,0x88,0xd0,0x05,0x3a,0x04,0x50,0x01,0x8a,0xb8,0xaa,0x84,0x49,0x3a,0x5a,
0xa8,0x00,0x53,0xaa,0x00,0x90,0x05,0x59,0xa8,0x8d,0x04,0xc7,0x2a,0x81,0x03,0xf5,
0x15,0x63,0x88,0xc8,0x82,0x4b,0x93,0x7c,0x74,0x00,0x64,0x88,0xc8,0xc4,0x07,0xa3,
0x5b,0x59,0x06,0xb4,0x35,0xb4,0x20,0x06,0x38,0x3b,0x88,0x00,0x63,0xba,0xa0,0x00,
0x3c,0x75,0x2a,0xaa,0x40,0xf5,0x01,0x90,0x45,0x00,0x89,0x00,0x5b,0xb4,0x88,0xa8,
0x30,0x09,0x00,0x60,0x04,0x86,0x98,0xa9,0x26,0xc8,0x09,0x00,0x40,0x56,0x98,0xa8,
0x40,0x12,0x00,0x43,0x3b,0x40,0x08,0x80,0x0a,0x03,0xf3,0x13,0x22,0xb2,0x20,0x5c,
0xa4,0xb3,0xb4,0x00,0x72,0x5b,0x5b,0x51,0x08,0x94,0x68,0x33,0x16,0xb3,0x8c,0x9b,
0x82,0x07,0x22,0xa0,0xa0,0x00,0x72,0x06,0xea,0x00,0x4c,0x19,0x93,0x4a,0x47,0x02,
0xf5,0x36,0x01,0x92,0x10,0x4b,0xaa,0x56,0x67,0x50,0x54,0x68,0x36,0x93,0x06,0xa8,
0x60,0x09,0x25,0xa5,0x09,0xb9,0x60,0x05,0x40,0x08,0x10,0x00,0x54,0x00,0x81,0x00,
0x3c,0x38,0x99,0x99,0x50,0x08,0x10,0x92,0x90,0x06,0xc9,0x4c,0x9c,0x90,0x08,0x1c,
0x70,0x90,0x00,0x85,0x6b,0x8d,0x80,0x8d,0x73,0x70,0x90,0x00,0x81,0x3b,0x8c,0x80,
0x08,0x13,0xc9,0xd9,0x45,0xc0,0x37,0x99,0x13,0x70,0x90,0x90,0x06,0xc9,0x7c,0x7c,
0x72,0x09,0x00,0xf0,0x10,0x00,0x88,0x98,0xd8,0xc0,0x8d,0x39,0x09,0x09,0x00,0x81,
0x98,0xc8,0xc0,0x08,0x19,0x8d,0x8c,0x05,0xc0,0x90,0x00,0x90,0x08,0x14,0xa8,0x89,
0x05,0xc9,0x5a,0x77,0x09,0x00,0xf2,0x09,0x88,0x00,0x98,0x57,0x77,0x71,0x7c,0x22,
0x5a,0x11,0x00,0x81,0x56,0x98,0x80,0x08,0x1a,0xab,0x00,0x04,0xc2,0x81,0xaa,0xa3,
0xc3,0x04,0xf3,0x12,0x33,0x67,0x74,0x04,0xba,0x43,0xb3,0x31,0x06,0x35,0x5b,0x55,
0x20,0x69,0x79,0xa6,0xb0,0x6c,0x57,0x29,0x09,0x00,0x63,0x79,0xb5,0xd0,0x06,0x37,
0x9d,0x9d,0x04,0xc2,0x72,0x42,0x01,0xf1,0x15,0x81,0x88,0xa4,0x60,0x6d,0xa3,0x8a,
0x65,0x00,0x81,0x5b,0x8a,0x80,0x09,0x96,0xc8,0x88,0x26,0xc2,0x0c,0x88,0x30,0x08,
0x12,0x97,0x83,0x00,0x81,0x90,0x9c,0x00,0x5c,0x36,0x97,0x4a,0x20,0x9e,0x00,0xf5,
0x13,0x14,0x69,0x45,0x05,0xc8,0xb7,0xa6,0xa0,0x08,0x1a,0x09,0x09,0x00,0x99,0x79,
0xd9,0x70,0x7c,0x27,0x9b,0x87,0x00,0x81,0x09,0x4a,0x30,0x08,0x10,0x2f,0x80,0x05,
0xc2,0xa8,0x16,0xd9,0x1d,0x00,0x56,0x00,0xf0,0x0f,0x94,0x50,0x6c,0x96,0x4a,0x29,
0x00,0x81,0x07,0x32,0x10,0x09,0x96,0x9c,0x86,0x06,0xb4,0x88,0xc8,0x83,0x08,0x11,
0x09,0x01,0x02,0xa1,0x98,0xc8,0xb0,0x7f,0x17,0x0b,0x02,0x6b,0x01,0xf7,0x38,0x78,
0xd8,0x82,0x5c,0xa0,0x90,0x90,0x00,0x72,0x7a,0xaa,0xa0,0x07,0x89,0x7c,0x79,0x15,
0xc4,0x84,0xc5,0x81,0x07,0x28,0x90,0x98,0x10,0x72,0x84,0x75,0x81,0x3c,0x18,0x00,
0x7b,0x00,0x06,0x35,0xb5,0xb5,0x24,0xba,0x1a,0x1a,0x10,0x06,0x28,0x54,0x4a,0x00,
0x66,0x97,0x77,0xb0,0x4c,0x54,0x7b,0x75,0x00,0x64,0x88,0xe9,0x84,0x06,0x20,0x66,
0xb2,0x03,0xc3,0xa6,0x01,0xa4,0x7b,0x00,0xf2,0x38,0x89,0xc6,0x40,0x6d,0xa2,0x79,
0x72,0x00,0x82,0x7b,0xec,0x82,0x08,0x85,0x89,0x67,0x06,0xc3,0xd8,0xc7,0xc3,0x08,
0x18,0x8c,0x7a,0x00,0x81,0x81,0x80,0x90,0x5c,0x08,0x88,0x8a,0x00,0x06,0x20,0xc7,
0xc0,0x04,0xb9,0x09,0x79,0x00,0x06,0x2a,0x79,0x9a,0x00,0x65,0xb6,0xa8,0xb0,0x29,
0x8b,0xcb,0xcb,0x10,0x62,0x03,0xd7,0x00,0x06,0x24,0x96,0x49,0x03,0xc3,0x70,0x60,
0x41,0x92,0x03,0xf0,0x08,0x55,0xc5,0x52,0x4c,0x8a,0xa8,0x89,0x50,0x91,0xb9,0x5a,
0xa0,0x09,0x68,0xc6,0xa9,0x06,0xe7,0x92,0x32,0x56,0x09,0x03,0x92,0x03,0x85,0x74,
0xa2,0xa0,0x4c,0x16,0x5b,0x03,0x20,0x99,0x22,0x01,0x4c,0x12,0x00,0x37,0x03,0x70,
0x4b,0xb9,0x9d,0x50,0x00,0x0a,0x02,0x95,0x22,0xb2,0xb1,0x00,0x00,0x39,0x89,0x84,
0x00,0x97,0x10,0x02,0x74,0x8c,0x11,0xf4,0x14,0xa0,0xa0,0x00,0x0a,0x0a,0x1c,0x9c,
0x50,0xa0,0xa6,0x70,0xa0,0x0a,0x0a,0xba,0x19,0x00,0xa1,0xa1,0x7c,0x40,0x0e,0x9a,
0x01,0xf0,0x00,0x00,0xa0,0xa7,0xb1,0x00,0x0a,0xa4,0x03,0x80,0x7f,0x09,0x30,0x02,
0x99,0x80,0x26,0x16,0xf1,0x0a,0x5a,0x8c,0x40,0x88,0xab,0x51,0x90,0x0a,0x01,0x59,
0x45,0x00,0xa0,0x00,0x5c,0x00,0x0b,0x79,0x18,0xc3,0x01,0x92,0x1a,0x60,0xa5,0x85,
0x27,0x60,0x02,0x10,0x04,0x00,0x00,0x19,0x19,0x00,0xf5,0x10,0x99,0x5b,0x9c,0x30,
0x81,0x09,0x52,0x80,0x08,0x9b,0xba,0x65,0x00,0x90,0x91,0xac,0x10,0x0a,0x09,0x04,
0xc0,0x02,0x71,0x91,0xb7,0x80,0x93,0xb6,0xb2,0x06,0x50,0x21,0x01,0x00,0xa7,0x29,
0xf0,0x0f,0x79,0xd9,0x5c,0x8b,0x30,0x19,0x08,0x71,0x80,0x29,0xc6,0x98,0x45,0x04,
0x50,0x90,0x6b,0x00,0x45,0x09,0x03,0xe1,0x04,0xb8,0x84,0xa2,0xa3,0x00,0x00,0x50,
0x04,0x26,0xf0,0x19,0x01,0x20,0x00,0x08,0x30,0x54,0x00,0x29,0x99,0x78,0x9c,0x60,
0x64,0x83,0xd0,0x90,0x29,0x15,0x8b,0x59,0x00,0x1a,0x90,0x0b,0x60,0x00,0x8b,0x00,
0xb6,0x00,0x57,0x35,0x94,0xa5,0x05,0x00,0x33,0x00,0x40,0x02,0x03,0x07,0xf1,0x3a,
0xa6,0x64,0x54,0x00,0x19,0x33,0x28,0x9a,0x44,0xaa,0x97,0xd0,0x90,0x09,0x55,0x99,
0x39,0x04,0xca,0x9b,0x1b,0x60,0x09,0x66,0x50,0xb3,0x00,0x88,0xaa,0x48,0xa1,0x00,
0x4b,0x3a,0x02,0x60,0x00,0x84,0x67,0x10,0x03,0x8c,0x98,0xa9,0xa3,0x05,0x84,0x6b,
0x09,0x00,0x99,0xa7,0xc2,0x80,0x01,0x94,0x34,0xc4,0x02,0xa9,0x77,0x0e,0x00,0x21,
0x81,0x36,0x89,0x00,0x5c,0x06,0x70,0x46,0x00,0xc7,0x12,0xf2,0x14,0xb3,0x68,0x00,
0x00,0x2a,0x92,0xa9,0xc4,0x58,0xca,0x6b,0x09,0x00,0x5d,0x9a,0xa3,0x70,0x66,0x28,
0x04,0xc3,0x02,0x8c,0xb7,0x0e,0x00,0x01,0x63,0x09,0x6a,0x00,0x5b,0x26,0x50,0x45,
0xc6,0x18,0xf1,0x14,0x66,0x46,0x20,0x02,0xac,0xb7,0x88,0xb3,0x02,0xca,0x1a,0x09,
0x02,0x86,0x4a,0xe2,0x70,0x28,0xc9,0x73,0xc2,0x00,0x77,0x73,0x0e,0x20,0x00,0xbd,
0x5a,0x3b,0x31,0x83,0x04,0x30,0x12,0x49,0x01,0xf2,0x15,0x5b,0x53,0x99,0x81,0x48,
0xc8,0x8c,0x28,0x03,0x9d,0x74,0x1d,0x20,0x2a,0xba,0x28,0x9b,0x17,0x9f,0x9b,0xc8,
0xa1,0x00,0x40,0xb3,0x31,0x00,0x0a,0x0b,0x44,0x10,0x68,0x88,0x88,0x88,0x20,0xea,
0x1a,0xe0,0x0a,0x30,0x00,0x19,0x99,0xaa,0xa9,0x50,0x05,0x50,0x1a,0x00,0x00,0x0a,
0x34,0x01,0xf2,0x01,0x39,0xa0,0x00,0x00,0x03,0xca,0x10,0x00,0x5a,0x80,0x2b,0xa2,
0x06,0x10,0x00,0x02,0x44,0x0b,0xf0,0x12,0x0b,0x70,0x30,0xa0,0x06,0x55,0x95,0x8a,
0x02,0xaa,0x94,0x71,0xa0,0x18,0xba,0x73,0x7a,0x00,0x56,0x61,0x15,0xd9,0x0a,0x65,
0x99,0x5a,0x01,0x86,0x37,0x00,0xa0,0x04,0xc2,0x1d,0x1e,0xf6,0x38,0x29,0x46,0x78,
0x11,0x99,0xa9,0x90,0x00,0x1a,0xad,0x9a,0x9a,0x71,0x85,0xc0,0x90,0xa0,0x18,0x8b,
0x99,0x0a,0x01,0xc3,0x90,0x90,0xa0,0x0b,0x8a,0x79,0x0a,0x00,0x00,0x05,0x30,0xa0,
0x3c,0x8b,0x77,0x44,0x00,0x91,0x82,0x90,0x00,0x09,0x8c,0x1b,0xaa,0x60,0x98,0xb1,
0x90,0x90,0x09,0x07,0x19,0x09,0x04,0x99,0xa8,0x90,0x90,0x08,0x38,0x49,0x09,0x02,
0x80,0x07,0x30,0x90,0x68,0x08,0xf5,0x12,0x09,0x20,0x58,0x90,0x1b,0x9b,0x6a,0x00,
0x01,0x87,0xb3,0xb5,0x53,0x13,0x95,0x2a,0x3b,0x11,0x8c,0x95,0x90,0xa0,0x09,0x89,
0x38,0x0a,0x02,0x87,0x28,0x50,0xa0,0x05,0xb1,0xc4,0x28,0x04,0xcc,0x00,0x60,0x9b,
0xb9,0x99,0x60,0x00,0x54,0x2c,0x01,0x80,0xa9,0xa8,0x00,0x00,0x90,0x02,0x80,0x00,
0x42,0x27,0x82,0x08,0x30,0x05,0x50,0x09,0x60,0x3b,0xc2,0x0f,0x0c,0xf3,0x18,0x10,
0x13,0x00,0x00,0x19,0x07,0x63,0x31,0x4c,0x98,0xb6,0x66,0x20,0x81,0x49,0x77,0x71,
0x08,0x99,0x12,0xa8,0x10,0x90,0x97,0x3d,0x92,0x09,0x08,0xa2,0x90,0x01,0x81,0x8b,
0x99,0x00,0x73,0xa8,0x63,0xba,0x63,0x14,0x22,0xb9,0x98,0xd6,0x25,0x05,0x10,0x1f,
0x20,0x02,0x98,0x69,0x25,0xf4,0x08,0x90,0x04,0x05,0xb3,0x0a,0x02,0xa1,0x50,0x00,
0x89,0x92,0x79,0x99,0x9b,0x91,0x00,0x0b,0x91,0x00,0x0b,0x9a,0x99,0x9e,0x09,0x00,
0xf0,0x0b,0x9d,0x30,0x00,0x04,0x99,0x70,0x00,0xa0,0x90,0x98,0x88,0xd7,0x90,0x91,
0x11,0xb0,0xc8,0xa4,0x60,0xa0,0x90,0x90,0xa0,0xa0,0xd8,0xa0,0xd8,0x26,0x00,0x33,
0x03,0xf0,0x0a,0x5a,0x80,0xa8,0xa3,0xb9,0xda,0x09,0x36,0x0a,0xd8,0xc3,0xb8,0xda,
0x09,0x35,0x0a,0xa0,0x93,0xb9,0xdd,0x87,0x53,0x0a,0x10,0x09,0x07,0x25,0x02,0x0b,
0x21,0x30,0xb8,0x88,0x8a,0xa9,0x17,0x11,0xa0,0x09,0x00,0xf1,0x2b,0x09,0x19,0x21,
0x10,0x08,0x87,0xc8,0x77,0x00,0x68,0x8c,0x98,0x50,0x00,0x00,0x81,0x00,0x01,0x99,
0x99,0x99,0x96,0x36,0x50,0x0a,0x00,0x08,0x09,0x99,0xd9,0x90,0x80,0x99,0x09,0x09,
0x08,0x9b,0x90,0x90,0x90,0x80,0x99,0x9e,0xa9,0x28,0x8b,0x02,0x89,0x00,0x80,0x02,
0xa0,0x4a,0x10,0x00,0x81,0x00,0x31,0x2b,0x1b,0x80,0x69,0x77,0x7b,0x20,0x05,0xa8,
0x88,0xb2,0x46,0x1b,0xf0,0x05,0x71,0x11,0x71,0xa1,0x11,0x00,0x48,0x0c,0x88,0x50,
0x0b,0x88,0xa0,0x00,0x06,0x40,0x37,0x99,0x91,0x04,0x63,0x00,0x60,0x4b,0x88,0x88,
0xa0,0x04,0x60,0xbb,0x2c,0xf0,0x02,0xb9,0xc8,0x70,0x05,0x28,0x2a,0x08,0x00,0x29,
0x82,0xa3,0x70,0x00,0x68,0x2a,0x40,0x02,0x6c,0x00,0xf1,0x02,0x00,0x50,0x05,0x00,
0x03,0x8b,0xb8,0xd8,0x80,0x07,0x19,0x36,0x81,0x00,0x35,0x93,0x69,0xf1,0x21,0xf0,
0x01,0x20,0x78,0x88,0x8a,0x10,0x08,0x77,0x77,0xb1,0x00,0x88,0x88,0x8c,0x10,0x08,
0x10,0x9a,0x00,0xc1,0xc8,0x88,0x88,0x00,0x1b,0x77,0x78,0x80,0x00,0x77,0xc7,0x73,
0xf7,0x18,0xf0,0x2b,0x00,0xc7,0x77,0x97,0x00,0x09,0x7b,0x88,0x40,0x01,0xa2,0x82,
0x97,0x00,0x92,0x7c,0x00,0x55,0x00,0x50,0x00,0x36,0x01,0x9b,0x85,0xb5,0x20,0x0b,
0x9a,0x3c,0x89,0x40,0x15,0x83,0x90,0x90,0x07,0x77,0x83,0x09,0x00,0x19,0x88,0x88,
0x70,0x02,0xa6,0x66,0x69,0x00,0x29,0x33,0x33,0x90,0x02,0xb8,0x88,0x89,0x3a,0x0b,
0xf2,0x00,0x0b,0x9d,0x9d,0x9b,0xa0,0xa0,0x90,0xaa,0x0a,0x09,0x0a,0xd9,0xd9,0xd9,
0xda,0x07,0x00,0x00,0x6f,0x1a,0xf0,0x09,0x49,0x99,0xd9,0x99,0x00,0x68,0x8d,0x88,
0x20,0x0a,0x44,0xb4,0x84,0x00,0xa4,0x4b,0x48,0x40,0x06,0x99,0xc8,0x82,0x00,0x09,
0x76,0x0a,0xf0,0x15,0x5b,0x99,0x52,0x03,0x84,0x00,0x14,0x80,0x25,0xb5,0x36,0xb5,
0x05,0x8c,0x85,0x8c,0x83,0x02,0xd4,0x07,0xa3,0x04,0xa1,0x77,0x60,0x94,0x19,0x98,
0x88,0xa6,0x00,0x97,0x77,0x79,0x60,0x09,0x09,0x00,0x10,0x90,0xfd,0x1b,0xf2,0x14,
0xc8,0x88,0x96,0x00,0x0c,0x77,0x79,0x60,0x00,0x77,0x77,0x73,0x01,0xb9,0xaa,0x88,
0x85,0x06,0x89,0x8d,0x7d,0x00,0x68,0x95,0x59,0x80,0x09,0x9a,0xb3,0xe7,0x00,0x41,
0x49,0x90,0x67,0xaf,0x18,0x00,0xd4,0x2e,0xf3,0x37,0x22,0x85,0x22,0x21,0x06,0x6c,
0x66,0x66,0x30,0x05,0xc8,0x88,0x50,0x02,0xd8,0x44,0x58,0x02,0xb5,0x84,0x45,0x80,
0x00,0x4b,0x88,0x98,0x00,0x04,0x50,0x01,0x80,0x00,0x45,0x06,0xa6,0x00,0x3c,0x8b,
0x7b,0x9d,0x09,0x18,0x29,0x2a,0x09,0x8c,0x1b,0x7c,0x09,0x8b,0x19,0x09,0x09,0x07,
0x1b,0xad,0x49,0x9a,0x89,0x09,0x08,0x39,0x49,0x09,0x29,0x01,0x94,0x8b,0x00,0x00,
0x09,0x21,0x40,0x89,0xad,0x99,0x40,0x09,0x00,0xf4,0x08,0x05,0x99,0xcf,0xa9,0x91,
0x00,0x1b,0xb9,0x00,0x00,0x0b,0x39,0x59,0x00,0x2c,0x31,0x90,0x5c,0x14,0x20,0x19,
0x00,0x20,0x67,0x05,0xf5,0x05,0x95,0x00,0x02,0xf8,0x00,0x00,0x00,0xaa,0x75,0x00,
0x00,0x94,0xa0,0xa5,0x00,0xa8,0x9d,0x95,0xa7,0x04,0xa3,0x12,0x90,0xa0,0xa9,0xd0,
0x03,0x9d,0x89,0x0a,0x00,0x03,0xa5,0x15,0xf3,0x07,0x7e,0x39,0x0a,0x00,0x09,0xaa,
0x90,0xa0,0x06,0x3a,0x0a,0x0a,0x12,0x00,0xa1,0x90,0xa2,0x70,0x0a,0x92,0x08,0xc4,
0xb3,0x05,0x80,0x67,0x77,0x23,0x9d,0x80,0x0a,0x00,0x03,0x59,0x0b,0xa6,0x7e,0x69,
0x9d,0x97,0x18,0xa9,0x00,0xa0,0x06,0x2a,0xa7,0x15,0x13,0x0a,0x0c,0x1a,0xf1,0x14,
0xc8,0x9c,0x00,0x06,0x99,0x6b,0x30,0x00,0x50,0x2e,0xb0,0x00,0x15,0x99,0x44,0x88,
0x41,0x79,0x8c,0x98,0x60,0x00,0x62,0x92,0x90,0x00,0x6a,0x09,0x14,0xc1,0x05,0x08,
0xc0,0x02,0x10,0xbe,0x00,0x30,0xaa,0x9d,0x9b,0x01,0x19,0xf0,0x06,0x70,0x04,0x9b,
0x9c,0xd9,0x90,0x00,0x09,0xe4,0x00,0x00,0x08,0x59,0xa6,0x00,0x2a,0x51,0x90,0x8c,
0x13,0x10,0xbe,0x00,0xf3,0x13,0x90,0x46,0x77,0x01,0x6c,0x5a,0x00,0x00,0x03,0xa0,
0xca,0x9a,0x10,0x7e,0x39,0x90,0xa0,0x08,0x97,0xa6,0x79,0x05,0x39,0x18,0x0e,0x20,
0x00,0x95,0x47,0x9b,0x10,0x09,0x86,0x60,0x0c,0x08,0xf2,0x14,0x92,0xca,0xb6,0x02,
0x9d,0x77,0x38,0x20,0x03,0xc0,0x77,0xc9,0x00,0x7c,0x78,0xa0,0xa0,0x09,0x93,0x97,
0x79,0x04,0x39,0x09,0x0e,0x30,0x00,0x95,0x55,0xab,0x10,0x09,0x95,0x70,0x37,0xaa,
0x11,0xf1,0x58,0xd8,0x48,0x68,0x20,0x0a,0x36,0xa0,0x73,0x05,0x64,0x5a,0x07,0x31,
0x93,0x95,0x89,0x91,0x29,0x9b,0xfc,0x99,0x60,0x02,0xaa,0x77,0x00,0x07,0xa0,0xa0,
0x6c,0x42,0x50,0x0a,0x00,0x13,0x00,0x92,0x99,0xb9,0x82,0x9d,0x60,0x09,0x00,0x03,
0xa0,0xd9,0xd9,0x90,0x7e,0x29,0x29,0x09,0x09,0xa9,0x97,0xa4,0x95,0x49,0x0b,0xa0,
0x89,0x00,0x90,0xa1,0x00,0x90,0x09,0x09,0x01,0xa8,0x08,0x88,0xd8,0x88,0x40,0x00,
0x9c,0x84,0x00,0x04,0xa2,0x90,0x79,0x32,0x78,0x9a,0x9b,0x24,0x00,0xa8,0x88,0xc1,
0x00,0x09,0x33,0x39,0x10,0x00,0x46,0x66,0x60,0x01,0xf0,0x02,0x60,0x90,0x89,0x99,
0x40,0x2a,0xd7,0x8a,0x03,0xf0,0x18,0xb3,0x99,0xb9,0x80,0x07,0xd6,0x00,0x90,0x00,
0x09,0x94,0x90,0x98,0x20,0x45,0x90,0xa0,0x93,0x90,0x00,0x95,0x30,0x90,0x90,0x00,
0x90,0x2b,0x80,0x00,0x08,0x11,0x70,0x72,0x06,0xc8,0x7d,0xae,0x80,0x0c,0x33,0x26,
0x10,0xe9,0xd8,0x0c,0x50,0x64,0xbb,0xb4,0x06,0x81,0x44,0x08,0x51,0x3a,0xaa,0xaa,
0x10,0x81,0x58,0x07,0xf2,0x13,0x04,0x50,0x02,0x9d,0x87,0x88,0x85,0x03,0xa0,0x46,
0x29,0x00,0x7d,0x2b,0x21,0x87,0x08,0xa9,0x19,0x63,0x05,0x39,0x00,0x6b,0x00,0x00,
0x90,0x1a,0x98,0x00,0x09,0x2a,0x10,0x57,0xd9,0x11,0xf0,0x0c,0x02,0x70,0x90,0x28,
0xd7,0x8a,0xca,0x50,0x2c,0x00,0x0a,0x00,0x06,0xd7,0x78,0xd8,0x30,0x99,0x50,0x0a,
0x00,0x43,0x91,0x99,0xd9,0x70,0x09,0x9f,0x01,0x10,0x90,0xf6,0x01,0xf0,0x09,0x90,
0x1b,0x65,0x02,0x9d,0x79,0x74,0x70,0x03,0xa3,0x37,0xc0,0x00,0x8c,0x74,0xa5,0xa3,
0x18,0x95,0xd8,0x8a,0x43,0x19,0x0a,0x35,0x0b,0x20,0xa9,0x9c,0x1c,0x0b,0xf1,0x12,
0x90,0x08,0x1a,0x99,0x99,0x16,0xc9,0xa5,0x88,0x70,0x0c,0x1a,0x04,0x50,0x01,0xea,
0xa3,0xab,0x50,0x99,0x4a,0x04,0x50,0x04,0x81,0xa5,0x88,0x80,0x08,0x1a,0x88,0x88,
0x40,0x95,0x00,0x00,0x5b,0x0b,0xf3,0x58,0x6c,0x46,0x56,0x60,0x04,0xb8,0xb9,0x9b,
0x80,0x7d,0x60,0x40,0x01,0x09,0x94,0x78,0x1a,0x04,0x39,0x0a,0x35,0x90,0x00,0x90,
0x30,0x64,0x00,0x09,0x59,0x99,0x95,0x08,0x12,0xa2,0xa2,0x01,0x84,0x6b,0x6b,0x61,
0x4d,0x69,0x66,0x68,0x00,0xe8,0xa7,0x77,0x90,0x8a,0x55,0x7b,0x74,0x06,0x83,0x88,
0xf9,0x82,0x08,0x10,0x85,0xa2,0x00,0x83,0xa4,0x01,0xa2,0x08,0x13,0xb4,0xb4,0x06,
0xc9,0x3a,0x3a,0x30,0x0c,0x17,0x7c,0x77,0x22,0xea,0x98,0xc8,0xb0,0x99,0x4a,0x7c,
0x7b,0x04,0x81,0x98,0xc8,0xb0,0x08,0x10,0xa0,0x86,0x00,0x81,0xb3,0x00,0x82,0xb3,
0x0c,0xf1,0x13,0xa7,0x86,0x07,0xc9,0x9b,0x09,0x93,0x0c,0x18,0x88,0x89,0x31,0xea,
0x68,0x88,0x62,0x7a,0x66,0x40,0x09,0x07,0x81,0x2b,0x8b,0x50,0x08,0x10,0x90,0xa0,
0x00,0x82,0x88,0x88,0x84,0xe7,0x10,0x20,0x30,0x29,0xbe,0x1f,0xf1,0x0c,0xa9,0x9c,
0x10,0x13,0xb0,0x80,0xb0,0x00,0x12,0x1c,0x53,0x00,0x06,0x05,0xc2,0x00,0x09,0x40,
0xb2,0xb0,0x04,0x91,0xa4,0x04,0xc2,0x00,0x53,0x98,0x06,0xf1,0x13,0x30,0x00,0xb9,
0x96,0xb0,0x00,0x95,0x54,0xc9,0xa7,0x98,0xb8,0x38,0x82,0x93,0xb2,0x1b,0x50,0x99,
0x92,0x4c,0x10,0xa5,0x14,0x93,0x90,0xa9,0x9a,0x80,0x86,0x00,0x06,0x00,0x03,0x6b,
0x0e,0xa1,0x01,0x0b,0x00,0x00,0x02,0x80,0xb9,0x98,0x00,0x28,0x09,0x00,0x21,0xb0,
0x00,0x09,0x00,0x91,0x5a,0xda,0xea,0xaa,0x00,0x1a,0xaa,0xaa,0xa8,0xdf,0x05,0x91,
0x01,0x50,0xb0,0x00,0x00,0x29,0x0c,0x99,0x50,0x8c,0x28,0x14,0x29,0x20,0x00,0xf0,
0x05,0x00,0x45,0x0a,0x00,0x00,0x54,0x50,0xa0,0x51,0x0a,0x4b,0x7b,0xb7,0x00,0xa4,
0x50,0xb0,0x00,0x0a,0x45,0x6c,0x24,0xf0,0x27,0x51,0xa0,0x08,0x0a,0x9b,0x6b,0x14,
0x94,0x72,0x00,0x58,0x72,0x01,0x40,0xa0,0x00,0x00,0x27,0x0c,0x99,0x30,0x5a,0xc9,
0xd9,0x99,0x10,0x05,0x18,0x02,0x00,0x09,0x41,0x81,0xb0,0x02,0x50,0x05,0xb1,0x00,
0x01,0x49,0x90,0x00,0x00,0x65,0x10,0x00,0x00,0x19,0xb9,0x9b,0x99,0x50,0x0a,0xcc,
0x03,0xf3,0x2d,0xc9,0xaa,0x07,0x30,0x87,0x28,0xaa,0x60,0x28,0x7c,0x3a,0x10,0x00,
0x01,0xb0,0xa0,0x06,0x02,0xb1,0x0a,0x12,0xb0,0x91,0x00,0x49,0x93,0x2b,0xa8,0x61,
0x90,0x00,0x76,0x2b,0x9d,0x93,0x09,0x48,0x60,0x90,0x01,0xc6,0x69,0xae,0x97,0x42,
0xc2,0x08,0xe4,0x00,0x0a,0x04,0x69,0xa1,0x06,0x54,0x90,0x91,0xa0,0x90,0x10,0x42,
0x0a,0x01,0x45,0x1f,0xf2,0x15,0x89,0x68,0x9c,0x00,0x09,0x00,0x90,0x80,0x00,0xb8,
0x59,0x06,0x82,0x0b,0x85,0xa8,0x85,0x00,0x90,0x06,0x49,0x20,0x3c,0x97,0x0c,0x80,
0x02,0xb0,0x03,0xab,0x30,0x09,0x05,0x80,0x1a,0x10,0x8c,0x32,0x10,0x80,0x04,0x00,
0x80,0x61,0xb9,0x93,0xba,0x40,0xa0,0x01,0xa0,0x0c,0x00,0x95,0x01,0xa0,0x33,0x80,
0x19,0xc9,0x51,0xca,0xb6,0xc8,0x09,0xb0,0x88,0x5c,0x16,0x80,0x00,0x29,0xcb,0x80,
0x00,0x05,0x5a,0x05,0x2a,0xe0,0xa4,0x90,0x00,0x76,0x0a,0x08,0x80,0x49,0x00,0xa0,
0x08,0x40,0x01,0xaa,0x94,0x17,0xf3,0x10,0x0a,0x00,0x00,0x44,0xa0,0xa3,0x40,0x46,
0x2c,0x9d,0x5a,0x00,0x53,0xb0,0xa0,0xa0,0x01,0x4a,0x0a,0x7a,0x00,0x73,0xa0,0xa0,
0x11,0x1b,0x09,0x20,0x17,0x43,0x30,0xad,0x32,0xf0,0x17,0x00,0xa2,0x0d,0x9d,0x00,
0x01,0x31,0x90,0xa0,0x01,0xa1,0xa2,0x06,0x93,0x03,0x28,0x99,0x94,0x00,0x05,0x0a,
0x09,0x20,0x05,0x60,0x3c,0x60,0x00,0xb0,0x39,0x7b,0x61,0x03,0x37,0x10,0x05,0x10,
0x08,0x75,0x1f,0xf2,0x0f,0x24,0x99,0xd9,0x90,0x38,0x0a,0x09,0x09,0x10,0x61,0xa0,
0x90,0x91,0x00,0x2d,0x8d,0x8c,0x10,0x65,0xa0,0x90,0x91,0x0b,0x0d,0x9c,0x9c,0x11,
0x30,0xa0,0x00,0xb2,0x32,0xf0,0x12,0xb2,0x1c,0x9c,0x00,0x01,0x32,0x80,0xa0,0x03,
0x70,0x84,0x0a,0x51,0x06,0x45,0x00,0x24,0x10,0x11,0xa9,0x99,0xa0,0x09,0x2a,0x00,
0x0a,0x04,0x90,0xa9,0x99,0xa0,0x10,0x0a,0x21,0x03,0x10,0x30,0xb2,0x04,0xf0,0x10,
0x69,0xd9,0x91,0x0a,0x20,0x0a,0x00,0x00,0x16,0x99,0xd9,0x96,0x00,0x50,0x56,0x20,
0x00,0x56,0x0a,0x04,0x80,0x0c,0x09,0xa9,0x9c,0x30,0x30,0x32,0x00,0x03,0x07,0x37,
0x03,0xf0,0x0e,0x34,0xb9,0xd9,0xc3,0x38,0x0a,0x0a,0x06,0x00,0x41,0xbc,0x99,0xb0,
0x00,0x49,0x45,0x56,0x00,0x74,0x90,0xaa,0x00,0x2b,0x56,0x5a,0x98,0x11,0x24,0x35,
0xb5,0x27,0xf2,0x3f,0x41,0x00,0x00,0x85,0x02,0xb3,0x00,0x00,0x58,0x99,0x99,0x30,
0xb1,0x00,0x90,0x00,0x02,0x50,0x09,0x00,0x00,0x06,0x69,0xd9,0x92,0x01,0xa0,0x09,
0x00,0x00,0xa2,0x00,0x90,0x00,0x06,0x19,0x99,0x99,0x60,0x00,0x00,0x21,0x00,0x00,
0x85,0x0a,0x99,0x70,0x00,0x44,0xc3,0x92,0x00,0xb1,0x70,0xc9,0x00,0x02,0x32,0xa5,
0x7a,0x20,0x05,0x9b,0x88,0xa4,0x05,0x61,0x80,0x0a,0x01,0xc0,0x1c,0x99,0xb0,0x01,
0x01,0x80,0x97,0x08,0xf2,0x0f,0x1a,0x1a,0x09,0x0a,0x02,0x0a,0x0a,0x0a,0x4a,0x7b,
0x8a,0x8a,0x03,0x9a,0x8a,0x8a,0x05,0x4a,0x2a,0x1a,0x0b,0x0a,0x0a,0x0a,0x75,0x47,
0x0a,0x0a,0x10,0x40,0x4d,0x08,0x60,0x00,0x85,0x69,0xba,0x60,0x00,0x40,0x0d,0x50,
0xa2,0x99,0xc9,0x95,0x01,0x09,0x00,0xf2,0x00,0x05,0x5a,0xa9,0xb0,0x06,0x56,0x40,
0x0a,0x01,0xc0,0x6a,0x88,0xd0,0x02,0x06,0xd6,0x23,0x02,0xaa,0x15,0xf1,0x11,0x02,
0x68,0xca,0x98,0x32,0x60,0x19,0x09,0x20,0x09,0x3b,0xba,0x9b,0x00,0x13,0x32,0xa5,
0x20,0x07,0x47,0x2a,0x81,0x01,0xb0,0xb0,0xa8,0x37,0x43,0x53,0x02,0x6b,0x50,0x70,
0x12,0xf1,0x10,0x99,0x99,0x19,0x02,0x83,0x59,0x99,0x76,0x84,0x69,0x99,0x03,0x84,
0x59,0x99,0x05,0x95,0x59,0x99,0x0a,0x37,0x23,0x79,0x38,0x09,0x83,0x09,0x71,0x92,
0x06,0x8b,0x4a,0x0a,0xf2,0x14,0x05,0x0a,0x07,0x00,0x27,0x57,0xa3,0x70,0x29,0x07,
0x9b,0x9a,0x00,0x53,0xa6,0x66,0xb0,0x00,0x6a,0x22,0x2a,0x00,0x47,0xa8,0x88,0xc0,
0x0c,0x0a,0x00,0x0a,0x04,0x40,0xa0,0x0a,0xa0,0x85,0x01,0xf1,0x14,0xb8,0x88,0xb0,
0x02,0x2b,0x77,0x7b,0x01,0xa2,0xb8,0x88,0xb0,0x01,0x12,0x02,0x00,0x00,0x14,0xd8,
0xb8,0x81,0x08,0x2a,0x08,0x20,0x31,0xa0,0xb6,0xb1,0x18,0x32,0x18,0x23,0x88,0x20,
0x55,0x09,0xf2,0x14,0xb2,0x9c,0x99,0x40,0x02,0x10,0xa0,0x00,0x05,0x48,0xbb,0xab,
0x81,0x09,0x1a,0x00,0xa2,0x00,0x0a,0x2a,0x00,0x92,0x09,0x26,0xa8,0x66,0x01,0xa9,
0x2a,0x55,0xb1,0x63,0x27,0xb0,0x31,0xc4,0x0a,0xf0,0x14,0x14,0x5b,0x55,0x10,0x15,
0x58,0xd8,0x81,0x0a,0x38,0x8c,0x88,0x50,0x14,0x27,0x77,0x60,0x00,0x55,0x97,0x7b,
0x00,0x47,0x5a,0x77,0xb0,0x0b,0x05,0x40,0x09,0x01,0x70,0x54,0x1a,0x90,0xfc,0x14,
0xf6,0x15,0x05,0x50,0x90,0x39,0xa1,0x05,0x7c,0x89,0x20,0x06,0x25,0x63,0x77,0x64,
0x15,0x9a,0xa8,0x29,0x00,0x40,0x46,0x81,0x90,0x0a,0x9c,0xaa,0x09,0x05,0x61,0x45,
0x90,0x90,0x70,0x04,0x68,0x08,0x03,0x0d,0xf0,0x12,0xb1,0xc8,0x8a,0x40,0x02,0x2c,
0x88,0xa4,0x04,0x80,0xb4,0x48,0x40,0x05,0x03,0x44,0x41,0x00,0x35,0xbc,0xba,0xa0,
0x0a,0x46,0x95,0x39,0x04,0x83,0x69,0x53,0x90,0x50,0x78,0xf1,0x0a,0xf2,0x18,0x03,
0x02,0x10,0x02,0xa0,0xa1,0x73,0x10,0x02,0x9c,0x9b,0x77,0x17,0x51,0x83,0x89,0x80,
0x04,0x1b,0xb0,0x46,0x00,0x52,0x69,0x7d,0x92,0x0a,0x54,0x90,0x90,0x03,0x89,0x19,
0x09,0x00,0x73,0x98,0x74,0xc0,0x53,0x00,0x00,0x8c,0x26,0xf2,0x15,0xa4,0x88,0xc9,
0x86,0x00,0x34,0x72,0x96,0x01,0xa2,0x85,0x28,0x27,0x02,0x28,0x88,0x8a,0x10,0x04,
0x68,0x88,0xa1,0x06,0x4b,0x88,0x88,0x40,0xb0,0x00,0x00,0x45,0x17,0x00,0x07,0x9c,
0x10,0x77,0x2f,0xf0,0xa8,0xc8,0xab,0x85,0x01,0x38,0x6a,0xa8,0x02,0x91,0x8a,0x33,
0x81,0x04,0x28,0xb4,0x49,0x10,0x25,0x78,0x8b,0x91,0x08,0x66,0x70,0xa8,0x00,0xb9,
0x5a,0x0a,0x47,0x26,0x85,0x2a,0x80,0x30,0x07,0x52,0xb8,0x8a,0x00,0x04,0x2b,0xb0,
0xa0,0x0b,0x2a,0xaa,0x8b,0x60,0x23,0x88,0x88,0x67,0x00,0x42,0xa7,0x7a,0x00,0x37,
0x2a,0x77,0xa0,0x0b,0x12,0x60,0x0a,0x01,0x70,0x26,0x2a,0x80,0x01,0x00,0x43,0x00,
0x01,0xb5,0x99,0xd9,0x90,0x01,0x06,0x41,0x91,0x06,0x76,0x6a,0x53,0xa0,0x03,0x09,
0xa7,0xc0,0x00,0x51,0x4b,0x62,0x60,0x0b,0x6c,0x44,0xc2,0x05,0x63,0x68,0x77,0x91,
0x20,0x03,0x30,0x03,0x00,0x28,0x6c,0x9b,0xb9,0x20,0x00,0x92,0x77,0x20,0x63,0x6e,
0xad,0xd9,0x10,0x39,0x02,0x70,0x62,0x05,0x0b,0x9b,0x87,0x00,0x91,0x82,0x71,0x80,
0x65,0x18,0x27,0x96,0x04,0x00,0x02,0x70,0x00,0x18,0x59,0xc8,0xd8,0x10,0x20,0x28,
0x0a,0x00,0x42,0x36,0xa6,0xa6,0x00,0x64,0x9c,0xab,0x80,0x04,0x73,0xa4,0x69,0x00,
0xa7,0x7b,0xaa,0xa0,0x38,0x7b,0x1a,0x3b,0x07,0x17,0x20,0x19,0x88,0x13,0x00,0x6b,
0x29,0xf3,0x3b,0x68,0x64,0x00,0x45,0x8b,0x98,0x84,0x74,0x83,0xa8,0x73,0x30,0x48,
0x15,0x98,0xa0,0x04,0x80,0x07,0x00,0x00,0xa9,0x26,0x84,0x50,0x47,0xa8,0x90,0x2a,
0x28,0x35,0x67,0x9b,0x22,0x00,0x03,0x00,0x30,0x02,0xa4,0xc7,0x29,0x00,0x03,0x96,
0x96,0xbb,0x36,0x68,0x8a,0xb6,0x90,0x03,0x39,0x58,0x89,0x00,0x54,0xb5,0x2a,0x70,
0x0a,0x0b,0xb3,0x75,0x02,0x85,0x47,0x3a,0xa0,0x72,0x95,0xb9,0x23,0x48,0x25,0x01,
0x1f,0x1e,0xe0,0x00,0x60,0x01,0xa0,0xe0,0x49,0x00,0x84,0x1f,0x2b,0x10,0x05,0x06,
0x69,0x8d,0x34,0xf2,0x1e,0x95,0x00,0x02,0xa3,0x00,0xa9,0x11,0x91,0x00,0x00,0x51,
0x00,0xa0,0x89,0xa9,0x40,0x4a,0x52,0x0b,0x00,0x18,0xab,0x00,0xb0,0x04,0x6a,0x30,
0x0b,0x00,0x01,0xa0,0x00,0xb0,0x00,0x2d,0x30,0x0b,0x00,0x08,0x3b,0x20,0xb0,0x02,
0xa0,0x12,0xcf,0x1c,0x00,0x91,0x30,0x90,0x98,0x00,0x07,0x88,0x89,0x80,0x01,0x88,
0x88,0xcf,0x38,0xf1,0x02,0x00,0x50,0x00,0xa0,0xe0,0x93,0x00,0x23,0x66,0xa3,0x00,
0x03,0x98,0x02,0xa9,0x30,0x62,0x97,0x3a,0x10,0xa0,0x66,0x2f,0x80,0x88,0x80,0x05,
0x99,0xd9,0x90,0x00,0xa0,0xab,0x2a,0x00,0x24,0x28,0xf2,0x26,0x51,0x51,0x36,0x10,
0x1b,0x0b,0x09,0x1c,0x12,0x20,0x40,0x20,0x20,0x00,0x20,0x12,0x00,0x00,0x0c,0x22,
0xb1,0x10,0x06,0xc7,0x7c,0x77,0x11,0xac,0x88,0xc8,0x60,0x01,0xc7,0x7c,0x75,0x00,
0x1c,0x88,0xd8,0x83,0x02,0x33,0x05,0x06,0x00,0xb2,0x64,0x72,0x66,0x03,0x01,0x21,
0x00,0xd2,0x01,0xf3,0x13,0x1c,0x72,0xa3,0x50,0x08,0x88,0xad,0x89,0x15,0xc4,0xb0,
0xa6,0x00,0x00,0xd3,0x37,0x91,0x01,0x95,0x3a,0x01,0xb1,0x15,0x05,0x12,0x23,0x00,
0xb0,0xa0,0xb0,0xb0,0x13,0x05,0x03,0x19,0x0d,0xf2,0x14,0x18,0x05,0xa7,0x50,0x05,
0x97,0xb7,0x7c,0x01,0x8d,0x4a,0x44,0xa0,0x36,0xa0,0xa3,0x3a,0x00,0x18,0x07,0x88,
0x70,0x03,0xd1,0x36,0x86,0x10,0x85,0xa7,0x63,0x69,0x1a,0x06,0x2c,0x97,0x16,0x17,
0x00,0x12,0x22,0xf3,0x17,0x9b,0xd4,0x99,0x92,0x09,0x99,0x27,0x86,0x30,0x99,0x92,
0xbc,0xb3,0x09,0x97,0x37,0x00,0x00,0x99,0x55,0x70,0x08,0x18,0x91,0x9a,0x9a,0x43,
0x59,0x06,0x72,0x10,0x50,0x90,0x02,0x79,0x50,0x00,0xa0,0xbb,0x1f,0x00,0xa7,0x27,
0x11,0x20,0xfc,0x03,0xf3,0x01,0xd9,0x9a,0x80,0x00,0x28,0x00,0x38,0x00,0x08,0x30,
0x03,0x80,0x02,0x90,0x00,0x38,0x03,0x1a,0xf2,0x14,0x45,0x68,0x87,0x00,0x94,0x59,
0x00,0x00,0x0c,0x98,0xaa,0x89,0x00,0x90,0x09,0x80,0xa0,0x0c,0x88,0x95,0x78,0x00,
0x90,0x89,0x0d,0x20,0x27,0x08,0x93,0xb9,0x06,0x20,0xb7,0xa0,0x55,0x58,0x0f,0xf0,
0x32,0x99,0x9a,0xa8,0x00,0x05,0x30,0x54,0x00,0x00,0xa0,0x05,0x40,0x00,0x08,0x9a,
0xfb,0x95,0x00,0x00,0xb7,0x50,0x00,0x02,0xb3,0x55,0x00,0x08,0xc2,0x05,0x50,0x00,
0x40,0x08,0xc3,0x00,0x03,0xa0,0x05,0x40,0x02,0xbc,0x58,0xba,0x82,0x63,0xa4,0x9b,
0xb9,0x61,0x0b,0x50,0x03,0x60,0x29,0xc3,0x98,0xab,0x52,0x2a,0x08,0x42,0x70,0x00,
0xa0,0x05,0x37,0x3b,0xf4,0x17,0x5b,0x50,0x00,0xa0,0x09,0x42,0x02,0x4a,0x00,0xa0,
0x70,0x0a,0xa7,0x9e,0x99,0x30,0x2a,0x00,0xd3,0x00,0x04,0xc0,0x29,0x80,0x05,0x7a,
0x08,0x29,0x20,0x00,0xa4,0x90,0x1c,0x10,0x0a,0x70,0x00,0x44,0xcc,0x39,0xfa,0x04,
0x83,0x04,0x02,0x74,0x05,0x00,0x48,0xa9,0x87,0x40,0x01,0x95,0x88,0x66,0x00,0x81,
0x7c,0x65,0x53,0x5c,0x1d,0x70,0x29,0x96,0x89,0xb9,0x60,0x01,0x80,0x7e,0x06,0xf1,
0x05,0x80,0x04,0xa0,0x00,0x19,0xc4,0x0a,0xb8,0x00,0x01,0x80,0x75,0xa6,0x70,0x01,
0xb6,0x90,0xa0,0x60,0x39,0x7b,0x29,0x00,0x29,0x00,0xf1,0x15,0x29,0xa6,0xc9,0x9c,
0x00,0x18,0x0b,0x05,0x80,0x02,0x80,0xb0,0x98,0x01,0x8c,0x4b,0x18,0x80,0x01,0x80,
0x54,0x73,0x00,0x2b,0x80,0x9a,0x00,0x39,0x40,0x58,0x90,0x90,0x00,0x99,0x08,0xa8,
0x11,0x07,0xf0,0x11,0x29,0xa5,0x0a,0x9b,0x70,0x18,0x35,0x90,0x90,0x04,0x95,0x59,
0x09,0x00,0x7b,0x93,0x99,0xd6,0x01,0x82,0x18,0x09,0x00,0x5c,0x66,0x40,0x90,0x25,
0x04,0xa3,0x9d,0x90,0x23,0x0e,0xf0,0x04,0x5a,0x87,0x9c,0x8a,0x00,0x90,0x79,0xc8,
0xa0,0x4c,0x77,0x29,0x09,0x01,0xa2,0x79,0xc8,0xa0,0x09,0x45,0x06,0x72,0xb7,0x57,
0xc7,0x70,0x00,0x18,0x8c,0xca,0x04,0xf1,0x31,0x5a,0x96,0x46,0x29,0x00,0x80,0x5a,
0xa9,0xb0,0x1a,0x36,0x66,0x66,0x32,0xb5,0x22,0xa2,0x21,0x08,0x08,0x9c,0xcb,0x30,
0x98,0x91,0x98,0x63,0x68,0x28,0x19,0x86,0x30,0x00,0x81,0x33,0xb2,0x00,0x50,0x82,
0x00,0x00,0x1d,0x9c,0xa9,0x91,0x09,0x20,0x82,0x00,0x00,0x50,0x08,0x20,0x00,0x00,
0x99,0xca,0x96,0x00,0x00,0x08,0x20,0x00,0x09,0x1f,0x29,0x01,0x66,0x20,0x20,0xd8,
0x8a,0x1e,0x16,0x08,0x08,0x00,0x20,0x09,0x00,0xff,0x38,0x60,0xa0,0x0a,0x22,0x00,
0x02,0xa9,0x0a,0x01,0x31,0xc9,0x9d,0x99,0xc1,0x16,0x31,0xc8,0x8d,0x88,0x08,0x00,
0xf4,0x1e,0xc9,0x9d,0x99,0x62,0x20,0x0a,0x00,0x09,0x00,0x0c,0x99,0xa5,0x0a,0x88,
0xc8,0xc1,0x00,0xa8,0x8c,0x8c,0x10,0x0a,0x00,0x90,0x81,0x00,0x5a,0xb8,0xd8,0x00,
0x04,0xb2,0x04,0xa3,0x06,0x74,0x60,0x90,0x80,0x00,0x73,0x09,0x00,0x00,0x78,0x92,
0x17,0x00,0x39,0x11,0xf0,0x0f,0x07,0x99,0x63,0xb8,0x60,0x95,0x48,0xa7,0x73,0x09,
0x65,0xb4,0x7a,0x00,0x99,0x98,0x48,0x69,0x19,0x54,0xbc,0x88,0x91,0x99,0x88,0x90,
0x09,0x08,0x22,0x19,0x8a,0x1c,0x00,0x63,0x1b,0x10,0x03,0xfb,0x3a,0xf0,0x54,0x00,
0xa9,0x99,0x9a,0x9b,0x00,0x00,0x1a,0xb9,0x99,0x9a,0xab,0x00,0x00,0x1a,0xb0,0x00,
0x01,0xab,0x99,0x99,0xaa,0xb0,0x00,0x01,0xa0,0x03,0x00,0x10,0x00,0x09,0x00,0xb1,
0x00,0xc9,0xc1,0xd9,0x98,0xa0,0xa9,0x20,0x0a,0xd8,0xd1,0x82,0x09,0xa0,0xa0,0x09,
0x09,0xa0,0xa0,0x00,0x18,0xd9,0xb0,0x00,0x36,0x90,0x00,0x1c,0xb2,0x00,0x10,0x00,
0x30,0x00,0x02,0x80,0x49,0x00,0x19,0x9b,0x9c,0x99,0x50,0x03,0x90,0x58,0x00,0x07,
0xa1,0x00,0x5c,0x20,0x5d,0xb9,0xda,0x92,0x00,0x97,0x29,0x36,0x00,0x09,0x72,0x93,
0x60,0x19,0xd4,0x1e,0xf0,0x2c,0x18,0x73,0x2b,0x66,0x11,0x97,0x37,0x53,0x20,0x19,
0x75,0x82,0xb3,0x00,0x17,0x30,0x01,0x30,0x06,0xbb,0x89,0x94,0x00,0x90,0x90,0x94,
0x60,0x09,0x09,0x09,0x46,0x07,0x99,0x99,0x99,0x93,0x00,0x30,0x03,0x00,0x01,0x59,
0x85,0xc5,0x40,0x03,0x34,0xa3,0x32,0x00,0x78,0x8c,0x88,0x30,0x58,0x89,0xb8,0x88,
0x10,0x8e,0x1c,0x92,0x0a,0x09,0x36,0x63,0x00,0xa0,0x93,0x66,0x30,0xac,0x10,0x10,
0x01,0x79,0x2d,0xf1,0x0f,0xa9,0x89,0x00,0x00,0x93,0x91,0xa0,0x06,0x9c,0x98,0x8d,
0x82,0x06,0x55,0x90,0xa0,0x00,0x90,0x01,0x78,0x00,0x0a,0x7c,0x9b,0xa4,0x00,0xa0,
0x93,0x65,0x40,0x29,0x00,0x9b,0x89,0x99,0x9b,0xa0,0x00,0x0a,0xa9,0x99,0x9d,0x06,
0x00,0xf0,0x09,0x04,0x55,0xa6,0x55,0x20,0x07,0x8c,0x88,0x40,0x00,0xa3,0x33,0x48,
0x00,0x0b,0x66,0x67,0x80,0x00,0xc8,0x88,0x98,0x00,0x0c,0xa4,0x0e,0x30,0xa2,0x22,
0x38,0xa4,0x0e,0xf1,0x0b,0x86,0x00,0x90,0xa9,0x9d,0x03,0xad,0x99,0x00,0x90,0x03,
0xa0,0xa8,0x8c,0x00,0x7e,0x59,0x00,0x90,0x18,0x97,0xa8,0x8c,0x04,0x19,0x09,0x56,
0x0b,0x40,0x9d,0x00,0x09,0x09,0x72,0x01,0xf0,0x27,0x23,0x52,0x00,0x58,0x9b,0x54,
0x10,0x06,0x8b,0xa8,0x88,0x11,0x88,0xd8,0x88,0x86,0x00,0x6c,0x77,0x75,0x00,0x5d,
0x97,0x77,0xa0,0x07,0x78,0x66,0x6a,0x00,0x07,0x97,0x77,0xa0,0x00,0x73,0x00,0x0a,
0x00,0x26,0x66,0xb6,0x65,0x00,0x48,0x8b,0x88,0x00,0x06,0x87,0x77,0xc0,0x00,0x68,
0xbc,0x1a,0xf0,0x02,0x97,0x77,0xc0,0x06,0xb9,0x88,0x8c,0x82,0x04,0xa3,0x09,0x93,
0x04,0x60,0x00,0x01,0x50,0x89,0x3d,0xf2,0x15,0x09,0x89,0xa8,0x97,0x50,0x90,0x93,
0x58,0x81,0x09,0x8a,0xb8,0x89,0xb2,0x90,0x98,0x92,0x46,0x19,0x89,0x96,0xab,0x90,
0x90,0xa7,0xca,0x97,0x29,0x95,0x46,0x28,0x51,0x00,0x07,0x00,0x63,0x0c,0x11,0xf1,
0x16,0x46,0x00,0x01,0x10,0x0a,0xba,0x6c,0x88,0x80,0x65,0x40,0xb0,0x18,0x29,0xba,
0x8b,0x01,0x80,0x07,0x60,0xb0,0x18,0x00,0x99,0x4b,0x01,0x80,0x57,0x08,0xc9,0x98,
0x07,0x00,0x06,0x00,0x40,0x03,0x8d,0x06,0xf0,0x27,0x39,0x99,0x92,0x0b,0xc5,0x00,
0x00,0x04,0x49,0x0a,0x88,0xb0,0x48,0xd8,0x90,0x09,0x00,0x0b,0x07,0x99,0x80,0x02,
0xa8,0x55,0x46,0x00,0xa1,0x41,0x79,0x10,0x44,0x03,0x99,0x99,0x40,0x19,0xb7,0x69,
0x9d,0x00,0x36,0x04,0x40,0xa0,0x08,0x42,0x72,0x09,0x01,0xe5,0x97,0x99,0xb8,0x4a,
0x6a,0x17,0xf0,0x22,0x80,0x99,0x99,0x38,0x08,0x85,0x00,0x02,0x70,0x20,0x00,0x1b,
0xb2,0x5a,0x97,0x8c,0x88,0x20,0x90,0x38,0xc7,0x80,0x19,0x26,0x6b,0x4b,0x08,0xbb,
0x65,0xa3,0xa0,0x68,0x93,0x9c,0x87,0x01,0x89,0x0a,0xa0,0x00,0x1c,0x80,0x8a,0x94,
0x00,0x20,0x74,0x01,0x51,0x2f,0x0e,0xf2,0x15,0x01,0x9a,0x64,0xaa,0x70,0x04,0x50,
0xb5,0xb6,0x20,0x82,0x5c,0x3a,0x39,0x1f,0x87,0xa8,0xc8,0x95,0xb1,0x79,0x4b,0x49,
0x09,0x17,0xa4,0xa4,0x90,0x99,0x69,0x09,0x09,0x09,0x05,0x40,0xba,0x0e,0x36,0x37,
0x99,0x99,0x95,0x4b,0x37,0xf1,0x52,0x09,0x21,0x00,0x00,0xa1,0x92,0x93,0x00,0x59,
0x09,0x20,0xc1,0x0b,0x00,0x92,0x04,0x70,0x01,0xbd,0x10,0x00,0x48,0xc8,0x6a,0xb8,
0x00,0x6d,0x20,0xbd,0x10,0x38,0xa8,0x97,0x7b,0x13,0x29,0x37,0x57,0x30,0x59,0x99,
0x99,0x98,0x10,0x16,0x0a,0x27,0x00,0x09,0x40,0xa0,0x96,0x04,0x62,0xa8,0x00,0x60,
0x00,0x03,0x30,0x00,0x05,0x88,0x8c,0x88,0x80,0x07,0x27,0x65,0x52,0x00,0x94,0x76,
0x87,0x20,0x05,0x8a,0x98,0x81,0x02,0xa9,0xd9,0x99,0x80,0x36,0x37,0x1a,0x09,0x03,
0x69,0xa8,0x74,0x90,0x36,0x00,0x02,0x99,0x6c,0x00,0xf0,0x0e,0x16,0x86,0x00,0x90,
0x00,0x19,0x04,0x49,0x90,0x39,0xd8,0x92,0x95,0x60,0x5c,0x0b,0x09,0x07,0x08,0xd8,
0x20,0x98,0x24,0x69,0x40,0x06,0xa0,0x10,0x90,0xa1,0x3b,0x26,0x0a,0x80,0x56,0x0b,
0x50,0x01,0x9c,0x68,0x99,0xa0,0x6c,0x33,0xf0,0x14,0x02,0x8d,0x69,0x00,0xa0,0x06,
0xe3,0xb9,0x9d,0x00,0x8a,0x90,0x12,0x00,0x54,0xa0,0x56,0x39,0x00,0x0a,0x0b,0x00,
0x93,0x00,0xa2,0x30,0x01,0x30,0x00,0x02,0x03,0x00,0x00,0x9c,0x73,0xc6,0x11,0xf3,
0x0e,0x89,0x99,0x92,0x9e,0x9b,0x03,0x45,0x03,0xe2,0x53,0xa5,0x00,0x9a,0xa8,0x2a,
0x82,0x38,0xa0,0xb0,0xa3,0x80,0x0a,0x05,0x0a,0x05,0x00,0xa0,0x1a,0x80,0x56,0x00,
0xf0,0x16,0x01,0x20,0x01,0x9c,0x60,0xa9,0xa1,0x00,0x90,0xaa,0x38,0x02,0x9d,0x70,
0x5a,0x00,0x05,0xe3,0x96,0xd8,0x50,0x99,0xa1,0xb1,0x55,0x45,0x90,0x95,0xba,0x00,
0x09,0x00,0x4a,0x00,0x00,0x90,0x87,0x68,0x22,0x00,0x7f,0x00,0xf0,0x0c,0x49,0x98,
0xc2,0x01,0xa1,0x90,0x07,0x22,0x8d,0x76,0x88,0x91,0x06,0xd2,0x88,0x88,0x50,0x9a,
0x90,0x09,0x00,0x53,0x90,0x78,0xd8,0x30,0x09,0x40,0x16,0x40,0x93,0x99,0x99,0x70,
0xdc,0x3b,0xf6,0x16,0x05,0xb9,0x1b,0x87,0x00,0x06,0x26,0x93,0xa1,0x06,0xda,0x36,
0x67,0x70,0x0c,0x80,0x78,0x97,0x03,0xb9,0x48,0xa8,0x50,0x97,0x22,0x4a,0x23,0x01,
0x62,0xaa,0x26,0xa0,0x06,0x36,0x7a,0xa2,0x00,0x5d,0x27,0xf1,0x02,0x88,0x88,0x8b,
0x40,0x74,0x90,0x59,0x63,0x09,0x80,0x00,0x1b,0x10,0x08,0x9d,0x99,0x30,0x82,0x05,
0xc1,0x11,0x1a,0x11,0x10,0x18,0x88,0x88,0x88,0x40,0x00,0x02,0x40,0x07,0x27,0xf1,
0x0f,0x60,0x37,0x14,0x06,0x0a,0x01,0x8a,0x23,0x4b,0x60,0x14,0x02,0x86,0x63,0x04,
0x99,0xae,0x99,0x90,0x00,0x08,0x68,0x00,0x00,0x39,0x50,0x5b,0x50,0x56,0x10,0x86,
0x27,0x30,0x40,0x00,0x04,0x07,0x27,0xf2,0x0b,0x92,0x75,0x09,0x57,0x31,0xa4,0x61,
0x06,0x60,0x0b,0x89,0xa8,0x89,0x00,0xa1,0xa9,0xb2,0xa0,0x0a,0x47,0xba,0x0a,0x00,
0xcb,0xa8,0x98,0xbd,0x06,0x04,0x52,0x00,0xf1,0x12,0x50,0x00,0x91,0x08,0x10,0x06,
0x9a,0xa9,0xa9,0x92,0x02,0x98,0x88,0x90,0x00,0x45,0x00,0x09,0x00,0x02,0x8c,0xaa,
0x70,0x00,0x05,0x54,0x50,0x41,0x49,0x70,0x2b,0x8b,0x10,0x15,0x0e,0xf0,0x15,0x16,
0x46,0x29,0x06,0xa9,0x6a,0xa9,0xb0,0x41,0x76,0x66,0x66,0x25,0x39,0x22,0xa2,0x20,
0x37,0x77,0x9c,0xcb,0x20,0x78,0x82,0x88,0x72,0x68,0x47,0x28,0x87,0x20,0x00,0x72,
0x33,0xb1,0x01,0xf1,0x1f,0x80,0x7b,0x97,0xba,0x82,0x27,0x25,0x70,0x80,0xfb,0x41,
0x70,0xa0,0x05,0x87,0xc7,0x77,0x00,0x98,0xa0,0x30,0xa0,0x1a,0xb0,0x08,0x20,0x7c,
0x2a,0x09,0xb0,0x06,0x00,0xba,0x14,0x00,0x48,0x01,0xf0,0x39,0xc9,0x8a,0xa9,0x81,
0x72,0x61,0x81,0x70,0x00,0x78,0x9c,0x88,0x30,0x45,0x56,0xb5,0x55,0x12,0x33,0x33,
0x77,0x30,0x28,0xa8,0x8a,0xb7,0x00,0x09,0x40,0x45,0x00,0x00,0x03,0x7b,0x30,0x00,
0x01,0x20,0x03,0x00,0x00,0x9a,0x87,0xc8,0x83,0x47,0x37,0xb1,0x90,0x00,0x02,0xb4,
0xa3,0x00,0x28,0xd9,0x88,0xca,0x42,0x10,0x23,0x02,0x11,0x02,0xa0,0xa0,0x91,0x00,
0x06,0x03,0x38,0x00,0x5a,0x40,0xf0,0x15,0x10,0x03,0x20,0x13,0x00,0x00,0xba,0x99,
0xaa,0x83,0x66,0x35,0x70,0x90,0x00,0x2b,0x5a,0xaa,0xa0,0x08,0x29,0x89,0x0a,0x00,
0x91,0xa4,0xb0,0xa0,0x09,0x1a,0x3a,0x0a,0x00,0x90,0x88,0x80,0x7e,0x1a,0xf1,0x1c,
0xac,0x00,0x01,0x30,0x05,0x00,0x00,0x89,0xb7,0xbb,0x85,0x06,0x7b,0xa8,0xb4,0x00,
0x1c,0x88,0x88,0x80,0x01,0xc7,0x77,0x88,0x00,0x1b,0x87,0x78,0x70,0x28,0x8d,0x8a,
0xb8,0x60,0x02,0x80,0x27,0x00,0x05,0x90,0x02,0x70,0x00,0xcd,0x00,0x60,0x9a,0x98,
0xca,0x84,0x36,0x15,0xc0,0x0d,0xf1,0x29,0x8a,0x88,0xa3,0x05,0x98,0x88,0xa3,0x20,
0x0b,0x88,0x8c,0x00,0x00,0xb6,0x66,0x62,0x00,0x0a,0x22,0x25,0x60,0x00,0xb8,0x88,
0xa6,0x00,0x00,0x80,0x90,0x72,0x00,0x7b,0xad,0x9c,0x93,0x00,0x07,0xd7,0x50,0x00,
0x58,0x38,0x07,0xc1,0x08,0x88,0xd8,0x89,0x40,0x00,0x29,0xa1,0x00,0x03,0x89,0x01,
0xfb,0x08,0xf6,0x15,0x22,0x02,0x94,0x05,0x42,0x00,0x99,0x93,0x61,0x90,0x06,0xa5,
0xa0,0x07,0x51,0x7c,0x58,0xc9,0xc4,0x07,0xe4,0x0a,0x09,0x00,0x99,0x90,0xa0,0x90,
0x43,0x90,0x47,0x09,0x00,0x09,0x0b,0x2a,0x63,0x3f,0xf3,0x13,0x02,0x19,0x50,0x81,
0x00,0x28,0xa9,0x08,0x99,0x12,0x6b,0x60,0x81,0x00,0x17,0xb3,0x7c,0x99,0x00,0x8e,
0x78,0x00,0xa0,0x55,0x94,0x80,0x0a,0x02,0x09,0x0a,0x99,0xd0,0x00,0x90,0xba,0x0c,
0xf1,0x15,0x37,0x44,0x5b,0x55,0x07,0x89,0x38,0xc8,0x70,0x39,0x75,0x8c,0x88,0x24,
0xc7,0x17,0x77,0x50,0x1e,0xa0,0xb7,0x7a,0x0a,0x84,0x2c,0x77,0xa0,0x37,0x20,0x80,
0x09,0x00,0x72,0x08,0x19,0x80,0x61,0x02,0xf1,0x81,0x79,0xab,0x98,0x30,0x00,0x19,
0x13,0x60,0x00,0x4e,0x9a,0xb0,0x00,0x02,0x5c,0xa3,0x70,0x00,0x8f,0x84,0x28,0x80,
0x00,0x80,0xa2,0xa2,0x00,0x96,0x0a,0x05,0xb0,0x14,0x0a,0xb0,0x03,0x00,0x01,0x22,
0xa2,0x22,0x00,0x45,0x5c,0x55,0x52,0x0c,0x8a,0xc8,0x88,0x90,0x55,0xb4,0x77,0x05,
0x00,0x8c,0xd5,0x71,0x00,0x3a,0x96,0x35,0x90,0x00,0xa3,0x72,0x98,0x00,0x93,0x6c,
0x10,0x55,0x0a,0x55,0xba,0xa8,0x00,0xa5,0x40,0xbb,0x10,0x09,0x55,0x5a,0xa7,0x00,
0x03,0x93,0x51,0x40,0x02,0xbb,0xc5,0x50,0x00,0x4c,0xd9,0x8a,0x70,0x01,0x90,0xa2,
0x93,0x01,0x92,0x9a,0x00,0x70,0x09,0x88,0xc8,0x89,0x00,0x97,0x7c,0x77,0x90,0x07,
0x89,0xc8,0x87,0x00,0x07,0x94,0x92,0x00,0x02,0x9d,0x82,0x70,0x00,0x7c,0x9c,0x89,
0x70,0x02,0xb0,0xa1,0xb6,0x01,0xa1,0x9a,0x00,0x82,0x09,0x16,0xf6,0x10,0x19,0x07,
0x99,0x91,0x09,0x27,0x02,0x70,0x04,0xdb,0x60,0x27,0x00,0x02,0x90,0x02,0x70,0x01,
0xda,0x70,0x27,0x00,0x02,0x04,0x02,0x70,0x03,0xa9,0x59,0xac,0x94,0x26,0x27,0xf2,
0x15,0x28,0x4c,0x9c,0x30,0x0a,0x29,0x91,0x90,0x04,0xbd,0x19,0x5d,0x80,0x06,0x50,
0x99,0x09,0x02,0xd9,0x39,0x87,0x60,0x00,0x57,0x71,0xf2,0x03,0x94,0xb4,0xa3,0xb3,
0x00,0x03,0x31,0x00,0x20,0xf7,0x1a,0x00,0xd4,0x5c,0xf2,0x10,0x43,0xa0,0xa0,0x04,
0xbb,0x09,0x0b,0x00,0x16,0x61,0xd0,0xc2,0x01,0xc8,0x4c,0x4c,0x50,0x13,0x38,0x39,
0x89,0x03,0x96,0xa0,0x91,0x82,0x00,0x23,0x06,0x01,0x30,0x84,0x16,0xf2,0x60,0x09,
0xd9,0xd1,0x06,0x35,0x0a,0x09,0x01,0xda,0x50,0xa0,0xa0,0x01,0x92,0x9d,0x9d,0x00,
0x9a,0x61,0x90,0xa0,0x05,0x10,0x18,0x0a,0x00,0x59,0x83,0x70,0xa0,0x05,0x01,0x88,
0x88,0x50,0x01,0x70,0x09,0x71,0x00,0x73,0x50,0x92,0x60,0x2b,0x76,0x8c,0x65,0x03,
0x6b,0x13,0xb7,0x82,0x0a,0x65,0x5a,0x26,0x02,0x74,0x00,0x5b,0x20,0x05,0x96,0x3a,
0x91,0x72,0x50,0x27,0x05,0xc2,0x00,0x10,0x03,0x00,0x00,0x63,0x12,0xa2,0x20,0x09,
0x37,0x99,0x66,0x07,0xbb,0x4c,0xa4,0x00,0x15,0x60,0x93,0x50,0x02,0xc8,0x49,0xbb,
0x90,0x13,0x00,0x95,0x77,0x01,0x7b,0xa6,0x45,0x82,0x33,0x02,0x4c,0x30,0xc8,0x00,
0xf2,0x15,0x73,0x0c,0x9a,0x70,0x0a,0x36,0x90,0x27,0x09,0xbc,0x0c,0x89,0x70,0x06,
0x40,0x90,0x27,0x04,0xd8,0x3c,0x89,0x70,0x11,0x00,0x90,0x27,0x02,0x7a,0x39,0x02,
0x70,0x33,0x08,0x99,0x99,0x30,0xb9,0x41,0xf1,0x10,0x0b,0x9b,0x97,0x09,0x26,0x90,
0x90,0x94,0xdb,0x39,0x09,0x09,0x03,0x80,0xc8,0xc8,0x91,0xd9,0x59,0x09,0x09,0x02,
0x01,0x90,0x90,0x92,0x99,0x5c,0x9c,0x99,0x01,0x76,0x1d,0x20,0x20,0x03,0x8f,0x3e,
0xf0,0x0d,0xd8,0x50,0x09,0x29,0x97,0x37,0x04,0xcc,0x65,0x8a,0x00,0x03,0x70,0x09,
0xa5,0x01,0xd8,0x6a,0x73,0x55,0x01,0x02,0x11,0x82,0x02,0x99,0x32,0x98,0xb8,0x03,
0x13,0x25,0x75,0x17,0xf0,0x07,0x05,0x99,0xb0,0x07,0x39,0x00,0x82,0x02,0xea,0x61,
0x9a,0x70,0x01,0x91,0x92,0x05,0x70,0xc9,0x66,0x9a,0x91,0x03,0x11,0x23,0x50,0x5a,
0x90,0x28,0x00,0x04,0xf1,0x00,0xf4,0x13,0x06,0x20,0x90,0xdb,0x50,0x85,0x7d,0x79,
0x72,0x6a,0xa6,0xd5,0x9a,0x00,0x82,0x09,0x09,0x82,0x3d,0x79,0xd7,0x92,0x71,0x10,
0x08,0x0a,0x38,0x28,0x97,0x40,0xa8,0x22,0x13,0x80,0xda,0x10,0x00,0x1a,0x03,0xf1,
0x15,0x28,0x06,0xb9,0x30,0x09,0x27,0x90,0x80,0x04,0xdc,0xad,0x8c,0xb2,0x03,0x80,
0x90,0x86,0x21,0xc9,0x5c,0x88,0x81,0x03,0x00,0x90,0x00,0x10,0x38,0x69,0x00,0x09,
0x47,0x20,0xba,0xab,0x40,0x1f,0x23,0xf0,0x15,0x36,0x00,0x83,0x00,0x09,0x27,0x9c,
0x98,0x06,0xbc,0x38,0x26,0x50,0x03,0xa2,0xa8,0x7a,0x00,0xb3,0x12,0x14,0x00,0x4a,
0x71,0x63,0x90,0x00,0x15,0x49,0x19,0x44,0x49,0x47,0x70,0xab,0x20,0x04,0x05,0xf2,
0x14,0x05,0x31,0x6b,0x64,0x00,0x96,0x78,0xd8,0x80,0x8b,0x91,0x61,0x3a,0x01,0x72,
0x47,0x76,0x60,0x4c,0x81,0x76,0x30,0x01,0x11,0x89,0xd9,0x92,0x4a,0x82,0x94,0xa6,
0x01,0x01,0x82,0x00,0xb7,0x0c,0xf0,0x3d,0x73,0x38,0x8b,0x40,0x09,0x52,0x77,0xa3,
0x08,0xab,0x78,0x8c,0x92,0x08,0x22,0x19,0x25,0x04,0xda,0x2a,0x9b,0x70,0x11,0x10,
0x4a,0x82,0x02,0x99,0x98,0x91,0xb1,0x31,0x02,0x6b,0x02,0x00,0x00,0x20,0x02,0x54,
0x00,0x64,0x69,0xa4,0x60,0x0a,0x44,0xa9,0x56,0x08,0xbb,0x5a,0x99,0x80,0x06,0x46,
0xb9,0x88,0x24,0xd8,0x2a,0x88,0x40,0x00,0x24,0x98,0x83,0x05,0x96,0xa2,0x9b,0x50,
0x00,0x13,0x62,0x04,0x0b,0x14,0x00,0xf4,0x1b,0xf0,0x4f,0x54,0x00,0x06,0x33,0xc7,
0x7c,0x12,0xca,0x3c,0x77,0xa0,0x03,0x80,0xc8,0x88,0x20,0xd9,0x5e,0x78,0x44,0x02,
0x05,0xcb,0xba,0x41,0x7a,0x98,0x78,0x44,0x12,0x03,0x82,0x38,0x30,0x01,0x20,0x05,
0x00,0x00,0x63,0x58,0xba,0x81,0x09,0x6b,0x40,0x05,0x27,0xcb,0x0a,0x9c,0x92,0x06,
0x36,0x76,0xc8,0x03,0xd8,0xa7,0x90,0x90,0x00,0x23,0x7b,0x7c,0x04,0x97,0x37,0xb8,
0xc0,0x00,0x02,0x79,0x09,0x00,0x0c,0x7c,0x8b,0x87,0x00,0x87,0x8a,0x87,0x40,0x57,
0x77,0xc7,0x77,0x10,0x68,0x78,0x7b,0x00,0x07,0x5d,0x08,0x31,0x78,0x77,0x7c,0x09,
0x00,0x20,0x06,0x88,0x3f,0x45,0x04,0x53,0x09,0x42,0x13,0x34,0xa3,0x33,0x53,0x09,
0x40,0x88,0xc8,0x88,0x14,0x2e,0x07,0xa0,0x00,0x08,0xa5,0x00,0x01,0x6a,0x50,0x6b,
0x80,0x24,0x3e,0x01,0x00,0x07,0x3f,0xf0,0x09,0x28,0x96,0x9a,0x9b,0x6a,0xb5,0x0a,
0x39,0x05,0x45,0x69,0xa9,0x4a,0xa2,0x69,0x5a,0x7b,0xa3,0x69,0x7b,0x06,0x39,0x1b,
0x39,0x90,0x5f,0x41,0x47,0x02,0x97,0x6c,0x15,0x01,0xf1,0x14,0x24,0x00,0x00,0x59,
0xa7,0x8c,0x7c,0x07,0xa6,0x39,0x49,0x6c,0xd7,0x9a,0x8a,0x74,0xa8,0x2b,0x2a,0x59,
0xb9,0x3c,0x6c,0x49,0xba,0x89,0x49,0x44,0x88,0x09,0x09,0x4a,0x86,0x5b,0x4b,0x95,
0x41,0xf0,0xbc,0x9b,0x7c,0x8b,0x01,0x6b,0x94,0x99,0x90,0x28,0x78,0xb9,0x75,0x00,
0x77,0x6b,0x68,0x50,0x04,0x9a,0x7b,0x72,0x00,0x79,0xa7,0xb7,0x50,0x57,0x9b,0x7c,
0xa7,0x22,0x97,0x10,0x06,0x80,0x03,0x89,0xc8,0x64,0x00,0x00,0x37,0x77,0x00,0x49,
0x9a,0xe9,0x99,0x40,0x05,0xea,0x88,0x10,0x4a,0xc2,0x11,0x82,0x01,0x08,0x87,0x7b,
0x20,0x00,0x89,0x88,0xc2,0x00,0x08,0x10,0x07,0x20,0x38,0xc8,0x47,0x53,0x00,0x3a,
0x22,0x90,0x00,0x16,0xb4,0x8d,0x99,0x24,0x9c,0x80,0x90,0x11,0x07,0xc1,0xad,0xa9,
0x41,0x9a,0xb0,0x90,0x01,0x83,0x90,0x09,0x01,0x80,0x09,0x00,0x7a,0xb5,0x27,0xc6,
0xa8,0xca,0x40,0x19,0x1a,0x8c,0xa4,0x18,0xc6,0x93,0xa7,0x44,0x9d,0x83,0x5b,0x51,
0x06,0xc0,0xd8,0xc8,0x90,0x9a,0x89,0x1a,0x89,0x62,0x90,0xa7,0x45,0x90,0x09,0x09,
0x00,0x86,0x00,0x00,0x11,0x04,0x04,0xca,0xb3,0x80,0xa0,0x09,0x36,0x49,0x78,0x20,
0xca,0x65,0x5b,0x53,0x0c,0x98,0x99,0xc9,0x70,0x93,0x70,0x3d,0x00,0x2c,0xab,0x07,
0x65,0x04,0x43,0x63,0x80,0xb2,0x00,0x38,0x90,0x01,0x70,0x18,0x8c,0x0b,0x67,0x00,
0x01,0xb0,0xb2,0x07,0x4b,0x9c,0x0c,0x78,0x80,0x0a,0xb8,0xac,0x90,0x01,0x1b,0x0a,
0x10,0x1c,0x72,0x0e,0x82,0x90,0x00,0x28,0x00,0x19,0x00,0x7a,0x50,0x14,0x05,0xf2,
0x13,0x22,0x80,0x51,0x1b,0x5c,0x4c,0x84,0x00,0x76,0x57,0x80,0x28,0x0c,0x6c,0x19,
0x98,0x20,0xc7,0xc2,0x84,0x91,0x0c,0x8d,0x2c,0x61,0x30,0x90,0x92,0x80,0x0a,0x09,
0x5b,0x1c,0x9a,0x73,0x1c,0x00,0x90,0x37,0xf4,0x16,0x0c,0xc0,0x04,0x90,0x00,0x08,
0x90,0x79,0x60,0x00,0x0c,0xc1,0x31,0xa3,0x60,0x08,0x93,0x69,0xe9,0x00,0x0c,0xc0,
0x36,0xc6,0x00,0x07,0x90,0xa1,0x9a,0x20,0x36,0x97,0x60,0x91,0xb0,0x64,0xc1,0x24,
0x08,0xf5,0x12,0x0c,0xb0,0x90,0x89,0x70,0x88,0x6d,0x8a,0x09,0x0c,0xc0,0x90,0xa0,
0x90,0x88,0x7d,0x9a,0x09,0x0c,0xb2,0x78,0xa0,0x90,0x78,0x88,0xcb,0x77,0x25,0x84,
0x12,0xa0,0x06,0x5a,0x01,0x44,0x11,0x11,0x64,0x0c,0x30,0xa9,0x99,0x9d,0xb2,0x17,
0x70,0xa8,0x88,0x8d,0x0a,0x88,0x88,0xd0,0x5f,0x1d,0x02,0x07,0x00,0xf0,0x0b,0x00,
0x39,0x9b,0x99,0x98,0x00,0x05,0x70,0x53,0x00,0x06,0xe9,0x98,0xc3,0x00,0x11,0x16,
0x00,0x30,0x08,0x99,0xd9,0x94,0x00,0x00,0x19,0xa6,0x26,0x31,0xd9,0x99,0x10,0x64,
0x30,0xf2,0x14,0x6b,0x40,0x34,0x00,0x0a,0x69,0x89,0x99,0x20,0x89,0x90,0x55,0x00,
0x5c,0x9a,0x0a,0xa1,0x00,0x93,0x90,0x98,0x10,0x08,0x99,0x18,0x81,0x02,0x73,0x95,
0x58,0x55,0x53,0x89,0xb0,0x7c,0xf5,0x04,0x00,0x03,0x3d,0xf5,0x15,0x5b,0x40,0x1a,
0x00,0x0a,0x69,0xa9,0x99,0x90,0x99,0x89,0x00,0x09,0x4c,0xaa,0x08,0x29,0x00,0x95,
0x80,0xd9,0x10,0x08,0x98,0x09,0x00,0x32,0x70,0x80,0x90,0x08,0x63,0x79,0x0a,0xab,
0x50,0x3c,0x27,0xf0,0x02,0x05,0xb8,0xa2,0x00,0x01,0xa0,0x19,0x00,0x01,0xcc,0x8d,
0x88,0xb0,0x02,0x90,0x90,0x0a,0xd8,0x2f,0x10,0x80,0x36,0x0b,0xf0,0x11,0x40,0x0a,
0x10,0x01,0x39,0x00,0x68,0x88,0x87,0x20,0x19,0xab,0x9a,0xb9,0x60,0x04,0x50,0x36,
0x00,0x05,0xbc,0x8a,0xc6,0x00,0x01,0x46,0x11,0xa0,0x00,0x04,0x60,0x0a,0xdf,0x0a,
0x51,0xa0,0x00,0x04,0x66,0x94,0x9a,0x2c,0xf2,0x14,0x39,0xac,0x9b,0xb9,0x70,0x02,
0x50,0x43,0x00,0x00,0x18,0x06,0x60,0x00,0x29,0x00,0x06,0x91,0x18,0x9a,0xa9,0xa5,
0x50,0x00,0x73,0x07,0x30,0x00,0x2b,0x00,0x91,0x00,0x8a,0x16,0x9c,0x0f,0x01,0xf0,
0x33,0x49,0xc9,0x9d,0x99,0x00,0x08,0x11,0x90,0x00,0x04,0xb9,0xcb,0x90,0x00,0x82,
0x19,0x09,0x00,0x6b,0x99,0xd8,0xc9,0x20,0x00,0x98,0x70,0x00,0x03,0xa5,0x06,0xb5,
0x02,0x61,0x00,0x01,0x50,0x29,0x9d,0x9b,0xb9,0x70,0x00,0xa0,0x46,0x00,0x02,0x54,
0x9a,0xb8,0x00,0x42,0x0a,0x00,0xa0,0x07,0x60,0xa0,0x0a,0x00,0x05,0x5a,0x08,0x51,
0x03,0xa0,0xa0,0x5e,0x1a,0x22,0xa9,0xa7,0x96,0x0a,0x40,0x9d,0x9a,0xb9,0x50,0x29,
0x00,0xf1,0x05,0x00,0xbc,0x9a,0xb9,0x60,0x77,0x00,0x00,0xa0,0x3a,0x7a,0x8c,0x1a,
0x00,0x37,0xa8,0xc1,0xa0,0x03,0x70,0x47,0x1c,0xf0,0x36,0x6a,0x80,0x18,0x8d,0x8a,
0xb8,0x50,0x00,0x71,0x57,0x30,0x05,0x97,0xa5,0x47,0x00,0x0a,0x09,0x06,0x50,0x28,
0xca,0xb8,0xf8,0x50,0x00,0x9d,0xa3,0x00,0x03,0xb5,0xa0,0xa9,0x22,0xa2,0x0a,0x00,
0x45,0x68,0xba,0x8d,0x88,0x20,0x27,0x20,0x60,0x00,0x0a,0xb8,0x88,0x8b,0x07,0x5b,
0xa8,0x80,0xa0,0x1a,0x9c,0x98,0x5a,0x00,0x42,0x81,0x60,0xa0,0x04,0x89,0x89,0x0a,
0x63,0x28,0xf1,0x5e,0x60,0x09,0x9d,0x9a,0xb9,0x40,0x00,0xa0,0x55,0x00,0x02,0x94,
0xaa,0xb7,0x00,0x81,0x83,0xaa,0x00,0x03,0x35,0x96,0x79,0x40,0x07,0x5a,0x88,0x91,
0x07,0x52,0x70,0x09,0x00,0x90,0x2b,0x88,0xb0,0x68,0xb9,0x8d,0x88,0x20,0x88,0x54,
0x84,0x30,0x1a,0x48,0x57,0x4a,0x09,0x88,0xc8,0x94,0xa0,0x09,0x7c,0x7a,0x1a,0x00,
0xa8,0xc8,0xb1,0xa0,0x0a,0x6b,0x6b,0x1a,0x00,0x50,0x42,0x78,0x70,0x48,0xba,0x8d,
0x88,0x10,0x03,0x30,0x70,0x00,0x09,0x45,0x5b,0x88,0x00,0xa4,0x5b,0x47,0x00,0x03,
0x34,0x20,0x33,0x00,0xa7,0xc7,0xc8,0x70,0x0a,0x09,0x09,0x27,0x06,0xd8,0xd8,0xc9,
0xc2,0x7d,0x08,0xf7,0x10,0x00,0xa0,0x13,0x70,0x09,0x6b,0x88,0xc9,0x50,0x9c,0x69,
0x79,0x23,0x28,0xc8,0x87,0x99,0x10,0x89,0x78,0x77,0x81,0x08,0xa5,0x98,0xb8,0x81,
0x69,0x00,0x82,0x67,0x28,0x24,0xf2,0x38,0x04,0x97,0x10,0x6a,0xa8,0x97,0xa0,0x08,
0x44,0x92,0xc9,0x00,0x84,0x4b,0xa6,0x29,0x04,0xba,0x57,0xc7,0x50,0x05,0x66,0x6c,
0x73,0x04,0xab,0xa8,0xc8,0x80,0x42,0x02,0x09,0x00,0x00,0x05,0x41,0xbc,0x8c,0x05,
0xaa,0x6a,0xc7,0xc0,0x84,0x49,0x9c,0x7a,0x08,0x44,0x85,0x57,0x30,0x4b,0xa4,0x9e,
0x82,0x00,0x57,0x5c,0xb8,0xc1,0x17,0xa9,0x77,0x57,0x06,0x40,0x46,0xb1,0x61,0x01,
0x15,0x70,0x19,0x99,0x90,0x1a,0x31,0x00,0x00,0x59,0x45,0x70,0x95,0x06,0xa0,0x00,
0x91,0x03,0x8a,0xfa,0x37,0x00,0xe2,0x15,0x11,0x0a,0x09,0x00,0x26,0x2a,0xc0,0x7a,
0x00,0x00,0xd3,0x1f,0x20,0x39,0xab,0x2a,0x43,0xe0,0x50,0xb5,0x00,0x04,0xc8,0x1a,
0x7a,0x04,0xac,0xb1,0xa0,0x44,0x10,0xa2,0x99,0x1e,0x04,0xb0,0x46,0xf0,0x15,0x07,
0x88,0xd8,0x88,0x20,0x13,0x3b,0x33,0x20,0x02,0x55,0xb5,0x53,0x02,0x99,0xae,0xa9,
0x96,0x00,0x5a,0x19,0x59,0x03,0xaa,0x40,0x5c,0x00,0x00,0x58,0x82,0x5b,0x30,0x04,
0x40,0x00,0x13,0x7d,0x0a,0xf2,0x3a,0x04,0x99,0x9d,0x99,0x90,0x04,0x88,0x88,0x80,
0x03,0xa5,0x44,0x4b,0x41,0x3a,0x54,0x44,0xb4,0x10,0x48,0xdd,0x99,0x10,0x05,0xc2,
0x2a,0xa3,0x06,0x3a,0x27,0x4b,0x40,0x00,0x86,0x20,0x07,0x20,0x01,0x80,0x01,0x91,
0x01,0x9b,0x7a,0x7c,0x89,0x00,0x92,0x90,0x93,0x20,0x6b,0x8b,0xc9,0xb2,0x38,0xd8,
0x98,0x1a,0x00,0x09,0x19,0x1d,0x60,0x00,0x92,0x72,0xc9,0x00,0x09,0x64,0x90,0x47,
0x44,0x0c,0xf2,0x38,0xa6,0x9c,0x99,0x10,0x2b,0x00,0x81,0x00,0x3b,0xd1,0x29,0x32,
0x03,0x1a,0x4c,0x88,0x70,0x68,0x8d,0xd9,0x8a,0x22,0x7c,0x41,0xaa,0x30,0x53,0xa3,
0x74,0xa4,0x00,0x06,0x51,0x00,0x61,0x06,0x23,0xb4,0xb5,0x14,0x9c,0x1d,0x4c,0x60,
0x02,0x98,0xa8,0xa7,0x21,0xd8,0x48,0x58,0x31,0x5a,0x86,0x99,0x99,0x30,0x72,0x06,
0x77,0x30,0x07,0x25,0x66,0x2c,0x10,0x72,0x73,0xb0,0x32,0xa8,0x39,0xf0,0x11,0x9a,
0x9a,0x99,0x10,0x00,0x91,0x80,0x00,0x1b,0x9c,0x9c,0x88,0x01,0x83,0x61,0x80,0xa0,
0x1a,0xb1,0x1b,0x9a,0x01,0x92,0x00,0x00,0xa0,0x1c,0x99,0x99,0x9a,0x01,0x80,0xc5,
0x47,0xf0,0x08,0x9d,0x9d,0x99,0x40,0x68,0xc8,0xc8,0x90,0x09,0x29,0x1a,0x1a,0x00,
0x36,0x8a,0x66,0x60,0x19,0x9c,0xa9,0xa9,0x50,0x04,0x90,0x00,0x72,0x27,0xde,0x40,
0x00,0x7a,0xa7,0x28,0x5c,0x28,0xf0,0x15,0x5f,0xff,0xff,0xfc,0x11,0xc7,0xc7,0xc7,
0xa0,0x04,0x46,0x97,0x77,0x16,0x75,0xc7,0x67,0x40,0x09,0x37,0xa9,0xa7,0x07,0xc0,
0x3d,0x9a,0x30,0x09,0x18,0xa9,0x80,0x00,0x93,0x88,0x6a,0xa3,0x13,0x1a,0xf1,0x11,
0x02,0x9d,0x7a,0x05,0x80,0x00,0x90,0xa0,0x98,0x04,0x8d,0x8a,0x19,0x80,0x01,0xb0,
0x43,0x73,0x00,0x49,0x90,0x8a,0x00,0x0a,0x06,0x49,0x90,0x94,0x40,0x6a,0x08,0xa7,
0x42,0x11,0x01,0xb4,0x34,0xf4,0x16,0x19,0x0b,0x99,0xc3,0x29,0xa8,0xa1,0x47,0x30,
0x08,0x3a,0x27,0x73,0x03,0xc0,0xa3,0x77,0x33,0xdd,0x65,0x55,0x41,0x21,0xa0,0x09,
0x90,0x00,0x0a,0x04,0x89,0x09,0x00,0xa6,0xa0,0xa9,0x80,0x00,0x5b,0x37,0xf3,0x16,
0x90,0x90,0xa8,0x83,0x09,0x09,0x37,0x30,0x00,0x90,0x95,0x08,0x60,0x02,0xca,0x99,
0xc0,0x00,0x28,0x07,0x0a,0x00,0x01,0x60,0xb1,0x70,0x00,0x00,0x96,0x80,0x08,0x39,
0xb4,0x0c,0x9a,0x70,0x10,0x4d,0x15,0xf1,0x11,0x00,0x79,0x8d,0x00,0x05,0xd8,0xac,
0x84,0x07,0x91,0xa1,0x37,0x01,0xc7,0xc7,0x87,0x01,0xc8,0xc8,0x97,0x02,0x70,0x90,
0x27,0x09,0x20,0x90,0x27,0x03,0x00,0x05,0xb6,0x09,0x36,0xf6,0x14,0x68,0xd2,0x9c,
0xb3,0x0c,0x8c,0x46,0x58,0x26,0xb6,0x2a,0xc9,0xe0,0x0a,0xa8,0x99,0x72,0x00,0xa9,
0x6a,0xac,0x61,0x09,0x74,0xa9,0xc8,0x40,0x81,0x09,0x09,0x00,0x43,0x3a,0x70,0x90,
0x31,0x02,0xf5,0x15,0x79,0x70,0x09,0x00,0x0b,0xa9,0x59,0xcb,0x16,0x97,0x86,0x29,
0x81,0x0b,0xbb,0x65,0xba,0x10,0xbb,0xc2,0x4b,0x60,0x08,0x78,0x00,0x98,0x01,0x72,
0x83,0x7e,0xd4,0x62,0x5b,0x68,0x31,0x80,0x10,0x34,0x32,0x11,0x19,0x41,0xee,0x0c,
0x01,0x0c,0x09,0x81,0x67,0x77,0x72,0x00,0x18,0x88,0x88,0x50,0xd9,0x03,0x32,0x3c,
0x88,0x88,0xe2,0x03,0xf0,0x17,0x6d,0xcd,0xb9,0xa9,0x52,0xc8,0x76,0x96,0x81,0x16,
0x59,0x98,0x78,0x53,0x77,0x8e,0x77,0x75,0x01,0x77,0x77,0x72,0x00,0x17,0x77,0x77,
0x20,0x07,0x87,0x77,0x79,0x00,0x78,0x77,0x77,0x90,0x04,0x60,0xe9,0x42,0xb3,0x10,
0x19,0x00,0x29,0x54,0x9a,0xd9,0x70,0x0a,0x00,0x19,0xef,0x4b,0x50,0x10,0x19,0x00,
0x00,0xda,0x1b,0x00,0x50,0x00,0x19,0x00,0x03,0x70,0xc6,0x02,0x60,0x10,0xa0,0x00,
0x39,0x60,0x0b,0x8c,0x4e,0xf2,0x04,0xd4,0x00,0x00,0xa0,0x19,0x90,0x00,0x0c,0x98,
0x28,0x30,0x01,0xa6,0x80,0x0c,0x30,0x00,0x40,0x00,0x1f,0x08,0xf3,0x14,0xa3,0x12,
0x80,0x30,0x00,0x47,0x36,0x37,0x07,0x90,0x28,0x08,0x30,0x09,0x00,0xa0,0xb0,0x00,
0x90,0x04,0xc6,0x00,0x09,0x74,0x3d,0x70,0x00,0x96,0x6a,0x08,0xa1,0x00,0x25,0x00,
0x03,0xe9,0x04,0xf2,0x01,0x29,0x99,0xa0,0x00,0x40,0x00,0x09,0x02,0x85,0x00,0x00,
0x90,0x01,0xa0,0xc9,0x99,0x85,0x46,0xd1,0xa1,0xa0,0x00,0x60,0x0e,0x6b,0x11,0x48,
0x01,0x40,0x69,0x98,0x20,0xf0,0x0d,0x10,0x48,0x81,0x32,0xa4,0x51,0xc9,0xd9,0x42,
0x86,0x54,0x0a,0x00,0x00,0xa5,0x70,0x4a,0x50,0xa3,0x00,0xa0,0x00,0x0e,0x00,0x33,
0x14,0x50,0x88,0x2f,0xf1,0x15,0x49,0x09,0x9c,0x10,0x00,0x40,0xa0,0x81,0x02,0x85,
0x66,0x05,0x93,0x01,0x94,0xa9,0x95,0x00,0x09,0x09,0x19,0x20,0x00,0xa7,0x1b,0x60,
0x00,0x1c,0x38,0x7a,0x71,0x00,0x07,0x20,0x04,0x10,0xd6,0x05,0x10,0x48,0x1e,0x50,
0x60,0x44,0x9c,0x99,0x53,0x94,0x00,0xe7,0x2c,0xf6,0x05,0x0c,0x9d,0x00,0x18,0x02,
0x70,0xa0,0x01,0x87,0x74,0x0a,0x00,0x1e,0x3b,0x00,0xa0,0x01,0x39,0x34,0xa9,0x93,
0x01,0xf0,0x1f,0x58,0x39,0x9a,0x92,0x00,0x50,0x02,0x60,0x01,0x53,0x02,0x26,0x00,
0x02,0x90,0xa2,0xc9,0x00,0x19,0x0a,0x26,0x00,0x01,0x95,0xa2,0x60,0x00,0x1e,0x4a,
0x37,0x10,0x01,0x46,0x88,0x88,0x40,0x07,0x10,0x0a,0x46,0x00,0x15,0x99,0xd9,0xa0,
0x79,0x52,0x3c,0xf1,0x07,0x90,0x8b,0xa4,0x00,0x09,0x00,0xa3,0x70,0x00,0x94,0x0a,
0x1a,0x20,0x09,0xb9,0xc4,0xa8,0x00,0x60,0x10,0x04,0xa0,0x17,0x2d,0xf2,0x10,0x49,
0x29,0xba,0x40,0x00,0x30,0x05,0x40,0x03,0x94,0x59,0xba,0x94,0x01,0x80,0x05,0x40,
0x00,0x18,0x0b,0x99,0xb0,0x01,0x84,0xa0,0x0a,0x00,0x2d,0x3d,0x88,0xd0,0xc2,0x4a,
0x00,0xb4,0x12,0xf0,0x09,0x16,0x60,0x00,0x02,0x6b,0x88,0x8d,0x68,0x5a,0x77,0x6a,
0x08,0x19,0x88,0x9a,0x08,0x19,0x00,0x9a,0x08,0x28,0x88,0x8a,0x08,0xb2,0x34,0x31,
0x10,0x07,0xa9,0x08,0x4c,0xf2,0x14,0x49,0x06,0x44,0x60,0x00,0x44,0x9a,0xc9,0x42,
0x85,0x00,0x55,0x00,0x01,0xa1,0x9b,0xb9,0x10,0x0a,0x00,0x55,0x00,0x00,0xa5,0x8b,
0xb8,0x60,0x0d,0x90,0x55,0x00,0x01,0x70,0x05,0x50,0x9d,0x3a,0xf0,0x04,0xa3,0x8a,
0xb9,0x50,0x00,0x23,0xaa,0x80,0x07,0xb0,0x07,0x17,0x10,0x09,0x39,0xc9,0xb9,0x10,
0x91,0x6d,0x15,0xc2,0x34,0xb8,0x96,0x00,0x98,0x3b,0x89,0x60,0x00,0x03,0x50,0x26,
0xec,0x00,0xf0,0x10,0x48,0x0d,0x88,0xc0,0x00,0x41,0xa2,0x2a,0x02,0x84,0x05,0x55,
0x50,0x01,0x93,0x8b,0xa8,0x30,0x19,0x58,0xba,0x86,0x01,0xa6,0x0a,0xa1,0x00,0x2c,
0x5a,0x32,0xb4,0x06,0x08,0x20,0x20,0x01,0x7b,0x00,0xf2,0x15,0x59,0x05,0x66,0x40,
0x00,0x41,0x8a,0xc8,0x02,0x96,0x28,0x00,0xa0,0x01,0x92,0xc8,0x8d,0x00,0x19,0x01,
0x98,0x00,0x01,0x96,0x36,0x80,0x00,0x1e,0x4a,0x18,0x18,0x01,0x39,0x50,0x8b,0x50,
0x71,0x26,0xf1,0x33,0x5b,0x54,0x00,0x15,0x68,0xd8,0x60,0x69,0x18,0x8d,0x88,0x10,
0x91,0x37,0x77,0x30,0x08,0x18,0x77,0x78,0x00,0x83,0x98,0x78,0x80,0x08,0xb8,0x10,
0x18,0x00,0x50,0x81,0x5a,0x50,0x08,0x18,0x9c,0x94,0x01,0x45,0x6a,0x53,0x79,0x18,
0x57,0x4a,0x09,0x16,0x7a,0x23,0x09,0x05,0x4a,0x00,0x09,0x59,0xbc,0x98,0x09,0x63,
0xa3,0xb3,0x00,0x47,0x00,0x17,0x7a,0x14,0xf2,0x10,0x1b,0x89,0x8c,0x01,0x49,0x3b,
0x49,0x57,0x09,0x19,0x29,0x1a,0x09,0x78,0x79,0x09,0x09,0x87,0x89,0x09,0x79,0x98,
0xa9,0x09,0x39,0x00,0x09,0x00,0x55,0x00,0x8b,0x14,0x2f,0xf5,0x13,0x50,0x33,0x00,
0x3a,0x5a,0xbc,0x83,0x00,0x23,0x38,0x85,0x22,0x95,0x07,0x88,0x80,0x01,0x97,0x99,
0x99,0x60,0x19,0x0a,0x88,0x90,0x01,0xa5,0xc7,0x7b,0x00,0x2c,0x1c,0x88,0xc0,0x35,
0x14,0xf1,0x16,0x00,0x03,0xd9,0x93,0x00,0x02,0xa0,0x2a,0x00,0x00,0xbc,0x99,0x9a,
0x60,0x01,0x90,0x70,0x37,0x00,0x19,0x0b,0x03,0x70,0x00,0x53,0x95,0x34,0x00,0x37,
0xb1,0x3b,0x91,0x07,0x40,0x00,0x04,0x10,0xf7,0x08,0xf0,0x1f,0xc8,0xd0,0xa0,0x00,
0x09,0x49,0x1c,0x9c,0x50,0x99,0x97,0x90,0x90,0x09,0x99,0x99,0x28,0x00,0x99,0x90,
0x4c,0x30,0x04,0x94,0x02,0xe3,0x00,0xa2,0xa3,0xb2,0xa4,0x24,0x00,0x60,0x00,0x30,
0x0c,0x8d,0x00,0xa0,0x00,0x94,0x90,0x0d,0x97,0x09,0xbe,0x41,0xf3,0x06,0x99,0x93,
0x8d,0x83,0x09,0x99,0x73,0x03,0x70,0x3a,0x67,0x30,0x37,0x0a,0x49,0x9a,0x8a,0x73,
0x90,0x17,0x30,0x15,0x20,0xf0,0x0c,0x63,0x07,0x77,0x00,0x8b,0xa6,0x00,0x90,0x28,
0xba,0x87,0x8c,0x00,0x25,0x40,0x90,0x00,0x09,0x5a,0x59,0x01,0x60,0xba,0x40,0xb9,
0xa4,0x08,0xc4,0x48,0x42,0x50,0xab,0xaa,0xa7,0x64,0x11,0xf0,0x0c,0x80,0x5b,0xad,
0x04,0x9c,0x70,0x90,0x90,0x47,0xb6,0x58,0x6a,0x01,0x39,0x15,0x88,0x70,0x37,0xc6,
0x63,0x09,0x04,0xc8,0x06,0x98,0xb0,0x76,0x50,0x26,0x54,0x05,0xa9,0x99,0xa3,0x00,
0x46,0x40,0x02,0x7c,0x06,0x00,0x1f,0x18,0x10,0x02,0x3c,0x1c,0xf0,0x23,0x60,0xd9,
0x95,0x00,0x98,0x0a,0x00,0x00,0x2b,0x69,0xb2,0x12,0x05,0x20,0x27,0x89,0x92,0x1c,
0x8c,0x6a,0x99,0x31,0x80,0x96,0x30,0x00,0x1a,0xb9,0x6a,0x8b,0x00,0x59,0x06,0x30,
0x90,0x09,0xa8,0x6a,0x8c,0x00,0x99,0x06,0x30,0x00,0x2d,0xb7,0x7a,0x88,0x51,0x10,
0x1e,0x18,0xf1,0x14,0x8b,0xa8,0x8c,0x01,0x80,0x9a,0x77,0xc0,0x0a,0xb8,0x91,0x1a,
0x00,0x49,0x0a,0x9a,0xa0,0x09,0xb6,0x91,0x89,0x40,0x99,0x09,0x0a,0x50,0x0b,0xc7,
0x96,0x4b,0x32,0x50,0x06,0x20,0x14,0x3a,0x01,0xf3,0x38,0xc8,0xb1,0xd8,0xa0,0x08,
0x09,0x8a,0x48,0x00,0xab,0x95,0x5e,0x00,0x04,0x90,0x39,0x4b,0x40,0x9b,0x7c,0x98,
0xb4,0x09,0x91,0x72,0x09,0x02,0xdd,0x77,0x98,0xd0,0x37,0x10,0x72,0x09,0x00,0x0c,
0x89,0x09,0x90,0x00,0x80,0xb7,0x99,0x73,0x0a,0xb6,0x99,0xa7,0x00,0x49,0x01,0x9a,
0x60,0x09,0xc7,0xa9,0x96,0x70,0x99,0x53,0x89,0x02,0x09,0xb7,0x75,0x90,0x93,0xb5,
0x4a,0x09,0x2f,0x4b,0x00,0x24,0x49,0xf0,0x18,0xc8,0x93,0x3b,0x32,0x08,0x09,0xb5,
0x55,0xa0,0xaa,0x77,0x88,0x76,0x04,0x80,0x33,0x33,0x20,0x9b,0x55,0x5b,0x63,0x09,
0x80,0x63,0x99,0x20,0x9b,0x7b,0x09,0x19,0x3a,0x50,0x39,0x90,0x10,0x00,0x02,0x50,
0xfa,0x42,0xf0,0x11,0x8a,0x00,0x00,0xc8,0x88,0xc0,0x00,0x0a,0x22,0x2a,0x83,0x00,
0xc7,0x77,0xd7,0x01,0x9c,0x99,0xad,0x00,0x00,0x00,0x88,0xa0,0x00,0x05,0xa4,0x0a,
0x00,0x0a,0x60,0x3a,0x1b,0x1f,0x04,0xc9,0x52,0x60,0xda,0x99,0x96,0x00,0x0a,0x06,
0x89,0x30,0x21,0xd9,0x92,0x11,0x1f,0x00,0xaf,0x43,0x07,0x8d,0x53,0xf0,0x13,0x20,
0x01,0x10,0x00,0x18,0x00,0x54,0x00,0x2b,0xa8,0x6d,0x99,0x20,0x95,0x19,0xd9,0x95,
0x1c,0xc9,0x29,0x00,0x00,0x08,0x23,0xa9,0xc0,0x28,0xda,0x23,0x56,0x01,0x28,0x10,
0x9c,0x93,0x24,0x16,0x77,0x0a,0x04,0xf0,0x0d,0x27,0x00,0xa6,0x00,0x4c,0x99,0x47,
0x82,0x00,0x95,0x1b,0x00,0xa2,0x2c,0xda,0x72,0x42,0x10,0x09,0x06,0xa7,0x00,0x38,
0xd9,0x64,0x05,0x01,0x29,0x01,0x54,0x22,0x90,0x29,0x0c,0x14,0x01,0x57,0x44,0xf0,
0x05,0x2a,0xa7,0x79,0xd9,0x50,0x85,0x0a,0x09,0x09,0x0c,0xc6,0xa0,0x90,0x90,0x09,
0x1b,0x8c,0x89,0x28,0xc7,0x09,0x00,0x50,0x0b,0x9d,0x99,0x00,0x90,0x93,0x0e,0x12,
0x40,0x49,0x3b,0xf1,0x0d,0xd0,0x4c,0xa9,0x00,0x67,0x00,0x95,0x00,0x5f,0x30,0x2c,
0xc5,0x99,0x18,0x50,0x1a,0x04,0x9a,0x91,0x27,0xda,0x00,0x90,0x02,0x3a,0x01,0x1a,
0x10,0xaf,0x4d,0xf6,0x15,0x02,0x58,0x39,0x33,0x00,0x36,0x94,0x81,0x90,0x29,0xb9,
0x9c,0x98,0x50,0x8d,0x99,0x63,0x80,0x08,0xca,0x92,0xb9,0x00,0x00,0x91,0x0f,0x06,
0x1b,0xce,0xba,0xb5,0x90,0x21,0x98,0x70,0xb4,0x6e,0x3b,0xf2,0x39,0x18,0x00,0x28,
0x00,0x2b,0xa8,0x79,0x99,0x40,0x94,0x02,0x72,0xa0,0x1c,0xc8,0xa4,0x29,0x50,0x08,
0x10,0x97,0x20,0x16,0xca,0x04,0xc0,0x01,0x48,0x11,0xa7,0x90,0x00,0x82,0xa1,0x04,
0x50,0x00,0x80,0x11,0xa8,0x11,0xbb,0x85,0x6c,0x64,0x08,0x50,0x56,0xb6,0x30,0xcc,
0x8a,0x6b,0x86,0x00,0x81,0x92,0xa4,0x61,0x9d,0xaa,0x8c,0x96,0x03,0x81,0x90,0x93,
0x60,0x08,0x19,0x08,0x94,0xcd,0x35,0xf0,0x11,0x08,0x88,0xc0,0x3c,0xc9,0x79,0x9c,
0x00,0x85,0x2a,0x88,0xb5,0x1b,0xc6,0x87,0x7c,0x00,0x09,0x28,0x87,0xc0,0x3b,0xe7,
0x81,0x1a,0x40,0x09,0x4a,0x98,0xc4,0x00,0x90,0xc1,0x13,0xf1,0x18,0x80,0x09,0x90,
0x00,0x2b,0xa7,0x57,0x48,0x00,0x08,0x55,0x8a,0x96,0x80,0x0c,0xd7,0x9b,0x55,0x80,
0x00,0x93,0xbc,0x55,0x80,0x29,0xd7,0xbc,0x55,0x80,0x00,0x92,0x68,0x01,0x80,0x00,
0x92,0x8a,0x0a,0x60,0xb3,0x1e,0x30,0x37,0x79,0xd9,0xbd,0x02,0xf0,0x0b,0x0a,0x03,
0x98,0x04,0x60,0xa0,0x00,0xa0,0xb0,0x0a,0x00,0x0a,0xa4,0x58,0xa0,0x08,0xb6,0x00,
0x31,0x03,0x60,0x59,0x99,0x93,0x07,0x00,0xd0,0x54,0x90,0x79,0x9d,0x93,0x00,0x01,
0x30,0x90,0x03,0x98,0x3f,0x4c,0x20,0xa0,0x32,0x99,0x2e,0xb2,0x6b,0x00,0x08,0xa5,
0x04,0x41,0x03,0x50,0x58,0x99,0x94,0x8e,0x31,0x41,0x3a,0xaa,0x70,0x02,0xa0,0x1f,
0xf0,0x08,0x99,0xa9,0x94,0x39,0x80,0x63,0x40,0x00,0x0a,0x0a,0x05,0x60,0x00,0xa6,
0xb9,0x9c,0x10,0x8b,0x62,0x00,0x21,0x36,0x05,0x8d,0x15,0x00,0x0b,0x02,0x70,0x93,
0x29,0x9a,0x70,0x00,0x63,0x60,0x64,0x50,0xf6,0x0a,0x88,0xc0,0x29,0x83,0x79,0x29,
0x00,0x09,0x54,0x4f,0x20,0x00,0x99,0x19,0x8a,0x00,0x3c,0x78,0x40,0x62,0x2a,0x39,
0x99,0x9a,0x70,0x3b,0x4d,0x50,0x79,0xaa,0x92,0x02,0x80,0x43,0x3e,0xc1,0x03,0xf3,
0x00,0x39,0x82,0xaa,0x3b,0x00,0x0a,0x70,0xa0,0x35,0x93,0x05,0xa0,0xa9,0x51,0x20,
0x00,0x35,0x04,0x99,0x99,0x40,0x07,0xa7,0x4c,0x40,0x17,0x7d,0x9d,0x92,0xc5,0x25,
0xf3,0x02,0x03,0x98,0x9d,0x9d,0x94,0x00,0xa0,0xa0,0x90,0x00,0x0a,0x57,0x09,0x00,
0x07,0xb8,0x10,0xa3,0x00,0x00,0x84,0x02,0xf8,0x12,0x91,0x27,0x63,0x30,0x01,0x75,
0xc6,0x66,0x20,0x00,0x36,0x81,0x00,0x29,0x64,0x8c,0x87,0x00,0x09,0x56,0xb6,0x63,
0x00,0x92,0x29,0x32,0x10,0x5b,0x10,0x50,0x00,0x1b,0x19,0x7a,0x00,0x60,0xa3,0x0d,
0x99,0xb0,0x00,0x70,0x69,0x00,0xf3,0x2d,0x0d,0x99,0xa0,0x39,0x81,0x93,0x10,0x00,
0x0a,0x46,0x1a,0x20,0x00,0xaa,0x10,0x0b,0x20,0x8a,0x61,0x00,0x11,0x35,0x05,0x89,
0x99,0x40,0x06,0x00,0x0a,0x35,0x00,0x37,0x89,0xd9,0xc3,0x00,0x00,0x4d,0x50,0x03,
0x98,0x09,0xa7,0x50,0x00,0xa4,0x7a,0x0b,0x00,0x0a,0xa0,0xa0,0x32,0x06,0xc3,0x08,
0x00,0x03,0x70,0x69,0x8b,0x16,0x80,0xa1,0x4a,0x88,0x90,0x02,0x84,0xa8,0x89,0x90,
0x3f,0xf0,0x04,0x90,0x39,0x84,0x86,0x48,0x10,0x0a,0x45,0x3b,0x70,0x00,0xa5,0xa9,
0x2b,0x20,0x8b,0x73,0x00,0x22,0x4d,0x00,0x20,0x50,0x00,0x3b,0x1c,0xf2,0x0f,0xa1,
0x0a,0x09,0x20,0x02,0x78,0x8b,0xa8,0x40,0x00,0x42,0x90,0x60,0x39,0x86,0x29,0x09,
0x00,0x0a,0x38,0xd8,0x70,0x00,0xa0,0x19,0x00,0x00,0x8a,0x59,0x10,0x76,0x00,0xf2,
0x15,0x07,0x21,0x49,0x10,0x00,0x05,0x79,0xd9,0x91,0x00,0x07,0x3a,0x43,0x22,0x98,
0x5c,0x5c,0x53,0x00,0x90,0xa0,0xb0,0x60,0x09,0x86,0x0c,0xa6,0x07,0xd4,0x00,0x00,
0x01,0xb1,0xa9,0x99,0xa8,0xf4,0x02,0xf2,0x14,0x35,0xca,0xc5,0x00,0x05,0x48,0xda,
0x80,0x00,0x08,0x29,0x1a,0x02,0xa9,0x87,0xc7,0xc0,0x00,0x98,0x8c,0x7c,0x00,0x09,
0x80,0x90,0x90,0x05,0xb5,0x04,0x37,0x01,0xb1,0x99,0x99,0xa5,0xb1,0x04,0xf0,0x00,
0x19,0x9d,0x99,0x30,0x16,0x13,0xa3,0x20,0x00,0x08,0x5b,0x5b,0x03,0x98,0x78,0x3f,
0x28,0xf0,0x1b,0x4e,0x70,0x00,0x0a,0x49,0x94,0xb0,0x06,0xc9,0x19,0x01,0x03,0x60,
0x68,0x99,0x95,0x09,0x1a,0x8c,0xbc,0x00,0x17,0x98,0xbb,0xb0,0x00,0x00,0x19,0x21,
0x03,0x98,0x1c,0x76,0x90,0x00,0xa7,0x3a,0x91,0x00,0x0a,0x16,0x92,0xcf,0x55,0x10,
0x01,0x66,0x01,0xf2,0x16,0x92,0x00,0x00,0x30,0x31,0x00,0xa1,0x3b,0x3b,0x31,0x01,
0x75,0x5c,0x55,0x20,0x00,0x5a,0x88,0xa0,0x39,0x85,0xa8,0x8a,0x00,0x0a,0x5a,0x88,
0xa0,0x00,0xa5,0x85,0x5a,0x00,0x8b,0x64,0x44,0x30,0xec,0x00,0x00,0x79,0x07,0x80,
0x93,0x88,0xa7,0x80,0x00,0x55,0x4a,0x28,0x64,0x1c,0xa0,0x51,0x29,0x86,0x5b,0x55,
0x20,0x0a,0x96,0xb6,0x94,0x8d,0x1a,0x74,0x00,0x8c,0x20,0x00,0x00,0x1b,0x09,0x8f,
0x01,0x02,0xa4,0x29,0xf2,0x12,0x59,0x92,0x3c,0x8b,0x89,0x19,0x10,0x63,0x90,0x92,
0x90,0x48,0x88,0x8a,0x2a,0x00,0x88,0x84,0x91,0x46,0x09,0x02,0x79,0x46,0x80,0xc8,
0x97,0x93,0x40,0x09,0x02,0x79,0x10,0xba,0x25,0xf1,0x18,0xcc,0x85,0x99,0x90,0x00,
0x88,0x00,0x00,0x90,0x0c,0xbb,0xa0,0x00,0x90,0x09,0x68,0x96,0x98,0x60,0x0d,0x26,
0xa7,0x20,0x00,0x0b,0x77,0xa7,0x20,0x70,0x0c,0x88,0xa7,0x20,0x90,0x08,0x00,0x84,
0xb9,0x90,0xe6,0x0e,0xf0,0x17,0x69,0x99,0xa9,0x50,0x02,0x20,0x80,0x29,0x00,0x1b,
0x0a,0x09,0x30,0x00,0x60,0x60,0x60,0x02,0x99,0xbf,0xe9,0x96,0x00,0x1b,0xb6,0x80,
0x00,0x6b,0x1a,0x05,0xc4,0x17,0x00,0xa0,0x01,0x30,0x00,0x42,0xde,0x3c,0xf0,0x0e,
0x5c,0x8b,0x50,0x76,0x76,0x2a,0x90,0x03,0x88,0x13,0xaa,0x40,0x7c,0xa7,0x85,0x06,
0x00,0xcb,0x38,0xc8,0x60,0x78,0x46,0x9d,0x99,0x05,0x54,0x00,0x90,0x97,0x3a,0x03,
0xa9,0x00,0x41,0x18,0x8c,0x97,0x20,0xf5,0x25,0xf0,0x07,0x18,0x8c,0x88,0x60,0x03,
0xa6,0xc6,0x6a,0x00,0x3b,0x7c,0x77,0xa0,0x03,0x44,0xb5,0x44,0x00,0x34,0x4b,0x54,
0x40,0x1b,0x0a,0x51,0x50,0x00,0xfe,0xee,0xe6,0x07,0x28,0x10,0x17,0x0e,0x00,0xf1,
0x03,0x18,0x69,0x66,0x60,0x02,0xa6,0xc6,0x69,0x00,0x18,0x7c,0x77,0x50,0x03,0x77,
0xc7,0x76,0x02,0x77,0x56,0x01,0x5a,0x45,0xf0,0x10,0x42,0xc8,0x81,0x0a,0x54,0x82,
0x10,0x00,0x95,0x56,0x2b,0x50,0x00,0x3a,0x79,0x20,0x04,0x88,0x79,0x78,0x92,0x08,
0xa8,0xc8,0xa6,0x00,0x09,0x09,0x27,0x00,0x48,0xac,0x3b,0x01,0x01,0x00,0x40,0x6b,
0x80,0x0a,0x00,0x99,0x03,0x91,0x06,0xaa,0x65,0x6c,0x63,0x00,0x90,0x33,0xb3,0x7f,
0x27,0x01,0xc5,0x25,0x20,0x0c,0xa0,0x8b,0x58,0x04,0x8f,0x09,0x20,0x3c,0x80,0x11,
0x0d,0x60,0x8b,0xeb,0x73,0xba,0x79,0x0a,0xb7,0x3c,0xd3,0xa0,0xa1,0x9d,0x7a,0x9d,
0x9a,0x00,0x90,0x40,0xa0,0x40,0x0b,0xa0,0x9f,0x27,0x02,0x86,0x10,0xf1,0x03,0x06,
0x88,0x80,0x0a,0x98,0x0a,0x1a,0x04,0xb9,0x70,0xa0,0xa0,0x00,0x90,0x8d,0x9d,0x01,
0x8d,0x09,0x00,0xd0,0x0a,0x0a,0x00,0x0b,0xa1,0xa0,0xa0,0x00,0x80,0x99,0x99,0x60,
0x02,0x55,0x53,0xf1,0x15,0xa6,0x72,0x38,0x10,0x39,0x30,0x7a,0x87,0x27,0xa9,0x00,
0x89,0x00,0x06,0x37,0x78,0xc8,0x14,0xa9,0x19,0x7c,0x73,0x05,0x31,0x91,0x91,0x00,
0x5c,0x6a,0x03,0x00,0x05,0x2a,0x19,0x99,0x40,0x9b,0x0b,0xf2,0x5c,0xa7,0x72,0x97,
0x20,0x70,0x02,0x39,0x50,0x4a,0xa4,0x98,0x8b,0x30,0x36,0x09,0x09,0x53,0x1a,0xb8,
0x90,0x95,0x30,0x36,0x37,0x46,0x42,0x04,0xd5,0x4a,0x3b,0x20,0x10,0x36,0x00,0x16,
0x05,0xa6,0x4b,0x78,0x20,0x70,0x02,0xa6,0x71,0x4a,0xa6,0x5b,0x79,0x30,0x28,0x04,
0x55,0x51,0x19,0xc6,0x76,0x6b,0x00,0x28,0x37,0x87,0xc0,0x03,0xe6,0x78,0x8c,0x00,
0x13,0x07,0x10,0x90,0x09,0x84,0x83,0xb7,0x13,0x60,0x28,0x7c,0xb7,0x5b,0x99,0x86,
0xcb,0x21,0x74,0x37,0x3a,0x41,0x3a,0x88,0x84,0xa4,0x10,0x62,0x4a,0x8c,0x85,0x06,
0xb8,0xc3,0x90,0x00,0x55,0x90,0x7a,0x96,0x2a,0x10,0xf2,0x19,0x20,0x04,0x20,0x00,
0x99,0x78,0x9a,0x92,0x08,0x01,0x59,0x86,0x24,0xbb,0x55,0x55,0x53,0x03,0x50,0xb7,
0x7c,0x01,0xab,0x6b,0x77,0xc0,0x03,0x50,0x6c,0xc7,0x00,0x3a,0x83,0x69,0x07,0x04,
0x65,0x90,0x8a,0x70,0x9e,0x24,0x00,0xc3,0x2b,0xf0,0x10,0x17,0x90,0x00,0x00,0xa4,
0x20,0x00,0x05,0x9d,0x9c,0x99,0x90,0x00,0xa0,0x92,0x00,0x00,0x0a,0x01,0xc2,0x00,
0x00,0xc9,0x51,0xb7,0x00,0x17,0x10,0x00,0x40,0x12,0x5b,0x03,0x52,0xaa,0xae,0x15,
0x10,0x00,0xc8,0x46,0x0a,0x07,0x00,0x30,0x4a,0xc0,0x01,0x35,0x04,0xf0,0x07,0x99,
0x9d,0x13,0x00,0x20,0xaa,0x79,0x9d,0x8a,0xa0,0x0a,0x90,0xaa,0x09,0x39,0x0a,0xa9,
0x40,0x90,0xaa,0x01,0x96,0xcc,0x1a,0x10,0xc0,0x40,0x00,0xf2,0x05,0xb3,0x99,0x9d,
0x13,0x20,0x00,0xaa,0x0b,0x9b,0x0a,0xa0,0x90,0x91,0xaa,0x09,0x09,0x1a,0xa0,0x88,
0x80,0x40,0x00,0x30,0x5a,0xc0,0x12,0x00,0x2d,0xf0,0x11,0x29,0x99,0xb6,0x23,0x20,
0x00,0x36,0xa0,0xa6,0x67,0x36,0xa0,0xd8,0x89,0x36,0xa0,0xa0,0x09,0x36,0xa0,0xc8,
0x88,0x36,0xa0,0x00,0x00,0x36,0xa0,0x00,0x07,0xb4,0x02,0x24,0x00,0xf1,0x10,0x28,
0x88,0xc1,0x21,0x14,0x54,0x81,0xa7,0x8a,0xa9,0x91,0xa6,0x79,0x67,0x81,0xa6,0x67,
0xc4,0x81,0xa6,0x86,0xd8,0x91,0xa1,0x09,0x38,0x81,0xa0,0x02,0x08,0xc0,0x09,0x50,
0xf0,0x0c,0x89,0x9d,0xa5,0x58,0x00,0xaa,0xa0,0x89,0x9d,0xa4,0x58,0x00,0xaa,0x09,
0x99,0x9d,0xa9,0x79,0x00,0xaa,0x01,0x90,0x0a,0xa0,0x91,0x0a,0xc0,0xea,0x1f,0xf0,
0x09,0x80,0xa4,0x00,0x95,0x46,0x28,0x00,0x99,0x28,0x01,0xa1,0x98,0x78,0x08,0x22,
0x91,0x78,0x09,0x00,0xaa,0x58,0x09,0x00,0x90,0x7d,0x1c,0x13,0x63,0xf1,0x22,0x00,
0xfc,0x14,0xf2,0x14,0xda,0x70,0x56,0x00,0x09,0x68,0xa9,0x99,0x80,0x99,0x64,0x00,
0x09,0x09,0x73,0x54,0x57,0x10,0x91,0x85,0xb4,0x00,0x09,0x95,0x54,0x00,0x70,0x90,
0x05,0x60,0x39,0x09,0x00,0x18,0x98,0xc5,0x30,0xf0,0x0c,0x9b,0x29,0x00,0x90,0x83,
0x87,0x20,0x09,0x08,0x83,0xe5,0x99,0xd5,0x85,0xac,0x36,0x09,0x08,0x09,0x90,0xc1,
0x90,0x88,0x99,0x02,0x09,0x08,0xed,0x15,0x10,0x80,0x96,0x07,0x02,0x9f,0x20,0xf1,
0x11,0x06,0x00,0x00,0xc9,0x84,0xb8,0xc0,0x09,0x75,0xab,0xa4,0x00,0x9a,0x21,0x9b,
0x40,0x09,0x95,0x93,0x55,0x70,0x94,0x69,0x6c,0x62,0x0b,0x94,0xd9,0xd9,0x60,0x90,
0x00,0x82,0x1a,0x02,0x7f,0x0d,0xf1,0x38,0xda,0x7b,0x88,0xc0,0xa7,0x2b,0x88,0xc0,
0xa9,0x0a,0x00,0x90,0xa5,0x4b,0x99,0x90,0xa0,0x9a,0x28,0x93,0xa9,0x6a,0x0c,0x40,
0xa0,0x0a,0x56,0xb1,0xa0,0x0a,0x40,0x46,0x0d,0xa9,0x08,0x80,0x00,0x09,0x64,0x47,
0x19,0x10,0x09,0xa4,0xc8,0xa9,0xb0,0x09,0x74,0x12,0x91,0x10,0x09,0x38,0x88,0xc8,
0x50,0x0b,0xa4,0x92,0x8a,0x10,0x09,0x03,0x91,0x82,0xa0,0x09,0x02,0x2a,0x60,0xc3,
0x27,0xf0,0x11,0xd9,0xa2,0xc8,0x81,0x94,0x58,0x10,0xa0,0x9a,0x16,0x06,0x40,0x96,
0x48,0x83,0x85,0x91,0x88,0x10,0x19,0xb9,0x5a,0x42,0x69,0x90,0x0b,0x88,0x89,0x90,
0x08,0x00,0x09,0xb1,0x2d,0xf5,0x16,0x08,0x9b,0x63,0x95,0x40,0x84,0x78,0x4a,0x44,
0x08,0x82,0x04,0xc8,0x90,0x83,0xaa,0x9c,0x79,0x08,0x19,0x80,0xc8,0x90,0x88,0x98,
0x08,0x09,0x08,0x10,0x94,0x55,0x40,0x81,0x63,0x69,0x9a,0x20,0xef,0x45,0xf0,0x15,
0x9b,0x78,0x88,0x83,0x83,0x70,0xc8,0x89,0x08,0x92,0x0a,0x88,0x70,0x84,0x68,0x88,
0x89,0x38,0x19,0xa4,0x37,0x44,0x85,0xaa,0x67,0x87,0x48,0x31,0xa0,0x80,0x44,0x81,
0x0a,0x08,0x3b,0x30,0xae,0x0a,0xf1,0x12,0x08,0x9b,0x68,0xc8,0x70,0x82,0x80,0x90,
0xa0,0x08,0x74,0x88,0x88,0x82,0x84,0x68,0x77,0x79,0x08,0x09,0x88,0x77,0x90,0x87,
0x73,0x6c,0x64,0x08,0x03,0x88,0xd8,0x82,0x80,0xb3,0x31,0xf1,0x08,0x40,0x40,0x00,
0x00,0x6c,0x8d,0x88,0x70,0x2e,0x87,0xc7,0x73,0x05,0x88,0x7c,0x77,0x30,0x07,0x87,
0xc7,0x77,0x05,0x88,0x7a,0x1a,0xf0,0x1b,0xc9,0x10,0x00,0x5b,0x1a,0x2b,0x60,0x87,
0x00,0xa0,0x06,0x20,0x09,0xff,0xff,0xff,0x40,0xa7,0x7a,0x47,0x4a,0x02,0x66,0xc5,
0x73,0x20,0x02,0xb4,0x78,0x10,0x19,0x81,0x66,0x18,0x80,0x05,0x88,0x8d,0x20,0x00,
0x07,0x8b,0xf0,0x0d,0xf1,0x3b,0x74,0x00,0x02,0x88,0xd8,0x85,0x00,0xc8,0x8d,0x88,
0xa5,0x07,0xcd,0xa8,0xe7,0x40,0x11,0x16,0x11,0x10,0x17,0x77,0xc7,0x77,0x40,0x98,
0xc8,0xc8,0xc0,0x09,0x19,0x09,0x0a,0x00,0x91,0x50,0x54,0xb0,0x05,0xaa,0xda,0xa9,
0x10,0xa9,0x9b,0x7a,0x6a,0x02,0x88,0x95,0x94,0x20,0x77,0x79,0x77,0x70,0x09,0x47,
0x77,0x75,0x00,0x97,0xc8,0xd7,0xc4,0x0a,0x0a,0x38,0xc6,0x01,0x41,0x95,0x10,0x65,
0x65,0x14,0xf3,0x13,0x8b,0x70,0xa7,0x30,0x28,0xb5,0x83,0x90,0x05,0x7b,0x88,0x8c,
0xc0,0x18,0x85,0x88,0xcc,0x53,0xa7,0x90,0x2a,0x90,0x3a,0x79,0x15,0xba,0x03,0x60,
0x80,0x09,0x00,0x36,0x77,0x0a,0x8d,0x23,0x00,0x2b,0x0e,0x41,0x99,0xd0,0xc9,0x92,
0x09,0x00,0x40,0x89,0xd0,0xc9,0x80,0x09,0x00,0x54,0x03,0x99,0xd0,0xc9,0x93,0xcb,
0x54,0x60,0x00,0x69,0x9a,0xb9,0x99,0x20,0xa6,0x40,0xf0,0x08,0x2c,0x9b,0x8d,0x8a,
0x02,0x82,0xb8,0xa0,0xa0,0x28,0x27,0x19,0x0a,0x02,0x82,0xa7,0xa0,0xa0,0x2c,0xac,
0x9d,0x9a,0x02,0x95,0x10,0xf6,0x12,0x59,0xb7,0x2a,0x32,0x01,0x69,0x35,0xc6,0x60,
0x57,0x49,0x6d,0x86,0x05,0x97,0x90,0xa0,0x00,0x49,0x97,0x8d,0x9b,0x06,0x9b,0x80,
0xa0,0x90,0x02,0x70,0x0a,0x68,0x00,0x27,0xe3,0x3d,0x10,0x80,0xb4,0x3e,0xf1,0x0a,
0xa9,0x81,0x00,0x28,0x01,0x90,0x00,0x66,0xc6,0x98,0x63,0x04,0x44,0x44,0x44,0x20,
0x0c,0x88,0x8a,0x60,0x00,0xc7,0x77,0x96,0x00,0x09,0x00,0x80,0xa0,0x00,0x45,0x00,
0x59,0x9a,0xa9,0x99,0x12,0x42,0xf3,0x53,0x00,0x08,0x99,0x99,0xd1,0x00,0x81,0x07,
0x09,0x10,0x08,0x12,0x80,0x91,0x00,0x40,0x96,0x55,0x00,0x04,0xa7,0x06,0xc5,0x02,
0x72,0x00,0x00,0x50,0x7c,0xa6,0x9d,0x99,0x10,0x72,0x28,0xd8,0x60,0x07,0x25,0x43,
0x09,0x00,0x72,0x54,0x90,0x90,0x07,0x25,0x49,0x09,0x00,0x72,0x23,0xa5,0x50,0x4c,
0x13,0xa2,0x4b,0x10,0x01,0x71,0x00,0x21,0x15,0x56,0x99,0xd9,0x70,0x39,0x16,0x9c,
0x82,0x01,0x80,0xa0,0x35,0x40,0x18,0x0a,0x09,0x54,0x01,0x94,0xa1,0x85,0x42,0xa9,
0x35,0x76,0x42,0x00,0x01,0x78,0x2a,0x60,0x00,0x63,0x48,0x0f,0xf0,0x53,0x98,0x95,
0x9d,0x94,0x09,0x99,0x16,0xb5,0x00,0x99,0x94,0x64,0x91,0x09,0x99,0x44,0x97,0x10,
0x99,0x94,0x49,0x71,0x18,0x99,0x34,0x95,0x14,0x60,0x90,0x84,0xa1,0x41,0x05,0x74,
0x01,0x60,0x02,0x86,0x9d,0x99,0x15,0x91,0x28,0xd8,0x60,0x00,0x95,0x53,0x09,0x02,
0xa3,0x45,0x90,0x90,0x21,0x45,0x59,0x09,0x00,0x49,0x23,0xa2,0x50,0x78,0x03,0xa2,
0x79,0x10,0x02,0x71,0x00,0x31,0x39,0x99,0x8a,0xc9,0x30,0x99,0x12,0x78,0x30,0x01,
0x90,0x86,0x5b,0x04,0x8c,0xb9,0x28,0x90,0x00,0x98,0x82,0x79,0x00,0x09,0x05,0x46,
0x79,0x38,0x62,0x68,0x00,0x97,0x2a,0x40,0x75,0x81,0x39,0xf4,0x35,0x93,0x79,0xd9,
0x30,0x9a,0x53,0x69,0x40,0x6b,0xd8,0x95,0x5a,0x00,0x69,0x28,0x29,0x90,0x73,0x99,
0x82,0x99,0x02,0x08,0x74,0x47,0x50,0x18,0x80,0x1a,0x3b,0x12,0x30,0x08,0x10,0x24,
0x4a,0x8c,0x69,0xc8,0x14,0xa7,0xc4,0x9b,0x70,0x28,0x89,0x62,0x09,0x05,0x7b,0x78,
0x28,0x90,0x07,0xb8,0x73,0x86,0x03,0x99,0x00,0x95,0x80,0x7a,0xc0,0x83,0x04,0x2a,
0x07,0xbe,0x0c,0x00,0x06,0x0b,0xf1,0x16,0x01,0x8b,0xa7,0x9d,0x96,0x06,0x29,0x05,
0xb6,0x20,0xaa,0xc5,0xa4,0x56,0x08,0x19,0x09,0x93,0x60,0xa8,0x82,0x99,0x36,0x19,
0x96,0x45,0xa3,0x34,0x55,0xa1,0x84,0x95,0x23,0x40,0x53,0x00,0x40,0xfd,0x24,0xf3,
0x10,0xa2,0x00,0x6a,0x00,0x0a,0x48,0x37,0xa0,0x00,0xa0,0x9c,0x1a,0x00,0x0a,0x03,
0xe0,0x90,0x00,0xa0,0xb5,0x87,0x42,0x29,0xa3,0x0a,0x7a,0x58,0x23,0x00,0x10,0xd1,
0x89,0x1f,0x11,0x9a,0xcc,0x09,0x50,0x90,0x00,0x00,0x0d,0xa0,0x88,0x47,0x00,0x91,
0x3b,0x00,0x9b,0x4b,0x60,0x91,0x05,0x00,0x00,0x05,0x64,0x0e,0x00,0xf2,0x3a,0xc1,
0x08,0x02,0x6b,0x54,0x00,0xaa,0x79,0xc7,0x90,0x74,0x87,0x8c,0x88,0x22,0x90,0x28,
0x88,0x50,0x09,0x04,0x45,0x09,0x00,0x94,0x74,0xa0,0x90,0x0a,0x71,0x86,0x97,0x00,
0x10,0x72,0x00,0x30,0x28,0x89,0x00,0xa0,0x00,0x71,0x7a,0x8d,0xb0,0x09,0x35,0xa0,
0x99,0x00,0xcb,0x9a,0x8d,0xb0,0x00,0x09,0x72,0x90,0x03,0xa8,0x91,0xb7,0x00,0x10,
0x09,0x0a,0xb3,0x00,0x39,0x9b,0x31,0x93,0xf9,0x08,0xe0,0xc9,0x5d,0x8b,0x30,0x18,
0x36,0xa1,0x73,0x1a,0x28,0x18,0x88,0x10,0x2a,0x37,0x45,0xc0,0xb4,0x44,0xc4,0x00,
0x05,0x55,0x55,0xb2,0x08,0x88,0x88,0x3a,0x24,0x20,0xf1,0x1b,0x90,0x28,0xa5,0x08,
0x60,0x00,0x85,0x37,0x25,0x50,0x09,0x78,0x88,0x89,0x51,0xcc,0x50,0x40,0x10,0x00,
0x09,0x87,0x19,0x03,0x96,0x88,0x36,0x90,0x00,0x27,0x21,0x54,0x00,0x4a,0x69,0x99,
0x93,0x00,0x03,0x20,0x00,0x04,0xd5,0x18,0xf4,0x0e,0x77,0x77,0x40,0x00,0x1a,0x33,
0x3a,0x00,0x01,0x66,0x66,0x40,0x03,0xb8,0x99,0x97,0xb0,0x36,0x95,0x5b,0x1a,0x03,
0x64,0x77,0x80,0xa0,0x36,0x00,0x02,0x9a,0x10,0xf1,0x0b,0x33,0x00,0x99,0x57,0xa8,
0xa0,0x90,0x99,0x62,0x90,0x90,0x99,0x05,0x90,0x90,0x99,0x15,0x70,0x90,0x94,0x77,
0x78,0xd8,0x59,0x99,0x28,0xaa,0x0c,0xf0,0x2e,0x00,0x07,0xa3,0x03,0x55,0xc5,0x55,
0x00,0x28,0x8d,0x88,0x60,0x03,0x33,0xb3,0x33,0x21,0x66,0xb9,0x66,0x64,0x00,0x5e,
0x88,0xc1,0x00,0x96,0x49,0x94,0x00,0x00,0x38,0x99,0xa6,0x20,0x86,0x10,0x00,0x43,
0x18,0xaa,0x8d,0x85,0x01,0x16,0x51,0xa1,0x10,0x57,0x77,0xb7,0x77,0x20,0x98,0x8c,
0x8b,0x20,0x0a,0x77,0xc7,0xb2,0xe6,0x50,0xf0,0x1f,0x20,0x04,0x92,0x07,0x83,0x04,
0x50,0x00,0x00,0x50,0x1c,0xca,0x90,0x98,0x01,0xcb,0x89,0x3b,0x72,0x1c,0xc9,0xa5,
0xd5,0x20,0x6b,0x74,0x1e,0x00,0x02,0x96,0x53,0x94,0x03,0x98,0x76,0x82,0xa0,0x27,
0x88,0x79,0x06,0x63,0x24,0x23,0x20,0x03,0x20,0x03,0xf0,0x1a,0x01,0x99,0x9c,0xb9,
0x95,0x00,0x58,0x03,0xb0,0x00,0x00,0x6a,0xb1,0x00,0x00,0x18,0xac,0x93,0x02,0xba,
0x70,0x09,0x98,0x00,0x18,0x00,0xa0,0x00,0x07,0x50,0x0a,0x00,0x05,0x90,0x00,0xa0,
0x00,0x00,0x00,0x00,0x00,
};

static const etxFontCmap cmaps[] __FLASH = {
{ .range_start = 12289, .range_length = 28496, .glyph_id_start = 1, .list_length = 649, .type = 3, .unicode_list = 5200, .glyph_id_ofs_list = 0 },
};

const etxLz4Font lv_font_lxgw_XXS __FLASH = {
.uncomp_size = 31597,
.comp_size = 27525,
.line_height = 10,
.base_line = 2,
.subpx = 0,
.underline_position = -1,
.underline_thickness = 1,
.kern_scale = 0,
.cmap_num = 1,
.bpp = 4,
.kern_classes = 0,
.bitmap_format = 0,
.left_class_cnt = 0,
.right_class_cnt = 0,
.glyph_bitmap = 6498,
.class_pair_values = 0,
.left_class_mapping = 0,
.right_class_mapping = 0,
.cmaps = cmaps,
.compressed = lz4FontData,
.lvglFontBufSize = 31741,
};
