#include "definitions.h"
#include "lz4_fonts.h"

static const uint8_t lz4FontData[] __FLASH = {
0x15,0x00,0x01,0x00,0x73,0x60,0x06,0x03,0x03,0x00,0xff,0x05,0x08,0x00,0xf3,0x02,
0x0a,0x00,0x60,0x06,0x07,0x01,0x00,0x03,0x0e,0x00,0x60,0x06,0x06,0x08,0x00,0xff,
0x26,0x08,0x00,0x11,0x3e,0x08,0x00,0x30,0x01,0xff,0x56,0x20,0x00,0x43,0x08,0x00,
0xff,0x72,0x18,0x00,0x10,0x8a,0x10,0x00,0x43,0x09,0x00,0xfe,0xaa,0x18,0x00,0x13,
0xc6,0x18,0x00,0x13,0xde,0x08,0x00,0x13,0xf6,0x18,0x00,0x92,0x12,0x01,0x60,0x06,
0x06,0x09,0x00,0xfe,0x2d,0x08,0x00,0x23,0xff,0x48,0x08,0x00,0x10,0x63,0x08,0x00,
0x52,0x0a,0x00,0xfe,0x81,0x01,0x30,0x00,0x21,0x99,0x01,0x50,0x00,0x23,0xff,0xb9,
0x08,0x00,0x13,0xd9,0x18,0x00,0x22,0xf1,0x01,0x48,0x00,0x22,0x0d,0x02,0x08,0x00,
0x13,0x29,0x08,0x00,0x22,0x45,0x02,0x80,0x00,0x22,0x65,0x02,0x28,0x00,0x22,0x7d,
0x02,0x38,0x00,0x13,0x9d,0x18,0x00,0x13,0xbd,0x18,0x00,0x10,0xd5,0x10,0x00,0x43,
0x0a,0x00,0xfe,0xf8,0x10,0x00,0x22,0x10,0x03,0x40,0x00,0x22,0x2c,0x03,0x30,0x00,
0x13,0x4c,0x08,0x00,0x13,0x6c,0x08,0x00,0x13,0x8c,0x20,0x00,0x22,0xa8,0x03,0x38,
0x00,0x13,0xcb,0x08,0x00,0x13,0xee,0x20,0x00,0x22,0x0e,0x04,0x08,0x00,0x22,0x2e,
0x04,0x68,0x00,0x13,0x4e,0x10,0x00,0x13,0x6e,0x08,0x00,0x13,0x8e,0x08,0x00,0x13,
0xae,0x08,0x00,0x13,0xce,0x08,0x00,0x22,0xee,0x04,0x48,0x00,0x22,0x11,0x05,0x08,
0x00,0x22,0x34,0x05,0x18,0x00,0x22,0x54,0x05,0x48,0x00,0x22,0x74,0x05,0x10,0x01,
0x22,0x92,0x05,0x20,0x01,0x13,0xad,0x20,0x00,0x13,0xcd,0x08,0x00,0x13,0xed,0x38,
0x00,0x22,0x10,0x06,0x10,0x00,0x13,0x30,0x08,0x00,0x13,0x50,0x08,0x00,0x13,0x70,
0x08,0x00,0x13,0x90,0x08,0x00,0x13,0xb0,0x08,0x00,0x13,0xd0,0x08,0x00,0x13,0xf0,
0x08,0x00,0x22,0x10,0x07,0x48,0x00,0x22,0x33,0x07,0x98,0x01,0x22,0x4e,0x07,0x18,
0x01,0x22,0x66,0x07,0x88,0x00,0x22,0x86,0x07,0x00,0x01,0x13,0xa2,0x08,0x00,0x22,
0xbe,0x07,0x90,0x00,0x22,0xd9,0x07,0x40,0x00,0x13,0xf9,0x08,0x00,0x22,0x19,0x08,
0x08,0x00,0x22,0x39,0x08,0x20,0x00,0x22,0x54,0x08,0x30,0x00,0x22,0x70,0x08,0x50,
0x00,0x13,0x88,0x08,0x00,0x13,0xa0,0x28,0x00,0x13,0xc0,0x10,0x00,0x13,0xd8,0x28,
0x00,0x13,0xf4,0x08,0x00,0x22,0x10,0x09,0x18,0x00,0x22,0x28,0x09,0x28,0x00,0x22,
0x48,0x09,0x18,0x00,0x13,0x64,0x08,0x00,0x13,0x80,0x08,0x00,0x13,0x9c,0x08,0x00,
0x13,0xb8,0x08,0x00,0x13,0xd4,0x30,0x00,0x22,0xf4,0x09,0xb8,0x00,0x22,0x14,0x0a,
0x08,0x00,0x22,0x34,0x0a,0x20,0x00,0x13,0x50,0x10,0x00,0x13,0x70,0x08,0x00,0x13,
0x90,0x18,0x00,0x13,0xac,0x08,0x00,0x13,0xc8,0x08,0x00,0x13,0xe4,0x08,0x00,0x22,
0x00,0x0b,0x08,0x00,0x22,0x1c,0x0b,0x20,0x01,0x22,0x3f,0x0b,0x60,0x00,0x13,0x5f,
0x10,0x00,0x13,0x82,0x20,0x00,0x22,0x9e,0x0b,0x50,0x00,0x13,0xbe,0x08,0x00,0x13,
0xde,0x08,0x00,0x13,0xfe,0x08,0x00,0x22,0x1e,0x0c,0x10,0x01,0x22,0x39,0x0c,0x30,
0x00,0x22,0x55,0x0c,0x40,0x00,0x13,0x78,0x10,0x00,0x13,0x94,0x08,0x00,0x22,0xb0,
0x0c,0x30,0x00,0x22,0xd0,0x0c,0x00,0x01,0x13,0xe8,0x10,0x00,0x22,0x08,0x0d,0x78,
0x00,0x22,0x28,0x0d,0x28,0x00,0x22,0x44,0x0d,0x20,0x00,0x13,0x5c,0x10,0x00,0x22,
0x78,0x0d,0x28,0x00,0x13,0x98,0x08,0x00,0x13,0xb8,0x30,0x00,0x13,0xd8,0x28,0x00,
0x13,0xf0,0x08,0x00,0x22,0x08,0x0e,0x08,0x00,0x22,0x20,0x0e,0x90,0x00,0x22,0x3b,
0x0e,0x28,0x00,0x22,0x5b,0x0e,0x38,0x00,0x22,0x7b,0x0e,0x50,0x00,0x13,0x97,0x08,
0x00,0x13,0xb3,0x30,0x00,0x22,0xcb,0x0e,0x18,0x02,0x13,0xe6,0x10,0x00,0x13,0xfe,
0x20,0x00,0x22,0x1a,0x0f,0x48,0x00,0x22,0x35,0x0f,0x48,0x00,0x22,0x55,0x0f,0x18,
0x00,0x22,0x71,0x0f,0x28,0x00,0x13,0x89,0x18,0x00,0x22,0xa9,0x0f,0x60,0x00,0x13,
0xc9,0x30,0x00,0x22,0xe4,0x0f,0x00,0x01,0x22,0x07,0x10,0x20,0x00,0x22,0x27,0x10,
0x30,0x00,0x22,0x3f,0x10,0x40,0x00,0x13,0x5b,0x08,0x00,0x22,0x77,0x10,0x78,0x00,
0x13,0x92,0x10,0x00,0x13,0xae,0x08,0x00,0x13,0xca,0x38,0x00,0x13,0xea,0x08,0x00,
0x22,0x0a,0x11,0x08,0x00,0x22,0x2a,0x11,0x20,0x00,0x22,0x46,0x11,0x50,0x00,0x13,
0x5e,0x10,0x00,0x13,0x7a,0x08,0x00,0x13,0x96,0x08,0x00,0x13,0xb2,0x08,0x00,0x13,
0xce,0x08,0x00,0x13,0xea,0x08,0x00,0x22,0x06,0x12,0x08,0x00,0x22,0x22,0x12,0x50,
0x00,0x13,0x42,0x10,0x00,0x22,0x5e,0x12,0x50,0x00,0x13,0x76,0x18,0x00,0x23,0x96,
0x12,0x48,0x00,0x13,0x12,0x48,0x00,0x13,0x12,0x48,0x00,0x13,0x12,0x48,0x00,0x13,
0x13,0x48,0x00,0x13,0x13,0x48,0x00,0x13,0x13,0x48,0x00,0x03,0x10,0x00,0x13,0x7e,
0x08,0x00,0x13,0x9e,0x18,0x00,0x13,0xba,0x10,0x00,0x13,0xda,0x10,0x00,0x23,0xf6,
0x13,0x28,0x05,0x12,0x14,0x08,0x00,0x13,0x2e,0x08,0x00,0x13,0x4a,0x08,0x00,0x22,
0x66,0x14,0x30,0x00,0x13,0x86,0x08,0x00,0x13,0xa6,0x18,0x00,0x13,0xc2,0x08,0x00,
0x13,0xde,0x18,0x00,0x13,0xfe,0x08,0x00,0x22,0x1e,0x15,0xb0,0x05,0x22,0x36,0x15,
0x20,0x00,0x22,0x52,0x15,0x90,0x01,0x13,0x72,0x08,0x00,0x23,0x92,0x15,0x60,0x01,
0x13,0x15,0x60,0x01,0x03,0x08,0x00,0x13,0xe6,0x08,0x00,0x22,0x02,0x16,0x08,0x00,
0x13,0x1e,0x08,0x00,0x13,0x3a,0x08,0x00,0x22,0x56,0x16,0x60,0x00,0x13,0x76,0x10,
0x00,0x11,0x92,0x08,0x00,0x43,0xff,0xff,0xae,0x16,0x48,0x00,0x12,0x16,0x60,0x00,
0x13,0xea,0x08,0x00,0x22,0x0a,0x17,0x20,0x00,0x22,0x26,0x17,0x38,0x00,0x22,0x46,
0x17,0x28,0x00,0x13,0x62,0x10,0x00,0x13,0x82,0x08,0x00,0x93,0xa2,0x17,0x60,0x06,
0x05,0x08,0x01,0xff,0xb6,0x20,0x00,0x13,0xd2,0x18,0x00,0x13,0xf2,0x10,0x00,0x22,
0x0e,0x18,0x50,0x00,0x23,0x2e,0x18,0x18,0x01,0x13,0x18,0x18,0x01,0x03,0x08,0x00,
0x23,0x82,0x18,0x98,0x03,0x13,0x18,0x60,0x01,0x12,0x18,0x78,0x02,0x13,0xd5,0x10,
0x00,0xa2,0xf1,0x18,0x60,0x06,0x08,0x09,0xff,0xfe,0x15,0x19,0x10,0x00,0x22,0x31,
0x19,0x90,0x02,0x23,0x54,0x19,0x78,0x05,0x03,0x08,0x00,0x23,0x94,0x19,0x98,0x03,
0x03,0x08,0x00,0x22,0xcc,0x19,0x08,0x02,0x23,0xe4,0x19,0x20,0x04,0x12,0x1a,0x98,
0x00,0x22,0x20,0x1a,0x18,0x00,0x22,0x38,0x1a,0x18,0x00,0x23,0x54,0x1a,0xf8,0x04,
0x03,0x08,0x00,0x13,0x8c,0x28,0x00,0x13,0xac,0x08,0x00,0x22,0xcc,0x1a,0x90,0x00,
0x13,0xe7,0x20,0x00,0x22,0x03,0x1b,0x80,0x00,0x13,0x26,0x08,0x00,0x13,0x49,0x08,
0x00,0x22,0x6c,0x1b,0x88,0x00,0x22,0x8c,0x1b,0x60,0x00,0x13,0xa4,0x08,0x00,0x22,
0xbc,0x1b,0x38,0x00,0x13,0xd8,0x20,0x00,0x23,0xf8,0x1b,0xc8,0x06,0x13,0x1c,0xc8,
0x06,0x13,0x1c,0xc8,0x06,0x12,0x1c,0x68,0x00,0x13,0x67,0x08,0x00,0x22,0x82,0x1c,
0x30,0x00,0x22,0xa2,0x1c,0x30,0x00,0x13,0xba,0x08,0x00,0x13,0xd2,0x18,0x00,0x23,
0xf2,0x1c,0x60,0x01,0x12,0x1d,0x08,0x00,0x22,0x2a,0x1d,0x20,0x00,0x23,0x42,0x1d,
0xc0,0x02,0x12,0x1d,0x28,0x00,0x13,0x7e,0x10,0x00,0x13,0x9a,0x08,0x00,0x22,0xb6,
0x1d,0xb0,0x00,0x13,0xd9,0x20,0x00,0x23,0xf9,0x1d,0x10,0x06,0x12,0x1e,0x10,0x00,
0x23,0x39,0x1e,0xf8,0x04,0x12,0x1e,0x50,0x00,0x13,0x6d,0x18,0x00,0x13,0x8d,0x18,
0x00,0x13,0xa9,0x08,0x00,0x13,0xc5,0x18,0x00,0x13,0xe5,0x08,0x00,0x22,0x05,0x1f,
0x08,0x00,0x22,0x25,0x1f,0x20,0x00,0x13,0x41,0x10,0x00,0x13,0x61,0x10,0x00,0x13,
0x7d,0x10,0x00,0x23,0x9d,0x1f,0xe0,0x07,0x03,0x18,0x00,0x23,0xd9,0x1f,0x88,0x00,
0x03,0x10,0x00,0x23,0x15,0x20,0xe8,0x01,0x12,0x20,0x18,0x00,0x22,0x51,0x20,0x58,
0x07,0x13,0x6f,0x10,0x00,0x13,0x8f,0x08,0x00,0x13,0xaf,0x08,0x00,0x13,0xcf,0x08,
0x00,0x13,0xef,0x38,0x00,0x22,0x0b,0x21,0xd0,0x00,0x22,0x2b,0x21,0x10,0x00,0x22,
0x47,0x21,0x20,0x00,0x13,0x67,0x08,0x00,0x22,0x87,0x21,0x00,0x01,0x13,0xaa,0x10,
0x00,0x23,0xca,0x21,0xa0,0x04,0x13,0x21,0xf8,0x02,0x12,0x22,0x38,0x00,0x23,0x26,
0x22,0xf8,0x02,0x12,0x22,0xd8,0x04,0x22,0x61,0x22,0x20,0x00,0x13,0x81,0x20,0x00,
0x23,0x9d,0x22,0xc8,0x00,0x03,0x28,0x00,0x13,0xdd,0x10,0x00,0x22,0xfd,0x22,0x60,
0x00,0x22,0x20,0x23,0x28,0x00,0x22,0x3c,0x23,0x20,0x00,0x22,0x5c,0x23,0x20,0x00,
0x13,0x7c,0x08,0x00,0x23,0x9c,0x23,0x10,0x07,0x13,0x23,0x00,0x06,0x13,0x23,0x58,
0x07,0x03,0x10,0x00,0x22,0x14,0x24,0x48,0x00,0x22,0x37,0x24,0x30,0x00,0x13,0x57,
0x08,0x00,0x22,0x77,0x24,0x28,0x00,0x13,0x93,0x20,0x00,0x13,0xb6,0x18,0x00,0x22,
0xd6,0x24,0x88,0x03,0x23,0xea,0x24,0xd8,0x04,0x13,0x25,0xd8,0x04,0x12,0x25,0xc8,
0x01,0x13,0x3a,0x08,0x00,0x23,0x52,0x25,0x50,0x04,0x13,0x25,0x08,0x0a,0x12,0x25,
0x70,0x00,0x13,0xaa,0x10,0x00,0x13,0xc2,0x10,0x00,0x13,0xe2,0x10,0x00,0x13,0xfa,
0x48,0x00,0x22,0x16,0x26,0x08,0x00,0x22,0x32,0x26,0x40,0x00,0x22,0x52,0x26,0x28,
0x00,0x13,0x72,0x18,0x00,0x13,0x8e,0x08,0x00,0x23,0xaa,0x26,0x50,0x0a,0x03,0x28,
0x00,0x23,0xe6,0x26,0x98,0x04,0x12,0x27,0x30,0x00,0x22,0x22,0x27,0x10,0x00,0x22,
0x3e,0x27,0x20,0x00,0x23,0x5e,0x27,0xa8,0x02,0x13,0x27,0xa8,0x02,0x03,0x10,0x00,
0x13,0xba,0x10,0x00,0x13,0xd6,0x10,0x00,0x23,0xf6,0x27,0x68,0x05,0x12,0x28,0x10,
0x00,0x22,0x32,0x28,0x10,0x00,0x23,0x4e,0x28,0xc0,0x09,0x03,0x10,0x00,0x23,0x8a,
0x28,0xd0,0x00,0x03,0x08,0x00,0x23,0xca,0x28,0x20,0x05,0x03,0x38,0x00,0x23,0x06,
0x29,0x18,0x01,0x13,0x29,0x88,0x00,0x12,0x29,0x28,0x00,0x23,0x5e,0x29,0x38,0x06,
0x13,0x29,0x20,0x05,0x13,0x29,0x68,0x05,0x13,0x29,0x20,0x05,0x13,0x29,0x48,0x00,
0x12,0x29,0x10,0x02,0x22,0x01,0x2a,0x98,0x02,0x22,0x1f,0x2a,0x18,0x00,0x13,0x3b,
0x08,0x00,0x13,0x57,0x08,0x00,0x22,0x73,0x2a,0x70,0x00,0x22,0x93,0x2a,0x60,0x00,
0x13,0xb3,0x10,0x00,0x22,0xd3,0x2a,0xb8,0x01,0xa3,0xf6,0x2a,0x60,0x06,0x08,0x08,
0xff,0xff,0x16,0x2b,0x58,0x01,0x12,0x2b,0x28,0x00,0x23,0x52,0x2b,0xa0,0x01,0x13,
0x2b,0xf0,0x05,0x12,0x2b,0x30,0x00,0x13,0xb5,0x10,0x00,0x13,0xd5,0x08,0x00,0x13,
0xf5,0x08,0x00,0x22,0x15,0x2c,0x88,0x00,0x22,0x33,0x2c,0x40,0x00,0x22,0x53,0x2c,
0x18,0x00,0x23,0x73,0x2c,0x80,0x00,0x03,0x20,0x00,0x13,0xb1,0x20,0x00,0x22,0xd1,
0x2c,0x70,0x00,0x23,0xed,0x2c,0x90,0x0a,0x13,0x2d,0x50,0x0a,0x12,0x2d,0x18,0x00,
0x13,0x4f,0x08,0x00,0x22,0x6b,0x2d,0x40,0x00,0x13,0x8b,0x10,0x00,0x13,0xa7,0x28,
0x00,0x23,0xca,0x2d,0x08,0x01,0x13,0x2d,0xd8,0x01,0x12,0x2e,0x38,0x01,0x13,0x1a,
0x08,0x00,0x22,0x32,0x2e,0xc0,0x04,0x22,0x4d,0x2e,0x20,0x00,0x22,0x69,0x2e,0x78,
0x00,0xa2,0x89,0x2e,0x60,0x06,0x08,0x0a,0xff,0xfe,0xb1,0x2e,0x58,0x00,0x13,0xd1,
0x08,0x00,0x23,0xf1,0x2e,0x20,0x0c,0x13,0x2f,0x20,0x0c,0x12,0x2f,0x18,0x00,0x13,
0x49,0x10,0x00,0x13,0x65,0x08,0x00,0x22,0x81,0x2f,0x78,0x01,0x23,0x9c,0x2f,0x38,
0x03,0x13,0x2f,0x48,0x0a,0x03,0x30,0x00,0x22,0xf4,0x2f,0x80,0x00,0x22,0x0c,0x30,
0x10,0x00,0x22,0x2c,0x30,0x20,0x00,0x13,0x48,0x10,0x00,0x22,0x68,0x30,0x88,0x00,
0x22,0x88,0x30,0xa0,0x00,0x22,0xa3,0x30,0xd0,0x00,0x13,0xc6,0x18,0x00,0x23,0xe6,
0x30,0xd0,0x00,0x12,0x31,0x20,0x00,0x22,0x1d,0x31,0x18,0x00,0x22,0x3d,0x31,0x58,
0x00,0x23,0x55,0x31,0x30,0x09,0x12,0x31,0x50,0x00,0x13,0x91,0x20,0x00,0x13,0xb1,
0x18,0x00,0x22,0xcd,0x31,0x50,0x00,0x13,0xf0,0x10,0x00,0x22,0x0c,0x32,0x10,0x00,
0x22,0x2f,0x32,0x40,0x00,0x22,0x47,0x32,0x18,0x00,0x22,0x63,0x32,0x38,0x00,0x13,
0x83,0x18,0x00,0x13,0x9b,0x18,0x00,0x22,0xb7,0x32,0x58,0x00,0x13,0xd7,0x10,0x00,
0x13,0xf3,0x28,0x00,0x22,0x13,0x33,0x48,0x00,0x22,0x36,0x33,0x10,0x00,0x22,0x56,
0x33,0xa0,0x00,0x22,0x71,0x33,0xd8,0x01,0x22,0x8f,0x33,0x30,0x00,0x13,0xab,0x08,
0x00,0x13,0xc7,0x08,0x00,0x13,0xe3,0x08,0x00,0x22,0xff,0x33,0x58,0x00,0x22,0x1f,
0x34,0x40,0x00,0x23,0x3f,0x34,0x18,0x0b,0x03,0x08,0x00,0x13,0x7f,0x08,0x00,0x22,
0x9f,0x34,0x28,0x00,0x13,0xbf,0x10,0x00,0x22,0xdf,0x34,0x40,0x00,0x13,0xfb,0x08,
0x00,0x22,0x17,0x35,0x08,0x00,0x22,0x33,0x35,0x28,0x00,0x22,0x53,0x35,0x28,0x00,
0x13,0x73,0x18,0x00,0x23,0x8f,0x35,0x88,0x00,0x12,0x35,0xd8,0x00,0x13,0xc3,0x20,
0x00,0x13,0xe3,0x08,0x00,0x22,0x03,0x36,0x20,0x00,0x22,0x1f,0x36,0xc0,0x00,0x23,
0x3a,0x36,0x98,0x08,0x13,0x36,0x98,0x08,0x03,0x18,0x00,0x23,0x91,0x36,0x58,0x01,
0x13,0x36,0x58,0x01,0x13,0x36,0x40,0x0d,0x12,0x36,0x78,0x00,0x22,0x0d,0x37,0x28,
0x00,0x22,0x28,0x37,0x10,0x00,0x23,0x48,0x37,0x70,0x0c,0x12,0x37,0x28,0x00,0x13,
0x84,0x08,0x00,0x13,0xa4,0x20,0x00,0x13,0xc4,0x20,0x00,0x13,0xe0,0x08,0x00,0x13,
0xfc,0x08,0x00,0x22,0x18,0x38,0x58,0x01,0x23,0x3b,0x38,0x58,0x0b,0x13,0x38,0xc8,
0x0a,0x13,0x38,0x60,0x05,0x12,0x38,0x40,0x00,0x22,0xb3,0x38,0x78,0x02,0x23,0xce,
0x38,0x08,0x0e,0x03,0x18,0x00,0x22,0x0e,0x39,0x40,0x00,0x23,0x31,0x39,0x90,0x08,
0x12,0x39,0xa8,0x08,0x22,0x78,0x39,0xa0,0x00,0x22,0x93,0x39,0x48,0x00,0x23,0xaf,
0x39,0xa8,0x06,0x03,0x28,0x00,0x13,0xf2,0x20,0x00,0x22,0x0d,0x3a,0xe8,0x09,0x23,
0x25,0x3a,0x30,0x07,0x03,0x08,0x00,0x13,0x5d,0x08,0x00,0x13,0x79,0x08,0x00,0x13,
0x95,0x08,0x00,0x23,0xb1,0x3a,0x10,0x01,0x12,0x3a,0x50,0x00,0x23,0xed,0x3a,0x10,
0x01,0x13,0x3b,0x38,0x03,0x13,0x3b,0x38,0x03,0x12,0x3b,0xa8,0x00,0x13,0x69,0x18,
0x00,0x22,0x85,0x3b,0x78,0x00,0x13,0xa8,0x10,0x00,0x23,0xc4,0x3b,0x10,0x01,0x03,
0x30,0x00,0x22,0x00,0x3c,0x08,0x00,0x23,0x20,0x3c,0xb0,0x06,0x03,0x10,0x00,0x23,
0x5c,0x3c,0xb0,0x0c,0x13,0x3c,0xf8,0x0c,0x03,0x18,0x00,0x22,0xb4,0x3c,0xe8,0x00,
0x22,0xd8,0x3c,0x18,0x01,0x23,0xf3,0x3c,0xa8,0x02,0x13,0x3d,0xa8,0x02,0x03,0x08,
0x00,0x22,0x59,0x3d,0x20,0x00,0x22,0x74,0x3d,0x40,0x00,0x23,0x90,0x3d,0xd8,0x0e,
0x13,0x3d,0xa0,0x09,0x13,0x3d,0xa0,0x09,0x12,0x3d,0x10,0x01,0x13,0xff,0x08,0x00,
0x22,0x1a,0x3e,0x28,0x00,0x13,0x3a,0x08,0x00,0x22,0x5a,0x3e,0x30,0x00,0x23,0x76,
0x3e,0xd0,0x0b,0x13,0x3e,0xd0,0x0b,0x03,0x10,0x00,0x23,0xd2,0x3e,0x70,0x0a,0x03,
0x08,0x00,0x22,0x12,0x3f,0x08,0x00,0x23,0x32,0x3f,0x88,0x04,0x12,0x3f,0x90,0x00,
0x23,0x70,0x3f,0xe0,0x09,0x13,0x3f,0x20,0x10,0x13,0x3f,0x20,0x10,0x03,0x10,0x00,
0x13,0xe7,0x30,0x00,0x23,0x02,0x40,0xa8,0x06,0x12,0x40,0xf0,0x00,0x22,0x42,0x40,
0xa8,0x00,0x23,0x5a,0x40,0x88,0x00,0x12,0x40,0xd8,0x00,0x13,0x91,0x10,0x00,0x13,
0xad,0x08,0x00,0x13,0xc9,0x38,0x00,0x13,0xe9,0x38,0x00,0x22,0x09,0x41,0x18,0x00,
0x22,0x25,0x41,0x18,0x00,0x13,0x45,0x10,0x00,0x22,0x61,0x41,0x78,0x00,0x22,0x84,
0x41,0x28,0x00,0x23,0xa4,0x41,0xa8,0x02,0x03,0x28,0x00,0x23,0xe4,0x41,0xb0,0x0a,
0x13,0x42,0xd0,0x0e,0x12,0x42,0x20,0x00,0x23,0x3c,0x42,0x48,0x08,0x13,0x42,0x48,
0x08,0x03,0x20,0x00,0x13,0x98,0x08,0x00,0x13,0xb4,0x20,0x00,0x23,0xd4,0x42,0x58,
0x0f,0x13,0x42,0x48,0x08,0x12,0x43,0x20,0x00,0x23,0x30,0x43,0x70,0x10,0x13,0x43,
0x70,0x10,0x13,0x43,0x10,0x01,0x12,0x43,0xf8,0x00,0x13,0xa7,0x18,0x00,0x23,0xc7,
0x43,0x40,0x04,0x13,0x43,0xb8,0x03,0x13,0x44,0xb8,0x03,0x13,0x44,0x40,0x04,0x13,
0x44,0x40,0x04,0x13,0x44,0x40,0x04,0x03,0x20,0x00,0x23,0x9b,0x44,0xc8,0x04,0x03,
0x18,0x00,0x13,0xd7,0x08,0x00,0x13,0xf7,0x08,0x00,0x23,0x17,0x45,0x40,0x04,0x13,
0x45,0xa8,0x06,0x13,0x45,0x40,0x04,0x03,0x08,0x00,0x23,0x93,0x45,0x28,0x07,0x12,
0x45,0x90,0x00,0x23,0xce,0x45,0x70,0x03,0x13,0x45,0xb8,0x11,0x13,0x46,0x70,0x03,
0x13,0x46,0x70,0x03,0x12,0x46,0x98,0x01,0x23,0x6c,0x46,0xf8,0x11,0x13,0x46,0xb8,
0x0b,0x13,0x46,0xb8,0x0b,0x03,0x08,0x00,0x13,0xec,0x08,0x00,0x22,0x0c,0x47,0x80,
0x00,0x23,0x28,0x47,0xa8,0x10,0x13,0x47,0x18,0x06,0x12,0x47,0x50,0x00,0x13,0x8b,
0x18,0x00,0x13,0xab,0x18,0x00,0x13,0xcb,0x10,0x00,0x13,0xeb,0x08,0x00,0x23,0x0b,
0x48,0x58,0x0a,0x12,0x48,0x20,0x00,0x22,0x4b,0x48,0x50,0x00,0x23,0x67,0x48,0xb0,
0x0b,0x13,0x48,0xc8,0x0c,0x13,0x48,0x60,0x10,0x03,0x10,0x00,0x23,0xda,0x48,0x28,
0x0e,0x03,0x18,0x00,0x23,0x16,0x49,0xf0,0x07,0x13,0x49,0xc0,0x08,0x03,0x08,0x00,
0x13,0x6a,0x08,0x00,0x22,0x86,0x49,0x28,0x00,0x23,0xa6,0x49,0x28,0x0e,0x12,0x49,
0x70,0x03,0x22,0xe6,0x49,0x80,0x00,0x22,0x06,0x4a,0x20,0x00,0x22,0x26,0x4a,0x20,
0x00,0x23,0x42,0x4a,0xf0,0x0b,0x12,0x4a,0x50,0x08,0x22,0x7e,0x4a,0x30,0x00,0x22,
0xa2,0x4a,0x60,0x04,0x23,0xba,0x4a,0xb0,0x0e,0x03,0x38,0x00,0x13,0xfa,0x10,0x00,
0x23,0x1a,0x4b,0x68,0x03,0x13,0x4b,0x88,0x05,0x13,0x4b,0x58,0x06,0x03,0x10,0x00,
0x23,0x8d,0x4b,0xf0,0x0b,0x13,0x4b,0xf0,0x0b,0x13,0x4b,0x98,0x02,0xf2,0xff,0xff,
0xff,0xff,0xff,0x24,0x00,0x01,0x00,0xff,0x1d,0x08,0x1e,0x09,0x1e,0x0a,0x1e,0x0c,
0x1e,0x0d,0x1e,0x23,0x1e,0x29,0x1e,0x2c,0x1e,0x31,0x1e,0x38,0x1e,0x39,0x1e,0x3a,
0x1e,0x48,0x1e,0x4a,0x1e,0x4b,0x1e,0x4f,0x1e,0x57,0x1e,0x8b,0x1e,0x8d,0x1e,0xa3,
0x1e,0xaa,0x1e,0xad,0x1e,0xb9,0x1e,0xc4,0x1e,0xca,0x1e,0xcd,0x1e,0xd5,0x1e,0xe4,
0x1e,0xe9,0x1e,0xef,0x1e,0xf5,0x1e,0xfa,0x1e,0xfc,0x1e,0x0f,0x1f,0x1f,0x1f,0x2e,
0x1f,0x4c,0x1f,0x4d,0x1f,0x4e,0x1f,0x52,0x1f,0x54,0x1f,0x58,0x1f,0x5b,0x1f,0x7e,
0x1f,0x8a,0x1f,0x9a,0x1f,0xa6,0x1f,0xc3,0x1f,0xdc,0x1f,0xe0,0x1f,0xed,0x1f,0xee,
0x1f,0x0c,0x20,0x11,0x20,0x1e,0x20,0x3b,0x20,0x4e,0x20,0x5b,0x20,0x7e,0x20,0xa7,
0x20,0xce,0x20,0x40,0x21,0x42,0x21,0x44,0x21,0x48,0x21,0x4a,0x21,0x64,0x21,0x67,
0x21,0x6b,0x21,0x6f,0x21,0x72,0x21,0x75,0x21,0x76,0x21,0x77,0x21,0x7b,0x21,0x84,
0x21,0x8b,0x21,0x98,0x21,0xb1,0x21,0xc5,0x21,0xce,0x21,0xdf,0x21,0xf9,0x21,0xfa,
0x21,0xfc,0x21,0x05,0x22,0x06,0x22,0x16,0x22,0x1a,0x22,0x1c,0x22,0x1f,0x22,0x28,
0x22,0x2a,0x22,0x2f,0x22,0x35,0x22,0x36,0x22,0x38,0x22,0x4c,0x22,0x68,0x22,0x6e,
0x22,0x9e,0x22,0x9f,0x22,0xa7,0x22,0xa8,0x22,0x04,0x23,0x07,0x23,0x15,0x23,0x38,
0x23,0x39,0x23,0x46,0x23,0x49,0x23,0x4e,0x23,0x54,0x23,0x60,0x23,0x6a,0x23,0x81,
0x23,0x8a,0x23,0x9e,0x23,0xc1,0x23,0xc8,0x23,0xc9,0x23,0xcb,0x23,0xcc,0x23,0xd0,
0x23,0xd5,0x23,0xd7,0x23,0xdf,0x23,0xe2,0x23,0xe5,0x23,0xe9,0x23,0xee,0x23,0xef,
0x23,0xf2,0x23,0xf5,0x23,0xf6,0x23,0x07,0x24,0x0b,0x24,0x0c,0x24,0x0d,0x24,0x10,
0x24,0x16,0x24,0x25,0x24,0x2a,0x24,0x2e,0x24,0x49,0x24,0x67,0x24,0x7c,0x24,0x8b,
0x24,0xcc,0x24,0x67,0x26,0x69,0x26,0xdd,0x26,0xdf,0x26,0xf3,0x26,0xf9,0x26,0xfc,
0x26,0xfd,0x26,0x05,0x27,0x27,0x27,0x2f,0x27,0x3f,0x27,0x46,0x27,0x56,0x27,0x65,
0x27,0x8a,0x27,0xf9,0x27,0x6a,0x28,0x9d,0x28,0xef,0x28,0x06,0x29,0x0c,0x29,0x15,
0x29,0x19,0x29,0x26,0x29,0x28,0x29,0x29,0x29,0x30,0x29,0x38,0x29,0x7c,0x29,0xca,
0x29,0x4f,0x2b,0x56,0x2b,0x57,0x2b,0x65,0x2b,0x82,0x2b,0x88,0x2b,0x8b,0x2b,0x99,
0x2b,0x9d,0x2b,0xb8,0x2b,0xbc,0x2b,0xf7,0x2b,0xf8,0x2b,0xfb,0x2b,0x03,0x2c,0x05,
0x2c,0x0e,0x2c,0x39,0x2c,0x3d,0x2c,0x3f,0x2c,0x4e,0x2c,0x54,0x2c,0xef,0x2c,0xe4,
0x2d,0xe5,0x2d,0xed,0x2d,0xf1,0x2d,0x02,0x2e,0x0b,0x2e,0x25,0x2e,0x26,0x2e,0x37,
0x2e,0x3c,0x2e,0x44,0x2e,0x54,0x2e,0x72,0x2e,0x75,0x2e,0x8e,0x2e,0x93,0x2e,0xa5,
0x2e,0xf5,0x2e,0xf9,0x2e,0xff,0x2e,0x01,0x2f,0x0e,0x2f,0x14,0x2f,0x30,0x2f,0x38,
0x2f,0x39,0x2f,0x51,0x2f,0x52,0x2f,0x54,0x2f,0x61,0x2f,0x70,0x2f,0x83,0x2f,0x84,
0x2f,0x87,0x2f,0xa9,0x2f,0xad,0x2f,0xb6,0x2f,0xc2,0x2f,0xc4,0x2f,0xd6,0x2f,0xea,
0x2f,0xfc,0x2f,0x00,0x30,0x1f,0x30,0x24,0x30,0x3a,0x30,0x61,0x30,0x6e,0x30,0xab,
0x30,0xc4,0x30,0x0e,0x31,0x1e,0x31,0x61,0x31,0x0e,0x32,0x0f,0x32,0x15,0x32,0x29,
0x32,0x3f,0x32,0x46,0x32,0x4a,0x32,0x52,0x32,0x62,0x32,0x66,0x32,0x68,0x32,0x6a,
0x32,0x7d,0x32,0x7f,0x32,0xa3,0x32,0xa4,0x32,0xc8,0x32,0xd1,0x32,0xde,0x32,0xe7,
0x32,0xe8,0x32,0xfd,0x32,0x00,0x33,0x06,0x33,0x08,0x33,0x2e,0x33,0x61,0x33,0x6d,
0x33,0x76,0x33,0x91,0x33,0xa4,0x33,0xa6,0x33,0xa7,0x33,0xce,0x33,0xcf,0x33,0xd1,
0x33,0xf3,0x33,0x1b,0x34,0x46,0x34,0x57,0x34,0x77,0x34,0xac,0x34,0xcc,0x34,0xe5,
0x34,0x2e,0x35,0x35,0x35,0x38,0x35,0x3d,0x35,0x44,0x35,0x47,0x35,0x4e,0x35,0x50,
0x35,0x58,0x35,0x6f,0x35,0x73,0x35,0x86,0x35,0x9b,0x35,0xac,0x35,0xae,0x35,0xaf,
0x35,0xb8,0x35,0xca,0x35,0xdf,0x35,0xe4,0x35,0xf5,0x35,0x0d,0x36,0x1e,0x36,0x1f,
0x36,0x2e,0x36,0x3d,0x36,0x6d,0x36,0x6e,0x36,0x81,0x36,0xf1,0x36,0xf3,0x36,0xfe,
0x36,0xff,0x36,0x08,0x37,0x1e,0x37,0x29,0x37,0x2b,0x37,0x39,0x37,0x45,0x37,0x60,
0x37,0x64,0x37,0x7e,0x37,0x80,0x37,0xb5,0x37,0xc3,0x37,0xe4,0x37,0x06,0x38,0x0e,
0x38,0x20,0x38,0x36,0x38,0x3b,0x38,0x45,0x38,0x67,0x38,0xbf,0x38,0x20,0x3a,0x29,
0x3a,0x58,0x3a,0x20,0x3b,0x26,0x3b,0x61,0x3b,0x62,0x3b,0x63,0x3b,0x64,0x3b,0x7a,
0x3b,0x89,0x3b,0xb4,0x3b,0xce,0x3b,0xd3,0x3b,0x33,0x3c,0x5f,0x3c,0xa0,0x3c,0xb8,
0x3c,0xbe,0x3c,0xd4,0x3c,0xe1,0x3c,0xe7,0x3c,0x1a,0x3d,0x31,0x3d,0x3a,0x3d,0x40,
0x3d,0x4a,0x3d,0x87,0x3d,0xf6,0x3d,0xfa,0x3d,0x04,0x3e,0x0f,0x3e,0x28,0x3e,0x37,
0x3e,0x7d,0x3e,0x8f,0x3e,0xd0,0x3e,0xd9,0x3e,0xdd,0x3e,0xe0,0x3e,0xe3,0x3e,0xbf,
0x3f,0x6a,0x40,0x6e,0x40,0x74,0x40,0xb8,0x40,0x25,0x41,0x35,0x41,0x83,0x41,0x2b,
0x42,0x46,0x42,0x47,0x42,0x58,0x42,0x78,0x42,0xb5,0x42,0x86,0x43,0xae,0x43,0xaf,
0x43,0xec,0x43,0x05,0x44,0x5d,0x44,0x1e,0x45,0x27,0x45,0x34,0x45,0x4b,0x45,0x64,
0x45,0x7c,0x46,0x83,0x46,0xc9,0x46,0xd0,0x46,0xd5,0x46,0xd7,0x46,0xed,0x46,0xf3,
0x46,0xf7,0x46,0x0a,0x47,0x1e,0x47,0xab,0x47,0xe4,0x47,0xec,0x47,0x00,0x48,0x6b,
0x48,0x6d,0x48,0x39,0x49,0x80,0x49,0xba,0x49,0xd1,0x49,0xee,0x49,0xef,0x49,0xfa,
0x49,0x0a,0x4a,0x32,0x4a,0x79,0x4a,0x80,0x4a,0x96,0x4a,0xdd,0x4a,0xee,0x4a,0x2b,
0x4b,0x48,0x4b,0x7d,0x4b,0x7f,0x4b,0x96,0x4b,0xa0,0x4b,0x7a,0x4c,0x88,0x4c,0x97,
0x4c,0xbd,0x4c,0xfa,0x4c,0x21,0x4d,0x26,0x4d,0x2e,0x4d,0xa1,0x4e,0xa6,0x4e,0xb4,
0x4e,0xbc,0x4e,0xbe,0x4e,0xc2,0x4e,0xc3,0x4e,0xc5,0x4e,0xc7,0x4e,0xce,0x4e,0xd0,
0x4e,0xdc,0x4e,0xde,0x4e,0xec,0x4e,0xfe,0x4e,0x12,0x4f,0x15,0x4f,0x28,0x4f,0x6d,
0x4f,0x8d,0x4f,0xd3,0x4f,0xfa,0x4f,0xfb,0x4f,0x04,0x50,0x16,0x50,0x25,0x50,0x53,
0x50,0xcb,0x50,0xfc,0x50,0x08,0x51,0x19,0x51,0xe9,0x51,0xf2,0x51,0x29,0x52,0x34,
0x52,0x71,0x52,0x81,0x52,0xab,0x52,0xf0,0x52,0x02,0x53,0x76,0x53,0xdb,0x53,0x03,
0x54,0x3c,0x54,0x60,0x54,0xdc,0x54,0xce,0x55,0x01,0x57,0xb9,0x57,0x4b,0x58,0x64,
0x58,0x67,0x58,0x6f,0x58,0xaa,0x58,0xc4,0x58,0x5e,0x59,0x7e,0x59,0x80,0x59,0x85,
0x59,0xc3,0x59,0xc5,0x59,0xc7,0x59,0xd1,0x59,0xe2,0x59,0xe5,0x59,0xff,0x59,0x65,
0x5b,0xa0,0x5b,0xa3,0x5b,0xad,0x5b,0xaf,0x5b,0xb7,0x5b,0xbd,0x5b,0xbe,0x5b,0xc0,
0x5b,0xd4,0x5b,0xdc,0x5b,0xe1,0x5b,0xe5,0x5b,0xec,0x5b,0xee,0x5b,0xf3,0x5b,0xf6,
0x5b,0xfa,0x5b,0x02,0x5c,0x30,0x5c,0x1e,0x5d,0x24,0x5d,0x33,0x5d,0x76,0x5d,0x84,
0x5d,0xb2,0x5d,0xdc,0x5d,0xde,0x5d,0xee,0x5d,0xf2,0x5d,0x29,0x5e,0xaa,0x5e,0x65,
0x5f,0x6b,0x5f,0x6d,0x5f,0x73,0x5f,0x7a,0x5f,0x7c,0x5f,0x82,0x5f,0x84,0x5f,0x90,
0x5f,0x92,0x5f,0xb8,0x5f,0xc6,0x5f,0xcf,0x5f,0xd3,0x5f,0xd7,0x5f,0xda,0x5f,0xdd,
0x5f,0xde,0x5f,0xef,0x5f,0xff,0x5f,0x05,0x60,0x08,0x60,0x19,0x60,0x1e,0x60,0x3a,
0x60,0x52,0x60,0x64,0x60,0xe7,0x60,0x4c,0x61,0xc6,0x61,0xc9,0x61,0xcc,0x61,0xce,
0x61,0x73,0x62,0x87,0x64,0x9e,0x64,0xad,0x64,0xfd,0x64,0x00,0x65,0x18,0x65,0x2d,
0x65,0x5b,0x65,0x7e,0x65,0xe7,0x65,0xec,0x65,0xed,0x65,0xf3,0x65,0x07,0x66,0x33,
0x66,0x35,0x66,0x3f,0x66,0x43,0x66,0x4c,0x66,0x4f,0x66,0x63,0x66,0x76,0x66,0x8e,
0x66,0x93,0x66,0x9b,0x66,0xc5,0x66,0xf5,0x66,0xff,0x66,0x06,0x67,0x58,0x67,0x5d,
0x67,0x61,0x67,0xe8,0x67,0xf2,0x67,0x74,0x68,0x75,0x68,0x78,0x68,0x79,0x68,0x7a,
0x68,0x83,0x68,0x90,0x68,0x97,0x68,0x9b,0x68,0xcd,0x68,0xdd,0x68,0x87,0x69,0x75,
0x6a,0x7d,0x6a,0x8b,0x6a,0xd7,0x6a,0x22,0x6e,0xa5,0x6e,0xc3,0x6e,0xd7,0x6e,0x4f,
0x6f,0x14,0x00,0xc3,0x02,0x50,0x07,0x36,0x28,0x48,0x50,0x3c,0xcc,0xcc,0x10,0x05,
0xcc,0xcb,0xab,0x19,0x35,0x07,0xcc,0xc4,0xb7,0x19,0xf1,0x74,0x6c,0xcc,0xc7,0x00,
0x0c,0x00,0x00,0x0b,0x00,0x00,0x1e,0xb7,0x00,0x38,0x10,0x00,0x56,0x00,0x00,0x65,
0x00,0x00,0x84,0x00,0x7b,0xec,0xb7,0x9b,0xeb,0xb2,0x00,0xc0,0x00,0x00,0xb9,0x00,
0x02,0xa8,0x40,0x03,0x82,0xa0,0x05,0x70,0x60,0x06,0x50,0x00,0x08,0x40,0x00,0x09,
0xbd,0xcb,0x30,0x00,0xd0,0x00,0x00,0x5f,0x90,0x00,0x2c,0xc7,0x60,0x2d,0x2b,0x1b,
0x05,0x31,0xa0,0x60,0x00,0x29,0x00,0x00,0x04,0x70,0x00,0x01,0xa0,0x00,0x03,0xdb,
0xb9,0x06,0x72,0x20,0x04,0x77,0xb4,0x49,0x99,0x93,0x02,0x22,0xa1,0x00,0x80,0xc0,
0x00,0x5d,0x70,0x09,0xcc,0xdb,0x20,0x06,0x38,0x00,0x0b,0xdc,0xdb,0x00,0xb9,0x57,
0xb0,0x0b,0xcc,0xba,0x00,0xf5,0xb7,0x80,0x2a,0x13,0x47,0x03,0x60,0x8d,0x20,0x88,
0x00,0xf2,0x13,0x08,0x00,0x00,0x06,0xd4,0x00,0x05,0xa0,0xb4,0x04,0x80,0xc0,0x92,
0x00,0x2b,0x00,0x00,0x03,0x90,0x00,0x00,0x57,0x00,0x00,0x06,0x60,0x00,0x00,0x0a,
0x00,0x08,0xbe,0xb8,0x0b,0x01,0x00,0x70,0xce,0xb7,0x00,0x38,0x00,0x00,0x47,0xa6,
0x00,0xf0,0x06,0x02,0x3b,0x41,0x09,0x6d,0x6b,0x0a,0xae,0xaa,0x04,0x4c,0x42,0x2b,
0x6c,0x6b,0x3d,0xbd,0xba,0x00,0x47,0x00,0xc1,0x00,0xf3,0x24,0xdb,0xc7,0x00,0x0b,
0x83,0x80,0x02,0x95,0x66,0x02,0xcd,0xbd,0xc0,0x07,0x40,0x83,0x00,0xa1,0x09,0x20,
0x0b,0x23,0xb0,0x04,0x51,0xc9,0x00,0x01,0x8b,0x00,0x05,0xbe,0x97,0x00,0x3a,0x1b,
0x00,0x5a,0x2b,0x00,0x94,0xaa,0x01,0xb0,0x39,0x0b,0x43,0x56,0x47,0x0b,0xc1,0x0e,
0x01,0x70,0x0c,0x00,0x07,0xbe,0xba,0x00,0x0b,0x10,0x01,0xc0,0x07,0xbe,0xb4,0x00,
0x19,0x00,0x00,0x38,0x00,0x5b,0xcd,0xb5,0x1b,0x00,0xf0,0x23,0x28,0x01,0x09,0x2a,
0x48,0x06,0x50,0xa2,0x01,0xb2,0xb0,0x00,0x9d,0x20,0x00,0xbd,0x20,0x3c,0x42,0xc3,
0x61,0x00,0x16,0x00,0x01,0x00,0x00,0x1a,0x00,0x09,0xbb,0xb4,0x00,0x00,0xa4,0x00,
0x03,0xa0,0x00,0x0c,0x10,0x02,0xa4,0x00,0x3e,0xa0,0x00,0xa1,0x9b,0xb6,0x36,0x00,
0xf1,0x08,0x09,0x00,0x02,0xc9,0xa8,0x04,0x61,0xb5,0x06,0x96,0x73,0x02,0x55,0x5c,
0x4a,0xaa,0x7b,0x00,0x24,0x29,0x00,0x1c,0xc2,0x51,0x00,0xf7,0x33,0xab,0xa0,0x06,
0x65,0x00,0x00,0xa1,0xb0,0x00,0x0b,0xbe,0xb8,0x00,0x40,0xb4,0x00,0x0b,0x1a,0x82,
0x05,0x83,0x84,0x70,0x34,0xc4,0x04,0x00,0x00,0x00,0x12,0x00,0x5a,0xe9,0x60,0x0a,
0xae,0xaa,0x20,0x46,0xb6,0x50,0x08,0x8a,0xc5,0x02,0x98,0xab,0xa0,0x00,0xad,0x20,
0x00,0x96,0x6a,0x20,0x72,0x64,0x17,0x00,0x06,0xbb,0xb9,0x00,0x11,0x10,0x00,0x01,
0x00,0xf0,0x05,0x6b,0xbb,0xb7,0x00,0x00,0x00,0x05,0xce,0xca,0x00,0x00,0xa2,0x00,
0x00,0x0b,0x10,0x02,0xcc,0xfc,0xc1,0xd9,0x01,0xf0,0x2c,0x00,0xc0,0x00,0x06,0x1a,
0x00,0x00,0x7d,0x50,0x00,0x00,0x1a,0x21,0x00,0x9a,0xaa,0xa2,0x02,0xa0,0xa3,0x01,
0xb6,0x06,0xc0,0x00,0xb4,0x90,0x00,0x06,0xf1,0x00,0x06,0xc9,0xa1,0x06,0x70,0x05,
0x90,0x09,0xad,0xba,0x20,0x18,0x87,0x10,0x04,0x83,0x94,0x00,0x39,0x99,0x10,0x06,
0x99,0xe1,0x03,0xaa,0xdb,0x70,0x08,0x01,0xf3,0x10,0x3c,0x60,0x00,0x09,0xbe,0xbb,
0x20,0x29,0x99,0x40,0x05,0xc9,0xb7,0x01,0x88,0x88,0x50,0x3a,0x55,0x5c,0x00,0x1d,
0xc5,0x10,0x04,0x75,0x58,0x05,0xa0,0x4d,0x50,0x35,0x01,0x00,0x03,0x00,0xf0,0x02,
0x1e,0x00,0x00,0x5f,0x10,0x00,0xb7,0x60,0x06,0x80,0xc0,0x5c,0x00,0x68,0x40,0x00,
0x05,0x1b,0x00,0xf0,0x0c,0x1a,0xab,0xa0,0x07,0x55,0x0b,0x01,0xe2,0xb2,0x80,0x8e,
0x1a,0x93,0x00,0xb0,0x6c,0x00,0x0b,0x08,0xc0,0x00,0xb4,0xa8,0x50,0x0a,0xa0,0x09,
0x1c,0x01,0xf2,0x09,0x00,0x08,0xc7,0x00,0x19,0x80,0x99,0x02,0x38,0x08,0x51,0x01,
0xa1,0xa0,0x00,0x57,0x38,0x00,0x0c,0x14,0x60,0x09,0x50,0x65,0xd3,0x00,0xf0,0x08,
0xb0,0xb0,0x00,0xa0,0xb0,0x03,0xc0,0xc0,0x05,0xb7,0xd0,0x09,0x29,0xe0,0x0b,0x0b,
0x74,0x75,0x48,0x2a,0x40,0x40,0x04,0x1b,0x00,0xf0,0x0c,0x19,0x2a,0x00,0x07,0x69,
0xa0,0x00,0xe7,0xce,0xd0,0x7e,0x87,0x9a,0x00,0xa6,0x68,0xb0,0x0a,0x86,0xa5,0x00,
0xa9,0x21,0xb0,0x19,0x4c,0xb3,0x1f,0x00,0xf0,0x25,0x06,0x52,0x0b,0x08,0x5b,0x29,
0x0a,0x16,0x57,0x0b,0x00,0x93,0x0c,0x73,0xe0,0x3e,0x6b,0x86,0x13,0xc4,0x0b,0x03,
0x10,0x03,0x00,0x71,0x60,0x00,0x48,0x8b,0x90,0x0c,0x3b,0x0b,0x06,0xf1,0xb4,0x80,
0x2b,0x07,0xd1,0x00,0xb0,0x5d,0x00,0x0b,0x2b,0x96,0x00,0xaa,0x10,0xa0,0x38,0x00,
0xf1,0x0c,0x3a,0xb9,0xa1,0x09,0x84,0xa8,0x21,0xf8,0x3a,0x91,0x7d,0x92,0xaa,0x00,
0xaa,0x28,0xa0,0x0b,0xca,0x8b,0x00,0xb7,0x58,0x20,0x28,0x06,0x30,0x92,0x00,0xf1,
0x0c,0x18,0x6a,0x00,0x08,0x6e,0xeb,0x11,0xf9,0x1b,0x00,0x7c,0x00,0xa0,0x00,0xa9,
0xbd,0xb0,0x0a,0x03,0x70,0x00,0xa0,0x46,0x00,0x19,0x06,0x40,0x20,0x00,0xf1,0x29,
0x0a,0x8a,0xa0,0x06,0x62,0xb0,0x01,0xe3,0x0b,0x00,0x7d,0x7b,0xea,0x00,0xb0,0x38,
0x00,0x0b,0x04,0x60,0x00,0xb0,0x65,0x00,0x0a,0x7d,0xc3,0x00,0x00,0x87,0x62,0x00,
0x57,0xb5,0x60,0x0c,0xa7,0x2b,0x04,0xe7,0xdb,0xa0,0x0a,0x0b,0x64,0x00,0xa1,0x98,
0x20,0x0a,0x83,0xa0,0x00,0xb9,0x8a,0x00,0x2b,0x01,0xf4,0x0b,0x94,0x90,0x08,0x4a,
0x27,0x02,0xf8,0xe9,0x71,0xad,0x0a,0x17,0x01,0xb0,0xaa,0x30,0x0b,0x0b,0x71,0x01,
0xaa,0xc4,0xb0,0x38,0x21,0xd7,0xe4,0x01,0xf4,0x0c,0x0a,0x09,0x00,0x06,0x8c,0xdb,
0x10,0xd7,0xb9,0x70,0x5d,0x3b,0x33,0x00,0xa5,0xbb,0x90,0x0b,0x02,0x93,0x00,0xb1,
0xc9,0x00,0x0b,0x01,0x90,0x23,0x00,0xf2,0x0c,0x0b,0x0a,0x10,0x05,0x8d,0xcc,0x00,
0xd5,0x90,0xa1,0x7e,0x58,0x0b,0x00,0xa5,0xca,0xd0,0x0b,0x65,0x0b,0x00,0xb8,0x30,
0xa0,0x0b,0x9c,0xc9,0x20,0x00,0xf5,0x28,0x0b,0x00,0x04,0xab,0xeb,0x10,0xd5,0x20,
0x50,0x7e,0x49,0x19,0x01,0xa1,0xa5,0x60,0x0b,0x0b,0xa1,0x00,0xb0,0x4b,0x00,0x0b,
0x9c,0xe8,0x00,0x02,0x74,0x7a,0x00,0x97,0x9b,0x20,0x2e,0x65,0xb2,0x0a,0xc8,0xae,
0x91,0x1a,0xa0,0xc0,0x01,0x9b,0x3c,0x10,0x28,0xb9,0xc9,0x04,0x8c,0xa9,0xa0,0x60,
0x00,0xf2,0x0b,0x28,0x00,0x04,0xab,0xdb,0x00,0xd4,0x1b,0x00,0x7e,0x22,0x90,0x01,
0xa5,0xcd,0x80,0x0b,0x05,0x50,0x00,0xb0,0x74,0x00,0x0b,0xad,0xc7,0xa3,0x00,0xf2,
0x0b,0x0b,0x00,0x05,0xdb,0xeb,0x11,0xe2,0xbe,0x20,0x7e,0x2c,0xb5,0x00,0xb8,0x87,
0x90,0x0c,0xa8,0x6b,0x00,0xb4,0xda,0x10,0x1a,0x0a,0x10,0x40,0x00,0xf1,0x0b,0x89,
0x94,0x05,0x72,0x2b,0x10,0xd6,0xc7,0xa0,0x7d,0x77,0x7a,0x00,0xa7,0x77,0x90,0x0b,
0x4a,0x67,0x00,0xb1,0x55,0x50,0x0b,0x0b,0xc0,0x20,0x00,0xf2,0x0c,0x02,0xe2,0x00,
0x04,0xb4,0xb5,0x03,0x99,0x89,0x72,0x00,0x2c,0x20,0x00,0xbb,0xeb,0x80,0x08,0x1a,
0x80,0x03,0xa3,0x87,0x40,0x54,0xd4,0x15,0x40,0x00,0xf0,0x07,0xa1,0x00,0x06,0x9e,
0xcb,0x21,0xeb,0x86,0x00,0x7d,0x26,0xc8,0x00,0xa0,0x73,0x00,0x0b,0x09,0xb7,0x00,
0xb0,0xa0,0xd8,0x00,0x02,0x46,0x01,0xf4,0x0b,0x4b,0x41,0x06,0x65,0xc5,0x10,0xe8,
0xcd,0xc0,0x6e,0x85,0x7a,0x00,0xa5,0xbc,0x70,0x0a,0x6b,0x30,0x00,0xb1,0xf4,0x00,
0x0a,0xb2,0x78,0xc3,0x00,0xf4,0x0c,0x4b,0xd8,0x84,0x09,0x57,0x6a,0x21,0xf7,0xdb,
0xa0,0x6c,0xbb,0xaa,0x00,0xa5,0xc9,0xa0,0x0a,0x47,0x5a,0x00,0xaa,0x32,0xa0,0x2a,
0x71,0xc5,0x23,0x00,0xf3,0x29,0x38,0xa1,0xa0,0x09,0x9e,0xce,0x12,0xf0,0xb4,0x60,
0x9d,0x0b,0x55,0x00,0xba,0xcc,0xc1,0x0b,0x16,0x50,0x00,0xa9,0x45,0x70,0x2a,0x80,
0x09,0x00,0x04,0xda,0x76,0x40,0xa9,0x8a,0xb2,0x3f,0x8c,0xbb,0x05,0xb9,0xdb,0xa0,
0x0a,0xbc,0xa9,0x00,0xa7,0x53,0x90,0x19,0x98,0x49,0x02,0xb5,0x6b,0x50,0x3f,0x00,
0xf0,0x09,0x08,0x69,0xa6,0x0b,0x47,0x97,0x5b,0xcd,0xe9,0xa9,0x64,0x94,0x29,0xba,
0xd6,0x47,0xb2,0xc1,0x64,0xa9,0xa8,0x79,0xb0,0x95,0x1c,0x00,0xf1,0x0b,0x10,0x00,
0x04,0x9d,0xab,0x0a,0x57,0x0a,0x2f,0x5c,0xba,0x8d,0x04,0x70,0x0a,0x8f,0xe9,0x0a,
0x4c,0xb0,0x1a,0xb8,0x67,0x29,0x29,0x04,0x3f,0x01,0xf1,0x0b,0x3c,0x30,0x05,0x87,
0x77,0x10,0xd5,0xbb,0x90,0x6d,0x59,0x96,0x00,0x93,0x44,0x20,0x0b,0x7a,0x99,0x00,
0xb8,0x22,0x90,0x0b,0xab,0xb7,0x3c,0x00,0xf2,0x0b,0x47,0x0c,0x40,0x09,0xb9,0x8c,
0x01,0xfa,0x3e,0x50,0x5d,0x9a,0x8a,0x10,0xa9,0x79,0x30,0x0b,0x98,0x86,0x00,0xa0,
0x3b,0x30,0x28,0x48,0x5f,0x01,0xf1,0x0b,0x19,0x1a,0x20,0x07,0xac,0xcd,0x40,0xe9,
0x99,0xc2,0x2c,0x9e,0x69,0x00,0xa9,0x99,0x90,0x0a,0x99,0x79,0x00,0xa9,0x92,0x90,
0x0c,0x79,0xc4,0x04,0x03,0xa2,0x01,0xf1,0x09,0x07,0x8b,0xaa,0x11,0xe2,0x93,0x80,
0x6d,0x69,0xaa,0x00,0xb3,0xaa,0x40,0x0b,0x64,0x29,0x00,0xb7,0x33,0x70,0x0a,0x8b,
0xc6,0x20,0x00,0xf2,0x0c,0x2b,0xa7,0x48,0x08,0x59,0x5a,0x60,0xe9,0xbb,0xa4,0x4d,
0x26,0x8a,0x30,0xa8,0xd9,0xa1,0x0a,0x27,0x5a,0x00,0xa6,0xe7,0x90,0x0a,0x60,0x69,
0x63,0x00,0xf2,0x0b,0x84,0x90,0x06,0x7d,0xbc,0x10,0xd3,0xa5,0x60,0x4e,0x58,0x88,
0x00,0xa4,0xba,0x60,0x0a,0x6b,0xa7,0x00,0xa8,0x25,0x50,0x0a,0x9b,0xc4,0x60,0x00,
0xf2,0x0a,0x8c,0x92,0x03,0x83,0xc2,0x00,0xc5,0xd9,0xb0,0x4c,0x5d,0xab,0x00,0x85,
0xb7,0x90,0x0a,0x58,0x68,0x00,0xa6,0xab,0x60,0x0a,0xcb,0x82,0x02,0xf1,0x0c,0x3a,
0xae,0x90,0x09,0xa5,0x3a,0x11,0xf9,0x88,0x70,0x5d,0xaa,0xca,0x00,0xaa,0xab,0x90,
0x0a,0xad,0xda,0x00,0xbb,0xb9,0x80,0x2c,0x9b,0x97,0x20,0x00,0xf3,0x0b,0x1c,0x8d,
0x81,0x07,0x57,0x75,0x01,0xe5,0x95,0xa0,0x8e,0x39,0x96,0x00,0xab,0x77,0xc0,0x0a,
0x0b,0xc0,0x00,0xa1,0x55,0x00,0x19,0x7c,0xe3,0x00,0xf1,0x0b,0x7a,0x70,0x08,0xab,
0xac,0x12,0xf6,0x54,0x60,0x7c,0x17,0x73,0x00,0xb7,0xbb,0x80,0x0b,0x0b,0x60,0x00,
0xb5,0x8a,0x50,0x19,0xb9,0x57,0x20,0x00,0xf2,0x0c,0x57,0x1b,0x41,0x0b,0x66,0xcc,
0x03,0xe8,0x8e,0xd0,0x5a,0xa7,0xb1,0x00,0xa9,0xb9,0xa0,0x18,0xb9,0xa9,0x03,0x9c,
0xb2,0x80,0x45,0x0a,0xb6,0x42,0x02,0xf2,0x0b,0x9a,0x40,0x06,0x9c,0xa9,0x00,0xe8,
0x79,0xb0,0x7e,0x4e,0xa9,0x01,0xa7,0xac,0xb0,0x0b,0x8a,0xb8,0x00,0xb8,0x9a,0x90,
0x0a,0x2a,0x83,0x1d,0x07,0xf0,0x07,0x00,0x00,0x75,0x80,0x02,0xb1,0x86,0x0c,0xeb,
0xba,0x00,0xb4,0x70,0x03,0x96,0x50,0x0b,0x27,0x48,0x75,0x04,0xc7,0x5d,0x05,0x20,
0xbb,0xb9,0xe0,0x00,0xf1,0x1d,0xaa,0xaa,0x01,0xc4,0x81,0x01,0xb4,0x70,0x06,0x65,
0x51,0x5b,0x06,0x4b,0x30,0x03,0xd6,0x00,0x0a,0x20,0x00,0x9c,0xca,0xa2,0x00,0xb1,
0x80,0x00,0x7b,0x8c,0x80,0x06,0xd8,0x55,0x00,0x1a,0x73,0x00,0x09,0x49,0x28,0x05,
0x70,0x6c,0x12,0x02,0xf0,0x29,0x05,0x0b,0x05,0x00,0x65,0xb2,0xa0,0x01,0x5b,0x61,
0x02,0xbc,0xeb,0xb0,0x00,0xb7,0x40,0x00,0x29,0x82,0x00,0x2c,0x2a,0x19,0x06,0x20,
0x5d,0x70,0x05,0x5d,0x55,0x00,0x66,0xd6,0x60,0x08,0xbc,0xc3,0x00,0xb0,0x08,0x40,
0x0a,0xcc,0xc2,0x00,0x1a,0xa1,0x00,0x0a,0x3b,0x09,0x09,0x60,0x6c,0x70,0x3c,0x00,
0x11,0x7c,0x9b,0x07,0xf0,0x10,0x0e,0x20,0x00,0x4d,0x40,0x00,0xb4,0x90,0x07,0x70,
0xc1,0x6a,0x00,0x4a,0x20,0x00,0x03,0x00,0x02,0x00,0x00,0x03,0xf2,0x00,0x04,0xb3,
0xc3,0x04,0xca,0xab,0xd3,0x23,0x00,0xd2,0x79,0xd9,0x30,0x01,0x39,0x10,0x00,0x03,
0x80,0x00,0x6b,0xcd,0xb7,0x89,0x01,0xf2,0x18,0x1b,0x00,0x01,0xb0,0xa1,0x00,0x94,
0x34,0x80,0x39,0x48,0x0a,0x00,0x0a,0x33,0x00,0x04,0x90,0xc0,0x02,0xda,0xbd,0x30,
0x13,0x10,0x22,0x00,0x00,0x20,0x01,0x00,0x0a,0x07,0x50,0x08,0xaa,0xea,0x00,0x11,
0x48,0x06,0x22,0x7b,0xbb,0xe3,0x04,0x00,0x0a,0x00,0x12,0xb7,0x7f,0x05,0xf0,0x53,
0x74,0x07,0xdc,0xd9,0x00,0x0b,0x00,0x2b,0xbe,0xb9,0x00,0x6e,0x00,0x01,0xc6,0x60,
0x3c,0x20,0xa4,0x31,0x00,0x02,0x01,0xc2,0x67,0x00,0x6d,0x8b,0xa0,0x01,0xda,0xd3,
0x00,0x3c,0x7c,0x10,0x04,0x83,0xc0,0x03,0xbb,0xab,0x80,0x08,0x63,0xa1,0x03,0x40,
0x03,0x40,0x01,0xda,0xb6,0x03,0xc9,0xb6,0x05,0xc9,0xc4,0x06,0x74,0xa2,0x08,0x76,
0xc1,0x4b,0xba,0xc8,0x07,0x63,0xa1,0x34,0x00,0x34,0x01,0x68,0xb1,0x09,0x9a,0xbb,
0x0b,0xbb,0xcb,0x0a,0x96,0x79,0x0a,0x96,0x68,0x4b,0xbb,0xb9,0x09,0x43,0xa0,0x63,
0x00,0x35,0x67,0x00,0xf2,0x73,0x2a,0x3b,0x30,0x06,0xba,0xb7,0x10,0x6d,0xcc,0x70,
0x19,0xdb,0xcc,0x00,0x9d,0xcc,0x60,0x04,0xd8,0x80,0x03,0xaa,0x99,0x60,0x41,0xaa,
0x05,0x00,0x00,0x09,0x10,0x0a,0xae,0xac,0x0b,0x0c,0x0b,0x0b,0x2f,0x2b,0x0a,0x96,
0x8a,0x2b,0x90,0x79,0x37,0x05,0x37,0x56,0x09,0xc2,0x09,0xb6,0xcb,0x00,0xa6,0x87,
0xb0,0x0a,0x78,0x5b,0x04,0xed,0xdc,0xe1,0x09,0xa9,0x39,0x03,0x7a,0xa3,0x70,0x82,
0xba,0x46,0x09,0x8b,0x8c,0x20,0x0d,0xbb,0xbd,0x10,0x78,0x00,0x61,0x02,0xda,0xa2,
0x00,0x69,0x55,0x00,0x02,0x55,0x95,0x05,0xbb,0xb8,0x40,0x00,0x41,0x92,0x00,0x02,
0xc9,0x00,0x08,0x00,0xa0,0x0b,0x6b,0xd8,0x08,0xb4,0x6b,0x05,0xb6,0x5b,0x0b,0xdd,
0xc9,0x56,0x09,0x10,0xb1,0x0a,0x00,0x30,0x3b,0x04,0xf0,0x09,0xa0,0xb8,0x20,0x0a,
0x3e,0xba,0x00,0x5c,0x5a,0x00,0x02,0xbb,0xe8,0x00,0xb8,0x6c,0x20,0x38,0x96,0xb3,
0x0a,0x1b,0xbd,0x70,0x1a,0x06,0xf0,0x14,0x06,0x00,0x79,0x10,0x9a,0xad,0xa1,0x06,
0xa9,0xb2,0x00,0x4b,0x9a,0x80,0x0b,0xda,0xb7,0x03,0xac,0xdb,0x60,0x89,0x53,0xd8,
0x04,0x90,0x85,0x80,0x00,0xbb,0xd2,0x00,0x0b,0x09,0x20,0xae,0x06,0xf1,0x56,0x29,
0x0b,0x00,0x05,0x60,0xb0,0x00,0xa2,0x0b,0x20,0x1b,0x00,0xb9,0x17,0x30,0x0a,0xa0,
0x02,0x19,0x23,0x00,0x92,0xb0,0xb0,0x0a,0x1b,0x0b,0x00,0x7a,0xea,0x70,0x02,0x0b,
0x03,0x04,0x71,0xa0,0xb0,0x55,0x38,0x1a,0x07,0xcc,0xdc,0x80,0x00,0x0a,0x10,0x00,
0x7b,0xeb,0xb0,0x00,0x0b,0x00,0x01,0xbb,0xeb,0xb0,0x00,0x0a,0x00,0x00,0xb2,0x94,
0x70,0x1a,0x47,0x65,0x02,0xec,0xdd,0x30,0x01,0xaa,0xe6,0x00,0x00,0x89,0x00,0x08,
0x6a,0x58,0x11,0x98,0xd7,0xa0,0x39,0xbd,0x5a,0x04,0xb5,0x88,0xa0,0x65,0x92,0x0a,
0x08,0xba,0xaa,0x90,0xdb,0x01,0xf1,0x28,0x2b,0x00,0x02,0xc0,0x93,0x00,0xb3,0x02,
0xb0,0x27,0xcd,0xd7,0x10,0x07,0x4a,0x10,0x00,0xc0,0xb0,0x00,0x96,0x0b,0x00,0x47,
0x3c,0x60,0x00,0x02,0x88,0x88,0x00,0x46,0x4a,0xa1,0x0d,0xc4,0x7b,0x00,0x73,0x65,
0xb0,0x09,0x3a,0x1b,0x00,0xba,0xb0,0xb0,0x28,0x97,0x39,0x00,0x29,0x3d,0x40,0x92,
0x08,0xf2,0x0c,0xda,0x87,0x40,0x48,0x0b,0x92,0x09,0xba,0xba,0x02,0xe6,0x7b,0xb0,
0x33,0xe4,0x9b,0x00,0x5b,0x14,0xb0,0x2d,0x22,0x2a,0x09,0x30,0x3d,0x50,0xf8,0x01,
0xf1,0x27,0x17,0x40,0x4c,0x79,0x92,0x1d,0x48,0xaa,0x03,0xc7,0x8a,0xb0,0x0a,0x37,
0xab,0x00,0xa7,0x29,0xb0,0x0a,0x08,0x2a,0x00,0xab,0x4d,0x50,0x04,0x67,0x97,0x00,
0xab,0x58,0xc0,0x04,0x75,0x5b,0x00,0xd9,0x73,0xb0,0x7e,0x9a,0x1a,0x00,0xb1,0xb2,
0x90,0x0b,0x6a,0x57,0x00,0xbc,0x4d,0x30,0x5c,0x00,0xf1,0x0c,0x8c,0x67,0x30,0x9a,
0xa9,0xb2,0x09,0xbb,0x9b,0x03,0xdd,0xdb,0xa0,0x1a,0xba,0x99,0x03,0xac,0x95,0x90,
0x78,0xb9,0x59,0x08,0x9b,0x9a,0x60,0x0a,0x03,0xf1,0x7b,0xa9,0x07,0x40,0x3b,0x0b,
0x82,0x0a,0xe7,0xba,0x10,0x6c,0x0b,0xb0,0x0b,0xd7,0xab,0x07,0x77,0x58,0xb0,0x15,
0x51,0x2a,0x00,0x63,0x3d,0x50,0x0a,0xac,0x15,0x60,0xa0,0xa9,0x85,0x0a,0xc9,0xa8,
0x31,0x6b,0x2a,0x92,0x18,0x9a,0xab,0x00,0x82,0xaa,0xb0,0x1a,0x28,0x1b,0x08,0x4c,
0x5c,0x80,0x09,0xeb,0x66,0x40,0x46,0x6a,0x72,0x0d,0xab,0xa9,0x10,0x36,0x2a,0xa0,
0x2b,0xd5,0x9a,0x00,0x36,0x03,0xa0,0x06,0xc8,0x5a,0x05,0x84,0x1c,0x50,0x05,0x83,
0x15,0x50,0xad,0xa9,0x83,0x08,0xc7,0x98,0x20,0x2b,0x39,0x90,0x0d,0xeb,0x9a,0x01,
0x8a,0xa6,0xa0,0x26,0xc6,0x7a,0x00,0x27,0x0a,0x60,0x0b,0xac,0x35,0x40,0xca,0xc9,
0xa3,0x0a,0x44,0x8a,0x10,0xde,0xd9,0xa0,0x2c,0xba,0x9a,0x05,0xba,0x98,0xa0,0x98,
0x96,0x6a,0x09,0x09,0x0a,0x90,0x00,0xf5,0x0c,0x72,0x91,0x55,0x02,0xe6,0x79,0x30,
0x96,0x99,0x92,0x07,0xc6,0x99,0x00,0x6b,0x59,0xa0,0x19,0x99,0x8a,0x09,0x38,0xa4,
0xa0,0x1b,0x52,0xb6,0x2f,0x05,0xf1,0x0b,0x0a,0x20,0x0a,0xaa,0xaa,0x20,0xaa,0x66,
0xa0,0x0c,0x99,0x7a,0x00,0xa7,0x97,0x90,0x1b,0xc9,0x77,0x03,0x68,0x35,0x50,0x4a,
0xc5,0xc2,0x20,0x00,0xf1,0x0c,0x6d,0xa3,0x73,0x19,0xd9,0x9a,0x20,0x6a,0x67,0xa0,
0x2c,0xac,0x99,0x03,0xbb,0xba,0x90,0x09,0xe1,0x59,0x06,0x78,0x85,0x90,0x34,0x50,
0xb5,0x0b,0x06,0xf1,0x18,0xaa,0x78,0x40,0x79,0x6a,0x82,0x0a,0x19,0xaa,0x00,0x8a,
0x5a,0xb0,0x3b,0xba,0xab,0x05,0xcc,0xa5,0xb0,0x67,0x78,0x2a,0x08,0xcc,0x7c,0x60,
0x05,0x50,0xb0,0x00,0x78,0xae,0xa0,0x06,0x44,0x7b,0x00,0x83,0xaa,0x01,0xa2,0x01,
0xca,0xb0,0xb0,0x43,0x97,0x3a,0x00,0x1a,0x1d,0x38,0x04,0xf1,0x0c,0x50,0x43,0x00,
0xcc,0x5c,0xb2,0x08,0x68,0x9a,0x10,0xa6,0x87,0xb0,0x0b,0x78,0x6b,0x00,0xa9,0x84,
0xb0,0x58,0xa8,0x3a,0x0a,0xab,0x9c,0x80,0x6e,0x01,0xf1,0x0c,0xb4,0xa0,0x00,0x00,
0x5e,0xa0,0x19,0x94,0xaa,0x10,0x94,0x29,0xa0,0x0a,0xa4,0x6a,0x02,0xbc,0xa3,0xa0,
0x7a,0x6d,0x2a,0x00,0x02,0x7b,0x60,0xbb,0x00,0xf4,0x0c,0xd3,0xa0,0x00,0xa7,0x9e,
0xc0,0x0c,0xd2,0xba,0x00,0xaa,0x09,0xa0,0x1d,0xd3,0x6a,0x03,0x7b,0x82,0xa0,0x6d,
0xdc,0x1a,0x03,0x18,0x3c,0x60,0xdf,0x00,0xf0,0x08,0xd4,0x40,0x07,0x97,0x97,0x2f,
0xba,0x56,0x09,0x2b,0x64,0x0a,0xbb,0x82,0x0b,0x02,0xa4,0x0b,0x00,0x29,0x04,0xba,
0xa0,0x51,0x08,0xf1,0x09,0x8b,0xba,0xd0,0x3d,0x9a,0x7a,0x00,0xa6,0x8a,0xb0,0x0a,
0x89,0x8b,0x00,0xeb,0xb7,0xa0,0x00,0x04,0x29,0x00,0x00,0x5c,0x40,0x5b,0x00,0xf1,
0x0b,0x29,0x00,0x02,0xa3,0x84,0x00,0xc6,0x4c,0xa0,0x5e,0x49,0xa0,0x00,0x89,0xc3,
0x00,0x09,0x19,0x25,0x00,0xb0,0xa1,0xa0,0x0b,0x06,0xc5,0x1f,0x00,0xf0,0x24,0xbe,
0xeb,0x20,0xb1,0x9a,0x00,0x0b,0x37,0xa0,0x00,0xb6,0x4a,0x10,0x0b,0xb2,0x99,0x02,
0xa6,0x08,0x30,0x38,0x00,0x00,0x05,0xdb,0xbb,0x60,0x0a,0xbb,0xbb,0x20,0xb5,0x02,
0x50,0x0b,0x48,0x92,0x00,0xb0,0xba,0x00,0x1a,0x0b,0x80,0x02,0x98,0x6b,0x00,0x48,
0x70,0x52,0x1c,0x00,0x60,0x04,0x89,0x91,0x00,0x3c,0x0b,0xfa,0x09,0xf1,0x03,0x02,
0xce,0xce,0xb0,0x03,0x80,0xb0,0x00,0x84,0x29,0x00,0x0c,0x03,0x80,0x07,0x40,0x56,
0x00,0x12,0x01,0xf1,0x01,0x0a,0x06,0x05,0x6b,0x47,0x02,0x4c,0x42,0x09,0x9e,0x97,
0x00,0x1a,0x00,0x5b,0xcd,0xf2,0x0b,0xf5,0x0f,0x55,0x00,0x06,0x23,0x70,0x00,0x93,
0xab,0x50,0x1d,0x69,0x5b,0x00,0xa9,0xa1,0xf3,0x0a,0x9b,0x2c,0x60,0xa4,0x84,0x73,
0x18,0x93,0x64,0x03,0x88,0x4c,0x00,0xc9,0x01,0xf1,0x0b,0x2a,0x10,0x07,0xae,0x9b,
0x00,0x9a,0xea,0xb0,0x0a,0x3c,0x3a,0x00,0x68,0xd8,0x40,0x4a,0xae,0xaa,0x00,0x02,
0x80,0x00,0x00,0x37,0x00,0x64,0x05,0xf0,0x05,0x02,0xdb,0x80,0x00,0x38,0x00,0x02,
0xbd,0xdb,0xb0,0x00,0x67,0x30,0x00,0x08,0x4c,0x10,0x00,0x91,0x37,0x18,0x00,0x30,
0x08,0xbb,0xb9,0xd9,0x03,0xf1,0x0e,0x38,0x0b,0x00,0x57,0x1a,0x00,0x67,0xc5,0x00,
0x83,0x00,0x00,0x92,0x00,0x5b,0xeb,0xb6,0x06,0xcb,0xbb,0x10,0x74,0x00,0x00,0x09,
0x20,0x00,0x00,0xb0,0x01,0x0b,0x80,0x02,0x90,0x00,0x00,0x93,0x00,0x00,0x04,0x6c,
0x00,0x60,0xbb,0xbb,0x30,0xb0,0x24,0x00,0x1c,0x09,0xf0,0x03,0xb9,0xdc,0x90,0x1a,
0x08,0x41,0x03,0x70,0xa4,0x70,0x74,0x0b,0x03,0x0b,0x7b,0xeb,0x80,0x10,0xba,0x01,
0xf2,0x0b,0xbc,0xdb,0x30,0xb4,0xcc,0x60,0x0b,0x87,0x6a,0x00,0xb9,0x55,0x90,0x0a,
0x7d,0xb5,0x03,0x89,0x86,0x40,0x77,0x8a,0x37,0x0a,0x46,0xa0,0x9a,0x01,0x10,0x11,
0x63,0x01,0xf0,0x26,0x10,0x05,0xbe,0x98,0x00,0xab,0xda,0xa0,0x04,0xa4,0xb0,0x03,
0x99,0x97,0x80,0x05,0xa8,0x81,0x00,0x58,0xa4,0x00,0x06,0x20,0x00,0x00,0x09,0xbb,
0xc8,0x07,0x46,0x65,0x05,0x58,0xa0,0x00,0xb4,0x80,0x00,0x8c,0x00,0x01,0xcc,0x30,
0x4c,0x31,0xc5,0x30,0x00,0x03,0x08,0xeb,0xd4,0x88,0x04,0xf0,0x35,0xc5,0xd7,0x03,
0xf3,0x38,0x07,0x88,0xb2,0x0c,0x0c,0x80,0x76,0x88,0xb4,0x52,0x50,0x05,0x09,0xc9,
0xad,0x0a,0x8b,0x0b,0x0a,0xa8,0x57,0x08,0xa6,0xd2,0x06,0x73,0xc0,0x1b,0xaa,0xc0,
0xa2,0x77,0x48,0x10,0x10,0x01,0x00,0x00,0x01,0x04,0xcc,0xc8,0x07,0x40,0x00,0x09,
0xcb,0xb5,0x0b,0x82,0x65,0x0b,0x38,0xb0,0x38,0x0e,0x50,0xa6,0xb5,0xb3,0x43,0x10,
0x14,0x86,0x00,0xf2,0x28,0x52,0xb6,0x60,0x0b,0x7c,0x69,0x00,0x6a,0x85,0x50,0x00,
0xdb,0xc2,0x00,0x4e,0x4b,0x00,0x0c,0x1d,0x60,0x09,0x69,0x9c,0x20,0x23,0x30,0x23,
0x00,0x09,0xdb,0xbb,0x20,0x79,0x66,0x73,0x08,0xb5,0x9a,0x00,0xac,0x3b,0xa0,0x0a,
0x92,0xa5,0x00,0xcd,0x6c,0x40,0x27,0xb5,0x99,0x00,0x0a,0x90,0xa3,0x04,0xf0,0x57,
0xae,0xaa,0x30,0x78,0x89,0x60,0x1b,0x97,0x6b,0x00,0x22,0x11,0x40,0x05,0xbb,0xd0,
0x00,0x49,0x76,0x00,0x03,0xde,0x20,0x07,0x82,0x39,0x70,0x04,0xeb,0xe6,0x00,0x5a,
0x89,0x60,0x1c,0xd9,0xbd,0x03,0x99,0x69,0x90,0x3c,0xbb,0xab,0x00,0x8c,0xcd,0x10,
0x09,0x77,0xc0,0x06,0xd9,0x9d,0x60,0x08,0xcb,0xbb,0x09,0x20,0x0c,0x0b,0x10,0x1b,
0x0c,0x00,0x29,0x0c,0x00,0x48,0x0c,0x00,0x56,0x1b,0x00,0x75,0x2e,0xbb,0xd3,0x04,
0xcb,0xb9,0x05,0x50,0x19,0x07,0xcb,0xb8,0x00,0x56,0x00,0x0b,0xeb,0xb9,0x00,0xc0,
0x19,0x09,0x44,0x47,0x67,0x08,0xb9,0x0d,0xf1,0x24,0x03,0xdb,0xc7,0x05,0x60,0x47,
0x07,0x40,0x56,0x08,0xcb,0xd4,0x01,0x30,0x40,0x08,0x30,0xb0,0x3a,0x00,0x75,0x41,
0x00,0x04,0x08,0x99,0x99,0x20,0x33,0x34,0xa0,0x09,0xba,0x37,0x00,0xb0,0xb5,0x60,
0x0b,0x1b,0x74,0x00,0xda,0x68,0x30,0x00,0x21,0xb1,0x00,0x03,0xda,0x65,0x01,0xf2,
0x08,0x56,0x10,0x00,0xb0,0x83,0x0a,0xb8,0xba,0x04,0x32,0x14,0x08,0xbb,0xc1,0x0b,
0x00,0x92,0x0b,0x00,0xb0,0x0d,0xbb,0xe0,0x0e,0x06,0xf0,0x24,0x00,0x09,0xdd,0xcc,
0x10,0x0a,0x30,0x00,0x01,0xd1,0x00,0x00,0x8e,0xbc,0x60,0x3c,0xb0,0x56,0x07,0x39,
0x07,0x50,0x04,0xdb,0xd3,0x00,0x09,0x90,0x73,0x00,0xaa,0x09,0x10,0x0a,0xa0,0xb0,
0x01,0x8a,0xbe,0xb0,0x38,0x90,0xb0,0x05,0xc8,0x0b,0x00,0x64,0x01,0x90,0x00,0x3f,
0x02,0xf0,0x09,0xdb,0xb8,0x04,0x70,0x28,0x03,0xbb,0xb5,0x19,0xb9,0x98,0x05,0xca,
0x91,0x00,0x00,0x83,0x00,0x60,0xa1,0x00,0x4c,0x90,0x00,0x6b,0x01,0xf4,0x28,0xe1,
0x00,0x00,0xc6,0xa0,0x01,0xc9,0x4a,0x90,0x43,0x66,0x46,0x20,0x7b,0xba,0x10,0x0b,
0x00,0x92,0x00,0xb0,0x0a,0x10,0x0e,0xbb,0xe0,0x00,0x0b,0xcc,0xcd,0x00,0xb5,0x77,
0xb0,0x0b,0x45,0x4b,0x00,0xba,0xa7,0xb0,0x1a,0xa3,0x7b,0x02,0x9d,0xa6,0x90,0x47,
0x12,0x38,0x05,0x60,0x8d,0x30,0xc1,0x02,0xf0,0x08,0x29,0x00,0x03,0xca,0xb8,0x09,
0x86,0xb2,0x00,0x7b,0x10,0x3b,0xdb,0xc5,0x04,0x70,0x46,0x05,0x60,0x65,0x07,0xcb,
0xd3,0x1b,0x00,0xa0,0x39,0xbc,0x80,0x07,0x60,0x00,0x00,0x8c,0xbb,0xb0,0x67,0x0b,
0xd2,0xba,0xbc,0x60,0x1a,0xb0,0x47,0x06,0x6b,0x05,0x60,0xb1,0xeb,0xd4,0x56,0x0b,
0xf0,0x5b,0x00,0x00,0x23,0xb2,0x10,0x0b,0x88,0x8d,0x00,0xb6,0xa4,0xb0,0x0b,0xa2,
0x7b,0x01,0x9a,0x45,0xb0,0x38,0x9a,0x4a,0x04,0x60,0x22,0x80,0x65,0x06,0xc3,0x00,
0x09,0x77,0xaa,0x0a,0x97,0x1a,0x09,0x9a,0x37,0x18,0x9d,0xca,0x38,0x83,0x2b,0x59,
0x89,0x8a,0x6a,0x25,0x0a,0x20,0x07,0xc4,0x09,0xbf,0xbb,0x20,0x06,0xd5,0x00,0x09,
0x8b,0x59,0x00,0x41,0x90,0x40,0x07,0xaa,0xa2,0x00,0xb0,0x07,0x40,0x0b,0x00,0x83,
0x00,0xea,0xad,0x10,0x00,0x1c,0x00,0x00,0x6b,0x7b,0x60,0x25,0x08,0x06,0x10,0x49,
0x9e,0x10,0x00,0x2b,0x50,0x00,0xc9,0x9c,0x20,0x0b,0x00,0x82,0x1c,0x00,0xf0,0x08,
0x04,0x9d,0xa6,0x08,0x42,0x2c,0x0a,0x87,0x7b,0x0b,0x44,0x42,0x0a,0x8b,0xb5,0x19,
0xb0,0x19,0x65,0xb0,0x37,0xa1,0xea,0x60,0x0a,0xf1,0x28,0x01,0x78,0x20,0x00,0x9b,
0xeb,0xb0,0x06,0x2c,0x22,0x01,0x88,0x88,0x80,0x08,0xbb,0xa2,0x00,0xb0,0x06,0x50,
0x0c,0x00,0x83,0x00,0xeb,0xbd,0x20,0x05,0xcb,0xbd,0x10,0x73,0x72,0xa1,0x09,0x4c,
0x5b,0x00,0xa7,0xb8,0xb0,0x0b,0x88,0x6b,0x02,0x9b,0x99,0xa0,0x74,0x03,0x29,0x09,
0x00,0x7d,0x05,0x01,0xf2,0x0b,0x01,0xe3,0x00,0x04,0xc4,0xb4,0x02,0x89,0xa9,0x82,
0x09,0x96,0xa6,0x00,0xaa,0xa1,0x90,0x1b,0xba,0x47,0x02,0x94,0xab,0x20,0x00,0x0a,
0x21,0x01,0xf0,0x0b,0x8c,0x68,0x70,0x00,0xa4,0x8a,0x21,0xcd,0xa4,0xa0,0x0b,0x97,
0x3b,0x02,0xca,0xb1,0xb0,0x88,0x4a,0x0b,0x00,0x82,0xcb,0x90,0x0a,0x10,0x74,0x03,
0xf1,0x97,0x20,0x00,0x84,0x4b,0x20,0x0a,0xbc,0x9c,0x10,0xbb,0x89,0x90,0x2b,0xba,
0xaa,0x03,0xbb,0xa9,0x90,0x5b,0xb9,0xa9,0x06,0xaa,0x10,0x90,0x10,0x93,0xb5,0x00,
0x09,0xb7,0xdc,0x00,0xa7,0x9a,0xb0,0x03,0x58,0x84,0x01,0xad,0xcc,0x90,0x29,0x60,
0xa6,0x02,0xdc,0x9a,0x90,0x18,0xaa,0x36,0x02,0xcc,0xbb,0x40,0x0a,0x6a,0x9a,0x0a,
0x9b,0x9a,0x1a,0xaa,0x78,0x2a,0xbd,0xab,0x4a,0x54,0x52,0x6e,0x6e,0xe5,0x51,0x8a,
0x95,0x00,0x87,0x26,0x0c,0xbb,0xbd,0x10,0xb0,0x00,0xa1,0x0b,0xba,0xab,0x01,0xab,
0x0b,0xb0,0x29,0xa1,0x9b,0x04,0x8b,0xa6,0xb0,0x65,0x00,0x29,0x07,0xcb,0xbc,0x80,
0x0d,0xcc,0xcd,0x20,0xb0,0x90,0x92,0x0b,0xbe,0xaa,0x12,0x91,0xc0,0xb0,0x37,0x7c,
0x2b,0x05,0x7b,0x28,0xb0,0x67,0x30,0x5a,0x08,0xdc,0xcc,0x90,0x0c,0xbb,0xbd,0x20,
0xb3,0xa4,0x92,0x0a,0x7c,0x7b,0x02,0x99,0xd7,0xb0,0x39,0x8c,0x9b,0x05,0x62,0xc8,
0xb0,0x64,0x23,0x1a,0x08,0xcb,0xbb,0x80,0x54,0x00,0xf0,0x08,0x70,0x92,0x0a,0xae,
0xaa,0x01,0x92,0xb0,0xb0,0x37,0xb8,0x6b,0x05,0x6d,0xb5,0xb0,0x64,0x00,0x1a,0x08,
0xcb,0xbc,0x80,0x38,0x00,0xf4,0x01,0xb8,0xa9,0x92,0x0a,0x0b,0x0a,0x02,0x98,0xe5,
0xb0,0x37,0x2a,0x7b,0x05,0x9b,0xd7,0x1c,0x00,0xf0,0x28,0x0d,0xbb,0xbc,0x20,0xb5,
0xc7,0x82,0x1b,0xc8,0x7a,0x02,0x98,0xc5,0xb0,0x48,0x48,0x5b,0x05,0x59,0x60,0xb0,
0x73,0x19,0x2a,0x09,0xbb,0xbb,0x80,0x0d,0xaa,0xac,0x20,0xa8,0x89,0x82,0x19,0x88,
0x8a,0x13,0x8c,0x99,0xb0,0x58,0x75,0xab,0x06,0x69,0xb5,0xb0,0x88,0x63,0x8a,0x09,
0xba,0xab,0xab,0x03,0x00,0xb4,0x11,0xf0,0x07,0x09,0xec,0xbb,0x20,0x1c,0x08,0x00,
0x0a,0x71,0xa0,0x04,0xc9,0xcd,0x80,0x08,0x34,0x60,0x00,0x99,0xcc,0x70,0x0b,0xc0,
0x06,0xf0,0x24,0x22,0x90,0x00,0x91,0xaa,0x40,0x2e,0x7d,0xdd,0x10,0xa9,0x89,0xa0,
0x0a,0x47,0x8a,0x00,0xd8,0x7a,0x60,0x77,0x74,0x1b,0x00,0x02,0xcb,0x30,0x05,0x30,
0x72,0x09,0x39,0x90,0x1d,0x59,0xb9,0x0a,0x28,0xa0,0x0a,0x46,0xa0,0x0d,0xa5,0x90,
0x67,0xcb,0xc5,0x00,0x22,0x21,0x54,0x00,0xf1,0x99,0x64,0x45,0x00,0x07,0x3a,0xbb,
0x11,0xea,0xb0,0x91,0x0b,0x16,0x7a,0x00,0xb0,0x08,0xb0,0x0c,0x6b,0x4b,0x05,0x81,
0x21,0xa0,0x00,0x03,0xc5,0x00,0x05,0x51,0xa0,0x00,0x85,0xbd,0xa0,0x1d,0x54,0x6a,
0x00,0xb6,0xbb,0xd0,0x0b,0x2c,0xa1,0x04,0xc7,0x8a,0x00,0x12,0xc1,0x49,0x00,0x11,
0x00,0x20,0x04,0x68,0xaa,0x00,0x65,0xb0,0xa0,0x1d,0x9b,0x1a,0x00,0x93,0xd8,0xc0,
0x0b,0x28,0x0a,0x00,0xc7,0xba,0x70,0x6a,0x20,0x00,0x01,0x0b,0xcc,0x80,0x08,0xcd,
0xa8,0x30,0x47,0x8a,0x92,0x0c,0xcc,0x8a,0x00,0xb5,0x57,0xb0,0x04,0x35,0x64,0x00,
0xab,0xda,0x40,0x00,0x47,0x00,0x05,0xac,0xca,0x50,0x07,0xea,0xcb,0x00,0x0d,0x8c,
0x20,0x01,0xd8,0xd0,0x01,0x8b,0x7d,0x50,0x08,0x97,0xc3,0x03,0xca,0xdb,0x80,0x00,
0x37,0x00,0x03,0xab,0xda,0x30,0x07,0x48,0xd8,0x10,0xa3,0x9d,0x60,0x1d,0x5c,0x8a,
0x00,0xa3,0xb8,0x80,0x0a,0x4a,0x96,0x03,0xec,0xbb,0x90,0x20,0x54,0x81,0x00,0x04,
0x01,0x20,0xac,0x00,0xf1,0x23,0x72,0x70,0x08,0x6c,0xdd,0x10,0xda,0xac,0xc0,0x0a,
0x5b,0xcb,0x00,0xa3,0xa9,0x50,0x2e,0x9b,0xa8,0x02,0x17,0x23,0x70,0x00,0x9a,0xb5,
0x00,0x08,0xbd,0xcb,0x20,0x25,0xb6,0x30,0x03,0x77,0x75,0x00,0x8b,0xeb,0x90,0x0a,
0x0a,0x29,0x00,0xca,0xaa,0x50,0x29,0x00,0x86,0x05,0x00,0xd5,0x03,0xf0,0x0c,0x0a,
0xc9,0x30,0x09,0xd4,0xb3,0x00,0x27,0xf8,0x00,0x1c,0x83,0x9b,0x00,0xa9,0xdb,0x40,
0x0b,0xad,0xc3,0x00,0xa3,0x69,0x20,0x0d,0xbc,0xd0,0x73,0x02,0xf1,0x29,0x00,0x3e,
0xbb,0xb1,0x1d,0x98,0x82,0x00,0x6c,0x9b,0x60,0x06,0xa8,0xa5,0x00,0x3e,0x66,0x10,
0x0a,0xda,0xe0,0x01,0x4c,0xc4,0x00,0x5a,0x64,0xa6,0x00,0x03,0x70,0xb0,0x00,0x6c,
0x8b,0x00,0x0a,0x29,0xc7,0x03,0xe8,0x79,0xa0,0x22,0xe4,0x7a,0x00,0x49,0x46,0x40,
0x1c,0x16,0x50,0x07,0x30,0x73,0xb3,0x03,0xf1,0x0a,0x05,0xe9,0x60,0x07,0xc4,0x85,
0x00,0x05,0xe7,0x00,0x0a,0x8d,0xb8,0x00,0x6e,0x34,0xa0,0x02,0x2c,0xa0,0x01,0x7b,
0x60,0x00,0x13,0xc7,0x0c,0x01,0xdb,0x11,0xf1,0x06,0x1b,0xbf,0xbb,0x20,0x03,0xe0,
0x00,0x00,0x8c,0x20,0x00,0x3b,0x3a,0x00,0x3c,0x10,0x96,0x04,0x10,0x00,0x50,0xa8,
0x0c,0x21,0xb0,0x00,0x5a,0x0a,0xf3,0x01,0xfb,0xb0,0x00,0x5e,0x10,0x00,0x1c,0x59,
0x00,0x1c,0x30,0xa6,0x05,0x30,0x00,0x60,0x38,0x00,0xf2,0x5c,0x0a,0xbf,0xbb,0x00,
0x02,0xf0,0x00,0x00,0x8c,0x40,0x00,0x1d,0x2a,0x00,0x0b,0xc3,0xb2,0x06,0x51,0x12,
0x70,0x02,0x59,0x10,0x00,0x8d,0xeb,0x80,0x08,0x0b,0x00,0x01,0x99,0xe9,0x90,0x02,
0x8e,0x32,0x00,0x2c,0x39,0x00,0x3c,0x20,0x86,0x03,0x10,0x00,0x20,0x00,0x09,0x10,
0x00,0x8b,0xeb,0xb0,0x05,0x2b,0x26,0x00,0x33,0xb4,0x20,0x2b,0xdf,0xba,0x00,0x0b,
0x94,0x00,0x0a,0x50,0xc2,0x06,0x40,0x02,0x60,0x01,0x10,0x00,0x00,0x73,0x6b,0xe0,
0x2d,0xa0,0x39,0x00,0xba,0x0a,0x10,0x1a,0xab,0xeb,0x03,0xc6,0x0b,0x00,0x0c,0x40,
0xb0,0x02,0xa7,0x2a,0x00,0x81,0x1d,0x55,0x0a,0xf1,0x19,0x73,0x0b,0x00,0x1d,0xa2,
0x87,0x00,0xaa,0xa6,0xc0,0x0a,0xa7,0x56,0x12,0xc7,0xbb,0x80,0x0c,0x49,0x0a,0x02,
0xbb,0x82,0x80,0x71,0x3d,0xc7,0x00,0x04,0xaa,0xc9,0x00,0x00,0x2c,0x10,0x00,0x0b,
0x20,0x02,0xbb,0x11,0x0b,0x21,0x00,0x01,0x6c,0x08,0x00,0xf7,0x03,0xf0,0x02,0x03,
0x3b,0x42,0x00,0xd7,0x77,0xb3,0x04,0xbb,0xc3,0x10,0x00,0x77,0x00,0x3a,0xae,0xa9,
0xda,0x00,0x52,0x03,0x1a,0x00,0x00,0x5d,0x58,0x00,0xf0,0x0a,0x15,0x92,0x20,0x06,
0xe9,0x99,0x10,0x2b,0xaa,0x70,0x0c,0x60,0x94,0x04,0xc9,0xbe,0xa0,0x08,0x20,0xa0,
0x00,0xa2,0x29,0x00,0x0b,0xed,0x0a,0xf0,0x05,0x02,0x01,0x00,0x46,0xb3,0x80,0x0b,
0xbb,0xbc,0x00,0x98,0x97,0x90,0x00,0x07,0x70,0x03,0xbb,0xeb,0x90,0x5f,0x00,0x20,
0x21,0xb0,0x87,0x02,0xf1,0x30,0x00,0x01,0xa2,0x00,0xca,0xaa,0xd1,0x71,0x00,0x60,
0x38,0x07,0x10,0x5a,0xb6,0x00,0x69,0x10,0x00,0x75,0x07,0x60,0x2c,0xba,0x00,0x01,
0x1a,0x31,0x00,0xd9,0x99,0xc3,0x05,0x39,0x04,0x13,0xbf,0xbe,0xb2,0x04,0x91,0xc0,
0x00,0x3b,0xd4,0x00,0x17,0xc7,0xc4,0x04,0x50,0x01,0x50,0x03,0x4c,0x43,0x00,0xc6,
0x66,0xc0,0x05,0xbb,0xb4,0x2c,0x0f,0xd1,0xed,0xc8,0x00,0x1a,0x82,0x00,0x0a,0x49,
0x19,0x09,0x60,0x5c,0x70,0x4c,0x03,0xf2,0x0c,0x2a,0x31,0x00,0xc8,0x88,0xc1,0x0b,
0xbb,0xbb,0x00,0x22,0xb0,0x00,0x07,0x3d,0xb2,0x00,0xb3,0xa0,0x00,0x1b,0xa9,0x01,
0x08,0x26,0xcb,0x70,0x7f,0x0e,0xf0,0x51,0x10,0x00,0xcb,0xbc,0xd0,0x06,0xa9,0x44,
0x00,0x38,0x91,0x00,0x2a,0xbe,0xa8,0x00,0x07,0xc2,0x00,0x19,0x71,0xc3,0x04,0x30,
0x01,0x40,0x07,0x9d,0xa9,0x00,0x85,0x15,0x71,0x06,0x85,0x86,0x00,0x47,0xd2,0x30,
0x09,0x81,0xc5,0x03,0xbb,0xbe,0x70,0x09,0x10,0xb0,0x00,0xbb,0xad,0x00,0x08,0xae,
0xba,0x00,0x75,0x36,0x61,0x05,0xd8,0xd6,0x00,0x5b,0xab,0x10,0x09,0x25,0x72,0x00,
0xa5,0x99,0x00,0x05,0xbb,0x06,0x05,0x60,0x8b,0x40,0x00,0x00,0x74,0x00,0xcc,0xce,
0xd2,0x00,0x00,0xa1,0x00,0x76,0x0b,0x00,0x0b,0x0c,0xf0,0x4f,0x01,0x0b,0x00,0x00,
0x51,0xa0,0x00,0x09,0xc4,0x00,0x07,0x70,0x0b,0x00,0x2b,0x8b,0xe2,0x0a,0xb0,0x1a,
0x00,0x99,0xa3,0x80,0x07,0x67,0x76,0x00,0xca,0x06,0x50,0x66,0x63,0x73,0x05,0x00,
0xac,0x00,0x09,0xba,0xc4,0x00,0xba,0xac,0x50,0x0b,0x42,0x48,0x00,0x17,0x89,0x30,
0x4b,0xbb,0xe9,0x00,0x56,0x19,0x00,0x00,0x43,0x70,0x00,0x0a,0xc2,0x00,0x01,0xb1,
0x08,0x20,0x88,0x97,0xc3,0x0a,0xa8,0x3c,0x10,0xba,0x87,0xa0,0x2e,0xc5,0x9a,0x00,
0x5e,0x22,0xa0,0x3b,0x92,0x38,0x04,0x8b,0x2c,0x40,0xe7,0x00,0xf1,0x7d,0x39,0x4d,
0x80,0x1b,0x9d,0x4b,0x00,0xa6,0x5e,0x30,0x07,0x78,0x37,0x02,0xe9,0xac,0xb0,0x7a,
0x29,0x55,0x00,0xb0,0x47,0x30,0x0b,0x09,0xb0,0x00,0x00,0x06,0x50,0x00,0x14,0x74,
0x40,0x05,0x69,0x3b,0x00,0xa2,0xa1,0xb0,0x0c,0x0c,0x0b,0x03,0x50,0xc0,0xa0,0x02,
0x1c,0x00,0x00,0x2d,0x70,0x00,0x00,0x4d,0xbc,0x90,0x06,0x50,0x29,0x00,0x8c,0xbc,
0x70,0x0a,0x1a,0x10,0x00,0xa0,0x74,0x00,0x29,0x02,0xa0,0x0b,0x20,0x0a,0x50,0x20,
0x00,0x02,0x0a,0xaa,0xac,0x00,0xb6,0x66,0xc0,0x0c,0x57,0x96,0x00,0xb8,0xd7,0x20,
0x1a,0xae,0xa3,0x04,0x95,0xd8,0x70,0x86,0x5c,0x25,0x0a,0x00,0x8b,0x60,0x06,0xcb,
0xbd,0x00,0x79,0x66,0xd0,0x09,0x65,0x54,0x00,0xab,0xbb,0xd0,0x0b,0x88,0x5c,0x00,
0xbc,0xa7,0xc0,0x47,0x60,0x2c,0x09,0x20,0x3d,0x60,0xf2,0x13,0xf3,0x0a,0xba,0xad,
0x10,0x88,0x66,0xc0,0x0a,0x67,0x57,0x00,0xb8,0xdc,0xa0,0x0b,0x18,0x90,0x00,0xbc,
0xce,0x90,0x56,0xa1,0xa0,0x09,0x47,0x1d,0x06,0xf0,0x0c,0xbb,0xbb,0xb0,0x0c,0xbb,
0xbc,0x00,0xb3,0x26,0x00,0x0d,0xca,0xd4,0x03,0xdc,0xad,0x50,0x66,0xa9,0x64,0x0a,
0x5c,0x7d,0x10,0x75,0x40,0x34,0x1f,0x00,0xf0,0x10,0x34,0x2d,0x70,0x08,0x6c,0x5a,
0x02,0xca,0x7f,0x40,0x4c,0xa7,0x68,0x15,0xa8,0x9e,0x80,0x7a,0x88,0xd5,0x06,0x77,
0xac,0x70,0x00,0x03,0x70,0x00,0x06,0xbf,0xbb,0x34,0x03,0x00,0x4e,0x15,0x00,0x57,
0x03,0x14,0x2a,0x9c,0x16,0x43,0x05,0xbd,0xdb,0x50,0x40,0x05,0x10,0x0a,0x2d,0x08,
0xf0,0x04,0x10,0x00,0x01,0xeb,0xb5,0x00,0x92,0xb1,0x00,0x49,0x0c,0x00,0x06,0x00,
0xc0,0x00,0x0b,0xbe,0xb7,0xb4,0x11,0xf0,0x19,0x00,0x2a,0x5a,0x50,0x03,0x6c,0x66,
0x00,0x5b,0xda,0x70,0x08,0xba,0x87,0x00,0x4b,0x33,0x20,0x09,0xbe,0xb4,0x07,0x50,
0xb0,0x00,0x19,0xbe,0xb6,0x00,0x7b,0xbb,0xa1,0x00,0x0b,0x83,0x02,0x9a,0xbb,0xb5,
0xb0,0x7d,0x16,0xf0,0x0e,0xb1,0x05,0x84,0xcc,0x90,0x00,0x26,0x00,0x00,0x8e,0xaa,
0xa2,0x02,0xa8,0x10,0x01,0xdc,0xea,0xa0,0x38,0x4b,0x0a,0x00,0x82,0xb1,0x90,0x06,
0x0b,0x83,0x96,0x08,0x01,0x76,0x02,0xf0,0x08,0x79,0x60,0x04,0xaa,0xb7,0x00,0x76,
0xa4,0x70,0x06,0xd8,0x55,0x01,0xcc,0xea,0x50,0x68,0x4b,0x19,0x00,0x63,0xba,0x40,
0xdb,0x02,0xf0,0x09,0x05,0xcb,0x7b,0x20,0x6b,0xc8,0x92,0x0a,0xab,0xaa,0x00,0x70,
0x70,0x70,0x08,0xae,0xb7,0x00,0xa1,0xa3,0x70,0x08,0x2a,0xb2,0xc8,0x00,0xf1,0x0c,
0x01,0x80,0x77,0x10,0xbc,0x09,0x41,0x0c,0xcb,0xbd,0x02,0xcb,0xa8,0xa0,0x4c,0xaa,
0xaa,0x05,0xb9,0x9b,0x80,0x39,0x3a,0xa3,0x00,0x94,0x41,0x50,0x0c,0xf0,0x72,0x03,
0x6b,0x36,0x00,0xda,0xaa,0xc1,0x07,0xb9,0xb6,0x10,0x3b,0x9b,0x10,0x09,0xad,0x93,
0x00,0x93,0x82,0x70,0x28,0x48,0xc3,0x00,0x05,0x50,0x00,0x01,0x89,0xbc,0x20,0xcd,
0xb7,0xa2,0x1c,0xc9,0x89,0x02,0xcb,0x79,0x70,0x4c,0x9b,0x6a,0x05,0xb8,0xb5,0xa0,
0x39,0x4c,0x89,0x00,0x91,0xda,0x70,0x02,0x76,0xaa,0x30,0xcc,0x59,0x80,0x0c,0xb9,
0x1a,0x02,0xca,0x7a,0x70,0x4c,0x9c,0xcb,0x05,0xba,0xcc,0xb0,0x49,0x77,0x79,0x00,
0x85,0xcc,0x90,0x08,0xd9,0xd9,0x20,0x4c,0x8c,0x40,0x07,0x98,0xa6,0x00,0x5a,0xa9,
0x30,0x2c,0xdb,0xd7,0x03,0xea,0xcd,0x70,0x09,0x39,0xa0,0x00,0x45,0x94,0x00,0x08,
0xbe,0xbb,0x20,0x53,0xb1,0x70,0x03,0x7b,0x74,0x00,0x24,0xc5,0x20,0x39,0xad,0x99,
0xbe,0x10,0x21,0x00,0x46,0x40,0x02,0x01,0x89,0x0e,0xf1,0x23,0x83,0x06,0xcb,0xea,
0x00,0xb0,0xc0,0x00,0xb0,0xb0,0x1b,0xeb,0xe9,0x05,0x62,0x90,0x0c,0x14,0x70,0x47,
0x05,0x60,0x04,0x8a,0xb8,0x10,0x97,0xaa,0x60,0x0a,0x14,0x86,0x00,0xb0,0xaa,0x00,
0x0b,0x8b,0xcc,0x02,0x90,0x57,0x90,0x65,0x47,0x40,0x09,0x09,0xc0,0x00,0x82,0x0b,
0xf1,0x0b,0xba,0xaa,0xa0,0x00,0xb0,0x60,0x20,0x00,0xb8,0xa4,0x70,0x01,0xaa,0xa8,
0x30,0x04,0x7a,0x5b,0x00,0x08,0x37,0x29,0x00,0x0c,0x7b,0xdc,0x58,0x00,0xf0,0x0d,
0x04,0x7b,0xa7,0x20,0xa3,0x64,0x50,0x0b,0xbc,0xcb,0x00,0xb5,0xab,0x20,0x0b,0xaa,
0xa3,0x04,0x76,0x7b,0x10,0x84,0x7c,0xa2,0x04,0x33,0x02,0x30,0x78,0x05,0xf2,0x0a,
0x9d,0x8c,0xa0,0x04,0x70,0x82,0x00,0xd7,0x9a,0x90,0x02,0xaa,0xa0,0x02,0xa9,0xaa,
0x00,0x0e,0x4d,0xd8,0x01,0xe5,0x00,0x10,0x73,0x43,0x15,0xf1,0x0d,0x08,0x96,0xd8,
0x00,0x2a,0x5c,0xb1,0x0a,0x45,0xcc,0x10,0x89,0xac,0x70,0x19,0x8a,0xb5,0x00,0xe6,
0xbb,0x70,0x1d,0x44,0x22,0x07,0x17,0xbb,0x90,0x40,0x12,0x50,0xec,0xec,0x00,0x0b,
0x0a,0x92,0x0f,0xf1,0x03,0x02,0xbe,0xbe,0xb0,0x02,0x90,0xb0,0x00,0x75,0x0b,0x00,
0x0d,0x01,0x90,0x06,0x50,0x38,0x00,0xaa,0x02,0xf0,0x0a,0xca,0xaa,0x00,0x8a,0x88,
0xa0,0x09,0x53,0x35,0x00,0x2b,0xbb,0x70,0x00,0x80,0x80,0x05,0xbe,0xbe,0x90,0x08,
0x51,0x90,0x07,0x70,0x20,0x00,0x50,0xb8,0x00,0xbb,0xce,0xc4,0x52,0x02,0xf1,0xc1,
0xbc,0x8a,0x00,0x03,0x81,0xa0,0x00,0x56,0x1b,0x21,0x2a,0xe7,0xc7,0x33,0x40,0x06,
0xd0,0x08,0xbd,0x0b,0x00,0x0b,0x0b,0x08,0xbd,0x1a,0x0b,0x00,0x29,0x0c,0xb9,0x47,
0x00,0x0b,0x56,0x07,0x29,0x64,0x0a,0xc3,0x83,0x08,0xc7,0xad,0x10,0x38,0x64,0xb0,
0x0b,0x65,0xa6,0x00,0xea,0x7c,0x80,0x05,0x84,0x4a,0x00,0x7e,0x1b,0xc0,0x37,0xa6,
0x4a,0x00,0xb9,0x4c,0x50,0x00,0x01,0x01,0x00,0x9b,0x68,0xb0,0x00,0xab,0xcc,0x10,
0xaa,0xdd,0xd0,0x09,0x1a,0xaa,0x02,0xb7,0x8c,0x60,0x03,0xab,0xd8,0x04,0x55,0x37,
0x00,0x5c,0x15,0x50,0x00,0x09,0xb8,0xac,0x00,0xa9,0x7b,0x0a,0xa4,0xc4,0x19,0x0b,
0xcb,0x2a,0x9c,0xdb,0x03,0x72,0x81,0x34,0x53,0x89,0x5d,0x7c,0x99,0x03,0xa7,0xbb,
0x00,0xab,0x00,0x91,0x19,0xb0,0x0b,0x03,0x7b,0x7b,0xd0,0x48,0x90,0x0b,0x01,0x75,
0x00,0xa0,0x0c,0x4b,0xb9,0x03,0x50,0x00,0x00,0x06,0x0a,0x16,0x00,0x73,0xb2,0xb0,
0x01,0x1b,0x12,0x00,0x9b,0xbb,0xa0,0x00,0x11,0x2a,0x00,0x79,0x9b,0x90,0x00,0x00,
0x47,0x04,0xbb,0xbc,0x60,0x04,0xbb,0xc6,0x00,0x39,0x9b,0x60,0x29,0x99,0xbb,0x00,
0x61,0xb1,0x50,0x06,0x6e,0x95,0x00,0x36,0xda,0x00,0x79,0x48,0x6a,0x00,0x4d,0x40,
0x65,0x12,0xf2,0x0b,0xad,0xe1,0xb1,0x05,0x68,0x95,0x00,0x76,0x71,0x91,0x2e,0xdc,
0x68,0x00,0xa6,0x59,0x10,0x0a,0x72,0x1c,0x05,0x69,0x1b,0x30,0x80,0xa5,0xe6,0x0a,
0xf0,0x0c,0x98,0xb0,0xb0,0x0a,0x8b,0x94,0x00,0x6d,0x51,0x80,0x1a,0xa8,0x77,0x00,
0xb8,0x88,0x10,0x0a,0xc4,0x29,0x03,0x9a,0x5b,0x20,0x6b,0x39,0x40,0x4a,0x03,0xf1,
0x24,0x03,0x99,0xbc,0x1b,0x30,0x76,0x03,0xa9,0xb6,0x2e,0x75,0x07,0x2b,0x5b,0xc7,
0x0a,0x04,0x60,0x0b,0x05,0x50,0x0b,0x9d,0xc6,0x03,0x60,0xa0,0x01,0xb2,0xbe,0xb1,
0x06,0x97,0xd7,0x02,0xe1,0x24,0x70,0x3c,0x5b,0xcb,0x00,0xb1,0x96,0x40,0x0a,0x05,
0x82,0x02,0x91,0xba,0x81,0x03,0xf4,0x0c,0x39,0xca,0xd1,0x0b,0x2c,0x5c,0x00,0x39,
0xc5,0xc0,0x1e,0x4d,0xbc,0x02,0xc4,0x7a,0x60,0x0a,0x55,0xc6,0x00,0xa6,0x98,0x50,
0x0a,0xa5,0x1b,0x5d,0x0b,0xf3,0x0b,0x47,0x9b,0xa0,0x1a,0x3a,0xb7,0x00,0x6a,0x7b,
0x30,0x2e,0x7b,0xaa,0x03,0xb9,0xa8,0xa0,0x0a,0xaa,0x99,0x00,0xaa,0xa3,0x80,0x2b,
0x8c,0x0a,0x10,0xf1,0x0e,0x01,0x00,0x86,0x95,0x80,0x1a,0x7a,0xad,0x30,0x88,0x9b,
0xb0,0x3c,0x88,0xc9,0x03,0xaa,0x98,0x80,0x09,0x89,0x84,0x02,0x98,0xdc,0x80,0x4a,
0x26,0x29,0x3e,0x03,0xf4,0x0c,0x85,0xc5,0x11,0xb3,0x7c,0x61,0x06,0xbd,0xcc,0x02,
0xd7,0xbb,0xa0,0x3b,0x8b,0xba,0x00,0xa5,0x62,0x30,0x0a,0xc8,0x69,0x02,0xa4,0xba,
0x60,0xe2,0x1a,0xf0,0x1d,0x2b,0x10,0x05,0xb7,0x62,0x0b,0xb3,0x87,0x0b,0xb0,0x0a,
0x47,0xa0,0x5b,0x93,0xa1,0xab,0x10,0xbc,0x32,0x00,0x16,0x03,0x00,0x2a,0x68,0x04,
0xb1,0xa2,0x0b,0xb2,0xa4,0x1a,0xbb,0x1a,0x46,0xf5,0x5a,0x1b,0xa1,0xab,0x73,0xbc,
0x30,0x5a,0x0e,0x30,0xab,0xeb,0xb1,0xd5,0x03,0xf3,0x1c,0x9b,0xbb,0x70,0x01,0x26,
0x00,0x01,0xa7,0xa3,0x70,0x66,0x90,0xaa,0x05,0x0a,0xc4,0x60,0x04,0x51,0x90,0x00,
0x95,0xcd,0xa0,0x4c,0x85,0x6a,0x07,0xa7,0xcb,0xd0,0x0a,0x1c,0xb1,0x00,0xa1,0xab,
0x00,0x0a,0x94,0x84,0x00,0xba,0x0a,0x18,0xf1,0x08,0x90,0x00,0x06,0xcd,0xca,0x1b,
0x87,0x69,0x07,0x8b,0x57,0x03,0x63,0x81,0x28,0x58,0x34,0x77,0x82,0x89,0x60,0xbc,
0x36,0x4d,0x00,0xf1,0x08,0xfb,0xb1,0x00,0x7a,0x60,0x00,0x5e,0x2a,0x30,0x29,0x14,
0x18,0x02,0x75,0x92,0x40,0x67,0x82,0x8a,0x05,0x0b,0xc3,0x60,0xa3,0x00,0xf1,0x0b,
0x56,0x10,0x0a,0xea,0xbb,0x00,0x46,0x66,0x30,0x09,0x54,0x86,0x00,0x9a,0xab,0x30,
0x15,0x57,0x13,0x06,0x87,0x48,0x90,0x60,0xbb,0x46,0x57,0x00,0xf0,0x08,0xc5,0x40,
0x0b,0x66,0xb0,0x08,0xaa,0xb7,0x05,0x99,0xb7,0x0a,0xaa,0xb5,0x14,0x45,0x12,0x69,
0x65,0x89,0x61,0xbc,0x47,0x64,0x01,0xf2,0x23,0xb0,0xa2,0x05,0xcb,0xe3,0x09,0x20,
0x46,0x0b,0xaa,0xc4,0x01,0x34,0x10,0x39,0x79,0x37,0x76,0x91,0xaa,0x50,0xbc,0x36,
0x04,0x59,0x00,0x00,0x88,0xeb,0xb1,0x3d,0x9c,0x82,0x06,0xb5,0xea,0x80,0x3a,0x95,
0xe5,0x00,0xba,0x4e,0x00,0x0a,0x2b,0x64,0x00,0xa7,0x30,0x10,0x07,0xf1,0x3c,0x2a,
0x30,0x05,0xa8,0x97,0x07,0xa9,0xb6,0x09,0x98,0xb4,0x07,0xaa,0xa1,0x25,0x57,0x23,
0x77,0x64,0x89,0x60,0xbb,0x36,0x01,0xda,0xa8,0x03,0xc9,0xa8,0x04,0xc9,0xb6,0x1c,
0xca,0xcb,0x03,0x91,0x91,0x09,0x98,0x76,0x59,0x67,0x58,0x62,0xbb,0x47,0x05,0x78,
0xd8,0x10,0xa5,0xad,0x80,0x4d,0xa9,0xc9,0x08,0xa3,0xaa,0x40,0x0a,0x5a,0x88,0x00,
0xa7,0xaa,0x70,0x0a,0x92,0x55,0x01,0x9a,0x6c,0x10,0x7e,0x03,0xf0,0x5c,0xad,0xa9,
0x02,0x7d,0x7d,0x82,0x05,0xaa,0xa3,0x00,0x88,0x6a,0x40,0x09,0x66,0xb2,0x00,0x7b,
0xb9,0x10,0x5a,0x67,0x68,0x06,0x1b,0xb3,0x70,0x06,0xaa,0xdd,0x20,0xa7,0x8a,0x50,
0x0a,0x97,0xb9,0x01,0x9b,0xad,0x81,0x73,0x39,0xab,0x02,0x65,0x82,0x40,0x78,0x74,
0x8a,0x06,0x0b,0xb3,0x70,0x05,0x6d,0xbb,0x1b,0x8c,0xbb,0x4d,0x8b,0xb8,0x7a,0xa9,
0x9b,0x19,0x7a,0xa8,0x09,0xcb,0xb9,0x09,0x1c,0xb1,0x1a,0xa7,0xa7,0x06,0xa1,0xa8,
0x00,0x07,0x3b,0x60,0x09,0xa8,0xd6,0x00,0x5c,0x19,0x70,0x03,0xa1,0xd5,0x00,0x9b,
0x1c,0x20,0x3a,0x4a,0x88,0x01,0x13,0x59,0x70,0x1b,0x1d,0xf2,0x09,0x3b,0xbe,0xc2,
0x06,0x40,0xa0,0x00,0x7b,0x7a,0xa0,0x0a,0x29,0xda,0x00,0xa2,0x7e,0x30,0x19,0x4b,
0xe7,0x37,0x6c,0x36,0xd0,0x35,0x02,0xf1,0x27,0xb8,0x00,0x89,0x9d,0xa3,0x05,0xa4,
0xa1,0x00,0xa2,0x8a,0xa0,0x0b,0xb6,0xe7,0x00,0x04,0x3e,0x31,0x3b,0x9d,0xd7,0x20,
0x06,0x45,0xd0,0x03,0xb4,0x97,0x00,0x3c,0x4a,0x50,0x1b,0xba,0xea,0x10,0xcc,0x4a,
0x80,0x6c,0xd4,0xd9,0x02,0xbc,0x3f,0x80,0x4b,0xc7,0xb9,0x04,0x30,0x8a,0x60,0x97,
0x1d,0xf1,0x0b,0x59,0xc0,0x0b,0x06,0x60,0x00,0xdd,0x8c,0xb0,0x09,0x99,0x56,0x03,
0xdd,0xa6,0x50,0x54,0x0a,0x73,0x08,0x14,0x79,0x20,0xa0,0x91,0xa0,0xa9,0x01,0xf4,
0x0d,0xae,0xa9,0x00,0xb1,0x11,0xb0,0x0d,0xaa,0xa9,0x01,0xba,0x7a,0x80,0x39,0x6a,
0x7a,0x05,0x67,0x96,0xa0,0x98,0x79,0x79,0x0b,0x3c,0x4c,0x50,0x00,0xc8,0x15,0x20,
0xcc,0xa0,0x44,0x02,0xa0,0x7b,0xeb,0x80,0x00,0x0c,0x00,0x04,0xbb,0xeb,0xb0,0xc1,
0x06,0xf2,0x13,0x32,0xb0,0x00,0x04,0xd5,0x00,0x00,0x00,0xa2,0x77,0x30,0x8e,0x66,
0x91,0x00,0xa0,0x56,0x00,0x1b,0x36,0x50,0x2c,0xc2,0x73,0x00,0x56,0x09,0x20,0x06,
0x52,0xa0,0x04,0xd3,0xca,0x31,0x0e,0xf2,0x3e,0x98,0xbd,0x00,0xbd,0xa1,0xb0,0x05,
0x5b,0x0b,0x00,0x78,0xb0,0xb0,0x4e,0x5b,0x0b,0x00,0xa0,0xb1,0xa0,0x0b,0x1a,0x28,
0x08,0x92,0xcb,0x60,0x04,0x45,0x40,0x0c,0x8d,0xc4,0x09,0x29,0x46,0x09,0x7c,0x54,
0x5e,0x3e,0x92,0x0a,0x49,0xd1,0x0a,0x91,0xa7,0x78,0x80,0x78,0x04,0x60,0x83,0x00,
0xcb,0xca,0xa1,0x07,0x3b,0x00,0x00,0x96,0xa0,0x00,0x4e,0x48,0x00,0x00,0xb5,0x50,
0x00,0x1b,0xa1,0x00,0x08,0x9a,0x90,0x00,0xf1,0x45,0x03,0x75,0x76,0x01,0xcc,0x12,
0xa1,0x07,0x30,0x0b,0x00,0x97,0xab,0xd0,0x5e,0x40,0x0b,0x00,0xb0,0x00,0xa0,0x7c,
0x5a,0xb9,0x08,0x90,0x11,0x00,0x03,0x55,0x85,0x00,0xca,0x74,0x60,0x06,0x8d,0xca,
0x10,0x83,0x92,0x80,0x2d,0x59,0xc4,0x01,0xa0,0xa7,0x20,0x19,0x9c,0x5b,0x07,0x72,
0x1d,0x60,0x04,0x50,0xa0,0x00,0xb8,0xad,0xa0,0x0a,0x40,0xa0,0x00,0x94,0xda,0xa0,
0x5e,0x5a,0x46,0x00,0xa0,0x6c,0x00,0x0a,0x1a,0xb1,0x08,0x8b,0x21,0x90,0xd0,0x05,
0xf3,0x0a,0x52,0xb2,0x00,0xd9,0xc7,0xc1,0x08,0x2a,0x0a,0x00,0xa7,0xda,0xb0,0x5e,
0x56,0x00,0x00,0xa6,0x30,0x00,0x1a,0xa0,0x00,0x09,0x89,0xba,0x03,0xf1,0x0c,0x98,
0xbc,0x40,0xad,0xb5,0x74,0x06,0x7b,0x3a,0x00,0x69,0xcd,0xc0,0x3e,0x6a,0x9a,0x00,
0x91,0xab,0x90,0x0a,0x19,0xb4,0x06,0xa3,0xc6,0x90,0x98,0x00,0xf2,0x27,0x60,0xb0,
0x00,0xcb,0x9e,0xa0,0x07,0x35,0x05,0x00,0x85,0xa3,0x70,0x3e,0x5a,0x73,0x01,0xb0,
0xaa,0x00,0x0a,0x03,0xa0,0x07,0x87,0xcd,0x60,0x03,0x7a,0xbb,0x20,0xdc,0xa0,0x00,
0x07,0x3c,0xa9,0x00,0x97,0xa0,0xa0,0x3d,0x3d,0xa9,0x00,0xa2,0x70,0x00,0x0a,0x46,
0x00,0x09,0x85,0xcb,0xa3,0x13,0xf1,0x28,0x4a,0x3a,0x00,0xd8,0x9a,0xa0,0x09,0x37,
0x9b,0x00,0xa7,0x60,0xa0,0x5d,0x86,0x57,0x00,0xa8,0xcc,0x90,0x0a,0x76,0x7b,0x08,
0x61,0x90,0xa0,0x05,0x56,0xa6,0x00,0xa7,0xbc,0x71,0x0a,0x59,0x84,0x00,0xa4,0xab,
0x90,0x5d,0x5f,0x58,0x00,0xaa,0x6e,0x10,0x1a,0x59,0xd1,0x08,0x77,0x62,0x80,0x3c,
0x00,0xf1,0x0c,0x6e,0xad,0x01,0xd8,0x6b,0x50,0x09,0x4b,0xa9,0x00,0xb5,0x37,0x40,
0x5d,0x4a,0xc5,0x00,0xa7,0xcd,0x80,0x3a,0x05,0x40,0x08,0x70,0x73,0x00,0xd8,0x00,
0xf2,0x27,0x50,0xb0,0x01,0xda,0x7b,0x30,0x08,0x6b,0x4d,0x10,0xa6,0x57,0x40,0x6d,
0x4b,0xb4,0x00,0xa4,0x62,0x80,0x0a,0x64,0x46,0x08,0x77,0xcc,0x40,0x04,0x51,0xa1,
0x01,0xc9,0x8d,0x80,0x07,0x58,0xd8,0x10,0xa6,0x25,0x60,0x5d,0x6a,0xcb,0x00,0xa1,
0x97,0x30,0x1a,0x05,0x91,0x08,0x70,0xbb,0x6c,0x01,0xf4,0x43,0x69,0x05,0x00,0x98,
0xcb,0x50,0x0a,0x6c,0x18,0x00,0x84,0x6b,0x50,0x4e,0x7c,0x8a,0x00,0xa3,0xc9,0xa0,
0x1a,0x45,0x18,0x07,0x85,0xcb,0x70,0x05,0x50,0x91,0x00,0x97,0xda,0xc2,0x0b,0x76,
0x54,0x10,0xa7,0xdc,0xd1,0x5d,0x4b,0x55,0x00,0xa1,0xcb,0x00,0x1a,0x0a,0xc2,0x08,
0x7a,0x41,0x90,0x05,0x6d,0xaa,0x10,0xb9,0x99,0x70,0x0b,0x86,0x32,0x00,0xa8,0xee,
0xa0,0x4d,0xca,0x95,0x00,0x9a,0x98,0x30,0x0a,0xaa,0x83,0x08,0x98,0xb5,0x33,0x14,
0xf0,0x09,0x05,0x44,0xa2,0x0c,0x8b,0x86,0x09,0x3d,0xda,0x0b,0x87,0x89,0x4d,0xad,
0xdc,0x0a,0x0a,0x90,0x2a,0x49,0xa0,0xa7,0xa0,0x47,0xdb,0x06,0xf1,0x0c,0x4d,0xac,
0x10,0xd9,0xb5,0xb1,0x09,0x3a,0xc5,0x00,0xb8,0xce,0x90,0x5d,0x73,0xa0,0x00,0xa9,
0xa9,0x90,0x0a,0xaa,0x09,0x0a,0x97,0xba,0x70,0xd2,0x00,0xf2,0x0b,0x79,0xd9,0x20,
0xc8,0x6c,0x40,0x09,0x36,0xbb,0x00,0x95,0xac,0xd2,0x4e,0x5b,0xc7,0x00,0xa6,0x8b,
0x40,0x1a,0xbc,0x30,0x07,0xa7,0xab,0x12,0x01,0xf2,0x0b,0x45,0x87,0x00,0xb8,0xd8,
0xd2,0x0a,0x29,0x84,0x00,0xa6,0xe8,0xb0,0x4d,0x3b,0x91,0x00,0xa7,0xba,0x90,0x3a,
0x57,0xa0,0x0a,0x6a,0x1a,0x7b,0x00,0xf2,0x0b,0x49,0xd9,0x10,0xd7,0x71,0x60,0x0a,
0x6d,0xbc,0x10,0xb4,0x54,0x00,0x5d,0x6e,0xcc,0x00,0xa3,0x99,0x20,0x1a,0x1c,0xc0,
0x08,0x6a,0x86,0x60,0x00,0xf1,0x0b,0x64,0xb3,0x00,0xcb,0xa4,0xa2,0x08,0x29,0x58,
0x00,0xa5,0x60,0x70,0x4e,0x4b,0xc7,0x00,0xa0,0x38,0x00,0x0a,0x04,0x60,0x08,0x78,
0xcd,0xbe,0x00,0xf2,0x44,0x55,0x78,0x20,0x0b,0x7d,0xba,0x00,0x9a,0xa9,0x00,0x0a,
0x8d,0xd7,0x04,0xe6,0x9b,0x20,0x0a,0x48,0xb2,0x05,0xa6,0xbd,0x60,0x77,0x72,0x00,
0x00,0x05,0x58,0x6b,0x10,0xc8,0xb7,0xb1,0x09,0x3a,0xa8,0x00,0xca,0x69,0xb0,0x3c,
0x6b,0xcc,0x00,0xa7,0x66,0xb0,0x1a,0x96,0x5a,0x09,0x69,0xbb,0x80,0x04,0x69,0x9c,
0x00,0xdb,0xa9,0xc0,0x07,0x2b,0x9a,0x00,0x97,0x99,0x90,0x4e,0x34,0xa1,0x00,0xa6,
0x6c,0x50,0x1a,0xa9,0x60,0x08,0x99,0xab,0x82,0x02,0xf3,0x0b,0x67,0x9a,0x10,0x97,
0x3a,0x00,0x0a,0x7a,0xea,0x20,0xa6,0x4a,0x40,0x3d,0x56,0xab,0x00,0xa6,0x9b,0xc0,
0x0a,0x74,0x6a,0x07,0x89,0xcc,0x99,0x1d,0xf1,0x0e,0x13,0x00,0x65,0xb9,0x71,0x0a,
0x57,0x89,0x00,0xb5,0xbb,0x90,0x0a,0x6c,0x98,0x04,0xd2,0xda,0x40,0x0a,0x4e,0x57,
0x01,0xaa,0x5e,0x00,0x88,0x7a,0x87,0x43,0x00,0xf4,0x0c,0x59,0x9b,0x10,0xb9,0xba,
0xc0,0x07,0x5a,0xbb,0x00,0x95,0x5b,0x40,0x4e,0x6d,0xb9,0x00,0xa0,0xb9,0x40,0x1a,
0x0a,0xc0,0x07,0x8a,0x66,0x80,0xd1,0x03,0xf2,0x28,0x57,0x9a,0xa1,0x0d,0x87,0x89,
0x00,0x91,0x72,0x60,0x0a,0x7a,0xd7,0x04,0xe8,0xad,0xa0,0x0a,0x02,0x80,0x00,0xa7,
0x67,0xa0,0x86,0x8c,0xc9,0x00,0x05,0x66,0xc6,0x10,0xc8,0x99,0x70,0x09,0x6b,0xad,
0x00,0xa8,0x8c,0xa0,0x4d,0xa9,0xc9,0x00,0xa9,0xaa,0x90,0x3a,0x91,0x19,0x07,0x79,
0x2c,0x20,0x0b,0xf1,0x0b,0x7c,0xbc,0x10,0xd8,0x84,0x50,0x09,0x3c,0x8b,0x00,0xb6,
0xb9,0xa0,0x4d,0x5b,0xb5,0x00,0xa7,0xdd,0x70,0x2a,0x39,0xa1,0x0a,0x7a,0x02,0x60,
0x00,0xf0,0x25,0x54,0xad,0xd0,0x0c,0x69,0xa8,0x00,0xb5,0xcf,0xb0,0x0a,0x48,0xa9,
0x05,0xe7,0x8a,0x60,0x0a,0x7b,0xb9,0x02,0xa9,0x65,0x70,0x87,0x9b,0xb5,0x00,0x05,
0x4b,0x9a,0x0c,0x8a,0xa8,0x09,0x5a,0x89,0x0a,0x8a,0x89,0x3d,0xab,0xc9,0x0a,0x1d,
0xc1,0x2b,0xb8,0x59,0x97,0x38,0x13,0x57,0x00,0xf3,0x0d,0x47,0xd7,0x00,0xd7,0xa7,
0x81,0x0a,0x6d,0x8a,0x00,0xb5,0xb9,0x90,0x4c,0x79,0x98,0x00,0xa3,0x57,0x10,0x29,
0xa6,0x77,0x09,0x66,0xc1,0x60,0x00,0xa7,0x0e,0x13,0xbb,0xc5,0x06,0xf5,0x1c,0xbd,
0x50,0x04,0x70,0xc0,0x00,0x0a,0xb4,0x00,0x16,0xcb,0x81,0x06,0x50,0x04,0x60,0x00,
0x73,0x90,0x00,0xa9,0x5d,0xd2,0x0a,0xaa,0x3b,0x00,0xab,0xd6,0x80,0x28,0xb3,0xe3,
0x05,0xeb,0x1e,0x00,0x33,0x9a,0xb4,0x00,0x3d,0x70,0x6f,0x1e,0xf6,0x27,0x76,0x19,
0x00,0x02,0xb6,0xcc,0x10,0x0b,0xd6,0x70,0x1d,0xcb,0xa4,0x03,0x70,0x3d,0x00,0x58,
0x67,0xc0,0x08,0xa8,0xa7,0x60,0x10,0x70,0x05,0x00,0x01,0xb0,0x90,0x00,0xda,0x9d,
0xd4,0x0a,0x1a,0x5a,0x00,0xbc,0xc7,0x80,0x0a,0x84,0xd4,0x01,0x9a,0x0e,0x00,0x65,
0xa8,0xb4,0x09,0x8b,0x40,0x00,0xf1,0x0c,0x19,0x0a,0x00,0x0b,0xd6,0xce,0x10,0x46,
0x83,0xa0,0x06,0x5e,0x77,0x02,0xcc,0x3d,0x20,0x46,0xa1,0xd0,0x05,0xba,0xaa,0x30,
0x72,0x55,0x19,0xe7,0x04,0xf1,0x0b,0xb2,0x72,0x00,0x99,0x6b,0xd2,0x0b,0x39,0x9a,
0x03,0x75,0x99,0xa0,0x08,0xc0,0xd5,0x00,0x5c,0x0d,0x10,0x2b,0x68,0x97,0x03,0x10,
0x60,0xdf,0x03,0xf1,0x29,0x58,0x46,0x20,0x1b,0x55,0xbc,0x21,0xcb,0x9a,0xa0,0x0a,
0x9b,0xaa,0x04,0xdc,0x8c,0x60,0x39,0xb3,0xb2,0x03,0x9d,0x7d,0x50,0x0b,0xa8,0x07,
0x00,0x00,0xa7,0x80,0x01,0xbe,0x9c,0xd1,0x15,0x97,0x8a,0x00,0xab,0xb9,0x80,0x09,
0xc6,0xe4,0x06,0xcb,0x3d,0x00,0x67,0x48,0xd3,0x05,0xc1,0xa1,0x80,0x5c,0x00,0xf1,
0x0c,0xb5,0x63,0x00,0x4b,0x9b,0xc4,0x09,0xea,0xaa,0x00,0xae,0x8a,0xa0,0x2a,0xb1,
0xd7,0x01,0x8e,0x5c,0x10,0x15,0x85,0xc6,0x02,0xd5,0xa0,0xa0,0xaa,0x06,0xf2,0x0a,
0xa7,0x72,0x00,0x9d,0x8c,0xc2,0x07,0xe9,0x9a,0x01,0x66,0x5a,0x90,0x1d,0xc4,0xd5,
0x01,0xca,0x1c,0x10,0x0b,0xc7,0x97,0x05,0x30,0x7c,0x00,0xf0,0x0d,0x7d,0x6b,0x91,
0x0b,0xdb,0xaa,0x00,0xbd,0x8b,0x60,0x2b,0xc6,0xa9,0x00,0x89,0x88,0x30,0x06,0x7f,
0xf3,0x00,0x84,0x70,0x00,0x6d,0xbc,0xa5,0x00,0xf2,0x12,0xf1,0x09,0xce,0xbd,0xc1,
0x00,0xb0,0xb1,0x00,0x0b,0x49,0x00,0x00,0x4f,0x10,0x00,0x0a,0xd4,0x00,0x2c,0x60,
0xc4,0x05,0x30,0x01,0x50,0x92,0x21,0xf2,0x0b,0x24,0xa0,0x08,0x97,0x9a,0x02,0xda,
0x81,0xa0,0x01,0x83,0x7a,0x02,0xbc,0x45,0xa0,0x2a,0xb9,0xcc,0x08,0x78,0x45,0x50,
0x1c,0x10,0x63,0x98,0x06,0xf1,0x0b,0x88,0xa3,0x0a,0xdb,0xa0,0x00,0xcc,0x9d,0x93,
0x18,0xd4,0x9b,0x02,0xdc,0xb7,0xa0,0x49,0x98,0x4a,0x06,0xbc,0xd2,0x80,0x00,0x19,
0x37,0x59,0x18,0xf1,0x0c,0x75,0x7a,0x20,0xca,0x69,0x00,0x0b,0xc3,0xda,0x10,0xcd,
0x47,0x80,0x09,0x96,0x67,0x04,0xbb,0xb5,0x50,0x37,0x99,0x64,0x08,0x13,0x77,0x20,
0x7e,0x06,0xf4,0x0c,0xd7,0x68,0x20,0x74,0x39,0x00,0x1c,0xd8,0xc8,0x20,0x4a,0x49,
0xc1,0x2b,0xc9,0x5a,0x03,0xaa,0xa4,0x80,0x97,0x6d,0x37,0x02,0xd2,0x85,0x50,0xf6,
0x01,0xf2,0x07,0xbe,0xcc,0xc1,0x00,0xa3,0x10,0x00,0x0c,0x9b,0x60,0x00,0xa0,0x65,
0x00,0x66,0x08,0x30,0x0c,0x11,0xa0,0x07,0x41,0x03,0x1e,0xf1,0x0c,0x46,0x29,0x10,
0x2e,0xbb,0xaa,0x20,0xc5,0x7b,0xa0,0x0a,0xa6,0x98,0x01,0x8a,0x9c,0x50,0x37,0x99,
0xa0,0x07,0x6a,0xd9,0x00,0x9c,0x96,0xb7,0xac,0x02,0x20,0xbe,0xb9,0x70,0x0d,0x00,
0xc0,0x10,0x00,0x30,0x1d,0xc1,0x5c,0x10,0x00,0x0b,0xc0,0x00,0x08,0x7b,0x09,0x07,
0x70,0x8c,0x55,0x02,0xf1,0x89,0x3d,0xbb,0xa5,0x60,0x1b,0x65,0x02,0x98,0xca,0xb7,
0x91,0x06,0x6b,0x00,0x74,0xc0,0x08,0x3e,0xcc,0xe1,0x09,0xa0,0x0b,0x00,0xaa,0x68,
0xd2,0x09,0xa5,0x5b,0x01,0xdb,0xa3,0x90,0x37,0xa7,0x77,0x04,0x78,0x16,0x50,0x6c,
0x56,0x74,0x04,0x10,0xac,0x00,0x09,0xa7,0xcd,0x10,0xaa,0x92,0xa1,0x0d,0xda,0x9e,
0x02,0x8a,0xb0,0xb0,0x36,0xae,0xcc,0x05,0xc9,0x80,0xa0,0x00,0x87,0x59,0x00,0x09,
0x2d,0x40,0x07,0xba,0xa9,0x09,0xa9,0x99,0x0b,0xaa,0xb7,0x05,0x06,0x00,0x2c,0xae,
0xa5,0x18,0xae,0xa3,0x00,0x28,0x00,0x5a,0xbd,0xa6,0x05,0x40,0xa0,0x0a,0xad,0xeb,
0x09,0xa9,0xaa,0x1e,0xa9,0x8a,0x2a,0xcc,0xda,0x4a,0x4a,0xa0,0x6c,0x87,0x73,0x21,
0x80,0x07,0x01,0xda,0xb6,0x00,0x3c,0x9b,0x60,0x05,0xca,0xc5,0x01,0x99,0x99,0x90,
0x07,0x3b,0x21,0x00,0xc3,0xda,0x30,0x3b,0xc7,0x00,0x09,0x16,0xcb,0x80,0xc8,0x03,
0xf5,0xcb,0xca,0xaa,0x06,0xb8,0x8a,0x07,0x52,0x39,0x05,0xaa,0xa5,0x03,0x74,0x33,
0x0a,0xa7,0x76,0x08,0xa9,0x91,0x6b,0xee,0xb7,0x00,0x30,0x20,0x00,0x6d,0x8d,0x90,
0x06,0x77,0x96,0x00,0x59,0x68,0x50,0x1a,0xba,0xba,0x00,0x99,0x9b,0x20,0x0c,0x99,
0xc4,0x00,0xb0,0x09,0x20,0x0e,0xaa,0xd1,0x00,0x05,0xb9,0x99,0x07,0xa8,0x99,0x05,
0x9d,0x95,0x1a,0xaa,0xa9,0x0a,0x99,0xc2,0x08,0xab,0xa1,0x0a,0x37,0xa0,0x55,0xc3,
0x54,0x01,0x20,0x03,0x00,0xca,0x7c,0x70,0x0d,0xd7,0xb8,0x10,0x5d,0x95,0x90,0x16,
0x8a,0x37,0x00,0x9a,0xaa,0x30,0x0c,0x33,0x76,0x01,0xd9,0x9c,0x40,0x2d,0xaa,0xd3,
0x00,0x00,0x46,0xa0,0x09,0xdd,0xe9,0x0b,0x76,0x6b,0x0b,0x86,0x5b,0x0e,0xed,0xca,
0x29,0xa7,0x49,0x37,0xa9,0x47,0x5d,0xee,0xd6,0x09,0xbe,0xbb,0x10,0x5a,0xea,0x60,
0x0a,0x4c,0x3a,0x00,0xb7,0xd7,0x90,0x0a,0xbe,0xb6,0x00,0x7a,0x50,0x00,0x18,0xca,
0x51,0x05,0x40,0x16,0x50,0x03,0xc3,0x88,0x00,0x4b,0x3a,0x70,0x0b,0xd7,0xfb,0x11,
0xa7,0x86,0xa0,0x08,0x99,0xa4,0x00,0xb9,0x9c,0x50,0x0b,0x00,0x73,0x00,0xda,0xad,
0x20,0x00,0xd9,0x9a,0x00,0x1c,0x88,0xb0,0x01,0x99,0x96,0x00,0xdb,0xda,0xa2,0x0a,
0xa9,0xcb,0x00,0xbb,0x4a,0xa0,0x1d,0xc6,0xc5,0x01,0x28,0x77,0x55,0x03,0xf1,0x28,
0x34,0xc4,0x40,0x05,0xc8,0x77,0x00,0x0e,0xaa,0x40,0x08,0xd4,0x58,0x04,0x9c,0x68,
0x70,0x02,0xd9,0xc5,0x00,0x37,0x27,0x30,0x04,0x6a,0xc0,0x00,0x0b,0x87,0xdd,0x20,
0xca,0x7a,0x82,0x0b,0xb4,0xdd,0x00,0xbb,0x47,0xa0,0x0a,0xa5,0xcc,0x04,0xaa,0xb2,
0xa0,0x28,0x9b,0x1a,0x08,0x12,0x8b,0x7c,0x12,0x11,0x8b,0x82,0x11,0xf1,0x02,0x02,
0xbe,0xfc,0xa0,0x01,0xcc,0x80,0x00,0xa6,0x8a,0x10,0x95,0x47,0x2b,0x02,0x06,0x50,
0x60,0x12,0xf2,0x24,0x9b,0xeb,0xb1,0x00,0x8d,0x80,0x00,0x0a,0xba,0x00,0x08,0x5a,
0xa1,0x04,0xba,0xd8,0x90,0x51,0x37,0x06,0x00,0x04,0x60,0x00,0x00,0xa8,0xb6,0x00,
0xbd,0xa4,0x60,0x09,0x6a,0x55,0x00,0xcb,0xa7,0x30,0x2d,0x3a,0x81,0x08,0xa4,0x7a,
0x00,0x0a,0x73,0xa8,0x00,0xa9,0x09,0x5f,0x05,0xf1,0x0b,0xa7,0xdc,0x20,0xce,0x29,
0x10,0x09,0x70,0xa0,0x00,0xdb,0xbe,0xb2,0x5c,0x90,0xb0,0x07,0x82,0x0b,0x00,0x09,
0x00,0xa0,0x00,0xa0,0x19,0x48,0x13,0xf0,0x0c,0x09,0xc9,0x40,0x08,0xd3,0xb3,0x00,
0x27,0xf9,0x00,0x1b,0x66,0x7b,0x00,0xbb,0xeb,0x60,0x04,0x29,0x40,0x03,0xb3,0x88,
0x40,0x33,0xd3,0x15,0x4a,0x03,0x00,0xd8,0x12,0xf1,0x02,0x03,0x7b,0x83,0x02,0xbc,
0xec,0xb0,0x01,0xcb,0x90,0x00,0xb6,0x8b,0x10,0x97,0x46,0x4b,0x94,0x00,0xf2,0x0b,
0xa4,0x9a,0x20,0x5c,0xa1,0x00,0x08,0x8b,0xcb,0x00,0xbc,0xa9,0xa0,0x0d,0x5a,0xb9,
0x06,0xa5,0x7a,0x40,0x19,0x86,0xc8,0x00,0xa9,0x91,0x30,0x0f,0xf1,0x0c,0x7d,0xbc,
0x00,0xbb,0x94,0x80,0x0c,0x5b,0xab,0x00,0xfa,0xd2,0xb0,0x5d,0x2f,0x69,0x09,0xa5,
0x7f,0x30,0x1a,0xa5,0xe4,0x00,0xb9,0xa1,0xa0,0x03,0x19,0xf2,0x26,0xb4,0xa9,0x00,
0x86,0xb7,0xb0,0x0c,0x7b,0x8b,0x02,0x48,0x67,0x50,0x2a,0xae,0xa7,0x00,0x3d,0xd6,
0x00,0x2c,0x66,0xb4,0x05,0x26,0x51,0x60,0x03,0x6a,0xeb,0x30,0xa8,0x0a,0x00,0x0c,
0x6d,0xec,0x00,0xea,0x7c,0xa0,0x3d,0x6b,0xca,0x08,0xa7,0xb5,0xc0,0x19,0x83,0x1a,
0x00,0x9a,0xb0,0x05,0xf2,0x28,0x01,0x1b,0x11,0x00,0x8d,0xfd,0x91,0x08,0x6b,0x69,
0x00,0x5a,0xc9,0x20,0x07,0x86,0xb1,0x00,0x95,0x4c,0x00,0x06,0x99,0x80,0x06,0xaa,
0xaa,0x60,0x01,0x87,0xaa,0x00,0xab,0x00,0x00,0x0b,0x8b,0xbb,0x10,0xeb,0x1a,0x00,
0x3d,0x48,0xa9,0x09,0xa6,0x59,0x90,0x1a,0x53,0x79,0x00,0xa2,0xc3,0xbd,0x09,0xf0,
0x06,0x79,0x1a,0x00,0xba,0xab,0xc0,0x0b,0x41,0x11,0x00,0xea,0x00,0x00,0x4d,0x1b,
0xb7,0x08,0xa0,0x00,0x00,0x1a,0x28,0x01,0xf2,0x0e,0xbb,0x70,0x02,0x73,0xb4,0x10,
0xba,0x76,0x71,0x0b,0x7a,0x19,0x00,0xe9,0xd3,0xd0,0x4d,0x18,0xb3,0x09,0xa0,0x4b,
0x00,0x1a,0x1b,0xb1,0x00,0xaa,0x31,0x68,0x06,0xf1,0x05,0xa3,0x59,0x00,0xad,0x8d,
0xb1,0x08,0x60,0xb0,0x00,0xcc,0x9e,0x90,0x3c,0x40,0xa0,0x07,0x96,0xbd,0x80,0xe6,
0x24,0x12,0x56,0x02,0x25,0xf2,0x26,0x2a,0x30,0x0b,0xcb,0x5b,0x00,0xbc,0x6d,0x30,
0x0e,0x79,0xa7,0x05,0xb7,0xb9,0x81,0x8a,0x0a,0x47,0x00,0xa0,0x94,0x50,0x0a,0x1c,
0xc4,0x00,0x03,0x7c,0xaa,0x30,0xca,0xb9,0xa0,0x0b,0x3a,0x54,0x00,0xf9,0xac,0x90,
0x6d,0x37,0x81,0x06,0xa4,0x9d,0x50,0x0a,0x65,0x10,0x00,0xa7,0xff,0x07,0xf2,0x0c,
0x7b,0x0d,0x91,0x04,0xbb,0x6b,0x10,0x8b,0x1e,0x60,0x06,0x9c,0x40,0x02,0xac,0xda,
0x70,0x03,0xde,0x60,0x02,0xc6,0x7c,0x30,0x62,0x65,0x27,0xa2,0x1b,0xf2,0x44,0x0c,
0x00,0x08,0xc7,0x86,0x00,0x8a,0xd9,0xd1,0x0b,0xc1,0x21,0x00,0xd6,0x76,0xa0,0x5b,
0x48,0xa6,0x02,0x91,0x69,0x10,0x0a,0x6a,0xe8,0x00,0x03,0x7b,0xbd,0x30,0xa9,0x54,
0x60,0x0c,0x5c,0x8b,0x00,0xfa,0xc9,0xb0,0x5d,0x29,0xc6,0x08,0xa5,0xcd,0x70,0x0a,
0x1b,0xb1,0x00,0xa9,0x22,0x80,0x04,0x6b,0xbc,0x10,0xc9,0xa8,0x90,0x0c,0x47,0xc7,
0x00,0xf9,0xbd,0xa0,0x5b,0x5b,0xba,0x07,0x96,0xcc,0x90,0x09,0x06,0x50,0x00,0x97,
0x33,0x80,0xf1,0x0f,0xf1,0x26,0xc9,0x00,0xc9,0xd5,0xc3,0x0c,0x6d,0xad,0x20,0xf8,
0x88,0x52,0x5c,0x38,0x49,0x08,0x92,0xaa,0x40,0x09,0x09,0x80,0x00,0x98,0xcd,0x70,
0x07,0x09,0x00,0x00,0xc3,0xdb,0xd0,0x05,0xa7,0x5b,0x00,0x08,0x56,0x50,0x0b,0x19,
0x70,0x02,0xa1,0xbb,0x00,0xa4,0xb3,0x77,0x02,0x44,0x00,0xb4,0x00,0xf0,0x1e,0x88,
0x69,0x00,0x2a,0x67,0xcd,0x03,0xcc,0xa7,0xb0,0x56,0xa4,0xa3,0x07,0x9b,0x1d,0x00,
0x99,0x76,0xc1,0x0a,0xa9,0xb3,0x80,0x00,0x22,0x04,0x00,0x00,0x04,0x60,0x01,0x46,
0x40,0x03,0x87,0xc9,0x05,0x69,0x10,0x07,0x4b,0x00,0x08,0x2b,0x73,0x21,0xf0,0x08,
0x7e,0xbe,0xb8,0x06,0xbb,0xbb,0x20,0x00,0x64,0x00,0x00,0x18,0x30,0x00,0x46,0x9c,
0x80,0x06,0x5b,0x00,0x00,0x83,0xb0,0x1b,0x00,0xf0,0x1a,0x06,0xeb,0xeb,0x80,0x00,
0x91,0xb0,0x00,0x8a,0x0a,0x10,0x0b,0xc8,0xbb,0x11,0x9a,0x3c,0x10,0x28,0xa4,0x60,
0x04,0x89,0x64,0x10,0x69,0xdb,0x3b,0x09,0x93,0x4c,0x70,0x02,0x48,0x85,0x00,0x55,
0xa5,0x40,0x1d,0xce,0x3c,0x14,0xb0,0x20,0x0b,0x1b,0x85,0x04,0x30,0xe8,0x00,0x27,
0xc6,0x00,0x76,0x0f,0xf2,0x25,0x09,0xea,0xea,0x20,0x39,0x0a,0x00,0x07,0xca,0x84,
0x00,0xd7,0xaa,0x90,0x48,0xe7,0xb0,0x00,0x2a,0x73,0x10,0x0b,0x28,0x2a,0x06,0x50,
0x5c,0x40,0x1d,0x89,0xa0,0x0a,0x1d,0xe8,0x0b,0xb5,0x90,0x3b,0xcc,0xe7,0x67,0x5c,
0xe0,0x0a,0x3b,0xb2,0x29,0xa7,0x67,0x81,0x48,0x24,0x6f,0x24,0xf0,0x09,0x09,0xa8,
0xc7,0x0b,0x18,0x38,0x0b,0x89,0x2a,0x0d,0x8b,0xb6,0x0a,0x09,0x66,0x4d,0xa5,0xd0,
0x59,0x09,0xc0,0x46,0x56,0x27,0xc1,0x02,0xf0,0x19,0x94,0x43,0x00,0xb7,0x66,0x50,
0x1b,0xcb,0xb6,0x00,0x85,0x96,0x60,0x4d,0xaa,0xca,0x00,0xd9,0xcd,0x50,0x01,0x33,
0xc0,0x00,0x02,0xc8,0x00,0x09,0x22,0x80,0x00,0xa0,0x47,0x80,0x0c,0xa7,0xe6,0x00,
0xb0,0x75,0xe1,0x20,0xf5,0x33,0x01,0xa0,0xa0,0x00,0x2b,0x9b,0x0b,0x06,0x70,0x7c,
0x50,0x00,0x07,0x30,0x00,0x97,0x92,0x80,0x02,0xbb,0xd4,0x00,0x19,0xb9,0x00,0x08,
0x4b,0xa0,0x02,0xb0,0xa7,0x40,0x64,0x29,0x1a,0x00,0x5d,0x40,0x00,0x09,0x02,0xa0,
0x00,0x76,0x8a,0x20,0x05,0x6d,0xed,0x00,0xb8,0x69,0xa0,0x03,0x76,0x8a,0x00,0xb9,
0x6a,0x50,0x29,0x91,0x1b,0x08,0x24,0xcb,0xca,0x1a,0xf5,0x28,0xc0,0xcb,0x80,0x04,
0x39,0x28,0x01,0xa8,0x31,0xc2,0x08,0x5a,0xa5,0x00,0x60,0xa7,0x50,0x0b,0x09,0xb0,
0x06,0x77,0xbb,0x40,0x51,0x50,0x06,0x00,0x08,0x00,0xb0,0x00,0x58,0xbe,0xb0,0x08,
0x83,0x9a,0x10,0x9a,0x37,0xb0,0x05,0xbc,0xcd,0x00,0xba,0x54,0xb0,0x47,0xb7,0x3a,
0x09,0x1e,0xdc,0xe5,0x26,0xf2,0x0c,0xb0,0xcb,0xa0,0x05,0x1b,0x0a,0x02,0x87,0x61,
0xc1,0x09,0x50,0x04,0x10,0x56,0xcb,0x90,0x0b,0x83,0x0b,0x05,0x79,0x22,0x90,0xa0,
0xbb,0xb8,0xfe,0x0e,0xf1,0x2b,0x1a,0x00,0x00,0x86,0xce,0x90,0x02,0x70,0x46,0x00,
0x00,0x98,0xcc,0xa0,0x00,0x70,0xb1,0x00,0x03,0x95,0x77,0x40,0x0a,0x4e,0xbb,0xa0,
0x03,0x13,0x00,0x50,0x08,0x00,0xa0,0x00,0x68,0xce,0xd1,0x07,0x73,0xa6,0x00,0x99,
0xdc,0x70,0x06,0xb9,0x66,0x00,0xab,0x4d,0x00,0x69,0x9b,0xa3,0x05,0x55,0x10,0x50,
0xfc,0x1b,0x70,0x0c,0x00,0x04,0x8b,0xeb,0x00,0x70,0x3c,0x0a,0xf2,0x1c,0x70,0x00,
0x36,0xdc,0x60,0x0a,0x08,0x30,0x07,0x79,0xda,0x60,0x30,0x11,0x11,0x00,0x08,0x06,
0x30,0x00,0x65,0xc9,0xb0,0x06,0x8b,0x86,0x00,0xa1,0x8e,0x10,0x03,0x97,0x3b,0x00,
0xb3,0xcb,0x50,0x29,0x45,0x55,0x08,0x26,0xcc,0x02,0x21,0xf3,0x0d,0x19,0x95,0x40,
0x43,0x99,0x72,0x07,0x7b,0xca,0x10,0x9a,0xdc,0xd0,0x03,0x99,0xbc,0x00,0xa8,0x47,
0x90,0x37,0xa3,0x59,0x09,0x67,0x55,0x90,0x11,0xbf,0x00,0xf1,0x0c,0xa2,0x8b,0x90,
0x04,0x42,0xa0,0x00,0x98,0xbe,0xb1,0x08,0x13,0x70,0x00,0x46,0xcc,0x60,0x0b,0x82,
0x28,0x02,0xaa,0x13,0x70,0x93,0xbb,0xc5,0x5e,0x07,0xf2,0x0b,0x3a,0xea,0x20,0x26,
0x68,0x30,0x19,0x0c,0x5a,0x00,0xb6,0x98,0xa0,0x02,0x37,0x72,0x00,0xa7,0xab,0x20,
0x29,0xb8,0xa9,0x08,0x76,0x97,0x57,0x04,0xf2,0x0b,0xab,0x99,0x40,0x69,0xab,0xa2,
0x28,0xac,0xba,0x00,0x7b,0xcb,0xa0,0x09,0xbc,0x9a,0x03,0x88,0x45,0xa0,0x65,0x98,
0x2a,0x09,0x72,0x6b,0xc5,0x0f,0xf4,0x0c,0x34,0xb5,0x20,0x62,0x5a,0x70,0x08,0x6b,
0xbb,0x00,0x88,0x87,0xc0,0x05,0xa3,0x3b,0x00,0xab,0xaa,0xb0,0x38,0xa0,0x29,0x07,
0x1a,0x3c,0x50,0x0c,0x1f,0xf2,0x08,0x6b,0xab,0x03,0x8a,0x8b,0x09,0x8a,0x99,0x08,
0x40,0x50,0x06,0xa8,0xda,0x0b,0xa0,0xc0,0x47,0xa5,0x98,0x94,0xb5,0xc7,0xd4,0x18,
0xf1,0x2a,0x00,0xa4,0xbc,0x80,0x05,0x27,0x30,0x00,0x79,0xee,0xb0,0x0a,0x78,0x57,
0x00,0x35,0x90,0x80,0x0a,0x99,0x89,0x04,0x87,0x99,0x90,0x80,0x69,0x01,0x00,0x08,
0x48,0xd8,0x20,0x45,0xae,0x80,0x08,0x69,0xc8,0x00,0x75,0xaa,0x40,0x06,0x79,0x98,
0x00,0xa9,0x9a,0x60,0x46,0xa1,0x65,0x09,0x1a,0x5c,0x10,0x7e,0x00,0xf4,0x0c,0x25,
0x39,0x20,0x9c,0xbb,0x10,0x17,0xa6,0xb9,0x10,0xae,0xba,0xa0,0x06,0x55,0x99,0x02,
0xab,0xb9,0x80,0x66,0x97,0x87,0x08,0x09,0x86,0x50,0x44,0x28,0xf3,0x08,0x3c,0x99,
0x05,0x6b,0x99,0x17,0x57,0x67,0x0b,0x26,0x62,0x04,0xbd,0xd9,0x1a,0xa8,0x99,0x56,
0xa8,0xa7,0xa6,0xed,0xe9,0x1f,0x00,0xf1,0x28,0x90,0x95,0x81,0x07,0xba,0xb6,0x10,
0x89,0x68,0xc0,0x08,0x9a,0x18,0x00,0x69,0xac,0xb0,0x09,0x99,0x64,0x05,0x96,0xa8,
0x20,0x87,0xb8,0xc0,0x00,0x09,0x6b,0xeb,0x20,0x47,0xba,0x60,0x0a,0x55,0x55,0x00,
0x86,0xaa,0x70,0x06,0x89,0xa6,0x00,0xad,0x99,0x40,0x47,0x01,0x29,0x07,0x10,0x8c,
0x98,0x20,0xf4,0x0c,0x97,0xbd,0xb3,0x04,0xa8,0xd9,0x00,0x79,0xb5,0xb0,0x0a,0xaa,
0x5b,0x00,0x3a,0x7d,0x70,0x0a,0xa9,0xa8,0x04,0xab,0x7a,0x90,0x88,0x6a,0x54,0x3d,
0x02,0xf1,0x0c,0x92,0xc9,0xb0,0x02,0x5c,0x8a,0x00,0x86,0xbb,0xc1,0x09,0x9a,0x9b,
0x20,0x64,0xb8,0x90,0x0b,0x5b,0xa8,0x02,0x96,0x35,0x60,0x63,0x84,0xd2,0xc1,0x01,
0xf0,0x25,0x7b,0xda,0x00,0x55,0x45,0x30,0x38,0xaa,0x59,0x00,0x69,0xcd,0x20,0x07,
0x5d,0x74,0x04,0xdd,0x5e,0x10,0xa2,0xab,0x85,0x03,0x04,0x00,0x10,0x09,0x1a,0xaa,
0x00,0x98,0xcd,0xd2,0x16,0x8c,0xcb,0x00,0x97,0x34,0x70,0x05,0x8c,0xb7,0x00,0xb9,
0x75,0x70,0x56,0x89,0x82,0x07,0x2f,0x1e,0xf1,0x0c,0x5d,0xad,0x20,0x53,0x74,0x50,
0x08,0x6c,0xc7,0x10,0x99,0xdd,0x80,0x05,0xac,0xb9,0x00,0xad,0x9e,0x90,0x47,0xe4,
0x79,0x08,0x37,0x1b,0x50,0x73,0x01,0xf1,0x0b,0x00,0xc9,0x00,0x68,0xad,0xa1,0x17,
0xa5,0xa8,0x10,0xaa,0x87,0x40,0x04,0xa1,0x92,0x00,0xbc,0x88,0x70,0x5b,0xcb,0x68,
0x08,0x85,0x6a,0xba,0x00,0xf2,0x0c,0xa4,0xb3,0x60,0x07,0xbb,0x9d,0x31,0x6a,0xbb,
0x90,0x09,0xad,0xe9,0x00,0x7d,0xa8,0x80,0x28,0xb9,0x55,0x06,0x68,0x9a,0x80,0x97,
0x8a,0x68,0xb3,0x01,0xf0,0x57,0x10,0x00,0xa0,0xb0,0x71,0x0a,0x1c,0x0b,0x00,0x55,
0xf5,0x40,0x00,0x6e,0x30,0x00,0x1c,0x49,0x00,0x1c,0x30,0xb4,0x06,0x30,0x01,0x60,
0x00,0xa6,0xbd,0x40,0xac,0x43,0x80,0x0d,0xe0,0x46,0x00,0xb5,0x06,0x50,0x09,0x50,
0x83,0x00,0xbb,0x09,0x20,0x57,0x42,0xb0,0x06,0x01,0xc9,0x00,0x05,0xaa,0xaa,0x04,
0xaa,0xab,0x02,0x55,0x6a,0x06,0x9e,0x95,0x09,0x0b,0x35,0x06,0x7e,0x81,0x06,0xb3,
0xa0,0x67,0x00,0x38,0x00,0x0b,0x33,0x00,0x0c,0x76,0x05,0xae,0xa5,0x0a,0x10,0x28,
0x0b,0xbb,0xc7,0x06,0x43,0x33,0x47,0xb6,0x6a,0x30,0x31,0x13,0x3f,0x06,0xf2,0x22,
0xa7,0x61,0x0a,0x9b,0x96,0x4e,0xac,0xa5,0x0a,0x8c,0x83,0x0b,0x2b,0x21,0x07,0x99,
0x96,0x27,0x88,0x55,0x71,0x75,0x27,0x01,0xa1,0x96,0x00,0x7a,0x8a,0x60,0x1c,0xbb,
0xea,0x02,0x7c,0x5d,0x00,0x2b,0x5b,0x59,0x02,0x24,0x00,0x40,0x1a,0xa7,0x58,0x05,
0x37,0x67,0x05,0xf1,0x0d,0x27,0x3b,0x50,0x0a,0xac,0x5b,0x00,0xec,0xb7,0xc0,0x0b,
0x3c,0x7b,0x00,0xa1,0x9a,0x70,0x0b,0xa8,0x87,0x06,0x5b,0xb5,0xa0,0x80,0x46,0xb5,
0x00,0x0c,0x1b,0xf4,0x10,0xad,0xce,0xd1,0x00,0xab,0xba,0xa1,0x00,0xbb,0xba,0xa0,
0x02,0xab,0xba,0x90,0x04,0xab,0xa0,0x40,0x07,0x9a,0x6a,0x70,0x09,0x88,0x20,0x30,
0x0a,0x71,0xbb,0x80,0xf4,0x2b,0x60,0x19,0x0b,0x00,0x03,0xdb,0xcb,0xc8,0x2d,0xd2,
0x08,0xcb,0xc0,0x00,0xb0,0x0c,0x00,0x39,0x00,0xc0,0x09,0x20,0x0b,0x06,0x01,0xf2,
0x0b,0xa4,0x88,0x00,0xaa,0x90,0x00,0x0d,0xab,0xcb,0x01,0xd4,0x99,0xa0,0x38,0x89,
0xc6,0x05,0x79,0x7c,0x10,0x86,0xc8,0xc6,0x09,0x6d,0xb0,0x7d,0x15,0x60,0xbb,0xec,
0x10,0x06,0x0a,0x10,0x86,0x25,0xf1,0x3a,0x6b,0xee,0xa0,0x00,0x37,0xb0,0x00,0x1b,
0x1b,0x00,0x1b,0x62,0x90,0x05,0x25,0xd4,0x00,0x03,0xa1,0x86,0x00,0xdd,0x3b,0x61,
0x2a,0x8a,0xea,0x23,0x76,0x23,0x60,0x09,0xaa,0xbc,0x07,0xc3,0x85,0x60,0x09,0x14,
0x74,0x00,0xa0,0xac,0x00,0x00,0xa0,0x96,0x01,0xa8,0x0a,0x70,0x0a,0xbb,0xeb,0x00,
0x65,0x4b,0x00,0x1e,0x48,0xc0,0x07,0xa2,0xb9,0x10,0x0a,0x57,0x65,0x00,0xba,0x01,
0x80,0xd6,0x02,0xf0,0x05,0x9d,0xa9,0x20,0x73,0x95,0x60,0x03,0x9d,0x54,0x00,0x95,
0x96,0x60,0x26,0xbc,0x86,0x04,0xab,0xda,0x70,0xa3,0x00,0xf0,0x27,0x06,0x40,0x00,
0x0a,0x99,0xbb,0x10,0x73,0x0b,0x00,0x09,0x12,0xb0,0x01,0xe6,0xab,0x80,0x0a,0x4b,
0x8a,0x00,0xc7,0x47,0x80,0x6a,0x25,0x50,0x00,0x00,0x64,0x00,0x0c,0xac,0xab,0x07,
0x2a,0x2a,0x09,0x29,0xaa,0x2e,0x98,0xa9,0x0a,0x26,0x84,0x0a,0x29,0x91,0x5d,0x99,
0xaa,0x12,0xa0,0xe7,0x0a,0xf2,0x44,0x0d,0x75,0xad,0x20,0x92,0x84,0x80,0x0b,0x6b,
0x46,0x01,0xca,0xab,0xb0,0x0a,0x79,0x73,0x00,0xc5,0x88,0x20,0x6b,0xc2,0x90,0x01,
0x26,0x5e,0x70,0x0d,0x8d,0xdc,0x10,0x92,0xab,0xa1,0x0a,0x3b,0xcd,0x02,0xe9,0x9c,
0xb0,0x09,0x16,0x93,0x00,0xc6,0xcc,0x60,0x69,0x15,0x50,0x00,0x0a,0xcb,0x60,0x0c,
0x8a,0xa8,0x20,0x82,0xde,0xd0,0x0a,0x37,0x77,0x01,0xd5,0x79,0x40,0x0a,0x6e,0xda,
0x00,0xb9,0xa8,0x90,0x6c,0xb8,0x89,0x00,0x09,0x7a,0x3a,0x08,0x90,0x48,0x30,0x06,
0xcd,0xc9,0x0a,0x0b,0x00,0x25,0xc4,0x2e,0x30,0xb5,0x00,0x0b,0x7c,0x02,0xf6,0x10,
0x5b,0xce,0xb8,0x05,0xce,0xbd,0x00,0x64,0xa0,0xb0,0x08,0xbe,0xac,0x00,0xa1,0xb0,
0xb0,0x0c,0xae,0xaa,0x00,0xa1,0x93,0x80,0x65,0x28,0x57,0x0a,0x04,0xad,0x30,0xab,
0x0d,0xf3,0x22,0x90,0x0b,0x4c,0x5a,0x00,0xb7,0xb7,0x80,0x1d,0xbd,0xb6,0x02,0x86,
0x71,0x40,0x12,0x56,0x0c,0x00,0x01,0xcc,0x40,0x07,0xbe,0xaa,0x00,0x98,0xd7,0xa0,
0x0a,0x3b,0x3a,0x00,0x8e,0xcd,0x50,0x06,0xa1,0xd2,0x06,0x6b,0x49,0xa0,0x06,0x65,
0x60,0x04,0x90,0x64,0x56,0x03,0xf3,0x0e,0x30,0x00,0xce,0x4c,0x00,0x0b,0xba,0xbd,
0x00,0xbb,0x9b,0x80,0x2e,0xe9,0xb8,0x03,0xbb,0x76,0x70,0x5b,0x9a,0x5a,0x06,0xb8,
0xa1,0x90,0x51,0x0c,0xb7,0xc1,0x02,0xf1,0x06,0x06,0xdc,0xc9,0x07,0x30,0x19,0x09,
0x20,0x48,0x0b,0xaa,0xc6,0x0b,0x00,0x64,0x0b,0x00,0x83,0x0e,0xbb,0xe1,0xb5,0x2b,
0xf2,0x0a,0x0b,0x00,0x0c,0xc5,0xeb,0x00,0x97,0xa2,0xa0,0x1d,0xc6,0x4b,0x03,0x6a,
0x38,0xb0,0x54,0xa0,0x2b,0x06,0xbb,0x61,0xa0,0x82,0x07,0x92,0x2b,0xf0,0x2c,0x10,
0x11,0x00,0x0b,0x08,0x30,0x0b,0xcb,0xeb,0x10,0x08,0x08,0x00,0x1c,0x30,0x5a,0x00,
0x8a,0xaa,0x40,0x0a,0x97,0x77,0x00,0xaa,0x87,0x50,0x6e,0xed,0xda,0x00,0x0a,0x73,
0xb0,0x00,0xa9,0x5d,0xb2,0x0a,0xaa,0x74,0x00,0x1b,0x01,0x70,0x0b,0xbb,0xb3,0x00,
0xaa,0x86,0x60,0x28,0xa9,0x64,0x08,0xde,0xed,0x80,0xe6,0x06,0xf0,0x0a,0xc5,0xb6,
0x03,0x5c,0x55,0x06,0xae,0xa5,0x19,0x9d,0x98,0x08,0x99,0x92,0x0b,0xa9,0x76,0x19,
0xa9,0x64,0x8d,0xee,0xd9,0x00,0x01,0x0d,0x27,0xf1,0x17,0x50,0x00,0xa7,0x2a,0x00,
0xad,0xaa,0xd0,0x08,0x48,0x46,0x00,0x80,0x1a,0x20,0x1e,0xed,0xd5,0x02,0x8a,0x95,
0x50,0x8d,0xee,0xd8,0x00,0x05,0xdb,0xba,0x07,0x40,0x0b,0x08,0xcb,0xb9,0x0a,0x10,
0x38,0xb2,0x00,0x11,0x75,0xb2,0x00,0xf2,0x2a,0xd2,0x08,0xad,0xba,0x10,0x15,0xd5,
0x00,0x06,0x86,0x95,0x00,0x8a,0xac,0x40,0x09,0x99,0xc2,0x00,0xb3,0x3a,0x10,0x0b,
0x88,0xd0,0x05,0xea,0xae,0x50,0x01,0x9a,0xbc,0x21,0xac,0xb0,0x82,0x0c,0x7d,0xad,
0x00,0xeb,0xb0,0xb0,0x5c,0x3d,0x9c,0x09,0xa3,0x91,0xb0,0x0a,0x37,0x0a,0x00,0xa5,
0xdb,0x90,0x8d,0x12,0xf0,0x2b,0x24,0x00,0x6a,0xe7,0x60,0x04,0xad,0x97,0x00,0x8c,
0xa8,0x80,0x07,0xd9,0x93,0x03,0xca,0x57,0x80,0x05,0x95,0x87,0x00,0x7a,0x9b,0x50,
0x08,0xb9,0xc4,0x00,0x05,0x8c,0x88,0x00,0x39,0xd9,0x30,0x06,0xa8,0xa7,0x00,0x89,
0x8a,0x50,0x0a,0x88,0xb3,0x03,0xea,0xad,0x70,0x06,0x42,0x70,0x02,0x40,0x03,0x30,
0x46,0x10,0xf2,0x0c,0xa9,0x99,0x81,0x09,0x9a,0xaa,0x00,0xdc,0x95,0xc0,0x1a,0x8c,
0x5b,0x03,0xdc,0xb7,0x80,0x4a,0x6c,0xc8,0x06,0xb5,0x68,0x60,0x71,0x90,0x53,0xbc,
0x2a,0xf0,0x00,0x54,0x00,0xce,0x7a,0xb2,0x17,0x85,0x6a,0x02,0xcd,0x94,0xb0,0x07,
0x48,0x2b,0x8b,0x0a,0x62,0x77,0x6c,0xa9,0x04,0x00,0x11,0xd9,0x05,0xf1,0x0b,0x8b,
0xb3,0x1d,0x96,0xa9,0x01,0x84,0xa0,0xa0,0x3d,0x9c,0xac,0x00,0xa1,0x50,0x30,0x0d,
0x6a,0x28,0x04,0x79,0x78,0x30,0x91,0x4b,0xe7,0xa3,0x01,0xf0,0x24,0xd8,0xaa,0x07,
0x25,0x2a,0x0c,0x19,0x37,0x2c,0xac,0xca,0x0a,0xa4,0x3b,0x19,0x95,0x4a,0x3c,0x58,
0x0a,0x00,0x06,0xc4,0x0a,0xb9,0xdb,0x30,0x81,0x8d,0x80,0x0c,0x2a,0xaa,0x01,0xca,
0xbb,0xb0,0x0a,0xab,0xd9,0x02,0xb9,0xb5,0x00,0x3c,0x6c,0xa3,0x00,0x03,0x11,0x30,
0xda,0x03,0xf0,0x10,0xbc,0x8c,0x50,0x09,0x3c,0x57,0x00,0xc2,0xcc,0xc0,0x1b,0xad,
0xdc,0x00,0xaa,0x89,0xa0,0x2a,0xba,0xbb,0x02,0xac,0x46,0x90,0x00,0x81,0x67,0x00,
0x05,0xcc,0xc9,0x91,0x0e,0xf1,0x3a,0xcc,0xcb,0x00,0x0b,0x00,0x08,0x3b,0x81,0x0c,
0x1a,0x74,0x58,0x48,0x47,0x03,0xd4,0x02,0x07,0xd7,0xba,0x10,0x7e,0x5e,0x80,0x07,
0x99,0xa6,0x00,0x48,0x78,0x20,0x04,0x66,0x62,0x02,0x99,0xe9,0x60,0x1c,0x2a,0xa2,
0x05,0x4b,0x51,0x60,0x08,0xad,0xaa,0x20,0x46,0x56,0x50,0x09,0x79,0x88,0x00,0x88,
0xa9,0x50,0x2a,0xbc,0x97,0x04,0x6c,0x58,0xa0,0x59,0x96,0x99,0x07,0x30,0x1c,0x50,
0x8e,0x03,0xf1,0x0b,0xb1,0x83,0x00,0x38,0x7a,0x90,0x1d,0xca,0xb8,0x10,0xb8,0x8b,
0x42,0x0d,0xa0,0xba,0x05,0xb1,0x07,0x50,0x5a,0x07,0x90,0x00,0xb8,0x60,0xf0,0x17,
0xf2,0x0c,0x9c,0xab,0xd0,0x04,0x9a,0x0b,0x00,0xcb,0xc0,0xb0,0x0b,0x7d,0xbb,0x00,
0xd7,0x42,0x20,0x6a,0x1b,0x47,0x02,0xa4,0x71,0x90,0x0a,0x71,0x08,0x1a,0x15,0xf5,
0x0b,0x55,0x00,0x04,0x6a,0xad,0x30,0xdb,0x87,0xa0,0x0c,0x55,0xa4,0x01,0xe7,0x89,
0x90,0x6b,0x75,0x89,0x03,0x94,0x36,0x80,0x09,0x4d,0x30,0x3d,0x15,0xf2,0x0a,0x1c,
0x50,0x03,0x7b,0x7c,0x10,0xdc,0x3d,0x40,0x0b,0x88,0x70,0x00,0xd8,0x8a,0xc0,0x5b,
0x5c,0x78,0x06,0x90,0x6b,0x00,0x09,0x58,0x55,0x09,0xf0,0x08,0xb9,0xbc,0x03,0x7a,
0x0a,0x0d,0xa9,0xa9,0x0d,0x6a,0xa8,0x2d,0x71,0xa0,0x8a,0x3b,0xd6,0x0a,0x03,0x70,
0x0a,0x7c,0xc7,0x84,0x01,0xf0,0x08,0xb4,0xa2,0x03,0x8b,0x78,0x0d,0xb8,0xab,0x0b,
0x98,0x9b,0x0d,0x3a,0xa9,0x6b,0x32,0x42,0x2a,0x98,0x69,0x0a,0x59,0xa5,0x5c,0x06,
0xf0,0x04,0xbe,0xba,0x10,0xb2,0x01,0x92,0x05,0xc2,0xc5,0x01,0xa1,0x01,0x90,0x07,
0xbc,0xb2,0x00,0x02,0xa0,0x36,0x24,0x40,0x06,0xbc,0xdb,0x70,0xfd,0x1d,0xf1,0x5c,
0x76,0x27,0x71,0x08,0x85,0x5a,0x00,0x10,0xba,0x20,0x2b,0xce,0xb9,0x00,0x0a,0xb2,
0x00,0x1a,0x61,0xc2,0x03,0x40,0x02,0x50,0x09,0xae,0xba,0x10,0x89,0x19,0x71,0x0a,
0x6b,0x58,0x00,0xb8,0x97,0x90,0x0b,0xaa,0x88,0x00,0xb9,0xe5,0x70,0x1a,0xa7,0xa5,
0x02,0xda,0xac,0x40,0x07,0xae,0xaa,0x00,0x1b,0x1b,0x20,0x29,0x99,0x99,0x10,0x8a,
0xab,0x30,0x0a,0x10,0x74,0x00,0x8e,0xdb,0x20,0x04,0x89,0x08,0x08,0x90,0x6c,0x70,
0x06,0x3a,0x97,0x30,0x43,0xcc,0xb2,0x0a,0x87,0x88,0x00,0xa9,0x7b,0x60,0x0d,0x8e,
0xeb,0x00,0xd6,0xb9,0x90,0x3d,0xba,0x89,0x03,0x38,0x89,0x7d,0x17,0x00,0xca,0x00,
0xf1,0x4c,0x7c,0x7e,0x93,0x1a,0x76,0x57,0x00,0x4a,0xca,0x60,0x04,0x7d,0x87,0x00,
0xa3,0xb3,0x10,0x09,0xed,0xa8,0x00,0xa7,0xa6,0x70,0x54,0x46,0x71,0x00,0x00,0x10,
0x10,0x00,0x7c,0x8e,0xa3,0x1a,0x77,0x56,0x00,0x8a,0xea,0x70,0x15,0x6c,0x55,0x01,
0x66,0x6c,0x50,0x1b,0xdb,0xd6,0x00,0x05,0x37,0x00,0x00,0xbc,0x20,0x00,0x00,0x20,
0x20,0x00,0x5c,0x6d,0x92,0x0a,0xa4,0xa5,0x01,0x34,0xe2,0x20,0x07,0xb3,0xc3,0x02,
0x7a,0xa8,0x90,0x05,0x67,0x80,0x00,0x37,0x79,0x00,0x4b,0xbd,0xc5,0x40,0x00,0xf7,
0x29,0x5d,0x7d,0xa3,0x0b,0x86,0x68,0x00,0x55,0xaa,0x70,0x04,0xac,0x6a,0x00,0xab,
0x87,0xa0,0x0a,0xcb,0x78,0x01,0x80,0x23,0x70,0x37,0x08,0xc2,0x00,0x05,0x84,0xa6,
0x10,0xa8,0x78,0x81,0x07,0xcb,0xc7,0x00,0x9c,0xbc,0x60,0x0a,0xa9,0xb4,0x03,0x9d,
0x9d,0x60,0x0a,0x33,0x90,0x06,0x70,0x37,0x00,0xa0,0x00,0xf2,0x79,0x19,0x78,0x46,
0x00,0xa9,0xc9,0x90,0x07,0xa9,0x95,0x00,0x5b,0x9d,0x00,0x06,0xa9,0x81,0x00,0x82,
0x07,0x30,0x09,0xa9,0xc2,0x00,0x03,0x5a,0x27,0x00,0x9c,0xeb,0xc0,0x00,0xad,0x90,
0x01,0xc2,0x72,0x90,0x00,0x19,0x00,0x03,0x9d,0xf9,0x80,0x05,0xb7,0x80,0x07,0x70,
0x06,0x80,0x05,0xa4,0x88,0x00,0x9d,0x85,0x90,0x1a,0xbd,0x8c,0x20,0xb6,0x29,0xa0,
0x0d,0xc5,0x78,0x04,0xc3,0x94,0x70,0x79,0x19,0x46,0x00,0x97,0x4c,0x20,0x05,0xa4,
0x91,0x00,0x9d,0x3b,0xb1,0x09,0xb0,0xb0,0x00,0xa6,0x8e,0x70,0x0c,0x9a,0x0a,0x02,
0xd6,0xa0,0xa0,0x7a,0x0a,0x19,0x00,0x91,0xdb,0x70,0x0a,0xc7,0xda,0x20,0xbc,0x6d,
0x90,0x0a,0x79,0xd9,0x10,0xd4,0x8a,0x60,0x0e,0x5c,0x8a,0x04,0xb1,0xd9,0x90,0x69,
0x19,0x37,0x00,0x92,0x9c,0xe4,0x31,0x01,0x29,0x1d,0xf7,0x38,0x40,0x08,0xac,0x10,
0x00,0x4e,0x8a,0x00,0x03,0xca,0x47,0x00,0xab,0xe9,0xb0,0x08,0x1b,0x72,0x04,0xa1,
0xb3,0xa0,0x32,0xc6,0x05,0x00,0x06,0xad,0xa9,0x00,0x45,0xc5,0x30,0x0c,0x8a,0x7c,
0x00,0x6d,0xb8,0x20,0x03,0xb7,0xa2,0x02,0x99,0xc6,0x60,0x1b,0x48,0xb1,0x04,0x4c,
0x42,0x50,0x0a,0xa8,0xbd,0x00,0xaa,0x2d,0x60,0x02,0xb7,0x57,0x00,0x8d,0x97,0x00,
0x05,0xc7,0xb3,0x1c,0x00,0xf1,0x09,0x08,0xad,0x9b,0x09,0x9d,0x9b,0x0b,0xad,0xaa,
0x05,0xd7,0x60,0x04,0xc9,0xa2,0x2a,0x9c,0x76,0x1b,0x48,0xb1,0x45,0xc4,0x16,0xfa,
0x25,0xf2,0x0c,0x8b,0xb2,0x09,0x50,0xa1,0x02,0xec,0x0c,0x00,0x18,0x50,0xc0,0x01,
0xd4,0x0c,0x00,0x36,0x20,0xb0,0x04,0xa8,0x29,0x00,0x42,0x6c,0xe9,0x00,0x12,0x0a,
0xf0,0x27,0xd0,0x07,0x58,0x49,0x01,0xec,0xa9,0xb0,0x07,0x4c,0x4a,0x03,0xd7,0xe7,
0x90,0x03,0x87,0xe3,0x07,0x8c,0x7c,0x70,0x00,0x56,0x06,0x00,0x04,0x4a,0x36,0x00,
0x92,0xa5,0x40,0x2d,0x8a,0x74,0x00,0xa3,0xec,0x50,0x2d,0x86,0xd6,0x01,0x29,0x39,
0x90,0x6c,0xb7,0x3b,0x00,0x24,0x60,0x60,0x53,0x1b,0xf1,0x43,0x89,0xdb,0x09,0x55,
0x6b,0x2e,0xb7,0x4b,0x07,0x5d,0xb9,0x1d,0x5b,0x47,0x14,0x1b,0x55,0x4b,0x7a,0x73,
0x32,0x7d,0xd6,0x04,0x40,0xa8,0x00,0x92,0x1c,0x70,0x2c,0xa6,0xc5,0x01,0xb4,0x6d,
0xa3,0x1c,0x55,0xa4,0x03,0x52,0x0d,0x80,0x6a,0x78,0xd7,0x01,0x06,0x38,0x90,0x00,
0x10,0x30,0x00,0x55,0x9d,0x91,0x0a,0x69,0x50,0x02,0xd8,0xcb,0x00,0x09,0x6c,0xd7,
0x03,0xe6,0x4a,0x30,0x00,0x58,0x8a,0x05,0xce,0x47,0xa0,0x00,0x5c,0x36,0xaa,0x1b,
0xf0,0x08,0x7a,0xaa,0x0a,0x4b,0x0a,0x3d,0xbc,0xb9,0x07,0x3a,0x37,0x3e,0x5e,0xc6,
0x00,0x28,0x74,0x4b,0x87,0x83,0x51,0xbd,0xd7,0x9e,0x03,0xf0,0x29,0x64,0xcd,0xc2,
0x0a,0x5a,0x98,0x23,0xe8,0x99,0xa0,0x08,0x3d,0xdd,0x02,0xd9,0x79,0xb0,0x12,0x57,
0x8a,0x01,0x79,0x77,0xa0,0x66,0x8d,0xd9,0x00,0x02,0x41,0x70,0x00,0x82,0xaa,0xd0,
0x1c,0xba,0xb6,0x01,0xa3,0x5e,0x20,0x1c,0x88,0x2a,0x02,0x51,0x2b,0x30,0x4a,0x7b,
0x60,0x02,0x10,0x07,0x30,0x3c,0x00,0xf4,0x28,0x46,0x8b,0xa0,0x09,0x50,0x85,0x03,
0xea,0x9c,0x80,0x08,0x45,0x05,0x02,0xd7,0xbd,0x70,0x13,0x03,0x80,0x03,0x98,0x56,
0x00,0x43,0x8d,0xc6,0x00,0x07,0x3c,0x7d,0x40,0xa6,0xb8,0xa2,0x2e,0x7d,0xaa,0x00,
0x90,0x99,0x90,0x3d,0x9d,0x99,0x00,0x45,0x59,0x90,0x66,0xb1,0xc2,0x00,0x18,0x08,
0xb9,0x01,0xf1,0x25,0x04,0x56,0xa3,0x09,0x4b,0x77,0x2d,0xad,0xdb,0x09,0x39,0x9a,
0x2d,0x7d,0xda,0x11,0x46,0x00,0x5c,0x96,0x08,0x20,0x1b,0xc3,0x04,0x7a,0xea,0x20,
0x95,0x67,0x30,0x2d,0x9c,0x5b,0x01,0x96,0xa9,0xb0,0x1c,0x48,0x80,0x02,0x53,0xaa,
0x00,0x5c,0xa5,0xa8,0x11,0x19,0x0a,0xa0,0x79,0x16,0xf1,0x0b,0x46,0xd8,0x00,0x95,
0x8d,0x80,0x2e,0x73,0x3a,0x01,0x92,0x9a,0x60,0x1c,0x55,0xa0,0x01,0x46,0xcd,0x90,
0x4b,0x4b,0xa3,0x02,0x08,0x10,0x49,0x03,0xf2,0x48,0x45,0x8a,0xb0,0x09,0x36,0x9c,
0x01,0xc9,0x22,0xb0,0x1a,0x59,0xd9,0x21,0xc6,0x7a,0x80,0x26,0x38,0xf2,0x05,0xbb,
0x78,0x80,0x10,0x2c,0x22,0x00,0x00,0x10,0x13,0x00,0x64,0xba,0x71,0x0a,0x27,0x89,
0x02,0xc9,0xbb,0x90,0x0a,0x4c,0xa8,0x03,0xd4,0xca,0x50,0x05,0x8c,0x85,0x05,0x8c,
0x7e,0x20,0x01,0x25,0x04,0x00,0x05,0x49,0xd8,0x10,0x97,0x82,0x92,0x2e,0xab,0x99,
0x00,0x97,0xcc,0xd0,0x3d,0xba,0xac,0x01,0x1b,0xae,0xc0,0x5c,0xaa,0xb9,0x01,0x27,
0xba,0xbe,0x0e,0xf0,0x20,0x6a,0xe9,0x10,0x93,0xa3,0x71,0x1c,0x9a,0xaa,0x01,0xaa,
0x9c,0x80,0x0c,0x89,0x69,0x03,0x65,0x9b,0xb0,0x29,0xb9,0x39,0x04,0x47,0x9b,0x90,
0x07,0xbb,0xdc,0x00,0x7a,0xdb,0xa0,0x09,0x9e,0x99,0x00,0x69,0xaa,0x20,0x09,0x98,
0xc3,0x00,0xa8,0x8d,0x8b,0x06,0xf0,0x11,0x04,0xd9,0x9d,0x50,0x00,0x73,0x82,0x00,
0x69,0xe9,0x90,0x05,0x9e,0x95,0x01,0xaa,0xea,0x90,0x00,0x07,0x00,0x02,0xae,0xfa,
0x70,0x17,0xb8,0x80,0x06,0x50,0x06,0x80,0xb2,0x23,0xf1,0x0c,0x79,0xaa,0xc2,0x0a,
0xa7,0xa9,0x20,0x84,0xba,0xc1,0x0b,0x39,0x5c,0x02,0xd8,0xda,0xc0,0x0a,0x48,0x49,
0x03,0x74,0x94,0x90,0x91,0x5a,0x86,0x2c,0x01,0xf1,0x40,0x23,0x00,0x00,0x8b,0x6a,
0xb2,0x08,0xc9,0x9b,0x10,0xbd,0x99,0xd0,0x29,0xa6,0x8b,0x01,0xaa,0x9b,0xc0,0x3d,
0xc6,0x88,0x04,0xa9,0x56,0x80,0x6e,0xba,0x86,0x00,0x0b,0xb8,0xdc,0x10,0x9c,0x9b,
0xd1,0x05,0x99,0x86,0x00,0xa7,0xc8,0x80,0x07,0xca,0xb4,0x00,0x9d,0xac,0x40,0x3a,
0xbb,0xb6,0x03,0x82,0x27,0x30,0x02,0x4c,0x35,0x00,0x36,0xcb,0x60,0x1b,0xbe,0xfb,
0x00,0x2b,0x72,0x00,0x5d,0xb9,0xb5,0x00,0x5c,0x9c,0xd6,0x24,0xf2,0x0f,0x8b,0xad,
0x20,0x04,0xa4,0x89,0x00,0x7a,0x3b,0x00,0x0c,0xb6,0xd8,0x00,0x75,0x3b,0x10,0x3e,
0xa6,0xd8,0x02,0xfa,0x79,0x10,0x8a,0x04,0x67,0x00,0x90,0x1c,0x6a,0x09,0xf0,0x07,
0x8b,0xcc,0x09,0x6c,0xcb,0x0c,0x6c,0xca,0x2c,0x79,0xc6,0x1f,0x77,0x9a,0x6d,0xc9,
0xe9,0x69,0x86,0x59,0x09,0x95,0x6f,0x23,0x00,0x15,0x37,0xf5,0x28,0xde,0x57,0xa0,
0x0a,0xa8,0xcd,0x00,0xbb,0x0a,0x00,0x0d,0xaa,0xea,0x01,0x89,0x1d,0x00,0x3b,0xd5,
0xd0,0x05,0x87,0xb6,0x50,0x04,0x96,0x08,0x00,0x08,0xb7,0xb9,0x10,0x19,0x7a,0x40,
0x08,0x94,0xca,0x00,0x5a,0xaa,0x30,0x09,0x98,0xa5,0x00,0xb9,0x9c,0x40,0x0a,0x01,
0x82,0x00,0xb0,0xab,0x06,0x2c,0xf4,0x0c,0x28,0x0a,0x41,0x0a,0x78,0xe7,0x00,0x98,
0x7a,0x73,0x0c,0x95,0x88,0x02,0xba,0x85,0x50,0x3c,0xc9,0xb2,0x05,0x5a,0x91,0xa0,
0x69,0xb6,0xc6,0x72,0x04,0xf1,0x0c,0xca,0x2b,0x40,0x09,0x9b,0x92,0x00,0xda,0x2a,
0x80,0x29,0x9b,0xe7,0x04,0xd6,0xaf,0x10,0x68,0xa7,0xb5,0x09,0x7a,0x46,0xb0,0x9d,
0x4d,0x21,0x22,0x00,0xf4,0x0f,0xd6,0x93,0xd3,0x01,0xa9,0xd9,0xa3,0x03,0xd5,0x97,
0xa1,0x05,0xa9,0xdb,0xa0,0x06,0xd5,0x88,0x90,0x08,0x98,0xca,0x90,0x09,0x9a,0x99,
0x00,0x0b,0xa0,0x09,0x6a,0x00,0x00,0x42,0x38,0xe2,0xcb,0xb9,0x08,0x30,0x1a,0x0a,
0xbb,0xc8,0x0b,0x00,0x56,0x0c,0xaa,0xd5,0xf0,0x08,0xf0,0x06,0x09,0xcd,0xbb,0x20,
0x0a,0x28,0x00,0x09,0xc9,0xc7,0x00,0x32,0x70,0x30,0x08,0x9e,0x94,0x00,0x24,0xa2,
0x10,0x04,0x06,0xf5,0x0f,0xcd,0xdc,0x60,0x01,0x80,0xa0,0x00,0xbc,0x8b,0xa0,0x0c,
0xd5,0x81,0x03,0xdd,0x96,0x40,0x4a,0xaa,0x72,0x06,0xba,0xa9,0x10,0x93,0xb9,0xa8,
0x09,0x9b,0x38,0x05,0x18,0xf4,0x0c,0x18,0x08,0x30,0x0c,0xca,0xbc,0x10,0xdc,0x60,
0x51,0x4e,0xd8,0x16,0x04,0x9a,0xbb,0x10,0x7b,0xab,0x02,0x0a,0x49,0xb0,0xa0,0x9a,
0x59,0xb4,0x23,0x00,0xf0,0x00,0xc4,0x20,0x08,0x89,0x90,0x4d,0xae,0xb6,0x09,0x1b,
0x0a,0x0b,0xad,0xb8,0x0b,0x0e,0x24,0xf1,0x13,0x3a,0x04,0xbb,0xa1,0x3b,0x5a,0x51,
0x6d,0x7d,0x71,0x9c,0xac,0x60,0x04,0x60,0xa0,0x06,0x51,0x90,0x07,0x66,0x70,0x09,
0x39,0x10,0x0a,0x00,0x00,0x0a,0xeb,0xdb,0x30,0x08,0x07,0x7b,0x0b,0x60,0xa4,0x09,
0x30,0x38,0xeb,0xeb,0x4d,0x35,0xf1,0x30,0x09,0x71,0xb0,0x06,0x53,0xc5,0x00,0x0a,
0xeb,0xdc,0x30,0x07,0x36,0x00,0x06,0xae,0xa3,0x00,0xa0,0xb4,0x60,0x3e,0xbe,0xcb,
0x00,0x0b,0xb1,0x00,0x3c,0x32,0xc3,0x02,0x10,0x01,0x20,0x0a,0xea,0xea,0x20,0x38,
0x08,0x00,0x09,0x6b,0xb4,0x00,0x76,0x64,0x60,0x08,0x78,0x74,0x00,0x78,0x58,0x00,
0x1a,0x82,0x09,0x07,0x23,0xcb,0x30,0x54,0x00,0xf0,0x0f,0x06,0x00,0x05,0x9b,0xbe,
0x10,0xd6,0xa4,0xa0,0x5e,0x84,0x89,0x00,0xa7,0xb7,0x70,0x0a,0x04,0x46,0x00,0xa0,
0x8b,0x10,0x07,0xd8,0xc9,0x20,0x17,0x17,0x30,0x3a,0x35,0xf0,0x0a,0x55,0x79,0x20,
0x2a,0xae,0xa8,0x00,0x2d,0xe7,0x00,0x2c,0x67,0xb6,0x04,0x25,0x61,0x50,0x0a,0xea,
0xea,0x30,0x65,0x01,0x00,0x1d,0x53,0x29,0xf1,0x1c,0x94,0xb0,0x1b,0xcb,0x7a,0x00,
0x68,0x46,0x90,0x09,0xaa,0x77,0x00,0x00,0x4c,0x20,0x0a,0xea,0xdb,0x30,0x46,0x36,
0x00,0x09,0x4c,0xb6,0x00,0x74,0xab,0x20,0x06,0x6a,0x97,0x00,0x86,0xba,0x60,0x1a,
0x55,0x55,0x08,0x36,0xbc,0xb7,0x07,0x00,0x90,0x00,0xf3,0x08,0x56,0x01,0x00,0x1c,
0xbc,0xbb,0x00,0xab,0xb9,0xa0,0x09,0xca,0x6a,0x00,0xbc,0x98,0x90,0x0c,0xc9,0x87,
0x01,0x83,0xa9,0xf9,0x30,0xf2,0x05,0xda,0x20,0x08,0x18,0x00,0x09,0xb8,0xc8,0x00,
0x9b,0x87,0x00,0x02,0x50,0x22,0x00,0xee,0xdd,0x40,0x19,0x27,0x0a,0xf4,0x0d,0x09,
0xe9,0xd9,0x20,0x44,0x09,0x60,0x09,0xdb,0xda,0x10,0xbc,0xca,0x80,0x2c,0xcc,0xb9,
0x02,0xcb,0xaa,0x50,0x7b,0x5c,0xe9,0x00,0x84,0x84,0xc0,0x57,0x01,0xf0,0x29,0x36,
0x1c,0x50,0x0c,0xcb,0x8a,0x01,0xca,0x5f,0x60,0x2c,0xa8,0x57,0x12,0xd7,0x8d,0x80,
0x09,0x47,0xd5,0x02,0xcb,0x9c,0x70,0x32,0x52,0x80,0x00,0x04,0x5b,0xcc,0x00,0xda,
0xcc,0xc0,0x2c,0x8c,0xca,0x03,0xb8,0xb9,0x40,0x3d,0x68,0x95,0x00,0x97,0xab,0x60,
0x0c,0xa8,0x95,0x05,0x58,0xc2,0x50,0xfb,0x0c,0xf1,0x0c,0x39,0x7c,0xc1,0x2b,0x10,
0x00,0x00,0x4a,0xbc,0xc1,0x1d,0x30,0x74,0x06,0xd1,0x08,0x30,0x0b,0x00,0xa1,0x00,
0xb3,0x2b,0x00,0x0b,0x2d,0x90,0xb2,0x13,0xf0,0x07,0x71,0xa0,0x00,0xad,0x39,0x00,
0x01,0xa3,0xb5,0x00,0xb8,0x67,0xa0,0x7c,0xc7,0x4b,0x00,0xa3,0x83,0x00,0x0a,0x09,
0xf3,0x0d,0xf1,0x2a,0x00,0x07,0xad,0xba,0x10,0x25,0xc5,0x30,0x03,0x6d,0x64,0x01,
0xab,0xea,0xa0,0x02,0xbc,0x25,0x05,0xd7,0x6c,0x00,0x07,0xd5,0xb4,0x00,0x72,0x00,
0x40,0x06,0x8d,0x88,0x00,0x3a,0xaa,0x20,0x19,0x96,0xa9,0x01,0xa8,0x6b,0x80,0x06,
0xed,0xa2,0x02,0xb9,0x98,0x70,0x46,0x75,0xd1,0x00,0xcd,0x73,0x70,0x4a,0x17,0xf2,
0x0b,0x40,0x91,0x00,0xaa,0xde,0xd1,0x06,0x59,0xa6,0x01,0xe9,0xec,0x80,0x7c,0xcb,
0x68,0x00,0xa8,0x4e,0x10,0x09,0xb6,0xd2,0x01,0xaa,0x70,0x71,0x1b,0xf1,0x28,0xa0,
0x83,0x00,0x6b,0x6e,0xb2,0x0a,0xd3,0xc4,0x00,0x37,0x85,0x40,0x2b,0xee,0xb9,0x02,
0xa9,0x99,0x20,0x26,0xa7,0xb4,0x00,0x96,0x10,0x40,0x05,0x5b,0x7c,0x10,0x9a,0xd8,
0xd0,0x06,0xaa,0x8a,0x10,0xd9,0x98,0x60,0x6d,0x74,0x43,0x00,0x96,0xbc,0x80,0x09,
0x95,0x85,0x00,0xa6,0xc2,0x50,0x4f,0x01,0xf2,0x44,0xcd,0xda,0x30,0x05,0x77,0x00,
0x0b,0xdd,0xd9,0x00,0xb9,0x76,0x90,0x0b,0xc7,0x78,0x00,0xf6,0x2c,0x60,0x29,0x00,
0x65,0x04,0xdb,0xbd,0x30,0x09,0xcc,0xeb,0x30,0x8c,0xbd,0x70,0x0b,0x96,0x8a,0x00,
0x8b,0xb8,0x60,0x3a,0xdb,0xb8,0x00,0x6a,0x67,0x00,0x04,0xed,0x71,0x05,0x71,0x05,
0x50,0x09,0xcc,0xe9,0x20,0xbc,0xbc,0xc0,0x08,0x9d,0xa9,0x00,0xaa,0xdc,0x80,0x08,
0x8b,0x97,0x04,0xd2,0xec,0x30,0x0a,0x8b,0xc1,0x00,0xa8,0xaa,0x50,0x1e,0x18,0xf1,
0x0f,0xbb,0xc0,0x01,0xcb,0xa2,0xa0,0x00,0x72,0xaa,0xa0,0x05,0xd9,0x9a,0xa0,0x00,
0xc2,0x79,0x70,0x01,0xe7,0x6a,0x10,0x07,0x58,0xba,0x90,0x0a,0x0b,0x1a,0x80,0xd8,
0x00,0xf3,0x08,0x4b,0xab,0x0a,0xa9,0x1a,0x06,0x59,0xaa,0x2f,0x78,0xa9,0x8b,0x26,
0x83,0x0a,0x08,0x90,0x0a,0x3a,0x9a,0x1a,0xa0,0xb8,0xaa,0x01,0xf1,0x0c,0xa9,0x3d,
0xa1,0x0a,0xa9,0x71,0x00,0x3b,0x03,0x50,0x06,0xcb,0xb1,0x00,0x93,0x79,0x10,0x0a,
0x6c,0xa0,0x00,0x6a,0xb0,0x60,0x56,0x08,0xb4,0x20,0x0a,0xc0,0x0c,0xa9,0x10,0x08,
0x95,0xd3,0x02,0xab,0xb8,0xc0,0x04,0xcd,0x15,0x0d,0xa1,0xa0,0x09,0xae,0xab,0x00,
0xa0,0xa0,0xa0,0x55,0x0b,0x70,0x0c,0x00,0x1e,0x05,0xf1,0x0c,0x8b,0x4e,0xc2,0x1b,
0xa1,0xb8,0x21,0xdd,0xa9,0xb0,0x2d,0xd8,0x94,0x03,0xbb,0xbc,0x60,0x5c,0xd8,0xd7,
0x08,0x7a,0x0a,0x00,0x92,0xb0,0xa0,0x81,0x00,0xf0,0x08,0x70,0x72,0x09,0xb4,0xd8,
0x1d,0xdb,0xa9,0x1d,0xdb,0x99,0x3b,0xb9,0xd7,0x5d,0xd0,0xa6,0x87,0x91,0xd9,0x83,
0x9b,0x38,0x1d,0x08,0xf1,0x0b,0x4b,0x64,0x10,0x56,0x66,0x61,0x04,0xbb,0xb5,0x00,
0x59,0x99,0x30,0x08,0x99,0x91,0x00,0xb1,0x17,0x50,0x0b,0x00,0x74,0x01,0xeb,0xbd,
0x3d,0x19,0xf0,0x0d,0xbc,0x8a,0xc3,0x0c,0x8a,0xba,0x01,0xda,0x8b,0x90,0x18,0xcb,
0x59,0x01,0x9c,0xcc,0x50,0x06,0x99,0x90,0x01,0xb8,0x8a,0x30,0x3c,0x99,0xb3,0x00,
0xed,0x27,0xf0,0x21,0x35,0x0b,0x00,0x14,0x01,0xc1,0x01,0xc6,0xae,0xa1,0x0a,0x02,
0x90,0x00,0xa1,0x38,0x00,0x0e,0x65,0x60,0x04,0x40,0x64,0x00,0x08,0x20,0xc0,0x01,
0x50,0xb0,0x2a,0x02,0x90,0x09,0x15,0xa0,0x0b,0x09,0xc0,0x0d,0x9b,0x92,0x47,0xa4,
0x48,0x01,0x70,0x04,0x8b,0x01,0xf1,0x22,0x17,0x43,0x08,0x94,0x6c,0x58,0x73,0x48,
0x0a,0x47,0xa2,0x0a,0x0c,0x90,0x2f,0x5d,0x60,0x77,0xc3,0xb5,0x04,0x10,0x05,0x01,
0x00,0x00,0x08,0x4a,0xbb,0x00,0x50,0x0a,0x19,0x00,0x0a,0x0a,0x3e,0xb7,0x0a,0x38,
0x00,0x0b,0xa6,0x00,0x1c,0x96,0x0a,0x11,0x2c,0x29,0x16,0xf1,0x0c,0x83,0xa0,0x00,
0x01,0x5d,0xdb,0x02,0x95,0x3b,0x00,0x0a,0x11,0xb1,0x00,0xa6,0xad,0x90,0x0b,0x33,
0x70,0x02,0xd3,0x55,0x00,0x21,0x06,0x40,0x2e,0x0c,0xf0,0x2a,0x84,0xbc,0x70,0x01,
0x3a,0x37,0x01,0xb6,0x53,0xc0,0x08,0x6a,0xa4,0x00,0xa1,0xa6,0x50,0x0b,0x99,0xa0,
0x04,0x96,0xab,0x30,0x00,0x50,0x13,0x00,0x09,0x10,0xa0,0x00,0x36,0xdc,0xb2,0x29,
0x09,0x20,0x00,0xa1,0xbb,0x90,0x0b,0x0b,0x0a,0x00,0xca,0x92,0x80,0x4a,0x94,0x46,
0x00,0x09,0x5c,0x20,0x02,0xb9,0x1b,0xd0,0xbd,0xb1,0x00,0x20,0x91,0x02,0xc0,0x8a,
0x00,0x0a,0x1a,0xc8,0x00,0x0c,0x32,0xf1,0x17,0x67,0xa0,0x02,0xd8,0x7a,0x00,0x22,
0xcd,0xd7,0x00,0x08,0x10,0x79,0x10,0x36,0x8c,0xa1,0x28,0x12,0xa2,0x00,0xa5,0xeb,
0x00,0x0a,0x18,0xa0,0x00,0xb4,0x7a,0x20,0x1e,0x8b,0x98,0x03,0x18,0x36,0x80,0x98,
0x00,0xf2,0x0b,0x8a,0xb1,0x01,0x42,0xb0,0x02,0xa5,0xbe,0xb1,0x0a,0x01,0x90,0x00,
0xb2,0xcc,0x60,0x0b,0x66,0x19,0x01,0xe9,0x53,0x70,0x22,0x7c,0xb6,0xc2,0x11,0xf2,
0x0a,0xb3,0x20,0x02,0x7a,0x8c,0x22,0x99,0xb8,0x91,0x0a,0x59,0xaa,0x00,0xb6,0x6a,
0xa0,0x0b,0x6a,0x6a,0x00,0xe6,0x10,0xa0,0x34,0x05,0x2f,0x0e,0xf2,0x0c,0x74,0x72,
0xa0,0x01,0x3b,0xeb,0x21,0xa1,0x0b,0x00,0x09,0x3b,0xea,0x00,0xa1,0x0a,0x00,0x0b,
0x7c,0xda,0x01,0xe5,0x47,0x00,0x23,0x05,0x50,0xe3,0x16,0xf2,0x09,0xbd,0xa1,0x02,
0x37,0xb3,0x02,0xa0,0x98,0xa0,0x0b,0x5b,0xab,0x00,0xb2,0xaa,0x40,0x0b,0x95,0x29,
0x02,0xfb,0x43,0x70,0x11,0x02,0x39,0xf1,0x28,0x08,0x4d,0xac,0x00,0x4b,0x2b,0x2a,
0x19,0x96,0x0a,0x3a,0xc7,0x0b,0x6b,0xc8,0x0d,0x4b,0xa0,0x49,0xb5,0x67,0x00,0x20,
0x02,0x01,0x01,0x01,0x00,0xa2,0xa4,0x70,0x02,0x5b,0xe7,0x03,0xa7,0x30,0xa0,0x0a,
0x9a,0x98,0x00,0xa1,0xaa,0x00,0x0e,0x87,0xa4,0x06,0x9b,0x1a,0x90,0x06,0x50,0xa8,
0x3b,0x00,0xf0,0x28,0x38,0xd8,0x10,0x24,0xad,0x80,0x1a,0x59,0xd9,0x10,0x93,0x99,
0x40,0x0a,0x4b,0x98,0x00,0xcb,0xba,0x60,0x39,0x83,0x64,0x00,0x08,0x5c,0x10,0x08,
0x29,0xd9,0x10,0x25,0x6c,0x50,0x1b,0x48,0x7c,0x00,0xa3,0x6a,0x60,0x0a,0x34,0xa0,
0x00,0xa7,0xdb,0x70,0x2e,0x7b,0xb1,0x02,0x39,0x02,0x60,0x6e,0x01,0xf1,0x0c,0xa5,
0xca,0xc2,0x04,0x76,0xa8,0x21,0x97,0x6b,0xa1,0x0a,0x98,0xab,0x00,0xab,0x9a,0xa0,
0x0e,0xcb,0xaa,0x04,0x6a,0x30,0xa0,0x05,0x55,0xc5,0x72,0x02,0xf1,0x0b,0x07,0x26,
0x00,0x85,0xdd,0xb0,0x15,0x4e,0x9a,0x01,0xc7,0xcc,0x90,0x0a,0x49,0x93,0x00,0xdd,
0xab,0x50,0x2d,0x92,0x74,0x05,0x1a,0xac,0xfe,0x04,0xf1,0x08,0x9b,0x70,0x06,0x93,
0xc0,0x0b,0xca,0xb6,0x06,0x49,0x55,0x08,0x3b,0x64,0x07,0x6a,0x62,0x05,0xb7,0xa1,
0x47,0x00,0x36,0x1b,0x00,0xf2,0x27,0x87,0x40,0x09,0x98,0xcd,0x40,0x9c,0xea,0xb0,
0x0b,0xc6,0xaa,0x01,0xcc,0x2d,0x50,0x0a,0x91,0xe3,0x04,0x98,0xb5,0xb0,0x20,0x03,
0x03,0x00,0x0b,0xc3,0x82,0x00,0xbc,0x2a,0xb2,0x1c,0xc1,0xa0,0x02,0xcb,0x9c,0x90,
0x4b,0xab,0x0b,0x00,0xa1,0xb0,0xa0,0x1d,0x5b,0x19,0x09,0x38,0xeb,0x6a,0x03,0xf0,
0x3c,0xd5,0xbc,0x05,0xa1,0x0b,0x1b,0xd6,0xab,0x16,0x87,0x30,0x3a,0xc9,0x19,0x5f,
0x46,0xc7,0x98,0x80,0x02,0x80,0x8b,0xb9,0x00,0xa4,0xec,0x20,0x9d,0x3a,0x91,0x19,
0xb9,0x9a,0x01,0x88,0x6a,0x60,0x3a,0xba,0x0a,0x05,0xf4,0xc9,0x80,0x88,0x81,0x13,
0x08,0x08,0xbc,0x90,0x03,0xdb,0xb8,0x05,0x50,0x29,0x07,0xcb,0xc7,0x02,0x1b,0x00,
0x08,0x2d,0xb3,0x0c,0x1a,0x00,0x2d,0xa9,0x00,0x82,0x7c,0xb7,0x15,0x07,0xf1,0x28,
0xc9,0xbb,0x20,0xa9,0xa1,0x00,0x0a,0xcb,0xa9,0x02,0x87,0xa0,0xa0,0x4a,0x7d,0xa9,
0x05,0xa3,0xa0,0x00,0x7c,0xb9,0x00,0x06,0x53,0xdb,0x60,0x0b,0xca,0xad,0x00,0xaa,
0xb0,0xa0,0x0c,0xbc,0xad,0x01,0x84,0xd9,0xb0,0x4b,0x8a,0xa5,0x06,0xb3,0x8c,0x50,
0x9c,0xab,0xa4,0x01,0x07,0x50,0x70,0x66,0x0e,0xf1,0x28,0x2d,0x70,0x0a,0x98,0x8c,
0x00,0xac,0x6c,0x70,0x17,0x55,0xc8,0x03,0xba,0x81,0x72,0x5b,0x2a,0x99,0x06,0xc9,
0xa1,0x80,0x76,0x0d,0xb7,0x00,0x0b,0xb7,0x97,0x00,0xac,0xe9,0xc0,0x09,0x7d,0x96,
0x02,0xa6,0xca,0x10,0x4c,0x9d,0xa9,0x05,0xb2,0xaa,0x30,0x8d,0xb6,0xa8,0x03,0x0a,
0x0a,0x80,0x8d,0x07,0xf0,0x0c,0xb7,0xd9,0x10,0xa9,0x80,0x62,0x08,0x78,0xb7,0x01,
0x94,0x33,0x30,0x4b,0x78,0xd7,0x05,0xb2,0x89,0x90,0x8d,0xc4,0x79,0x02,0x15,0xc3,
0x50,0xec,0x02,0xf2,0x0b,0x03,0xc4,0x00,0x00,0xc5,0x95,0x00,0x0d,0x9c,0x50,0x02,
0xc9,0xcd,0x03,0xbc,0xae,0x30,0x00,0x2b,0xd0,0x01,0x8a,0x1a,0x00,0x43,0x3c,0x92,
0x28,0xf2,0x04,0x9f,0xbb,0xb2,0x03,0x9a,0x10,0x00,0xdc,0xeb,0x80,0x01,0x0b,0x00,
0x03,0xbb,0xeb,0x80,0x00,0x0a,0xf1,0x33,0x00,0x18,0x06,0xf1,0x0b,0x08,0x20,0x0c,
0xb8,0xeb,0x10,0xb6,0x6d,0x70,0x2e,0xb7,0x83,0x01,0x77,0xaa,0xb0,0x3a,0xc5,0x57,
0x02,0xa2,0x5e,0x00,0x09,0x10,0x91,0x4e,0x04,0xf1,0x0c,0x60,0x90,0x00,0xcb,0x7d,
0x60,0x0a,0x7a,0x0c,0x12,0xec,0x51,0x70,0x14,0x6a,0xb2,0x02,0xac,0xa0,0x00,0x39,
0x3b,0x09,0x00,0x81,0x9b,0x30,0x4d,0x0c,0xf3,0x0c,0x80,0x73,0x00,0xb8,0x9d,0xb0,
0x0b,0x5a,0x99,0x12,0xeb,0xa9,0xa0,0x16,0x5d,0xdc,0x02,0xaa,0x99,0xa0,0x3a,0x48,
0x9a,0x00,0x94,0xdd,0x90,0x92,0x08,0xf4,0x62,0x00,0x18,0x5b,0xb0,0x0c,0xb2,0x77,
0x00,0xb6,0x5c,0x70,0x2e,0xc6,0x05,0x01,0x66,0xad,0x60,0x19,0xc1,0x90,0x03,0xb3,
0x27,0x00,0x08,0x6b,0xc5,0x00,0x07,0xd9,0xa8,0x00,0x5c,0x5c,0x81,0x07,0x85,0xc5,
0x00,0xcb,0x7a,0x90,0x0b,0x70,0xc7,0x01,0x9d,0x4f,0x20,0x3a,0xda,0xc9,0x00,0x28,
0x99,0x80,0x05,0x30,0xb0,0x01,0xd9,0xaa,0xa0,0x0d,0x39,0x37,0x05,0xea,0xd6,0xa0,
0x28,0x17,0xb1,0x04,0xc7,0x58,0x00,0x3b,0x1b,0xa0,0x00,0xa8,0x25,0x40,0x05,0x70,
0x87,0x10,0xc7,0x9d,0xb2,0x0c,0x49,0xd8,0x03,0xe9,0xbb,0xb0,0x17,0x59,0xaa,0x03,
0xcb,0xcd,0xb0,0x2a,0x56,0x79,0x00,0xa6,0x68,0x70,0x78,0x00,0xf1,0x29,0x4c,0x7a,
0xc1,0x07,0x98,0xbc,0x00,0x87,0x99,0xa1,0x0d,0xc9,0x6a,0x01,0x78,0xa4,0xa0,0x18,
0xcb,0x99,0x02,0x97,0xdb,0xc0,0x07,0x20,0x36,0x00,0x03,0x40,0xb0,0x00,0xda,0xa7,
0x90,0x0a,0x88,0x68,0x12,0xea,0xab,0x90,0x18,0x7c,0xc8,0x03,0xcc,0xca,0x80,0x1a,
0x77,0x28,0x00,0x98,0x8a,0x40,0x8c,0x10,0xf0,0x29,0x22,0x80,0x00,0x25,0xbc,0xb0,
0x1b,0x26,0x4b,0x00,0x74,0xa0,0xb0,0x09,0x4a,0x0b,0x00,0xaa,0x5c,0x70,0x1e,0x70,
0x02,0x07,0x2a,0xbb,0x90,0x06,0x10,0x0b,0x00,0x36,0xab,0xd1,0x19,0x16,0x38,0x00,
0x84,0xa5,0x60,0x09,0x22,0x75,0x00,0xa2,0x79,0x20,0x1e,0x37,0x70,0x07,0x4a,0xbb,
0x80,0x01,0xe2,0x03,0xf1,0x0b,0xab,0xb0,0x02,0x40,0x00,0x01,0xa5,0xbb,0xb0,0x07,
0x48,0x41,0x00,0x82,0xb4,0x60,0x0a,0x7e,0xca,0x01,0xe5,0x10,0x40,0x74,0xab,0xb8,
0xce,0x32,0xf1,0x0d,0x92,0xba,0x90,0x02,0x3b,0x31,0x01,0xb3,0xb7,0xc0,0x08,0x7c,
0x78,0x00,0x98,0x3f,0x10,0x0a,0xa7,0xa6,0x01,0xe7,0x70,0x60,0x74,0xaa,0xb9,0x00,
0x7e,0x04,0xf1,0x28,0xbe,0xb3,0x01,0x22,0xa0,0x00,0xb2,0x9a,0x60,0x07,0x8c,0x7a,
0x00,0x99,0x55,0x70,0x0a,0x06,0x40,0x01,0xb8,0x10,0x50,0x71,0x7b,0xc9,0x00,0x09,
0x07,0x3a,0x00,0x84,0xec,0xe2,0x19,0x0a,0x27,0x00,0x99,0xec,0xd1,0x0a,0x29,0x64,
0x00,0xb9,0x27,0x20,0x1d,0x70,0x33,0x07,0x29,0xbc,0x90,0x7f,0x16,0xf2,0x0b,0x2b,
0x20,0x05,0x4c,0x98,0x12,0xb3,0xca,0x30,0x07,0x56,0xc4,0x00,0x97,0xad,0x80,0x0a,
0x04,0x70,0x02,0xb6,0x12,0x40,0x81,0x8b,0xc9,0x16,0x05,0xf0,0x08,0xba,0xd0,0x01,
0x3b,0x0a,0x01,0x91,0xea,0xd0,0x09,0x49,0x60,0x00,0xa6,0x69,0x30,0x0b,0xa1,0x2a,
0x01,0xe8,0x00,0x40,0x7c,0x00,0xf0,0x09,0x09,0x10,0xa8,0x00,0x46,0xad,0xa1,0x1a,
0x18,0xe2,0x00,0x92,0xbc,0x70,0x0a,0x68,0x7a,0x00,0xb7,0x46,0x50,0x1d,0x43,0x32,
0x5c,0x00,0x00,0x89,0x1c,0xf1,0x05,0x3d,0xab,0x02,0x3d,0x8c,0x19,0x3a,0x3a,0x08,
0x7c,0xa7,0x08,0x79,0xa7,0x0a,0x78,0xb5,0x1d,0x85,0x06,0xd4,0x00,0x00,0x8b,0x38,
0xf0,0x07,0xa0,0x02,0x7a,0xdb,0x21,0x73,0x4a,0x60,0x09,0x96,0x9a,0x00,0x86,0xcc,
0x80,0x0a,0x1b,0x10,0x01,0xe7,0x60,0x00,0x1f,0x00,0xf4,0x09,0x09,0x16,0xa0,0x00,
0x46,0xce,0xa0,0x17,0x20,0xa0,0x00,0xa7,0xed,0xa0,0x0a,0x1b,0xa4,0x00,0xb9,0x49,
0xb0,0x1d,0x60,0x03,0xb3,0x00,0xf1,0x29,0xb2,0xa9,0xc0,0x03,0x3a,0xa7,0x02,0xa7,
0x8a,0xb0,0x0a,0x9b,0xcc,0x00,0xaa,0xbb,0xa0,0x0a,0x96,0x49,0x02,0xe5,0x03,0x40,
0x73,0xba,0xb8,0x00,0x09,0x48,0xd8,0x10,0x23,0x5b,0x30,0x28,0x68,0xaa,0x00,0xb6,
0xcc,0x90,0x0a,0x2d,0xc1,0x00,0xba,0x75,0x90,0x2e,0x34,0x13,0x07,0x1a,0xbc,0x80,
0x13,0x12,0xf4,0x09,0xdd,0xc3,0x03,0x7a,0xaa,0x32,0x92,0xba,0x71,0x0b,0x2c,0x9a,
0x00,0xb7,0xa7,0x90,0x0b,0x03,0xd1,0x02,0xea,0xa1,0x00,0x83,0x4c,0x19,0xf1,0x0b,
0x81,0x80,0x06,0x59,0xd9,0x11,0x83,0xcb,0x80,0x09,0x7b,0x9a,0x00,0xa7,0x97,0x80,
0x0b,0x77,0x77,0x02,0xe8,0x99,0x30,0x83,0xab,0xb7,0x25,0x0c,0xf0,0x45,0xa6,0xba,
0x91,0x02,0x37,0x8a,0x00,0x91,0xa6,0x60,0x09,0x75,0xa2,0x00,0xa6,0xac,0x80,0x0a,
0x86,0x68,0x00,0xd9,0x99,0x50,0x64,0xaa,0xba,0x00,0x00,0xb0,0xcd,0x40,0xaa,0x8b,
0xb1,0x09,0x65,0xcb,0x02,0x9b,0x7a,0x90,0x1b,0xa4,0x8a,0x02,0x87,0x7c,0x40,0x4d,
0xd6,0x50,0x05,0x40,0x64,0x00,0x0b,0xe7,0xac,0x00,0x6a,0x00,0xa0,0x1e,0xc6,0x0a,
0x03,0xb9,0xab,0x70,0x58,0x9a,0x30,0x06,0x9c,0xa1,0x30,0x8a,0xda,0x0a,0x08,0x00,
0x5b,0x40,0xe3,0x01,0xf1,0x0c,0x9b,0xbb,0x90,0x04,0x2a,0x19,0x00,0x47,0x98,0x30,
0x01,0x49,0x40,0x01,0xae,0xfb,0x80,0x05,0xaa,0x90,0x05,0xb4,0x78,0x70,0x20,0x55,
0x03,0x4d,0x16,0xf1,0x0c,0xbc,0xac,0xd0,0x09,0xb4,0xa9,0x00,0xab,0x5d,0x90,0x1d,
0xa4,0x83,0x10,0xe8,0x7d,0x70,0x7b,0x3a,0xe8,0x01,0x90,0x19,0x00,0x09,0x02,0x80,
0xc6,0x18,0x30,0x6a,0xea,0x70,0x3e,0x43,0xf1,0x21,0x59,0xe9,0x30,0x0b,0x9e,0xa7,
0x00,0xc6,0xc9,0x60,0x05,0x7b,0x61,0x01,0x9b,0xc9,0x40,0x6a,0xcd,0xa8,0x00,0x05,
0xa8,0x88,0x00,0x7d,0xcd,0x70,0x1b,0xcc,0xcb,0x10,0x78,0xa9,0x20,0x0a,0x8c,0xb4,
0x00,0x8a,0xc9,0x10,0x19,0xbb,0x93,0x05,0x9b,0xb9,0x22,0x06,0xf1,0x0c,0xaa,0x3d,
0x91,0x0a,0xb7,0x62,0x00,0x4b,0xb2,0x70,0x06,0xc8,0xa2,0x01,0x79,0xd7,0x80,0x0a,
0xad,0xa5,0x00,0x73,0x77,0x00,0x5d,0xcc,0xe6,0x14,0x01,0xf2,0x0c,0x75,0x08,0x30,
0x0c,0x81,0xa1,0x02,0xc7,0x6d,0x60,0x08,0x15,0xd5,0x03,0xe7,0x0c,0x00,0x0a,0x00,
0xb0,0x00,0xd9,0x29,0x00,0x46,0x03,0x80,0xb6,0x22,0xf0,0x01,0x09,0x10,0x0b,0x88,
0xd9,0x01,0xd8,0xaa,0x90,0x09,0x29,0xaa,0x03,0xd8,0xde,0xc0,0xc8,0x06,0x70,0xd7,
0x27,0x00,0x35,0x04,0x60,0x00,0x73,0x32,0xf1,0x0c,0x99,0x8d,0xc0,0x1c,0x53,0x7b,
0x01,0xd8,0x55,0xb0,0x09,0x2d,0xbb,0x04,0xe7,0xa1,0xa0,0x0b,0x0b,0x28,0x00,0xd7,
0xb3,0x70,0x57,0x7e,0xca,0xad,0x04,0xf0,0x09,0x44,0xb4,0x4a,0x48,0xb5,0x3b,0x87,
0xc4,0x2b,0x68,0xb2,0x5b,0x79,0xd6,0x3a,0x90,0x90,0x5a,0xb2,0x42,0x55,0x9c,0xc8,
0x00,0xdf,0x2c,0xf2,0x0b,0x6a,0x41,0x1c,0x67,0xa8,0x01,0xc5,0xcb,0xa0,0x0a,0x19,
0x7a,0x03,0xe7,0x99,0xa0,0x0b,0x3a,0x96,0x02,0xd7,0xb9,0x50,0x10,0x60,0x06,0x1c,
0x07,0xf2,0x0b,0x55,0xa0,0x1d,0x7c,0xbc,0x01,0xc6,0xca,0xb1,0x0a,0x07,0x73,0x04,
0xe6,0xb5,0xa0,0x0a,0x2d,0xa8,0x00,0xd9,0x63,0x70,0x67,0x5c,0xb5,0x20,0x00,0xf4,
0x0b,0x58,0x90,0x0c,0x7b,0x9d,0x12,0xb6,0x7b,0xc1,0x0a,0x6a,0xd7,0x02,0xd7,0xac,
0x50,0x09,0x89,0xd7,0x00,0xeb,0x66,0x20,0x55,0x77,0xbb,0xe8,0x0a,0xf2,0x0c,0x83,
0x4c,0x50,0x0c,0x79,0x6b,0x02,0xb6,0xaa,0x92,0x0b,0x2c,0x8a,0x03,0xd7,0xb8,0xb0,
0x0a,0x2d,0xd5,0x00,0xd6,0x9a,0x50,0x46,0xa1,0x8a,0xa3,0x17,0xf0,0x08,0x26,0x00,
0xb5,0xa1,0x01,0xa1,0x00,0x2c,0xee,0xcb,0x04,0x7a,0x00,0x06,0x56,0x50,0x08,0x84,
0xc2,0x09,0x50,0x14,0x02,0xa2,0x24,0xf1,0x0b,0x9b,0xd0,0x00,0x70,0x0c,0x00,0xc0,
0x00,0xc0,0x0c,0x00,0x0c,0x00,0xb0,0x01,0xb0,0x2a,0x00,0x29,0x03,0x80,0x24,0x80,
0x56,0x09,0xc2,0x3c,0x03,0xf2,0x0c,0x96,0xbb,0xd2,0x02,0x10,0x78,0x20,0xba,0xbd,
0xb0,0x19,0x1c,0x7b,0x03,0x8a,0x75,0xb0,0x4a,0x96,0x3b,0x06,0x45,0xa1,0xa0,0x83,
0x01,0xc5,0x59,0x01,0xf6,0x0b,0x9b,0xa0,0x00,0x40,0x0b,0x00,0xb6,0xa5,0xb0,0x0b,
0x94,0x7b,0x00,0xaa,0x45,0xb0,0x19,0x8a,0x49,0x03,0x70,0x23,0x70,0x46,0x08,0xc2,
0x20,0x00,0xf1,0x07,0x0a,0x00,0xb6,0x87,0xb0,0x0b,0x9a,0x9b,0x00,0xaa,0x37,0xb0,
0x19,0xcc,0x6a,0x03,0x70,0x22,0x80,0x46,0x07,0xc3,0x60,0x00,0xf1,0x28,0x95,0xaa,
0xc1,0x07,0x05,0x89,0x12,0xba,0xca,0xc0,0x4b,0xbc,0x8a,0x05,0x99,0xa7,0xa0,0x78,
0xbc,0x9a,0x08,0x36,0x99,0x90,0x90,0x11,0xb4,0x00,0x0c,0xd9,0xbc,0x10,0xba,0x92,
0xa1,0x0b,0x9a,0xae,0x02,0xa8,0xa0,0xb0,0x37,0xad,0xac,0x05,0xc7,0x80,0xa0,0x63,
0x77,0x58,0x08,0x29,0x2d,0xb0,0x04,0xf5,0x28,0xcd,0x1c,0x00,0x0a,0xa4,0xc4,0x00,
0xaa,0xb1,0xb0,0x2a,0xab,0x4b,0x23,0x69,0xa4,0x50,0x5c,0x4a,0x64,0x06,0x36,0x58,
0x20,0x72,0xa0,0x90,0x00,0x0c,0xd0,0xa1,0x00,0xab,0xcb,0xd1,0x0b,0x96,0x05,0x12,
0xc6,0x90,0x50,0x37,0x9c,0xc3,0x05,0xc4,0xc1,0x50,0x63,0x0b,0x0a,0x08,0x20,0xbb,
0x32,0x14,0xf4,0x0c,0xbd,0x63,0xa0,0x0a,0xaa,0x0a,0x00,0xd9,0xc9,0xd1,0x1c,0xaa,
0x5a,0x03,0x97,0x9a,0x90,0x4c,0x47,0x57,0x06,0x33,0x85,0x50,0x72,0x59,0xd2,0x5a,
0x0e,0xf5,0x29,0xcd,0x3e,0x90,0x0a,0xad,0x7b,0x00,0xc7,0x6f,0x60,0x2c,0x96,0x66,
0x23,0x89,0xad,0x80,0x5a,0x65,0xa0,0x06,0x34,0xbd,0x70,0x82,0x03,0x70,0x00,0x0c,
0xda,0xac,0x10,0xab,0xb5,0xb1,0x0b,0x8b,0x5c,0x02,0xb7,0xdb,0xc0,0x37,0x99,0xa6,
0x05,0xd5,0x8c,0x40,0x63,0x4d,0x98,0x08,0x27,0x40,0xa0,0x40,0x00,0xf2,0x0b,0x0d,
0x00,0x0a,0xa8,0x87,0x00,0xcb,0xda,0xd0,0x2c,0x60,0xa0,0x03,0x8a,0xbd,0x80,0x5c,
0x67,0xa5,0x06,0x39,0x57,0x90,0x72,0x4c,0x35,0x20,0x00,0xf1,0x0b,0x29,0x00,0x0a,
0x9a,0xbd,0x00,0xb8,0x84,0x70,0x2b,0x79,0x77,0x03,0x7a,0x70,0xa0,0x5c,0x6b,0x6b,
0x06,0x25,0x40,0xa0,0x81,0x6b,0xa8,0x14,0x03,0xf2,0x27,0xba,0x88,0x91,0x0a,0x86,
0xb5,0x10,0xd9,0x9c,0xb0,0x2c,0x6a,0xcb,0x03,0x89,0x8b,0xa0,0x5a,0x68,0x69,0x06,
0x28,0x86,0x40,0x83,0x7a,0xa9,0x00,0x0b,0xc8,0x99,0x20,0x99,0xa9,0xa0,0x0c,0x5c,
0x8a,0x01,0xb7,0x99,0x70,0x38,0xb9,0x6a,0x05,0xc8,0x8a,0x90,0x62,0x84,0x49,0x08,
0x19,0x2b,0x3d,0xf0,0x44,0x0b,0xc8,0xda,0x10,0x99,0x74,0xa0,0x0b,0x79,0xa9,0x22,
0xb5,0xc9,0xa0,0x38,0x8d,0xaa,0x05,0xb3,0x8b,0x40,0x62,0x8b,0xc9,0x08,0x10,0x54,
0x00,0x00,0x21,0x00,0x06,0xcc,0xa8,0x1e,0x9b,0x95,0x1a,0x9c,0x94,0x0a,0x6c,0x64,
0x06,0x4c,0x43,0x29,0xef,0xa6,0x19,0x99,0xb3,0x53,0x46,0x16,0x04,0x9d,0x98,0x00,
0xa9,0xd9,0xb0,0x09,0x99,0x89,0x00,0x0a,0x98,0x00,0x2a,0x88,0x98,0x00,0x58,0xab,
0x00,0x02,0x9b,0x40,0x00,0x00,0x63,0x00,0x1c,0x00,0xf1,0x09,0xb9,0xd9,0xb0,0x0b,
0x8a,0x8b,0x00,0x68,0x69,0x50,0x07,0x8c,0x75,0x01,0xcd,0xda,0x70,0x27,0x99,0x27,
0x03,0x59,0xab,0x40,0x9e,0x0c,0xf2,0x42,0x9d,0x98,0x00,0xdb,0xeb,0xd2,0x08,0xca,
0xc7,0x10,0x79,0x9a,0x60,0x0b,0x77,0x73,0x02,0xcb,0xb8,0x50,0x75,0xb8,0xd2,0x06,
0x67,0x14,0x60,0x07,0xd4,0xb3,0x00,0x9d,0x98,0xa0,0x1a,0xb6,0xcc,0x00,0xa9,0x8d,
0xd1,0x2c,0xc2,0xaa,0x04,0xbc,0x5c,0x40,0x53,0x91,0x80,0x06,0x88,0xb4,0x00,0x00,
0x65,0xb0,0x00,0xad,0x5e,0xb2,0x01,0xa5,0x80,0x00,0x8e,0x5d,0x80,0x02,0xc5,0x50,
0x03,0xab,0x7c,0x90,0x0a,0x59,0x20,0x01,0xb0,0x4a,0x01,0x10,0x09,0x56,0x47,0xf0,
0x23,0xd6,0x30,0x0b,0xa8,0x9b,0x00,0xb9,0xb5,0xb0,0x0a,0x96,0x59,0x01,0x9b,0xc5,
0x80,0x38,0x99,0x56,0x04,0xde,0xec,0x50,0x05,0xa1,0x91,0x00,0x8a,0x7e,0xa1,0x0c,
0xc5,0xd6,0x02,0xcc,0x0b,0x00,0x2c,0x99,0xdb,0x05,0xda,0x28,0xa0,0x0a,0x03,0xa8,
0x00,0xa0,0x45,0xda,0x0b,0xf1,0x09,0x00,0x4c,0x5c,0x60,0x1b,0xeb,0xeb,0x10,0x25,
0x54,0x00,0x09,0x77,0xb4,0x00,0xaa,0xad,0x30,0x0b,0x00,0x91,0x00,0xdb,0xbe,0x25,
0x47,0xf2,0x24,0x01,0xc1,0x00,0x06,0xba,0xc5,0x00,0x74,0xb6,0x50,0x09,0x3b,0x83,
0x00,0x96,0x98,0x10,0x04,0xc9,0xa1,0x05,0x91,0x04,0x70,0x0a,0xc8,0xdb,0x30,0x28,
0x0a,0x10,0x03,0x7a,0xad,0x00,0x55,0xaa,0xa0,0x06,0x4a,0xaa,0x00,0x82,0x9a,0x80,
0x39,0x17,0xc1,0x08,0xa7,0x71,0xb5,0x1a,0xf2,0x2a,0x69,0xea,0x11,0xb8,0x1c,0x00,
0x08,0x2d,0x9b,0x00,0xa1,0x9a,0xa0,0x0b,0x29,0x9a,0x00,0xc7,0xa8,0x70,0x78,0x3b,
0xb2,0x00,0x0b,0x21,0x70,0x02,0x75,0x8c,0xb2,0x03,0x9b,0x5b,0x50,0x05,0xab,0x98,
0xb0,0x06,0xaa,0x9a,0x80,0x08,0xa9,0x99,0x80,0x09,0x99,0x9a,0x80,0x0a,0x9a,0xab,
0x40,0x16,0x1d,0x6b,0x3b,0x00,0x0f,0x05,0xf2,0x28,0x2b,0x6d,0xa2,0x0b,0x26,0xd6,
0x00,0x2a,0xa6,0xa0,0x0a,0x3a,0xaa,0x02,0x65,0x99,0xa0,0x09,0x49,0xb4,0x06,0x95,
0xa5,0x80,0x30,0x30,0x02,0x00,0x08,0xc8,0xcb,0x20,0x5b,0x2b,0x40,0x06,0x77,0x8b,
0x01,0xcd,0xca,0x90,0x07,0x69,0xa9,0x00,0x91,0x7a,0x60,0x2a,0x08,0xb1,0x06,0xb4,
0x51,0xbf,0x28,0xf1,0x67,0x92,0xbc,0x20,0x9a,0x78,0x40,0x0b,0xb6,0xbc,0x00,0x7c,
0x8c,0x90,0x0a,0xba,0xb8,0x05,0x7e,0x8a,0x70,0x08,0x55,0xc2,0x05,0x42,0x80,0x60,
0x0a,0xb7,0xcc,0x20,0xbc,0x7c,0x90,0x0c,0xc9,0x6a,0x01,0x99,0x9b,0x90,0x27,0x76,
0xa6,0x05,0xbb,0x5b,0x40,0x8d,0x57,0x07,0x08,0x1a,0xbb,0x80,0x00,0x8e,0x8c,0xb2,
0x00,0x96,0x4a,0x50,0x00,0xed,0xa9,0xb0,0x02,0x98,0x7a,0x80,0x04,0x87,0x99,0x80,
0x07,0x97,0x8a,0x70,0x0b,0x2a,0x7c,0x30,0x08,0x82,0x80,0x60,0x00,0xbb,0xbb,0x80,
0x00,0xb2,0x38,0x80,0x00,0xbb,0x87,0x50,0x00,0xa6,0xc7,0x30,0x03,0x77,0xa8,0x20,
0x06,0x6a,0xaa,0x30,0x0b,0x81,0x4b,0x90,0x28,0x00,0x07,0x7c,0x00,0xf2,0x07,0xab,
0xb9,0x00,0x00,0x49,0xa0,0x00,0x7b,0x10,0x00,0x97,0x00,0x00,0xb9,0x70,0x00,0xb0,
0x50,0x00,0x92,0xa0,0x00,0xd4,0x33,0xf2,0x29,0x82,0x6c,0x80,0x0b,0xbc,0xdc,0x14,
0x9a,0x8d,0x81,0x4a,0x1a,0xa7,0x00,0xa2,0x86,0xa0,0x0b,0x58,0x88,0x02,0xc7,0xbb,
0x40,0x00,0x30,0x03,0x00,0x09,0xc0,0x63,0x00,0x6a,0xac,0xc3,0x09,0xaa,0x97,0x33,
0xda,0xad,0xb1,0x00,0xa7,0xa0,0x05,0xb9,0x99,0x00,0x13,0x89,0xb0,0x02,0xd8,0x73,
0xb0,0x2f,0x03,0x50,0x21,0x00,0xdb,0x9b,0xd0,0x7c,0x23,0xf1,0x05,0x68,0x59,0x80,
0x08,0xa9,0xc2,0x00,0x99,0x8d,0x40,0x39,0x99,0x7a,0x00,0x00,0x23,0x80,0x00,0x08,
0xc2,0x35,0x01,0xf0,0x28,0x8c,0x0d,0x10,0x06,0xa6,0x97,0x00,0x9b,0xd9,0xd0,0x1d,
0x91,0x32,0x00,0x0b,0x88,0xa0,0x4c,0x89,0x86,0x00,0x37,0x58,0x10,0x2d,0x7a,0xe7,
0x00,0x06,0x7c,0x87,0x10,0x2a,0xaa,0x20,0x02,0xa4,0x93,0x00,0x28,0x88,0x10,0x1d,
0xaa,0x9a,0x03,0x9b,0x88,0xa0,0x47,0x88,0x68,0x05,0x40,0x5c,0xf3,0x18,0xf0,0x79,
0x07,0x66,0xd7,0x0a,0xaa,0x6a,0x0a,0xaa,0x6a,0x29,0x9b,0x34,0x39,0x79,0x9c,0x5a,
0x9a,0x8b,0x6b,0x35,0x0a,0x20,0x08,0xc4,0x03,0x5c,0x65,0x00,0x46,0xd6,0x60,0x05,
0xae,0xa6,0x01,0x9b,0xc9,0x90,0x02,0xea,0x90,0x01,0xaa,0x69,0x00,0x15,0xce,0x50,
0x04,0x61,0x06,0x60,0x06,0xda,0xe9,0x00,0x3b,0x4c,0x40,0x06,0x7d,0x77,0x00,0xaa,
0xeb,0x60,0x0b,0x9d,0xa6,0x00,0xda,0xdc,0x40,0x06,0x53,0x80,0x04,0x50,0x03,0x50,
0x0c,0xd7,0x79,0x00,0xee,0x69,0x70,0x2d,0xda,0xea,0x01,0x99,0x0d,0x10,0x1a,0x91,
0xe3,0x05,0x99,0x78,0x60,0x8a,0xcb,0x0a,0x06,0x56,0x50,0x70,0x08,0x9d,0x99,0x10,
0x0c,0x1b,0x20,0x00,0x5d,0x70,0x00,0x4c,0xab,0x30,0x19,0x60,0x79,0x00,0x1a,0x0a,
0x00,0x09,0x41,0x90,0x04,0x70,0x37,0x00,
};

static const etxFontCmap cmaps[] __FLASH = {
{ .range_start = 12289, .range_length = 28496, .glyph_id_start = 1, .list_length = 655, .type = 3, .unicode_list = 5248, .glyph_id_ofs_list = 0 },
};

const etxLz4Font lv_font_ss_XXS __FLASH = {
.uncomp_size = 25983,
.comp_size = 22936,
.line_height = 10,
.base_line = 2,
.subpx = 0,
.underline_position = -1,
.underline_thickness = 0,
.kern_scale = 0,
.cmap_num = 1,
.bpp = 4,
.kern_classes = 0,
.bitmap_format = 0,
.left_class_cnt = 0,
.right_class_cnt = 0,
.glyph_bitmap = 6558,
.class_pair_values = 0,
.left_class_mapping = 0,
.right_class_mapping = 0,
.cmaps = cmaps,
.compressed = lz4FontData,
.lvglFontBufSize = 26127,
};
