#include "definitions.h"
#include "lz4_fonts.h"

static const uint8_t lz4FontData[] __FLASH = {
0x16,0x00,0x01,0x00,0x60,0x0b,0x04,0x04,0x00,0xff,0x08,0x08,0x00,0xc0,0x03,0x00,
0xff,0x0e,0x00,0x00,0x0b,0x0b,0x01,0x00,0x04,0x14,0x08,0x00,0x40,0x08,0x00,0x00,
0x40,0x08,0x00,0x42,0x09,0x00,0x00,0x72,0x08,0x00,0x23,0xff,0xa4,0x08,0x00,0xf3,
0x02,0xd6,0x00,0x00,0x0b,0x09,0x0a,0x01,0xff,0x03,0x01,0x00,0x0b,0x0b,0x0a,0x00,
0xff,0x3a,0x08,0x00,0x22,0x71,0x01,0x18,0x00,0x13,0x9e,0x08,0x00,0x10,0xcb,0x18,
0x00,0x52,0x0b,0x00,0xfe,0x08,0x02,0x10,0x00,0x21,0x35,0x02,0x10,0x00,0x32,0xff,
0x72,0x02,0x30,0x00,0x13,0xa9,0x08,0x00,0x10,0xe0,0x08,0x00,0x52,0x0c,0x00,0xfe,
0x22,0x03,0x10,0x00,0x22,0x59,0x03,0x28,0x00,0x22,0x96,0x03,0x88,0x00,0x22,0xc2,
0x03,0x78,0x00,0x22,0xf4,0x03,0x50,0x00,0x22,0x31,0x04,0x30,0x00,0x13,0x73,0x08,
0x00,0x22,0xb5,0x04,0x38,0x00,0x22,0xec,0x04,0x20,0x00,0x22,0x29,0x05,0x08,0x00,
0x22,0x66,0x05,0x18,0x00,0x13,0x9d,0x08,0x00,0xa2,0xd4,0x05,0x00,0x0b,0x0a,0x0b,
0x01,0xff,0x0b,0x06,0x20,0x00,0xa2,0x48,0x06,0x00,0x0b,0x0a,0x0a,0x00,0xff,0x7a,
0x06,0x20,0x00,0x22,0xb1,0x06,0x78,0x00,0x22,0xee,0x06,0x58,0x00,0x22,0x30,0x07,
0x08,0x00,0x22,0x72,0x07,0x18,0x00,0x22,0xaf,0x07,0x30,0x00,0x22,0xe1,0x07,0x30,
0x00,0x22,0x18,0x08,0x48,0x00,0x22,0x55,0x08,0x20,0x00,0x22,0x92,0x08,0x30,0x00,
0x22,0xd4,0x08,0x20,0x00,0x22,0x0b,0x09,0x08,0x00,0x22,0x42,0x09,0x18,0x00,0x13,
0x84,0x08,0x00,0x22,0xc6,0x09,0x30,0x00,0x22,0x03,0x0a,0x10,0x00,0x13,0x45,0x08,
0x00,0x13,0x87,0x08,0x00,0x22,0xc9,0x0a,0x20,0x00,0x22,0x06,0x0b,0x08,0x00,0x22,
0x43,0x0b,0x18,0x00,0x13,0x85,0x10,0x00,0x13,0xc2,0x08,0x00,0x13,0xff,0x08,0x00,
0x22,0x3c,0x0c,0x08,0x00,0x13,0x79,0x08,0x00,0x22,0xb6,0x0c,0x30,0x00,0x13,0xf8,
0x10,0x00,0x22,0x35,0x0d,0x88,0x00,0x22,0x6c,0x0d,0x18,0x00,0x13,0xae,0x10,0x00,
0x22,0xe5,0x0d,0xc0,0x00,0x22,0x22,0x0e,0x18,0x00,0x22,0x64,0x0e,0x10,0x00,0x13,
0xa1,0x08,0x00,0x22,0xde,0x0e,0x28,0x00,0x22,0x15,0x0f,0x08,0x00,0x13,0x4c,0x08,
0x00,0x12,0x83,0x08,0x00,0x32,0x00,0xba,0x0f,0x38,0x00,0x13,0xfc,0x18,0x00,0x22,
0x33,0x10,0x08,0x00,0x13,0x6a,0x08,0x00,0x22,0xa1,0x10,0x80,0x00,0x22,0xde,0x10,
0x00,0x02,0x23,0x0b,0x11,0x78,0x01,0x12,0x11,0x10,0x00,0x22,0x75,0x11,0x28,0x00,
0x22,0xac,0x11,0x28,0x00,0x13,0xe9,0x20,0x00,0x22,0x26,0x12,0xf0,0x01,0x22,0x58,
0x12,0x28,0x00,0x22,0x85,0x12,0x28,0x00,0x13,0xbc,0x10,0x00,0x23,0xe9,0x12,0x28,
0x00,0x12,0x13,0x18,0x00,0x20,0x5d,0x13,0xd8,0x01,0x42,0x00,0xfe,0x94,0x13,0x48,
0x00,0x13,0xd1,0x10,0x00,0x22,0x08,0x14,0x28,0x00,0x21,0x45,0x14,0x10,0x00,0x20,
0xff,0x7c,0x08,0x00,0x52,0x0c,0x00,0xfe,0xb8,0x14,0xc8,0x01,0x13,0xea,0x08,0x00,
0x22,0x1c,0x15,0x30,0x00,0x22,0x53,0x15,0x28,0x00,0x22,0x8a,0x15,0x48,0x00,0x22,
0xc7,0x15,0x40,0x00,0x22,0x04,0x16,0x08,0x00,0x22,0x41,0x16,0x30,0x00,0x13,0x73,
0x10,0x00,0x13,0xb0,0x08,0x00,0x22,0xed,0x16,0x30,0x00,0x22,0x2a,0x17,0x40,0x00,
0x22,0x61,0x17,0x10,0x00,0x10,0x9e,0x10,0x00,0x52,0x08,0x01,0x00,0xc6,0x17,0xb8,
0x00,0x22,0xf3,0x17,0x30,0x00,0x22,0x30,0x18,0xb8,0x00,0x22,0x67,0x18,0x10,0x00,
0x22,0xa4,0x18,0x30,0x00,0x23,0xe1,0x18,0x58,0x02,0x12,0x19,0xf8,0x02,0x22,0x44,
0x19,0x10,0x00,0x22,0x7b,0x19,0x28,0x00,0x22,0xb8,0x19,0x28,0x00,0x22,0xf5,0x19,
0x20,0x01,0x22,0x27,0x1a,0x20,0x00,0x12,0x5e,0x08,0x00,0x23,0xfe,0x95,0x10,0x00,
0x22,0xcc,0x1a,0x28,0x00,0x22,0x09,0x1b,0x38,0x00,0x22,0x46,0x1b,0x10,0x00,0x22,
0x83,0x1b,0x20,0x00,0x90,0xba,0x1b,0x00,0x0b,0x09,0x09,0x01,0xff,0xe3,0x08,0x00,
0x53,0x0b,0x01,0xfe,0x15,0x1c,0xe0,0x01,0x12,0x1c,0x58,0x00,0x22,0x7e,0x1c,0x28,
0x03,0x23,0xb5,0x1c,0x58,0x03,0x03,0x08,0x00,0x22,0x23,0x1d,0x08,0x00,0x22,0x5a,
0x1d,0xd0,0x00,0x22,0x87,0x1d,0xf0,0x00,0x13,0xbe,0x18,0x00,0x21,0xf5,0x1d,0x50,
0x00,0x30,0xff,0x27,0x1e,0x28,0x01,0x42,0x01,0xff,0x59,0x1e,0x18,0x00,0x13,0x90,
0x08,0x00,0x22,0xc7,0x1e,0x88,0x00,0x22,0x04,0x1f,0x10,0x00,0x22,0x3b,0x1f,0x78,
0x01,0x23,0x72,0x1f,0x10,0x04,0x12,0x1f,0x60,0x01,0x22,0xdb,0x1f,0x80,0x00,0x22,
0x12,0x20,0x18,0x00,0x13,0x49,0x08,0x00,0x22,0x80,0x20,0x78,0x00,0x13,0xad,0x08,
0x00,0x22,0xda,0x20,0x68,0x00,0x22,0x0c,0x21,0x10,0x00,0x13,0x39,0x08,0x00,0x13,
0x66,0x08,0x00,0x13,0x93,0x08,0x00,0x22,0xc0,0x21,0x78,0x00,0x22,0xfd,0x21,0x48,
0x00,0x22,0x34,0x22,0x08,0x00,0x22,0x6b,0x22,0x18,0x00,0x13,0xa8,0x10,0x00,0x13,
0xdf,0x08,0x00,0x22,0x16,0x23,0x08,0x00,0x13,0x4d,0x08,0x00,0x13,0x84,0x08,0x00,
0x22,0xbb,0x23,0x30,0x00,0x13,0xf8,0x10,0x00,0x22,0x2f,0x24,0x10,0x00,0x13,0x6c,
0x08,0x00,0x22,0xa9,0x24,0x70,0x01,0x22,0xe6,0x24,0xc8,0x00,0x22,0x18,0x25,0x28,
0x00,0x22,0x4f,0x25,0x58,0x01,0x13,0x81,0x10,0x00,0x13,0xb8,0x08,0x00,0x13,0xef,
0x08,0x00,0x22,0x26,0x26,0x48,0x03,0x13,0x68,0x08,0x00,0x22,0xaa,0x26,0x18,0x00,
0x22,0xe1,0x26,0x58,0x00,0x22,0x1e,0x27,0x18,0x00,0x22,0x60,0x27,0x18,0x00,0x22,
0x97,0x27,0xd8,0x00,0x22,0xc4,0x27,0x20,0x00,0x22,0x01,0x28,0x20,0x00,0x22,0x43,
0x28,0x10,0x00,0x13,0x80,0x08,0x00,0x13,0xbd,0x08,0x00,0x13,0xfa,0x08,0x00,0x22,
0x37,0x29,0x40,0x00,0x13,0x6e,0x08,0x00,0x13,0xa5,0x08,0x00,0x22,0xdc,0x29,0x20,
0x00,0x22,0x19,0x2a,0x08,0x00,0x22,0x56,0x2a,0x18,0x00,0x13,0x8d,0x08,0x00,0x22,
0xc4,0x2a,0xa8,0x01,0x22,0xfb,0x2a,0xe0,0x00,0x22,0x38,0x2b,0x08,0x00,0x22,0x75,
0x2b,0xe8,0x00,0x22,0xa7,0x2b,0x38,0x00,0x22,0xe4,0x2b,0xb8,0x02,0x22,0x10,0x2c,
0x20,0x04,0x22,0x47,0x2c,0x18,0x00,0xa2,0x84,0x2c,0x00,0x0b,0x0a,0x09,0x01,0xff,
0xb1,0x2c,0x50,0x00,0x13,0xe8,0x18,0x00,0x22,0x25,0x2d,0x10,0x00,0x22,0x5c,0x2d,
0x50,0x00,0x22,0x99,0x2d,0xd8,0x00,0x22,0xc6,0x2d,0xd8,0x01,0x23,0xf8,0x2d,0x68,
0x01,0x12,0x2e,0x08,0x00,0x23,0x66,0x2e,0xd0,0x05,0x12,0x2e,0x30,0x00,0x22,0xda,
0x2e,0x48,0x00,0x22,0x17,0x2f,0x08,0x00,0x22,0x54,0x2f,0xe0,0x03,0x22,0x90,0x2f,
0x10,0x01,0x22,0xd2,0x2f,0x28,0x00,0x22,0x0f,0x30,0x08,0x00,0x13,0x4c,0x08,0x00,
0x22,0x89,0x30,0x48,0x00,0x22,0xc0,0x30,0x70,0x00,0x13,0xed,0x10,0x00,0x22,0x24,
0x31,0x38,0x00,0x22,0x66,0x31,0x28,0x00,0x22,0xa3,0x31,0x20,0x03,0x22,0xd5,0x31,
0x28,0x00,0x22,0x02,0x32,0x28,0x00,0x22,0x39,0x32,0x28,0x00,0x23,0x7b,0x32,0x98,
0x03,0x13,0x32,0xd0,0x01,0x03,0x10,0x00,0x22,0x2c,0x33,0x20,0x00,0x22,0x6e,0x33,
0x98,0x00,0x13,0xab,0x10,0x00,0x13,0xed,0x08,0x00,0x23,0x2f,0x34,0xd0,0x00,0x13,
0x34,0x68,0x00,0x03,0x10,0x00,0x13,0xda,0x10,0x00,0x23,0x17,0x35,0xd0,0x00,0x03,
0x08,0x00,0x13,0x91,0x08,0x00,0x13,0xce,0x08,0x00,0x22,0x0b,0x36,0x08,0x00,0x22,
0x48,0x36,0x50,0x00,0x23,0x8a,0x36,0xb0,0x04,0x12,0x36,0x48,0x00,0x13,0xfe,0x08,
0x00,0x23,0x35,0x37,0x70,0x07,0x13,0x37,0x60,0x03,0x13,0x37,0xa0,0x02,0x03,0x08,
0x00,0x22,0x23,0x38,0x08,0x00,0x13,0x60,0x08,0x00,0x23,0x9d,0x38,0x58,0x01,0x13,
0x38,0x88,0x00,0x12,0x39,0x60,0x00,0x23,0x59,0x39,0xc8,0x03,0x12,0x39,0x18,0x00,
0x22,0xcd,0x39,0x10,0x02,0x23,0x04,0x3a,0x18,0x05,0x12,0x3a,0x68,0x00,0x22,0x7e,
0x3a,0x10,0x02,0x22,0xb0,0x3a,0x30,0x00,0x22,0xe7,0x3a,0x40,0x00,0x23,0x29,0x3b,
0x90,0x07,0x13,0x3b,0xf0,0x00,0x12,0x3b,0x30,0x00,0x22,0xe0,0x3b,0x28,0x00,0x22,
0x17,0x3c,0x08,0x00,0x22,0x4e,0x3c,0x20,0x00,0x13,0x8b,0x10,0x00,0x13,0xc2,0x08,
0x00,0x13,0xf9,0x08,0x00,0x23,0x30,0x3d,0x38,0x05,0x12,0x3d,0x40,0x00,0x13,0xa4,
0x10,0x00,0x22,0xdb,0x3d,0x68,0x00,0x22,0x1d,0x3e,0x10,0x00,0x22,0x54,0x3e,0x10,
0x00,0x22,0x96,0x3e,0x28,0x00,0x13,0xd3,0x08,0x00,0x22,0x10,0x3f,0x08,0x00,0x22,
0x4d,0x3f,0x68,0x00,0x22,0x8a,0x3f,0x30,0x00,0x13,0xc1,0x10,0x00,0x23,0xfe,0x3f,
0x38,0x01,0x12,0x40,0x40,0x00,0x22,0x77,0x40,0x18,0x00,0x22,0xb4,0x40,0x38,0x00,
0x13,0xf1,0x08,0x00,0x22,0x2e,0x41,0x18,0x00,0x23,0x6b,0x41,0x40,0x04,0x13,0x41,
0x40,0x04,0x12,0x41,0x38,0x00,0x22,0x21,0x42,0x10,0x00,0x22,0x58,0x42,0x10,0x00,
0x22,0x9a,0x42,0x30,0x00,0x13,0xd7,0x08,0x00,0x22,0x14,0x43,0x38,0x00,0x22,0x51,
0x43,0x10,0x00,0x22,0x8e,0x43,0x28,0x00,0x13,0xd0,0x10,0x00,0x22,0x0d,0x44,0x40,
0x00,0x22,0x44,0x44,0x10,0x00,0x22,0x81,0x44,0x30,0x00,0x13,0xbe,0x08,0x00,0x13,
0xfb,0x08,0x00,0x21,0x38,0x45,0x28,0x05,0x32,0xfe,0x6f,0x45,0x28,0x00,0x22,0xac,
0x45,0x48,0x00,0x13,0xee,0x10,0x00,0x22,0x2b,0x46,0x08,0x00,0x22,0x68,0x46,0x50,
0x00,0xa2,0x9f,0x46,0x00,0x0b,0x07,0x0a,0x02,0xff,0xc2,0x46,0x60,0x03,0x22,0xf4,
0x46,0xe0,0x02,0x23,0x26,0x47,0x48,0x07,0x12,0x47,0x18,0x00,0x22,0x8f,0x47,0x38,
0x00,0x13,0xcc,0x18,0x00,0x22,0x03,0x48,0x70,0x00,0x22,0x40,0x48,0x10,0x00,0x13,
0x77,0x08,0x00,0x22,0xae,0x48,0x18,0x03,0x13,0xdb,0x10,0x00,0x23,0x12,0x49,0xb0,
0x05,0x12,0x49,0x40,0x00,0x22,0x86,0x49,0x38,0x00,0x22,0xc3,0x49,0x30,0x02,0x13,
0xfa,0x20,0x00,0x22,0x31,0x4a,0x08,0x00,0x22,0x68,0x4a,0x28,0x00,0x23,0xa5,0x4a,
0x88,0x04,0x13,0x4a,0x88,0x04,0x12,0x4b,0x10,0x00,0x22,0x50,0x4b,0x20,0x00,0x13,
0x8d,0x08,0x00,0x13,0xca,0x18,0x00,0x22,0x01,0x4c,0x08,0x00,0x13,0x38,0x08,0x00,
0x13,0x6f,0x08,0x00,0x13,0xa6,0x08,0x00,0x22,0xdd,0x4c,0x30,0x00,0x22,0x1a,0x4d,
0x50,0x00,0x22,0x57,0x4d,0x18,0x00,0x13,0x8e,0x08,0x00,0x13,0xc5,0x08,0x00,0x22,
0xfc,0x4d,0x28,0x00,0x22,0x39,0x4e,0x08,0x00,0x22,0x76,0x4e,0x18,0x00,0x13,0xad,
0x10,0x00,0x22,0xea,0x4e,0x88,0x06,0x22,0x21,0x4f,0x08,0x0b,0x22,0x53,0x4f,0xe0,
0x04,0x22,0x7f,0x4f,0x28,0x00,0x13,0xb6,0x08,0x00,0x23,0xed,0x4f,0x40,0x04,0x12,
0x50,0x38,0x00,0x22,0x61,0x50,0x88,0x01,0x22,0xa3,0x50,0x40,0x00,0x22,0xda,0x50,
0x20,0x00,0x22,0x11,0x51,0x08,0x00,0x22,0x48,0x51,0x98,0x00,0x22,0x85,0x51,0x30,
0x03,0x13,0xb7,0x10,0x00,0x13,0xf4,0x20,0x00,0x22,0x2b,0x52,0x08,0x00,0x22,0x62,
0x52,0x18,0x00,0x13,0x9f,0x10,0x00,0x22,0xd6,0x52,0x70,0x07,0x23,0x0d,0x53,0x20,
0x02,0x12,0x53,0x20,0x00,0x22,0x81,0x53,0xf8,0x04,0x22,0xbd,0x53,0x50,0x00,0x13,
0xef,0x18,0x00,0x23,0x2c,0x54,0x88,0x04,0x13,0x54,0xf0,0x05,0x03,0x10,0x00,0x22,
0xe7,0x54,0x20,0x00,0x23,0x24,0x55,0xb0,0x00,0x13,0x55,0xb0,0x08,0x03,0x08,0x00,
0x23,0xdb,0x55,0xd0,0x01,0x12,0x56,0x10,0x00,0x22,0x4f,0x56,0x10,0x00,0x22,0x86,
0x56,0x30,0x00,0x13,0xc3,0x10,0x00,0x22,0xfa,0x56,0x50,0x00,0x22,0x3c,0x57,0x10,
0x00,0x23,0x73,0x57,0x18,0x09,0x13,0x57,0x00,0x04,0x03,0x08,0x00,0x22,0x1e,0x58,
0x48,0x00,0x13,0x5b,0x08,0x00,0x22,0x98,0x58,0x38,0x00,0x23,0xda,0x58,0x68,0x04,
0x12,0x59,0x20,0x02,0x23,0x4e,0x59,0x00,0x04,0x12,0x59,0x88,0x02,0x22,0xbd,0x59,
0x40,0x00,0x23,0xf4,0x59,0x18,0x01,0x12,0x5a,0x40,0x00,0x23,0x68,0x5a,0xd0,0x02,
0x12,0x5a,0x38,0x00,0x13,0xd6,0x10,0x00,0x23,0x0d,0x5b,0x18,0x01,0x13,0x5b,0x38,
0x09,0x03,0x08,0x00,0x22,0xb2,0x5b,0xa8,0x02,0x22,0xdf,0x5b,0x58,0x00,0x22,0x11,
0x5c,0x68,0x00,0x22,0x4e,0x5c,0x10,0x00,0x23,0x80,0x5c,0x58,0x08,0x03,0x10,0x00,
0x23,0xdf,0x5c,0x08,0x08,0x13,0x5d,0x08,0x08,0x12,0x5d,0x78,0x00,0x23,0x8a,0x5d,
0x30,0x04,0x12,0x5d,0x48,0x03,0x13,0xe4,0x10,0x00,0x22,0x1b,0x5e,0x78,0x01,0x23,
0x4d,0x5e,0x28,0x00,0x13,0x5e,0x28,0x00,0x03,0x10,0x00,0x22,0xfe,0x5e,0xb8,0x01,
0x22,0x35,0x5f,0x78,0x00,0x23,0x72,0x5f,0x90,0x05,0x13,0x5f,0x00,0x0d,0x13,0x5f,
0x00,0x0d,0x13,0x60,0x00,0x0d,0x13,0x60,0x70,0x05,0x13,0x60,0xc8,0x06,0x13,0x60,
0xc8,0x06,0x12,0x61,0x18,0x00,0x22,0x46,0x61,0x10,0x00,0x13,0x83,0x08,0x00,0x23,
0xc0,0x61,0xe0,0x08,0x03,0x08,0x00,0x22,0x3a,0x62,0x08,0x00,0x13,0x77,0x08,0x00,
0x22,0xb4,0x62,0x88,0x02,0x22,0xeb,0x62,0x50,0x00,0x22,0x2d,0x63,0x48,0x00,0x22,
0x64,0x63,0xb8,0x00,0x13,0x96,0x10,0x00,0x13,0xcd,0x08,0x00,0x22,0x04,0x64,0x38,
0x00,0x22,0x41,0x64,0x60,0x00,0x22,0x7e,0x64,0x18,0x00,0x23,0xb5,0x64,0x10,0x0a,
0x13,0x64,0x68,0x0d,0x12,0x65,0x50,0x00,0x22,0x6b,0x65,0x18,0x00,0x13,0xa2,0x08,
0x00,0x13,0xd9,0x08,0x00,0x22,0x10,0x66,0x08,0x00,0x22,0x47,0x66,0x58,0x01,0x13,
0x79,0x10,0x00,0x22,0xb0,0x66,0x60,0x00,0x23,0xed,0x66,0x38,0x0b,0x12,0x67,0x08,
0x00,0x22,0x67,0x67,0x20,0x00,0x23,0x9e,0x67,0x88,0x02,0x03,0x08,0x00,0x22,0x18,
0x68,0xa8,0x00,0x22,0x4a,0x68,0x10,0x00,0x13,0x87,0x08,0x00,0x23,0xc4,0x68,0x98,
0x08,0x12,0x68,0x38,0x00,0x22,0x32,0x69,0x90,0x00,0x22,0x74,0x69,0x10,0x00,0x22,
0xab,0x69,0x28,0x00,0x23,0xe8,0x69,0x70,0x08,0x12,0x6a,0x88,0x01,0x22,0x5c,0x6a,
0x10,0x00,0x22,0x99,0x6a,0x28,0x00,0x13,0xd0,0x10,0x00,0x22,0x0d,0x6b,0x50,0x00,
0x22,0x44,0x6b,0x50,0x03,0x22,0x80,0x6b,0x20,0x00,0x13,0xb7,0x08,0x00,0x13,0xee,
0x08,0x00,0x23,0x25,0x6c,0xb8,0x08,0x12,0x6c,0x70,0x00,0x13,0x9e,0x10,0x00,0x13,
0xd5,0x10,0x00,0x23,0x17,0x6d,0x38,0x07,0x12,0x6d,0x50,0x00,0xa3,0x90,0x6d,0x00,
0x0b,0x07,0x0b,0x02,0xff,0xb7,0x6d,0x48,0x00,0x13,0x6d,0xa0,0x05,0x12,0x6e,0x28,
0x00,0x22,0x6d,0x6e,0x18,0x00,0x23,0xa4,0x6e,0xd0,0x06,0x12,0x6e,0x20,0x00,0x23,
0x18,0x6f,0x40,0x0a,0x12,0x6f,0x10,0x00,0x13,0x8c,0x10,0x00,0x23,0xc3,0x6f,0x80,
0x03,0x13,0x6f,0x50,0x05,0x12,0x70,0x20,0x00,0x23,0x6e,0x70,0xe8,0x03,0x13,0x70,
0x50,0x05,0x03,0x18,0x00,0x23,0x19,0x71,0xd8,0x09,0x13,0x71,0xd8,0x09,0x13,0x71,
0x50,0x05,0x03,0x18,0x00,0x22,0x07,0x72,0x18,0x00,0x22,0x3e,0x72,0x10,0x00,0x23,
0x7b,0x72,0xd8,0x08,0x13,0x72,0xd8,0x08,0x13,0x72,0xd8,0x08,0x12,0x73,0x10,0x00,
0x22,0x63,0x73,0x10,0x00,0x13,0xa0,0x08,0x00,0x23,0xdd,0x73,0x70,0x05,0x12,0x74,
0xd0,0x00,0x23,0x5c,0x74,0x18,0x01,0x12,0x74,0x70,0x01,0x23,0xd5,0x74,0x18,0x01,
0x13,0x75,0x18,0x01,0x13,0x75,0xe0,0x0f,0x13,0x75,0x78,0x02,0x13,0x75,0x78,0x02,
0x13,0x76,0x18,0x0c,0x03,0x08,0x00,0x22,0x72,0x76,0x58,0x00,0x22,0xaf,0x76,0x30,
0x00,0x13,0xec,0x08,0x00,0x23,0x29,0x77,0x50,0x08,0x13,0x77,0x10,0x0a,0x13,0x77,
0xe0,0x0f,0x12,0x77,0x20,0x00,0x22,0x11,0x78,0x08,0x00,0x13,0x4e,0x08,0x00,0x13,
0x8b,0x08,0x00,0x13,0xc8,0x08,0x00,0x22,0x05,0x79,0x88,0x00,0x22,0x47,0x79,0x38,
0x00,0x23,0x7e,0x79,0xe0,0x02,0x12,0x79,0xf8,0x01,0x23,0xf1,0x79,0xe8,0x07,0x12,
0x7a,0x18,0x00,0x22,0x65,0x7a,0x10,0x00,0x22,0xa2,0x7a,0x78,0x00,0x13,0xdf,0x08,
0x00,0x22,0x1c,0x7b,0x08,0x00,0x13,0x59,0x08,0x00,0x23,0x96,0x7b,0xd0,0x00,0x13,
0x7b,0xd0,0x00,0x13,0x7c,0x48,0x03,0x13,0x7c,0x48,0x03,0x03,0x10,0x00,0x22,0xbb,
0x7c,0x18,0x01,0x13,0xf2,0x10,0x00,0x22,0x2f,0x7d,0x90,0x00,0x22,0x71,0x7d,0x10,
0x00,0x13,0xae,0x08,0x00,0x13,0xeb,0x08,0x00,0x22,0x28,0x7e,0x40,0x00,0x22,0x65,
0x7e,0x58,0x00,0x13,0x9c,0x08,0x00,0x23,0xd3,0x7e,0xd8,0x08,0x13,0x7f,0x68,0x03,
0x13,0x7f,0xd0,0x00,0x13,0x7f,0xd0,0x00,0x13,0x7f,0xb0,0x03,0x13,0x7f,0xb0,0x03,
0x12,0x80,0x10,0x00,0x23,0x60,0x80,0x48,0x0c,0x12,0x80,0x18,0x00,0x23,0xd4,0x80,
0x38,0x01,0x13,0x81,0xa0,0x06,0x13,0x81,0x58,0x0a,0x13,0x81,0xc8,0x04,0x13,0x81,
0x20,0x09,0x03,0x08,0x00,0x23,0x3b,0x82,0xa0,0x01,0x13,0x82,0xc8,0x04,0x12,0x82,
0x40,0x00,0x23,0xe6,0x82,0x58,0x0a,0x12,0x83,0x40,0x00,0x23,0x65,0x83,0xb0,0x00,
0x13,0x83,0xb0,0x00,0x13,0x83,0xb0,0x00,0x13,0x84,0xb0,0x00,0x13,0x84,0xb0,0x00,
0x13,0x84,0x18,0x01,0x13,0x84,0x60,0x0d,0x13,0x84,0xb8,0x10,0x13,0x85,0xc0,0x0a,
0x12,0x85,0x50,0x00,0x22,0xb4,0x85,0x30,0x00,0x13,0xeb,0x08,0x00,0x22,0x22,0x86,
0x70,0x00,0x22,0x5f,0x86,0x20,0x00,0x22,0xa1,0x86,0x18,0x00,0x22,0xd8,0x86,0x88,
0x0e,0x22,0x0a,0x87,0x08,0x00,0x13,0x3c,0x08,0x00,0x13,0x6e,0x08,0x00,0x13,0xa0,
0x08,0x00,0x10,0xd2,0x08,0x00,0x52,0x0c,0x01,0xfe,0x08,0x88,0x48,0x09,0x22,0x3f,
0x88,0x28,0x05,0x20,0x76,0x88,0x08,0x02,0x33,0x01,0xfe,0xb2,0x08,0x00,0x22,0xee,
0x88,0xc0,0x04,0x22,0x20,0x89,0x08,0x00,0x22,0x52,0x89,0x40,0x00,0x22,0x84,0x89,
0x20,0x00,0x22,0xc0,0x89,0x38,0x00,0x13,0xf7,0x08,0x00,0x22,0x2e,0x8a,0xb8,0x00,
0x23,0x6b,0x8a,0x18,0x05,0x13,0x8a,0x18,0x05,0x13,0x8a,0x18,0x05,0x12,0x8b,0xb0,
0x00,0x22,0x52,0x8b,0x10,0x00,0x23,0x89,0x8b,0x90,0x0c,0x12,0x8b,0x30,0x04,0x22,
0xf7,0x8b,0x40,0x00,0x23,0x34,0x8c,0xa8,0x0e,0x13,0x8c,0x48,0x00,0x13,0x8c,0x48,
0x00,0x12,0x8c,0x40,0x00,0x22,0x1b,0x8d,0x10,0x00,0x22,0x52,0x8d,0x08,0x01,0x13,
0x8f,0x10,0x00,0x50,0xc6,0x8d,0x00,0x0b,0x0c,0x00,0x11,0x11,0x8e,0x08,0x00,0x32,
0xff,0x4a,0x8e,0x20,0x00,0x22,0x87,0x8e,0x20,0x00,0x13,0xbe,0x10,0x00,0x23,0xfb,
0x8e,0xd0,0x0d,0x12,0x8f,0x60,0x05,0x23,0x6a,0x8f,0xb8,0x11,0x12,0x8f,0x60,0x00,
0x22,0xe3,0x8f,0xd0,0x00,0x22,0x1a,0x90,0x18,0x00,0x13,0x51,0x08,0x00,0x13,0x88,
0x08,0x00,0x22,0xbf,0x90,0x28,0x00,0xf7,0xff,0xff,0xff,0xff,0xff,0x22,0x00,0x00,
0x01,0x00,0xff,0x1d,0x08,0x1e,0x09,0x1e,0x0a,0x1e,0x0c,0x1e,0x0d,0x1e,0x23,0x1e,
0x29,0x1e,0x2c,0x1e,0x31,0x1e,0x38,0x1e,0x39,0x1e,0x3a,0x1e,0x48,0x1e,0x4a,0x1e,
0x4b,0x1e,0x4f,0x1e,0x57,0x1e,0x8b,0x1e,0x8d,0x1e,0xa3,0x1e,0xaa,0x1e,0xad,0x1e,
0xb9,0x1e,0xc4,0x1e,0xca,0x1e,0xcd,0x1e,0xd5,0x1e,0xe4,0x1e,0xe9,0x1e,0xef,0x1e,
0xf5,0x1e,0xfa,0x1e,0xfc,0x1e,0x0f,0x1f,0x1f,0x1f,0x2e,0x1f,0x4c,0x1f,0x4d,0x1f,
0x4e,0x1f,0x52,0x1f,0x54,0x1f,0x5b,0x1f,0x7e,0x1f,0x8a,0x1f,0x9a,0x1f,0xa6,0x1f,
0xc3,0x1f,0xdc,0x1f,0xe0,0x1f,0xed,0x1f,0xee,0x1f,0x0c,0x20,0x11,0x20,0x1e,0x20,
0x3b,0x20,0x4e,0x20,0x5b,0x20,0x7e,0x20,0xa7,0x20,0xce,0x20,0x40,0x21,0x42,0x21,
0x44,0x21,0x48,0x21,0x4a,0x21,0x64,0x21,0x67,0x21,0x6b,0x21,0x6f,0x21,0x72,0x21,
0x75,0x21,0x76,0x21,0x77,0x21,0x7b,0x21,0x84,0x21,0x8b,0x21,0x98,0x21,0xb1,0x21,
0xc5,0x21,0xce,0x21,0xdf,0x21,0xf9,0x21,0xfa,0x21,0xfc,0x21,0x05,0x22,0x06,0x22,
0x16,0x22,0x1a,0x22,0x1c,0x22,0x1f,0x22,0x28,0x22,0x2a,0x22,0x2f,0x22,0x35,0x22,
0x36,0x22,0x38,0x22,0x4c,0x22,0x6e,0x22,0x9e,0x22,0x9f,0x22,0xa7,0x22,0xa8,0x22,
0x04,0x23,0x07,0x23,0x15,0x23,0x38,0x23,0x39,0x23,0x46,0x23,0x49,0x23,0x4e,0x23,
0x54,0x23,0x60,0x23,0x6a,0x23,0x8a,0x23,0x9e,0x23,0xc1,0x23,0xc8,0x23,0xc9,0x23,
0xcb,0x23,0xcc,0x23,0xd0,0x23,0xd5,0x23,0xd7,0x23,0xdf,0x23,0xe2,0x23,0xe5,0x23,
0xe9,0x23,0xee,0x23,0xef,0x23,0xf2,0x23,0xf6,0x23,0x07,0x24,0x0b,0x24,0x0c,0x24,
0x0d,0x24,0x10,0x24,0x16,0x24,0x25,0x24,0x2a,0x24,0x2e,0x24,0x49,0x24,0x67,0x24,
0x7c,0x24,0x8b,0x24,0xcc,0x24,0x67,0x26,0x69,0x26,0xdd,0x26,0xdf,0x26,0xf3,0x26,
0xf9,0x26,0xfc,0x26,0xfd,0x26,0x05,0x27,0x27,0x27,0x2f,0x27,0x3f,0x27,0x46,0x27,
0x56,0x27,0x65,0x27,0x8a,0x27,0xf9,0x27,0x6a,0x28,0x9d,0x28,0xef,0x28,0x06,0x29,
0x0c,0x29,0x15,0x29,0x19,0x29,0x26,0x29,0x28,0x29,0x29,0x29,0x30,0x29,0x38,0x29,
0x7c,0x29,0xca,0x29,0x4f,0x2b,0x56,0x2b,0x57,0x2b,0x65,0x2b,0x82,0x2b,0x88,0x2b,
0x8b,0x2b,0x99,0x2b,0x9d,0x2b,0xb8,0x2b,0xbc,0x2b,0xf7,0x2b,0xf8,0x2b,0xfb,0x2b,
0x03,0x2c,0x05,0x2c,0x0e,0x2c,0x39,0x2c,0x3d,0x2c,0x3f,0x2c,0x4e,0x2c,0x54,0x2c,
0xef,0x2c,0xe4,0x2d,0xe5,0x2d,0xed,0x2d,0xf1,0x2d,0x02,0x2e,0x0b,0x2e,0x25,0x2e,
0x26,0x2e,0x37,0x2e,0x3c,0x2e,0x44,0x2e,0x54,0x2e,0x72,0x2e,0x75,0x2e,0x8e,0x2e,
0x93,0x2e,0xa5,0x2e,0xf5,0x2e,0xf9,0x2e,0xff,0x2e,0x01,0x2f,0x0e,0x2f,0x14,0x2f,
0x30,0x2f,0x38,0x2f,0x39,0x2f,0x51,0x2f,0x52,0x2f,0x54,0x2f,0x61,0x2f,0x70,0x2f,
0x83,0x2f,0x84,0x2f,0x87,0x2f,0xa9,0x2f,0xad,0x2f,0xb6,0x2f,0xc2,0x2f,0xc4,0x2f,
0xd6,0x2f,0xea,0x2f,0xfc,0x2f,0x00,0x30,0x1f,0x30,0x24,0x30,0x3a,0x30,0x61,0x30,
0x6e,0x30,0xab,0x30,0xc4,0x30,0x0e,0x31,0x1e,0x31,0x61,0x31,0x0e,0x32,0x0f,0x32,
0x15,0x32,0x29,0x32,0x3f,0x32,0x46,0x32,0x4a,0x32,0x52,0x32,0x62,0x32,0x66,0x32,
0x68,0x32,0x6a,0x32,0x7d,0x32,0x7f,0x32,0xa3,0x32,0xa4,0x32,0xc8,0x32,0xd1,0x32,
0xde,0x32,0xe7,0x32,0xe8,0x32,0xfd,0x32,0x00,0x33,0x06,0x33,0x08,0x33,0x2e,0x33,
0x61,0x33,0x6d,0x33,0x76,0x33,0x91,0x33,0xa4,0x33,0xa6,0x33,0xa7,0x33,0xce,0x33,
0xcf,0x33,0xd1,0x33,0xf3,0x33,0x1b,0x34,0x46,0x34,0x57,0x34,0x77,0x34,0xac,0x34,
0xcc,0x34,0xe5,0x34,0x2e,0x35,0x35,0x35,0x38,0x35,0x3d,0x35,0x44,0x35,0x47,0x35,
0x4e,0x35,0x50,0x35,0x58,0x35,0x6f,0x35,0x73,0x35,0x86,0x35,0x9b,0x35,0xac,0x35,
0xae,0x35,0xaf,0x35,0xb8,0x35,0xca,0x35,0xdf,0x35,0xe4,0x35,0xf5,0x35,0x0d,0x36,
0x1e,0x36,0x1f,0x36,0x2e,0x36,0x3d,0x36,0x6d,0x36,0x6e,0x36,0x81,0x36,0xf1,0x36,
0xf3,0x36,0xfe,0x36,0xff,0x36,0x08,0x37,0x1e,0x37,0x29,0x37,0x2b,0x37,0x39,0x37,
0x45,0x37,0x60,0x37,0x64,0x37,0x7e,0x37,0x80,0x37,0xb5,0x37,0xc3,0x37,0xe4,0x37,
0x06,0x38,0x0e,0x38,0x20,0x38,0x36,0x38,0x3b,0x38,0x45,0x38,0xbf,0x38,0x20,0x3a,
0x29,0x3a,0x58,0x3a,0x20,0x3b,0x26,0x3b,0x61,0x3b,0x62,0x3b,0x63,0x3b,0x64,0x3b,
0x7a,0x3b,0x89,0x3b,0xb4,0x3b,0xd3,0x3b,0x33,0x3c,0x5f,0x3c,0xa0,0x3c,0xb8,0x3c,
0xbe,0x3c,0xd4,0x3c,0xe1,0x3c,0xe7,0x3c,0x1a,0x3d,0x31,0x3d,0x3a,0x3d,0x40,0x3d,
0x4a,0x3d,0x87,0x3d,0xf6,0x3d,0xfa,0x3d,0x04,0x3e,0x0f,0x3e,0x28,0x3e,0x37,0x3e,
0x7d,0x3e,0x8f,0x3e,0xd0,0x3e,0xd9,0x3e,0xdd,0x3e,0xe0,0x3e,0xe3,0x3e,0xbf,0x3f,
0x6a,0x40,0x6e,0x40,0x74,0x40,0xb8,0x40,0x25,0x41,0x35,0x41,0x83,0x41,0x2b,0x42,
0x46,0x42,0x47,0x42,0x58,0x42,0x78,0x42,0xb5,0x42,0x86,0x43,0xae,0x43,0xaf,0x43,
0xec,0x43,0x05,0x44,0x5d,0x44,0x1e,0x45,0x27,0x45,0x34,0x45,0x4b,0x45,0x64,0x45,
0x7c,0x46,0x83,0x46,0xc9,0x46,0xd0,0x46,0xd5,0x46,0xd7,0x46,0xed,0x46,0xf3,0x46,
0xf7,0x46,0x0a,0x47,0x1e,0x47,0xab,0x47,0xe4,0x47,0xec,0x47,0x00,0x48,0x6b,0x48,
0x6d,0x48,0x39,0x49,0x80,0x49,0xba,0x49,0xd1,0x49,0xee,0x49,0xef,0x49,0xfa,0x49,
0x0a,0x4a,0x32,0x4a,0x79,0x4a,0x80,0x4a,0x96,0x4a,0xdd,0x4a,0xee,0x4a,0x2b,0x4b,
0x48,0x4b,0x7d,0x4b,0x7f,0x4b,0x96,0x4b,0xa0,0x4b,0x7a,0x4c,0x88,0x4c,0x97,0x4c,
0xbd,0x4c,0xfa,0x4c,0x21,0x4d,0x26,0x4d,0x2e,0x4d,0xa1,0x4e,0xa6,0x4e,0xb4,0x4e,
0xbc,0x4e,0xbe,0x4e,0xc2,0x4e,0xc3,0x4e,0xc5,0x4e,0xc7,0x4e,0xce,0x4e,0xd0,0x4e,
0xdc,0x4e,0xde,0x4e,0xec,0x4e,0xfe,0x4e,0x12,0x4f,0x15,0x4f,0x28,0x4f,0x6d,0x4f,
0x8d,0x4f,0xd3,0x4f,0xfa,0x4f,0xfb,0x4f,0x04,0x50,0x16,0x50,0x25,0x50,0x53,0x50,
0xcb,0x50,0xfc,0x50,0x08,0x51,0x19,0x51,0xe9,0x51,0xf2,0x51,0x29,0x52,0x34,0x52,
0x71,0x52,0x81,0x52,0xab,0x52,0xf0,0x52,0x02,0x53,0x76,0x53,0xdb,0x53,0x03,0x54,
0x3c,0x54,0x60,0x54,0xdc,0x54,0xce,0x55,0x01,0x57,0xb9,0x57,0x4b,0x58,0x64,0x58,
0x67,0x58,0x6f,0x58,0xaa,0x58,0xc4,0x58,0x5e,0x59,0x7e,0x59,0x80,0x59,0x85,0x59,
0xc3,0x59,0xc5,0x59,0xc7,0x59,0xd1,0x59,0xe2,0x59,0xe5,0x59,0xff,0x59,0x65,0x5b,
0xa0,0x5b,0xa3,0x5b,0xad,0x5b,0xaf,0x5b,0xb7,0x5b,0xbd,0x5b,0xbe,0x5b,0xc0,0x5b,
0xd4,0x5b,0xdc,0x5b,0xe1,0x5b,0xe5,0x5b,0xec,0x5b,0xee,0x5b,0xf3,0x5b,0xf6,0x5b,
0xfa,0x5b,0x02,0x5c,0x30,0x5c,0x1e,0x5d,0x24,0x5d,0x33,0x5d,0x76,0x5d,0x84,0x5d,
0xb2,0x5d,0xdc,0x5d,0xde,0x5d,0xee,0x5d,0xf2,0x5d,0x29,0x5e,0xaa,0x5e,0x65,0x5f,
0x6b,0x5f,0x6d,0x5f,0x73,0x5f,0x7a,0x5f,0x7c,0x5f,0x82,0x5f,0x84,0x5f,0x90,0x5f,
0x92,0x5f,0xb8,0x5f,0xc6,0x5f,0xcf,0x5f,0xd3,0x5f,0xd7,0x5f,0xda,0x5f,0xdd,0x5f,
0xde,0x5f,0xef,0x5f,0xff,0x5f,0x05,0x60,0x08,0x60,0x19,0x60,0x1e,0x60,0x3a,0x60,
0x52,0x60,0x64,0x60,0xe7,0x60,0x4c,0x61,0xc6,0x61,0xc9,0x61,0xcc,0x61,0xce,0x61,
0x73,0x62,0x87,0x64,0x9e,0x64,0xad,0x64,0xfd,0x64,0x00,0x65,0x18,0x65,0x2d,0x65,
0x5b,0x65,0x7e,0x65,0xe7,0x65,0xec,0x65,0xed,0x65,0xf3,0x65,0x07,0x66,0x33,0x66,
0x35,0x66,0x3f,0x66,0x43,0x66,0x4c,0x66,0x4f,0x66,0x63,0x66,0x76,0x66,0x8e,0x66,
0x93,0x66,0x9b,0x66,0xc5,0x66,0xf5,0x66,0xff,0x66,0x06,0x67,0x58,0x67,0x5d,0x67,
0x61,0x67,0xe8,0x67,0xf2,0x67,0x74,0x68,0x75,0x68,0x78,0x68,0x79,0x68,0x7a,0x68,
0x83,0x68,0x90,0x68,0x97,0x68,0x9b,0x68,0xcd,0x68,0xdd,0x68,0x87,0x69,0x75,0x6a,
0x7d,0x6a,0x8b,0x6a,0xd7,0x6a,0x22,0x6e,0xa5,0x6e,0xc3,0x6e,0xd7,0x6e,0x4f,0x6f,
0x00,0x00,0x4b,0x00,0x09,0x90,0x00,0x60,0x29,0x92,0x71,0x17,0x29,0xa2,0x1e,0xee,
0xee,0xee,0xee,0x10,0x06,0xdd,0xdd,0xdd,0xd6,0x00,0x01,0x00,0x5c,0x0c,0xdd,0xdd,
0xdc,0x00,0x01,0x00,0x90,0x01,0xdd,0xdd,0xdd,0xdd,0xd1,0x00,0x00,0x58,0x0d,0x00,
0x44,0x05,0x80,0x00,0x00,0x0b,0x00,0x3e,0xec,0xcc,0x50,0x16,0x00,0x00,0x0b,0x00,
0xf0,0x00,0x6c,0xcc,0xde,0xcc,0xcc,0x00,0x1c,0xcc,0xce,0xcc,0xcc,0x10,0x00,0x03,
0xa0,0x17,0x00,0x70,0x3c,0x10,0x00,0x00,0x00,0x03,0xdc,0x28,0x00,0xc0,0x3a,0x07,
0xd4,0x00,0x00,0x03,0xa0,0x02,0x20,0x00,0x00,0x3a,0x1b,0x00,0x01,0x21,0x00,0x00,
0x0b,0x00,0x00,0x32,0x00,0x60,0xdc,0xcc,0x10,0x00,0x01,0xe0,0x11,0x00,0xf1,0x08,
0xce,0x43,0x00,0x00,0x00,0xa6,0xd1,0xc7,0x00,0x01,0xc6,0x0d,0x00,0xb8,0x02,0xd4,
0x00,0xd0,0x00,0x91,0x00,0x00,0x0d,0x93,0x00,0x33,0xd0,0x00,0x00,0x0b,0x00,0x10,
0x80,0x09,0x00,0xf0,0x0f,0x22,0x22,0x22,0x02,0xd9,0x99,0x99,0x80,0x67,0x00,0x00,
0x00,0x07,0xbb,0xbb,0xbd,0x60,0x00,0x00,0x00,0x75,0xcc,0xcc,0xcc,0x68,0x40,0x00,
0x00,0x00,0xa3,0x22,0x00,0xf0,0x31,0x10,0x00,0x0b,0xcc,0xa0,0x6c,0xce,0xcc,0xec,
0xcc,0x10,0x00,0xa1,0x09,0x20,0x00,0x00,0x0a,0x10,0x92,0x00,0x00,0xfc,0xec,0xce,
0xcc,0x80,0x0c,0x0b,0x20,0xa1,0x38,0x00,0xc0,0xcb,0x0d,0x73,0x80,0x0c,0x38,0x76,
0x9b,0x58,0x00,0xcc,0x20,0xb2,0x47,0x80,0x0c,0x10,0x15,0x00,0x38,0x00,0xc0,0x00,
0x00,0x9c,0x50,0x00,0x00,0x5f,0x30,0x44,0x00,0xf7,0x06,0x5d,0x10,0x00,0x00,0x0a,
0x70,0x5c,0x10,0x00,0x0a,0x90,0x80,0x5d,0x30,0x2d,0x80,0x0d,0x00,0x3d,0x30,0x20,
0x8b,0x00,0x0d,0x0b,0x00,0x12,0xd0,0x0f,0x00,0xf2,0x08,0xab,0xbb,0xfb,0xbb,0x8d,
0x00,0x0d,0x00,0x2a,0xd0,0x00,0xd0,0x02,0xad,0xaa,0xaf,0xaa,0xba,0xd0,0x00,0xd0,
0x03,0xa1,0x2a,0x00,0x14,0xd0,0x33,0x00,0xf0,0x01,0xc0,0x00,0x03,0xba,0xae,0xaa,
0xb0,0x47,0x00,0xc0,0x0b,0x14,0xca,0xae,0xaa,0xd0,0x12,0x00,0xa0,0x0c,0xaa,0xae,
0xaa,0xb8,0xc0,0x00,0xc0,0x03,0x8c,0x09,0x00,0xf0,0x28,0x40,0x00,0xc0,0x01,0x20,
0x00,0x0c,0x00,0x00,0x00,0x7d,0xbb,0xbb,0xe1,0x00,0x07,0x53,0x50,0x0b,0x10,0x00,
0x75,0x1e,0x10,0xb1,0x00,0x07,0x50,0x6a,0x0b,0x10,0x01,0x86,0x11,0x31,0xb3,0x11,
0x9c,0xb9,0x99,0x9e,0xa6,0x00,0x84,0x00,0x00,0xb1,0x00,0x0a,0x20,0x00,0x0b,0x10,
0x00,0xd0,0x0b,0x00,0x61,0x87,0x00,0x0b,0xcd,0x00,0x01,0x9a,0x00,0xf0,0x03,0x07,
0x12,0xb0,0x00,0x00,0x4d,0x3b,0x00,0x00,0x00,0x43,0xb0,0x00,0x07,0xbb,0xce,0xbb,
0xbe,0xb3,0x01,0xf3,0x08,0xd0,0x00,0x95,0xb2,0x0d,0x00,0x1d,0x03,0xd1,0xd0,0x0b,
0x60,0x03,0x2c,0x1a,0xa0,0x00,0x04,0xa8,0x60,0x00,0xcd,0xe4,0x02,0x02,0x21,0x4c,
0x30,0xc3,0x01,0x87,0x20,0x00,0x00,0x9b,0xbb,0xbb,0xbb,0x90,0xe5,0x00,0x57,0x03,
0xbb,0xbf,0xbb,0xb3,0xfb,0x00,0xf0,0x17,0x01,0x99,0x99,0xf9,0x99,0x91,0x02,0x22,
0x22,0x22,0x22,0x00,0x00,0x00,0x44,0x00,0x00,0x00,0x08,0x01,0xc0,0x09,0x00,0x00,
0x84,0x0a,0x15,0x90,0x00,0x02,0xc0,0x00,0xb3,0x00,0x00,0x08,0x60,0x4a,0x6a,0x02,
0x10,0x5d,0x11,0x02,0xf0,0x08,0x3f,0x70,0x00,0x00,0x00,0x5d,0x6d,0x80,0x00,0x17,
0xda,0x10,0x08,0xe9,0x10,0x61,0x00,0x00,0x01,0x50,0x00,0x00,0x73,0x4d,0x00,0x90,
0x02,0xd1,0x00,0x00,0x04,0xcc,0xcd,0xdc,0xb0,0x0d,0x00,0x20,0xa5,0x00,0x0c,0x02,
0x00,0x8c,0x02,0xb0,0xb5,0x00,0x00,0x00,0x86,0xc3,0x00,0x00,0x00,0x3b,0xd6,0x72,
0x00,0x67,0x20,0x7c,0xcc,0xdd,0x10,0x20,0xad,0x02,0x01,0x8a,0x02,0x40,0x8c,0xed,
0xcc,0x80,0xfc,0x00,0x10,0x2a,0xfc,0x00,0xe1,0x69,0x90,0x00,0x0b,0x10,0x04,0x51,
0x00,0x00,0xac,0xcc,0xcc,0xce,0x00,0x6b,0x01,0x62,0x0c,0xcc,0xcc,0xca,0x0c,0x00,
0x76,0x01,0x43,0x00,0x00,0x5c,0xc7,0x3c,0x00,0xf0,0x02,0x23,0x57,0x9c,0x70,0x00,
0x1e,0x87,0x52,0x00,0x00,0x02,0x90,0x05,0x00,0x00,0x00,0x48,0xd7,0x00,0x53,0x06,
0xdc,0xcf,0xcc,0xc6,0xe2,0x00,0xff,0x4e,0x49,0x0d,0x0c,0x20,0x00,0x1d,0x10,0xd0,
0x4d,0x20,0x0d,0x40,0x0d,0x00,0x5c,0x00,0x20,0x5c,0xd0,0x00,0x20,0x00,0x00,0x11,
0x24,0x51,0x00,0x3b,0xaa,0xe7,0x65,0x10,0x03,0x33,0x3d,0x33,0x33,0x10,0x99,0x99,
0xe9,0x99,0x94,0x01,0x18,0x2c,0x09,0x16,0x00,0x78,0xc2,0xc1,0xd9,0x41,0x05,0x9d,
0x3d,0x1c,0x48,0x60,0x51,0x39,0xea,0x55,0x40,0x00,0x09,0x4c,0x1c,0x60,0x00,0x6c,
0x30,0xc0,0x09,0xd5,0x07,0x00,0x0c,0x00,0x02,0x20,0x03,0xaa,0xaa,0xaa,0xa2,0x00,
0x03,0x33,0x33,0x33,0x00,0x01,0x00,0x03,0x60,0x1b,0xbb,0xbb,0xbb,0xbb,0x10,0x50,
0x01,0x50,0x20,0x06,0xcc,0xcf,0xcc,0xab,0x00,0x11,0xc1,0xaa,0x03,0x81,0x10,0x00,
0x02,0xcc,0xcc,0xfc,0xcc,0xc2,0x0b,0x00,0x07,0x16,0x00,0x03,0x0b,0x00,0x21,0x09,
0xde,0x3f,0x00,0xf0,0x14,0x28,0x00,0x00,0x00,0x11,0x11,0xa4,0x11,0x10,0x1a,0xaa,
0xaa,0xab,0xaa,0x10,0x01,0xc1,0x03,0xd3,0x00,0x02,0xc4,0x00,0x03,0xd5,0x00,0x82,
0x84,0x06,0x71,0x50,0x00,0x01,0xc4,0xc0,0x35,0x01,0xe4,0xf7,0x00,0x00,0x00,0x29,
0xc3,0x9c,0x61,0x00,0xcb,0x40,0x00,0x17,0xb0,0x7c,0x00,0x10,0x20,0x3d,0x00,0xf0,
0x0f,0x16,0xa1,0x11,0x10,0x39,0x99,0x99,0x99,0x98,0x00,0x0b,0x99,0x99,0xa7,0x00,
0x00,0xd4,0x44,0x47,0x90,0x00,0x04,0x44,0x44,0x42,0x00,0x06,0xaa,0xaa,0xce,0xc0,
0x01,0x92,0xb7,0x10,0x00,0x6a,0xaa,0xaf,0xaa,0xaa,0x10,0x25,0x01,0x26,0x07,0xcb,
0xbe,0x00,0x10,0x02,0x42,0x00,0xf4,0x26,0x12,0xd4,0x11,0x10,0x09,0x99,0x99,0x99,
0x99,0x00,0x05,0xa9,0x99,0x98,0x00,0x00,0x66,0x11,0x11,0x90,0x00,0x03,0x88,0x88,
0x85,0x00,0x0d,0x99,0x99,0x99,0x9d,0x10,0xa0,0x6a,0xaa,0x80,0x81,0x00,0x0a,0x20,
0x0c,0x01,0x00,0x01,0xc0,0x00,0xc0,0x93,0x19,0xc3,0x00,0x0d,0xbd,0xd5,0x01,0x11,
0x0e,0x06,0x00,0x10,0xf0,0x05,0x00,0x11,0x1f,0x2d,0x04,0x10,0xf4,0x06,0x00,0x20,
0x77,0xa0,0xed,0x00,0xf1,0x06,0x0b,0x30,0x00,0x00,0x09,0x60,0x1c,0x10,0x00,0x08,
0xa0,0x00,0x4d,0x40,0x0d,0x80,0x00,0x00,0x2d,0x10,0x10,0x30,0x00,0x10,0x47,0x05,
0x00,0xf0,0x0b,0x0a,0x6c,0xcb,0xbc,0x80,0x00,0xd0,0x39,0x00,0x77,0x00,0x7d,0x00,
0xc0,0x0b,0x20,0x1d,0xd0,0x09,0x41,0xc0,0x03,0x4d,0x00,0x2c,0x96,0xa9,0x00,0x10,
0x9e,0xb0,0x02,0xe4,0x1c,0xd5,0x00,0x00,0xd0,0x4d,0x41,0xc9,0x10,0x0d,0x4b,0x20,
0x00,0x81,0xb6,0x00,0x10,0x7f,0x7c,0x00,0x10,0x2d,0xb2,0x04,0xf0,0x03,0x1d,0x30,
0x4c,0x10,0x00,0x2d,0x50,0x00,0x4d,0x40,0x5c,0x3b,0x00,0x0c,0x2b,0x30,0x00,0xd0,
0xe3,0x00,0x11,0x0d,0x00,0x03,0x01,0x0b,0x00,0x10,0x78,0x0b,0x00,0x13,0x5c,0x00,
0x03,0x24,0x00,0x00,0x1c,0x00,0x10,0xc0,0x11,0x00,0xf2,0x17,0x0c,0x00,0x0f,0x00,
0x00,0x01,0xb0,0x00,0xf1,0x00,0x00,0x4f,0x40,0x3f,0x50,0x00,0x08,0x7d,0x27,0x9a,
0x00,0x00,0xd1,0x54,0xc0,0xc3,0x00,0x88,0x00,0x96,0x03,0xd1,0x2b,0x00,0x69,0x00,
0x07,0x70,0x37,0x00,0xf1,0x27,0x55,0x30,0xc0,0x00,0x00,0x0b,0x2c,0x0c,0x00,0x00,
0x01,0xc0,0xc0,0xc6,0xa9,0x00,0xac,0x3d,0xcf,0x51,0xc0,0x3b,0xc7,0xd0,0xc0,0x0c,
0x01,0x1c,0x0c,0x0c,0x00,0xc0,0x00,0xc0,0xc0,0xc4,0xb6,0x00,0x0c,0x0c,0x03,0x00,
0x46,0x00,0xc0,0xc3,0x11,0x29,0x50,0x0c,0x04,0x9a,0xaa,0x80,0x3b,0x00,0xe0,0x15,
0x1c,0x20,0x0d,0x00,0x2a,0x03,0xd1,0x0d,0x00,0x2a,0x00,0x53,0x0d,0xf4,0x02,0xf2,
0x0c,0x0c,0x00,0x2a,0x00,0x10,0x2a,0x00,0x2a,0x07,0xb1,0x76,0x00,0x2c,0xc6,0x02,
0xdb,0x10,0x59,0x10,0x6c,0x24,0xd2,0x00,0x2d,0x91,0x00,0x54,0x05,0x04,0x10,0x25,
0x66,0x03,0xf0,0x10,0x08,0x54,0x0c,0x03,0x40,0x00,0xd0,0xc0,0x51,0x85,0x00,0x5d,
0x07,0x50,0x0c,0x10,0x0d,0xd0,0x1c,0x02,0xb0,0x04,0x5d,0x00,0x95,0xa4,0x00,0x00,
0xd0,0x01,0xdb,0xcb,0x00,0xe3,0x3d,0xd3,0x00,0x00,0xd0,0x6d,0x23,0xd8,0x00,0x0d,
0x89,0x00,0x00,0x91,0xe2,0x00,0xf0,0x00,0x37,0x04,0x40,0x00,0x00,0x93,0xc8,0x2f,
0xbe,0x00,0xc0,0xc0,0x0c,0x0c,0x08,0x05,0x00,0x10,0x3b,0x05,0x00,0x30,0x31,0xc0,
0xc0,0xaa,0x00,0x80,0xc7,0x6c,0x0c,0x00,0xc1,0xd5,0x0c,0x9c,0xbf,0x04,0x12,0x00,
0x05,0x00,0xf0,0x18,0x47,0x02,0x1b,0x00,0x00,0x0a,0x34,0x91,0xb0,0x00,0x01,0xd0,
0x9d,0xbe,0xbb,0x00,0x9d,0x1d,0x01,0xb0,0x00,0x3b,0xc5,0x50,0x1b,0x00,0x02,0x1c,
0x4a,0xab,0xea,0xa6,0x00,0xc0,0x00,0x1b,0x00,0x00,0x0c,0x2c,0x01,0x08,0x0b,0x00,
0x02,0xd0,0x03,0xb0,0x70,0x02,0x6a,0x20,0x00,0xb5,0xcc,0xe6,0x30,0x00,0x1d,0x4c,
0x00,0x20,0x0a,0xd0,0x2a,0x05,0x70,0xbd,0x7b,0xbf,0xbb,0xb1,0x11,0xd0,0xbf,0x03,
0x11,0x0d,0x12,0x05,0x02,0x0b,0x00,0x94,0x49,0x9e,0x99,0x80,0x00,0xd0,0x11,0x11,
0x11,0x3d,0x00,0xf0,0x15,0x50,0x90,0x71,0x00,0x00,0xa1,0x1c,0x03,0x80,0x00,0x1c,
0x07,0x60,0x0b,0x10,0x08,0xc1,0xd0,0x00,0x3b,0x02,0xbc,0x9a,0xbc,0xbc,0x62,0x32,
0xc0,0x04,0xa0,0xb0,0x00,0x0c,0x00,0x77,0x0b,0x10,0x04,0xd8,0x20,0xc0,0x00,0x0c,
0x07,0xa0,0x0c,0x00,0x00,0xc3,0xb0,0x6d,0x60,0x7f,0x03,0xf0,0x16,0x03,0x90,0x39,
0x16,0x00,0x00,0x93,0x02,0xa0,0xa5,0x00,0x0c,0x00,0x1b,0x13,0x62,0x08,0xc7,0xbb,
0xea,0x98,0x43,0xbc,0x00,0x0c,0x03,0x70,0x41,0xc0,0x00,0xa3,0xc2,0x00,0x0c,0x00,
0x05,0xd7,0xb6,0x00,0xd5,0x7f,0x02,0x60,0x0c,0x01,0xa9,0x6a,0x67,0x00,0xc2,0xd5,
0x00,0x6e,0x91,0x04,0x10,0x10,0x91,0x04,0xf0,0x0f,0x1b,0x00,0x00,0x00,0xb3,0xab,
0xda,0xa7,0x00,0x1d,0x01,0x85,0x11,0x00,0x09,0xd7,0xbe,0xbb,0xbb,0x33,0xbd,0x02,
0xb0,0x00,0x00,0x11,0xd0,0x8d,0xbb,0xb4,0x30,0x02,0xc0,0x2c,0x10,0x00,0xd0,0x2c,
0x4c,0x20,0x00,0x0d,0x00,0x3c,0xb0,0xcc,0x00,0xa0,0x08,0x70,0x00,0x00,0x35,0x00,
0x82,0x00,0x00,0x95,0xd7,0x00,0xa0,0xd0,0xdb,0xbb,0xbd,0x07,0xd0,0xc0,0x00,0x0d,
0x1c,0x05,0x00,0x10,0x33,0x0f,0x00,0x10,0x00,0x0a,0x00,0x03,0x05,0x00,0x05,0x0f,
0x00,0xf0,0x32,0x57,0x01,0x80,0x00,0x00,0x0a,0x30,0x09,0x60,0x00,0x00,0xd4,0xbb,
0xcc,0xbb,0x00,0x8c,0x02,0x00,0x06,0x00,0x2c,0xc0,0x85,0x00,0xc0,0x02,0x2c,0x03,
0xa0,0x39,0x00,0x00,0xc0,0x0d,0x07,0x50,0x00,0x0c,0x00,0xa0,0xb1,0x00,0x00,0xc7,
0x99,0x9e,0x99,0x40,0x0c,0x11,0x11,0x11,0x10,0x00,0x27,0x00,0x25,0x92,0x00,0x08,
0x5c,0xb9,0xd3,0x00,0xd1,0x01,0x30,0x00,0x00,0x7c,0x6f,0x02,0xa0,0x2c,0xc0,0xdb,
0xbe,0xbb,0x05,0x3c,0x0c,0x00,0xb0,0x16,0x00,0xf6,0x06,0x08,0x40,0x00,0x0c,0x0c,
0x07,0x39,0x21,0x00,0xc0,0xdc,0x92,0xb8,0x50,0x0c,0x08,0x12,0xc4,0xe1,0x00,0x10,
0x25,0x01,0xf0,0x16,0x04,0x80,0x79,0x00,0x00,0x00,0xa4,0x00,0x59,0x00,0x00,0x0d,
0x4b,0xbb,0xbb,0xb1,0x09,0xc0,0x00,0x83,0x00,0x02,0xcc,0x00,0x08,0x30,0x00,0x22,
0xc1,0xbb,0xdc,0xba,0x00,0x0c,0x00,0x08,0x30,0x25,0x01,0x10,0x83,0xdb,0x01,0x94,
0x09,0x40,0x00,0x00,0xc7,0xaa,0xaa,0xaa,0x50,0xe1,0x01,0xf0,0x1d,0x0a,0x20,0x00,
0x00,0xa2,0x00,0xa2,0x00,0x00,0x0c,0x5b,0xbe,0xcb,0xb2,0x08,0xc0,0x02,0xfb,0x00,
0x01,0xcc,0x00,0x9b,0xa4,0x00,0x23,0xc0,0x39,0x93,0xc1,0x00,0x0c,0x1c,0x19,0x24,
0xd1,0x00,0xcb,0x5b,0xeb,0x67,0x30,0x0c,0x00,0x2c,0x00,0x10,0xc0,0x2c,0x00,0x03,
0x37,0x03,0x01,0x31,0x22,0xf0,0x12,0x8b,0xbb,0xbb,0xe6,0x01,0xd0,0x00,0x00,0x1b,
0x00,0xad,0x0a,0xab,0x71,0xb0,0x3b,0xc0,0xb0,0x29,0x1b,0x03,0x1c,0x0b,0x02,0x91,
0xb0,0x00,0xc0,0xca,0xb9,0x1b,0x00,0x0c,0x87,0x03,0x00,0x4a,0x01,0x01,0x0b,0x00,
0xf2,0x11,0xde,0x80,0x00,0x17,0x08,0x10,0x00,0x00,0x07,0x70,0xd1,0x11,0x10,0x00,
0xc1,0x4c,0xea,0xaa,0x20,0x5f,0x0c,0x2d,0x00,0x00,0x0d,0xd5,0x90,0xdb,0xb8,0x02,
0x5c,0x20,0xc0,0x03,0x10,0xdb,0xb6,0x00,0x07,0xcb,0x03,0x14,0x0d,0x73,0x00,0xf0,
0x15,0x06,0x60,0x0b,0x00,0x00,0x00,0xb8,0xbb,0xeb,0xbb,0x40,0x1c,0x00,0x0b,0x00,
0x00,0x08,0xc0,0xea,0xea,0xac,0x01,0xcc,0x0b,0x0b,0x00,0xb0,0x12,0xc0,0xda,0xea,
0xab,0x00,0x0c,0x04,0x4c,0x37,0x00,0x20,0x0a,0xc0,0x37,0x00,0x83,0x9a,0xc6,0x10,
0x00,0xc6,0xc4,0x01,0x7c,0xed,0x00,0x20,0x21,0x00,0x9b,0x05,0xf7,0x27,0x7c,0xdb,
0x70,0x48,0x00,0xb0,0x66,0x00,0xa4,0x80,0x4a,0x0a,0xcc,0x3b,0x48,0x0b,0xa0,0xc0,
0x83,0xb4,0x83,0x9a,0x6d,0x4b,0x0b,0x48,0x02,0xaa,0x1a,0xc0,0xb4,0x80,0x1a,0x00,
0x77,0x0b,0x48,0x01,0xa0,0x0d,0x10,0x14,0x80,0x1a,0x0b,0x60,0x00,0x48,0x01,0xa7,
0x80,0x00,0xac,0x50,0x96,0x02,0x20,0x06,0x70,0xa9,0x01,0x10,0xb2,0xa9,0x01,0xf2,
0x1d,0x1d,0x3b,0xeb,0xbe,0xb4,0x09,0xc0,0x0c,0x00,0xc0,0x02,0xcc,0x00,0xc0,0x0c,
0x00,0x12,0xc8,0xae,0xaa,0xea,0x70,0x0c,0x00,0x51,0x16,0x00,0x00,0xc0,0x2d,0x00,
0xb6,0x00,0x0c,0x1c,0x30,0x00,0xd3,0x00,0xc6,0x40,0x00,0x03,0x40,0x7f,0x00,0xf0,
0x08,0x0a,0x9b,0xad,0x20,0x66,0x00,0xb8,0x26,0x82,0xb6,0x60,0x59,0x82,0xb8,0x2b,
0x66,0x0c,0x98,0x2b,0x82,0xb6,0x63,0x79,0x0b,0x00,0xf8,0x0d,0x02,0x98,0x3a,0x82,
0xb6,0x60,0x29,0x44,0x84,0x1b,0x66,0x02,0x90,0x77,0x60,0x16,0x60,0x29,0x2c,0x0d,
0x10,0x66,0x02,0xab,0x20,0x42,0xcd,0x30,0x7f,0x00,0xf3,0x27,0x80,0x47,0xc2,0x20,
0x00,0xb6,0xcd,0x1c,0x1c,0x00,0x0c,0x00,0xc0,0xc0,0x50,0x08,0xb7,0xae,0xae,0xaa,
0x61,0xcb,0x00,0xc0,0x92,0x40,0x13,0xb0,0x0d,0x98,0x5b,0x00,0x0b,0x5c,0xd1,0x4e,
0x50,0x00,0xb1,0x0c,0x02,0xf0,0x60,0x0b,0x00,0xc0,0xbb,0x6a,0x00,0xb1,0xba,0xa4,
0x1d,0x40,0x65,0x07,0x10,0x00,0x15,0x08,0xf0,0x07,0x4c,0xaa,0xab,0xa0,0x00,0xc0,
0xc0,0x00,0x2a,0x00,0x2c,0x0c,0x00,0x02,0xa0,0x0a,0xc0,0x9a,0xca,0xb8,0x02,0xcc,
0x9f,0x01,0xf1,0x09,0x12,0xc8,0xbb,0xfc,0xbb,0x70,0x0c,0x00,0x7e,0xc2,0x00,0x00,
0xc0,0x48,0xc2,0xc5,0x00,0x0c,0x7a,0x0c,0x01,0xb9,0x00,0xc2,0xab,0x07,0x07,0x84,
0x00,0xf1,0x15,0x50,0x0b,0x20,0x00,0x00,0xb5,0x55,0x8c,0x55,0x30,0x1c,0x35,0x55,
0x55,0x53,0x09,0xc0,0x7a,0xaa,0xa5,0x02,0xbc,0x03,0x55,0x55,0x20,0x12,0xc0,0x35,
0x55,0x52,0x00,0x0c,0x0c,0xaa,0xaa,0x63,0x00,0x72,0x0c,0x00,0x0c,0x0e,0xaa,0xaa,
0xc0,0x0b,0x00,0x02,0x01,0x00,0xf4,0x26,0x08,0x20,0x0c,0x11,0x00,0x00,0xb0,0x08,
0xb9,0xd5,0x00,0x2a,0xa6,0xaa,0x4b,0x00,0x08,0x9a,0x30,0x4f,0x70,0x01,0xd9,0xa3,
0x9a,0x38,0xc5,0x25,0x9a,0x54,0x6b,0x31,0x10,0x29,0xa2,0xb5,0x6b,0x30,0x02,0x9a,
0x18,0xb7,0x4c,0x20,0x29,0x60,0x33,0xaa,0x10,0x02,0x90,0x0b,0x92,0xd1,0x03,0xf6,
0x2b,0x06,0x50,0x0a,0x60,0x00,0x00,0xb4,0xbb,0xcd,0xbb,0x80,0x1d,0x38,0x13,0x00,
0x20,0x09,0xc3,0x86,0x60,0x0b,0x02,0xbc,0x37,0xb6,0xaa,0xe8,0x12,0xc3,0xcf,0x15,
0x0b,0x00,0x0c,0x4c,0xc0,0xc1,0xb0,0x00,0xc5,0x5c,0x06,0x4b,0x00,0x0c,0x93,0xc0,
0x00,0xb0,0x00,0xcb,0x0c,0x06,0xc8,0x00,0x01,0x00,0x10,0xbc,0x00,0xf1,0x0c,0x0c,
0x30,0x00,0x00,0xb4,0xaa,0xcd,0xaa,0x20,0x1c,0x03,0xa0,0x0c,0x00,0x08,0xc0,0x0d,
0x03,0xa0,0x01,0xcc,0x7a,0xba,0xaa,0xa7,0x23,0xc0,0xc7,0x07,0x15,0x0c,0x1f,0x01,
0x05,0x0b,0x00,0x23,0x29,0x00,0xbf,0x01,0xf4,0x27,0xac,0xdb,0x60,0x55,0x00,0xb0,
0x75,0x40,0xb5,0x50,0x3a,0x0b,0x0c,0x0b,0x55,0x0a,0xa6,0xc9,0xc6,0xb5,0x52,0xca,
0x12,0x50,0x2b,0x55,0x03,0xa3,0x5d,0x52,0xb5,0x50,0x1a,0x35,0xd5,0x2b,0x55,0x01,
0xa0,0x0c,0x33,0x25,0x50,0x1a,0x8b,0xd9,0x30,0x55,0x01,0xa2,0x00,0x00,0x9d,0x40,
0x7a,0x00,0xf0,0x20,0xc1,0x1a,0x00,0x00,0xb5,0xae,0xaa,0xea,0x30,0x1c,0x00,0xc1,
0x1a,0x00,0x09,0xc5,0x7d,0x77,0xd7,0x52,0xbc,0x34,0x44,0x44,0x43,0x12,0xc0,0xba,
0xaa,0xaa,0x00,0x0c,0x0c,0x44,0x44,0xb0,0x00,0xc0,0xc5,0x55,0x6b,0x00,0x0c,0x0c,
0x99,0x9a,0xb0,0x7a,0x00,0x14,0x1b,0x4e,0x05,0xf2,0x17,0x40,0x0a,0x10,0x00,0x00,
0xa4,0x99,0xda,0x99,0x00,0x0b,0x05,0x8d,0x98,0x00,0x08,0xc0,0xa2,0x11,0xa1,0x02,
0xbc,0x0a,0x99,0x9d,0x10,0x12,0xc0,0xa8,0x88,0xd1,0x00,0x0c,0x0a,0x22,0x2a,0x10,
0x00,0x0b,0x00,0x66,0x6d,0x99,0x9d,0x92,0x00,0xc1,0x8b,0x05,0xf4,0x28,0x06,0x70,
0x0a,0x30,0x00,0x00,0xb2,0xaa,0xbc,0xa9,0x00,0x0c,0x0c,0x11,0x11,0xb0,0x08,0xc0,
0xe8,0x88,0x88,0x01,0xcc,0x0e,0xaa,0xaa,0xa2,0x12,0xc1,0xe5,0xa2,0x87,0x40,0x0c,
0x3b,0xbd,0xac,0xc4,0x00,0xc6,0x85,0xa3,0x87,0x40,0x0c,0xa5,0x5a,0x28,0x74,0x00,
0xc3,0x55,0x30,0x2c,0x20,0x73,0x01,0x00,0xd9,0x08,0xf0,0x16,0xb6,0x99,0x99,0x99,
0x10,0x1c,0x08,0x99,0x9a,0x30,0x09,0xc0,0xb1,0x11,0x74,0x01,0xdc,0x06,0x88,0x88,
0x20,0x12,0xc9,0x88,0x88,0x8b,0x30,0x0c,0x58,0xaa,0xaa,0x72,0x00,0xc0,0x00,0x84,
0x00,0x6c,0x04,0x6a,0x40,0x00,0x00,0xc0,0x0b,0xd2,0x2f,0x02,0xf0,0x0e,0x65,0x27,
0x44,0x30,0x00,0xb1,0x27,0x74,0xb0,0x00,0x1c,0x5c,0xaa,0xaa,0xc5,0x0a,0xc4,0x64,
0x44,0x45,0x42,0xbc,0x01,0x55,0x55,0x00,0x01,0xc3,0xaa,0xf9,0x00,0x30,0x00,0x58,
0x13,0x37,0x00,0xf0,0x39,0x01,0xc1,0x00,0x0c,0x07,0xb6,0x7c,0xb0,0x00,0xc0,0x98,
0x53,0x17,0x10,0x00,0x74,0x10,0x0c,0x02,0x00,0x0b,0x3b,0x3a,0xea,0xc0,0x01,0xb0,
0x40,0x0c,0x57,0x00,0x8a,0x97,0x9a,0xed,0xb5,0x1c,0xa1,0xc0,0x1b,0x10,0x02,0x4a,
0x0c,0x2d,0xaa,0xe0,0x01,0xa0,0xc9,0xd0,0x0b,0x00,0x1a,0x0c,0x5b,0x99,0xe0,0x01,
0xa1,0xc2,0xb9,0x9e,0x00,0x1a,0x00,0x0b,0x00,0xb0,0x00,0x42,0x07,0xaa,0x01,0xf5,
0x25,0x23,0xca,0xf3,0x00,0x00,0xc0,0xc1,0x3a,0x00,0x00,0x3a,0xae,0x9d,0xa9,0xb0,
0x08,0x95,0xb0,0xc0,0x0c,0x00,0xe9,0x09,0xdb,0x99,0x80,0x37,0x92,0x9b,0x60,0x78,
0x00,0x29,0x54,0xac,0xcb,0x00,0x02,0x96,0xb6,0xc8,0xa4,0x00,0x29,0x18,0x92,0xa0,
0xc4,0x02,0x93,0x58,0xc6,0x26,0x02,0x01,0x05,0x0b,0x30,0x3b,0x02,0x80,0x3b,0x0d,
0xf1,0x02,0x07,0x90,0x00,0x4f,0xdc,0xbb,0xab,0x90,0x00,0x02,0x50,0xa0,0x04,0x00,
0x00,0x48,0x0d,0x88,0x04,0xd0,0xd0,0x03,0x10,0x01,0xc2,0x0d,0x00,0xa3,0x08,0xd4,
0x00,0xbb,0xae,0x1a,0x27,0x30,0x22,0x00,0x00,0x28,0x0a,0x53,0x00,0x1a,0xaa,0xaa,
0xaa,0x47,0x00,0x10,0x11,0xe3,0x05,0xa0,0x2a,0xac,0xda,0xeb,0xaa,0x20,0x00,0x58,
0x0b,0x10,0x37,0x00,0x10,0xb1,0x14,0x0d,0xf4,0x00,0x0b,0x10,0x53,0x00,0x5b,0x00,
0xb1,0x09,0x41,0xca,0x00,0x08,0xdc,0xc1,0x01,0xea,0x0d,0x01,0xb4,0x09,0xb0,0xc1,
0x00,0x00,0x0b,0xbb,0xbd,0xcb,0xbb,0x10,0x00,0x2c,0x28,0x08,0xf0,0x04,0x1c,0x30,
0x09,0x70,0x00,0x0e,0xeb,0xba,0xac,0x60,0x00,0x00,0x10,0x20,0x23,0x00,0x00,0x48,
0x0b,0x3e,0x05,0xe3,0x60,0xb1,0x03,0x00,0x02,0xc1,0x0b,0x10,0xa3,0x09,0xb2,0x00,
0x8d,0xcc,0xb7,0x00,0x30,0x10,0x0d,0x00,0xa8,0x07,0xf0,0x09,0xd0,0x1d,0x00,0x00,
0x77,0x0d,0x0a,0x50,0x00,0x01,0x30,0xd0,0x50,0x00,0x2b,0xbc,0xdd,0xdb,0xbb,0x20,
0x00,0x39,0x0a,0x10,0xee,0x05,0xf5,0x05,0xa1,0x00,0x00,0x00,0xa2,0x0a,0x10,0x63,
0x00,0x6b,0x00,0xa2,0x09,0x30,0xba,0x00,0x07,0xdc,0xc0,0x01,0x3c,0x09,0x72,0x00,
0x02,0xbb,0xbb,0xfb,0xbb,0xb2,0x61,0x0c,0x61,0x0c,0xaa,0xda,0xab,0x00,0x00,0x09,
0x0d,0x80,0x0e,0xaa,0xaa,0xae,0x00,0x00,0x02,0xa0,0x1e,0x03,0xd5,0x57,0x0c,0x00,
0x41,0x00,0x2d,0x10,0xc0,0x0a,0x30,0xbc,0x30,0x0a,0x3d,0x00,0x21,0x01,0x60,0x5b,
0x05,0x01,0x06,0x00,0x20,0x3f,0x10,0x87,0x0a,0x10,0xc9,0x0b,0x00,0xf0,0x0b,0xc2,
0xd1,0x00,0x00,0x00,0x4b,0x06,0x90,0x00,0x00,0x0c,0x30,0x0c,0x30,0x00,0x0a,0x70,
0x00,0x3d,0x10,0x0b,0x90,0x00,0x00,0x6d,0x20,0x50,0x05,0x50,0x30,0x00,0x00,0x6e,
0x50,0x67,0x01,0xf3,0x04,0x0b,0x50,0x00,0x00,0x4c,0x10,0x0b,0x90,0x01,0x9c,0xcb,
0xbb,0xb8,0xd3,0x14,0x00,0x0d,0x00,0x01,0xf3,0x0b,0x42,0xbb,0xbf,0xbb,0xb1,0x0b,
0x00,0x60,0x01,0x11,0x1d,0x11,0x11,0x00,0xc8,0x0a,0x50,0x90,0x00,0x04,0x20,0x61,
0x5d,0x00,0x00,0x6d,0x0c,0xf4,0x1b,0x3b,0x00,0x0b,0x40,0x00,0x0c,0x21,0x40,0x1d,
0x30,0x0b,0x60,0x86,0x00,0x3d,0x20,0x50,0x0d,0x02,0x20,0x10,0x00,0x08,0x70,0x2c,
0x00,0x00,0x03,0xc0,0x00,0x6a,0x00,0x02,0xdc,0xcc,0xcb,0xc5,0x00,0x04,0x21,0x00,
0x01,0x43,0x05,0x10,0xb0,0xdd,0x08,0xa8,0x0a,0x40,0x85,0x00,0x00,0x9c,0xcc,0xcf,
0xcc,0x70,0xa7,0x02,0x46,0xdd,0xdd,0xdd,0xd0,0x0f,0x00,0x00,0xe2,0x0b,0x34,0xcc,
0xcc,0xc2,0x37,0x00,0x00,0xd8,0x0b,0xa7,0x08,0x40,0x58,0x00,0x00,0x6b,0xbb,0xdc,
0xcb,0x60,0x85,0x0d,0xa0,0x2b,0xbb,0xcf,0xcb,0xbb,0x20,0x00,0x07,0x9a,0x00,0x74,
0x00,0xd3,0x98,0x00,0x00,0x07,0xc1,0x00,0x9b,0x20,0x1d,0x80,0x00,0x00,0x5c,0x07,
0x02,0x10,0x2a,0x0e,0x0d,0x52,0x8b,0xea,0xaa,0xeb,0x80,0x0b,0x00,0xf1,0x13,0x02,
0xda,0xaa,0xe1,0x00,0x00,0x2b,0x44,0x4c,0x10,0x00,0x02,0xc5,0x55,0xc1,0x00,0x2b,
0xbe,0xbb,0xbe,0xbb,0x20,0x00,0x74,0x06,0x92,0x00,0x06,0xc8,0x00,0x04,0xd9,0x00,
0x71,0x1e,0x01,0xf0,0x00,0xea,0xaa,0xab,0x90,0x00,0x0d,0x55,0x55,0x79,0x00,0x00,
0xd5,0x55,0x57,0x90,0x87,0x01,0xf0,0x0e,0xb9,0x00,0x00,0xc1,0x11,0x14,0x90,0x00,
0x0e,0x88,0x88,0xa9,0x00,0x7a,0xea,0xaa,0xab,0xda,0x20,0x02,0xa1,0x08,0x71,0x00,
0x18,0xd4,0x00,0x06,0xd6,0x85,0x01,0xf2,0x0e,0x01,0x20,0x00,0x03,0x80,0xb0,0x00,
0x00,0x4a,0xbd,0xae,0xaa,0x00,0x07,0x53,0x80,0xb0,0xc0,0x00,0x75,0x38,0x0b,0x0c,
0x00,0x07,0xcb,0xda,0xea,0xe0,0x0b,0x00,0xf4,0x06,0x7d,0xcc,0xdb,0xeb,0xeb,0x20,
0x00,0x82,0x08,0x50,0x00,0x05,0xc7,0x00,0x18,0xd5,0x01,0x92,0x00,0x00,0x02,0x1e,
0x01,0xf2,0x26,0xb1,0x05,0x80,0x00,0x1a,0xac,0xda,0xea,0xaa,0x10,0x03,0x3c,0x3c,
0x33,0x00,0x00,0x67,0xd6,0xd6,0xd0,0x02,0x99,0xae,0x9e,0x9e,0xa2,0x00,0x00,0xb0,
0xb0,0xb0,0x00,0x0a,0xce,0xaf,0xb9,0x00,0x00,0x3b,0xb0,0xcb,0x30,0x00,0x7b,0x1b,
0x0b,0x1b,0xa1,0x16,0x00,0xb0,0xb0,0x04,0xca,0x0d,0x00,0xe0,0x05,0xf2,0x25,0xdb,
0xbb,0xeb,0xbc,0x8d,0x00,0x2a,0x00,0x48,0xd0,0x05,0xe3,0x04,0x8d,0x00,0xc3,0xc4,
0x48,0xd1,0xb6,0x01,0xd7,0x8d,0x75,0x00,0x01,0x48,0xd0,0x00,0x00,0x04,0x8d,0x00,
0x00,0x5c,0xd5,0x05,0xdb,0xb2,0xeb,0xe0,0x00,0x57,0x0b,0x2a,0x0c,0x00,0x05,0x70,
0xb2,0xa0,0xc0,0x0b,0x00,0xf3,0x11,0x7c,0xdb,0xeb,0xeb,0xeb,0x20,0x56,0x0b,0x29,
0x0c,0x00,0x06,0x50,0xb2,0x90,0xc0,0x00,0xa2,0x0b,0x47,0x0c,0x00,0x1c,0x00,0xb8,
0x40,0xc0,0x07,0x62,0xca,0xa0,0xad,0xa0,0x00,0xe0,0xdb,0xbb,0xbb,0xbb,0xbd,0x09,
0x20,0x00,0x2b,0x50,0xcc,0xcc,0xc7,0x40,0x52,0x06,0xe3,0x04,0xd9,0x99,0x99,0x20,
0x01,0x11,0x11,0xa3,0xab,0xbb,0xbb,0x4b,0x20,0x38,0x02,0x80,0x1d,0x00,0x00,0x0b,
0xcd,0x60,0x00,0x00,0x3e,0x05,0x10,0xa5,0x7f,0x08,0xf0,0x09,0x01,0xe2,0xcb,0xbe,
0xbb,0x80,0x01,0x1a,0x01,0xb0,0x1b,0x00,0x01,0xa0,0x1b,0x01,0xb0,0x05,0x3e,0xbb,
0xeb,0xbb,0x00,0xd2,0x0b,0x00,0x61,0x78,0x01,0x01,0xb0,0x00,0x1d,0x2c,0x00,0x16,
0x10,0xfb,0x0a,0xf0,0x04,0x00,0x04,0x92,0x90,0x00,0x0c,0x20,0x94,0x0a,0x00,0x00,
0x3a,0x1e,0xaa,0xea,0xa0,0x00,0x0a,0xe0,0x7b,0x08,0xc0,0xac,0xaa,0xea,0x70,0x00,
0x50,0xc0,0x0b,0x00,0x00,0x2c,0x0c,0xeb,0x07,0xb4,0x30,0xc0,0x0b,0x00,0x03,0xa0,
0x0c,0xbb,0xeb,0xb3,0x00,0x24,0x07,0x20,0x0b,0x62,0x2c,0x02,0xf4,0x1e,0xb2,0x80,
0x06,0x9b,0xaa,0xae,0x99,0x00,0x02,0xb4,0x76,0xb0,0x30,0x00,0x0b,0x23,0x2b,0x29,
0x00,0x04,0xb8,0xab,0xa9,0x30,0x02,0xab,0x82,0xa7,0xb0,0x00,0x94,0xc5,0x97,0xa9,
0x63,0x2c,0x2b,0x00,0x77,0xbb,0x12,0x46,0x50,0x59,0x04,0x5e,0x07,0x11,0x0f,0x24,
0x0f,0x30,0xe0,0x00,0xe0,0x7b,0x0d,0x10,0x0e,0xcd,0x00,0x00,0x0b,0x00,0x31,0x1c,
0x00,0x0e,0x5b,0x0f,0xe1,0xe0,0x14,0x00,0xd2,0x00,0x0e,0x04,0x90,0xc6,0x00,0x00,
0xec,0xe5,0x02,0x9d,0x05,0x00,0x22,0x00,0xf0,0x06,0x03,0x40,0x0d,0x00,0x80,0x57,
0x00,0xd0,0x0d,0x05,0x70,0x0d,0x00,0xd0,0x3b,0xbb,0xfb,0xbb,0x01,0x00,0x0d,0xcd,
0x0d,0x30,0xd0,0x05,0x7c,0x99,0x0a,0x50,0xcb,0xbb,0xfb,0xbc,0x70,0xbb,0x03,0x30,
0x00,0x00,0x2b,0x90,0x03,0x42,0xbc,0xeb,0xbb,0x10,0x0b,0x00,0x10,0x00,0x08,0x0b,
0x10,0x5c,0x29,0x12,0x00,0x0b,0x00,0xf1,0x03,0x01,0x00,0x05,0x60,0x2b,0x00,0xc0,
0x00,0x56,0x02,0xb0,0x0c,0x00,0x05,0xdb,0xbe,0xbb,0xe0,0x0e,0x07,0x00,0x05,0x0f,
0xf0,0x12,0xdd,0x00,0x00,0x00,0x6c,0x10,0x40,0x00,0xa8,0x00,0x4d,0x37,0x0b,0x0b,
0x4c,0xd0,0x92,0xb5,0x30,0xcd,0x02,0xab,0x74,0x0c,0xd8,0xa1,0xb0,0x97,0xcd,0x00,
0x7c,0x00,0x2c,0x98,0x01,0x02,0x04,0x02,0xf0,0x0f,0x02,0x50,0x72,0x00,0x00,0x00,
0x95,0x03,0xb0,0x00,0x00,0x3c,0x00,0x08,0x80,0x00,0x1d,0x20,0x00,0x0a,0x80,0x1d,
0x9b,0xcc,0xbb,0x99,0x50,0x10,0x09,0x30,0x68,0x12,0x60,0xd1,0x04,0x90,0x00,0x00,
0x4b,0xb0,0x12,0x30,0x2d,0x20,0x07,0x90,0x0f,0x23,0xac,0xe2,0x1e,0x11,0x03,0xc9,
0x10,0xe0,0x03,0xbe,0xcb,0xf0,0x01,0xd4,0x61,0x93,0x0c,0x05,0xae,0x64,0x09,0x20,
0x03,0x0a,0x21,0xb1,0x0c,0xdb,0x0d,0xa0,0xc0,0x00,0xd7,0xa2,0xb0,0x0c,0x00,0x0e,
0x50,0xb4,0x2a,0x00,0xf7,0x2c,0xa8,0x1a,0xc8,0x00,0x00,0x04,0x00,0x22,0x00,0x0a,
0xbd,0xbb,0x50,0x0c,0x00,0x57,0x00,0x27,0x0c,0x00,0xac,0xb8,0x39,0x0c,0x01,0xc0,
0x2a,0x39,0x0c,0x09,0xc4,0x67,0x39,0x0c,0x1a,0x09,0xe2,0x39,0x0c,0x00,0x04,0xc0,
0x39,0x0c,0x00,0x0d,0x40,0x01,0x0c,0x00,0xa8,0x00,0x00,0x0c,0x08,0x80,0x00,0x3d,
0xdb,0x71,0x05,0x20,0x00,0xb5,0xb9,0x01,0xf0,0x0f,0x58,0xa3,0x0c,0x0c,0x00,0x3b,
0x00,0xb2,0xc0,0xc0,0x2c,0x65,0x56,0x8c,0x0c,0x00,0x1d,0x55,0xc0,0xc0,0xc0,0x00,
0xc0,0x0c,0x0c,0x0c,0x00,0x0c,0x2b,0x90,0x0b,0x00,0xf0,0x02,0x00,0x91,0x0c,0x00,
0x0c,0x00,0x29,0x00,0xc0,0x00,0xac,0xcc,0x37,0xcd,0x00,0x01,0x90,0x3c,0x00,0xf1,
0x1d,0x94,0x2b,0xdc,0xbc,0x7b,0xbd,0x80,0xa1,0x0c,0x00,0x1d,0x10,0xb0,0x0c,0x00,
0xc5,0x80,0xc0,0x0c,0x2c,0xec,0x50,0xc0,0x0c,0xa4,0xa7,0xc1,0xb0,0x0b,0x00,0xa1,
0x16,0x70,0x1b,0x00,0xa1,0x0d,0x10,0x49,0x00,0xa1,0xb5,0x4d,0xe4,0xaf,0x01,0xf0,
0x01,0x0b,0xc8,0xbb,0xb0,0x07,0x30,0xb2,0x8b,0x0b,0x18,0x73,0x0b,0x28,0xb0,0xb1,
0x97,0x0b,0x00,0x90,0x19,0x73,0x4e,0xbd,0xeb,0xe7,0x97,0x30,0xa2,0x0b,0x00,0x10,
0x0a,0x16,0x00,0x00,0x0b,0x00,0xd8,0x01,0x73,0x09,0x28,0xb0,0xb0,0x07,0x34,0x6c,
0x98,0xb9,0x0c,0xd1,0xa6,0x04,0xf0,0x06,0x49,0xe6,0x00,0x0c,0x07,0x8d,0x10,0x56,
0x0c,0x01,0x1c,0x10,0x57,0x0c,0x0a,0xaf,0xa9,0x57,0x0c,0x00,0x7e,0x98,0x05,0xd0,
0xbd,0xb3,0x57,0x0c,0x0a,0x5c,0x27,0x57,0x0c,0x09,0x0c,0x00,0x00,0xad,0x00,0x20,
0x03,0x3d,0x90,0x07,0x11,0xa6,0xeb,0x00,0xf0,0x14,0x0c,0xaa,0xbb,0x00,0x0c,0x0c,
0x00,0x1b,0x0b,0x0c,0x0c,0x33,0x4b,0x0c,0x0c,0x06,0x9c,0x85,0x0c,0x0c,0x00,0x39,
0x00,0x0c,0x0c,0x1b,0xcd,0xbc,0x0c,0x0c,0x00,0x76,0x0b,0x0c,0x0c,0xd3,0x0a,0xb2,
0x0c,0x03,0xc0,0x1b,0x00,0x0c,0x0d,0x29,0xc5,0x08,0xda,0xcc,0x02,0xf0,0x37,0xce,
0xbb,0x70,0x0b,0x00,0x66,0x62,0x0b,0x0b,0x01,0xb0,0x2c,0x0b,0x0b,0x0a,0xdb,0xac,
0x6b,0x0b,0x00,0x08,0x00,0x1b,0x0b,0x04,0x5d,0x65,0x1b,0x0b,0x05,0x6d,0x76,0x1b,
0x0b,0x00,0x0b,0x10,0x12,0x0b,0x01,0x4d,0xbd,0x70,0x0b,0x0b,0x86,0x20,0x06,0xcc,
0x02,0x88,0x30,0x00,0x0c,0x08,0xcd,0xba,0x4a,0x0c,0x0c,0x08,0x30,0x0a,0x0c,0x2b,
0xad,0xba,0x8a,0x0c,0x00,0x0a,0x00,0x90,0x07,0xad,0xbb,0x3a,0x0c,0x09,0x28,0x36,
0x5a,0x05,0x00,0x60,0x52,0x0c,0x09,0x18,0x7b,0x20,0x19,0x00,0xf0,0x1e,0x05,0xdc,
0x0b,0xaa,0xae,0x04,0x0c,0x0b,0x00,0x0b,0x0c,0x0c,0x0b,0xaa,0xae,0x0c,0x0c,0x0b,
0x01,0x90,0x0c,0x0c,0x0c,0x99,0xd9,0x1c,0x0c,0x0d,0xb2,0xa9,0x2c,0x0c,0x0c,0xa1,
0x99,0x2c,0x0c,0x49,0xa1,0x99,0x13,0x0c,0x83,0x71,0xb9,0x9c,0x0e,0x45,0x90,0x08,
0xcc,0x00,0xa8,0x07,0xf0,0x27,0x05,0x10,0x85,0x00,0x0c,0x05,0xd7,0xc0,0x28,0x0c,
0x00,0x3f,0xb0,0x39,0x0c,0x06,0xc2,0x7c,0x39,0x0c,0x07,0x0b,0x01,0x39,0x0c,0x29,
0x9e,0x99,0x59,0x0c,0x02,0x4c,0x33,0x39,0x0c,0x0a,0x2c,0x1c,0x00,0x0c,0x29,0x0c,
0x08,0x20,0x0c,0x00,0xbc,0x00,0x0a,0xda,0x00,0x02,0x00,0x03,0xd4,0x12,0x90,0x01,
0xc0,0x00,0x29,0x9a,0xb9,0xbc,0x99,0x60,0xde,0x11,0xf0,0x05,0x21,0x04,0xbb,0xb4,
0x14,0x0a,0x00,0x65,0x05,0x63,0x90,0xc0,0x06,0xca,0xc6,0x39,0x0c,0x00,0x68,0x48,
0x0b,0x00,0xf0,0x00,0x95,0x96,0x28,0x0c,0x00,0x65,0x05,0x60,0x00,0xc0,0x06,0x56,
0xc4,0x08,0xca,0x0b,0x03,0xf0,0x1e,0x90,0x0b,0x00,0x15,0x55,0x50,0x82,0xb0,0x03,
0xa4,0x4c,0x08,0x2b,0x00,0x3c,0x88,0xd0,0x82,0xb0,0x02,0x44,0x44,0x18,0x2b,0x00,
0xc8,0xb9,0x8a,0x82,0xb0,0x0c,0x6a,0x86,0xa8,0x2b,0x00,0xb3,0x96,0x4a,0x10,0xb0,
0x0c,0xac,0xba,0xa0,0x8e,0x08,0x34,0x1a,0x5c,0xd0,0x63,0x07,0x00,0x67,0x15,0x20,
0xbb,0xb8,0x72,0x15,0xf0,0x0f,0x85,0x5b,0xce,0xbc,0x00,0x08,0x50,0x04,0x90,0xc0,
0x00,0x85,0x00,0x57,0x0b,0x00,0x08,0x55,0x08,0x40,0xb0,0x01,0xbd,0x60,0xc1,0x0c,
0x01,0xc5,0x00,0x59,0x4a,0x04,0x84,0x4c,0x03,0x4a,0x00,0x00,0x1b,0x10,0x9a,0x9a,
0x05,0x12,0x83,0x05,0x00,0xe0,0x27,0x77,0x3b,0xdc,0xb9,0x68,0x4c,0x00,0x93,0x1a,
0x65,0x0c,0x00,0xa1,0x05,0x00,0x20,0xc0,0x29,0x05,0x00,0xf2,0x03,0x38,0x65,0x0c,
0x06,0x70,0x47,0x65,0x0c,0x1c,0x10,0x76,0x6c,0xbe,0x35,0x2c,0xc1,0x65,0x0a,0x92,
0x05,0x40,0x6b,0xbb,0x10,0xc0,0xe9,0x03,0xf0,0x13,0x8e,0x99,0x20,0xbb,0xbb,0x61,
0xc0,0x83,0x00,0xa2,0x00,0x0c,0x08,0x30,0x0d,0x27,0x00,0xc0,0x93,0x03,0xa0,0xd1,
0x2a,0x09,0x20,0x88,0x8e,0x68,0x60,0xb1,0x0c,0xa5,0x29,0xd0,0x4d,0x05,0x34,0xd3,
0x7d,0xa0,0x17,0x03,0x00,0x0f,0x05,0xf9,0x21,0xba,0xac,0x01,0xb0,0x00,0x0b,0x00,
0xb6,0x8e,0x99,0x00,0xba,0xac,0x13,0xb0,0xb0,0x0b,0x00,0xb0,0x2a,0x0b,0x00,0xba,
0xac,0x04,0x80,0xc0,0x0b,0x00,0xb0,0x85,0x0c,0x00,0xb0,0x4e,0x6d,0x00,0xc0,0x5e,
0xb8,0x37,0x80,0x0c,0x00,0x00,0x03,0xb0,0xad,0x4e,0x07,0x11,0x02,0xd5,0x04,0xf0,
0x0a,0x9d,0xbb,0xbb,0xb3,0x00,0x3c,0x00,0x00,0x09,0x30,0x1d,0xeb,0xbb,0xb0,0x93,
0x00,0x2d,0x00,0x0c,0x0a,0x20,0x00,0xea,0xaa,0xa0,0x34,0x0f,0x20,0x05,0xad,0x22,
0x15,0xd3,0x01,0x0a,0x20,0x0e,0x32,0x22,0x24,0xe0,0x00,0x69,0xaa,0xaa,0x84,0x3d,
0x00,0x10,0x2c,0x05,0x00,0xf1,0x12,0x8d,0xbb,0xbb,0xbb,0x02,0xd0,0x01,0x00,0x0c,
0x0c,0x84,0x19,0x24,0x0c,0x36,0xb1,0xbb,0x0c,0x0c,0x00,0xb0,0xbb,0x4c,0x0c,0x00,
0xb9,0x30,0x5c,0x0c,0x00,0xba,0xaa,0xac,0x52,0x0c,0x00,0xc9,0x04,0x23,0xbc,0xd5,
0x38,0x00,0x20,0xc0,0xc0,0x0a,0x17,0xf0,0x08,0x0c,0x00,0x01,0x00,0x0d,0x20,0xc0,
0x1c,0x50,0x06,0xf1,0x0c,0x5d,0x40,0x02,0xcb,0x15,0xe9,0x10,0x00,0x32,0xb5,0x8d,
0xd0,0x02,0x42,0x10,0xc0,0x00,0x60,0x4f,0x04,0xf0,0x08,0x0b,0x10,0xbb,0xab,0xc0,
0x00,0xb1,0x00,0x22,0x20,0x00,0xdb,0xce,0xbf,0xbb,0x90,0xd0,0x2a,0x0c,0x00,0x00,
0xd0,0x29,0x05,0x00,0xf4,0x00,0x47,0x0c,0x00,0x20,0xd0,0xa3,0x0d,0x03,0xb0,0xd7,
0x90,0x08,0xcb,0x40,0xd1,0x79,0x06,0xf0,0x1b,0xb2,0x01,0x11,0x11,0x11,0x0d,0xaa,
0xaa,0xaa,0xa5,0xd0,0x70,0x00,0x73,0x0d,0x06,0xb1,0x3b,0x00,0xd0,0x03,0xcc,0x10,
0x0d,0x00,0x2c,0xc4,0x00,0xd0,0x4c,0x21,0xc4,0x0d,0x3a,0x10,0x01,0x70,0xd9,0x99,
0x99,0x99,0x71,0x53,0x02,0xf0,0x11,0x00,0x02,0x97,0x39,0x00,0x00,0x7c,0xf5,0x03,
0x90,0x00,0x02,0x0b,0x20,0x39,0x00,0x00,0x00,0xb2,0x03,0x90,0x00,0x6c,0xce,0xcc,
0xce,0xcc,0x10,0x00,0xc1,0x02,0xb0,0x43,0x08,0x11,0x2b,0x8b,0x17,0x91,0xb0,0x00,
0x02,0xd2,0x00,0x2b,0x00,0x01,0xd3,0x90,0x05,0x14,0x00,0xcc,0x09,0xf4,0x08,0x20,
0x00,0x0d,0x10,0xd0,0x1c,0x00,0x00,0x68,0x0d,0x08,0x50,0x00,0x00,0x50,0xd0,0x60,
0x00,0x06,0xbb,0xbf,0xbb,0xb6,0x76,0x08,0x4c,0xbf,0xbb,0xbb,0x20,0xf6,0x16,0x20,
0x03,0x90,0x3b,0x02,0x10,0x39,0xf9,0x01,0x51,0x6c,0xdb,0x6c,0xfc,0xb0,0xe2,0x03,
0xf7,0x12,0x00,0x03,0x90,0xa2,0xa0,0xcc,0x00,0x39,0x1b,0x48,0x0c,0xa2,0x03,0x98,
0x59,0x30,0xc7,0x50,0x39,0x51,0xd0,0x0b,0x45,0x03,0x90,0xb5,0x02,0xa0,0x00,0x39,
0x97,0x0b,0xd5,0x6d,0x18,0x00,0x1a,0x03,0x00,0xcd,0x0f,0xf0,0x0b,0x35,0x93,0xa8,
0x31,0x00,0x0d,0x66,0xd7,0x6a,0x50,0x00,0xd8,0x8d,0x98,0xb5,0x00,0x0c,0x11,0xb2,
0x17,0x50,0x00,0xda,0xae,0xaa,0xc5,0x25,0x08,0x00,0x19,0x15,0x41,0xbe,0xbb,0xbb,
0x60,0x0b,0x00,0x10,0x00,0xd3,0x08,0x01,0xb0,0x15,0x02,0x8e,0x07,0x00,0xa3,0x04,
0x50,0x11,0x10,0x00,0x00,0x04,0x3d,0x0b,0x00,0x8b,0x18,0x41,0x20,0x00,0x04,0xa0,
0xc8,0x16,0x20,0xc9,0x20,0x16,0x00,0x23,0x5c,0x10,0x2c,0x00,0x00,0x21,0x00,0x50,
0x05,0xcc,0xec,0xcc,0xe4,0x38,0x11,0x20,0x08,0x40,0x2c,0x18,0x10,0x83,0x43,0x11,
0x00,0x21,0x18,0x82,0xa3,0x33,0xd0,0x00,0x00,0x0a,0x35,0x95,0x42,0x18,0x61,0x01,
0xcc,0xcd,0xcc,0xcc,0xc1,0x4f,0x0b,0x80,0x00,0x2d,0xaa,0xae,0xaa,0xa1,0x02,0xa0,
0xee,0x00,0x11,0x2a,0xb4,0x0a,0x90,0xa8,0xbb,0xfb,0xb8,0x00,0x39,0x00,0x0d,0x23,
0x23,0x07,0xe1,0xd1,0xd2,0x00,0x85,0x00,0x0d,0x03,0x40,0x0d,0x6c,0xcc,0xfc,0xcc,
0x60,0x78,0x0d,0xf1,0x26,0x04,0x55,0x55,0x55,0x55,0x00,0xb6,0x66,0xaa,0x66,0x50,
0x0b,0x18,0xad,0xba,0xa0,0x00,0xb1,0xc1,0x11,0x1c,0x00,0x0b,0x1d,0x88,0x88,0xe0,
0x00,0xc0,0xd8,0x88,0x8e,0x00,0x0d,0x02,0x31,0xc3,0x30,0x00,0xd0,0x96,0x0c,0x2d,
0x10,0x4a,0x6c,0x00,0xc0,0x4c,0x06,0x45,0x16,0xc9,0x7e,0x15,0x07,0x9a,0x19,0xf0,
0x23,0x31,0x40,0x00,0x00,0x3c,0x52,0x3c,0x90,0x00,0x08,0x9c,0xa7,0x56,0x50,0x1a,
0xaa,0xeb,0xaa,0xaa,0x60,0x00,0xa4,0x32,0xb5,0x00,0x03,0xb5,0x7a,0x25,0xaa,0x31,
0xa7,0xb5,0x5c,0x26,0x44,0x00,0x28,0xc7,0x2b,0x60,0x00,0x01,0x55,0xaa,0x20,0x00,
0x00,0x4a,0x61,0xe9,0x0e,0xf0,0x04,0xec,0xcc,0xcc,0xf0,0x00,0x08,0x54,0x40,0x3b,
0x00,0x00,0x1c,0x1c,0x29,0x40,0x00,0x00,0x86,0x24,0xe1,0x01,0x20,0xc5,0xc2,0x2b,
0x0a,0x10,0xfa,0x47,0x0c,0xa1,0xc3,0x9c,0x40,0x01,0x8d,0x80,0x00,0x3b,0xd1,0x05,
0x7e,0x01,0x40,0x04,0xbe,0xbb,0xcb,0xc6,0x02,0xf0,0x0e,0x06,0x80,0x00,0x00,0x0d,
0x40,0xb2,0x00,0x00,0x00,0xda,0x2f,0xbb,0x10,0x00,0x0c,0x93,0x00,0xc0,0x00,0x04,
0x91,0xc0,0x76,0x00,0x00,0x94,0x04,0xcb,0x1e,0x03,0xf4,0x30,0x6c,0xc4,0x00,0x0c,
0x34,0xb9,0x01,0xac,0x10,0x30,0x52,0x00,0x00,0x20,0x0b,0xbb,0xba,0xeb,0xbd,0x00,
0x30,0x2a,0x0b,0x01,0xb0,0x07,0x74,0x80,0xc0,0x47,0x00,0x0b,0xa4,0x09,0x29,0x30,
0x00,0x2f,0x10,0x39,0xc0,0x00,0x04,0xe7,0x00,0xc7,0x00,0x00,0xc2,0xc1,0x3c,0xc0,
0x00,0xa7,0x03,0x4d,0x15,0xc1,0x17,0x00,0x1c,0x10,0x05,0x55,0x04,0x92,0x12,0x46,
0x82,0x00,0x0e,0xba,0x98,0x64,0x10,0x48,0x02,0xf0,0x00,0x0f,0xbb,0xbb,0xbb,0x00,
0x00,0xc1,0xb0,0x02,0xb0,0x00,0x1b,0x09,0x40,0xa3,0xd9,0x08,0xf3,0x03,0x79,0x00,
0x00,0x77,0x00,0x8f,0x60,0x00,0x0d,0x14,0xb8,0x19,0xc6,0x01,0x52,0x92,0x00,0x02,
0xa2,0x13,0xf3,0x01,0x07,0x05,0x70,0x91,0x00,0x02,0xa0,0x84,0x02,0xb0,0x00,0x8d,
0xbe,0xcb,0xbb,0xb0,0x3a,0x09,0xf9,0x49,0x7d,0xbb,0xba,0x00,0x00,0x1c,0xa3,0x03,
0xa0,0x00,0x0b,0x30,0xc5,0xc1,0x00,0x0a,0x70,0x07,0xfa,0x00,0x01,0x51,0x6c,0x91,
0x6d,0x92,0x00,0x37,0x10,0x00,0x05,0x10,0x0c,0xdb,0xea,0x00,0x00,0x00,0x38,0x0b,
0x8f,0xee,0xe0,0x03,0xc9,0xd1,0xb0,0x0d,0x00,0x39,0x1b,0x19,0x32,0xa0,0x03,0x80,
0xb1,0x58,0x76,0x00,0x3d,0xae,0x10,0xdd,0x10,0x03,0x80,0xb3,0x08,0xb0,0x01,0x8d,
0xbe,0x81,0xac,0x10,0x15,0x20,0xb1,0x88,0x3c,0x20,0x00,0x0b,0x88,0x00,0x46,0x00,
0x17,0x14,0x00,0xc2,0x0b,0xf0,0x0f,0xbb,0xbe,0xbb,0xba,0x00,0x03,0x2a,0x0c,0x12,
0x00,0x01,0xc2,0xa0,0xc1,0xc3,0x00,0xc3,0x06,0x06,0x02,0xd0,0x01,0x6d,0xaa,0xac,
0x40,0x00,0x00,0x68,0x05,0x71,0x02,0xd0,0x7c,0xb0,0x00,0x00,0x04,0x9b,0x6a,0xb7,
0x40,0x0b,0x83,0x00,0x01,0xb9,0x0b,0xf0,0x0b,0xda,0x9e,0x80,0x00,0x03,0x6c,0xdc,
0xb3,0x00,0x07,0xcb,0x95,0x69,0xa8,0x10,0x19,0x8b,0x23,0x98,0x90,0x08,0x94,0x82,
0x78,0x59,0x30,0xb5,0x03,0xf9,0x16,0xa7,0x08,0x2c,0x88,0x89,0x93,0x50,0x02,0xc8,
0x88,0x99,0x00,0x00,0x2c,0x88,0x89,0x90,0x02,0x9a,0xd9,0x99,0xad,0x96,0x1c,0xcc,
0xcc,0xcc,0x92,0xc0,0x00,0x00,0x2c,0x2c,0x00,0x00,0x02,0xc2,0x09,0x00,0xa1,0x2e,
0xaa,0xaa,0xab,0xc2,0xc1,0x11,0x11,0x3c,0x01,0x3c,0x03,0x00,0xf4,0x03,0x41,0xc9,
0x99,0x99,0xc0,0x7e,0x07,0x11,0xcb,0x10,0x09,0xf6,0x0a,0x80,0x00,0x08,0x99,0x9e,
0xaa,0xa8,0x12,0x25,0xa0,0x01,0xb0,0x00,0xa4,0x00,0x2a,0x01,0xaa,0x00,0x04,0x88,
0xd7,0x00,0xac,0xd3,0xc0,0x13,0x00,0x75,0x01,0x11,0xbf,0xbd,0x03,0x10,0xd0,0xcf,
0x02,0x13,0x0d,0x0b,0x00,0x11,0x0b,0x8b,0x01,0xf0,0x02,0x04,0x20,0x54,0x00,0x00,
0x04,0xc1,0x01,0xc7,0x00,0x09,0xc1,0x00,0x00,0xb9,0x00,0x60,0x19,0x0c,0x51,0x5b,
0xbb,0xbb,0xbc,0xeb,0x0a,0x08,0xb0,0x00,0x00,0xdb,0xbc,0x14,0x90,0x00,0x0c,0x00,
0xa1,0x49,0xf4,0x12,0x00,0x19,0x0c,0x31,0xbb,0xd1,0x49,0xf5,0x02,0x13,0x90,0x21,
0x00,0x34,0x00,0x08,0xde,0x53,0x15,0x20,0x1d,0x10,0x28,0x14,0xc1,0x01,0x90,0x00,
0x09,0x70,0x00,0x6b,0x00,0x8f,0xcb,0xbb,0xbb,0x97,0x03,0x52,0x30,0x0c,0xbb,0xbb,
0xbc,0x7b,0x00,0x01,0x05,0x00,0x01,0x90,0x00,0x12,0x0d,0x55,0x04,0x11,0x56,0xd7,
0x0d,0x10,0x40,0x93,0x0e,0x61,0xfb,0xbb,0xbb,0x10,0x00,0x49,0x0d,0x03,0x10,0x20,
0x57,0x00,0xd0,0xfb,0xbb,0xbd,0x50,0x07,0xac,0x10,0x00,0x75,0x02,0x90,0xc1,0x00,
0xda,0x14,0x51,0xbb,0xbb,0xd5,0x00,0x00,0x0b,0x00,0x41,0xab,0xaa,0xaa,0xe0,0x00,
0x1b,0x60,0x00,0x00,0xaa,0x99,0x99,0xe0,0x1a,0x01,0x11,0x22,0xd1,0x00,0x22,0xbb,
0x60,0x24,0x0b,0x41,0x1c,0xbb,0xbb,0xd3,0x4e,0x11,0x01,0x66,0x03,0x10,0xe0,0x27,
0x06,0x23,0xd8,0x00,0x0e,0x0e,0x30,0x2c,0x1c,0x40,0xed,0x1a,0x40,0x1b,0x80,0x01,
0x9b,0x0e,0x0e,0x11,0x24,0x18,0x03,0x48,0x09,0xbb,0xbb,0xb8,0x24,0x01,0x00,0x8f,
0x05,0x03,0x0b,0x00,0x22,0xdb,0xbb,0x9f,0x0a,0x51,0x0d,0xd3,0xbb,0xbb,0xb4,0x09,
0x00,0xf0,0x04,0xd0,0xaa,0xaa,0x90,0xdd,0x0c,0x00,0x0b,0x0d,0xd0,0xc1,0x11,0xb0,
0xdd,0x07,0x99,0x96,0x0d,0xd0,0xdd,0x0d,0x43,0x00,0x00,0x1d,0xda,0x0a,0x01,0x10,
0xa2,0x7b,0x03,0xb0,0xca,0xae,0x50,0x00,0x7e,0x00,0x4a,0x00,0x0b,0x74,0xb5,0xf5,
0x06,0xf1,0x00,0xb8,0x00,0x00,0x02,0x8f,0xda,0xaa,0xa1,0x3a,0x4d,0x00,0x00,0xb2,
0x00,0x0d,0x05,0x00,0x30,0xaa,0xaa,0xe2,0x0a,0x00,0x61,0xa1,0x00,0x00,0x12,0x36,
0x84,0x29,0x03,0x13,0x20,0x29,0x03,0x52,0xcc,0xcc,0xcc,0xc6,0x00,0x2e,0x12,0xf0,
0x07,0x4b,0xbb,0xbb,0x70,0x02,0xa6,0x60,0x00,0x2a,0x00,0x58,0x66,0x00,0x02,0xa0,
0x0c,0x36,0xdb,0xbb,0xca,0x00,0x70,0x0b,0x00,0x20,0x00,0x01,0xe0,0x00,0xc1,0x69,
0x00,0x00,0x79,0x9d,0xb9,0x99,0x7d,0x22,0x22,0x22,0x2d,0x89,0x00,0xf2,0x02,0x0c,
0xbb,0xbc,0x0d,0xd0,0xc0,0x00,0xc0,0xdd,0x0c,0x99,0x9c,0x0d,0xd0,0x11,0x11,0x10,
0xb6,0x00,0xf0,0x02,0x00,0x00,0xdd,0xa0,0x00,0x04,0xbb,0xbe,0x40,0xfc,0xd0,0x00,
0x0a,0x20,0xc0,0xc0,0xb0,0xde,0x13,0x80,0xd0,0x0c,0x00,0xc0,0xc2,0xeb,0xbe,0xb1,
0xd8,0x06,0x70,0xb2,0xeb,0xb6,0xbb,0xb5,0xb1,0xc0,0x20,0x04,0x12,0x10,0x73,0x0d,
0x60,0x03,0xdd,0x60,0x2b,0xbb,0xbe,0x2c,0x10,0xf0,0x03,0x05,0xd2,0x30,0x00,0x00,
0x08,0x9d,0x19,0xa1,0x00,0x6c,0x50,0xd0,0x03,0xd2,0x06,0x00,0x08,0xb9,0x01,0x00,
0xf6,0x19,0x00,0x07,0x12,0x31,0xd0,0x00,0x0c,0x0d,0x08,0x10,0xea,0x99,0x01,0x02,
0x0b,0x00,0x20,0x00,0x7e,0x1d,0x05,0xf3,0x05,0x6a,0x0b,0x60,0x00,0x01,0xa9,0x69,
0x28,0xc4,0x02,0xb3,0x00,0x36,0x02,0x91,0x00,0x9a,0xaa,0xae,0x50,0x17,0x0c,0x43,
0xba,0xaa,0xdb,0xb0,0x6d,0x01,0x10,0xe9,0xc5,0x01,0x40,0x0d,0x11,0x11,0x1d,0x7c,
0x03,0x14,0x00,0x12,0x1c,0x61,0xbb,0xbb,0xdb,0xb8,0x00,0x0c,0x89,0x00,0x00,0x6d,
0x15,0x00,0x9f,0x0e,0x40,0xaa,0x80,0x01,0xb0,0xa4,0x05,0xf0,0x04,0x39,0x7b,0x99,
0x99,0xe0,0x07,0x67,0x50,0x00,0x0b,0x00,0xd1,0x7c,0xbb,0xbb,0xe0,0x03,0x07,0x50,
0x0d,0x02,0x20,0x23,0x0d,0xf4,0x01,0xd4,0x62,0xd2,0x22,0x10,0x02,0xd9,0x9e,0x99,
0x94,0x00,0x53,0x00,0xd0,0x63,0x1b,0x02,0x98,0x01,0x16,0xca,0xa0,0x00,0x06,0x0b,
0x00,0x10,0x0a,0x21,0x00,0xf0,0x15,0x0a,0x20,0x05,0x00,0x1b,0x0a,0x3a,0xae,0xaa,
0x3b,0x0a,0x20,0x0c,0x00,0x2b,0x0a,0x69,0x99,0x99,0x6b,0x0a,0x27,0xaa,0xa6,0x1b,
0x0b,0x1c,0x00,0x1a,0x1b,0x0d,0x0c,0xaa,0xaa,0x1b,0x1d,0xb4,0x08,0x53,0x68,0x00,
0x00,0x4d,0xd8,0xe6,0x01,0x20,0x4e,0x90,0x4f,0x02,0xf0,0x07,0x18,0x90,0x00,0x00,
0x4e,0x64,0x4a,0xc3,0x01,0x9a,0x36,0x66,0x62,0xb9,0x04,0xaa,0xa0,0xaa,0xa8,0x10,
0x0b,0x0b,0x4c,0x0c,0xc6,0xb0,0xb0,0xd0,0x0c,0x00,0x0e,0xab,0x0d,0x6c,0x90,0x00,
0x80,0x48,0x07,0x90,0x14,0x92,0x00,0x00,0x07,0xae,0x30,0x9b,0xbb,0x5e,0x15,0x80,
0x0c,0x0b,0xbf,0xb8,0xc0,0x0c,0x00,0x5e,0xdc,0x15,0xa0,0xbd,0xb2,0xc0,0x0c,0x08,
0x6c,0x27,0xc0,0x0c,0x0a,0x19,0x00,0x00,0xe3,0x03,0x10,0xbf,0x23,0x00,0x14,0x0b,
0xef,0x08,0xf0,0x06,0x90,0x00,0xeb,0xa2,0x38,0x73,0x30,0xb0,0xba,0x76,0x66,0xb4,
0xb0,0xba,0x18,0x85,0x84,0xb0,0xba,0x1a,0x1a,0x05,0x00,0x30,0x0a,0x84,0xd7,0x05,
0x00,0x90,0xc5,0x3a,0x1a,0xa6,0x84,0x00,0x0a,0x10,0x00,0x05,0x00,0xd1,0x3b,0xc2,
0x03,0xda,0xe0,0xba,0xb8,0x00,0x38,0x0b,0x0b,0x03,0x80,0x0b,0x00,0x00,0x10,0x07,
0xf5,0x4b,0xb4,0x00,0x0a,0xaa,0xeb,0xac,0xca,0x50,0x02,0xb2,0x00,0x98,0x00,0x1a,
0xfb,0xa2,0x8a,0xee,0x60,0x2b,0x08,0x3b,0x04,0x60,0x00,0xe9,0xc3,0xc9,0xb6,0x00,
0x0b,0x08,0x3b,0x05,0x60,0x03,0x32,0x0b,0x99,0xd3,0x00,0xec,0xa0,0xb0,0x08,0x30,
0x0a,0x2a,0x07,0x99,0x91,0x00,0xa2,0xab,0x8c,0x69,0xa4,0x0a,0x2a,0xb9,0xd6,0xbc,
0x50,0xa2,0xa0,0x00,0x30,0x00,0x0d,0xaa,0x77,0xbf,0x87,0x40,0xb2,0x10,0x4a,0xbb,
0x20,0x02,0x00,0x8a,0x1a,0x2c,0x70,0x00,0x27,0x01,0xa0,0x03,0x26,0x03,0x02,0x82,
0x02,0x23,0xaa,0xac,0x82,0x02,0x71,0x00,0x0c,0x0d,0xd0,0xca,0xaa,0xc0,0x1b,0x00,
0x05,0x24,0x00,0x00,0x09,0x00,0x50,0xdc,0x00,0x06,0x00,0x0c,0xda,0x01,0xf1,0x08,
0xcc,0x6a,0xae,0xaa,0x5c,0xc0,0x01,0xd0,0x00,0xcc,0x00,0x69,0xc1,0x0c,0xc0,0x4b,
0x03,0xd1,0xcc,0x4a,0x00,0x04,0x4c,0x24,0x00,0x00,0xff,0x02,0xf0,0x13,0xeb,0xbb,
0xbb,0xbb,0xe1,0xd0,0x00,0xa0,0x00,0xb1,0xd2,0xaa,0xea,0xa6,0xb1,0xd0,0x44,0xd4,
0x40,0xb1,0xd0,0x55,0xd5,0x50,0xb1,0xd4,0xaa,0xea,0xa9,0xb1,0xd0,0x00,0xc1,0x2b,
0x05,0x00,0x22,0x72,0xb1,0x28,0x00,0x00,0x3e,0x08,0x11,0xeb,0x68,0x00,0x30,0x04,
0x00,0x0c,0x37,0x1a,0x51,0xcd,0x7a,0xae,0xaa,0x7c,0x09,0x00,0x40,0x0d,0xaa,0xad,
0x0c,0x95,0x00,0x63,0xcd,0x08,0x99,0x98,0x0c,0xeb,0x8c,0x00,0x06,0x09,0x00,0x50,
0xd5,0xbb,0xdb,0xb5,0xcd,0xd7,0x0c,0xfb,0x03,0xd1,0xaa,0xea,0xa1,0xcd,0x00,0x0c,
0x56,0x0c,0xd2,0x44,0xd4,0xa2,0xcd,0x36,0x66,0x66,0x3c,0x2d,0x00,0xfa,0x0e,0x93,
0x00,0x0c,0xd0,0x4e,0x9c,0x40,0xcd,0x3c,0x88,0x90,0x0c,0xd1,0x07,0xb9,0x20,0xcd,
0x6a,0x79,0x49,0x8c,0xd1,0x26,0x48,0x00,0xcd,0x00,0x49,0xa2,0x5a,0x00,0xa1,0xec,
0x05,0x99,0x96,0x0b,0xc0,0xa3,0x22,0xa0,0xbc,0x09,0x00,0xf2,0x0b,0xca,0xaa,0xb1,
0xbc,0x0a,0x0b,0x09,0x1b,0xc0,0x93,0x92,0x71,0xbc,0x59,0x81,0x6a,0x6b,0xea,0x99,
0x99,0x99,0xec,0x11,0x11,0x11,0x1c,0x8f,0x1d,0x01,0x21,0x02,0x30,0x0b,0xbc,0xeb,
0xb1,0x02,0xf0,0x07,0xb2,0x03,0x10,0x00,0x00,0x5a,0x00,0x74,0x00,0x00,0x0c,0x40,
0x07,0x40,0x00,0x09,0xe4,0x7a,0xdc,0xa7,0x04,0x78,0x0b,0x00,0x20,0x00,0x84,0x16,
0x00,0x71,0x08,0x6a,0xad,0xca,0xa3,0x00,0x84,0x1a,0x06,0xf1,0x0b,0xa0,0x64,0xa2,
0x00,0x00,0x1a,0x06,0x4a,0x20,0x00,0x03,0xb1,0x64,0xa5,0x99,0x04,0xae,0xa9,0xbe,
0x94,0xc0,0x01,0xa5,0xb5,0xa2,0x0c,0x16,0x00,0xf2,0x08,0xb0,0x01,0xa0,0x74,0xa5,
0xb6,0x00,0x4e,0xb8,0x43,0x00,0x73,0x69,0x30,0x67,0x22,0x2b,0x20,0x00,0x02,0x9a,
0xa9,0x60,0xbf,0x1b,0x01,0xc7,0x1b,0xf1,0x03,0x02,0xc2,0x0a,0x0c,0x00,0x03,0xdf,
0xd1,0xc0,0xc1,0x10,0x00,0xc0,0x0c,0x0e,0xa9,0x00,0x0c,0xea,0x0a,0xf0,0x04,0xc2,
0x1c,0x0c,0x00,0x02,0x9d,0x71,0xc0,0xc0,0x00,0x13,0x04,0xae,0xae,0xaa,0x40,0x00,
0x01,0x11,0x7a,0x09,0x11,0x01,0xfb,0x0b,0x10,0x94,0x9b,0x03,0xf0,0x05,0x0e,0x87,
0x77,0x03,0xbf,0xb6,0x93,0x33,0xd0,0x00,0xc1,0xd7,0x30,0x0c,0x00,0x0c,0x14,0x2a,
0xa0,0xc0,0x50,0x00,0xe1,0x0c,0x00,0x0c,0x74,0x05,0xb5,0xc0,0x18,0xd6,0x4d,0x81,
0x0c,0x01,0x50,0xa2,0x19,0x00,0x9c,0x11,0x30,0x00,0x00,0xc0,0x74,0x1a,0xb0,0x0c,
0x03,0x5d,0x55,0x00,0x3b,0xeb,0x55,0xd5,0xc0,0x00,0x32,0x3a,0x01,0x16,0x00,0xb0,
0xb1,0x00,0x0c,0x0a,0xaf,0xba,0xa0,0x00,0xc4,0x20,0xd7,0x74,0x00,0x80,0x85,0xb2,
0x00,0x14,0x00,0x6a,0x01,0xc4,0x85,0x1d,0xf0,0x07,0x01,0xa0,0x00,0xc0,0x4d,0xbb,
0xbc,0x00,0x0c,0x04,0x80,0x00,0xc0,0x29,0xe9,0x68,0x00,0x0c,0x01,0x4d,0x45,0xda,
0xf5,0x17,0x32,0x48,0x00,0x0c,0x16,0x00,0x81,0x00,0xd7,0x7d,0xaa,0xac,0x03,0xcb,
0x50,0xce,0x05,0x01,0xf9,0x1a,0xf0,0x27,0x39,0x99,0x99,0x96,0x06,0xcb,0xcb,0x38,
0x0c,0x00,0x07,0x47,0x40,0xc0,0xc0,0x09,0xcb,0xcb,0x6c,0x0c,0x00,0x0a,0x37,0x40,
0xc0,0xc0,0x02,0xc0,0x74,0x03,0x0c,0x00,0x62,0x02,0x10,0x5b,0xb0,0x00,0x11,0x1c,
0x21,0x10,0x00,0x19,0x99,0xe9,0x99,0x50,0x01,0x11,0x1c,0x21,0x11,0x01,0x01,0x14,
0x30,0x95,0x00,0x0b,0x73,0x0a,0xf1,0x18,0x69,0xe9,0x99,0xd9,0x91,0x00,0x0b,0x99,
0x9d,0x10,0x00,0x00,0xb3,0x33,0xb1,0x00,0x00,0x0b,0x76,0x6d,0x10,0x01,0xaa,0xea,
0xaa,0xda,0xa5,0x00,0x59,0x02,0x02,0xc2,0x01,0xba,0x99,0xea,0x97,0xc6,0x04,0x9e,
0x0a,0xf2,0x2d,0x6a,0xaa,0xea,0xaa,0xa1,0x00,0xb0,0x33,0x4b,0x33,0x10,0x0b,0x16,
0x67,0xc6,0x63,0x1b,0xea,0x4c,0x99,0x9b,0x00,0x0b,0x05,0xc9,0x99,0xb0,0x00,0xb0,
0x5c,0x88,0x8b,0x00,0x0b,0x05,0xa4,0x44,0xb0,0x02,0xea,0x5a,0x55,0x5b,0x02,0xa3,
0x4a,0xbb,0xac,0xa8,0x00,0x00,0x3c,0x40,0xaa,0x10,0x00,0x3b,0x20,0x00,0x65,0x79,
0x18,0xf0,0x21,0x0c,0x00,0x86,0x0b,0x10,0x00,0xc0,0x99,0xbb,0xbb,0x31,0x9e,0x8b,
0x72,0xb7,0x94,0x02,0xc1,0xb4,0x7b,0x97,0x40,0x0c,0x09,0x99,0xb9,0xa3,0x00,0xc0,
0x29,0x99,0x97,0x00,0x0d,0xb5,0x91,0x11,0xb0,0x2c,0x71,0x3c,0x88,0x8c,0x00,0x00,
0x03,0xc8,0x88,0x87,0x0b,0x23,0x11,0x1b,0x97,0x21,0x00,0x57,0x15,0xf0,0x0f,0xb1,
0x00,0x11,0x1d,0x11,0x10,0x00,0x29,0x99,0x99,0x99,0x40,0x00,0xaa,0xaa,0xaa,0xa1,
0x00,0x1b,0x00,0xc0,0x0a,0x20,0x01,0xea,0xad,0xaa,0xd2,0x00,0x39,0xca,0x0e,0x00,
0x68,0x07,0x03,0x58,0x10,0x21,0x00,0x00,0x4b,0x0d,0xd0,0xab,0xaa,0xf0,0x00,0x00,
0xa9,0xc1,0x97,0x00,0x00,0x85,0x05,0xfa,0x7d,0x05,0xe0,0xb9,0xd8,0x10,0x02,0x7c,
0xa2,0x00,0x8e,0xb1,0x25,0xca,0xae,0xaa,0xd3,0xed,0x16,0xf4,0x02,0x0b,0x00,0x00,
0xc9,0x9e,0x99,0xd0,0x00,0x0c,0x99,0xe9,0x9d,0x00,0x00,0xb1,0x11,0x11,0x42,0x0c,
0x00,0x34,0x0c,0x00,0x6a,0x14,0x40,0xaa,0xa7,0x02,0xda,0x08,0x06,0xf0,0x1a,0x12,
0xa9,0x99,0x99,0xd0,0x00,0x0a,0x54,0x44,0x4d,0x00,0x00,0x3c,0x95,0x55,0x40,0x00,
0x2a,0xe9,0x99,0xd7,0x00,0x19,0x27,0xa4,0x88,0x00,0x00,0x01,0x5b,0xcd,0x95,0x30,
0x4b,0x96,0x10,0x03,0x79,0x00,0x00,0x09,0x72,0x02,0x20,0x04,0x91,0xd4,0x05,0xf0,
0x0e,0x8a,0x9c,0x0c,0x00,0x00,0x0d,0x01,0xa0,0xd0,0x00,0x06,0xe2,0x47,0x0e,0xb2,
0x01,0xd2,0xcd,0x20,0xc2,0xc3,0x02,0x01,0xb0,0x0c,0x02,0x10,0x00,0xa3,0x21,0x00,
0x30,0x88,0x00,0x0c,0x05,0x00,0x07,0x1d,0x1a,0x10,0x76,0x1a,0x0a,0xf0,0x15,0xca,
0xae,0x10,0x03,0xcc,0x30,0xa4,0x00,0x02,0x10,0xba,0x62,0x00,0x02,0x6b,0x83,0xeb,
0xa8,0x09,0x50,0x6c,0x10,0x76,0x00,0x4b,0x6b,0x55,0x90,0x00,0x00,0x01,0xe9,0x00,
0x00,0x36,0xab,0x0d,0x0b,0x1e,0x20,0xbd,0x23,0x04,0x56,0x21,0x20,0x2f,0x60,0x49,
0x00,0x20,0x6c,0x00,0x92,0x1f,0x10,0x78,0x33,0x0b,0xf8,0x04,0x00,0xb8,0x00,0x04,
0xd6,0x00,0x00,0xbc,0x10,0x93,0x00,0x00,0x00,0x40,0x05,0xbb,0xbf,0xbb,0xb5,0xf4,
0x23,0x00,0x37,0x00,0x60,0xc0,0x00,0x00,0x4d,0x50,0x00,0xc9,0x1f,0xd0,0x10,0x00,
0x00,0x08,0x80,0x3d,0x30,0x00,0x4b,0x80,0x00,0x2d,0x90,0xfd,0x1c,0x18,0x05,0x69,
0x00,0xb3,0x02,0x22,0x2d,0x22,0x22,0x01,0xaa,0xaa,0xfa,0xaa,0xa1,0x32,0x00,0x21,
0x09,0x4c,0xb0,0x0e,0x10,0x68,0x6a,0x0c,0x90,0x50,0xa8,0x00,0x04,0xd3,0x0c,0x50,
0xab,0x10,0x73,0x1a,0x50,0x50,0x00,0x13,0x0d,0x00,0x6f,0x17,0x10,0xd0,0x03,0x0e,
0x00,0x74,0x00,0x30,0x67,0x00,0xd0,0x0e,0x09,0x10,0xbf,0x03,0x04,0x21,0x02,0xd7,
0x04,0x12,0x00,0xe3,0x24,0xb2,0x89,0x01,0xc6,0x00,0x07,0xd7,0x00,0x00,0x9d,0x10,
0x30,0x98,0x13,0x22,0x0c,0x00,0x76,0x02,0xa0,0x50,0x00,0x62,0x1c,0x15,0x60,0x00,
0x05,0x90,0xc0,0x7d,0x23,0x20,0x0c,0x1c,0x0d,0x02,0x10,0xfc,0xd5,0x16,0x20,0x58,
0xb0,0x9e,0x06,0x81,0x06,0xa1,0x00,0x03,0x8b,0x10,0x05,0xd8,0x29,0x04,0x03,0x65,
0x1c,0xf0,0x03,0x09,0x20,0x23,0x33,0x20,0x00,0xb0,0x05,0x88,0xbb,0x00,0xbe,0xbd,
0x00,0x4a,0x00,0x02,0xa0,0x53,0x0a,0xd0,0x66,0x1b,0x99,0xe9,0x94,0x09,0x45,0x72,
0x2c,0x22,0x00,0x4d,0xe2,0x78,0x0d,0x70,0x3f,0x60,0x0b,0x10,0x00,0x0c,0x3b,0x6b,
0x24,0x39,0x60,0x02,0xcc,0x21,0x0b,0xfb,0x27,0x1a,0x00,0x09,0x30,0x00,0x03,0x80,
0x00,0xc0,0x40,0x05,0xdc,0xd1,0x75,0x09,0x40,0x09,0x1a,0x4e,0x67,0x8e,0x10,0xb0,
0xb2,0x54,0x32,0x53,0x0b,0x0a,0x1b,0xbb,0xb8,0x00,0x7c,0x61,0xb0,0x00,0xb0,0x00,
0xcc,0x3b,0x00,0x0b,0x00,0xa6,0x22,0xeb,0xbb,0xb0,0x3a,0x00,0x1b,0x00,0x0b,0xf9,
0x22,0x20,0xde,0x10,0x5d,0x0d,0x10,0x10,0xb1,0x13,0x30,0x00,0x00,0x2a,0x63,0x22,
0x86,0x20,0x22,0x22,0xd2,0x22,0x20,0x00,0x00,0xbd,0x23,0x02,0x55,0x01,0x25,0xae,
0xd0,0x4e,0x13,0x10,0x01,0x26,0x17,0x01,0xbf,0x18,0x10,0xb0,0xf1,0x0e,0xa1,0x06,
0x6b,0xbb,0xbd,0x76,0x10,0x00,0x00,0x3b,0x70,0x38,0x0a,0x00,0xfd,0x00,0x34,0xeb,
0xbb,0xb6,0x32,0x0e,0x10,0xb1,0x87,0x09,0x15,0xce,0xed,0x22,0x26,0x00,0x0c,0x5e,
0x05,0x01,0x64,0x1e,0xf0,0x08,0x4a,0x3a,0xaa,0xa3,0x00,0x0b,0x50,0x00,0x5a,0x00,
0x08,0xe4,0x00,0x49,0x00,0x04,0xa7,0x7a,0xac,0xda,0xa3,0x00,0x74,0x3e,0x0e,0x20,
0x07,0x40,0x3e,0x0e,0x34,0x74,0x0b,0xc5,0xb1,0x00,0x40,0x82,0x48,0x02,0xa0,0x66,
0x01,0x11,0xc3,0x69,0x0a,0xf2,0x02,0xbd,0x20,0xb0,0x11,0x11,0x10,0xa2,0x07,0x4a,
0xaa,0xbf,0x66,0x10,0x00,0x00,0x98,0x20,0x30,0x0f,0x18,0x70,0xa9,0x23,0x20,0xbc,
0xd0,0xf5,0x01,0x20,0x80,0x00,0x73,0x0e,0x01,0x46,0x0a,0xf1,0x02,0xcd,0x01,0x00,
0x00,0x0c,0x64,0x80,0x00,0x52,0x60,0x48,0x27,0xd9,0x20,0x04,0xea,0x61,0xa8,0x0e,
0x76,0x37,0x04,0x90,0x00,0x06,0x80,0x1d,0x0a,0x18,0x20,0x00,0xc1,0xe7,0x26,0xf0,
0x00,0xbd,0xdb,0xbb,0x10,0xb2,0x02,0x40,0x00,0xb1,0x05,0x00,0x94,0x00,0x05,0x00,
0x0f,0x0f,0x30,0xb5,0x00,0x09,0x14,0x26,0x30,0x01,0xd7,0x14,0x58,0x0b,0xe8,0x4d,
0xf5,0x00,0x00,0x13,0x6b,0xa3,0xad,0x50,0x06,0x85,0x10,0x00,0x26,0x15,0x11,0x51,
0x09,0xbb,0xbe,0xcb,0xb9,0xbb,0x02,0x64,0xd0,0x06,0x6b,0xbb,0xbb,0x66,0x72,0x01,
0x72,0xdb,0xdb,0xbb,0x10,0x00,0x39,0x0c,0x62,0x1e,0xc4,0x03,0x10,0x02,0xd1,0x0c,
0x00,0x93,0x09,0xd3,0x00,0x9d,0xdc,0x8d,0x0e,0x17,0x01,0x42,0x00,0x15,0xbb,0x42,
0x00,0x51,0xbc,0xbb,0x56,0x00,0x00,0xe5,0x11,0xf8,0x0b,0x47,0x0d,0xaa,0xa2,0x00,
0x09,0x60,0xc1,0x11,0x00,0x01,0xca,0x5c,0x00,0x00,0x00,0xc4,0x09,0xfb,0xa9,0xa3,
0x04,0x00,0x00,0x23,0x33,0x3d,0x00,0xf0,0x04,0x0c,0xaa,0xac,0xaa,0xab,0x00,0xd0,
0x50,0x06,0x00,0xc0,0x04,0x08,0xc3,0xb0,0x04,0x00,0x2c,0x52,0x96,0x15,0x30,0x19,
0x16,0x60,0x2d,0x27,0x10,0xec,0x15,0x0c,0xe5,0x79,0x73,0x00,0x00,0x03,0xaa,0x02,
0xab,0x20,0x0b,0x83,0x00,0x00,0x4a,0x1d,0x10,0x12,0xc1,0x3d,0x00,0xf0,0x10,0xac,
0x20,0xd0,0x24,0x03,0x50,0xa2,0x03,0x7b,0x27,0x27,0xb4,0x00,0x55,0x1b,0x6c,0x52,
0x50,0x00,0x5b,0x30,0x09,0xa2,0x02,0xbc,0xca,0xaa,0xac,0xb6,0x00,0x75,0x4c,0x06,
0xa5,0x07,0xb9,0x99,0xab,0x00,0x00,0x76,0x11,0x12,0xb0,0x67,0x15,0x00,0xf0,0x10,
0xf0,0x09,0xaa,0xba,0xba,0xae,0x00,0xc3,0x4d,0x4b,0x63,0xc0,0x00,0x45,0xd5,0xb7,
0x50,0x00,0x08,0xbc,0xbb,0xb9,0x00,0x00,0xb3,0x06,0xf0,0x0c,0xf8,0x05,0x30,0xc0,
0x0d,0x00,0x00,0x41,0x58,0x90,0x52,0x10,0x02,0x8a,0x0d,0x11,0x84,0x3c,0x93,0x00,
0x8a,0xa8,0x20,0x04,0x62,0x2c,0xcc,0xcc,0xcf,0xcc,0x20,0x2f,0x0c,0x10,0x56,0x11,
0x17,0x20,0x01,0xd2,0x0b,0x00,0x31,0x04,0xb0,0x0e,0x96,0x0a,0x14,0xe0,0xaf,0x24,
0x33,0x02,0xee,0xc0,0x9f,0x02,0x21,0xaa,0xad,0x7c,0x20,0x60,0xb8,0xbb,0xfb,0x50,
0x86,0x48,0x0b,0x00,0x80,0xcc,0x35,0x60,0xc0,0x00,0x02,0xf1,0x1d,0x1e,0x11,0x60,
0x90,0xa3,0xc0,0x00,0x1c,0x0b,0x13,0x07,0xf1,0x0a,0x40,0x10,0x00,0xc0,0x00,0x50,
0x00,0x06,0xcc,0x00,0x01,0xeb,0xbb,0xbb,0xb0,0x00,0x1a,0x00,0x00,0x0b,0x00,0x01,
0xea,0xaa,0xaa,0x0b,0x00,0x20,0x00,0xa0,0xcb,0x0d,0x12,0xb6,0x52,0x00,0x80,0x1a,
0xac,0xaa,0xae,0xaa,0x10,0x01,0xd1,0xfc,0x02,0x21,0x04,0x70,0x07,0x03,0x51,0x9b,
0xb0,0x00,0x00,0x12,0xec,0x25,0x10,0x83,0x2c,0x07,0x10,0x55,0x5e,0x07,0x70,0xb9,
0x9d,0x6b,0xbe,0xb2,0x0b,0x44,0x5d,0x12,0xf0,0x07,0xb5,0x5c,0x0b,0x0b,0x00,0x5e,
0xaa,0xd0,0xb3,0xb0,0x00,0x02,0xab,0x04,0x6b,0x00,0x01,0xb1,0xb0,0x00,0xb0,0x02,
0xb0,0x41,0x55,0x00,0x21,0x3b,0xc0,0x4c,0x39,0x05,0x10,0xb0,0x39,0x02,0xf0,0x1b,
0x0b,0x08,0xb9,0xaa,0x00,0xc1,0xb8,0xc9,0x0a,0x30,0x07,0x5b,0x10,0x8d,0x40,0x00,
0x27,0xb3,0x77,0x15,0x00,0x00,0x6b,0x9b,0xbb,0xeb,0x51,0xc8,0xb0,0x70,0x0c,0x00,
0x04,0x0b,0x09,0x60,0xc0,0x00,0x00,0xb0,0x06,0x0c,0xa3,0x00,0x25,0x3c,0xc0,0xa1,
0x25,0x00,0xfd,0x00,0xf1,0x09,0x54,0x0e,0x09,0x30,0x00,0x0a,0x30,0xe0,0x2c,0x00,
0x01,0xd0,0x0e,0x00,0xa5,0x00,0x87,0x00,0xe0,0x03,0xc0,0x1d,0x00,0x0e,0x6c,0x03,
0x10,0xe0,0x57,0x04,0x11,0xad,0xf2,0x0f,0x03,0xcd,0x12,0x18,0xf0,0x6d,0x0e,0x02,
0x0b,0x00,0x30,0xeb,0xbe,0xbb,0xf2,0x0b,0x11,0x85,0x0c,0x18,0x10,0xc1,0xf8,0x0f,
0x20,0x04,0xc1,0x35,0x0e,0x21,0x04,0xd7,0xf4,0x0f,0x60,0x60,0x0a,0xba,0xaa,0xaa,
0xe0,0xb3,0x0d,0xf1,0x11,0xb0,0x0a,0xaa,0xaa,0xaa,0xc0,0x0a,0x20,0x13,0x7a,0x20,
0x0a,0x3b,0x9e,0x51,0x00,0x0a,0x35,0x7e,0xab,0xa0,0x0c,0x25,0x4c,0x12,0x44,0x0d,
0x5b,0xbf,0xb9,0x74,0x3b,0x09,0x01,0x41,0x00,0x09,0xbb,0xba,0x37,0x02,0x00,0x4b,
0x01,0x30,0xc6,0x00,0x1b,0xfd,0x1c,0x05,0x0b,0x00,0x00,0x06,0x06,0xf0,0x08,0x99,
0x99,0x9d,0x40,0x1a,0x2a,0xaa,0x80,0x93,0x02,0xa3,0x70,0x0b,0x09,0x20,0x57,0x3d,
0xaa,0xd0,0xb1,0x0a,0x30,0x00,0x23,0x23,0x33,0x00,0x01,0xdc,0x07,0x07,0x00,0x74,
0x00,0x30,0xba,0x00,0xa1,0x44,0x09,0x00,0x75,0x00,0xe0,0xa9,0x00,0xa1,0x0b,0x00,
0xc1,0x00,0x0a,0x4a,0xea,0xbd,0xa8,0x00,0xa1,0x82,0x21,0x70,0x0c,0x7a,0xea,0xae,
0xaa,0x10,0xc0,0x0b,0x00,0x85,0x3a,0x05,0x90,0x0c,0x00,0x05,0x42,0xc1,0x8f,0x06,
0x08,0xb1,0x00,0xf2,0x17,0xba,0xba,0xc0,0x0a,0x55,0xa4,0xb5,0x42,0x0a,0x66,0xb5,
0xc6,0x53,0x0a,0xaa,0xda,0xda,0xa9,0x0c,0x1c,0x07,0x54,0x80,0x0c,0x0c,0x00,0xac,
0x00,0x68,0x0c,0x9a,0x18,0xb6,0x21,0x05,0x20,0x00,0x13,0xbc,0x05,0xf0,0x24,0x09,
0x00,0x0a,0x9c,0x60,0x00,0x90,0x07,0xb0,0xc1,0x00,0xa9,0xa5,0xa8,0xb8,0x00,0x0a,
0x9a,0x10,0x7c,0xb3,0x00,0xa9,0xa7,0xb5,0x62,0x97,0x0a,0x9a,0x29,0x9e,0x99,0x10,
0xa9,0xa0,0x78,0xe8,0x60,0x0c,0xde,0x25,0x5d,0x55,0x20,0x41,0x52,0x44,0xd4,0x42,
0x00,0x00,0x3e,0x05,0x5e,0x07,0xcc,0xcc,0xcc,0xc8,0x89,0x2a,0x0e,0xe2,0x06,0x06,
0x4c,0x04,0x11,0x08,0xa2,0x12,0x10,0xb2,0xc1,0x06,0x43,0xcf,0xcc,0xcc,0xc0,0xb7,
0x0f,0x20,0xb2,0x00,0x98,0x29,0x70,0xbc,0xeb,0xb3,0x00,0x3c,0x10,0x2b,0x82,0x1e,
0x00,0x90,0x0d,0x54,0x06,0xbb,0xce,0xbb,0xb2,0x2e,0x02,0xf0,0x1c,0x07,0x60,0x00,
0x0a,0xad,0xca,0xea,0xa6,0x00,0x12,0x2a,0x42,0x22,0x00,0x03,0x77,0xe7,0x77,0x71,
0x04,0x99,0x9e,0x99,0x99,0x90,0x01,0x1b,0x41,0x11,0x11,0x00,0x04,0xea,0xaa,0xaa,
0x10,0x02,0xc0,0x04,0x80,0x00,0x04,0xe3,0xc4,0x04,0x71,0x12,0x9a,0xac,0xda,0xaa,
0x00,0x4b,0x69,0x10,0x01,0x79,0x27,0x00,0x05,0x00,0x40,0x1e,0xbb,0xbb,0xbd,0x0a,
0x00,0x11,0x00,0x05,0x00,0x10,0x42,0x05,0x00,0x54,0x85,0x0c,0xdc,0xcc,0xcd,0x6d,
0x18,0xf0,0x02,0x63,0x00,0x00,0x00,0x22,0x2d,0x32,0x22,0x20,0x19,0x9c,0xc9,0x99,
0x99,0x20,0x00,0xb1,0x0a,0x09,0xf0,0x02,0xad,0xbd,0xcb,0xb5,0x00,0x9a,0x80,0x75,
0x05,0x70,0x37,0x38,0x07,0x50,0x57,0x00,0x03,0x0b,0x00,0x50,0x00,0x37,0x07,0x58,
0xb3,0xf5,0x2b,0x05,0x2a,0x04,0xf0,0x03,0xb9,0x44,0xc3,0x00,0x00,0x01,0x9e,0xe9,
0x10,0x00,0x3c,0x95,0x70,0x5b,0x20,0x0b,0xbb,0xcd,0xfc,0x0f,0x10,0x59,0x7d,0x02,
0xf0,0x06,0x5f,0xbc,0xda,0xa5,0x00,0x9b,0xb0,0x57,0x04,0x80,0x05,0x0b,0x05,0x70,
0x48,0x00,0x00,0xb0,0x57,0x7c,0x40,0x9b,0x1e,0x00,0x98,0x0f,0x92,0x0c,0x02,0x90,
0x02,0xad,0xaa,0xea,0xad,0xa2,0x0b,0x00,0x60,0xab,0xaa,0xca,0xab,0xa2,0x38,0xb6,
0x24,0x71,0x31,0x29,0xbb,0xeb,0xb9,0x21,0x00,0xe8,0x01,0x00,0x7f,0x0d,0x00,0x37,
0x26,0x23,0x4b,0x90,0x86,0x06,0x30,0x92,0x00,0x0b,0x36,0x07,0x50,0x00,0xda,0xa3,
0x0e,0xeb,0x11,0x09,0x20,0xa9,0x2b,0xf8,0x01,0xf3,0x11,0x92,0xba,0x05,0x0b,0x00,
0xa9,0x2b,0xa0,0xc0,0xb0,0x0a,0x92,0xba,0x0b,0x0b,0x00,0x89,0x95,0x42,0xa5,0x50,
0x00,0x92,0x00,0xb3,0xab,0x00,0x09,0x24,0xb3,0x00,0x77,0x41,0x18,0xf0,0x1b,0x30,
0xc0,0x81,0x03,0x5c,0x3d,0x5d,0x33,0xd6,0x66,0x66,0x66,0xda,0x5c,0xaa,0xad,0x1a,
0x05,0x95,0x55,0xc2,0x00,0x14,0x4d,0x44,0x00,0x5c,0xaa,0xea,0xac,0x55,0x70,0x0c,
0x00,0x86,0x57,0x00,0xc0,0xbe,0x40,0x00,0x0c,0xc5,0x16,0xf1,0x90,0xca,0xaa,0xc5,
0x3a,0x52,0x99,0x99,0x85,0xdd,0xaa,0x92,0x22,0x65,0xb9,0x3a,0x7a,0xaa,0x73,0xb9,
0x3a,0x57,0x77,0x70,0xb9,0x3a,0xa2,0x22,0xb1,0xb9,0x5a,0xb9,0x99,0xd1,0x69,0x72,
0xb8,0x88,0xd1,0x09,0x30,0xb9,0x99,0xd1,0x09,0x30,0xa1,0x11,0xa1,0x00,0xa2,0x2b,
0xbb,0xbb,0x90,0x0a,0x20,0x24,0x44,0x40,0x1e,0xeb,0xb7,0x97,0x7d,0x11,0xaa,0x2b,
0x77,0x55,0xd1,0x1a,0xa2,0xb2,0x44,0x44,0x01,0xaa,0x2b,0xda,0xda,0xaa,0x1a,0xa4,
0xab,0x2b,0x23,0xa0,0x6a,0x73,0xd7,0xd7,0x8a,0x00,0xa2,0x0d,0x9d,0x99,0xa0,0x0a,
0x20,0xb1,0x11,0x2a,0x08,0x9b,0xb9,0x9d,0x99,0x30,0x14,0x99,0x55,0xc5,0x20,0x00,
0xc5,0x55,0x55,0xb3,0x00,0x0c,0x88,0x88,0x8c,0x30,0x00,0x89,0xc9,0x99,0xa2,0x01,
0xaa,0xbd,0xaa,0xba,0xa5,0x00,0x5c,0x06,0x04,0xc2,0x00,0xac,0xc9,0xea,0x9d,0xb5,
0x02,0x47,0x0b,0x12,0xb0,0x00,0x02,0x40,0xb1,0x85,0x00,0x08,0x0d,0x10,0xf0,0x0f,
0x04,0x00,0xc1,0x05,0x10,0x00,0xb3,0x0c,0x10,0xd1,0x00,0x05,0x90,0xc1,0x2c,0x00,
0x00,0x0d,0x0c,0x18,0x60,0x00,0x11,0x21,0xc3,0x22,0x11,0x2a,0xaa,0xae,0xb9,0x14,
0x0c,0xaf,0x2a,0x11,0x0b,0x7b,0x07,0xc0,0x75,0x06,0x80,0x00,0x09,0xbc,0xbb,0xec,
0xba,0x00,0x00,0x75,0x10,0x0c,0x10,0x07,0x23,0x28,0x20,0xbb,0xdd,0x88,0x02,0x30,
0x08,0x40,0x1c,0x2b,0x00,0x70,0x01,0xc0,0x00,0x00,0x6a,0x00,0x1c,0xda,0x1e,0x28,
0x01,0xc0,0x67,0x2a,0x00,0xf2,0x1b,0x00,0x1d,0x06,0x00,0xcc,0x21,0xf0,0x13,0xc0,
0x9a,0xaa,0xa7,0x00,0x0c,0x00,0x83,0x3b,0x20,0x00,0xc0,0x01,0x9e,0x10,0x00,0x0c,
0x7a,0xaa,0xda,0xac,0x00,0xc0,0x00,0x2a,0x0a,0x60,0x0c,0x00,0x02,0xa3,0x40,0x05,
0x80,0x26,0x29,0x46,0x71,0x01,0xcd,0x70,0x3d,0x00,0x10,0xc2,0x53,0x07,0x00,0x36,
0x08,0x30,0xa3,0x00,0x20,0x17,0x12,0xf0,0x06,0x0a,0x40,0x64,0x00,0xa3,0xd0,0x58,
0x0c,0x20,0x0a,0x28,0x61,0xb1,0xd0,0x00,0xc0,0x2c,0x00,0x77,0x00,0x0d,0x14,0x17,
0x68,0x05,0x99,0xcc,0xcd,0xfc,0xc0,0x32,0x21,0x00,0x57,0x08,0x60,0x0b,0xaa,0xab,
0xaa,0xa8,0x0c,0x0d,0x0b,0xf7,0x14,0x0c,0xaa,0xea,0xae,0xa8,0x0c,0x00,0xd5,0x5b,
0x00,0x0c,0x00,0x55,0x54,0x00,0x0c,0x4b,0xd9,0x9d,0x70,0x0c,0x00,0x97,0x5a,0x00,
0x58,0x00,0x3d,0xe7,0x20,0x71,0xab,0x71,0x05,0xaa,0xee,0x16,0x91,0xbb,0xc2,0x68,
0xbe,0x80,0x00,0x48,0x6a,0x7c,0x92,0x08,0xf0,0x00,0xb0,0x00,0x03,0xe9,0x1a,0x0e,
0x88,0x00,0x01,0xa1,0xb0,0xc2,0x10,0x05,0x1b,0xf8,0x0c,0x10,0x56,0xf4,0x1e,0x80,
0x00,0xc7,0x0b,0xbb,0xbb,0x20,0x0c,0xc3,0x29,0x01,0x61,0x52,0x9c,0xcc,0xcc,0x80,
0x20,0x1d,0x22,0xf0,0x18,0xd3,0x8a,0xea,0xa2,0x00,0x0b,0x00,0x1b,0x18,0x30,0x01,
0x95,0xaa,0xea,0xcb,0x00,0x86,0x10,0x0b,0x08,0x30,0x07,0x98,0x79,0xe9,0x91,0x00,
0x63,0x87,0x7d,0x77,0x50,0x09,0xa8,0x99,0xe9,0x99,0x00,0x2e,0x9c,0x02,0xc7,0x06,
0xba,0x10,0x70,0x00,0x03,0xb0,0x4b,0xcc,0xcc,0xc3,0x01,0x65,0x09,0x80,0x5b,0xdc,
0xbb,0xeb,0x60,0x00,0x06,0x50,0x11,0x05,0xe0,0x65,0x01,0xb0,0x00,0x1b,0xbd,0xdb,
0xbe,0xbb,0x30,0x00,0x74,0x01,0xc0,0x6b,0x02,0x10,0x1c,0xde,0x02,0x00,0x0b,0x00,
0x10,0x87,0x72,0x01,0x25,0x79,0x00,0x72,0x01,0x70,0x05,0xdb,0xbb,0xbc,0x70,0x00,
0x56,0x68,0x2b,0x50,0x05,0xca,0xaa,0xab,0x60,0x0b,0x00,0x50,0x03,0x80,0x02,0xbb,
0xbb,0x0c,0x2e,0xe0,0x60,0x04,0x30,0x00,0x6b,0xbe,0xbb,0xdc,0xbb,0x10,0x00,0xc0,
0x06,0x60,0x7e,0x12,0x76,0x66,0x00,0x00,0x7a,0x00,0x06,0x60,0xf6,0x00,0x11,0xb2,
0x8d,0x09,0x30,0x09,0x10,0x1b,0x97,0x0c,0x02,0xab,0x0a,0x40,0x07,0xbb,0xb9,0xb1,
0x6f,0x00,0x20,0x08,0x40,0x0f,0x00,0x00,0xac,0x18,0xb0,0xc3,0x63,0xc0,0x53,0x0a,
0xcc,0x95,0x15,0xaa,0x30,0x20,0x66,0x27,0x40,0xab,0xbb,0xd0,0x0b,0xfe,0x2e,0x10,
0xb2,0xa6,0x23,0xf4,0x02,0x26,0xcb,0xb9,0x00,0xb2,0x94,0x00,0x00,0x0b,0x2b,0xbb,
0xbb,0x10,0xb2,0x00,0x00,0xb1,0x1b,0x00,0xc2,0xd0,0x0b,0x20,0x6c,0xd8,0x00,0xb2,
0x1a,0xaa,0xe4,0xaa,0xac,0xba,0x0e,0x52,0x07,0xaa,0xe0,0xaa,0xac,0x57,0x2a,0xf0,
0x12,0x0e,0xaa,0xa5,0xea,0xaa,0x10,0x15,0x08,0x35,0x20,0x92,0x00,0xb1,0x92,0x1a,
0x2a,0x10,0x06,0xba,0x12,0x99,0xb0,0x0d,0x70,0xb3,0xb3,0x0c,0x00,0x07,0xca,0x00,
0x9c,0x90,0xcd,0x1d,0x40,0x41,0x03,0xbb,0xb0,0x15,0x2a,0xf0,0x0e,0x0b,0x27,0xa8,
0xc5,0x00,0x66,0xb6,0x84,0xc4,0xb0,0x0c,0x54,0x6b,0x8d,0x8c,0x01,0xa0,0x06,0x61,
0xb1,0xb0,0x2d,0xa9,0x6c,0xae,0xac,0x00,0x00,0xb0,0x4c,0x08,0xc5,0x0b,0x9a,0xae,
0xaa,0x50,0x02,0x90,0x00,0xb0,0x00,0x09,0xc5,0xbb,0x0a,0x60,0x3a,0xab,0x0e,0x99,
0xb6,0x00,0x93,0x20,0xf0,0x0d,0x60,0x04,0x4b,0x0d,0xbc,0xb5,0x00,0xd7,0x50,0x00,
0xb0,0x00,0x19,0x00,0x6c,0xae,0xac,0x02,0xda,0x86,0x50,0xb0,0xb0,0x00,0x0b,0x5b,
0xae,0xaa,0xb0,0x0e,0xd4,0xb2,0x50,0x00,0x38,0x01,0x2c,0x5d,0x00,0x9d,0x4b,0xb9,
0x75,0x74,0x3c,0x1a,0xc0,0x33,0x33,0x28,0x0c,0x28,0x88,0x8d,0xb0,0xc0,0x00,0x00,
0xcb,0x7a,0x0f,0xb0,0xb0,0xc0,0x89,0x99,0xdb,0x0c,0x01,0x22,0x2c,0x00,0xc0,0x0e,
0x27,0x00,0x1a,0x26,0x54,0x26,0xbb,0xbb,0xd4,0x70,0x02,0x0b,0xf0,0x08,0x01,0x00,
0xd0,0x04,0x04,0xb0,0x0d,0x03,0xc0,0x0b,0x50,0xd0,0xb3,0x00,0x22,0x0d,0x04,0x00,
0x8b,0xbb,0xbb,0xbe,0x20,0xc9,0x04,0x14,0x6b,0x09,0x00,0x14,0x9b,0x09,0x00,0x13,
0x01,0x1a,0x31,0x00,0x51,0x0e,0x42,0x5b,0xbb,0xbd,0x30,0x88,0x14,0x11,0x2b,0x4a,
0x0c,0xf1,0x0c,0x2b,0x10,0xe7,0x0b,0x30,0x00,0x48,0x1c,0xab,0x40,0x00,0x01,0xa7,
0xc1,0xc2,0x00,0x09,0xc3,0x0c,0x01,0xc8,0x00,0x30,0x3b,0x90,0x00,0x40,0xb8,0x28,
0xf3,0x27,0x04,0xbe,0xbe,0xa0,0x0c,0x20,0x02,0xa1,0xb0,0x0a,0x60,0x00,0x2a,0x1b,
0x1b,0x70,0x50,0x02,0xa1,0xb1,0x30,0x87,0x07,0xbe,0xbe,0xb2,0x5b,0x00,0x02,0x90,
0xb0,0x8b,0x06,0x10,0x48,0x0b,0x37,0x03,0xc0,0x07,0x50,0xb0,0x02,0xd2,0x00,0xc1,
0x0b,0x04,0xd3,0x00,0x48,0x00,0xb2,0xb1,0x06,0x07,0x00,0x22,0x26,0xf4,0x23,0x38,
0x00,0xa9,0x99,0xd1,0x1c,0x10,0x0a,0x55,0x5c,0x3c,0x30,0x00,0x24,0xc5,0x40,0x11,
0xc0,0x49,0x99,0x99,0x90,0xb4,0x00,0x79,0x88,0xc2,0xc4,0x11,0x08,0xa9,0x9e,0x01,
0x0a,0x40,0x23,0x95,0x50,0x06,0x90,0x0c,0x29,0x2c,0x17,0xb0,0x01,0x57,0xd0,0x18,
0x80,0x2e,0x02,0x10,0x32,0xac,0x0f,0xf0,0x11,0x1b,0x29,0x99,0xaf,0x10,0x2b,0x23,
0x00,0x0a,0x50,0x01,0x17,0x60,0x2b,0xc1,0x00,0x02,0xd3,0x9b,0x23,0xd6,0x02,0xdc,
0x34,0x22,0x22,0x80,0x22,0xc0,0x89,0xea,0x92,0xf1,0x07,0x10,0x10,0x6a,0x14,0x50,
0xc2,0x11,0x00,0x0c,0x7a,0x54,0x2f,0x10,0x44,0xc2,0x0b,0x90,0x3b,0x09,0xae,0xba,
0x80,0x2a,0x18,0x00,0xa2,0xf7,0x28,0xf0,0x03,0xbe,0xbb,0xb4,0x06,0xe0,0x00,0x01,
0xa0,0x03,0xbc,0x3a,0xaa,0xbe,0xa1,0x00,0xc0,0x35,0x01,0x01,0x2c,0x80,0xd2,0x1b,
0x00,0x00,0xc0,0x02,0x11,0xb0,0xe8,0x13,0x28,0xc8,0x00,0xd7,0x03,0xd0,0x08,0x4b,
0xba,0xae,0x00,0x04,0xa0,0xb1,0x00,0xc0,0x02,0xb1,0x5b,0x80,0x24,0xf8,0x16,0x85,
0xb1,0x00,0xc0,0x00,0x3e,0x0b,0xba,0xae,0x00,0x3c,0xc0,0xb1,0xb0,0x26,0x01,0x1c,
0x0b,0x16,0x9b,0x20,0x00,0xc0,0xb1,0x0d,0x30,0x00,0x0c,0x0b,0x5a,0x2d,0x40,0x00,
0xc0,0xb9,0x10,0x2a,0xc4,0x0c,0xf0,0x03,0x08,0x33,0x46,0x8a,0x80,0x05,0xa0,0xd5,
0x4c,0x00,0x02,0xa3,0x6e,0xaa,0xea,0xa5,0x00,0xb1,0x1d,0x06,0xf5,0x0f,0xab,0x0b,
0xc8,0x88,0xd0,0x36,0xb0,0xbc,0x99,0x9d,0x00,0x0b,0x1a,0xc1,0x11,0xc0,0x00,0xb4,
0x8c,0x77,0x7d,0x00,0x0b,0x84,0xc9,0x99,0xd0,0x00,0xb7,0x0c,0x4b,0x02,0xf7,0x28,
0x09,0x00,0xa0,0x28,0x00,0x06,0x85,0x5a,0xa5,0x70,0x02,0xa4,0x75,0xaa,0x8c,0xe6,
0x00,0xc4,0xaa,0xad,0x1b,0x00,0xa9,0x89,0x9a,0xe3,0xb0,0x48,0x90,0xaa,0x53,0x9a,
0x00,0x29,0x0b,0x37,0x0c,0x60,0x02,0x92,0x93,0xc6,0xc8,0x00,0x29,0x85,0x35,0x77,
0xb4,0x02,0x96,0x00,0x2a,0x01,0x80,0x7b,0x2c,0xf3,0x28,0x07,0x42,0x2a,0x32,0x20,
0x04,0xb2,0x88,0xd8,0x88,0x32,0xb2,0x68,0x9d,0xa9,0x70,0x00,0xb2,0xb4,0x4c,0x0b,
0x00,0x8b,0x08,0x99,0xa9,0x70,0x38,0xb2,0xaa,0xaa,0xaa,0x30,0x0b,0x00,0x07,0x10,
0x20,0x00,0xb0,0x88,0x4b,0x2d,0x00,0x0b,0x1b,0x91,0x0b,0x87,0x00,0xb3,0x47,0xcc,
0xa0,0x10,0xe3,0x18,0x11,0xb4,0x1d,0x05,0x10,0xaa,0xc0,0x01,0x00,0x56,0x2f,0xf1,
0x10,0x42,0xb2,0x00,0x36,0x00,0x0a,0x3b,0x20,0x00,0xd1,0x00,0xd0,0xb2,0x00,0x07,
0x80,0x5a,0x0b,0x20,0x08,0x3e,0x07,0x40,0xb2,0x00,0xb2,0x30,0x00,0x08,0xdb,0xbc,
0x6d,0x26,0x00,0x37,0x00,0x11,0x20,0x2b,0x32,0x00,0xf5,0x2c,0xf5,0x1a,0x02,0x18,
0x37,0x60,0x00,0x21,0x93,0x01,0xc0,0x00,0x08,0x49,0x30,0xa4,0x75,0x00,0xb2,0x93,
0x78,0x01,0xd0,0x0d,0x09,0x9b,0x00,0x19,0x51,0x60,0xab,0x00,0x49,0x23,0x01,0xbe,
0x72,0x29,0x70,0x01,0xc3,0x29,0x99,0x79,0x2f,0x0c,0x02,0x26,0x01,0xb4,0x08,0x30,
0x05,0xbb,0xbb,0x6a,0x0f,0x01,0x5c,0x24,0xf4,0x06,0x56,0x4c,0x30,0xa0,0x00,0x67,
0x85,0x29,0x06,0x90,0x0d,0x28,0x50,0x09,0x3c,0x31,0x70,0x5d,0xcc,0xc0,0x20,0xff,
0x15,0x00,0x36,0x10,0xf0,0x0a,0xc7,0x7b,0xeb,0xd4,0x00,0xac,0x82,0x0c,0x08,0x40,
0x29,0xc2,0x11,0xc1,0x84,0x04,0x6c,0x0a,0xaf,0xba,0xa5,0x00,0xc0,0x01,0xb9,0x21,
0x00,0x60,0x75,0x95,0x00,0x00,0xc0,0x3c,0x14,0x2b,0x4e,0x2c,0x10,0x00,0x94,0x2a,
0x1e,0xf4,0x21,0xbb,0xeb,0xdc,0xc7,0x00,0xb6,0x1c,0x0a,0x16,0x50,0x03,0x0b,0x33,
0x90,0x93,0x00,0x3c,0x42,0xc2,0x0c,0x00,0x04,0x10,0xb2,0x4b,0x60,0x00,0x10,0x42,
0x80,0x13,0x00,0x09,0x4c,0x0a,0x50,0xc3,0x01,0xd0,0xc0,0x10,0xa2,0xd0,0x45,0x09,
0xcb,0xba,0x03,0x29,0x02,0x00,0x4f,0x1f,0xf4,0x22,0x0a,0xaa,0xcc,0xaa,0xaa,0x00,
0x11,0x3c,0x1c,0x11,0x10,0x00,0x0b,0x70,0x6a,0x00,0x00,0x0a,0x85,0xc1,0x9b,0x10,
0x3d,0x70,0x03,0x10,0x7e,0x31,0x31,0x31,0x80,0x04,0x10,0x05,0x78,0x47,0x80,0xa6,
0x00,0xc1,0x84,0x01,0x73,0xd2,0x27,0x06,0xdb,0xbc,0x13,0x7b,0x00,0xf0,0x05,0x5a,
0x03,0x30,0x00,0x00,0x5a,0x11,0x3d,0x70,0x00,0x5b,0xba,0x98,0x69,0x80,0x00,0x8a,
0xaa,0xaa,0x60,0xcb,0x00,0x10,0x39,0x82,0x16,0x20,0xab,0x80,0x6c,0x10,0xf0,0x07,
0x01,0x00,0x02,0x79,0x3c,0x22,0xc0,0x00,0xa4,0x93,0x23,0x95,0xa0,0x1a,0x06,0xcb,
0xbb,0x05,0x00,0x00,0x06,0x10,0x7e,0x00,0xf0,0x10,0xc9,0x9f,0x20,0x00,0x00,0xa4,
0x04,0xb0,0x00,0x00,0x9f,0xaa,0xec,0xaa,0x00,0x28,0x23,0x33,0x33,0xd0,0x00,0x06,
0x77,0x77,0x7d,0x00,0x02,0xaa,0xaa,0xaa,0xe0,0x36,0x01,0xf4,0x03,0x01,0x00,0x02,
0x7c,0x1c,0x23,0xc0,0x00,0xa2,0xc0,0x21,0xa5,0xb0,0x18,0x09,0xcb,0xba,0x04,0x7a,
0x00,0x30,0xa0,0x01,0xc0,0xe9,0x0d,0x12,0x85,0xcb,0x1a,0x09,0x89,0x0b,0x10,0x9b,
0x9a,0x19,0xf4,0x06,0x01,0x32,0xb0,0x25,0x00,0x04,0x99,0x37,0x71,0xc3,0x00,0xc2,
0x93,0x00,0xb2,0xd0,0x17,0x06,0xcb,0xbb,0x02,0xa5,0x4f,0x01,0x96,0x12,0xf8,0x22,
0xb0,0x9d,0xca,0xaa,0x30,0x6b,0xa0,0xb1,0x20,0x00,0x0a,0xb8,0x3c,0x0b,0x00,0x02,
0x9b,0x14,0x98,0xc0,0xc0,0x35,0xb0,0x96,0x8f,0x67,0x00,0x0b,0x1b,0x56,0xe7,0x00,
0x00,0xba,0x30,0x84,0xb0,0x00,0x0b,0x10,0x4a,0x05,0xa0,0x00,0xb0,0x4a,0x00,0x06,
0x40,0x74,0x01,0x90,0x17,0x61,0x10,0x00,0x00,0xc9,0x99,0x9b,0x70,0xb6,0x07,0xc0,
0xb7,0x00,0x00,0xc3,0x33,0x37,0x70,0x00,0x0c,0x66,0x66,0x97,0xfa,0x17,0x10,0xab,
0xee,0x01,0xf0,0x07,0x70,0x01,0x00,0x03,0x89,0x2b,0x32,0xc1,0x00,0xb3,0x92,0x12,
0xa4,0xc0,0x18,0x06,0xcb,0xca,0x04,0x00,0x00,0x9b,0xd8,0x00,0xf0,0x24,0x09,0xa9,
0x99,0x9e,0x00,0x00,0x96,0x44,0x44,0xd0,0x00,0x09,0x97,0x77,0x7d,0x00,0x2a,0xcc,
0xba,0xab,0xda,0x70,0x02,0xb2,0x23,0x8c,0x00,0x01,0xcb,0xaa,0x76,0x68,0x00,0x07,
0x56,0x87,0x04,0x60,0x06,0x85,0x60,0x55,0x6b,0x30,0xa1,0x3d,0xbb,0xc3,0x24,0x00,
0xd0,0x4b,0x0d,0xf2,0x13,0x0d,0x26,0x99,0xd9,0x94,0x08,0xda,0x59,0x9d,0x99,0x11,
0x9d,0x38,0x67,0xc6,0x65,0x38,0xd0,0x45,0x55,0x54,0x32,0x3d,0x00,0xd9,0x99,0xc0,
0x00,0xd0,0x0d,0x88,0x8c,0x00,0x0d,0x0b,0x00,0x00,0x1d,0x0d,0x53,0x0d,0x00,0xb0,
0x6b,0x90,0xac,0x00,0x00,0xb7,0x34,0xf0,0x28,0x04,0x9d,0xb9,0x9e,0x98,0x00,0x88,
0xab,0x89,0xd8,0x84,0x00,0x48,0x88,0x88,0x80,0x00,0x09,0x86,0x66,0x6d,0x00,0x00,
0x97,0x55,0x55,0xd0,0x00,0x05,0x99,0xb9,0x99,0x00,0x00,0x33,0x4a,0x60,0x64,0x00,
0x59,0x57,0x06,0x36,0xc3,0x0a,0x13,0xdb,0xbc,0x42,0x40,0x00,0x00,0x01,0x95,0x60,
0xd1,0x18,0xf1,0x43,0xab,0x90,0x0c,0x58,0x87,0xa0,0x80,0x00,0xc3,0x88,0x67,0xa8,
0x00,0x0c,0x63,0x0b,0x1f,0x17,0x00,0xc6,0xb9,0xb8,0xc9,0xc0,0x56,0x01,0x25,0xa0,
0x68,0x00,0x32,0xa3,0xd1,0x0a,0x00,0x0c,0x1d,0x04,0x19,0x4b,0x04,0x70,0x9c,0xbc,
0xa0,0x51,0x00,0xc0,0x6b,0x99,0x9c,0x00,0x0c,0x06,0xb8,0x88,0xc0,0x06,0xca,0x69,
0x55,0x5c,0x00,0xac,0x93,0x66,0x66,0x50,0x38,0xc0,0xd8,0xd8,0xca,0x72,0x4c,0x0b,
0x8b,0x8b,0x96,0x00,0xc0,0x6a,0xb1,0x2a,0xe5,0x79,0x19,0x50,0x00,0xc0,0x00,0xaf,
0xa1,0x00,0x0c,0x1b,0xb7,0x16,0xc9,0x58,0x01,0xf5,0x25,0xc0,0x60,0x00,0xbb,0xbb,
0x0b,0x08,0x40,0x01,0x02,0xa0,0xa2,0x36,0x10,0x86,0x67,0xbe,0xb9,0x82,0x00,0xcd,
0x20,0x74,0x25,0x00,0x02,0xf0,0x04,0x7a,0x20,0x00,0x8b,0x90,0x0e,0x90,0x00,0x2c,
0x0c,0x23,0xf3,0x32,0x1d,0x20,0x14,0xc5,0xc8,0x30,0x40,0x03,0xb1,0x06,0xd0,0x66,
0x1e,0x20,0x07,0x30,0x16,0x11,0xf0,0x00,0x29,0x00,0x0b,0xbb,0xbe,0xba,0xaa,0x00,
0xb1,0x00,0x66,0x04,0x10,0x0b,0xba,0x0d,0x27,0xf6,0x0c,0xb1,0x0c,0x0c,0x76,0x00,
0x0c,0x00,0xb0,0x7d,0x00,0x00,0xc7,0xc6,0x1c,0xc1,0x82,0x39,0x00,0x0b,0x44,0xab,
0x09,0x30,0x0a,0x50,0x07,0xb0,0x7a,0x00,0x10,0x80,0x43,0x00,0xf5,0x1f,0x05,0x50,
0x0a,0xaa,0xaa,0xeb,0xaa,0x50,0x28,0x88,0x48,0x30,0x60,0x03,0x81,0x48,0x65,0x66,
0x00,0x38,0x03,0x82,0x9c,0x00,0x02,0xaa,0xa5,0x0d,0x70,0x00,0x00,0x37,0xa3,0xf6,
0x27,0x0a,0xc9,0x55,0xd3,0xd8,0x60,0x00,0x04,0xc1,0x04,0xd1,0x50,0x02,0xf3,0x25,
0x0b,0x51,0x00,0x78,0xd8,0x81,0xb2,0x80,0x49,0x9e,0x99,0x9e,0xaa,0x40,0x0a,0x27,
0x00,0xb0,0x40,0x08,0xb9,0xd9,0x6b,0x1a,0x04,0xea,0x9d,0x92,0x99,0x50,0x27,0x63,
0xb3,0x06,0xe0,0x00,0x69,0x8c,0x72,0x6b,0x27,0x06,0xba,0xd9,0x8b,0x97,0x60,0x64,
0x00,0x0c,0x21,0xd2,0x27,0x27,0xf0,0x08,0x7b,0xa0,0x36,0xa7,0x00,0xb3,0x10,0x2c,
0x41,0x00,0x0b,0x99,0x62,0x90,0x00,0x00,0xb1,0x1b,0x2e,0xbb,0xb6,0x0b,0x00,0xb7,
0x00,0x30,0xbb,0xbb,0x28,0x52,0x05,0x20,0x04,0x70,0x24,0x04,0x21,0x75,0x0c,0x02,
0x30,0x69,0xc0,0x06,0x50,0x07,0x60,0x0c,0x72,0x20,0x01,0x0a,0x12,0x80,0x01,0xbb,
0xbd,0xdb,0xb8,0x00,0x2a,0x00,0x10,0x06,0xf5,0x16,0xea,0xaa,0xaa,0xa8,0x00,0x2d,
0x88,0x86,0x88,0x81,0x02,0xa4,0x1b,0x44,0x19,0x20,0x39,0x95,0xb2,0xa3,0x92,0x06,
0x63,0xbb,0x06,0xca,0x20,0xb7,0xa1,0xb7,0x70,0x92,0x19,0x01,0xbd,0x01,0xbc,0x42,
0x00,0x73,0x47,0x40,0x00,0x6b,0xbb,0xe7,0x51,0x6a,0x0d,0x52,0x9b,0xbb,0xfb,0xbb,
0x40,0x0b,0x00,0x61,0x11,0x11,0xd1,0x11,0x10,0x7a,0xba,0x12,0x07,0x8b,0x0d,0x20,
0x02,0xdc,0x9f,0x11,0x11,0x74,0xc4,0x1e,0xc0,0x42,0xbb,0xec,0xb3,0x0b,0xdc,0x90,
0x0a,0x20,0x00,0x07,0x40,0xa7,0x06,0xd6,0x74,0x20,0x0a,0x20,0x00,0x6c,0xd7,0x00,
0xa2,0x00,0x06,0x94,0x00,0x16,0x00,0x00,0x0b,0x00,0x44,0xae,0x30,0x4c,0xe1,0x73,
0x00,0x11,0x74,0x05,0x00,0xa0,0x0a,0xbb,0xbc,0x0b,0xdc,0x8c,0x00,0x0c,0x00,0x74,
0xfe,0x04,0xa1,0x76,0x4c,0x00,0x0c,0x1a,0xeb,0x4c,0x00,0x0c,0x02,0x0f,0x00,0x03,
0x05,0x00,0x40,0xbb,0xbe,0x0b,0xd3,0x0a,0x00,0x01,0xd7,0x05,0x21,0x93,0x00,0xd9,
0x09,0x00,0xbe,0x0f,0xf8,0x1d,0xdc,0xab,0xeb,0xd0,0x00,0x09,0x30,0x0b,0x0c,0x00,
0x00,0x93,0x48,0xb0,0xc0,0x00,0x6d,0xc4,0x7d,0x0c,0x00,0x07,0xa3,0x06,0xba,0xb0,
0x00,0x09,0x30,0xc1,0x49,0x35,0x00,0x93,0x77,0x00,0x7a,0x60,0xad,0x4a,0x00,0x02,
0xf1,0x00,0x9e,0x53,0x01,0x28,0x0d,0xd0,0xb0,0x24,0x4c,0x44,0x03,0xbe,0xa8,0x86,
0x66,0x61,0x00,0xb0,0x83,0x16,0x00,0xd0,0x38,0x30,0x00,0x00,0x3a,0xe7,0x92,0x00,
0x00,0x01,0x2b,0x0a,0x10,0x1a,0x04,0x10,0xd0,0x16,0x00,0x01,0xd4,0x39,0x21,0xb7,
0x30,0xac,0x00,0xb0,0x01,0x11,0x11,0x00,0x74,0x19,0x99,0x9e,0x0b,0xdc,0x80,0x98,
0x00,0x00,0x90,0x05,0x74,0x78,0x78,0xbb,0xbe,0x1c,0xe9,0x10,0x0f,0x00,0x02,0x05,
0x00,0x50,0x5b,0xbb,0xbe,0x0b,0xd2,0x0a,0x00,0x10,0x84,0x50,0x02,0xf3,0x22,0x08,
0x40,0x0c,0x0a,0x40,0x0a,0xdb,0x80,0xc0,0x13,0x00,0x39,0x69,0xbe,0x65,0x52,0x00,
0x84,0x30,0x93,0x36,0x00,0x6c,0xd7,0x06,0x5a,0x20,0x07,0x94,0x00,0x2d,0x90,0x00,
0x08,0x40,0x03,0xf1,0x34,0x00,0x84,0x07,0xc6,0xa7,0x50,0xae,0x37,0x70,0x06,0xe1,
0xa6,0x00,0x00,0x62,0x09,0xc2,0x00,0xb0,0x56,0x7c,0x66,0x32,0xbe,0xa3,0x45,0xc4,
0x42,0x00,0x55,0x11,0xe0,0x17,0xeb,0xbb,0xc0,0x17,0xe9,0x16,0x60,0x67,0x02,0x5c,
0x00,0x0c,0x4c,0xc8,0x09,0x10,0x3f,0x17,0x1c,0x93,0x4c,0x6c,0x70,0x1c,0xb0,0xaa,
0x10,0x08,0x60,0xe8,0x24,0x00,0xcf,0x0a,0xe0,0x08,0x30,0x11,0xb1,0x10,0x0b,0xdc,
0x7d,0xaa,0xae,0x00,0x08,0x30,0xc0,0x5b,0x2e,0xf0,0x03,0x3c,0x00,0x0c,0x01,0x8d,
0xb4,0xeb,0xbb,0xe0,0x02,0x83,0x0b,0x00,0x02,0x00,0x08,0x32,0x90,0x2c,0x00,0x10,
0x75,0x93,0x0e,0x26,0x2c,0x00,0x04,0x03,0xd0,0x7c,0xaa,0xe2,0x00,0x0c,0x07,0x40,
0x0a,0x10,0x3b,0xeb,0x84,0x13,0x57,0x34,0xf9,0x15,0x42,0x87,0x00,0x00,0xc4,0x9c,
0xba,0xb4,0x03,0xbe,0x67,0x5a,0x09,0x30,0x11,0xc0,0x74,0x93,0xb0,0x00,0x0c,0x07,
0x41,0xe5,0x00,0x00,0xc0,0x74,0x6b,0xc2,0x01,0xcb,0x07,0x99,0x03,0xb0,0xea,0x21,
0x02,0xc1,0x2e,0x60,0x00,0x1c,0x00,0x03,0xbe,0xb7,0x0f,0x12,0xe0,0xc0,0x06,0x00,
0x81,0x00,0x0c,0x51,0xd0,0x0d,0x00,0x3c,0xf5,0x0b,0x10,0x7e,0x0e,0xf2,0x00,0x94,
0x38,0x00,0x00,0xc0,0x05,0x37,0x40,0x00,0x0c,0x09,0x99,0xda,0x93,0x0d,0xf2,0x34,
0xd0,0xc0,0x6d,0xbb,0xbb,0x02,0x5d,0x57,0x60,0x00,0x00,0x5a,0xea,0x76,0x48,0x00,
0xf1,0x07,0x06,0xcb,0xbb,0x80,0x00,0xc3,0x86,0x00,0x1a,0x04,0xaf,0x87,0x71,0x12,
0xa0,0x23,0xc0,0x6c,0x99,0x96,0x00,0x0c,0x88,0x0b,0x00,0x2c,0x00,0x22,0x43,0xcb,
0xca,0x0f,0xd0,0x51,0xb0,0x0c,0x00,0x0b,0x09,0x37,0x90,0xb0,0x2b,0xea,0x93,0x0a,
0x7f,0x51,0xf1,0x27,0x30,0x01,0xa0,0x00,0xb0,0x93,0x00,0x38,0x00,0x3d,0xa9,0x31,
0x16,0x60,0x39,0xc0,0x99,0xc2,0xc2,0x00,0x0b,0x0a,0x80,0x6d,0x80,0x00,0xb0,0x01,
0x8a,0x0a,0x60,0xcb,0x00,0xa5,0x00,0x05,0x00,0xc0,0x15,0x74,0x60,0x00,0x0c,0x06,
0x6a,0x25,0x90,0x3b,0xea,0xcb,0xeb,0xbb,0x20,0x0c,0x92,0x0a,0xf4,0x11,0xc5,0x23,
0xeb,0xb6,0x04,0xce,0x60,0x8d,0x06,0x60,0x10,0xc0,0x0c,0x58,0xd0,0x00,0x0c,0x07,
0x60,0xd8,0x00,0x00,0xc4,0xb0,0x99,0xc7,0x01,0xcb,0x21,0xc6,0x00,0x95,0x4a,0x26,
0x20,0x2c,0xda,0x1e,0x34,0xf0,0x0c,0x1d,0x4d,0x40,0x0b,0xdc,0x60,0x5f,0x90,0x00,
0x08,0x30,0x2b,0x9c,0x60,0x00,0x83,0x7a,0x38,0x06,0x70,0x5c,0xc4,0xbb,0xeb,0xb1,
0x07,0xa3,0x4e,0x00,0x70,0x08,0x35,0xbb,0xeb,0xb8,0x00,0x83,0x0b,0x00,0x21,0xad,
0x10,0x01,0x0b,0x21,0x00,0xe7,0xc7,0x07,0xf0,0x0e,0xb3,0x00,0x5a,0xea,0x4b,0x01,
0xc2,0x00,0x0c,0x3b,0xbb,0xba,0xd2,0x00,0xc6,0x00,0x00,0x01,0x05,0xbe,0x75,0xaa,
0xaa,0x30,0x10,0xc0,0x83,0x00,0x75,0x5d,0x26,0xd3,0x07,0x50,0x00,0xc0,0x8b,0xaa,
0xc5,0x03,0xca,0x08,0x30,0x06,0x40,0x1f,0x08,0x61,0x07,0xae,0xaa,0x80,0x5a,0xea,
0x0b,0x00,0x60,0x2b,0xbe,0xbb,0xb4,0x00,0xd7,0x9f,0x0c,0x81,0xcd,0x3a,0xaa,0xae,
0xa1,0x00,0xc0,0x25,0xd4,0x0f,0x20,0xb2,0x0c,0xfa,0x03,0xb0,0x00,0xc0,0x02,0xca,
0x00,0x0b,0xc9,0x00,0x00,0xc0,0x85,0x75,0x19,0xa0,0x08,0x88,0xbb,0x40,0x5b,0xeb,
0x88,0x20,0x05,0x30,0x92,0x05,0xf3,0x13,0xd2,0x00,0xc3,0x13,0x44,0x42,0x04,0xae,
0x76,0xda,0xaa,0xa0,0x22,0xc0,0x58,0x11,0x2a,0x00,0x0c,0x05,0xc9,0x99,0xa0,0x00,
0xc0,0x5c,0x99,0xaa,0x03,0xda,0x05,0x81,0x12,0xa0,0x80,0x02,0x00,0x85,0x20,0xf0,
0x09,0x00,0xb0,0x69,0x9d,0x99,0x02,0xbe,0xab,0x15,0x11,0xb1,0x00,0xb0,0x60,0xc0,
0x06,0x00,0x0b,0x19,0xbe,0xbc,0xb3,0x28,0xe9,0x25,0x0b,0x40,0x4c,0x00,0xc3,0x29,
0x0a,0x2e,0xd0,0x9e,0x40,0x00,0x0b,0x00,0x3b,0x8d,0x60,0x0c,0xc0,0xa9,0x20,0x19,
0x58,0x03,0xf1,0x00,0x44,0x44,0x00,0x1c,0x09,0x84,0x44,0x40,0x29,0xe8,0x97,0xaa,
0xa9,0x00,0x0b,0x92,0x19,0xf4,0x11,0xc5,0x9c,0xbb,0xbb,0x33,0xce,0x59,0x4c,0x56,
0x41,0x00,0xb0,0xa3,0xc1,0xda,0x00,0x0b,0x0d,0x0c,0x0b,0x20,0x00,0xb3,0xb0,0xc8,
0x6c,0x00,0xcc,0x63,0x1b,0x40,0x54,0x74,0x00,0x10,0x58,0xcf,0x01,0xf1,0x1e,0x0c,
0x9a,0xa0,0x01,0xae,0x99,0x60,0x75,0x00,0x02,0xc3,0xad,0xae,0xab,0x00,0x0b,0x03,
0x90,0xb0,0xb0,0x03,0xdb,0x59,0x0b,0x0b,0x02,0x9d,0x2a,0xab,0xfa,0xa7,0x00,0xb0,
0x00,0x6a,0x60,0x00,0x0b,0x00,0x5b,0x0a,0x70,0x0b,0xd1,0xc9,0x6a,0x36,0x01,0xb7,
0x02,0xb0,0xba,0xaa,0xae,0x00,0x1c,0x1a,0x00,0x00,0xc0,0x2c,0xfb,0x0b,0x00,0x20,
0x0c,0x0a,0x2a,0x01,0x71,0xc4,0xca,0xae,0xaa,0x42,0xbe,0x6b,0x7c,0x01,0x60,0xba,
0xab,0xac,0x00,0x0c,0x1a,0x4c,0x01,0x71,0xc7,0x6c,0xaa,0xae,0x00,0xcc,0x70,0xa8,
0x1b,0x03,0xbc,0x05,0x10,0x00,0xdb,0x31,0xf0,0x13,0xea,0xaa,0x02,0xbe,0xa3,0x9d,
0x99,0x60,0x00,0xb0,0x11,0xb2,0x1b,0x00,0x0b,0x49,0x9d,0x99,0xd2,0x29,0xe7,0x28,
0xd8,0x87,0x00,0x0b,0x05,0x4b,0xaa,0x70,0x00,0xb0,0xa7,0xb1,0x1a,0x19,0x99,0x9d,
0x00,0x00,0x0b,0xb9,0x30,0x7b,0xcc,0x20,0xf3,0x02,0xd0,0x0b,0x56,0x00,0x00,0xc0,
0x11,0xb5,0x71,0x03,0xbe,0xa6,0x9b,0x5b,0xa6,0x04,0xf3,0x04,0xb5,0x60,0x00,0x0c,
0x27,0xbb,0x5c,0xa1,0x28,0xe7,0x10,0xb5,0x60,0x01,0x2c,0x1a,0xab,0x5c,0xa5,0x16,
0x00,0x00,0x2c,0x00,0x55,0x1c,0xc0,0x00,0xb4,0x50,0x92,0x04,0x00,0x25,0x01,0xf0,
0x0a,0xb0,0x9a,0xac,0xa9,0x03,0xbe,0xa0,0xc0,0x1b,0x00,0x00,0xb2,0x5b,0x78,0x95,
0x20,0x0c,0x84,0x4c,0x44,0x41,0x5b,0xd5,0xab,0xda,0xe6,0x0a,0x00,0x16,0x00,0x30,
0xb0,0x3d,0x8a,0x6c,0x01,0x85,0x2d,0xe9,0x10,0x2c,0xa2,0xba,0x40,0x5b,0x3d,0x00,
0x10,0x06,0xcf,0x04,0xf0,0x0e,0x79,0x9e,0x99,0x31,0xbe,0x9b,0x15,0x14,0x66,0x00,
0xb0,0x77,0x80,0xb8,0x40,0x0b,0x67,0xa0,0x00,0xd2,0x2c,0xe3,0x2a,0xbb,0xb8,0x00,
0x0b,0x00,0x02,0x4a,0x04,0x00,0x17,0x06,0x01,0x0b,0x00,0x30,0x0b,0xd0,0xaa,0xa1,
0x09,0x21,0xb0,0x0a,0xa5,0x15,0xb0,0xb0,0x55,0x00,0x4b,0xeb,0x6d,0xbe,0xbb,0x10,
0x0b,0x0d,0xf4,0x2e,0xf1,0x02,0xb4,0x6d,0xae,0xa9,0x02,0x8e,0xa3,0x80,0xb0,0x00,
0x23,0xb0,0x3d,0xae,0xa8,0x00,0x0b,0x0a,0x2f,0x85,0xb0,0x3d,0xbe,0xbb,0x42,0xca,
0x03,0x80,0x6d,0x06,0xf2,0x19,0xb0,0x0a,0x10,0xc0,0x00,0x0b,0x05,0xc7,0x6d,0x62,
0x3b,0xeb,0x4b,0x54,0xd4,0x10,0x0b,0x00,0x61,0x07,0x00,0x00,0xc4,0x9a,0xbc,0xad,
0x04,0xbe,0x5a,0x04,0x80,0xb1,0x00,0xb0,0xaa,0xbd,0xae,0x10,0x0b,0x0a,0x0b,0x00,
0x50,0xcd,0xae,0x11,0xc9,0x0a,0xa1,0x06,0xf0,0x1a,0xb0,0x2d,0xaa,0xab,0x00,0x0b,
0x02,0xc5,0x55,0xb0,0x4c,0xfc,0x2b,0x55,0x5b,0x00,0x0b,0x02,0xda,0xaa,0xb0,0x00,
0xc5,0x34,0x44,0x44,0x24,0xbd,0x44,0x85,0xd5,0x52,0x00,0xb0,0x1b,0x0e,0xaa,0x10,
0x0b,0x05,0xe0,0xa2,0x15,0x95,0xc6,0xcc,0x00,0x01,0xba,0x49,0x03,0xbd,0xc8,0x75,
0x30,0xf2,0x17,0x25,0x85,0x00,0x0b,0x07,0x98,0xd3,0x00,0x2b,0xeb,0x66,0x6d,0x66,
0x30,0x0b,0x05,0x55,0xc5,0x52,0x00,0xb4,0x5b,0x4c,0xaa,0x03,0xbe,0x69,0x20,0xb0,
0xb0,0x00,0xb0,0x9b,0x3c,0xae,0x00,0x0b,0x09,0x0b,0x00,0x64,0xbe,0xbe,0x00,0xcb,
0x09,0x20,0xe1,0x01,0xf3,0x28,0x0c,0x08,0xaa,0x84,0x60,0x13,0xc2,0x1d,0x48,0x1b,
0x04,0xbe,0xb0,0x92,0x97,0x40,0x00,0xc0,0x6a,0xca,0xba,0x20,0x0c,0x65,0x7c,0x66,
0x63,0x3b,0xe4,0x38,0x84,0x44,0x21,0x1c,0x00,0x9e,0xab,0x90,0x00,0xc0,0x1a,0x58,
0xa2,0x00,0x0c,0x0a,0x31,0xdc,0x30,0x2c,0xa4,0x67,0xb3,0x29,0x70,0x79,0x00,0x20,
0x04,0x92,0xe4,0x54,0xa0,0x5a,0x36,0xb0,0x3a,0xea,0xb9,0xb4,0x9b,0x00,0x0b,0x64,
0x00,0xf9,0x12,0x00,0xc4,0xaa,0xda,0xab,0x03,0xae,0x70,0x09,0x20,0x00,0x23,0xb0,
0xae,0xaa,0xd9,0x00,0x0b,0x00,0x79,0x5a,0x00,0x00,0xb0,0x03,0xce,0x60,0x01,0xca,
0x3c,0x80,0x17,0xc4,0x11,0x05,0xf5,0x26,0x0a,0xa9,0x75,0x30,0x00,0xc0,0x35,0x75,
0x2b,0x04,0xbe,0xb2,0xc3,0xa7,0x50,0x00,0xc0,0x09,0x12,0x40,0x00,0x0c,0x73,0xca,
0xda,0x60,0x3c,0xe3,0x41,0x19,0x00,0x01,0x0c,0x5a,0xaa,0xda,0xa4,0x00,0xc0,0x61,
0x19,0x08,0x00,0x3c,0x0a,0xa9,0xd9,0xc0,0x2f,0xa0,0x01,0x11,0x1b,0xb0,0x06,0x00,
0xa5,0x31,0x90,0xb0,0xac,0xab,0xda,0x52,0xbe,0xa0,0x74,0x0c,0x29,0x02,0xf0,0x17,
0xbc,0xbb,0x20,0x0b,0x4b,0x47,0xb6,0x92,0x2b,0xe6,0xb2,0x59,0x39,0x20,0x1b,0x0b,
0x5b,0x9a,0x92,0x00,0xb0,0xb5,0x61,0xa9,0x20,0x0b,0x0b,0x28,0x85,0x92,0x0c,0xb0,
0xb0,0x00,0xbd,0x10,0x00,0xb0,0x39,0x2b,0xf9,0x22,0x0b,0x4a,0xea,0xae,0xa6,0x16,
0xd5,0x6e,0x99,0xe7,0x00,0x0b,0x0a,0x33,0x33,0xb0,0x00,0xb5,0xa6,0x66,0x6c,0x02,
0xbe,0x69,0x9a,0xa9,0xa0,0x02,0xb0,0x11,0x86,0x11,0x00,0x0b,0x49,0x9e,0xf9,0x96,
0x00,0xb0,0x06,0xa5,0xc3,0x00,0xcb,0x5c,0x70,0x02,0xa7,0x2a,0x07,0xf4,0x5e,0x09,
0xaa,0xc7,0x40,0x00,0xb0,0x1b,0x19,0x74,0x05,0xff,0xf0,0xa2,0x9a,0x10,0x00,0xb1,
0x99,0xef,0xb9,0x40,0x0c,0x51,0xa6,0x9a,0x40,0x2a,0xe7,0xec,0xad,0x9e,0x71,0x2b,
0x08,0x41,0x90,0xb0,0x00,0xb0,0x7b,0xad,0x9b,0x00,0x0b,0x07,0x41,0x90,0xb0,0x2c,
0xa0,0x7b,0x99,0x9b,0x00,0x00,0xb0,0x0d,0x99,0xe0,0x00,0x0b,0x00,0xc4,0x4c,0x00,
0x2c,0xeb,0x05,0x66,0x60,0x00,0x0b,0x0d,0x9b,0x9a,0xd2,0x00,0xb1,0xc4,0xb9,0x4a,
0x21,0x7e,0x86,0x66,0x66,0x60,0x02,0xb2,0xaa,0xde,0xaa,0x40,0x0b,0x00,0x5c,0xb8,
0x00,0x00,0xb0,0x89,0x56,0x5c,0x40,0xcb,0x36,0x05,0x60,0x23,0xee,0x00,0x00,0x6d,
0x16,0xf4,0x21,0xb3,0xca,0x99,0x9a,0x95,0xae,0xcc,0xc7,0xc8,0xb7,0x00,0xb2,0xd8,
0x89,0x6b,0x00,0x0b,0x59,0xb4,0x4e,0x50,0x3a,0xe8,0x95,0x66,0x3b,0x71,0x2b,0x44,
0xaa,0xaa,0x91,0x00,0xb0,0x14,0x84,0x92,0x00,0x0b,0x0b,0x18,0x43,0xe2,0x3c,0xa3,
0x46,0xd2,0x03,0x0b,0x26,0x00,0x8f,0x13,0x00,0xbb,0x09,0x11,0xa5,0xea,0x1e,0x02,
0x9a,0x13,0xa0,0x02,0xbf,0xbb,0xbc,0xe0,0x00,0x00,0x85,0x00,0x96,0x07,0x0b,0x10,
0x6a,0xc3,0x02,0x10,0xed,0x3f,0x27,0x93,0xc5,0x7c,0x84,0x10,0x99,0x40,0x00,0x04,
0x92,0xf8,0x06,0x00,0x63,0x03,0x40,0x0b,0x0c,0x04,0x90,0x01,0x2b,0x70,0x8c,0xbe,
0xb0,0x0c,0x0c,0x0e,0x30,0x48,0x36,0xf0,0x03,0xc8,0x0c,0x00,0x0c,0x0c,0x51,0xc4,
0xa0,0x00,0xc7,0xf0,0x06,0xe4,0x00,0x0b,0x4c,0x00,0x4f,0xdc,0x06,0x83,0x5c,0x2d,
0x60,0x00,0x0c,0x6a,0x10,0x1b,0x79,0x00,0x00,0x04,0x1b,0x40,0x05,0xaa,0xd2,0x67,
0xf5,0x0e,0xf0,0x04,0x2a,0xbb,0xeb,0x00,0x11,0xa3,0xf1,0x0c,0x00,0x0e,0x99,0xab,
0x51,0xa0,0x00,0xc0,0x03,0x0c,0x66,0x01,0x06,0xf4,0x03,0x7e,0x10,0x00,0xc3,0x98,
0x09,0xe4,0x00,0x2f,0xa2,0x19,0x91,0xc6,0x00,0x10,0x0a,0x60,0x01,0x9c,0x0b,0xf0,
0x0a,0x64,0x00,0x54,0x00,0x00,0x22,0xc2,0x19,0x20,0x00,0x09,0xe9,0x94,0xcb,0xdd,
0x20,0x0b,0x00,0x2c,0x06,0x40,0x00,0xbb,0xe9,0xc1,0xe2,0x00,0x20,0x44,0x7c,0x8c,
0x11,0xf1,0x01,0x0c,0x80,0x00,0x38,0x0c,0x00,0xcb,0x00,0x0a,0x30,0xc0,0xa6,0x7a,
0x02,0xa4,0xc8,0x20,0x41,0x07,0xfd,0x0d,0x10,0x90,0x14,0x07,0xf0,0x26,0x29,0x00,
0x86,0x33,0x02,0xbc,0xeb,0x7b,0x8a,0xb2,0x00,0x29,0x00,0xf0,0x65,0x00,0x02,0x90,
0x6d,0x38,0x30,0x09,0xba,0xe5,0x29,0xb0,0x00,0x92,0x0a,0x10,0xa9,0x00,0x09,0x20,
0xa1,0x0b,0xc0,0x00,0x9b,0xaa,0x19,0x64,0xc2,0x05,0x10,0x05,0x60,0x05,0x30,0x00,
0x45,0x00,0x09,0xb7,0x20,0xf8,0x20,0x02,0x90,0x00,0x0a,0xaa,0xa9,0x6c,0xbe,0x50,
0x0a,0x0b,0x1a,0x42,0xa0,0x0a,0x30,0x4a,0xd8,0x47,0x01,0x59,0x29,0x34,0xb8,0x40,
0x00,0x4e,0x40,0x07,0xd0,0x00,0x02,0xdb,0x00,0x7e,0x10,0x01,0xc2,0x84,0x5b,0x3c,
0x20,0xa3,0x00,0x59,0x00,0x47,0x7a,0x00,0x20,0x47,0x00,0x0c,0x27,0xf3,0x22,0xbb,
0xb8,0x48,0x22,0x01,0xb0,0x00,0x08,0xcc,0xd3,0x5a,0xba,0xb6,0xe2,0x56,0x00,0x83,
0xa6,0x99,0x67,0x30,0x5e,0xba,0xcc,0x09,0xa0,0x00,0xb4,0x97,0x40,0x6a,0x00,0x0d,
0xab,0xdb,0x0a,0xb1,0x00,0x00,0x09,0x16,0x82,0xc1,0x00,0x1a,0xc1,0xa0,0x04,0x40,
0xec,0x01,0xf5,0x24,0x72,0x37,0x00,0x00,0x22,0xb5,0x76,0x50,0x00,0x29,0x9d,0x98,
0xab,0xcd,0x20,0x80,0xb6,0x5e,0x06,0x50,0x07,0x7b,0xc6,0xe3,0x82,0x00,0x02,0xb2,
0x74,0x9c,0x00,0x04,0x9c,0xb1,0x0c,0x90,0x03,0xc1,0xb3,0xb0,0xab,0x00,0x00,0x0b,
0x01,0x88,0x7a,0x00,0x4c,0x90,0x98,0x21,0x17,0x80,0x74,0x04,0x46,0x00,0x00,0x9c,
0xb9,0x77,0x2c,0x22,0xf0,0x0f,0xb0,0xbb,0xdd,0x34,0x8a,0xd9,0x6f,0x06,0x50,0x01,
0xcc,0xaa,0xb2,0x82,0x04,0xb1,0x59,0x12,0x8b,0x00,0x11,0x2d,0x78,0x09,0x80,0x02,
0xb9,0xd3,0x00,0xcc,0x55,0x02,0xf8,0x30,0xb5,0x5c,0x10,0x3c,0xa0,0x85,0x00,0x64,
0x04,0x2b,0x34,0x27,0x00,0x00,0x47,0xb8,0x15,0x83,0x31,0x1a,0xbe,0xa9,0x99,0xab,
0x20,0x1a,0xd9,0x2d,0x06,0x50,0x1c,0x2a,0x28,0xf4,0x82,0x00,0x23,0xb1,0x65,0xab,
0x00,0x18,0xe9,0xb6,0x0b,0xa0,0x00,0x3d,0x2b,0x10,0xab,0x00,0x00,0x4e,0xd3,0x78,
0x6b,0x10,0xaa,0x31,0x79,0x00,0x64,0x6c,0x01,0xf1,0x25,0x47,0x94,0x34,0x80,0x00,
0x27,0x9b,0x74,0xba,0xbc,0x01,0xb7,0x98,0x9b,0x68,0x20,0x19,0xdb,0x94,0x09,0xb0,
0x01,0x99,0xca,0x25,0xb9,0x70,0x44,0x35,0x13,0x70,0x05,0x01,0xcc,0xcc,0xdc,0xcc,
0x90,0x00,0x31,0x0e,0xaa,0xa0,0x00,0x08,0x40,0xc0,0x00,0x00,0x7a,0xdc,0xae,0x3e,
0x0b,0x02,0x79,0x14,0x22,0x90,0x00,0x2e,0x1d,0x63,0x02,0xbc,0xdb,0xbb,0xeb,0xb2,
0x98,0x3b,0x10,0x94,0xe3,0x03,0x11,0x01,0xeb,0x35,0x20,0x04,0xf6,0x65,0x00,0x90,
0xb8,0xd6,0x00,0x00,0x5b,0xb2,0x01,0x9e,0x90,0xcf,0x0c,0x14,0x14,0xa6,0x0f,0x10,
0xd0,0x15,0x0a,0xf0,0x1e,0xb6,0xc1,0x88,0x1a,0x00,0x68,0x04,0xb0,0xa5,0xa0,0x2d,
0xae,0xa3,0x70,0x1a,0x00,0x10,0xc0,0x05,0xc2,0xa0,0x0a,0xae,0xa9,0x05,0x2a,0x10,
0x63,0xc9,0x25,0x8b,0xe8,0x0b,0x0c,0x58,0x63,0x1a,0x01,0xb0,0xc1,0x60,0x01,0xa0,
0x02,0xca,0xc8,0x1e,0xf0,0x1c,0x30,0xb0,0x00,0x49,0xb0,0xb8,0xb1,0xab,0x75,0x10,
0xbb,0xb7,0x5b,0x00,0x00,0xc9,0xd9,0x8b,0xbb,0xb7,0xb2,0xf4,0x1b,0x0a,0x10,0xb7,
0xd9,0x5b,0x0a,0x10,0xc9,0xb0,0x4b,0x0a,0x10,0xb0,0x60,0x0c,0x0a,0x10,0xca,0xaa,
0xa9,0xfa,0x0a,0x11,0x73,0xff,0x0a,0x00,0x9d,0x1b,0xfa,0x26,0xb0,0x14,0x88,0x02,
0xcd,0xae,0x9a,0x63,0x00,0x04,0x71,0xb0,0xa0,0x00,0x00,0x4b,0x8d,0x0a,0xaa,0xa5,
0x04,0xc8,0xd0,0xa0,0x92,0x00,0x47,0x1b,0x0a,0x09,0x20,0x4c,0xda,0xea,0xa0,0x92,
0x00,0x07,0x17,0x0a,0x09,0x20,0x08,0x70,0x96,0xa0,0x92,0x01,0xa0,0x00,0x54,0x09,
0x20,0x7c,0x3e,0xa0,0x00,0x37,0x70,0x0a,0xae,0xa7,0xc7,0x41,0x00,0x1a,0x0b,0x16,
0xf4,0x16,0x2a,0xea,0xd8,0xdb,0xbb,0x50,0x00,0xb0,0x0b,0x0b,0x10,0x0a,0xae,0xa7,
0xb0,0xb1,0x00,0x25,0xb6,0x0a,0x0b,0x10,0x0a,0x3b,0x87,0x80,0xb1,0x01,0x90,0xb0,
0x84,0x0b,0x10,0x02,0xc9,0x0b,0x00,0x74,0x13,0x02,0x36,0x22,0x00,0xe2,0x0f,0x10,
0x5b,0x39,0x29,0x03,0x31,0x14,0x20,0x01,0xeb,0xbe,0x43,0x30,0x38,0x00,0x1c,0xc0,
0x1e,0x01,0x6f,0x3f,0x00,0x68,0x10,0x10,0xa4,0x05,0x07,0x44,0xc6,0x00,0xad,0xe3,
0x79,0x2f,0x10,0x90,0xad,0x06,0xf3,0x22,0x27,0x81,0x89,0x55,0x51,0x29,0xd9,0x9c,
0x55,0x55,0x10,0x0a,0x06,0x97,0x77,0x61,0x01,0xeb,0x91,0x2c,0x2c,0x00,0x19,0x38,
0x44,0xb0,0x40,0x03,0x73,0x77,0x4c,0xaa,0x00,0x74,0x47,0xa5,0xb0,0x00,0x0b,0x05,
0x6c,0xad,0x00,0x04,0x67,0xd7,0x70,0x9c,0xc6,0x79,0x00,0x01,0x5c,0x23,0x41,0x3a,
0xaa,0xea,0xaa,0x4a,0x1b,0x00,0xd0,0x11,0x10,0xeb,0xd0,0x11,0x11,0x49,0xef,0x0c,
0x10,0x72,0x06,0x00,0x20,0xd5,0x90,0xce,0x43,0xe3,0x39,0x00,0x42,0x17,0xc5,0x03,
0x90,0x08,0x41,0x60,0x00,0x1d,0xcc,0xd1,0x87,0x2a,0x11,0xd0,0x27,0x29,0x53,0x0d,
0xfb,0xbb,0xbb,0xfd,0x92,0x28,0x06,0x0e,0x00,0x10,0x22,0xe4,0x15,0x20,0xd8,0xd0,
0x86,0x0e,0xf0,0x02,0xa6,0xbb,0xbf,0xb5,0xb0,0xa0,0x00,0x0c,0x00,0xea,0xe0,0xa2,
0x0c,0x00,0xb0,0xa0,0x3c,0x05,0x00,0x10,0x07,0x0f,0x00,0x01,0xbd,0x1b,0x01,0xed,
0x00,0x20,0x09,0xcd,0xc6,0x41,0xf1,0x13,0xbb,0xce,0xaa,0xc2,0x90,0x0c,0xc0,0x0c,
0x2a,0x22,0xce,0xaa,0xc2,0xb6,0x6c,0xc0,0x0c,0x29,0x00,0xcc,0x00,0xc2,0xda,0xac,
0xeb,0xbc,0x47,0x00,0xcc,0x00,0x07,0x40,0x0c,0x10,0x20,0x0a,0x32,0x85,0x07,0xd9,
0xbe,0x00,0x40,0xda,0xaa,0xaa,0xd3,0xf3,0x36,0x70,0x5b,0x30,0x00,0xd5,0x55,0x55,
0xb3,0x82,0x29,0x40,0xad,0x30,0x00,0x72,0x57,0x05,0x70,0x1e,0xba,0xeb,0xaa,0x80,
0x0b,0x40,0x0b,0x00,0x20,0x36,0xaa,0x51,0x39,0x01,0x6d,0x05,0x10,0xaa,0x8e,0x2f,
0x01,0x5e,0x1e,0xf0,0x19,0xeb,0xc0,0x11,0xc1,0x00,0xb0,0xb1,0xda,0xea,0xb0,0xb0,
0xb1,0xa0,0xb0,0xb0,0xd9,0xc1,0xa0,0xb0,0xb0,0xb0,0xb9,0xcb,0xfb,0xc6,0xb0,0xb0,
0x03,0xd3,0x00,0xea,0xd0,0x0b,0x2c,0x10,0xa0,0x01,0xb5,0x03,0xd3,0xb0,0x08,0x10,
0x34,0x5f,0x28,0x10,0xc0,0xef,0x10,0x20,0x6c,0x00,0x60,0x19,0x10,0xc0,0x05,0x11,
0xf0,0x07,0xac,0x00,0x14,0x44,0x44,0x44,0x44,0x01,0x56,0x75,0xd5,0x55,0x51,0x00,
0x65,0x0d,0xaa,0xa3,0x00,0x0c,0x70,0xc0,0x43,0x2c,0x10,0x7c,0xfc,0x1e,0x42,0x07,
0xcc,0xcc,0xd4,0x80,0x11,0x00,0x47,0x29,0x30,0xc5,0x00,0x0d,0x21,0x19,0x08,0x0b,
0x00,0xf4,0x0c,0xda,0xba,0xba,0xc5,0x00,0x02,0x0d,0x0a,0x30,0x40,0x01,0xc0,0xd0,
0xa3,0x68,0x00,0x0a,0x4d,0x0a,0x3d,0x10,0x00,0x33,0xd0,0xa4,0x40,0x01,0xa6,0x00,
0x04,0xbc,0x1b,0xf0,0x03,0x1a,0xad,0xca,0xea,0xa7,0x00,0x28,0x29,0x1a,0x29,0x00,
0x00,0xa3,0x91,0xa8,0x30,0x06,0xaa,0x11,0x24,0x00,0x27,0x00,0xf1,0x05,0x70,0x00,
0x3a,0x11,0x11,0x2b,0x00,0x03,0xd8,0x88,0x88,0xb0,0x00,0x3d,0x99,0x99,0x9b,0x00,
0x03,0xa1,0x46,0x1f,0x40,0xb9,0x99,0x99,0xd2,0x04,0x44,0xc1,0x9d,0x20,0x00,0xb5,
0x44,0x44,0xb2,0x00,0x03,0x55,0xc5,0x55,0x6b,0x3a,0xf0,0x34,0xaa,0x50,0x08,0x99,
0x99,0x9c,0x00,0x00,0xa9,0x88,0x88,0xd1,0x00,0x00,0x71,0xa4,0x65,0x00,0x02,0xb8,
0x09,0x32,0xca,0x00,0xa4,0x0b,0xd1,0x00,0x63,0x00,0x63,0x00,0x24,0x75,0x00,0x9e,
0xa9,0x5c,0x52,0x00,0x07,0x9c,0x52,0xc8,0x88,0x30,0x23,0xc6,0x3a,0x0b,0x00,0x0b,
0xae,0x68,0x60,0xb0,0x00,0x01,0x81,0x71,0x18,0x00,0x00,0xd7,0x77,0x77,0xd0,0x0a,
0x44,0x11,0x9d,0x29,0x2a,0x13,0xc0,0x0b,0x00,0x22,0x0c,0x0c,0x4c,0x31,0x90,0xdb,
0xbe,0xbe,0xbb,0xdc,0x00,0xc0,0xc0,0x0d,0x5d,0x42,0x50,0xdd,0xbb,0xeb,0xeb,0xbd,
0x09,0x00,0x01,0x12,0x00,0x01,0x1b,0x00,0x00,0x53,0x0f,0x10,0x1a,0x54,0x1a,0x11,
0x10,0x8a,0x1b,0xf1,0x09,0x01,0xca,0xae,0xaa,0xc1,0x00,0x2c,0x44,0xd4,0x4c,0x10,
0x02,0xc5,0x5d,0x55,0xc1,0x00,0x2e,0xaa,0xea,0xae,0x10,0x00,0x47,0xfe,0x02,0x20,
0x6d,0xa0,0x92,0x2c,0x92,0xa7,0xba,0x74,0x00,0xa8,0x30,0x00,0x25,0x80,0x33,0x14,
0xf0,0x0e,0x79,0xe9,0x59,0xe9,0x90,0x0a,0xae,0xa7,0xae,0xaa,0x20,0x03,0xe5,0x02,
0xba,0x00,0x06,0xb1,0x86,0xa1,0x3c,0x20,0x4b,0xaa,0xaa,0xad,0x10,0x00,0xc4,0x61,
0x12,0x49,0x0c,0x55,0x55,0x5d,0x19,0x2a,0x34,0x9b,0x99,0x99,0x82,0x12,0x60,0x95,
0x22,0x22,0xd0,0x00,0x05,0xdd,0x24,0xf4,0x11,0x19,0xb9,0xba,0x99,0x99,0x50,0x1d,
0x9c,0x8b,0x99,0x90,0x01,0xa0,0x84,0x83,0x58,0x00,0x1d,0x8c,0x41,0xcd,0x10,0x07,
0xd9,0xca,0x2b,0xc3,0x00,0x42,0x07,0x8b,0x31,0x7d,0x01,0x06,0x68,0x22,0x30,0x1b,
0xbb,0xeb,0x40,0x31,0x10,0x85,0x10,0x00,0x10,0x1e,0xac,0x3e,0x20,0x0a,0xd0,0x68,
0x1c,0x61,0x8e,0xaa,0xaa,0xe0,0x04,0x90,0x79,0x27,0x10,0x0e,0x30,0x25,0x04,0x84,
0x27,0x20,0x8b,0xb0,0x54,0x04,0xf1,0x05,0xab,0xad,0x2c,0xda,0xe9,0xa1,0x0b,0x04,
0x71,0xb0,0xa3,0x2b,0x04,0xb8,0xd0,0xa7,0x7c,0x04,0xc8,0xd0,0x0f,0x00,0xf6,0x07,
0xac,0xcd,0x4c,0xda,0xea,0xb0,0x0b,0x00,0x70,0x80,0xc0,0x0b,0x06,0x80,0xa5,0xb0,
0x0b,0x1c,0x00,0x18,0x66,0xca,0x57,0x15,0x03,0x92,0x03,0x01,0x02,0x26,0x08,0x35,
0x3a,0x20,0x0b,0xeb,0xa8,0x16,0xf7,0x05,0x6d,0x5a,0x00,0x00,0x08,0x90,0xd0,0x6c,
0x10,0x1c,0x90,0x0d,0x00,0x5e,0x30,0x50,0x00,0xd0,0x00,0x10,0x83,0x15,0x30,0x2c,
0xcc,0xcf,0x45,0x31,0x20,0x07,0xf7,0x43,0x04,0x20,0xac,0xa3,0xee,0x0b,0xf7,0x00,
0xc1,0xc2,0x00,0x00,0xb6,0x0c,0x03,0xd4,0x01,0xc7,0x8b,0xfb,0x72,0xd2,0x03,0x63,
0x1e,0xf0,0x02,0x65,0x08,0xcb,0xe0,0x00,0x06,0x50,0x84,0x0d,0x00,0x1b,0xdd,0xa8,
0x40,0xd0,0x00,0x0b,0x0b,0x00,0xf3,0x12,0x01,0xfb,0x08,0x40,0xd0,0x00,0x7a,0x9b,
0x93,0x0d,0x00,0x0c,0x65,0x3a,0x20,0xd0,0x01,0x56,0x50,0xd0,0x0d,0x09,0x00,0x65,
0x4a,0x00,0xd1,0xb0,0x06,0x5c,0x20,0x0b,0xd7,0x51,0x35,0xd0,0x65,0x02,0x22,0x22,
0x00,0x06,0x50,0x89,0xe9,0x91,0x1b,0xdd,0xa0,0xa7,0x10,0x00,0xe3,0x12,0x80,0x01,
0xec,0x4b,0xbf,0xbb,0x60,0x8a,0x8c,0x15,0x0f,0x70,0x65,0x20,0x0c,0x00,0x01,0x46,
0x50,0xec,0x01,0x10,0x65,0x19,0x01,0x11,0x06,0x0b,0x00,0x22,0x02,0x60,0xbd,0x2b,
0xb0,0xf1,0x00,0x00,0xaa,0xa0,0x99,0x00,0x00,0xc6,0x0a,0xec,0xf6,0x05,0xf1,0x13,
0x8e,0xb3,0x00,0x00,0x49,0xc6,0x23,0x8a,0x81,0x39,0xc8,0x8e,0x88,0x83,0x00,0x01,
0x41,0xd1,0x51,0x00,0x00,0x89,0x0d,0x0a,0xa0,0x00,0xab,0x00,0xd0,0x08,0xb0,0x05,
0x04,0xcc,0xfe,0x1b,0x06,0x2a,0x25,0x43,0x73,0x1c,0x15,0x50,0x2a,0x25,0x10,0x09,
0x2a,0x25,0xf0,0x07,0xaa,0xac,0xfc,0xaa,0xa1,0x00,0x01,0xbd,0xb2,0x00,0x00,0x02,
0xc3,0xc2,0xc6,0x00,0x18,0xb2,0x0c,0x01,0x9d,0x20,0x73,0x00,0xe0,0x20,0x00,0x93,
0x00,0x24,0x77,0x00,0x09,0x30,0xe8,0x64,0x10,0x1a,0xdb,0x27,0x26,0xf4,0x17,0x0d,
0x30,0xeb,0xbb,0x90,0x03,0xfa,0x0b,0xb0,0x1a,0x00,0x9a,0x89,0xb6,0x67,0x50,0x2b,
0x93,0x49,0x0c,0xd0,0x01,0x39,0x36,0x60,0xac,0x00,0x00,0x93,0xb2,0x98,0x7b,0x10,
0x09,0x49,0x87,0x00,0x65,0x80,0x07,0xf2,0x25,0x5d,0xcb,0xe0,0x00,0x29,0x61,0x74,
0x0c,0x00,0x1a,0xeb,0x67,0x63,0x90,0x00,0x0e,0x50,0x89,0x8c,0x80,0x03,0xed,0x29,
0xc1,0x2a,0x00,0x99,0x57,0xb7,0x66,0x60,0x2b,0x74,0x0b,0x0d,0xd0,0x01,0x37,0x44,
0x80,0x9c,0x00,0x00,0x74,0xb2,0x6a,0x7b,0x10,0x07,0x68,0x68,0x00,0xa8,0x23,0x00,
0xe6,0x1e,0xf0,0x0a,0xea,0xb8,0x01,0xad,0xbd,0x3b,0x03,0x80,0x00,0xa1,0x92,0xb0,
0x38,0x00,0x5a,0x0b,0x1b,0x14,0x80,0x4a,0x0a,0x95,0x99,0x95,0x06,0x6d,0x05,0xf0,
0x0b,0xb1,0x00,0x04,0xcd,0xb1,0x00,0x00,0x05,0xd2,0xb3,0xd5,0x00,0x3c,0xb1,0x0b,
0x01,0xbc,0x12,0x60,0x00,0xb0,0x00,0x30,0x00,0xb0,0x12,0x05,0x2f,0x60,0x08,0x99,
0xd9,0x92,0x5a,0xea,0x0f,0x1b,0xf0,0x0c,0x3c,0x09,0xbb,0xea,0xd0,0x08,0xe2,0x93,
0x39,0x0c,0x00,0x9c,0xca,0x37,0xd2,0xc0,0x75,0xb3,0x94,0xd2,0xbc,0x07,0x0b,0x09,
0xb4,0x03,0xc0,0x00,0x10,0x10,0x0c,0x0b,0x10,0x10,0x0c,0x97,0x46,0x03,0x17,0x0a,
0xf0,0x0d,0xa4,0x00,0x02,0xbc,0x87,0x00,0x00,0x18,0xb1,0xa0,0x5b,0x61,0x1c,0x7a,
0xae,0xaa,0x66,0x60,0x02,0xa2,0x22,0x49,0x00,0x00,0x2c,0x77,0x78,0x90,0xe8,0x27,
0x14,0xb9,0xd4,0x1c,0x10,0xbb,0xaf,0x22,0x70,0xb0,0x4b,0xbb,0xba,0x00,0x1c,0x10,
0xe8,0x2d,0x20,0xfd,0x10,0x7c,0x33,0x60,0x0a,0xbb,0xcb,0xb4,0x09,0xf8,0x88,0x11,
0xf0,0x0a,0xab,0x81,0x91,0xa5,0x40,0x75,0xb0,0x48,0x1a,0x1c,0x07,0x0b,0x0b,0x21,
0xa0,0x93,0x00,0xb1,0x70,0x1a,0x03,0x40,0x0b,0x00,0x8d,0xaa,0x0b,0xf1,0x01,0x17,
0x00,0x81,0x00,0x0b,0x00,0xb2,0x2b,0x00,0x5b,0xea,0x8c,0xcd,0xda,0x00,0x4c,0x48,
0x19,0x10,0xf5,0x58,0x00,0x70,0xab,0xb3,0xdd,0xdd,0x30,0x84,0xb0,0x1a,0x07,0x02,
0x24,0x19,0x63,0xb4,0xcc,0xcc,0xcc,0x20,0x0b,0xdc,0x23,0x10,0x91,0x32,0x66,0xf0,
0x14,0x47,0xb4,0x40,0x6b,0xeb,0x67,0x67,0x76,0x00,0x5b,0x00,0xa2,0x1b,0x10,0x09,
0xe1,0x69,0x00,0x7b,0x01,0x9c,0xb6,0x65,0x47,0x20,0x94,0xb3,0x00,0xbb,0x10,0x05,
0x0b,0x00,0x09,0xd0,0xf8,0x41,0x88,0x94,0xc5,0x00,0x0b,0x0b,0x60,0x02,0xa1,0x6e,
0x07,0xf0,0x03,0x07,0x40,0x36,0x06,0x60,0x00,0x74,0x01,0xb1,0xc2,0x01,0xcd,0xd9,
0x99,0xe9,0x94,0x00,0xc5,0x18,0x02,0xf1,0x03,0x1f,0xd1,0xbb,0xeb,0xb1,0x09,0x96,
0x80,0x0c,0x00,0x02,0xb7,0x44,0xaa,0xea,0xa7,0x02,0x74,0xad,0x1c,0x10,0x40,0x75,
0x02,0x00,0x0b,0x00,0x00,0x0c,0x23,0x10,0x73,0x68,0x30,0xf0,0x14,0xc7,0x8d,0x00,
0x6b,0xeb,0x9b,0x59,0x40,0x00,0x4c,0x09,0x0b,0xa0,0x00,0x09,0xf7,0x04,0xbb,0x60,
0x01,0x9b,0x79,0xc2,0x1a,0xc0,0x83,0xb1,0x8c,0x99,0xe1,0x03,0x0b,0x03,0x80,0x0c,
0x0a,0x0e,0x33,0xaa,0xe0,0x00,0x0b,0x00,0x50,0x9b,0xaa,0xaa,0x20,0x0b,0xf1,0x07,
0x70,0x5c,0xfc,0xa6,0xaa,0xa8,0x00,0x3c,0x16,0x0d,0xf0,0x00,0x07,0xe7,0x94,0xae,
0xa6,0x00,0x9b,0xaa,0x20,0xb0,0x00,0x65,0xb0,0x92,0x0b,0x6f,0x23,0xa1,0x7a,0xaa,
0xa0,0x00,0xb0,0x9a,0x99,0x99,0x30,0x0b,0x5a,0x2b,0x31,0xc0,0x00,0xd6,0x03,0x11,
0x40,0xb2,0x00,0x5b,0xfb,0x03,0x11,0xf0,0x0c,0x4d,0x4b,0xbb,0xba,0xd2,0x08,0xea,
0x00,0x30,0x01,0x00,0xac,0x86,0x0c,0x06,0x40,0x75,0xc0,0x75,0x74,0xb1,0x05,0x0c,
0x01,0xb2,0x4b,0x00,0x5d,0x25,0x40,0x60,0x00,0x0c,0x2a,0x5b,0x04,0x02,0xce,0x0c,
0x60,0x3a,0xea,0xae,0xa5,0x26,0xd6,0xce,0x0c,0x10,0x3c,0xce,0x0c,0xf4,0x12,0x08,
0xf6,0xa6,0x66,0x6c,0x00,0xab,0xa9,0x9a,0xa9,0xa0,0x66,0xb0,0x11,0x77,0x11,0x05,
0x0b,0x39,0x9d,0xf9,0x95,0x00,0xb0,0x05,0xa5,0xc3,0x00,0x0b,0x3c,0x80,0x02,0xa6,
0x30,0x06,0xf4,0x26,0x09,0x10,0xb0,0x00,0x0b,0x08,0xda,0x9e,0x92,0x4b,0xeb,0x4b,
0x43,0xc3,0x20,0x4c,0x17,0x7a,0xb7,0x74,0x08,0xf5,0x89,0xbc,0x9c,0x01,0xab,0xaa,
0x58,0xa5,0xc0,0x84,0xb0,0x94,0x8a,0x4c,0x02,0x0b,0x08,0xab,0xca,0xd0,0x00,0xb0,
0x1c,0x30,0xb8,0x00,0x0b,0x1c,0x40,0x00,0x76,0x3d,0x00,0xf0,0x1a,0x8a,0x98,0x70,
0x00,0x0b,0x08,0x54,0xa8,0x60,0x5b,0xeb,0x5c,0x02,0xb8,0x00,0x3c,0x09,0x69,0x98,
0x91,0x08,0xe8,0x59,0x99,0x92,0x00,0x9b,0xa6,0x60,0x0b,0x00,0x75,0xb0,0x5c,0x99,
0xe0,0x03,0x0b,0x00,0x80,0x44,0x99,0x06,0x60,0x39,0x10,0x00,0x0b,0x3a,0xaa,0x16,
0x29,0x10,0x17,0xdc,0x4d,0x00,0x9c,0x0f,0xf7,0x1d,0x07,0xb0,0xcb,0xbb,0xbd,0x00,
0x05,0x4b,0x09,0x06,0x80,0x00,0x08,0x20,0xf1,0xd1,0x00,0x01,0x00,0x2f,0x22,0x00,
0x00,0xb2,0x08,0x7a,0x00,0x00,0x79,0x02,0xd0,0xa7,0x00,0x3d,0x13,0xd3,0x00,0xc9,
0x00,0x20,0xc3,0x00,0x00,0x81,0x10,0x20,0xf0,0x1e,0x89,0x99,0x5c,0x00,0x00,0xc3,
0x26,0x2e,0x99,0x91,0xba,0x2b,0x58,0x42,0xc1,0xb2,0xc8,0xc1,0xc2,0xb0,0xb0,0xb5,
0x40,0xf5,0x30,0xb2,0xda,0x01,0xf3,0x00,0xba,0x3a,0x25,0x8a,0x00,0xb5,0x02,0x1c,
0x1b,0x40,0xbb,0xbb,0xc8,0x01,0xd2,0x19,0x0a,0x11,0x32,0x58,0x0a,0x03,0x30,0x4e,
0x30,0x31,0x0a,0x30,0xc0,0x2a,0x52,0xac,0xcc,0x60,0x00,0x85,0x0b,0x00,0x00,0x16,
0x00,0x06,0x0b,0x00,0xb3,0x2c,0xed,0xce,0xcc,0xcc,0x20,0x08,0xcc,0xce,0xcc,0xc8,
0x46,0x28,0x30,0x43,0x0b,0x10,0x1c,0x00,0x52,0xbc,0xcc,0x20,0x00,0x85,0x0b,0x00,
0x10,0xb1,0x32,0x00,0x00,0x6c,0x3f,0x50,0xce,0xdc,0xec,0xcc,0xc2,0x78,0x16,0x01,
0x7b,0x4c,0x00,0x5a,0x04,0xf0,0x02,0x00,0xc0,0x67,0x00,0xb1,0xdb,0x6d,0xb9,0x00,
0x0b,0x1c,0x00,0xd2,0x00,0x00,0xb1,0xc0,0xea,0x04,0x10,0x1c,0x7d,0x12,0xf0,0x05,
0xb1,0xc2,0x4c,0x00,0xb1,0x0b,0x9e,0x93,0xd3,0x3d,0x05,0x84,0x00,0x05,0x99,0x50,
0x00,0x10,0x0c,0x00,0x8d,0x14,0x50,0xdb,0xbb,0x00,0x00,0x83,0x4e,0x09,0x20,0xbd,
0xcb,0x4e,0x09,0xe0,0x13,0x1a,0x00,0x10,0x00,0x0b,0x41,0xa0,0x5a,0x00,0x0b,0x60,
0x18,0x3c,0x3c,0x05,0x10,0x6b,0xd4,0x36,0x10,0xc6,0x06,0x26,0x10,0x40,0x92,0x38,
0x61,0xcd,0xbb,0xfb,0xbb,0x20,0x06,0xe6,0x16,0x01,0x28,0x2b,0xf0,0x05,0x0e,0xbc,
0x7c,0x02,0xa0,0x06,0xa0,0x75,0xc6,0xc3,0x01,0xda,0x7c,0x1d,0x70,0x00,0x34,0x0a,
0xa0,0xc0,0xc1,0x26,0xf9,0x35,0x0c,0x00,0x66,0x03,0xc5,0x00,0xc2,0x2a,0x51,0xc3,
0x00,0x05,0xab,0x90,0x0b,0xeb,0x96,0x3b,0x00,0x00,0x0a,0x00,0xa8,0xd7,0x71,0x02,
0xda,0x3c,0x6d,0x66,0x10,0x64,0x66,0x60,0xb0,0x00,0x0b,0x49,0x5b,0xbe,0xbb,0x72,
0x9a,0xd0,0x03,0xf8,0x00,0x01,0x2a,0x00,0xac,0x93,0x00,0x09,0x30,0x95,0xb1,0xc3,
0x03,0xa0,0x97,0x0b,0x02,0x80,0xa1,0x01,0x00,0xb0,0x49,0x17,0x61,0x7b,0xb3,0xbb,
0xbb,0x00,0x0b,0x05,0x43,0x10,0xb5,0xa5,0x3e,0xf0,0x0b,0x0b,0x66,0x67,0x00,0xcb,
0x20,0xb0,0x04,0x55,0x55,0x10,0x0b,0xaa,0x3d,0x66,0xd2,0x00,0xb0,0x00,0x67,0x49,
0x00,0x5e,0xbb,0x30,0xbd,0x9d,0x0a,0x87,0x6b,0x8b,0x30,0x0b,0x00,0xa8,0x00,0x3a,
0x8d,0x34,0x36,0xa2,0x00,0xb1,0x05,0x00,0xa7,0x2c,0x40,0xac,0xcb,0xba,0xb3,0x00,
0xa2,0x00,0xb4,0x19,0x00,0xc2,0x80,0xa2,0x49,0xb1,0x00,0xd0,0xcc,0x71,0x8c,0xbc,
0xb0,0x20,0x37,0x06,0x03,0x7d,0x06,0xf0,0x02,0x03,0x30,0x0b,0xbb,0x5d,0x43,0xd2,
0x00,0x00,0x65,0xdb,0xc2,0x00,0x00,0x0b,0x1d,0xb3,0xd9,0x1b,0xf0,0x08,0xd3,0xc0,
0x00,0x00,0xb3,0x0d,0x08,0x90,0x00,0x89,0x00,0xd0,0x0a,0xc1,0x3b,0x00,0x0d,0x00,
0x08,0x10,0x00,0x7d,0xc0,0x42,0x1b,0x00,0x74,0x4b,0x11,0x5c,0x69,0x08,0xd1,0x20,
0xc0,0xc6,0xa9,0x02,0xc1,0x3e,0xcf,0x51,0xc0,0x04,0x78,0xd0,0x3f,0x35,0x00,0xaf,
0x01,0x60,0xb1,0xc0,0xc4,0xa6,0x00,0x3a,0x74,0x4b,0x92,0x0c,0x30,0xc3,0x11,0x29,
0x51,0x70,0x04,0xaa,0x74,0x4b,0x00,0x73,0x2c,0xf0,0x0d,0xeb,0xbc,0x00,0x00,0x91,
0x0b,0x00,0xc0,0x00,0x40,0x06,0x80,0x0d,0x21,0x0a,0x93,0xa0,0x00,0x79,0x40,0x06,
0x1a,0xaa,0xaa,0x30,0x00,0x21,0x2b,0x21,0x26,0x30,0x30,0x69,0x87,0x27,0x36,0xf0,
0x06,0xde,0x20,0x00,0xc3,0x28,0xc5,0x3c,0xa3,0x02,0x05,0x50,0x00,0x03,0x10,0x04,
0x30,0x00,0xa2,0x00,0x02,0xd2,0xd3,0x17,0xf0,0x06,0x22,0xdb,0xeb,0xb9,0x0c,0x41,
0xa0,0xa1,0x2a,0x01,0x91,0xa0,0xa1,0x2a,0x00,0x01,0xea,0xdb,0xba,0x00,0x95,0x0f,
0x00,0xd3,0xc1,0xa0,0xa1,0x2a,0x0a,0x51,0xeb,0xdb,0xba,0x07,0x01,0xa0,0x00,0x4f,
0x1e,0x20,0x97,0x02,0x6f,0x00,0x20,0xa1,0x2b,0x79,0x06,0xc0,0x04,0x90,0x0c,0x00,
0x0c,0x52,0xc3,0x00,0xea,0x40,0x18,0x43,0xe0,0x33,0x60,0x10,0xbb,0xbb,0xb9,0x00,
0x0c,0x46,0x47,0xd0,0x07,0x70,0xc0,0x00,0x2a,0x02,0xd0,0x0c,0xbb,0xbb,0xa0,0x03,
0x00,0x3d,0x46,0x11,0x06,0x56,0x37,0x11,0x5c,0x20,0x01,0x61,0x33,0xbb,0xfb,0xb7,
0x00,0xb3,0x0d,0x2e,0x80,0x69,0xaa,0xea,0xaa,0x20,0x02,0x00,0x85,0x20,0x0c,0xf1,
0x06,0x0c,0x05,0x80,0x00,0x95,0x09,0x40,0x0c,0x40,0x3c,0x05,0xfc,0xba,0x8d,0x00,
0x20,0x01,0x00,0x00,0x20,0x06,0x3a,0x4f,0xf1,0x20,0x3c,0x0b,0xbb,0xeb,0xb4,0x01,
0x00,0xc0,0x2a,0x09,0x31,0xd2,0x0c,0x02,0xa0,0x70,0x03,0x80,0xec,0xbc,0xbb,0x00,
0x01,0x0b,0x58,0x05,0x90,0x00,0xb3,0xa0,0xb4,0xc1,0x00,0x4a,0x57,0x02,0xf7,0x00,
0x1d,0x2c,0x25,0xc5,0xba,0x20,0x50,0x66,0x81,0xed,0x4f,0x00,0xa5,0x27,0x00,0x91,
0x15,0xc1,0x05,0xc0,0x00,0xa4,0x00,0x00,0x03,0x7b,0xbb,0xbb,0xa0,0x2c,0xbb,0x15,
0x11,0x49,0x2c,0x05,0x10,0x23,0x29,0x39,0x21,0x0b,0x20,0xab,0x3b,0x00,0x16,0x00,
0x10,0xd3,0x16,0x00,0xf0,0x10,0x17,0x09,0xaa,0xaa,0xaa,0x20,0x03,0x00,0x0a,0x11,
0x00,0x00,0x99,0x04,0xda,0xac,0x00,0x00,0x51,0xcb,0x09,0x40,0x03,0x90,0x94,0x3d,
0x80,0x00,0x07,0x70,0x09,0xf9,0x48,0xf1,0x08,0x8d,0x61,0x2a,0xd0,0x01,0x94,0xb9,
0x99,0xe1,0x00,0xa5,0x0b,0x10,0x0c,0x00,0x5b,0x00,0xbb,0xaa,0xe0,0x01,0x10,0x0b,
0x1c,0x03,0x01,0x80,0x23,0xf0,0x2b,0xc0,0x51,0x74,0x04,0xb0,0xc0,0xa2,0x74,0x02,
0x01,0xc1,0xa4,0x74,0x1d,0x4a,0xc8,0xaa,0x84,0x01,0x5b,0xc8,0xa7,0xb4,0x00,0x46,
0xc4,0xb4,0xa4,0x02,0xa0,0xc0,0xa2,0x74,0x0b,0x32,0xa0,0xa2,0x74,0x5a,0x0b,0x40,
0xa2,0x74,0x01,0x05,0x00,0x00,0x74,0x07,0x00,0x02,0x58,0xb2,0x00,0x5c,0x5b,0x9e,
0x40,0x41,0x02,0x00,0xde,0x30,0x61,0x9b,0xbe,0xbb,0xb1,0x03,0x70,0x4c,0x08,0x50,
0x0a,0xbe,0xbb,0x30,0x03,0xb7,0x42,0x10,0x00,0x18,0x22,0x80,0x50,0x5b,0x00,0xea,
0xaa,0xd5,0x01,0x20,0x0b,0x00,0x02,0x6f,0x00,0x10,0x72,0x45,0x3d,0x20,0x03,0xd6,
0xbe,0x41,0xf2,0x1d,0x01,0x00,0xa2,0x51,0x00,0x1d,0x10,0x58,0x03,0xb0,0x00,0x5a,
0x2f,0xcc,0xbc,0x80,0x00,0x20,0x50,0xb1,0x43,0x00,0x1c,0x0b,0x0c,0x39,0x00,0x08,
0x60,0xc0,0xc3,0x93,0x12,0xd0,0x88,0x0c,0x39,0x84,0x35,0x07,0x00,0x01,0xed,0x10,
0xd5,0x1f,0xf2,0x22,0x4b,0xaa,0xd0,0x0c,0x00,0x6a,0x14,0xa5,0x5c,0x26,0x0a,0x38,
0xa5,0x6c,0x0a,0x5a,0x38,0xa5,0x6c,0x00,0x0a,0x37,0xa5,0x6c,0x00,0x8a,0x47,0xa5,
0x6c,0x03,0x95,0x65,0x55,0x6c,0x08,0x40,0xa7,0x30,0x0c,0x0d,0x04,0xa2,0xc0,0x0c,
0x28,0x1b,0x00,0x64,0xcc,0x4e,0x0e,0xf0,0x14,0x10,0x30,0xa1,0x06,0x04,0xc2,0xc2,
0xa1,0x68,0x00,0x31,0x46,0xa1,0xa0,0x0c,0x20,0xba,0xca,0xab,0x03,0xc0,0xc4,0x44,
0x4c,0x00,0x11,0xc5,0x55,0x5c,0x00,0xa4,0xda,0xaa,0xac,0x03,0xe0,0x48,0x93,0x0d,
0x30,0xc0,0x00,0x0c,0x27,0x00,0xc0,0x0a,0x0f,0x1c,0xa0,0x87,0x0e,0xaa,0xab,0xb0,
0x00,0xc2,0xc0,0x00,0x2b,0x4e,0x0a,0x40,0x9a,0xb0,0x0b,0x50,0x0b,0x00,0x20,0x1c,
0x0a,0xe7,0x0b,0xf2,0x0c,0x02,0x90,0x0b,0x04,0x10,0x0a,0x4d,0xa7,0xdb,0x60,0x02,
0xb2,0x90,0x0c,0x00,0x70,0xc4,0x2b,0x67,0xc0,0x2b,0x08,0x03,0xa4,0x07,0xba,0x40,
0x07,0x0e,0x60,0xd2,0x6a,0xdc,0xaa,0x20,0x02,0x9b,0x1a,0x02,0xe6,0x26,0xf4,0x16,
0x38,0x4a,0xdc,0xae,0xaa,0x00,0x85,0x1c,0x00,0x78,0x00,0x00,0x3c,0x2b,0x00,0x6c,
0x10,0x26,0x42,0xc4,0x28,0x20,0x08,0x4a,0x2c,0x48,0x87,0x01,0xd3,0xa0,0xc0,0xd0,
0xd0,0x46,0x01,0xbd,0x02,0x70,0x47,0x01,0x32,0x00,0x20,0x7b,0x59,0x91,0x4d,0xf0,
0x0d,0x12,0x99,0xe9,0x95,0x01,0xc1,0x66,0x6d,0x66,0x61,0x03,0x93,0x45,0x55,0x54,
0x10,0x00,0x0d,0x99,0x9c,0x30,0x00,0xb0,0xd8,0x88,0xc3,0x00,0x68,0x0b,0x00,0xb2,
0x1d,0x10,0xc0,0x00,0x83,0x03,0x60,0x0c,0x02,0xbc,0x10,0xcf,0x03,0xa0,0x90,0x0b,
0x00,0x58,0xc1,0x06,0x7a,0xea,0x7c,0x30,0x00,0x2d,0xf8,0x19,0xb0,0x00,0x49,0x09,
0x48,0x0d,0x88,0x50,0x53,0xeb,0xd6,0xb0,0xb0,0x00,0x10,0x29,0x0b,0x0b,0x00,0x48,
0x26,0xd7,0xb0,0xb0,0x0a,0x6b,0x89,0x2a,0x0b,0x01,0xd0,0x02,0x96,0x60,0xb0,0x36,
0x00,0x29,0x91,0x0a,0xcd,0x07,0x20,0x68,0x0c,0x86,0x39,0x20,0xb3,0xc0,0x54,0x1a,
0x00,0x0b,0x00,0xd0,0x0c,0x40,0xc3,0x33,0x94,0x00,0x1a,0x05,0x66,0x66,0x20,0x00,
0x02,0xdb,0x1b,0xf0,0x02,0x0b,0x48,0x74,0xb0,0xb0,0x03,0xa3,0x87,0x4b,0x0b,0x00,
0xc3,0x48,0x75,0xb1,0xb1,0x17,0xaa,0x36,0xf0,0x0b,0x50,0x04,0x00,0x90,0x09,0x00,
0x00,0x7a,0x07,0x50,0xc3,0x31,0x00,0x4b,0xeb,0xba,0x77,0x21,0xb1,0x19,0x09,0x89,
0x80,0x03,0x51,0xdd,0x36,0x42,0xf5,0x0a,0x28,0x73,0x0b,0x10,0x00,0xa4,0x68,0x7b,
0xeb,0x50,0x57,0x83,0x92,0x0b,0x00,0x0c,0x2c,0x0a,0x10,0xb0,0x01,0xa4,0x7a,0xb0,
0xad,0x77,0x00,0x00,0xbd,0x43,0x10,0x70,0x5c,0x0f,0xf0,0x04,0x09,0x89,0xae,0xae,
0xaa,0x20,0x01,0x37,0xb0,0xb8,0x30,0x4a,0x1b,0x1a,0x0a,0x0c,0x00,0x64,0x8a,0xf0,
0x4c,0xf0,0x02,0x01,0x44,0x44,0x77,0x00,0x48,0x69,0x55,0x55,0x20,0x0a,0x36,0xaa,
0xaa,0xac,0x02,0xc0,0xe8,0x2a,0x54,0x54,0x00,0x00,0xcb,0xd5,0xd8,0x2d,0x61,0xca,
0xab,0xda,0xa2,0x04,0x9c,0xf5,0x38,0xf1,0x1e,0xc2,0xab,0xb9,0x80,0x4b,0x0c,0x3a,
0x22,0x2b,0x00,0x63,0xb3,0xb6,0x66,0xb0,0x00,0x1c,0x3d,0xaa,0xab,0x00,0x56,0xc0,
0x20,0xc2,0x10,0x0a,0x4a,0x3b,0x0c,0x49,0x01,0xc7,0x6c,0x30,0xc0,0xa3,0x45,0x81,
0x54,0xca,0x01,0x00,0x08,0x50,0x9d,0x0c,0xf3,0x20,0x1a,0x88,0x0c,0x00,0x02,0x00,
0xa1,0xb0,0xc0,0x01,0xc4,0xba,0xaa,0xaa,0xd2,0x01,0x3c,0x69,0x99,0x99,0x20,0x02,
0x0a,0x44,0x4c,0x00,0x00,0xd0,0xa6,0x66,0xd0,0x00,0x67,0x0a,0x99,0x9e,0x00,0x1d,
0x10,0xa0,0x00,0xb0,0x02,0x60,0x0a,0x03,0xbc,0x25,0x22,0x10,0x80,0xea,0x3e,0xf1,
0x56,0x05,0xa8,0xab,0xbb,0xaa,0x00,0x01,0x07,0x70,0x79,0x00,0x3b,0x0a,0x88,0x64,
0x6c,0x00,0x55,0x14,0xb0,0xb4,0x10,0x00,0x00,0xcd,0xc8,0xa0,0x00,0x1b,0x03,0xb4,
0x75,0x80,0x08,0x7a,0xd6,0x0a,0xa0,0x01,0xd1,0x36,0x98,0x4c,0x70,0x14,0x00,0x58,
0x20,0x07,0x10,0x0a,0x10,0xb0,0xb0,0xa0,0x00,0x5a,0xae,0xae,0xae,0xa4,0x01,0x00,
0xb0,0xb0,0xa0,0x03,0xc2,0x9a,0xae,0xaa,0xa3,0x03,0x2b,0x00,0xb0,0x06,0x50,0x02,
0x3a,0xae,0xaa,0x60,0x04,0x81,0x90,0xb0,0x38,0x00,0xa3,0x19,0x0b,0x03,0x80,0x1d,
0x01,0x90,0xb4,0xc5,0x01,0x40,0xa2,0x2a,0xf0,0x09,0x00,0x1b,0x07,0x40,0x00,0x6a,
0x8a,0xea,0xcb,0xa1,0x00,0x10,0x19,0x06,0x40,0x04,0xa0,0x8a,0xea,0xea,0xa0,0x07,
0x50,0x1b,0x0c,0x14,0xf3,0x0b,0xba,0xea,0xea,0xd0,0x01,0x9b,0x2e,0x1e,0x2b,0x00,
0x76,0xb7,0x7b,0x9a,0xb0,0x0d,0x0b,0xa0,0xa2,0x3b,0x03,0x70,0xb0,0x01,0x5c,0xb0,
0xa3,0x09,0xf0,0x13,0x00,0x00,0xb3,0x31,0x00,0x6a,0x00,0x0b,0x55,0x20,0x00,0x19,
0xaa,0xea,0xab,0x44,0xa0,0xb3,0x6c,0x75,0x81,0x06,0x5b,0x23,0xc2,0x26,0x00,0x00,
0xb0,0x05,0x99,0x40,0x03,0x7b,0x84,0x4e,0xf3,0x00,0x84,0xc7,0x4b,0x64,0x80,0x0d,
0x39,0xc1,0xb0,0x6a,0x23,0x77,0x37,0x0d,0xa9,0x5c,0x06,0xf7,0x28,0x80,0x0a,0x10,
0x65,0x00,0x06,0xab,0xaa,0x78,0x53,0x10,0x01,0xc7,0x98,0xb6,0xd2,0x3c,0x1c,0x89,
0xaf,0x1a,0x00,0x33,0x29,0x57,0xa5,0x80,0x00,0x59,0xd9,0x83,0xc5,0x00,0x48,0x2d,
0xa5,0x0e,0x10,0x09,0x35,0x53,0x81,0xf5,0x00,0xd0,0xb1,0x56,0x94,0xc1,0x48,0x56,
0x7c,0x89,0x04,0x60,0x42,0x0d,0x11,0x00,0x16,0x0d,0xf1,0x04,0x74,0x0e,0x00,0x78,
0x00,0x0c,0x11,0xf0,0x1d,0x10,0x04,0xb0,0x4e,0x59,0x50,0x00,0x33,0x09,0x5b,0x69,
0x11,0x80,0x87,0x00,0x00,0x01,0xb4,0x00,0xb8,0x00,0xdd,0x56,0x20,0x8d,0x10,0x85,
0x07,0x03,0x44,0x30,0xf1,0x08,0x0a,0x22,0xbb,0xec,0xb1,0x06,0xa2,0xa0,0x0a,0x30,
0x01,0xaa,0x78,0x00,0xa3,0x00,0x48,0xa8,0x10,0x0a,0x30,0x02,0x3b,0x69,0x08,0x10,
0xd4,0x74,0x08,0xe4,0x2b,0xc4,0x00,0xa3,0x00,0x09,0x51,0xd0,0x0a,0x30,0x03,0xb0,
0x00,0x4d,0xe3,0x1d,0x11,0x01,0xc1,0x21,0x70,0x05,0x66,0x66,0x6e,0x00,0x00,0x45,
0x65,0x20,0x20,0x09,0x99,0x72,0x0e,0xf0,0x0d,0x12,0x1c,0x11,0x50,0x00,0x06,0x60,
0xe0,0x1b,0x00,0x01,0xc0,0x3d,0x68,0x20,0x00,0x01,0x1c,0x1a,0x70,0x00,0x04,0x8c,
0x30,0x07,0xd8,0x10,0x74,0x2c,0x22,0x04,0xab,0x00,0x21,0xfb,0xbb,0xdf,0x3f,0x00,
0x99,0x22,0x21,0xfa,0xaa,0x8d,0x03,0x04,0xcc,0x35,0x10,0xbb,0x54,0x1c,0xf4,0x01,
0x09,0x07,0x09,0x0b,0x20,0x07,0x70,0xd0,0xb2,0x2d,0x10,0x90,0x08,0x13,0x20,0x51,
0xc9,0x4f,0xf4,0x25,0x68,0x00,0x00,0x00,0xc9,0x77,0xe7,0x75,0x00,0x6e,0x33,0x4b,
0x33,0x20,0x2b,0xda,0xaa,0xda,0xa2,0x00,0x0d,0x66,0x7c,0x66,0x10,0x00,0xc3,0x35,
0xb3,0x30,0x00,0x0b,0xaa,0xbc,0xaa,0xa0,0x00,0x60,0x60,0x70,0x72,0x00,0x86,0x0d,
0x08,0x41,0xc0,0x09,0x00,0x81,0x23,0x04,0x31,0x24,0xf4,0x27,0xb3,0x11,0xa7,0x20,
0x00,0x98,0x8a,0x1a,0x27,0x00,0x2d,0xa8,0xdb,0xea,0xa2,0x0c,0xb3,0xe0,0x4e,0x10,
0x00,0x23,0xd6,0x09,0x49,0x00,0x00,0x6a,0x05,0x90,0x78,0x00,0x98,0x05,0xa0,0x00,
0x83,0x00,0x70,0x60,0x70,0x64,0x00,0x5a,0x0b,0x08,0x61,0xd2,0x08,0x10,0x62,0x24,
0x03,0x20,0x02,0x1a,0x20,0x05,0x50,0x2d,0x36,0xf4,0x1e,0x88,0xa7,0x00,0x9c,0x76,
0xe9,0x9a,0x70,0x19,0xcc,0x0c,0x44,0x77,0x04,0x7c,0x20,0xd5,0x58,0x70,0x01,0xc0,
0x0b,0x99,0xa5,0x00,0x0e,0x20,0x03,0x60,0x10,0x03,0xcc,0x66,0x8b,0x3b,0x00,0x95,
0x5b,0x48,0x08,0x94,0x1c,0x00,0x81,0xdb,0xec,0x12,0x30,0x25,0x96,0x00,0x2a,0x42,
0xf4,0x20,0x0e,0xcb,0xd0,0x0b,0x38,0xb0,0xb6,0x4b,0x00,0xb3,0x8b,0x0b,0x64,0xb0,
0x0b,0x38,0xb0,0xea,0xa8,0x00,0xb3,0x8a,0x1b,0x00,0x11,0x0b,0x38,0x74,0xb0,0x07,
0x40,0xb3,0x82,0xa7,0xbb,0x90,0x0b,0x38,0x09,0x70,0x00,0x05,0x73,0x80,0x06,0xbc,
0xd4,0xb9,0x16,0x27,0x00,0xd0,0x05,0x00,0x00,0x6b,0x2f,0x12,0xba,0xbf,0x2d,0x30,
0xcb,0xbb,0xb9,0xf2,0x01,0x10,0x3a,0x8c,0x3a,0x83,0x3a,0x00,0x09,0x50,0x00,0x3a,
0x00,0x3b,0xb2,0x58,0x00,0x75,0x72,0xc0,0x05,0x8a,0xb8,0x00,0xb0,0xb0,0xc3,0x10,
0x00,0x0b,0x1b,0x1c,0x7f,0x00,0xf0,0x04,0xa7,0xcb,0xaa,0x70,0x0b,0x00,0x0c,0x82,
0x48,0x00,0xca,0xd0,0xc3,0x78,0x40,0x0b,0x0b,0x0c,0x0b,0xb4,0x36,0xe3,0xc0,0x8b,
0x00,0x2a,0x0b,0x48,0x4b,0x99,0x05,0x40,0xb7,0x4b,0x00,0x82,0xdb,0x01,0x00,0xb0,
0x1d,0xd0,0x1a,0xaa,0xab,0xea,0x60,0x00,0xc0,0x02,0xa0,0x00,0x02,0xa0,0x02,0x77,
0x3b,0xf0,0x0c,0xbf,0xeb,0xb5,0x00,0x00,0x89,0xb0,0x00,0x00,0x09,0x91,0xb0,0x00,
0x02,0xc7,0x01,0xb0,0x00,0x8d,0x30,0x01,0xb0,0x00,0x20,0x00,0xbd,0x80,0x2b,0x09,
0xf0,0x06,0x93,0x00,0x02,0xac,0x07,0xad,0xba,0x60,0x5c,0xeb,0x10,0x93,0x00,0x09,
0x2c,0x1b,0xbd,0xbb,0xb2,0x20,0xc3,0x24,0x14,0x90,0x5e,0x88,0xaa,0xbd,0xa0,0x79,
0xc0,0x17,0x02,0x87,0x3d,0x20,0xa3,0x29,0xb3,0x29,0x20,0x12,0x90,0x4a,0x10,0x10,
0xd6,0xbb,0x15,0xf0,0x08,0x1a,0x41,0x00,0x20,0xb0,0x01,0xa4,0xa0,0x0c,0x1b,0x00,
0x1a,0x04,0x00,0x66,0xba,0xbc,0xfb,0xb8,0x01,0x4b,0x00,0x4f,0x82,0x07,0xf7,0x0a,
0x07,0xa4,0x00,0x09,0xbb,0x00,0xc2,0xb0,0x00,0x60,0xb0,0x59,0x08,0x60,0x00,0x0b,
0x3d,0x10,0x0d,0x60,0x00,0xb8,0x20,0x00,0x16,0x14,0x21,0xf0,0x13,0x09,0xbb,0xbd,
0xbb,0xbb,0x30,0x33,0x06,0x63,0x33,0x50,0x01,0xc4,0xea,0xb4,0xa1,0x00,0x02,0x64,
0xb6,0x37,0x00,0x06,0xc5,0xea,0x9b,0x6d,0x10,0x20,0x00,0xb1,0x20,0x10,0x2b,0x78,
0x32,0x19,0x70,0x87,0x41,0xd0,0x13,0x33,0x33,0x06,0xbd,0xb5,0x88,0xe8,0x82,0x02,
0x90,0x00,0x1c,0x59,0x17,0xf1,0x0b,0x07,0xb0,0x00,0x4b,0xd8,0x01,0xdb,0xa0,0x00,
0x29,0x00,0xa5,0xb5,0xa0,0x02,0x91,0x79,0x1b,0x08,0x61,0x7e,0x95,0x01,0xb0,0x00,
0x65,0xe4,0x43,0x03,0xfc,0x37,0xc0,0x7c,0xbb,0xe1,0x6b,0xda,0x84,0x00,0xa1,0x02,
0x90,0x74,0x60,0x05,0x00,0xf3,0x11,0xb0,0xa1,0x4b,0xd9,0x74,0xc0,0xa1,0x02,0x90,
0x31,0xc0,0x50,0x02,0xa6,0x11,0xb6,0x00,0x4b,0xe7,0x08,0x78,0x06,0x43,0x00,0x59,
0x38,0x0b,0x00,0x08,0xb0,0x2d,0xca,0xb9,0x2b,0xf1,0x23,0x09,0x21,0x11,0x04,0xbe,
0xb1,0x97,0xae,0xa2,0x01,0xb0,0xa9,0x20,0xc0,0x00,0x3c,0x2a,0x92,0x0c,0x00,0x27,
0xd5,0x99,0x6b,0xeb,0x00,0x1b,0x15,0xa1,0x0c,0x00,0x01,0xb3,0x0c,0x00,0xc0,0x03,
0xac,0x73,0xa0,0x0c,0x00,0x22,0x02,0xc1,0x8b,0xeb,0x40,0x00,0x22,0x0d,0x11,0x00,
0xc8,0x29,0xf0,0x19,0x2a,0x15,0x60,0xb0,0xb0,0x01,0xa0,0x5c,0xae,0xac,0x01,0x6c,
0x45,0x60,0xb0,0xb0,0x18,0xd6,0x57,0x1b,0x1b,0x00,0x1a,0x03,0x99,0xe9,0x70,0x01,
0xc9,0x69,0x9e,0x99,0x05,0xb6,0x10,0x11,0xc1,0x10,0x00,0x02,0x2c,0x53,0x03,0xd9,
0x38,0xf0,0x1d,0x74,0x39,0x0b,0x03,0xbd,0xa7,0x43,0x90,0xb0,0x02,0x90,0x59,0x89,
0x89,0x00,0x6b,0x3a,0xaa,0xaa,0xa5,0x17,0xb3,0x11,0xa2,0x11,0x00,0x29,0x06,0xae,
0xaa,0xa2,0x02,0x90,0xa1,0xa4,0x68,0x30,0x6e,0xaa,0x1a,0x46,0x83,0x27,0x10,0x0b,
0x00,0x71,0x00,0x0a,0x1a,0x49,0xc1,0x00,0x11,0x89,0x03,0x20,0x40,0xd0,0x98,0x03,
0x50,0xbf,0xbb,0xb7,0x00,0x95,0x6a,0x02,0x11,0x08,0x9f,0x03,0x10,0x09,0xa9,0x0b,
0x07,0x6b,0x11,0x01,0xcc,0x12,0x11,0x20,0xb7,0x4d,0x40,0x0e,0xaa,0xea,0xaa,0x92,
0x53,0x02,0x00,0x56,0x45,0xea,0xae,0xaa,0xac,0x09,0x00,0xc0,0x1a,0x00,0xc0,0x00,
0xc5,0x80,0x0c,0x00,0x0c,0xb2,0x00,0x60,0xa6,0x19,0x21,0x09,0xc9,0x44,0x01,0x10,
0x8b,0x94,0x08,0x42,0xc0,0x01,0xb0,0x0c,0x05,0x00,0x47,0xcb,0xbb,0xeb,0xbe,0x0a,
0x00,0x50,0x80,0x01,0xb0,0x00,0x71,0x28,0x00,0x10,0xa1,0x80,0x31,0x41,0xb0,0x00,
0xea,0xae,0xd3,0x12,0x74,0xb0,0x0c,0x00,0x00,0xe9,0x9e,0x99,0x0b,0x00,0xf0,0x0d,
0x9b,0xd9,0xcd,0x90,0x00,0x03,0xc2,0x00,0xa7,0x00,0x1a,0xb6,0x70,0x28,0x7c,0x20,
0x40,0x66,0x02,0x90,0x10,0x00,0x0c,0x20,0x29,0x00,0x00,0x1c,0xef,0x2a,0x03,0xe5,
0x15,0xf0,0x1d,0x10,0x06,0x40,0x00,0xdc,0xaa,0x0d,0xaa,0xb0,0xa8,0x2a,0x8c,0x28,
0x30,0xa8,0x2b,0x80,0xb9,0x00,0xdc,0x9a,0x08,0x79,0x92,0xa8,0x2c,0xdc,0x99,0xa5,
0xa8,0x2a,0x48,0x11,0xb0,0xec,0xb9,0x47,0x00,0xb0,0xa0,0x00,0x4d,0xaa,0xc0,0xe9,
0x18,0x20,0xb0,0x00,0x98,0x15,0xe0,0x11,0x4c,0x11,0x10,0x0f,0xaa,0xaa,0xab,0xa0,
0xd0,0x00,0x00,0x3a,0x0d,0x3a,0x27,0x41,0xfc,0xcc,0xcc,0xca,0x09,0x00,0x00,0x12,
0x00,0x00,0xd5,0x3e,0x01,0x09,0x00,0xf0,0x0e,0x05,0x50,0x06,0x20,0x00,0x3a,0x52,
0x0c,0x00,0x00,0xe8,0x8c,0x2d,0xbb,0xe2,0xc0,0x0c,0xa3,0x00,0x92,0xc0,0x0c,0x76,
0x00,0xa1,0xea,0xac,0x05,0x80,0x2f,0x0d,0x21,0x90,0xb0,0x82,0x2f,0xc1,0xea,0xa9,
0x00,0x00,0xc0,0xa0,0x00,0x01,0xdd,0x70,0x00,0x0a,0x62,0x0a,0xf0,0x0b,0x94,0x07,
0x70,0x00,0x2a,0xab,0xaa,0xba,0xaa,0x20,0x00,0xb4,0x06,0xb1,0x00,0x04,0xc6,0x00,
0x05,0xd5,0x02,0xbc,0xab,0xab,0xab,0xa0,0x3d,0x4c,0x30,0xc0,0x00,0x0b,0x1e,0x62,
0x01,0x0b,0x00,0x10,0x02,0xa7,0x10,0xf0,0x10,0xb1,0x00,0x08,0x30,0xa0,0x00,0x00,
0x75,0x83,0x0e,0x66,0x60,0x07,0x58,0x35,0x94,0x44,0x00,0x75,0x83,0xb2,0xc4,0x00,
0x05,0x38,0x46,0x01,0xd2,0x00,0x00,0x31,0x08,0x03,0x40,0xda,0xea,0xea,0xe1,0x37,
0x00,0x20,0x0a,0x10,0x37,0x00,0x74,0xa1,0x02,0xbe,0xbe,0xbe,0xbe,0xc7,0x89,0x11,
0x83,0x01,0xc0,0x00,0x06,0xab,0xdb,0xcc,0xaa,0x41,0x24,0xb0,0xaa,0xae,0xaa,0xa5,
0x00,0x66,0x66,0xd7,0x66,0x63,0x04,0xc9,0x15,0xf0,0x08,0x20,0x0d,0xae,0xae,0xbd,
0x40,0x00,0xc0,0xb0,0xa1,0x74,0x00,0x0c,0x0b,0x0a,0x17,0x40,0x2a,0xea,0xea,0xeb,
0xdc,0x70,0xdb,0x29,0x00,0x19,0x39,0xf0,0x0f,0xba,0xad,0x00,0x00,0x2a,0x08,0x80,
0xc0,0x02,0xab,0xda,0xaa,0xae,0xa7,0x00,0x76,0x2b,0x20,0xc0,0x00,0x3b,0x00,0x14,
0xba,0x00,0x00,0xb9,0xb9,0xb9,0xa4,0x32,0x00,0x20,0x16,0x60,0x3d,0x00,0x20,0x66,
0x02,0x65,0x15,0x70,0xa7,0x11,0x11,0x11,0x1e,0xaa,0xaa,0xea,0x36,0xe7,0xdf,0xaa,
0xaa,0xaf,0xd0,0x00,0x00,0xde,0x99,0x99,0x9e,0xd1,0x11,0x11,0x22,0x17,0x01,0x84,
0x30,0xf1,0x1d,0x00,0x7a,0xaa,0xdb,0xaa,0xa2,0x00,0x37,0x7c,0x87,0x70,0x00,0x08,
0x53,0x33,0x3b,0x10,0x00,0x8b,0xaa,0xaa,0xd1,0x00,0x08,0x86,0x66,0x6c,0x10,0x00,
0x86,0x33,0x33,0xb1,0x00,0x08,0xba,0xaa,0xae,0x10,0x01,0x94,0x11,0x11,0xb2,0xcf,
0x4e,0xe0,0x96,0x00,0x65,0x0a,0xaa,0xae,0x01,0x76,0x1a,0x00,0x0b,0x1d,0xee,0xca,
0xef,0x19,0x00,0x0f,0x00,0xf0,0x00,0xed,0x2a,0x00,0x0b,0x09,0x97,0xca,0xaa,0xae,
0x2b,0x65,0x0a,0x00,0x0b,0x02,0x05,0x00,0x01,0x28,0x00,0x11,0x00,0x0a,0x00,0xf0,
0x09,0x00,0x12,0x35,0x70,0x00,0x4a,0xab,0xc7,0x53,0x00,0x04,0x77,0xba,0x77,0x76,
0x00,0x35,0x5d,0x65,0x55,0x50,0x0a,0xaa,0xea,0x1c,0x1f,0xf2,0x10,0xb8,0x55,0x55,
0x10,0x00,0x7e,0x55,0x55,0xa4,0x00,0x89,0xd9,0x99,0x9c,0x40,0x04,0x0d,0x88,0x88,
0xc4,0x00,0x00,0xd8,0x88,0x8c,0x40,0x00,0x0c,0x11,0x11,0x84,0x85,0x48,0xe0,0x01,
0x88,0x89,0xd8,0x88,0x60,0x00,0xb9,0xab,0x9a,0x70,0x00,0x0e,0x88,0xf1,0x42,0xf0,
0x0d,0xe8,0x88,0x8a,0x90,0x00,0x0d,0x44,0x44,0x69,0x00,0x00,0xd6,0x66,0x68,0x90,
0x07,0xaa,0xca,0xac,0xaa,0xa2,0x02,0x9b,0x10,0x6c,0x92,0x02,0xa4,0xcb,0x57,0x00,
0x5a,0x04,0xf0,0x24,0x55,0x00,0xea,0xb7,0xaa,0x77,0x80,0x0a,0x0b,0x1a,0x55,0x65,
0x00,0xb1,0xb0,0x91,0x6a,0x00,0x0d,0x9b,0xda,0xaa,0xab,0x80,0xa0,0xb9,0xa4,0x04,
0x76,0x0e,0xab,0x38,0xb9,0xcb,0x40,0xa0,0xbb,0x9a,0x96,0x50,0x0b,0x1b,0x48,0x5e,
0xba,0x60,0x99,0x63,0x90,0x27,0x62,0x92,0x0c,0x26,0x65,0x00,0xdd,0x4b,0xb0,0x03,
0xe9,0x96,0x9b,0xbb,0x0a,0x5c,0x11,0xc0,0x0c,0x08,0xc7,0x31,0x52,0x1b,0xbe,0xba,
0xc0,0x0c,0xd1,0x31,0x10,0x1f,0x56,0x55,0xf0,0x01,0x86,0xb6,0xc0,0x0c,0x05,0xc0,
0x08,0xcb,0xbe,0x09,0x10,0x00,0x50,0x03,0x02,0x70,0x90,0x14,0xf4,0x22,0x6a,0x65,
0x99,0x99,0x92,0x0c,0x57,0x06,0xaa,0xa7,0x00,0x54,0x70,0xa1,0x00,0xb0,0x3c,0xdd,
0xba,0x10,0x0b,0x00,0x05,0x60,0x8a,0xaa,0x90,0x00,0x7d,0x22,0x70,0x74,0x00,0x0c,
0x2c,0x1d,0x0b,0x10,0x06,0x90,0x31,0x73,0xb1,0x01,0xb0,0x04,0xaa,0xaa,0xa6,0xe7,
0x05,0x60,0x0a,0xbb,0xd3,0x00,0xad,0xa6,0x95,0x01,0xf0,0x23,0xa0,0x07,0x30,0xa0,
0x00,0x39,0x20,0xa1,0x0b,0x00,0x0b,0xaa,0x5c,0xbb,0xeb,0x04,0xb6,0x55,0x00,0x00,
0xb0,0x15,0x65,0x66,0x66,0x3b,0x00,0x56,0x56,0x66,0x63,0xb0,0x05,0xca,0x30,0x00,
0x0b,0x00,0x11,0x00,0x01,0xdd,0x50,0x3b,0xbb,0x8a,0xae,0xaa,0x40,0x2b,0x0e,0x30,
0xf2,0x1d,0x05,0x70,0x3b,0x9e,0x9c,0x00,0xa2,0x04,0x70,0xb0,0xb0,0x1f,0xab,0x4c,
0x9e,0x9e,0x08,0xd1,0xa4,0xc9,0xe9,0xd0,0x19,0x1a,0x07,0x1a,0x00,0x00,0x91,0xa0,
0x5c,0x70,0x00,0x09,0xa9,0x03,0xcb,0x73,0x00,0x30,0x09,0x81,0x03,0x73,0xb2,0x3b,
0xf9,0x27,0xcd,0xc6,0x2c,0xac,0x00,0x00,0xc0,0x09,0x22,0x80,0x00,0x2b,0x02,0xfa,
0xcb,0xa0,0x06,0x70,0x8c,0x0b,0x0b,0x00,0xdc,0xd2,0xc9,0xe9,0xe0,0x5d,0x58,0x2b,
0x0b,0x0b,0x01,0x65,0x82,0xca,0xea,0xe0,0x05,0x58,0x2a,0x0b,0x0b,0x00,0x5c,0xb4,
0x80,0xb0,0xb0,0x05,0x50,0x92,0x0a,0xac,0xb7,0x1e,0x01,0xf7,0x43,0x08,0x7e,0x50,
0x10,0x0d,0x36,0x01,0xf2,0x01,0x60,0xd0,0x85,0x00,0x00,0xc2,0x0d,0x01,0xd2,0x00,
0x98,0x00,0xd0,0x04,0xc0,0x19,0x48,0x0f,0x21,0x9c,0xd0,0xa3,0x43,0xf2,0x25,0x0c,
0x00,0x04,0xad,0xca,0x6b,0xfb,0x90,0x03,0xdd,0x40,0xad,0xa0,0x04,0xb6,0x67,0xb4,
0xc3,0xc1,0x21,0x56,0x35,0x38,0x31,0x00,0x26,0x66,0x66,0x65,0x00,0x5a,0xaa,0xac,
0xaa,0xaa,0x00,0x06,0x30,0xc0,0xa3,0x00,0x05,0xb0,0x0c,0x01,0xc5,0x01,0xa0,0x6c,
0x90,0x01,0x60,0x2f,0x2c,0x01,0x5e,0x21,0xf0,0x1d,0x3a,0xbb,0xaa,0xba,0xba,0x00,
0x38,0x39,0x99,0x0b,0x00,0x03,0x87,0x94,0x84,0xb0,0x00,0x19,0x9b,0xb9,0x99,0x00,
0x08,0xaa,0xdb,0xaa,0xa5,0x00,0xb0,0x3a,0x06,0x12,0x90,0x0b,0x1c,0x87,0xb9,0x29,
0x00,0xb1,0x86,0x41,0x62,0x90,0x68,0x33,0x13,0xb7,0x7d,0x4b,0x10,0x37,0xe0,0x10,
0xf0,0x16,0xac,0x70,0x01,0xc2,0x10,0x00,0x74,0x06,0x7c,0x4a,0x01,0xbe,0xc9,0xa3,
0xc0,0xb3,0x00,0xd5,0x1c,0x0c,0x03,0x80,0x4c,0xd5,0x40,0xc0,0xa0,0x0c,0x75,0x80,
0x06,0x77,0x02,0x67,0x40,0x00,0x4c,0xad,0x13,0x65,0x7c,0x10,0x00,0x07,0x41,0xd8,
0xe8,0x00,0x20,0x16,0x50,0xba,0x25,0x41,0x92,0xcb,0xbb,0xe0,0x2a,0x27,0x40,0x01,
0xbe,0xc8,0xc0,0x25,0x3e,0x00,0x0c,0x02,0xf5,0x41,0x4d,0xd6,0x8b,0xbb,0xa0,0x0c,
0x75,0x60,0x60,0x70,0x02,0x67,0x40,0x59,0x06,0xa0,0x00,0x74,0x2d,0x10,0x0b,0x50,
0x07,0x45,0x30,0x00,0x24,0x00,0x27,0x90,0xb0,0x00,0x00,0xab,0x90,0x5a,0x22,0x20,
0x00,0x57,0x0a,0x98,0x8b,0x71,0xbd,0xdb,0xc0,0x60,0xa1,0x00,0xc9,0x15,0x2c,0x13,
0x00,0x3c,0xd7,0x75,0xc3,0xb0,0x0b,0x67,0x5b,0x1c,0x0c,0x22,0x85,0x71,0xc0,0xc0,
0x77,0x00,0x57,0x02,0x0c,0x01,0x10,0x05,0x70,0x2c,0x5f,0x29,0x30,0x15,0x50,0x19,
0x74,0x00,0xf6,0x1e,0x0b,0xaa,0xd0,0x00,0x74,0x1b,0xb2,0xa4,0x01,0xbe,0xc8,0x11,
0xe6,0x00,0x00,0xe6,0x05,0xc9,0x50,0x00,0x4d,0xd6,0x73,0xda,0xc7,0x0c,0x75,0x74,
0xe5,0x0b,0x02,0x67,0x40,0x81,0xac,0x30,0x00,0x74,0x00,0x4b,0x30,0x00,0x07,0x40,
0xb7,0x0f,0x1c,0x00,0x9e,0x12,0xf0,0x09,0xbe,0xa4,0xaa,0xaa,0xc0,0x01,0x74,0x0a,
0x10,0x0b,0x00,0x28,0x62,0xa1,0x00,0xb0,0x1a,0xdb,0x88,0xaa,0xaa,0x00,0x0e,0x50,
0xbd,0x09,0xf3,0x01,0xde,0x6a,0xae,0xaa,0x40,0xc8,0x57,0x00,0xc0,0x00,0x27,0x74,
0x09,0xae,0xaa,0x10,0xa6,0x14,0x10,0x6a,0xed,0x0d,0x01,0x90,0x02,0xfe,0x27,0x48,
0xa0,0x84,0x00,0x00,0x36,0xc0,0x0c,0xaa,0xb0,0x00,0x0b,0x09,0x73,0xa7,0x10,0x6b,
0xeb,0x37,0x77,0x98,0x00,0x5e,0x20,0x99,0x9a,0x80,0x08,0xcc,0x4a,0xaa,0xb8,0x04,
0x7b,0x10,0x0a,0x20,0x00,0x70,0xb0,0x8c,0x3b,0x39,0x00,0x0b,0x1b,0xb0,0x0a,0xa2,
0x00,0xb1,0x47,0xcc,0x81,0xf7,0x39,0xf8,0x06,0xc0,0x22,0x04,0x20,0xc0,0x05,0x3d,
0x20,0x2c,0x75,0x00,0x8c,0x20,0x00,0x0a,0x90,0x03,0x8b,0xbb,0xbb,0x81,0x6c,0x36,
0x01,0xf7,0x28,0x10,0x29,0x5c,0x04,0x17,0x20,0x3d,0x00,0x11,0x0a,0x08,0x02,0xf0,
0x05,0xc0,0x25,0x05,0x40,0xc0,0x05,0x8b,0x23,0x19,0xb6,0x00,0x84,0x00,0xc1,0xb5,
0x50,0x2b,0xbb,0xbe,0xbc,0x3f,0x44,0x11,0xc7,0x26,0x00,0xa0,0x99,0x00,0x01,0x59,
0xb2,0x00,0x6d,0x92,0x17,0x30,0x8c,0x31,0x03,0x2e,0x19,0xf0,0x1e,0xc3,0x00,0x00,
0xea,0xab,0xaa,0xaa,0xc7,0xb2,0x99,0x04,0xc7,0x56,0x5b,0x44,0x50,0x06,0x80,0x3b,
0xac,0xba,0xaa,0x90,0x48,0x04,0xe8,0x81,0xc0,0x48,0x68,0x98,0x80,0xc0,0x48,0x38,
0x98,0x90,0xc0,0x4c,0xba,0x99,0x99,0xc0,0x49,0x11,0x43,0x1a,0x02,0x20,0x02,0x20,
0x04,0xa0,0x0a,0x3c,0x30,0xab,0xac,0xa4,0x2d,0x27,0x30,0x60,0x00,0x6a,0x17,0x06,
0x50,0x10,0x08,0xaa,0xaa,0xa4,0x2f,0x16,0x14,0x04,0x77,0x2c,0x30,0x05,0x62,0x90,
0x5d,0x1b,0x83,0x29,0x00,0xa0,0x4a,0xb2,0x01,0xda,0xbb,0x09,0x0b,0xf0,0x1e,0x60,
0x74,0x28,0x0b,0x02,0x5c,0x57,0x75,0xa3,0xb0,0x36,0x67,0x37,0x77,0x76,0x01,0x73,
0x9a,0xaa,0xaa,0xa5,0x0b,0x56,0x11,0x93,0x11,0x00,0xb7,0x45,0xae,0xaa,0xa1,0x0b,
0x91,0x82,0xa4,0x59,0x20,0x2c,0xa9,0x2a,0x45,0x92,0x59,0x40,0x0b,0x00,0xf1,0x0f,
0x00,0x08,0x2a,0x48,0xc1,0x00,0xa0,0x00,0xa0,0x00,0x08,0xae,0xa9,0xbe,0xa8,0x2a,
0x19,0x2a,0x17,0x30,0x04,0x88,0x8e,0x88,0xc2,0x02,0xaa,0xae,0xaa,0xd2,0x8a,0x13,
0xf0,0x03,0x06,0xaa,0xdf,0xaa,0xac,0x00,0x08,0x9c,0x00,0x1b,0x08,0xd6,0x0c,0x0a,
0xc7,0x06,0x10,0x0c,0x27,0x1e,0x00,0x53,0x07,0xf0,0x0e,0xca,0xea,0xca,0xea,0x90,
0x74,0x08,0x18,0x07,0x10,0x00,0x5a,0xab,0xea,0xaa,0x10,0x13,0x33,0x5b,0x33,0x33,
0x04,0x77,0x77,0x77,0xd7,0x71,0x0a,0xaa,0x1c,0x06,0x02,0x9a,0x10,0x30,0x0b,0x50,
0x0c,0x8d,0x01,0x23,0x9c,0x90,0x25,0x41,0xf0,0x24,0x6b,0xea,0xab,0xdb,0xa2,0x2b,
0x09,0x5b,0x14,0x90,0x00,0x10,0x2c,0x7b,0x20,0x00,0x00,0x6c,0x30,0x2b,0x81,0x03,
0xc7,0xaa,0xaa,0xa4,0xb4,0x00,0x30,0x55,0x00,0x60,0x00,0x0b,0x40,0xc0,0x39,0x00,
0x00,0x2a,0x05,0x1a,0x20,0x00,0x9a,0xaa,0xaa,0xea,0xa0,0x02,0x70,0x85,0x07,0xf0,
0x0b,0x9a,0xea,0x7d,0xdb,0xa3,0x3b,0x0c,0x0a,0x36,0x60,0x03,0x2b,0x21,0x42,0x33,
0x10,0x00,0x59,0x7b,0xbb,0xbc,0x00,0xb0,0x89,0x99,0x70,0x5b,0x1b,0x74,0x0b,0x0c,
0x00,0xc0,0xc9,0x99,0xb0,0x0b,0x00,0x21,0x7a,0xaa,0x6c,0x5a,0x50,0x05,0xba,0x00,
0x00,0xa0,0xc0,0x0a,0xc1,0x7b,0xdb,0x9c,0xcc,0xa5,0x07,0x6b,0xbb,0xa9,0xc1,0x00,
0x0b,0x12,0x36,0xf0,0x08,0xb8,0x88,0x88,0xc3,0x00,0x0b,0x54,0x44,0x4b,0x30,0x00,
0x49,0xb6,0x6d,0x61,0x02,0xaa,0xcd,0xaa,0xea,0xa7,0x00,0x0a,0x64,0x2a,0x13,0x3c,
0x6d,0x47,0x01,0x9c,0x44,0x00,0x76,0x08,0xf0,0x1f,0xaa,0xea,0xac,0xcc,0xa5,0x47,
0x06,0x1b,0x11,0x80,0x00,0xc9,0x99,0xb9,0x99,0xb3,0x0a,0x5a,0xaa,0xaa,0x77,0x30,
0x08,0x52,0x22,0x2b,0x00,0x00,0x89,0x77,0x77,0x50,0x00,0x08,0xb9,0x99,0x9b,0x20,
0x00,0x84,0x11,0x11,0x93,0x00,0x08,0xa9,0x26,0x10,0x90,0x62,0x0c,0x02,0x70,0x00,
0x03,0xa0,0xc0,0xa3,0x5a,0x36,0x00,0xcf,0x39,0x92,0x5a,0xc7,0x82,0x00,0x08,0xc7,
0x08,0x02,0xa9,0x94,0x10,0xf8,0x3e,0x1a,0xaa,0xbf,0xca,0xaa,0x10,0x00,0x0a,0x5c,
0x30,0x00,0x02,0x6c,0x50,0x1a,0xb6,0x11,0xa6,0x00,0x00,0x02,0x70,0x00,0x74,0x20,
0x40,0x50,0x00,0xb7,0x5a,0x0c,0x0a,0x10,0x0b,0x89,0x52,0xa0,0x48,0x00,0x48,0x62,
0xa2,0x00,0xb4,0x18,0xea,0x8b,0xbc,0xbb,0x60,0x1f,0x80,0x02,0x91,0xa0,0x07,0xbb,
0x70,0x47,0x29,0x01,0xc7,0x45,0x09,0x33,0x80,0x14,0x74,0x03,0xb0,0x47,0x00,0x07,
0x41,0xc1,0x8d,0x30,0x07,0x05,0x20,0x18,0x33,0x42,0x13,0x10,0x84,0xfc,0x00,0xd0,
0xc8,0x87,0x00,0xfb,0xb4,0x03,0x95,0x10,0x0c,0x00,0x04,0xbf,0xca,0x2d,0x12,0xf0,
0x06,0xf6,0x0c,0xaa,0xae,0x00,0xaa,0xa8,0xc0,0x00,0xc0,0x59,0x83,0x2c,0x00,0x0c,
0x01,0x08,0x30,0xca,0xaa,0xe0,0x9f,0x15,0x14,0x0c,0xc4,0x14,0x00,0x58,0x26,0xf0,
0x1a,0x4a,0xa5,0x99,0xe9,0x91,0x38,0xaa,0x29,0x9e,0x98,0x00,0x2b,0x25,0x66,0xd6,
0x63,0x7c,0xeb,0x45,0x55,0x54,0x20,0x8c,0x00,0xe9,0x99,0xb0,0x1a,0xcb,0x1d,0x88,
0x8b,0x09,0x4a,0x20,0xe9,0x99,0xb0,0x20,0xa0,0x0b,0xb6,0x23,0xf0,0x08,0x00,0xb0,
0x5b,0x80,0x00,0x00,0x23,0x58,0xa1,0x00,0x6b,0xbd,0xb6,0x31,0x00,0x00,0x05,0xb0,
0x2c,0x10,0x00,0x09,0xd6,0x02,0x11,0xf2,0x11,0x87,0xcc,0x27,0x00,0x00,0x05,0xc7,
0x12,0xab,0x00,0x06,0xba,0x9e,0x66,0x77,0x00,0x05,0x90,0xd0,0xb8,0x00,0x09,0xb0,
0x0d,0x00,0x8b,0x00,0x50,0x4c,0xd0,0x00,0x30,0xc0,0x1a,0xf0,0x59,0x69,0x99,0xe9,
0x99,0x60,0x08,0x88,0x8e,0x88,0x88,0x00,0xc1,0x1b,0x61,0x61,0xc0,0x04,0x1b,0x72,
0x86,0x04,0x00,0x08,0xac,0xe5,0x40,0x00,0x00,0x2a,0xc4,0x4b,0xa0,0x00,0x2a,0xa8,
0xd7,0x66,0x40,0x00,0x8a,0x0a,0x17,0xb3,0x00,0x96,0x1b,0xd0,0x02,0x80,0x0c,0x0c,
0x3d,0xba,0xe1,0x00,0xc0,0xc0,0x2a,0x66,0x00,0x0c,0x0c,0x04,0xbc,0x72,0x00,0x10,
0xc3,0x61,0x09,0xd0,0x00,0x0a,0x70,0x74,0x01,0x00,0x0c,0xea,0xc6,0x30,0x00,0x00,
0x49,0xc5,0x5d,0x80,0x00,0x49,0x97,0xd5,0x66,0x20,0x02,0xb6,0x0c,0x08,0xa2,0x00,
0x92,0x5c,0x90,0x02,0x60,0x95,0x0a,0xf3,0x1f,0x90,0x0d,0x77,0xd7,0x78,0x90,0x0c,
0x33,0xc3,0x35,0x90,0x0c,0x9a,0xe9,0x9a,0x80,0x00,0x4a,0x23,0x90,0x00,0x08,0xcb,
0xeb,0x50,0x00,0x02,0xac,0x52,0x7c,0x10,0x2b,0xb9,0xd9,0x87,0x80,0x07,0xb0,0x93,
0x4c,0x70,0x96,0x0b,0xd1,0x00,0x73,0x8d,0x61,0xf0,0x02,0x30,0x8b,0xec,0xb1,0x04,
0xa0,0xb0,0x0b,0x10,0x01,0xeb,0xd4,0x00,0xb1,0x00,0x03,0x5a,0x2e,0x0c,0x91,0x3c,
0x45,0x00,0xb1,0x00,0x0b,0xa7,0x30,0x0b,0x92,0x4d,0x78,0xb1,0x00,0x1c,0xb7,0x3b,
0xbe,0xcb,0x2c,0x5d,0xf0,0x06,0x0a,0x27,0xdc,0xbd,0x00,0x01,0xb2,0x69,0x21,0xb0,
0x00,0xb4,0x93,0x94,0x57,0x00,0x3e,0xda,0x0a,0x8a,0xb6,0x39,0x4f,0xf4,0x0f,0x14,
0x80,0x0b,0xba,0x2c,0x74,0x83,0x00,0x63,0x03,0xa0,0xcb,0x00,0x01,0x7b,0xb5,0x0c,
0xc1,0x01,0xa4,0x2c,0x3c,0x44,0xd3,0x00,0x01,0x24,0x20,0x02,0x10,0x0e,0x25,0xf0,
0x27,0xc0,0x0d,0x00,0x03,0x93,0x0c,0x00,0xd0,0x00,0xb2,0xc1,0xc0,0x0d,0x00,0x3e,
0xd7,0x1b,0x00,0xe0,0x00,0x0b,0x02,0xf2,0x2f,0x00,0x0a,0xa9,0x4b,0x94,0xe3,0x00,
0x83,0x09,0x4c,0x87,0x80,0x03,0x99,0xc0,0x2c,0x0c,0x01,0x82,0x77,0x09,0x40,0x68,
0x00,0x02,0x00,0x40,0x00,0x10,0x00,0x09,0x02,0x00,0x12,0x06,0xf0,0x2a,0xbc,0x70,
0x03,0x82,0x20,0xb0,0x46,0x00,0xa1,0x96,0x0b,0x05,0x60,0x5e,0xdd,0x00,0xb0,0x56,
0x01,0x3a,0x34,0xbe,0xbc,0x50,0x06,0x94,0x30,0xb0,0x65,0x02,0xfb,0x72,0x1a,0x06,
0x50,0x00,0x00,0x22,0x90,0x64,0x02,0x7b,0xb6,0x49,0x18,0x50,0x25,0x10,0x89,0x99,
0x99,0x10,0x00,0x72,0x00,0xb4,0x30,0x3c,0x1b,0xf4,0x1f,0x19,0x20,0x08,0x56,0x85,
0xd9,0xa7,0x03,0xf9,0xc2,0x5c,0x20,0x00,0x14,0xa5,0x24,0xc9,0xaa,0x10,0x59,0x35,
0x69,0x62,0x40,0x1d,0xa7,0x10,0x39,0xc2,0x00,0x00,0x22,0x02,0xf3,0x23,0x18,0xc9,
0x37,0xca,0x57,0x40,0x40,0x04,0x50,0x0b,0xc0,0xf3,0x33,0x10,0x0b,0x0d,0x0d,0xf0,
0x1f,0x68,0xd8,0x88,0x00,0x93,0x83,0x69,0x33,0x30,0x3e,0x9a,0x6d,0xca,0x00,0x01,
0x3a,0x20,0xc0,0xc0,0x00,0x05,0x85,0x4e,0xbe,0xb9,0x01,0xca,0x50,0x31,0xb5,0x00,
0x00,0x04,0x2c,0x0b,0x5a,0x01,0x9c,0x8c,0x40,0xb0,0xa3,0x04,0x00,0x14,0xca,0xaf,
0x18,0x02,0xbe,0x25,0xf0,0x12,0xba,0xac,0x60,0x02,0xa1,0x5b,0x00,0x56,0x00,0xb3,
0x85,0xb0,0x05,0x60,0x4e,0xbb,0x0b,0xaa,0xc6,0x01,0x39,0x30,0xb0,0x05,0x60,0x04,
0x93,0x2b,0x00,0x56,0x01,0xeb,0x82,0xc4,0x59,0xf0,0x03,0x01,0x1b,0x00,0x56,0x01,
0x6b,0xb3,0xb0,0x06,0x60,0x16,0x10,0x9a,0xaa,0xaa,0x40,0x00,0x43,0x9a,0x2d,0xf0,
0x0b,0xb1,0x0e,0x9d,0x9e,0x05,0x84,0x5b,0x0b,0x0b,0x1f,0xad,0x1b,0x0b,0x0b,0x03,
0x86,0x0e,0xae,0xae,0x04,0xb5,0x3b,0x0b,0x0b,0x0c,0xa6,0x86,0x38,0xa3,0x03,0x3b,
0x0b,0x0b,0x19,0xc9,0x2e,0xad,0xae,0x02,0xed,0x29,0x01,0x24,0x42,0x10,0x0b,0x83,
0x03,0xf1,0x1c,0x23,0xda,0xd5,0x00,0x85,0x76,0xbb,0x0b,0x10,0x3f,0xbc,0x65,0x5c,
0x70,0x00,0x1a,0x30,0x05,0xd9,0x00,0x06,0xa6,0x49,0x90,0x5c,0x30,0xb7,0x34,0x33,
0xc5,0x10,0x00,0x05,0x43,0x40,0x60,0x01,0xbb,0x60,0x17,0xb6,0x00,0x01,0xad,0x25,
0x04,0x5d,0x01,0xf0,0x23,0xbb,0xbe,0x00,0x04,0x83,0x40,0x04,0x90,0x00,0xc1,0xb2,
0x02,0xd1,0x00,0x8e,0xda,0x03,0xc9,0xb1,0x01,0x2b,0x29,0xb1,0x07,0xd1,0x07,0x62,
0x22,0x22,0x24,0x04,0xfb,0x82,0x9b,0xc9,0x50,0x00,0x01,0x10,0x47,0x00,0x02,0x8b,
0xa3,0x15,0x81,0x10,0x24,0x00,0x79,0x4a,0x4a,0xf0,0x1c,0xa0,0x0b,0x0b,0xbc,0x05,
0x52,0xae,0xaa,0x1a,0x0a,0x2a,0x0b,0x0a,0x56,0x5d,0xe3,0x9e,0x7a,0x82,0x02,0x90,
0x1c,0x1a,0x46,0x0c,0x87,0x7d,0x7a,0x0b,0x28,0x41,0x4b,0x3a,0x0b,0x00,0x66,0x47,
0x0a,0xac,0x4c,0x61,0xc1,0x0a,0xe8,0x2e,0x04,0x14,0x14,0x31,0x62,0x01,0x90,0x43,
0x1f,0xf3,0x0c,0xba,0x00,0x06,0x65,0x7b,0x08,0x20,0x02,0xe9,0xcc,0xea,0xea,0xc0,
0x14,0xa5,0x1b,0x0a,0x0b,0x00,0x5a,0x53,0xea,0xea,0xc0,0x0c,0x95,0x0b,0x87,0x0e,
0xc2,0x32,0x05,0xac,0x3b,0x00,0x07,0x42,0x72,0x00,0xbc,0xbc,0xc1,0x7f,0x06,0xf3,
0x27,0x0b,0x10,0x07,0x70,0x00,0x02,0xa1,0x6b,0xbe,0xba,0x00,0xa2,0xa3,0x1b,0x14,
0x00,0x4e,0xbb,0x09,0x30,0xb2,0x01,0x2b,0x44,0xea,0xaa,0xb0,0x04,0xa0,0x00,0x01,
0x02,0x01,0xeb,0xa1,0x56,0x84,0x00,0x04,0x10,0x06,0x58,0x42,0x00,0x27,0xb3,0xc1,
0x84,0x93,0x49,0x41,0xc6,0x06,0xdc,0xf7,0x06,0xf3,0x27,0x90,0x01,0x66,0x10,0x00,
0x2a,0x12,0x8b,0xb8,0x50,0x0a,0x2c,0x9b,0xcc,0xba,0x05,0xdd,0x60,0x81,0x71,0xc0,
0x01,0xb0,0x44,0x7c,0x35,0x00,0xb7,0x73,0xb1,0xc0,0x00,0x29,0x51,0x99,0xad,0x99,
0x20,0x03,0x91,0x2c,0x65,0x10,0x3c,0x93,0x5c,0x51,0x99,0x00,0x00,0x27,0x10,0x00,
0x50,0x24,0x20,0x60,0x13,0xaa,0xad,0x20,0x02,0xa0,0xfd,0x4b,0xf3,0x5a,0x83,0x92,
0xaa,0xae,0x00,0x3d,0x9a,0x11,0x11,0xc1,0x02,0x5b,0x28,0x9a,0xd9,0x92,0x04,0x72,
0x38,0x2e,0x1b,0x02,0xeb,0x80,0x85,0xcc,0x20,0x00,0x05,0x05,0x89,0xa2,0x01,0x9b,
0x6b,0x82,0x91,0xc2,0x03,0x00,0x15,0xc6,0x01,0x00,0x00,0x31,0x01,0x24,0x74,0x00,
0x0c,0x18,0xaa,0x74,0x40,0x02,0xa3,0x3b,0x66,0x57,0x00,0xb3,0xa1,0xa2,0x7b,0x10,
0x4e,0xb9,0x7b,0xca,0xba,0x01,0x3b,0x15,0x8b,0x66,0x61,0x07,0x86,0x49,0x74,0x44,
0x11,0xc8,0x40,0xae,0xad,0x50,0x00,0x17,0x69,0x77,0xb0,0x03,0xba,0x4b,0x25,0xda,
0x30,0x00,0x04,0x38,0x60,0x18,0x10,0x19,0x34,0xf3,0x21,0x00,0x84,0x00,0x05,0x70,
0x6a,0xbd,0xa7,0x0b,0x1a,0x91,0x00,0x0b,0x8d,0xd6,0x99,0x99,0x97,0x01,0xc0,0xa9,
0x99,0x98,0x0b,0x65,0xa9,0xa4,0x6b,0x5c,0x83,0xb9,0xa4,0x6b,0x00,0x13,0xac,0xda,
0xbd,0x4a,0xa9,0x59,0xa3,0x6b,0x21,0x03,0x19,0x20,0x4b,0xbe,0x02,0x00,0x3d,0x3e,
0xf0,0x34,0x01,0xa0,0x9a,0xac,0xab,0x20,0x83,0xac,0x40,0x00,0x73,0x3e,0xb8,0x2c,
0xab,0xba,0x32,0x4b,0x15,0x80,0x55,0x00,0x08,0x62,0xd8,0x9a,0xad,0x02,0xb7,0x37,
0x89,0x98,0xd0,0x00,0x28,0x48,0x92,0x1b,0x02,0xc9,0x33,0x89,0xa9,0xd0,0x00,0x00,
0x38,0x91,0x0b,0x00,0x0a,0x9a,0xc9,0xe9,0xd2,0x00,0xa1,0x47,0x0b,0x09,0x20,0x05,
0x99,0x9d,0x99,0x91,0x04,0x1a,0x0c,0x80,0x80,0x00,0xb9,0x9a,0x99,0x70,0x00,0x1d,
0x1a,0x0c,0xf0,0x02,0x01,0xd8,0x88,0x89,0x90,0x00,0x1c,0x55,0x55,0x69,0x00,0x01,
0xc4,0x44,0x46,0x90,0x07,0x59,0x08,0x14,0x92,0x49,0x1f,0x05,0x83,0x0d,0xb0,0x03,
0x33,0xc4,0x33,0x10,0x00,0x66,0x6d,0x66,0x63,0x00,0x06,0x1f,0x12,0xb5,0x8f,0x10,
0xf2,0x39,0x9a,0xaa,0xeb,0xaa,0xa3,0x00,0x00,0x5a,0xb2,0x00,0x00,0x04,0x9a,0x01,
0xbb,0x61,0x09,0x83,0x00,0x00,0x27,0x20,0x18,0x0a,0x33,0x23,0x33,0x0a,0x56,0x77,
0xb6,0x7d,0x7a,0xea,0x60,0xb7,0x0c,0x00,0xb0,0x85,0xb7,0x7c,0x3a,0xe9,0x17,0xb1,
0x8c,0x00,0xb0,0x02,0xb0,0x6c,0x8b,0xeb,0x88,0xb9,0x6c,0x02,0x94,0x60,0xb3,0x0c,
0x07,0x50,0x00,0xb0,0x0c,0x3b,0x00,0x4b,0x82,0xbb,0x12,0x11,0xf2,0x27,0x14,0x40,
0x00,0x00,0x4a,0xc8,0x66,0xbd,0xbd,0x0b,0x86,0x70,0x0b,0x0b,0x07,0x8a,0x24,0x3c,
0x7b,0x6a,0xfb,0x94,0x9b,0xbb,0x29,0x99,0x90,0x7b,0x5b,0x6a,0xca,0x80,0x3b,0x5c,
0x19,0x82,0xa7,0x9d,0xab,0x1d,0xca,0xb5,0x0b,0x0b,0x19,0x82,0xa0,0x0b,0x0b,0x1d,
0x99,0x62,0xb8,0x9c,0x5e,0x43,0xf0,0x27,0xba,0xd6,0xda,0xae,0x00,0x1a,0x6b,0x25,
0xa5,0xb0,0x0a,0x83,0x64,0xa8,0x38,0x00,0x19,0x88,0xa8,0x89,0x30,0x02,0xc8,0x8d,
0x88,0xb5,0x00,0x2b,0x98,0xc8,0x9a,0x40,0x05,0x8c,0x98,0x9c,0x87,0x02,0x99,0xda,
0x9a,0xd9,0x96,0x00,0x4a,0x40,0x3b,0x94,0x00,0x96,0x10,0x00,0x03,0x82,0x3c,0x0f,
0x60,0x41,0x00,0x0a,0xac,0xda,0x8b,0x6a,0x0b,0xb0,0x3b,0x00,0x04,0xbb,0xbc,0xde,
0xbb,0xb4,0x00,0x01,0x97,0x65,0x17,0x60,0xda,0xaa,0xab,0x00,0x4d,0x7c,0xdd,0x2b,
0x41,0x10,0xe9,0x99,0x9b,0x31,0x22,0x10,0xb0,0x46,0x23,0x10,0x1b,0x1d,0x21,0xf0,
0x1c,0x01,0x67,0x01,0xac,0xca,0x6b,0xd5,0x00,0x03,0x87,0x21,0x0b,0x00,0x00,0x59,
0x94,0x7a,0xea,0xa2,0x3a,0xcc,0xa2,0x0b,0x00,0x00,0x0c,0x70,0x68,0xec,0xc7,0x03,
0xcd,0x85,0x3c,0x00,0x00,0xc6,0x59,0x00,0xb0,0x15,0x55,0x65,0x94,0x1e,0xf0,0x2d,
0x06,0x50,0x00,0xcb,0xd4,0x00,0x55,0x0a,0xae,0xae,0x01,0xac,0xc9,0xa0,0xa0,0xb0,
0x00,0x55,0x0a,0xbe,0xbe,0x00,0x8c,0xc7,0xa1,0xb1,0xb0,0x17,0xaa,0x75,0x8d,0x88,
0x00,0x2c,0x72,0xba,0xea,0xb4,0x03,0xcd,0x3b,0x0a,0x55,0x60,0xc6,0x65,0xb7,0xdb,
0x96,0x35,0x55,0x0b,0x30,0x07,0x60,0x05,0x50,0xb0,0x06,0xb3,0xf6,0x5b,0xf0,0x05,
0x23,0x02,0xeb,0xdb,0x39,0x08,0x40,0x0a,0x17,0x40,0x90,0xc0,0x00,0xaa,0xc4,0xcc,
0xec,0xc3,0x0a,0x28,0x1f,0x5b,0xf6,0x0f,0xa3,0x84,0x00,0xc0,0x00,0x0a,0x8b,0x7b,
0xbf,0xbb,0x60,0xa1,0x77,0x02,0xd5,0x00,0x2c,0xbd,0x80,0x84,0xc0,0x02,0x40,0x74,
0x4a,0x04,0xb1,0x00,0x07,0x7b,0x14,0x36,0xf0,0x05,0xc0,0xc0,0x12,0x00,0x9a,0xac,
0x0e,0xa9,0x40,0x01,0x48,0xc0,0xc0,0x08,0x31,0xa7,0x2c,0x0c,0xbb,0xc1,0xb6,0x08,
0x60,0x90,0x00,0x0c,0x33,0x33,0x3c,0x14,0x0e,0x14,0x66,0x27,0x24,0x03,0xcd,0x14,
0x22,0x08,0xba,0xe9,0x09,0x00,0x52,0x1a,0xf0,0x19,0x01,0x20,0x04,0x81,0xb0,0xd7,
0xc4,0x00,0xeb,0xac,0x7e,0x40,0x60,0x03,0x44,0x53,0xd1,0x2d,0x00,0xc6,0x6d,0x07,
0x99,0x50,0x0c,0xaa,0xe0,0xc0,0x13,0x00,0xc0,0x0b,0x0c,0x7c,0x40,0x0c,0x99,0xe0,
0xe4,0x04,0x0b,0x00,0x74,0x00,0xb1,0x0c,0x0b,0xc0,0xcb,0xbb,0xc2,0x57,0x00,0xf5,
0x46,0xf4,0x25,0xdb,0xc0,0x07,0xc1,0x00,0x0a,0x0b,0x02,0x22,0x00,0x00,0xa0,0xb2,
0xcc,0xb0,0x00,0x0d,0xac,0x11,0x0c,0x0a,0x10,0xa0,0xb6,0x99,0xfa,0x40,0x0d,0xac,
0x05,0x6e,0x90,0x00,0xa0,0xb0,0xa1,0xbb,0x30,0x0a,0x0b,0x3a,0x0b,0x2d,0x23,0x80,
0xbb,0x10,0xb0,0x57,0x74,0xaa,0x05,0x72,0x35,0xf0,0x20,0x0e,0xaa,0x0b,0x00,0x11,
0x0a,0x0a,0x1b,0x1a,0xae,0x0a,0x0a,0x8d,0x7a,0x1b,0x0d,0xaa,0x0b,0x0a,0x1b,0x0a,
0x0b,0x9d,0x9b,0x1b,0x0e,0xaa,0x37,0x5a,0x1b,0x0a,0x0a,0x82,0x9a,0x1b,0x19,0x0b,
0xd9,0xcc,0x7d,0x46,0x0a,0x61,0x1a,0x10,0x74,0xc7,0x80,0x4d,0x03,0xa5,0x1e,0x00,
0x9b,0x2c,0x42,0xbb,0xdc,0xbb,0xbd,0xea,0x26,0x19,0xde,0xdd,0x0f,0x12,0xdf,0x0d,
0x27,0x12,0xd0,0x73,0x54,0x90,0x7a,0xae,0xba,0xaa,0xa1,0x00,0x02,0xc0,0x08,0x88,
0x22,0x82,0x22,0x7c,0x00,0x00,0x9b,0xaf,0x86,0x7a,0xa1,0x2b,0x31,0x01,0xbb,0xbe,
0x1d,0x44,0x00,0xb6,0x5f,0x00,0x8c,0x13,0x03,0x3e,0x07,0xf0,0x13,0x54,0x00,0x36,
0x00,0x00,0x6d,0xa6,0x00,0xb0,0x00,0x0a,0x61,0xaa,0xbb,0xbb,0x30,0xa5,0x6a,0x05,
0x55,0x00,0x5e,0xaa,0xa0,0xc3,0xc0,0x00,0xa2,0x0a,0x0a,0x0b,0x00,0x0a,0x83,0xe4,
0x01,0xf2,0x04,0xa3,0x8a,0x28,0x0b,0x23,0x0a,0x00,0xa7,0x50,0xb4,0x73,0x74,0xb9,
0xc0,0x0b,0xc3,0x01,0x01,0x01,0xc9,0x39,0x11,0x02,0x1a,0x42,0xf4,0x24,0xc0,0x00,
0x0b,0x99,0xb7,0xac,0xba,0x10,0xb8,0x2b,0xa1,0x11,0x92,0x0b,0x47,0xb9,0x00,0x07,
0x13,0xea,0xbb,0x0b,0x07,0x40,0x0a,0x30,0xb0,0xcc,0x70,0x00,0xb7,0x5b,0x0c,0x10,
0x00,0x0b,0x16,0xb0,0xc0,0x08,0x10,0xb0,0x0b,0x0c,0x00,0xa1,0x37,0x4b,0x80,0x9c,
0xcb,0xfa,0x3a,0x10,0x30,0xb2,0x0c,0x60,0xda,0xae,0x40,0x00,0x01,0xc2,0x87,0x50,
0x10,0xce,0x87,0x25,0xb3,0x13,0xc0,0x0b,0x00,0xa1,0x00,0x0d,0xbb,0xeb,0xbe,0x10,
0xba,0x50,0x10,0x00,0x57,0x68,0xb1,0xd3,0x11,0x11,0x3d,0x00,0x05,0x9a,0xaa,0xa9,
0x50,0x00,0xd3,0x1b,0x51,0xbb,0xeb,0xbb,0xeb,0xb5,0x0b,0x00,0x00,0x2e,0x06,0x70,
0x30,0x00,0x04,0xaa,0xdc,0xaa,0xc6,0xe1,0x26,0x00,0xa7,0x2b,0x10,0x75,0xb7,0x1c,
0x40,0x07,0x57,0xad,0x20,0x7e,0x11,0x11,0x10,0xf7,0x26,0x00,0xea,0x05,0xc0,0x2a,
0x00,0x02,0xbb,0xec,0xbc,0xeb,0xb8,0x00,0x06,0x20,0x17,0x69,0x5c,0x00,0xfc,0x0b,
0xa0,0x68,0x00,0x04,0xc5,0x00,0xbb,0xaa,0xaa,0xa9,0x86,0x11,0x4d,0x01,0x2b,0x68,
0x00,0xa5,0x2c,0x84,0x60,0x04,0x90,0x00,0x6c,0x60,0x8c,0xd4,0xed,0x28,0x10,0x08,
0xa6,0x02,0x90,0xab,0xdc,0xbb,0xeb,0xb4,0x00,0x06,0x36,0x0a,0x8a,0x3e,0x00,0x9e,
0x5c,0xf0,0x14,0xb1,0x0b,0x10,0xa1,0x00,0x0b,0x10,0xb1,0x0a,0x10,0x2a,0xaa,0xaf,
0xda,0xaa,0x70,0x00,0x06,0x8b,0x40,0x00,0x00,0x29,0xa0,0x0b,0xa4,0x00,0x8b,0x40,
0x00,0x04,0xa2,0x00,0x06,0x60,0x9c,0x40,0xf4,0x21,0xcd,0xbb,0xeb,0xb7,0x00,0x05,
0x50,0x1a,0x00,0x00,0x2b,0x31,0xbb,0xbb,0x50,0x02,0x14,0x2a,0x00,0x48,0x00,0x7c,
0x12,0xa0,0x04,0x80,0x00,0x17,0x4a,0x07,0xc5,0x00,0x03,0xb2,0xa0,0x00,0x16,0x02,
0xd1,0x1a,0x00,0x03,0x90,0xb2,0x00,0xdc,0xcc,0xc4,0xc8,0x2a,0x00,0x45,0x66,0x20,
0xbb,0xcd,0xe8,0x00,0xf0,0x0d,0x27,0x50,0x09,0x00,0x00,0x0a,0x88,0x88,0x88,0x85,
0x02,0xe1,0x22,0x22,0x87,0x11,0xcd,0x0d,0xab,0x56,0x60,0x13,0xc0,0xb0,0x56,0x66,
0x00,0x0c,0x0b,0x00,0x00,0xb9,0x00,0x10,0x66,0x20,0x17,0xf1,0x2a,0xcc,0x30,0x00,
0x05,0x60,0x1b,0x00,0x00,0xaa,0xcc,0xab,0xea,0xa5,0x00,0x03,0x41,0x39,0x62,0x00,
0x3a,0x99,0xb7,0x67,0x30,0x00,0x66,0x0c,0x10,0xc2,0x00,0x00,0x90,0x91,0x65,0x00,
0x1b,0xbb,0xcf,0xdb,0xbb,0x60,0x00,0x2b,0xc9,0x80,0x00,0x01,0x8b,0x1b,0x15,0xc8,
0x21,0xb5,0x00,0xb1,0x00,0x64,0x37,0x00,0x10,0x02,0x37,0x00,0xf1,0x17,0xa7,0x00,
0x57,0x30,0x05,0x00,0x00,0x1c,0xca,0xaa,0xaa,0xe1,0x1c,0x4e,0x9a,0x99,0x0b,0x00,
0x27,0x23,0x70,0x00,0xb0,0x04,0xaa,0xbc,0xaa,0x5c,0x00,0x09,0x23,0x70,0xb0,0xc0,
0x00,0x5a,0xaa,0xa8,0xc6,0x0a,0xf3,0x2a,0xcd,0x80,0x00,0x09,0x30,0x47,0x00,0x01,
0xbb,0xdc,0xbc,0xdb,0xb1,0x01,0x28,0x34,0x55,0x00,0x00,0x2c,0x31,0xea,0xae,0x00,
0x05,0x03,0xc7,0x9a,0x40,0x01,0xa8,0x11,0x4c,0xc4,0x00,0x00,0x06,0xc8,0x11,0x8c,
0x30,0x0a,0x28,0xa9,0x9c,0x40,0x06,0x90,0x84,0x11,0x74,0x01,0xb0,0x08,0xa8,0x8b,
0x40,0xdd,0x02,0xf1,0x2b,0x27,0x72,0x2c,0x22,0x11,0x79,0xbb,0x78,0xd7,0x75,0x00,
0xdb,0xba,0xac,0xaa,0x00,0x57,0x04,0x36,0x10,0xb0,0x2e,0xa9,0xcb,0xbb,0x5b,0x00,
0x29,0x8b,0xa8,0x80,0xc0,0x00,0xd8,0xba,0x8d,0x0c,0x00,0x0c,0x6a,0x86,0xc0,0xc0,
0x00,0xb3,0x86,0x4c,0x0c,0x00,0x07,0x03,0x28,0x8b,0x80,0x00,0x06,0x50,0x48,0xe2,
0x00,0xf0,0x06,0xda,0xa3,0x00,0x04,0x40,0x62,0x00,0x00,0x28,0x56,0x1e,0xaa,0x80,
0x02,0x85,0x68,0x58,0x10,0x00,0x15,0x56,0x55,0x3c,0x40,0x99,0xa9,0x99,0x91,0x8f,
0x13,0x20,0x09,0x30,0x8f,0x13,0x77,0x93,0x02,0xae,0xae,0xae,0xad,0xb7,0xe2,0x00,
0xf9,0x1d,0x01,0x04,0x50,0x06,0x49,0x00,0xb0,0xda,0xaa,0xdb,0xb5,0x0a,0xab,0x79,
0x88,0x43,0x10,0x00,0xaa,0x85,0x55,0xb0,0x2c,0xca,0xa5,0xb3,0xc7,0x00,0x65,0x9a,
0xa8,0x1f,0x04,0x0a,0x67,0x8a,0x9c,0xa7,0x90,0x98,0x20,0x07,0x50,0xc4,0xab,0x3d,
0xf0,0x20,0x20,0x09,0x85,0x10,0x00,0x82,0x02,0xd5,0xb5,0x00,0xed,0xba,0xc8,0xaa,
0x00,0x0a,0x82,0xa2,0x4c,0xa1,0x00,0xa8,0x2b,0xb8,0x62,0x95,0x0b,0xdb,0x77,0x9e,
0x99,0x10,0x08,0x45,0x48,0xd8,0x60,0x00,0x86,0xa8,0x9e,0x99,0x43,0xdc,0x6a,0x10,
0xb0,0x3e,0x02,0x10,0x0b,0xf6,0x49,0xf1,0x28,0x0c,0x9e,0x9e,0x00,0x3a,0x52,0xb7,
0xd7,0xd0,0x0d,0xc9,0xab,0x3c,0x3c,0x00,0xa8,0x2a,0xa9,0xd9,0xc0,0x0a,0x82,0xa0,
0x93,0x82,0x00,0xbd,0xb7,0x8b,0xf8,0x00,0x00,0x84,0x22,0xc6,0x6a,0x00,0x08,0x49,
0xaa,0xc9,0x83,0x16,0xca,0xc5,0x88,0x5a,0x01,0x51,0x01,0x76,0xc0,0x42,0x00,0x22,
0x63,0x5a,0x61,0x15,0xbb,0xbb,0x60,0x3c,0x25,0xdb,0x1a,0xb0,0x7b,0xbb,0xbb,0xb2,
0x03,0xf0,0x00,0x06,0x60,0x03,0xcd,0xf0,0x01,0x40,0x21,0xc0,0x00,0x06,0x07,0x3c,
0x00,0xf4,0x25,0x03,0x0b,0x00,0x38,0x5d,0xe4,0x00,0x75,0x69,0x02,0xfb,0x2c,0x80,
0x84,0x00,0xd0,0x00,0x04,0xbb,0xd8,0x0d,0x69,0x37,0xf0,0x09,0x10,0xd4,0x00,0x00,
0x0c,0x59,0x0d,0x9a,0x10,0x1c,0xed,0x40,0xd0,0x5d,0x06,0x4a,0x5b,0x0d,0x00,0x10,
0x00,0xa1,0x00,0xd0,0xc1,0x3d,0x00,0x21,0x00,0x01,0x0b,0x00,0x02,0x75,0x03,0xf3,
0x01,0x7a,0xaa,0xea,0xaa,0xa0,0x00,0x55,0x5d,0x55,0x52,0x00,0x05,0x55,0xd5,0x55,
0x20,0x4d,0x59,0xf0,0x06,0x2b,0x58,0x04,0x50,0x02,0x8f,0x10,0x99,0xa1,0x02,0xa4,
0xc0,0x01,0xc5,0x00,0x00,0x0c,0x7b,0x40,0xab,0x30,0xb6,0x35,0x14,0x43,0x27,0x43,
0x22,0xb2,0x00,0x0e,0x53,0x20,0x40,0x07,0x69,0x43,0xf0,0x1c,0x14,0xc4,0x44,0x44,
0xc5,0x31,0x6c,0x66,0x66,0x6c,0x74,0x00,0x8a,0xbd,0xca,0xb0,0x00,0x00,0x6a,0x2c,
0x27,0x70,0x19,0xbe,0x00,0x2e,0x90,0x00,0x30,0xb5,0x98,0x2c,0x92,0x00,0x09,0x72,
0x00,0x06,0x50,0x01,0x90,0x00,0x0b,0x02,0x0c,0xf0,0x0f,0x44,0xc4,0x30,0x1a,0xaf,
0x1d,0x7d,0x7c,0x30,0x04,0x80,0xb0,0xb0,0x80,0x01,0xc7,0x5e,0xcd,0xba,0x01,0xbe,
0xd0,0xaa,0x03,0x80,0x22,0xc5,0x6a,0x58,0xb2,0x54,0x6b,0xb4,0xca,0x00,0x00,0xc0,
0x93,0x4b,0xc7,0x00,0x0c,0x09,0x4a,0xa1,0x3d,0x20,0x04,0x2a,0x7c,0x57,0xf0,0x22,
0xb5,0xaa,0xbc,0xdb,0xb0,0x02,0x8a,0x00,0x46,0x00,0x03,0xd7,0xa5,0x8a,0xb8,0x50,
0x00,0x29,0x4a,0x11,0x11,0x06,0xaa,0xaa,0xfb,0xaa,0xa1,0x00,0x17,0xa5,0x70,0xa1,
0x05,0xab,0xb0,0x09,0xd4,0x00,0x21,0x1c,0x69,0x47,0xb4,0x00,0x02,0x95,0x10,0x02,
0x80,0xad,0x66,0xf8,0x24,0xa0,0x00,0x1b,0x0a,0xd9,0x9e,0xa1,0x3a,0xb8,0x1f,0x67,
0xe3,0x00,0x09,0x2a,0xa6,0x8a,0xa2,0x03,0xa8,0x26,0x43,0x72,0x02,0xce,0x82,0x66,
0x66,0x40,0x32,0x95,0x9a,0xab,0xaa,0x30,0x19,0x00,0x83,0x8a,0x20,0x01,0x90,0x94,
0x38,0x2c,0x10,0x19,0x17,0x2c,0x60,0x41,0x13,0x02,0x40,0xbb,0xbe,0xbd,0xcb,0x9b,
0x5f,0xf1,0x0b,0x83,0x00,0x00,0x5c,0xae,0xad,0xba,0xb0,0x06,0x60,0xb0,0x83,0x0c,
0x00,0x66,0x67,0x08,0x30,0xc0,0x06,0x9b,0x00,0x4b,0xbc,0x00,0x66,0x29,0x59,0x33,
0xdb,0xbb,0xbb,0x0b,0x00,0x80,0x1b,0xbb,0xeb,0xeb,0xbb,0x00,0x00,0x1a,0xe8,0x1c,
0xd0,0xba,0xda,0xea,0xb7,0x00,0x84,0x1a,0x0b,0x04,0x80,0x05,0xaa,0xba,0x7b,0x2b,
0x00,0xb4,0x56,0x80,0x2a,0xad,0xca,0xae,0xaa,0x20,0x02,0xe4,0xd8,0x24,0x84,0x02,
0x9f,0xf7,0x20,0x00,0x8c,0xc9,0x40,0x65,0x3c,0x90,0x29,0x9a,0xd9,0xda,0x99,0x20,
0x69,0x9d,0x8d,0xc7,0x0d,0xf4,0x1b,0xb7,0xc8,0x88,0x00,0x09,0x15,0xc9,0x99,0x91,
0x1a,0x53,0xd8,0x88,0x83,0x01,0x1a,0x78,0xa8,0x8a,0x60,0x0a,0xb0,0x4a,0x87,0x84,
0x03,0x5b,0x04,0xd9,0x9c,0x10,0x00,0xb2,0x77,0xbd,0x30,0x00,0x0b,0x69,0xa5,0x7b,
0xb4,0x06,0x31,0xe0,0x09,0xbb,0xbd,0x00,0x06,0x40,0x92,0x00,0xc0,0x0b,0xdc,0x89,
0x28,0x0c,0x0b,0x00,0xf2,0x14,0xb0,0xc0,0x2a,0xcc,0x99,0x2c,0x0c,0x00,0x07,0x60,
0x31,0xc0,0x40,0x00,0xac,0x40,0x3b,0x40,0x00,0x0a,0x1d,0x0a,0x75,0x06,0x09,0x40,
0x26,0x86,0x50,0xa1,0x70,0x0a,0x90,0x3d,0xd7,0x60,0x11,0x22,0x01,0x30,0x17,0x02,
0x50,0xeb,0xbb,0xc0,0x00,0x82,0x81,0x5f,0x70,0xbb,0xe2,0xc0,0x70,0xc0,0x00,0x3c,
0x7b,0x60,0xf0,0x00,0x1d,0x30,0xc0,0xc0,0xc0,0x1d,0xf9,0x07,0x2b,0x07,0x05,0x5c,
0x01,0x05,0xa1,0x8d,0x02,0xe3,0xb8,0x31,0x50,0x0c,0x00,0x86,0x83,0x28,0x00,0xc1,
0xc7,0x06,0xcd,0x50,0x18,0x02,0x00,0x9a,0x02,0x30,0xb0,0xc0,0x0d,0x04,0x32,0xb0,
0x07,0xca,0xa8,0x00,0xb0,0xc1,0xb1,0xa7,0x00,0x01,0x0b,0x5c,0x07,0x40,0x0b,0xaa,
0xaa,0xa9,0x8c,0x26,0x00,0xb3,0x07,0xf3,0x07,0x03,0x90,0x0c,0x00,0x00,0x50,0x99,
0x30,0x50,0x00,0x00,0x9a,0x75,0x00,0x82,0x4b,0xd6,0x05,0xca,0xac,0x01,0x20,0x06,
0x47,0x01,0xf2,0x65,0x40,0xe4,0x00,0x00,0x95,0xd2,0x09,0x90,0xfa,0xac,0xca,0xa1,
0x1a,0xc0,0x0c,0x00,0xa1,0xf2,0x5b,0x20,0xe1,0x00,0x0a,0x00,0x00,0xb0,0x18,0x10,
0xe1,0xcd,0x18,0xd1,0xa1,0x09,0x60,0x0c,0x00,0xa1,0x07,0x00,0x01,0x4c,0xe0,0x00,
0x60,0x48,0x03,0xfa,0x24,0xb6,0x7b,0xda,0xd0,0x06,0x47,0x20,0x56,0x0b,0x00,0xeb,
0xeb,0x0c,0x20,0xb0,0x7e,0x1a,0xb8,0x86,0xb6,0x02,0xb7,0xcd,0x14,0x71,0x00,0x0b,
0x0a,0xa5,0xcd,0xa8,0x00,0xb9,0xdd,0x60,0x92,0x00,0x0a,0x0a,0xa7,0xad,0xba,0x20,
0xa0,0x2a,0x00,0x92,0x00,0x54,0x0a,0xd0,0x6b,0x2f,0xf0,0x1a,0x1c,0xc4,0x00,0xb0,
0x00,0x06,0x39,0x11,0x4c,0x44,0x00,0xd9,0xd8,0x6a,0xe9,0xc0,0x6e,0x27,0xa6,0x4b,
0x0b,0x00,0xaa,0xcc,0x64,0xb0,0xb0,0x0a,0x27,0xa5,0xbe,0xab,0x00,0xaa,0xcd,0x00,
0xb2,0x40,0x0a,0x27,0xb0,0xe7,0x6b,0x9a,0x2b,0x38,0xed,0xe2,0x46,0x0b,0xb6,0x84,
0x04,0x2a,0x6e,0x90,0xc0,0x00,0x00,0x16,0x66,0x6c,0x86,0x66,0x11,0xfb,0x17,0x30,
0x41,0x00,0x7b,0x17,0x1b,0xc0,0x04,0x66,0x66,0x64,0x00,0x00,0x34,0x44,0x44,0x30,
0x00,0x1c,0xe0,0x2d,0x20,0x01,0xb0,0xa9,0x07,0x00,0xc7,0x17,0x12,0x10,0x0b,0x00,
0xf2,0x0d,0x6e,0xfe,0xfe,0x7a,0x88,0x10,0x6d,0x7c,0x5b,0xab,0x91,0x3c,0x78,0x1b,
0x49,0xa0,0x01,0x57,0x99,0x89,0x98,0xa1,0x00,0x00,0x4b,0x20,0x00,0x03,0xe7,0x0a,
0x60,0x68,0x88,0x88,0x50,0x00,0x07,0xa6,0x17,0x20,0x02,0xc7,0x2a,0x2d,0x10,0x2d,
0x07,0x1e,0x20,0x03,0x80,0x55,0x49,0x42,0x08,0x70,0x04,0x80,0xf8,0x5c,0x30,0x04,
0xbb,0x0b,0x25,0x47,0x20,0xc0,0x00,0x23,0x44,0x01,0xd7,0x5c,0x02,0x0b,0x00,0x10,
0x27,0x0b,0x00,0x30,0xcb,0x20,0x48,0x91,0x21,0x20,0x04,0x80,0x86,0x11,0x10,0xb2,
0xe9,0x2b,0x11,0x0b,0x97,0x13,0x75,0xc2,0x00,0x04,0xbb,0x00,0x0d,0x40,0x58,0x39,
0x10,0x2a,0xd0,0x53,0xf0,0x00,0x47,0x59,0x50,0x00,0x0c,0xb3,0xc0,0x2d,0x20,0x00,
0xa3,0xc3,0x00,0x5d,0x00,0x91,0x4a,0x40,0x10,0x04,0x50,0x00,0xe2,0x40,0xb2,0x55,
0x38,0x54,0x70,0x00,0x01,0x57,0x11,0x85,0x05,0xa8,0x00,0x49,0x20,0x09,0x42,0x83,
0x2f,0xf0,0x05,0x2c,0xa3,0x00,0x00,0xc1,0x40,0x9d,0x00,0x00,0x0d,0xc2,0x4c,0xa9,
0x00,0x01,0xc3,0x9b,0x10,0x8d,0x20,0x7d,0x08,0x12,0x30,0xd3,0x65,0x50,0x1c,0x55,
0xbb,0xbb,0xc0,0x85,0x31,0x31,0x0c,0x02,0x87,0x5b,0x3d,0x46,0xd0,0x0d,0xbb,0xb9,
0x0e,0x27,0x00,0xe8,0x0c,0xe8,0xc0,0x00,0x47,0x00,0xcd,0x4c,0x00,0x06,0x70,0x0b,
0x20,0xbd,0xdd,0xd2,0x4f,0x26,0x11,0x49,0xb3,0x04,0xf1,0x03,0x78,0x1e,0xaa,0xaa,
0x00,0x00,0x06,0x71,0xc1,0x10,0x3a,0x90,0xd1,0x0c,0x00,0x00,0x2d,0x03,0x03,0x0a,
0x51,0xbb,0xbf,0xbb,0x60,0x0c,0x0e,0x0a,0x20,0xc1,0x60,0x27,0x52,0x10,0xc3,0x0b,
0x00,0x14,0x70,0x85,0x11,0x00,0xe1,0x63,0x21,0xdb,0xbc,0x2f,0x68,0x10,0xc0,0x39,
0x32,0xa0,0x0d,0x31,0x4c,0xb0,0xa1,0x00,0x68,0x30,0x0c,0x0b,0x76,0x2d,0x20,0xc0,
0x2b,0x90,0x02,0xf0,0x08,0x01,0x68,0xa4,0x00,0x00,0xcb,0x41,0xdd,0x10,0x00,0x0b,
0x36,0xc4,0x4d,0xa1,0x00,0x04,0x60,0x00,0x05,0x00,0x02,0x20,0x4c,0x2a,0x20,0x2c,
0x20,0x43,0x08,0x80,0x23,0xac,0xdb,0xbb,0x24,0x86,0x00,0x56,0x1c,0x0e,0xf0,0x02,
0x05,0xdb,0xc8,0x00,0x0b,0x00,0x64,0x04,0x80,0x00,0xb2,0x09,0x20,0x47,0x00,0x0c,
0xb1,0xde,0x46,0x94,0xe3,0x76,0x00,0x85,0x00,0x03,0x4a,0x07,0xcd,0x05,0x1f,0x11,
0x20,0x91,0x02,0xf0,0x0a,0x2a,0xbb,0xeb,0xb1,0x00,0x22,0x00,0x1b,0x00,0x01,0x54,
0x00,0x11,0xb0,0x00,0x02,0xc0,0x48,0x1e,0xb9,0x00,0x0c,0x04,0x81,0xb0,0xc6,0x45,
0x00,0xe1,0x70,0x10,0x97,0x0b,0x00,0xf1,0x00,0xe8,0x59,0x3b,0x22,0x00,0x06,0x39,
0x99,0x99,0x93,0x03,0x40,0x00,0x0c,0x36,0xed,0x2c,0x80,0x80,0x00,0x02,0xbb,0xbf,
0xbb,0x44,0x96,0x51,0x1a,0x50,0x01,0xb0,0xab,0xa9,0x30,0xc6,0x10,0x40,0x75,0x00,
0x00,0xb0,0xc5,0x54,0xc1,0x0b,0xa0,0xc5,0x3c,0x33,0x00,0xf8,0xdb,0x60,0xa9,0x30,
0x16,0xd1,0x32,0x11,0x00,0x77,0x77,0x80,0x02,0x57,0xbc,0x40,0x00,0x87,0x46,0x78,
0x35,0x01,0xc0,0x14,0x91,0x10,0x5b,0x90,0x99,0xbd,0x99,0x40,0x0b,0x00,0x03,0x4f,
0x2b,0x60,0x3a,0xbd,0xa8,0x00,0x0b,0x05,0x46,0x08,0x20,0xc9,0x86,0x23,0x59,0x60,
0x55,0xca,0xaa,0xc0,0x00,0x10,0xb3,0x17,0x02,0x62,0x01,0x11,0x45,0x1a,0x5f,0x50,
0xb4,0x9d,0xbb,0xbb,0x10,0xdf,0x1e,0xf1,0x02,0xb1,0x49,0x78,0xbb,0xac,0x0b,0x11,
0x2b,0x09,0x20,0xb0,0xb1,0x00,0xb0,0x9a,0xae,0x0b,0x13,0x38,0x90,0xc0,0x00,0xb5,
0x7a,0xaa,0x0c,0x00,0x0d,0x90,0x91,0x0a,0x34,0x80,0x00,0x5c,0x46,0x17,0xf0,0x05,
0x35,0x00,0xa0,0x0b,0x00,0x00,0xb5,0x07,0x34,0x90,0x00,0x00,0x2a,0xbc,0xdb,0xb1,
0x38,0x80,0x00,0x57,0x53,0x52,0x50,0xbc,0xdb,0x80,0x00,0xc0,0x0b,0x00,0xd0,0x0c,
0x1b,0xbc,0xdb,0xb4,0x00,0xc2,0x40,0x57,0x00,0x00,0x0d,0xb1,0x39,0x3e,0x34,0x60,
0x00,0x57,0x5e,0x1e,0x91,0x6a,0x0a,0xbe,0xbb,0x70,0x00,0x73,0x01,0xa0,0x23,0x5c,
0xf0,0x00,0xcd,0x00,0x4b,0x90,0x06,0x50,0xb0,0x00,0x0c,0x28,0xc9,0x8d,0x81,0x00,
0xc1,0x11,0x75,0xf0,0x01,0x0c,0x04,0xba,0xab,0x30,0x00,0xd9,0x65,0x00,0x65,0x00,
0x1e,0x45,0xca,0xac,0x50,0xb7,0x00,0x14,0x65,0xdc,0x01,0x70,0x06,0xca,0xac,0x70,
0x00,0x68,0x65,0x5d,0x12,0xc1,0x06,0x95,0x58,0x70,0x26,0x50,0x26,0x66,0x62,0x02,
0x6c,0x09,0xf4,0x6d,0x20,0x00,0x65,0xe5,0x3b,0xf3,0x04,0xbd,0xdb,0xb4,0x00,0xc7,
0x10,0xcb,0x20,0x00,0x0e,0x73,0xb3,0x1c,0x70,0x00,0x25,0x91,0x00,0x07,0xf4,0x03,
0xf1,0x08,0x53,0x00,0x90,0x0a,0x00,0x01,0xc3,0x0b,0x26,0x60,0x00,0x01,0x18,0xbb,
0xeb,0x30,0x39,0x80,0xc0,0x00,0x55,0x00,0x2c,0x84,0x20,0x40,0xc0,0x8d,0xce,0xa3,
0x3c,0x4a,0xf3,0x03,0xc0,0x00,0x00,0xc9,0x1c,0x0c,0x04,0x00,0x0e,0x55,0x80,0xc0,
0xc0,0x00,0x45,0xb0,0x09,0xcb,0x8f,0x06,0x10,0x30,0x54,0x24,0xf0,0x03,0x1c,0x49,
0x9c,0xb9,0x80,0x00,0x11,0x69,0xcb,0x96,0x02,0x76,0x16,0x6a,0x96,0x62,0x15,0xc1,
0xd9,0x24,0xf0,0x0e,0x0c,0x07,0xa9,0x9b,0x70,0x00,0xc0,0x7a,0x88,0xa7,0x00,0x0c,
0x58,0xb9,0x9b,0x70,0x00,0xf8,0x74,0x00,0x57,0x00,0x05,0x07,0x40,0xcc,0x40,0x05,
0x20,0x43,0x03,0xf1,0x20,0x2d,0x3a,0xbe,0xbb,0x50,0x00,0x23,0x88,0xd9,0x86,0x05,
0xb8,0x06,0x51,0x72,0xa0,0x00,0xc0,0x59,0x5a,0x53,0x00,0x0c,0x07,0x85,0x70,0x00,
0x00,0xc4,0x99,0xcb,0x99,0x00,0x0d,0x91,0x5b,0x73,0x10,0x02,0xb3,0x7c,0x13,0xc6,
0x00,0x00,0x45,0x00,0xde,0x04,0x00,0xa9,0x70,0xf2,0x1a,0xca,0xaa,0xae,0x00,0xb4,
0xb0,0x06,0x0b,0x00,0x10,0xb2,0x9d,0x5b,0x4b,0x80,0xb1,0x3a,0x2b,0x00,0xb0,0xb5,
0x88,0x7b,0x00,0xb0,0xb2,0xaa,0x5b,0x00,0xb1,0xb4,0x70,0x9b,0x00,0xe9,0xc3,0xb9,
0x7b,0x01,0xb3,0xa0,0x79,0x3c,0x17,0xbd,0x97,0x04,0xf3,0x27,0x44,0x00,0xb0,0x2a,
0x00,0x00,0xb5,0xac,0xcd,0xba,0x00,0x00,0x18,0x37,0x92,0x90,0x4b,0xa0,0x66,0x79,
0x75,0x00,0x0c,0x4a,0xaa,0xaa,0xa3,0x00,0xc0,0x49,0x99,0x93,0x00,0x0c,0x07,0x51,
0x16,0x60,0x00,0xcb,0x8a,0x88,0xa6,0x00,0x0e,0x37,0xa9,0x9b,0x60,0x00,0x10,0x74,
0x11,0x56,0x0e,0x4d,0x70,0x02,0xdb,0xbd,0x90,0x00,0x02,0xc2,0x23,0x02,0x40,0xce,
0xbb,0xbb,0xbe,0xed,0x51,0x11,0x00,0x74,0x72,0x00,0xa3,0x62,0x10,0x1c,0x89,0x73,
0xb1,0x0b,0x5a,0x53,0x00,0x02,0x6d,0x70,0x18,0xd7,0x00,0x97,0xfd,0x24,0x90,0x00,
0x00,0x51,0x00,0x00,0xea,0xac,0x0c,0x10,0xb7,0x02,0xf1,0x1d,0xe0,0x00,0x00,0xb4,
0x2c,0x4e,0xbd,0xd3,0x0b,0x74,0xca,0xa0,0x74,0x00,0xb7,0x4d,0xba,0x09,0x10,0x0b,
0x83,0xc0,0x35,0x90,0x00,0x5b,0x24,0x00,0xb7,0x00,0x02,0xb8,0x60,0x89,0xc6,0x02,
0xc2,0x06,0xc8,0x01,0xc5,0x01,0x00,0x02,0x49,0x0d,0x20,0xc0,0x0d,0xe9,0x02,0x00,
0x8c,0x51,0x70,0x53,0xc0,0x0e,0xbb,0x40,0xb7,0x4c,0x0b,0x00,0x10,0x74,0x16,0x00,
0xf5,0x0c,0xb7,0x3c,0xab,0xbb,0xe0,0x05,0x93,0x4a,0x20,0x0c,0x00,0x0d,0x76,0xa2,
0x00,0xc0,0x0a,0x80,0xda,0xba,0xae,0x03,0xb0,0x01,0xa2,0x00,0xc0,0xe9,0x39,0x90,
0x44,0x43,0x00,0x8b,0xeb,0x74,0x44,0xc0,0x00,0xbe,0x49,0x80,0x02,0xaa,0xea,0x98,
0xaa,0xc0,0x00,0x0b,0x20,0x00,0xf0,0x04,0x75,0xc6,0x4c,0x00,0x22,0x08,0x4c,0x42,
0xc0,0x05,0x60,0xab,0xc0,0x09,0xcb,0xc2,0x0b,0x5e,0x20,0xb0,0x4a,0x43,0x4b,0xcc,
0xcc,0xd7,0x04,0x0c,0xf1,0x1e,0x92,0x06,0xbd,0xad,0x03,0xbd,0xb9,0x04,0x70,0xb0,
0x00,0x92,0x00,0xa2,0x0b,0x06,0xad,0xaa,0x79,0x3a,0x70,0x01,0x83,0x04,0x88,0x86,
0x00,0xb8,0x96,0x66,0x11,0xc0,0x0c,0x85,0x26,0x50,0x0c,0x02,0xee,0x30,0x5c,0xaa,
0xb0,0x56,0xb6,0x37,0x5e,0x43,0x8c,0xbb,0xbc,0xc4,0xf4,0x03,0x1c,0xfb,0xcc,0x50,
0x90,0x22,0x22,0x2d,0x00,0x00,0x99,0x9e,0x99,0x90,0xf5,0x1a,0x00,0x1b,0x1e,0x60,
0x0d,0xbb,0xb5,0x00,0x1e,0x80,0x40,0x19,0xa3,0x58,0xbd,0x32,0x22,0x11,0xa0,0x02,
0x79,0xaa,0xa2,0x58,0x24,0x60,0xaa,0xb5,0xdb,0xbb,0x20,0xb0,0xff,0x3c,0x10,0x0b,
0xde,0x3c,0x80,0x00,0xbb,0xc8,0x5c,0xaa,0xc0,0x02,0x47,0x21,0x0c,0xf0,0x07,0xb4,
0xb7,0x56,0x00,0xb0,0x0b,0x49,0x35,0xca,0xa9,0x00,0xb4,0x72,0x66,0x00,0x00,0x1d,
0xcb,0x76,0xc9,0x99,0x41,0x8a,0x20,0xf0,0x2d,0x10,0x0d,0xaa,0xab,0xaa,0xab,0x00,
0xa0,0x0a,0xb0,0x00,0xb0,0x0a,0x00,0xab,0xcc,0xcb,0x00,0xbc,0xb8,0xb0,0x00,0xb0,
0x03,0x66,0x0b,0xaa,0xab,0x00,0xb6,0xc6,0xb0,0xb0,0x82,0x0b,0x66,0x0b,0x09,0xb7,
0x00,0xb6,0x61,0xb0,0x1c,0x10,0x1d,0xbb,0x5b,0x78,0x4c,0x23,0x62,0x00,0x83,0x00,
0x34,0x00,0x00,0x00,0x41,0x3d,0x34,0xf6,0x5d,0x0d,0x20,0x00,0x0a,0x01,0xa3,0xea,
0xc6,0x00,0xa0,0x1a,0xcb,0x1a,0x00,0x0b,0xcb,0xa5,0x1d,0x70,0x00,0x46,0x50,0x1a,
0x5a,0x81,0x0b,0x6b,0x9d,0xa8,0x8b,0x60,0xb6,0x50,0x75,0x11,0xb0,0x0b,0x67,0x57,
0x40,0x0b,0x02,0xed,0xb3,0x7c,0xaa,0xb0,0x37,0x10,0x07,0x40,0x0b,0x00,0x1e,0xae,
0x00,0xb6,0x60,0x01,0xa0,0xb7,0x0b,0x66,0x83,0x1a,0x0b,0x87,0xb6,0x7c,0x00,0xbc,
0xb1,0xcb,0x6c,0x30,0x03,0x90,0x00,0xb6,0xa1,0x00,0xbb,0xa2,0xbb,0x68,0xc1,0x0b,
0x91,0xd4,0xb6,0x63,0x70,0xb9,0x01,0x48,0x66,0x04,0x0b,0xcb,0x4c,0x26,0x61,0xb4,
0xb6,0x1c,0x50,0x4d,0xc6,0xf0,0x45,0xf1,0x0a,0x00,0x01,0xea,0xe0,0x00,0xc3,0x00,
0x1a,0x0b,0x3a,0xac,0xba,0x61,0xa0,0xb6,0x80,0x00,0x29,0x0c,0xbc,0x35,0xaa,0xa6,
0x40,0x39,0xbf,0x01,0xf5,0x0a,0xaa,0x5b,0xbd,0xbb,0x70,0xb9,0x00,0x23,0xa3,0x50,
0x0b,0x90,0x0b,0x2a,0x1c,0x20,0xcc,0xb8,0xa0,0xa1,0x49,0x49,0x40,0x20,0xad,0xf5,
0x0a,0x10,0xb2,0xe3,0x31,0x00,0x88,0x49,0x30,0xc7,0x77,0x7e,0x2f,0x46,0x20,0x3d,
0x29,0x0f,0x00,0xa0,0xc3,0x01,0xc1,0x11,0x1d,0x60,0x3a,0xaa,0xaa,0xfe,0x40,0x5a,
0xc7,0x3b,0x00,0x01,0x7b,0x70,0x0b,0x00,0x1b,0x60,0x07,0xcd,0x00,0x32,0x5b,0x53,
0x0a,0xbc,0xeb,0xbb,0xb8,0x75,0x4e,0xf2,0x00,0x68,0x09,0x10,0x00,0x00,0x1f,0x99,
0xea,0x99,0x10,0x00,0x22,0x2b,0x32,0x20,0x59,0x00,0x10,0x3b,0xb8,0x4e,0x13,0x20,
0xf9,0x50,0x21,0x0b,0x20,0x3c,0x00,0x10,0x02,0x39,0x0b,0x00,0x38,0x2f,0xf0,0x04,
0xeb,0x98,0xbe,0xbb,0x10,0x1a,0x00,0x05,0x60,0x00,0x07,0x4a,0x1b,0xdc,0xbb,0x50,
0xda,0xe9,0x1c,0xd9,0x06,0xd0,0x12,0xeb,0xb9,0x00,0x03,0xda,0x20,0x07,0x70,0x1d,
0xad,0x10,0xb6,0xe8,0x3d,0x21,0x02,0xd6,0x7a,0x42,0x18,0xc3,0x17,0x08,0xf0,0x20,
0x0a,0x10,0x05,0xe0,0x00,0x02,0xc2,0x20,0xb9,0x80,0x02,0xad,0x99,0x49,0x0c,0x50,
0x07,0x57,0x1c,0x10,0x1c,0x40,0xeb,0xeb,0x52,0x06,0x11,0x00,0x1a,0x05,0x7a,0x70,
0x00,0x01,0xb5,0x5d,0x40,0x00,0x3c,0xee,0x65,0x60,0x0b,0x00,0x21,0xa0,0x56,0xe3,
0x53,0x35,0x03,0xdc,0xc8,0x94,0x30,0x00,0xfd,0x0b,0x10,0xc7,0xf7,0x19,0x70,0x5d,
0x54,0xbb,0xeb,0xc0,0x04,0x78,0x1d,0x83,0xf0,0x04,0xb6,0xd3,0xb0,0xb0,0xb0,0x03,
0x4c,0x3d,0xae,0xae,0x00,0x01,0xc5,0xb0,0xb0,0xb0,0x0b,0x9d,0x2b,0x1f,0x38,0x60,
0xb0,0xdb,0xeb,0xe0,0x00,0x0b,0x4c,0x18,0x22,0x00,0x52,0x7a,0x00,0xf0,0x17,0x8b,
0xbc,0x90,0x29,0xe9,0x90,0x00,0xa5,0x00,0x3a,0x11,0x00,0x5d,0x00,0x07,0x68,0x00,
0x4f,0xb0,0x00,0xc3,0xb1,0x8e,0x35,0xd3,0x19,0x9d,0x65,0x21,0x13,0x10,0x01,0xb1,
0x4a,0xea,0x90,0x2a,0xbe,0x53,0x1d,0x20,0x21,0xb0,0xe9,0x22,0x50,0x1b,0x09,0x99,
0x99,0x40,0x5e,0x30,0xf3,0x24,0x40,0x00,0xaa,0xea,0xa6,0x5b,0x20,0x24,0x4d,0x44,
0x88,0x66,0x04,0x79,0xa6,0x69,0xb6,0x60,0x2a,0xdc,0xaa,0x59,0x45,0x00,0x48,0x30,
0x00,0xb9,0x20,0x0b,0xbd,0xb9,0x0c,0xb0,0x00,0x00,0x94,0x40,0xc6,0x71,0x5d,0xde,
0xb8,0xa8,0xbb,0x00,0x00,0x92,0xb7,0x05,0xb0,0xd6,0x05,0x10,0x53,0xb9,0x2f,0xf0,
0x0b,0x1a,0x31,0x11,0xb3,0x10,0x09,0xe9,0x78,0xa9,0xa9,0x40,0x46,0x90,0x1a,0x07,
0x70,0x0c,0xbe,0x7b,0x60,0x6a,0x30,0x00,0xb0,0x19,0x1b,0x7d,0x12,0xf0,0x2e,0x2d,
0x70,0x01,0xdb,0xd4,0x02,0xe8,0x00,0x00,0x0b,0x03,0xc2,0x8b,0x20,0x00,0xb2,0xa1,
0x00,0x54,0x00,0x73,0x00,0x0b,0x54,0x00,0x9d,0xa7,0xaa,0xea,0xb3,0x02,0xb1,0x10,
0x0b,0x00,0x00,0x65,0x80,0x87,0xd7,0xa0,0x0d,0xbe,0x7c,0x6d,0x6d,0x00,0x00,0xb0,
0xc4,0xc4,0xc0,0x01,0x4d,0x8c,0x9e,0x9e,0x01,0xea,0xc1,0xb0,0x41,0x4d,0x11,0x0b,
0xee,0x00,0x33,0xb0,0xb4,0xc0,0x4f,0x75,0xf1,0x23,0x30,0x8b,0xaa,0xc0,0x1a,0xea,
0x88,0x63,0x3c,0x00,0x4c,0x43,0x48,0x88,0x60,0x05,0x68,0x3c,0xb9,0x9d,0x60,0xc8,
0xd5,0x78,0x66,0xb0,0x03,0x4c,0x27,0x63,0x3b,0x00,0x01,0xc5,0x7b,0x99,0xb0,0x1d,
0xbd,0x38,0x53,0x5d,0x60,0x00,0xb6,0xa8,0x76,0xc2,0x00,0x0b,0xbb,0x0d,0x30,0x82,
0x00,0x5e,0xdf,0x68,0xf2,0x20,0x0c,0x5a,0x00,0x1a,0xea,0x6a,0x83,0x9a,0x00,0x48,
0x69,0x67,0x66,0x56,0x0b,0x7b,0x7b,0xb4,0x8a,0x10,0x56,0xb6,0xbb,0x4b,0xa1,0x00,
0x4c,0x86,0x64,0xba,0x11,0xca,0xb6,0xbb,0x4a,0xa1,0x00,0x29,0x55,0x64,0x0a,0x10,
0x02,0x95,0x7c,0x28,0xc0,0xd9,0x2a,0x11,0x7a,0x40,0x07,0x20,0x72,0xbb,0xef,0x0b,
0x00,0x92,0x6b,0x40,0x5b,0xb0,0x06,0x60,0xc3,0x50,0x10,0xc1,0x89,0x5c,0xf1,0x06,
0x87,0x21,0x48,0x00,0x0d,0x48,0x03,0xbc,0x20,0x0b,0x8b,0x41,0x01,0x12,0x04,0x80,
0x17,0xab,0xbb,0xa2,0x07,0xea,0x1e,0x20,0x7a,0x00,0x59,0x2d,0xe0,0x85,0xbb,0xbb,
0xeb,0x40,0x00,0x03,0x20,0x1a,0x00,0x5b,0xb0,0x2b,0x01,0x43,0x09,0x20,0x75,0x1a,
0x56,0x00,0x00,0x0b,0x00,0x00,0x7a,0x42,0xd0,0x0a,0x9a,0x41,0x13,0x22,0x14,0x70,
0x17,0xab,0xba,0xa4,0x02,0x00,0x76,0x24,0x41,0xa7,0x09,0xaa,0xaa,0x40,0x06,0x01,
0xa8,0x34,0x60,0xaa,0xa0,0x5b,0xb0,0x0a,0x13,0x44,0x17,0xf0,0x02,0xa0,0x77,0x00,
0x00,0xc0,0x84,0x03,0xe1,0x00,0x0c,0x2e,0xba,0x87,0x90,0x09,0xaa,0x31,0x6e,0x00,
0xf0,0x04,0x28,0xab,0xbb,0xa0,0x06,0x00,0x12,0x47,0xb3,0x00,0x4c,0x0c,0x87,0x41,
0x00,0x00,0x30,0xb2,0x22,0xc6,0x16,0x80,0x88,0x8c,0x40,0x3b,0xb0,0xb5,0x50,0xc0,
0x57,0x22,0xf3,0x08,0xc7,0x00,0x00,0xc0,0xb0,0x4f,0x70,0x00,0x0c,0x67,0x7c,0x1b,
0x60,0x04,0xd9,0x27,0x00,0x06,0x03,0xc1,0x6b,0xbb,0xbc,0xb8,0x02,0x03,0x74,0x00,
0x62,0x3a,0xac,0xda,0x70,0x00,0x90,0x11,0x03,0xf2,0x04,0x5f,0x20,0x00,0x5b,0xb0,
0x3a,0xc3,0xc1,0x00,0x0c,0x3b,0x0c,0x03,0xd1,0x00,0xc0,0x10,0xc0,0x02,0x3d,0x37,
0x43,0x09,0xaa,0x31,0x41,0x74,0x00,0xf0,0x03,0x05,0x00,0x0c,0x02,0xa0,0x00,0x98,
0x00,0xc0,0x2a,0x00,0x00,0xa4,0xbe,0xbc,0xeb,0x10,0x00,0x0b,0x00,0x71,0x5b,0xb5,
0xbe,0xbb,0xeb,0x40,0x0c,0x16,0x00,0xe1,0xc0,0x68,0x02,0xa0,0x00,0x0d,0x2b,0x00,
0x19,0x00,0x0b,0x7b,0x41,0x01,0xe2,0x00,0x31,0xbb,0xa4,0x03,0x18,0x24,0xa0,0x89,
0x28,0xac,0x88,0x80,0x00,0x71,0x3d,0x34,0x32,0xe8,0x09,0x91,0xa0,0x00,0x27,0x70,
0xbb,0xbe,0xb4,0x01,0x4c,0xc6,0x45,0x40,0xc4,0xbb,0xbe,0xbb,0xf5,0x35,0x10,0xa0,
0x24,0x1e,0x88,0x06,0x00,0x02,0xc0,0x5b,0xbb,0xbb,0xc5,0x63,0x03,0xa0,0xb3,0x0a,
0xbb,0xbe,0x00,0x01,0xd1,0xa2,0x00,0xb0,0xc9,0x69,0x10,0x0b,0xd7,0x1f,0x61,0xdd,
0xd0,0x05,0xbb,0x0b,0x12,0x56,0x14,0x10,0x6a,0x86,0x08,0x30,0x00,0x5b,0x00,0x03,
0x77,0xc0,0x68,0x00,0xa9,0xa3,0x10,0x11,0x20,0x47,0x02,0x7a,0xbb,0xaa,0x5f,0x1e,
0xc0,0xc1,0x70,0x00,0x89,0x00,0x0c,0x09,0x30,0x00,0x76,0xbb,0xfb,0x2b,0x56,0xf0,
0x08,0x8f,0x50,0x00,0x5b,0xb0,0x0b,0xc5,0xa0,0x00,0x0c,0x08,0x5c,0x0a,0x50,0x00,
0xc4,0xa0,0xc0,0x1c,0x00,0x0c,0x20,0x0c,0x3d,0x4e,0x31,0x31,0x41,0x11,0xe8,0x00,
0x03,0x74,0x28,0x10,0xa1,0x03,0x1c,0x20,0x04,0xb0,0x87,0x1d,0x50,0x07,0x1c,0x99,
0x9e,0x00,0x90,0x04,0xf3,0x12,0xc0,0x05,0xbb,0x0c,0x66,0x67,0x50,0x00,0xc0,0xc0,
0x88,0xb4,0x00,0x0c,0x0c,0x02,0x9b,0x00,0x00,0xc0,0xcb,0xa0,0x8a,0x00,0x5d,0x85,
0x10,0x00,0x30,0x4c,0x06,0xcb,0xbc,0x45,0x77,0xe0,0x03,0x00,0x54,0x03,0x80,0x00,
0xb6,0x01,0x90,0xa2,0x00,0x00,0x96,0xaa,0xc3,0x24,0xf3,0x00,0x09,0x0c,0x07,0x10,
0x4b,0xb0,0xb0,0xc0,0x92,0x00,0x0c,0x0c,0xae,0xad,0x20,0x03,0x5f,0xb2,0x00,0x87,
0x00,0x00,0x09,0x9b,0x58,0x00,0x12,0x04,0x70,0xd5,0x01,0xf1,0x0a,0x23,0x73,0x00,
0x00,0x7a,0x08,0x78,0x51,0x00,0x00,0x61,0xd9,0xca,0x94,0x00,0x00,0x36,0x28,0x52,
0x20,0x4b,0xa4,0x8d,0x8e,0x88,0x8d,0x5f,0x40,0x30,0x00,0xc0,0x3b,0x2d,0x6e,0x70,
0x2d,0x20,0x9c,0x90,0x07,0xd8,0x10,0x4e,0x1f,0x43,0x6b,0xbb,0xbc,0xc2,0x87,0x04,
0xf0,0x02,0x21,0xab,0xab,0xe2,0x00,0x2d,0x00,0x8b,0xa1,0x00,0x00,0x10,0xaa,0xcd,
0xa7,0x00,0x00,0xca,0x0c,0x80,0x4b,0xa0,0xe9,0xe9,0x9b,0x00,0x1c,0x0b,0xae,0x31,
0xf5,0x03,0xc0,0xe9,0xd9,0x9b,0x00,0x0d,0x0b,0x0b,0x29,0xa0,0x08,0x89,0x10,0x00,
0x10,0x03,0xc0,0x3b,0x67,0x01,0x11,0x04,0x3c,0x59,0xf0,0x05,0x7a,0x6b,0xbe,0xbb,
0xb2,0x00,0x70,0x55,0xd5,0x53,0x00,0x00,0x0c,0x4c,0x45,0xa0,0x5b,0xd0,0xea,0xea,
0x87,0x4a,0xf0,0x1a,0x5f,0x60,0x00,0x00,0xc0,0x4a,0xb6,0xc4,0x00,0x0c,0x3b,0x0b,
0x01,0x80,0x0a,0x8b,0x41,0x61,0x12,0x14,0x70,0x17,0x9a,0xbb,0xa4,0x0a,0x14,0xbd,
0x9d,0x9c,0x00,0x5b,0x45,0x90,0x90,0xa0,0x00,0x64,0xbc,0xac,0xaa,0xa3,0x53,0xd0,
0x11,0x00,0x5b,0xb0,0x4c,0x77,0xc5,0x00,0x0c,0x4b,0xa7,0x3b,0x00,0xdc,0x61,0x50,
0x10,0x00,0x0c,0x18,0xd7,0x61,0x01,0x83,0x71,0x01,0x12,0x04,0x70,0x27,0xaa,0xbb,
0x19,0x07,0xe0,0x30,0x04,0x70,0x64,0x00,0x09,0x74,0x7d,0x7d,0x76,0x00,0x09,0x22,
0x2c,0xc3,0x02,0xd0,0xba,0xaa,0xe0,0x03,0x88,0x0b,0x88,0x8d,0x00,0x13,0xd0,0xb2,
0x22,0xc8,0x02,0x00,0x77,0x01,0xf0,0x2e,0xc0,0xb8,0x88,0xd0,0x00,0x9a,0xa4,0x33,
0x33,0x20,0x48,0x02,0x8a,0xbb,0xba,0x00,0x07,0x02,0x46,0x7a,0xb7,0x00,0x5c,0x4a,
0x57,0x05,0x50,0x00,0x30,0xa2,0xb0,0xd1,0x00,0x00,0x03,0x83,0x36,0x30,0x3b,0xa0,
0xb7,0xd7,0x77,0x00,0x0c,0x6a,0xae,0xaa,0xa4,0x00,0xc0,0x80,0xb0,0x08,0x00,0x0c,
0x0d,0xae,0xaa,0xc0,0x07,0xb1,0x36,0x0e,0x4f,0x02,0xf0,0x0c,0x04,0x90,0x03,0x66,
0x30,0x4a,0xae,0xa8,0x87,0x7b,0x00,0x65,0x0c,0x08,0x36,0x50,0x02,0xa2,0x90,0x83,
0xb0,0x06,0xab,0xaa,0xa9,0x3b,0x20,0xbb,0x46,0x50,0x2b,0x00,0xba,0xac,0x58,0x74,
0x71,0x30,0x65,0x86,0x8d,0x0b,0x00,0x64,0x32,0x10,0x0b,0x00,0x65,0x83,0xf7,0x5c,
0x70,0xdc,0xc9,0x9b,0xbe,0x00,0x09,0x65,0x65,0x36,0xf0,0x0a,0xdc,0xb6,0x00,0x0b,
0x00,0xb9,0x54,0xb1,0x11,0xb0,0x0b,0x95,0x4b,0xba,0xaa,0x00,0xba,0x2a,0xbb,0x00,
0x00,0x0b,0x30,0x0b,0xb0,0xf6,0x4c,0xe0,0xbb,0x00,0x37,0x0c,0x99,0x9b,0xa1,0x05,
0x70,0xb1,0x11,0xa7,0xcc,0xd3,0xfa,0x1d,0xc0,0xa2,0x00,0x5b,0xaa,0x96,0x34,0x10,
0x00,0x80,0x2b,0x00,0xc3,0x3e,0x34,0x74,0x4a,0x00,0x00,0x17,0x07,0x06,0x10,0xb0,
0x5c,0xf0,0x07,0xae,0xc4,0x00,0x00,0x01,0xb6,0xb2,0xb7,0x00,0x06,0xd4,0x0b,0x10,
0x8d,0x50,0x61,0x00,0xb1,0x00,0x21,0x00,0x26,0xd1,0x75,0xf0,0x11,0xbd,0x53,0xdc,
0xad,0x60,0x33,0xb6,0x62,0xd4,0xd0,0x03,0x7b,0x92,0x06,0xf4,0x00,0x07,0xb7,0x02,
0xc9,0xc3,0x06,0xae,0x98,0xb2,0x62,0x92,0x05,0xe3,0x1b,0xbe,0xb9,0x4a,0x7b,0x91,
0xb0,0x00,0x85,0xb0,0x6b,0xbe,0xbb,0x24,0x0b,0xca,0x01,0x11,0xb0,0xba,0x12,0xf0,
0x00,0x01,0x23,0x57,0x30,0x00,0x2a,0x99,0xc5,0x31,0x00,0x39,0x99,0xad,0x99,0x98,
0x81,0x10,0x40,0x98,0x00,0x04,0x70,0x60,0x70,0xf1,0x01,0x4c,0x89,0xd8,0x8c,0x00,
0x03,0x98,0x9d,0x88,0x90,0x00,0x8a,0xaa,0xda,0xaa,0x30,0xb7,0x04,0xf0,0x01,0x05,
0xaa,0xab,0xda,0xaa,0xa1,0x00,0xe9,0x99,0x9b,0x80,0x00,0x0d,0x88,0x88,0xa8,0xd3,
0x25,0x30,0x8a,0x70,0x05,0xa6,0x0e,0xf1,0x08,0x91,0x02,0x87,0x78,0x77,0x70,0x00,
0x3c,0x89,0xc8,0x8c,0x00,0x03,0xa4,0x5b,0x44,0xb0,0x00,0x16,0x67,0xb6,0x64,0x00,
0xcf,0x19,0x30,0x06,0xaa,0xaa,0x37,0x00,0x01,0x22,0x10,0x20,0x74,0x92,0x3d,0x37,
0xf2,0x22,0x49,0x25,0xca,0xaa,0x00,0x74,0x93,0xb1,0x96,0x10,0x01,0x07,0x8f,0x60,
0x51,0x00,0x00,0x8d,0x5c,0xa1,0x00,0x05,0xcc,0x77,0x7c,0xe8,0x13,0x71,0x13,0xc3,
0x11,0x62,0x05,0xcc,0xae,0xad,0xb4,0x00,0x01,0xa0,0xb0,0xb0,0x00,0x1a,0xae,0xae,
0xae,0xaa,0x10,0x02,0x08,0x01,0x5f,0x09,0x41,0x05,0xeb,0xa0,0x0d,0x0f,0x5e,0xf1,
0x01,0xd0,0x00,0x6c,0xbb,0x55,0x5e,0x55,0x20,0x09,0x20,0x56,0xe6,0x62,0x2a,0xdb,
0x80,0xfc,0x26,0x00,0x80,0x09,0x70,0x92,0x50,0x0d,0x00,0x00,0x0a,0xc6,0x0b,0x00,
0x16,0x82,0xb6,0x7b,0x11,0x0c,0xe6,0x31,0x30,0xfb,0x80,0x0c,0xcc,0x4d,0x90,0xbb,
0xeb,0xb8,0x3d,0xbb,0x6b,0x0c,0x02,0xa0,0xdb,0x0c,0x62,0x2a,0x0a,0xdb,0x6d,0xae,
0xab,0x0b,0x00,0x41,0x00,0x92,0x31,0x0c,0x60,0x24,0x22,0xc0,0x00,0x78,0x48,0x04,
0x3d,0x00,0xa0,0x35,0x55,0x40,0x02,0xfb,0x84,0xa9,0x6d,0x00,0xb3,0x95,0x40,0xf0,
0x00,0x3e,0xbb,0x70,0x93,0x0c,0x00,0x09,0x20,0xae,0xba,0xc0,0x0a,0xdb,0x80,0xb0,
0x0b,0x00,0x00,0x65,0x0e,0xa0,0x92,0x30,0xc0,0x0c,0x00,0x09,0xba,0x2c,0x12,0xc1,
0xe9,0x4a,0x23,0x99,0x60,0x56,0x5d,0xf0,0x04,0x05,0x00,0x55,0x00,0x07,0xca,0x57,
0x5b,0x97,0x21,0xc0,0x00,0x72,0xc5,0x31,0x5a,0xd9,0x00,0x37,0xc5,0x06,0x61,0x87,
0xbe,0xa2,0x2a,0xea,0x0b,0x8c,0x01,0xf4,0x05,0xb8,0xae,0xa4,0x00,0xb4,0x2b,0x00,
0xb0,0x00,0x0e,0xa7,0xb3,0x03,0x00,0x00,0x91,0xb0,0x9b,0xbc,0x60,0xab,0x3d,0xf0,
0x01,0x0b,0x08,0x00,0x4e,0xb7,0x85,0xb2,0xb0,0x0b,0x00,0x02,0x4c,0x44,0x03,0xcc,
0xb2,0xf0,0x02,0xc0,0xc0,0x0b,0x09,0x0b,0x00,0xae,0xa7,0xb0,0xc0,0xb0,0x00,0xc0,
0x0d,0x07,0xf0,0x01,0x0c,0x27,0x53,0x93,0x50,0x00,0xda,0x14,0xb1,0x8b,0x10,0x03,
0x06,0x70,0x00,0x46,0xa0,0x54,0x71,0xb0,0x00,0x4d,0xa5,0x9e,0xae,0xa3,0x2a,0x07,
0x80,0x03,0xae,0xb7,0x8d,0x8d,0x85,0x00,0xb1,0xc3,0x2a,0xf5,0x43,0xae,0xb5,0x7b,
0xaa,0xb0,0x00,0xb1,0x08,0x53,0x3b,0x00,0x0b,0x35,0x87,0x55,0xc0,0x00,0xdc,0x28,
0xa9,0x9c,0x00,0x05,0x00,0x83,0x11,0xb0,0x02,0x80,0x32,0x04,0x70,0x00,0x7c,0xa6,
0xd5,0x9b,0xd0,0x0a,0x00,0x38,0x9b,0xce,0x64,0xdd,0xaa,0x30,0x47,0xb0,0x00,0xc0,
0xac,0x5a,0xc9,0x01,0x8e,0x78,0x85,0x9b,0x72,0x00,0xc0,0x9a,0x9b,0xc9,0x60,0x0c,
0x65,0xc0,0x37,0x00,0x00,0xf5,0xc6,0xa3,0x40,0x00,0x16,0x66,0x03,0xab,0xc7,0xfc,
0x30,0x01,0xd3,0x73,0x10,0x05,0x0a,0x20,0xf1,0x0b,0x6c,0xa9,0xe8,0x02,0xd0,0x04,
0x89,0x6b,0x52,0x8b,0xcb,0x55,0x55,0x55,0x20,0x0b,0x05,0xc9,0x9a,0x90,0x5a,0xea,
0x6c,0x88,0x99,0x00,0x0b,0x00,0xf3,0x02,0x00,0xb2,0x11,0x97,0x31,0x00,0x0c,0xb0,
0x85,0x73,0x56,0x00,0x90,0xa8,0x05,0xdd,0x20,0xc8,0x0e,0x00,0xe7,0x22,0x30,0x05,
0x80,0x06,0x9b,0x60,0x70,0x4b,0x70,0x00,0x00,0x05,0x82,0x10,0xca,0x36,0x00,0x90,
0x26,0x31,0x05,0x80,0xa3,0xe9,0x0e,0x10,0xd1,0x34,0x19,0x81,0x25,0xc2,0x00,0x00,
0x5b,0xc7,0x04,0xd8,0xbb,0x47,0x21,0x60,0x05,0x03,0x06,0x30,0x3c,0xcc,0xcc,0x63,
0x24,0x10,0xc6,0x41,0x5f,0x10,0xd0,0xbf,0x16,0x1f,0x00,0x09,0x00,0x04,0x31,0x02,
0xdd,0x90,0x41,0x68,0x70,0xa4,0x4b,0xbb,0xbe,0x01,0xb0,0x00,0xad,0x34,0xf0,0x0d,
0x60,0x0c,0xc4,0xaa,0xae,0xa6,0xcc,0x00,0x0a,0xc0,0x0c,0xc0,0x07,0x5b,0x00,0xcc,
0x08,0x90,0xb0,0x0c,0xc5,0x70,0x0b,0x00,0xcc,0x00,0x1b,0x70,0x00,0x3b,0x31,0xbd,
0xb0,0x03,0x0e,0x2d,0x30,0x4b,0xbb,0xbc,0xad,0x5f,0x10,0xc6,0x49,0x00,0x50,0xc0,
0xaa,0xaa,0xa0,0xcc,0x9b,0x2b,0x00,0x99,0x73,0x50,0xcc,0x0c,0xbb,0xbc,0x0c,0xe9,
0x0b,0x00,0xad,0x33,0x01,0x32,0x00,0x21,0xa0,0x04,0xb1,0x0a,0x30,0x4b,0xbb,0xbd,
0xdf,0x23,0x11,0xc8,0x17,0x00,0x32,0xca,0xaa,0xc0,0x32,0x00,0x05,0x09,0x00,0x34,
0x8a,0xaa,0x80,0x32,0x00,0x31,0x6c,0xb0,0x04,0x64,0x00,0xf2,0x1b,0x7a,0xaa,0xae,
0x02,0x80,0x10,0x00,0xc8,0x00,0x08,0x4b,0x0c,0xc6,0x88,0xba,0x96,0xcc,0x28,0x85,
0x66,0x1c,0xc5,0x49,0x29,0xa0,0xcc,0x28,0x80,0xb6,0x2c,0xc7,0xaa,0x8d,0x89,0xcc,
0x00,0x4c,0x18,0x3c,0xc0,0x01,0x00,0x15,0x31,0xf1,0x03,0x0e,0xac,0x79,0xbb,0xbc,
0xc0,0x93,0x92,0x00,0xcc,0x0c,0x09,0x20,0x0c,0xc4,0x80,0x9b,0xbb,0x09,0x00,0xb0,
0xc0,0x66,0x98,0x77,0xcc,0x04,0x8a,0x43,0x3c,0xc6,0xb3,0x37,0x67,0x81,0x68,0x00,
0x0c,0xc0,0x2b,0x00,0xad,0x81,0x7a,0x5d,0xf0,0x0b,0xe0,0x0b,0x80,0x00,0xc0,0xb0,
0x56,0x72,0x00,0xc3,0x80,0xb0,0x0b,0x10,0xc8,0x3b,0x30,0x03,0xb1,0xc5,0x85,0xb0,
0x0c,0x32,0xc0,0xb0,0xf0,0x69,0x00,0xf5,0x69,0x30,0xc9,0x80,0xb0,0x26,0x4f,0x20,
0x70,0x0c,0xd6,0x45,0x04,0x58,0x33,0x00,0x06,0x06,0xf0,0x0e,0xeb,0xd0,0x0b,0x40,
0x00,0xc1,0xa0,0x03,0xa0,0x00,0xc5,0x5e,0xbb,0xbb,0xd3,0xc9,0x1b,0x20,0x00,0x93,
0xc6,0x55,0xc0,0x07,0x61,0xc0,0xb0,0xc7,0xb5,0xa3,0x82,0xc0,0x00,0x00,0xc9,0x80,
0xc0,0x00,0x93,0xc0,0x00,0xc3,0x12,0xc2,0x4c,0x18,0x02,0x79,0x26,0x31,0xeb,0xd0,
0x84,0x68,0x77,0xf2,0x13,0x05,0x70,0xb7,0x44,0xa9,0x9b,0xc5,0xbb,0x0c,0xa2,0x26,
0x81,0xb6,0x98,0xa9,0x24,0x70,0xb0,0xb2,0xa3,0x94,0x70,0xb0,0xc2,0xa0,0xb4,0x70,
0xcc,0x82,0xa0,0x04,0x70,0xb0,0x02,0x05,0x00,0x12,0xcd,0x45,0x18,0xf3,0x1f,0x22,
0x10,0x07,0x00,0x00,0xe9,0xe0,0x7b,0xae,0x40,0xb0,0xb2,0xda,0x3c,0x00,0xb4,0x7b,
0x28,0xf2,0x00,0xb9,0x20,0x3c,0x8b,0x30,0xb6,0x6b,0x91,0x62,0x95,0xb0,0xb6,0xaa,
0xea,0xa0,0xc2,0xc3,0x50,0xb0,0x00,0xc9,0x68,0xcb,0xeb,0xb4,0xb0,0x96,0x57,0x13,
0xb0,0xa6,0x77,0xf0,0x06,0xd3,0xda,0xaa,0xb0,0xc0,0xa3,0x90,0x00,0xb0,0xc4,0x63,
0xda,0xaa,0xb0,0xc8,0x13,0x90,0x00,0xb0,0xc3,0x83,0x14,0x00,0xf0,0x3b,0xb3,0x91,
0xb0,0x62,0xc0,0xb5,0x90,0xc8,0xa0,0xc8,0x93,0x90,0x4d,0x00,0xc0,0x03,0xa7,0x77,
0xa1,0xc0,0x04,0xa4,0x00,0x65,0xeb,0xe0,0x0a,0x90,0x00,0xb0,0xb0,0x47,0x47,0x00,
0xb4,0x71,0xb0,0x09,0x70,0xb9,0x3c,0xbb,0xba,0xa7,0xb6,0x62,0x04,0x70,0x00,0xb0,
0xb9,0xac,0xda,0xa1,0xb0,0xc0,0x64,0x76,0x00,0xca,0x64,0x94,0x77,0x80,0xb0,0x0c,
0x14,0x70,0xc2,0xb0,0x02,0x6c,0x50,0x00,0xd5,0x63,0x30,0x0e,0xbe,0x11,0x5a,0x7e,
0xf0,0x15,0x7c,0xac,0x7c,0x48,0x2c,0x00,0xa0,0xc9,0x27,0x20,0x83,0x0c,0x38,0x2a,
0xa4,0xaa,0xc0,0xb5,0x60,0x00,0xbc,0x4d,0x5c,0x94,0xae,0xc6,0x45,0x60,0x00,0xbc,
0x00,0x5c,0xaa,0xae,0xc0,0x05,0x85,0x3d,0x00,0x50,0x13,0xb0,0xeb,0xd7,0x00,0x65,
0x00,0xb2,0xa7,0x8a,0xdb,0xa7,0xb6,0x10,0x58,0xf6,0x14,0xbb,0x00,0x05,0xda,0xd3,
0xb7,0x68,0x5c,0xd8,0xb3,0xb1,0xb5,0xb5,0xa1,0x83,0xb0,0xb2,0xa1,0xd9,0xc3,0xcc,
0x82,0xa1,0xa1,0x83,0xb0,0x07,0xc4,0x63,0x80,0xb0,0x69,0x08,0xbb,0xca,0xf6,0x17,
0xf1,0x23,0xea,0xd9,0xaa,0xaa,0xa8,0xb2,0x90,0x78,0x88,0x60,0xb7,0x40,0xb0,0x00,
0xb0,0xbc,0x00,0x9a,0xaa,0x80,0xb7,0x56,0x99,0x99,0x95,0xb1,0xaa,0x15,0x06,0x29,
0xb0,0xba,0x0b,0x29,0x29,0xba,0xba,0x69,0xd9,0x69,0xb1,0x0a,0x00,0xc0,0x29,0xb0,
0x0a,0x00,0xc3,0xb6,0x52,0x87,0xf2,0x1e,0xeb,0xd4,0x77,0xd7,0x70,0xb2,0x92,0x97,
0x3b,0x30,0xb7,0x69,0xac,0x9d,0x94,0xbb,0x02,0x44,0x44,0x30,0xb5,0x64,0xb7,0x77,
0xb0,0xb0,0xa4,0xc9,0x99,0xb0,0xb1,0xc4,0xc8,0x88,0xb0,0xbc,0x71,0x22,0xc2,0x20,
0xb0,0x39,0x99,0xe9,0x95,0x45,0x01,0x21,0x01,0x01,0x06,0x62,0x10,0xa3,0x13,0x43,
0xf0,0x14,0xad,0xaa,0xa6,0x00,0xbe,0x88,0xc9,0x88,0x00,0x05,0xb9,0x9c,0xa9,0x90,
0x00,0x0b,0x44,0xa5,0x44,0x30,0x00,0x46,0x6d,0x66,0x65,0x00,0xaa,0xab,0xfc,0xaa,
0xa5,0x00,0x03,0xbd,0x97,0x17,0x3e,0xf0,0x00,0xc0,0x7d,0x72,0x1c,0x50,0x0c,0x00,
0x18,0x20,0x01,0x99,0x9e,0x99,0x91,0x00,0x07,0x87,0xf0,0x10,0x90,0x0c,0x57,0x4c,
0x47,0x5c,0x00,0x57,0x96,0xd6,0x97,0x50,0x00,0x04,0xa1,0x98,0x10,0x00,0x5a,0x73,
0xa7,0x3b,0xa2,0x16,0x59,0x99,0xa9,0x42,0x00,0x00,0x22,0xeb,0x03,0x32,0x02,0x9d,
0xc1,0x9a,0x7e,0xf0,0x23,0x00,0x04,0xaa,0xad,0xaa,0x90,0x01,0x99,0x9a,0xd9,0x99,
0x60,0x2a,0x56,0x4a,0x56,0x3b,0x01,0x51,0x23,0xa1,0x21,0x50,0x12,0x9a,0x55,0x9a,
0x52,0x05,0x99,0x9b,0xc9,0x99,0x90,0x07,0x9a,0xcb,0xa9,0xa2,0x00,0xb0,0x56,0x0b,
0x08,0x40,0x0b,0x05,0x60,0xb0,0x84,0x0b,0x00,0x31,0x6d,0x20,0x01,0x6a,0x0f,0x10,
0xca,0x2d,0x2f,0xf0,0x09,0x0c,0x78,0x3c,0x58,0x5c,0x00,0x26,0x73,0xb5,0x74,0x20,
0x04,0x99,0x99,0x99,0x97,0x00,0x64,0x77,0x77,0x76,0x00,0x06,0xa9,0xa1,0x41,0xe1,
0x80,0xc0,0x0a,0x3b,0x20,0x0a,0x0c,0x47,0x5b,0x92,0x01,0x40,0x86,0x20,0x8e,0x4b,
0x00,0x3d,0x0c,0xf0,0x1e,0x10,0x08,0xac,0x00,0x49,0xda,0x92,0x63,0xc0,0x01,0xad,
0xa6,0xb1,0x93,0x00,0x35,0xb5,0x79,0xae,0xab,0x03,0x55,0x55,0x33,0xc3,0xb1,0x0d,
0x8a,0x77,0x7d,0x7d,0x20,0xd8,0xa7,0x37,0xd7,0xb0,0x0d,0x9a,0x70,0x1b,0x19,0x00,
0xa0,0x37,0x4e,0x1d,0x36,0x3c,0x51,0xb9,0xed,0x4f,0x11,0xc0,0xad,0x7f,0x00,0x14,
0x19,0x20,0xd0,0xcb,0x64,0x45,0x01,0xc9,0x5a,0x32,0xd0,0xcb,0xb8,0x0b,0x00,0x10,
0x2b,0x16,0x00,0x12,0x30,0xcb,0x42,0x06,0x2c,0x00,0x13,0x1b,0x08,0x64,0x11,0xd0,
0xf6,0x17,0x00,0xf9,0x30,0xf0,0x10,0xbe,0xbc,0xdb,0xd0,0x07,0x50,0xb1,0x56,0x0c,
0x00,0x75,0x0d,0x8a,0x60,0xc0,0x07,0x50,0xea,0xb6,0x0c,0x00,0x75,0x0b,0x04,0x60,
0xc0,0x07,0xcb,0xeb,0xcd,0xbd,0xb5,0x47,0x00,0xfe,0x77,0xf0,0x14,0x00,0x0b,0x00,
0x49,0xda,0x88,0x9e,0x98,0x08,0xd9,0x41,0x1c,0x11,0x1a,0x23,0x87,0xae,0xa5,0x1d,
0x99,0x80,0x0c,0x00,0x1d,0x89,0x8a,0xbe,0xb9,0x01,0xa2,0x00,0x0c,0x0b,0x7c,0xec,
0xb6,0x27,0x66,0x91,0x00,0x0c,0x96,0x00,0x91,0xbe,0x06,0x14,0x11,0x80,0x29,0x50,
0x07,0xad,0xab,0xad,0xa7,0x44,0x5d,0x81,0xb0,0x00,0x16,0x6a,0xa6,0xaa,0x66,0x10,
0xa9,0x16,0x00,0xc1,0x44,0x10,0xa0,0xc1,0x27,0xc2,0x5b,0x00,0x00,0xb5,0x44,0x45,
0xb0,0x00,0x0b,0xa9,0x99,0xab,0x7e,0x14,0x01,0xa9,0x32,0x40,0x11,0x01,0xaa,0xab,
0xbb,0x68,0x01,0x5e,0x4e,0x14,0x0e,0x06,0x12,0x10,0xd0,0x06,0x12,0x10,0x0d,0x06,
0x12,0x00,0x81,0x1a,0xb0,0x0a,0x69,0x44,0x00,0x00,0x4c,0x80,0x2a,0xc4,0x00,0xb9,
0xf6,0x65,0xa0,0x5b,0xeb,0x7b,0xce,0xbb,0x30,0x0c,0x00,0x04,0x70,0x04,0x0c,0x20,
0xcc,0xa7,0xf9,0x17,0x00,0x44,0x51,0x30,0x39,0x0b,0x0c,0x0b,0x00,0x10,0xb0,0x0b,
0x00,0x20,0x38,0x0c,0x72,0x16,0xf0,0x07,0x58,0x40,0x1c,0xc0,0x3b,0x60,0x5c,0x20,
0x00,0x39,0x30,0x00,0x22,0x12,0x22,0x9b,0xbe,0xbb,0x36,0xce,0xb1,0x03,0xa9,0x16,
0xf2,0x1b,0x3a,0xcc,0xa6,0x00,0x29,0x05,0x80,0x21,0xa0,0x02,0x90,0x58,0x2a,0x1a,
0x00,0x29,0x05,0x82,0x91,0xa0,0x03,0xca,0x78,0x57,0x1a,0x07,0xc7,0x11,0x2c,0x54,
0x20,0x00,0x00,0x3c,0x61,0xab,0x10,0x00,0x69,0x20,0x00,0x52,0x16,0x1b,0x70,0xb1,
0x0b,0x8b,0xeb,0xb1,0x0b,0x73,0x60,0x59,0xf3,0x05,0xb7,0x3b,0x6b,0xcb,0xa0,0x0b,
0x73,0xb6,0x43,0x0b,0x00,0xb7,0x3b,0x64,0xb0,0xb0,0x0b,0x73,0xb6,0x4b,0x0b,0x00,
0xf2,0x02,0x1a,0x73,0xb2,0x2c,0x34,0x03,0x80,0x0b,0x07,0x7b,0x70,0x74,0x00,0xb8,
0xa0,0x0b,0x40,0x24,0x10,0xf0,0x28,0x47,0x9b,0xcd,0xbb,0x00,0x2c,0x10,0x07,0x50,
0x00,0x3c,0x20,0x3a,0xdb,0xa5,0x00,0x01,0x95,0x61,0x23,0x80,0x03,0xc2,0x56,0x47,
0x38,0x02,0xb1,0x05,0x65,0x73,0x80,0x00,0x1b,0x56,0x74,0x38,0x00,0x2c,0x21,0x2c,
0x43,0x20,0x5c,0x20,0x3c,0x52,0xb8,0x00,0x00,0x6a,0x30,0x00,0x71,0x3b,0x86,0x86,
0x30,0x10,0x72,0xc0,0x4e,0x2a,0xf0,0x0a,0xf3,0x06,0xbe,0xb7,0x00,0x07,0x40,0x93,
0x22,0xb0,0x4b,0xdb,0xb9,0x1c,0x0b,0x00,0x0b,0x29,0x91,0xc0,0xb0,0x00,0xb6,0x29,
0x1c,0x30,0x25,0xc0,0x33,0xa3,0x40,0x00,0xb0,0x01,0xb3,0xb6,0x00,0xad,0x05,0xc3,
0x4b,0x56,0x02,0xf0,0x19,0xf4,0x61,0x09,0xbf,0xbb,0x20,0xb2,0xda,0x20,0xc0,0x00,
0x0b,0x29,0x03,0x8d,0x86,0x07,0xdb,0xda,0x96,0x43,0xb0,0x06,0x65,0x07,0x4c,0x0b,
0x01,0xb6,0x5b,0x74,0xc0,0xb0,0x83,0x68,0x97,0x4c,0x0b,0x00,0x02,0xc1,0x13,0xa5,
0x30,0x07,0xc2,0x02,0xb2,0x7a,0x01,0x60,0x02,0xa2,0x00,0x73,0x0a,0xaa,0xd2,0xaa,
0xea,0x70,0x0a,0x88,0xd0,0x03,0x80,0x00,0x0a,0x44,0xb0,0xab,0xca,0x40,0x0a,0xdd,
0xe0,0xc0,0x05,0x60,0x2a,0xaa,0xa7,0xc0,0xb5,0x60,0x02,0x29,0x00,0xc1,0xa5,0x60,
0x08,0x4d,0xa2,0x36,0x94,0x10,0x0a,0x79,0x01,0x7a,0x1b,0x50,0x0b,0x9a,0x09,0x50,
0x00,0x60,0x47,0x07,0xbb,0xbb,0xbc,0xa8,0x3d,0x23,0x14,0x00,0x82,0x25,0xf0,0x0e,
0xeb,0x80,0x0a,0xba,0xc6,0x02,0x90,0x00,0x01,0xa1,0xa0,0x7a,0xc9,0x30,0x08,0xdc,
0xc6,0xc0,0x35,0x60,0x0b,0x03,0x90,0xc0,0xb4,0x60,0x0b,0x8a,0x51,0x06,0x00,0xf1,
0x08,0x27,0x90,0xc2,0x94,0x60,0x0b,0x85,0x66,0x38,0x65,0x10,0x28,0x2a,0x70,0x79,
0x0b,0x60,0x23,0x72,0x08,0x60,0x00,0x70,0xf1,0x12,0x00,0x08,0x79,0xb0,0x1d,0x00,
0x00,0xc8,0x40,0x85,0xd0,0x00,0x0c,0x1d,0x1d,0x88,0x17,0x20,0x5d,0x80,0x70,0x13,
0xf1,0x07,0xe5,0x0b,0x10,0x02,0xa0,0x89,0xd0,0xa2,0x00,0x57,0x4c,0x06,0x98,0x4a,
0x0b,0x5d,0x10,0x0c,0x5c,0x81,0xb0,0x10,0xc5,0x2b,0x03,0xd7,0x67,0x02,0x27,0x2c,
0x20,0x07,0x40,0xee,0x77,0x10,0xb0,0x55,0x02,0x10,0xf2,0x11,0x00,0x20,0xd4,0xd2,
0x7a,0x11,0x30,0x14,0xb0,0x00,0x6f,0x87,0x01,0x18,0x86,0x10,0x75,0x27,0x00,0x01,
0x42,0x42,0xf0,0x0c,0x5e,0x80,0x00,0x90,0x03,0x4a,0x32,0x00,0x4b,0x64,0xb6,0xb5,
0xa0,0x09,0x5b,0x5b,0xad,0x98,0x01,0xb0,0xa6,0x67,0xc6,0x63,0x44,0xb0,0x45,0x5f,
0x08,0x20,0x02,0xda,0xe3,0x40,0xf2,0x05,0x29,0x18,0x0a,0x00,0x0b,0x55,0x95,0x70,
0xa0,0x00,0xf8,0x04,0xc5,0xb5,0x00,0x04,0x0a,0xa2,0x01,0x93,0x74,0x00,0x41,0x2b,
0xbc,0x70,0x0c,0x12,0x49,0x40,0xc0,0x00,0x08,0x27,0x37,0x11,0xf0,0x0a,0xa0,0x91,
0xc0,0xb0,0xc0,0x0b,0x0b,0x0c,0x3c,0x3c,0x00,0x9a,0xab,0x87,0xd7,0x70,0x00,0x12,
0xb6,0x6b,0x00,0x04,0xca,0x4a,0x09,0x92,0x39,0x93,0x91,0xb9,0xb3,0x00,0x0b,0xc7,
0xc4,0x02,0xa4,0x30,0x01,0xf0,0x0b,0x57,0x00,0xda,0xac,0x0a,0xdb,0xb7,0xb0,0x0b,
0x01,0xb2,0x75,0xb2,0x2b,0x1b,0x35,0x80,0x77,0x76,0x01,0xaa,0xaa,0xad,0x40,0x00,
0x57,0x56,0x0a,0x93,0x69,0x99,0x99,0xac,0x1b,0xbb,0xbb,0xb8,0x2b,0x01,0x8f,0xf1,
0x28,0x01,0xcb,0xd2,0x09,0xac,0x50,0x4a,0x10,0x00,0x22,0x74,0x09,0x19,0x00,0x07,
0x49,0x27,0x40,0x77,0x00,0x82,0xa5,0xa9,0x99,0xb7,0x0a,0x0b,0x30,0x33,0x30,0x20,
0x7a,0xb9,0x22,0x70,0x70,0x00,0x13,0x9a,0x1b,0x1a,0x00,0xba,0x58,0x56,0x76,0x60,
0x00,0x04,0x71,0x40,0xa2,0x00,0x0a,0xc5,0x96,0x2c,0x14,0x11,0x0c,0x35,0x01,0x56,
0x47,0x50,0x10,0x04,0xa9,0x99,0xa4,0x01,0x1e,0x20,0x06,0x60,0x0c,0x1a,0xd1,0x93,
0x00,0x0a,0x99,0x99,0x99,0x9a,0x00,0xc0,0x89,0x99,0x80,0xc0,0xad,0x7a,0x60,0x00,
0xc0,0x69,0x99,0x60,0xc0,0x29,0x53,0x04,0xe8,0x45,0x05,0x03,0x8d,0xe0,0xcb,0xc0,
0xea,0xaa,0xb0,0xb0,0xb0,0xb7,0x60,0xb0,0xb0,0xb0,0xb0,0x72,0x88,0x48,0xf3,0x03,
0x29,0x40,0xb0,0xb0,0xcb,0xbb,0xb6,0xd7,0xd0,0x00,0x00,0x56,0xc4,0x45,0xbb,0xb7,
0x55,0x10,0x46,0x56,0x22,0x7a,0xc1,0x29,0x25,0x60,0x49,0x99,0xe9,0x99,0x80,0x00,
0xc5,0x39,0xf0,0x1c,0x00,0x22,0x22,0xc3,0x22,0x21,0x08,0x88,0xda,0x88,0x88,0x30,
0x00,0x6f,0xaa,0xa6,0x00,0x02,0xa9,0xb3,0x2c,0x20,0x00,0x53,0x01,0xee,0x40,0x00,
0x02,0x59,0xc6,0x4b,0xc9,0x30,0x56,0x20,0x00,0x01,0x41,0x00,0x0b,0x10,0x93,0x4d,
0x2c,0xf0,0x1c,0xad,0xba,0x50,0x23,0x3c,0x43,0xa5,0x33,0x04,0x66,0x67,0xc6,0x66,
0x61,0x03,0xba,0xad,0xaa,0xb0,0x00,0x4a,0x56,0xb5,0x5c,0x00,0x04,0xa4,0x5b,0x44,
0xc0,0x00,0x4c,0xaa,0xca,0xab,0x00,0x01,0x7b,0x10,0x6b,0x71,0x03,0xb5,0x9c,0x00,
0xf7,0x28,0x0d,0xad,0xaa,0x0c,0x63,0x00,0xb7,0xa9,0xa0,0xc1,0x90,0x0b,0x9b,0x8b,
0x9e,0x99,0x20,0xd8,0xd9,0xa3,0xd5,0x30,0x04,0x5c,0x53,0x0d,0x50,0x00,0x66,0xc6,
0x40,0xb9,0x00,0x3a,0xac,0x99,0x37,0xb1,0x00,0x76,0x55,0x79,0x25,0x90,0x2a,0x95,
0x78,0xb0,0x0c,0x42,0x33,0x11,0x42,0x00,0x11,0xa8,0x61,0x90,0x0b,0xcc,0xbc,0xcc,
0xcb,0x40,0x00,0xb5,0x02,0x32,0x02,0x20,0xb9,0xd3,0x4c,0x03,0xb1,0xcd,0x93,0x00,
0x18,0xcd,0x60,0x08,0xbe,0x60,0x51,0x84,0xf0,0x1e,0x20,0x20,0x0d,0x91,0x1b,0x00,
0x9a,0x7e,0xa0,0xd2,0x00,0x0d,0x00,0x00,0x00,0x00,0x00,0x00,0x00,
};

static const etxFontCmap cmaps[] __FLASH = {
{ .range_start = 12289, .range_length = 28496, .glyph_id_start = 1, .list_length = 649, .type = 3, .unicode_list = 5200, .glyph_id_ofs_list = 0 },
};

const etxLz4Font lv_font_lxgw_XXS __FLASH = {
.uncomp_size = 43619,
.comp_size = 36925,
.line_height = 12,
.base_line = 2,
.subpx = 0,
.underline_position = -1,
.underline_thickness = 1,
.kern_scale = 0,
.cmap_num = 1,
.bpp = 4,
.kern_classes = 0,
.bitmap_format = 0,
.left_class_cnt = 0,
.right_class_cnt = 0,
.glyph_bitmap = 6498,
.class_pair_values = 0,
.left_class_mapping = 0,
.right_class_mapping = 0,
.cmaps = cmaps,
.compressed = lz4FontData,
.lvglFontBufSize = 43763,
};
