#include "definitions.h"
#include "lz4_fonts.h"

static const uint8_t lz4FontData[] __FLASH = {
0x15,0x00,0x01,0x00,0x70,0xd0,0x0c,0x0d,0x0f,0x00,0xfe,0x62,0x08,0x00,0x43,0x10,
0x00,0xfd,0xca,0x08,0x00,0x22,0x32,0x01,0x08,0x00,0x13,0x9a,0x08,0x00,0x22,0x02,
0x02,0x08,0x00,0x13,0x6a,0x08,0x00,0x50,0xd2,0x02,0xd0,0x0c,0x0c,0x28,0x00,0x12,
0x03,0x08,0x00,0x90,0x92,0x03,0x00,0x0c,0x0b,0x0f,0x00,0xfe,0xe5,0x08,0x00,0x52,
0x10,0x00,0xfd,0x3d,0x04,0x08,0x00,0x22,0x95,0x04,0x20,0x00,0x22,0xf5,0x04,0x38,
0x00,0x22,0x5d,0x05,0x28,0x00,0x22,0xb0,0x05,0x20,0x00,0x22,0x08,0x06,0x08,0x00,
0x13,0x60,0x08,0x00,0x22,0xb8,0x06,0x30,0x00,0xb0,0x18,0x07,0x50,0x0c,0x0d,0x0b,
0x00,0x00,0x60,0x07,0x50,0xa0,0x00,0xb2,0xfd,0xc2,0x07,0x50,0x0c,0x0c,0x0f,0x00,
0xfd,0x1c,0x08,0x08,0x00,0x31,0x76,0x08,0xe0,0xb8,0x00,0x13,0xd8,0x08,0x00,0xa2,
0x3a,0x09,0x50,0x0c,0x0d,0x0e,0x00,0xfe,0x95,0x09,0x20,0x00,0x22,0xef,0x09,0x38,
0x00,0x30,0x51,0x0a,0x00,0x10,0x00,0x32,0xfe,0xab,0x0a,0x60,0x00,0xa2,0x03,0x0b,
0x50,0x0c,0x0c,0x0e,0x00,0xfe,0x57,0x0b,0x28,0x00,0x10,0xb1,0x08,0x00,0x52,0x0b,
0x00,0x00,0xf3,0x0b,0x30,0x00,0x22,0x55,0x0c,0x18,0x00,0x20,0xaf,0x0c,0x10,0x00,
0x42,0xff,0xfd,0x11,0x0d,0x10,0x00,0xa2,0x6b,0x0d,0x00,0x0c,0x0a,0x0f,0x01,0xfe,
0xb6,0x0d,0x48,0x00,0x22,0x0e,0x0e,0x08,0x00,0xa2,0x66,0x0e,0xd0,0x0c,0x0e,0x0f,
0xff,0xfe,0xcf,0x0e,0xd8,0x00,0x22,0x22,0x0f,0x88,0x00,0x10,0x7d,0x08,0x00,0x61,
0x0c,0x00,0x00,0xcb,0x0f,0x50,0xd0,0x00,0x22,0x2b,0x10,0x08,0x00,0x20,0x8b,0x10,
0xe0,0x00,0x33,0x01,0xfd,0xeb,0x08,0x00,0x22,0x4b,0x11,0x08,0x00,0xa2,0xab,0x11,
0xd0,0x0c,0x0b,0x10,0x01,0xfd,0x03,0x12,0x68,0x00,0x31,0x4e,0x12,0x00,0x10,0x00,
0x13,0xa6,0x08,0x00,0x22,0xfe,0x12,0x20,0x00,0x22,0x56,0x13,0x58,0x00,0x22,0xa4,
0x13,0x98,0x00,0x22,0xfe,0x13,0xb8,0x00,0x22,0x60,0x14,0xb0,0x00,0x10,0xc2,0x08,
0x00,0x52,0x10,0xff,0xfd,0x2a,0x15,0x20,0x00,0x10,0x84,0x08,0x00,0x43,0x0c,0x00,
0x00,0xcc,0x10,0x00,0x22,0x26,0x16,0x08,0x00,0xa2,0x80,0x16,0x00,0x0c,0x0a,0x10,
0x01,0xfd,0xd0,0x16,0x60,0x00,0x22,0x28,0x17,0x10,0x00,0xa2,0x78,0x17,0xd0,0x0c,
0x0c,0x0f,0x01,0xfe,0xd2,0x17,0x98,0x00,0x22,0x32,0x18,0x08,0x00,0x22,0x92,0x18,
0x80,0x00,0x22,0xea,0x18,0x28,0x00,0x22,0x3a,0x19,0x08,0x00,0x13,0x8a,0x08,0x00,
0x22,0xda,0x19,0x20,0x00,0x22,0x32,0x1a,0x08,0x00,0x13,0x8a,0x08,0x00,0x13,0xe2,
0x08,0x00,0x22,0x3a,0x1b,0xb8,0x00,0x22,0x88,0x1b,0x80,0x00,0x13,0xe2,0x08,0x00,
0x22,0x3c,0x1c,0x48,0x01,0x22,0x94,0x1c,0x40,0x01,0x31,0xe7,0x1c,0x00,0x28,0x01,
0x22,0x47,0x1d,0xd8,0x00,0x22,0xa9,0x1d,0xd0,0x00,0x22,0x11,0x1e,0x28,0x00,0x22,
0x69,0x1e,0x48,0x01,0x22,0xc9,0x1e,0xd8,0x00,0x23,0x11,0x1f,0xa0,0x01,0x12,0x1f,
0x30,0x00,0x22,0xcd,0x1f,0x20,0x00,0x22,0x2d,0x20,0x18,0x00,0x22,0x87,0x20,0xa0,
0x00,0x13,0xd7,0x08,0x00,0x20,0x27,0x21,0xb0,0x01,0x42,0x00,0xfe,0x90,0x21,0x98,
0x00,0x22,0xe8,0x21,0x98,0x00,0x22,0x36,0x22,0x40,0x00,0x22,0x98,0x22,0x68,0x00,
0x22,0xf0,0x22,0xb0,0x02,0x22,0x58,0x23,0x08,0x00,0x13,0xc0,0x08,0x00,0x22,0x28,
0x24,0x08,0x00,0x22,0x90,0x24,0xa8,0x02,0x22,0xf0,0x24,0x48,0x00,0x22,0x48,0x25,
0x18,0x00,0x22,0xb0,0x25,0xc8,0x00,0x22,0x03,0x26,0x70,0x00,0x13,0x53,0x08,0x00,
0x22,0xa3,0x26,0x30,0x00,0x22,0x03,0x27,0x08,0x00,0x13,0x63,0x08,0x00,0x22,0xc3,
0x27,0xf0,0x01,0x22,0x0e,0x28,0x28,0x00,0x13,0x5e,0x08,0x00,0x22,0xae,0x28,0xe0,
0x00,0x31,0xf6,0x28,0x50,0x58,0x00,0x22,0x5e,0x29,0xd0,0x00,0x32,0xb8,0x29,0x50,
0x20,0x03,0x12,0x2a,0x18,0x00,0x22,0x80,0x2a,0x28,0x00,0x22,0xc8,0x2a,0x00,0x02,
0x22,0x2a,0x2b,0x20,0x00,0x22,0x8a,0x2b,0x30,0x00,0x13,0xe4,0x10,0x00,0x22,0x44,
0x2c,0x28,0x00,0x22,0x8c,0x2c,0x18,0x00,0x22,0xe6,0x2c,0x58,0x01,0x22,0x4e,0x2d,
0x20,0x00,0x22,0xae,0x2d,0xb8,0x00,0x22,0x01,0x2e,0x00,0x01,0x13,0x59,0x08,0x00,
0x13,0xb1,0x08,0x00,0x22,0x09,0x2f,0x08,0x00,0x13,0x61,0x08,0x00,0x13,0xb9,0x08,
0x00,0x22,0x11,0x30,0x30,0x02,0x22,0x6b,0x30,0x00,0x01,0x22,0xd3,0x30,0x30,0x02,
0x22,0x33,0x31,0x10,0x00,0x22,0x9b,0x31,0x10,0x00,0x22,0xfb,0x31,0x28,0x01,0x22,
0x53,0x32,0x08,0x00,0x23,0xab,0x32,0xf0,0x02,0x13,0x33,0xf0,0x02,0x13,0x33,0xf0,
0x02,0x12,0x33,0x00,0x01,0x22,0xf6,0x33,0x20,0x00,0x22,0x4e,0x34,0x10,0x00,0x13,
0x9e,0x08,0x00,0x22,0xee,0x34,0xb0,0x01,0x22,0x3c,0x35,0xb8,0x00,0x22,0x9c,0x35,
0x08,0x01,0x30,0x04,0x36,0x50,0x88,0x03,0x32,0xfd,0x6d,0x36,0x10,0x00,0x22,0xd5,
0x36,0x20,0x00,0x22,0x35,0x37,0x60,0x00,0x23,0x80,0x37,0xf0,0x02,0x03,0x08,0x00,
0x22,0x20,0x38,0x08,0x00,0x13,0x70,0x08,0x00,0x22,0xc0,0x38,0x80,0x00,0x22,0x18,
0x39,0x10,0x05,0x22,0x7a,0x39,0xb8,0x00,0x13,0xda,0x08,0x00,0x22,0x3a,0x3a,0x08,
0x00,0x13,0x9a,0x08,0x00,0x31,0xfa,0x3a,0xe0,0x08,0x00,0x31,0x5a,0x3b,0xe0,0x38,
0x00,0x22,0xb2,0x3b,0xb0,0x00,0x22,0x0a,0x3c,0x50,0x00,0x32,0x5a,0x3c,0x00,0x18,
0x00,0x03,0x10,0x00,0x22,0x02,0x3d,0x08,0x00,0x13,0x52,0x08,0x00,0x22,0xa2,0x3d,
0x30,0x00,0x13,0xfa,0x08,0x00,0x23,0x52,0x3e,0x18,0x00,0x03,0x08,0x00,0x22,0xf2,
0x3e,0xe8,0x00,0x22,0x40,0x3f,0xc8,0x00,0x13,0xa0,0x08,0x00,0x22,0x00,0x40,0xb8,
0x01,0x22,0x68,0x40,0x10,0x00,0x22,0xc8,0x40,0x70,0x04,0x22,0x23,0x41,0x10,0x00,
0x93,0x83,0x41,0x50,0x0c,0x0e,0x10,0xff,0xfd,0xf3,0x10,0x00,0x22,0x53,0x42,0x48,
0x00,0x22,0xa1,0x42,0x10,0x00,0x22,0x01,0x43,0x10,0x01,0x22,0x4c,0x43,0x68,0x00,
0x13,0x9c,0x08,0x00,0x22,0xec,0x43,0x18,0x03,0x22,0x55,0x44,0xb8,0x01,0x22,0xbd,
0x44,0x88,0x03,0x22,0x1d,0x45,0x10,0x01,0x22,0x7f,0x45,0x18,0x00,0x31,0xe7,0x45,
0xd0,0x60,0x00,0x22,0x57,0x46,0x08,0x00,0x22,0xc7,0x46,0x18,0x00,0x22,0x2f,0x47,
0xd0,0x02,0x13,0x8f,0x08,0x00,0x13,0xef,0x08,0x00,0x22,0x4f,0x48,0x08,0x00,0x22,
0xaf,0x48,0x28,0x00,0x22,0x17,0x49,0x68,0x02,0x22,0x6a,0x49,0x40,0x02,0x13,0xc2,
0x08,0x00,0x22,0x1a,0x4a,0x08,0x00,0x13,0x72,0x08,0x00,0x22,0xca,0x4a,0x38,0x00,
0x32,0x2a,0x4b,0xd0,0xd0,0x02,0x03,0x08,0x00,0x22,0xea,0x4b,0x48,0x00,0x22,0x52,
0x4c,0x10,0x00,0x22,0xb2,0x4c,0x30,0x00,0x22,0x0a,0x4d,0xe8,0x00,0x22,0x58,0x4d,
0xe8,0x00,0x23,0xb8,0x4d,0x28,0x03,0x12,0x4e,0x08,0x00,0x22,0x78,0x4e,0x28,0x00,
0x22,0xd0,0x4e,0xe8,0x03,0x32,0x32,0x4f,0x50,0xb8,0x06,0x03,0x08,0x00,0x22,0xf2,
0x4f,0x20,0x03,0x22,0x3a,0x50,0x10,0x00,0x13,0x9a,0x08,0x00,0x22,0xfa,0x50,0x50,
0x02,0x22,0x62,0x51,0xb8,0x00,0x22,0xb5,0x51,0x48,0x00,0x22,0x0d,0x52,0x08,0x00,
0x22,0x65,0x52,0x28,0x01,0x13,0xc5,0x10,0x00,0x22,0x1d,0x53,0x08,0x00,0x22,0x75,
0x53,0x38,0x01,0x22,0xd7,0x53,0x58,0x00,0x22,0x1f,0x54,0xb8,0x00,0x13,0x87,0x08,
0x00,0x13,0xef,0x08,0x00,0x22,0x57,0x55,0x08,0x00,0x13,0xbf,0x08,0x00,0x22,0x27,
0x56,0x08,0x00,0x13,0x8f,0x08,0x00,0x13,0xf7,0x08,0x00,0x22,0x5f,0x57,0x08,0x00,
0x22,0xc7,0x57,0xf8,0x00,0x23,0x27,0x58,0x28,0x00,0x13,0x58,0x28,0x00,0x12,0x58,
0xd8,0x01,0x22,0x42,0x59,0x78,0x02,0x32,0x9a,0x59,0x00,0xc0,0x00,0x12,0x59,0x90,
0x00,0x32,0x52,0x5a,0x00,0x30,0x01,0x21,0x5a,0x00,0xb8,0x02,0x22,0x12,0x5b,0xb8,
0x02,0x22,0x6a,0x5b,0x50,0x00,0x22,0xca,0x5b,0x40,0x00,0x22,0x15,0x5c,0x30,0x00,
0x22,0x6d,0x5c,0x30,0x00,0x13,0xcd,0x08,0x00,0x22,0x2d,0x5d,0x18,0x00,0x22,0x85,
0x5d,0xb0,0x02,0x22,0xdd,0x5d,0x70,0x01,0x23,0x2b,0x5e,0xd8,0x06,0x12,0x5e,0x98,
0x02,0x23,0xf3,0x5e,0x78,0x02,0x12,0x5f,0x98,0x00,0x22,0xbb,0x5f,0x08,0x01,0x23,
0x1d,0x60,0x18,0x01,0x12,0x60,0x48,0x01,0x22,0xc8,0x60,0x40,0x00,0x22,0x16,0x61,
0x30,0x00,0x22,0x76,0x61,0x68,0x01,0x13,0xde,0x10,0x00,0x22,0x3e,0x62,0x50,0x00,
0x22,0xa6,0x62,0xb0,0x04,0x22,0x00,0x63,0x18,0x00,0x23,0x60,0x63,0x28,0x08,0x12,
0x63,0xd8,0x07,0x22,0x12,0x64,0xa0,0x00,0x22,0x72,0x64,0xc8,0x00,0x22,0xd2,0x64,
0x20,0x00,0x22,0x2a,0x65,0x50,0x00,0x23,0x92,0x65,0xe0,0x01,0x13,0x65,0x50,0x03,
0x12,0x66,0x58,0x00,0x13,0xa8,0x08,0x00,0x22,0x10,0x67,0x20,0x00,0x13,0x70,0x08,
0x00,0x22,0xd0,0x67,0xa0,0x00,0x22,0x23,0x68,0x48,0x00,0x22,0x7b,0x68,0x20,0x03,
0x22,0xcb,0x68,0x58,0x01,0x23,0x23,0x69,0x18,0x00,0x03,0x08,0x00,0x22,0xd3,0x69,
0x20,0x00,0x23,0x23,0x6a,0x18,0x00,0x12,0x6a,0x90,0x00,0x22,0xdb,0x6a,0xf8,0x00,
0x22,0x3d,0x6b,0x08,0x01,0x13,0xa5,0x08,0x00,0x22,0x0d,0x6c,0x08,0x00,0x13,0x75,
0x08,0x00,0x22,0xdd,0x6c,0xb8,0x00,0x22,0x3d,0x6d,0x08,0x00,0x22,0x9d,0x6d,0x80,
0x00,0x22,0xf0,0x6d,0x50,0x00,0x22,0x48,0x6e,0x08,0x00,0x32,0xa0,0x6e,0x00,0x00,
0x04,0x12,0x6f,0x10,0x00,0x13,0x58,0x08,0x00,0x23,0xb0,0x6f,0x48,0x09,0x12,0x70,
0x40,0x00,0x13,0x68,0x08,0x00,0x22,0xc8,0x70,0x48,0x00,0x22,0x1b,0x71,0xf8,0x00,
0x22,0x69,0x71,0xf8,0x02,0x22,0xcb,0x71,0x50,0x01,0x22,0x25,0x72,0x10,0x00,0x23,
0x87,0x72,0x90,0x02,0x12,0x72,0x18,0x09,0x22,0x43,0x73,0x20,0x00,0x13,0x9d,0x08,
0x00,0x22,0xf7,0x73,0x28,0x00,0x22,0x59,0x74,0x20,0x01,0x22,0xb9,0x74,0x10,0x00,
0x22,0x1b,0x75,0x60,0x00,0x22,0x6e,0x75,0x80,0x00,0x13,0xc6,0x08,0x00,0x22,0x1e,
0x76,0x08,0x00,0x13,0x76,0x08,0x00,0x22,0xce,0x76,0x20,0x09,0x22,0x37,0x77,0x98,
0x00,0x13,0x97,0x08,0x00,0x22,0xf7,0x77,0x50,0x00,0x22,0x57,0x78,0x28,0x00,0x23,
0xaf,0x78,0x20,0x04,0x12,0x79,0x08,0x00,0x23,0x7f,0x79,0x70,0x04,0x03,0x08,0x00,
0x23,0x4f,0x7a,0x48,0x04,0x12,0x7a,0x08,0x01,0x22,0x0f,0x7b,0x38,0x00,0x22,0x67,
0x7b,0x18,0x00,0xa2,0xc7,0x7b,0x50,0x0c,0x0d,0x0d,0x00,0x00,0x1c,0x7c,0x18,0x00,
0x21,0x74,0x7c,0x60,0x00,0x32,0xfe,0xd4,0x7c,0x08,0x02,0x22,0x3c,0x7d,0xf0,0x01,
0x22,0xa4,0x7d,0x78,0x00,0x22,0x04,0x7e,0x28,0x00,0x22,0x5c,0x7e,0x20,0x00,0x22,
0xc4,0x7e,0xd0,0x00,0x22,0x17,0x7f,0x18,0x00,0x22,0x6f,0x7f,0xc0,0x01,0x22,0xd1,
0x7f,0x60,0x00,0x22,0x31,0x80,0x20,0x03,0x22,0x7c,0x80,0x20,0x00,0x13,0xd4,0x08,
0x00,0x22,0x2c,0x81,0x08,0x00,0x22,0x84,0x81,0x98,0x00,0x32,0xe4,0x81,0xd0,0x70,
0x07,0x12,0x82,0x30,0x00,0x22,0x8f,0x82,0x20,0x00,0x22,0xe7,0x82,0x88,0x01,0x22,
0x35,0x83,0x58,0x01,0x22,0x8f,0x83,0x10,0x00,0x13,0xdd,0x10,0x00,0x22,0x37,0x84,
0x58,0x01,0x22,0x99,0x84,0x38,0x00,0x22,0xe4,0x84,0x38,0x00,0x22,0x3c,0x85,0x70,
0x06,0x32,0x9c,0x85,0xd0,0xe8,0x06,0x12,0x86,0x10,0x00,0x22,0x64,0x86,0x88,0x03,
0x13,0xbc,0x08,0x00,0x22,0x14,0x87,0x08,0x00,0x22,0x6c,0x87,0x90,0x02,0x32,0xbc,
0x87,0x00,0x18,0x00,0x12,0x88,0x10,0x00,0x13,0x64,0x08,0x00,0x22,0xb4,0x88,0x28,
0x00,0x22,0x0c,0x89,0x08,0x00,0x23,0x64,0x89,0x48,0x00,0x13,0x89,0x48,0x00,0x13,
0x8a,0x48,0x00,0x12,0x8a,0xa0,0x00,0x22,0xba,0x8a,0xa0,0x00,0x22,0x14,0x8b,0x38,
0x01,0x22,0x74,0x8b,0xa8,0x00,0x22,0xd6,0x8b,0xd8,0x04,0x22,0x1e,0x8c,0x18,0x00,
0x22,0x7e,0x8c,0x28,0x00,0x13,0xd8,0x10,0x00,0x22,0x38,0x8d,0x70,0x00,0x13,0x88,
0x08,0x00,0x32,0xd8,0x8d,0xd0,0xa8,0x0b,0x12,0x8e,0xc8,0x00,0x22,0xa2,0x8e,0x28,
0x01,0x22,0x02,0x8f,0x38,0x01,0x22,0x62,0x8f,0xf0,0x00,0x22,0xba,0x8f,0x18,0x00,
0x22,0x1a,0x90,0x08,0x00,0x22,0x7a,0x90,0x20,0x00,0x22,0xda,0x90,0x20,0x00,0x22,
0x32,0x91,0x98,0x00,0x22,0x80,0x91,0xd0,0x01,0x22,0xe8,0x91,0x88,0x00,0x22,0x30,
0x92,0x98,0x00,0x22,0x92,0x92,0x20,0x00,0x22,0xe0,0x92,0x20,0x00,0x23,0x48,0x93,
0x40,0x03,0x13,0x93,0x40,0x03,0x22,0x94,0x00,0x48,0x04,0x13,0x94,0x48,0x04,0x12,
0x94,0x90,0x00,0x22,0x20,0x95,0x08,0x00,0x13,0x88,0x08,0x00,0x23,0xf0,0x95,0x00,
0x0a,0x13,0x96,0x00,0x0a,0x13,0x96,0x00,0x0a,0x13,0x97,0x00,0x0a,0x13,0x97,0x00,
0x0a,0x03,0x08,0x00,0x22,0x50,0x98,0x18,0x00,0x22,0xb8,0x98,0x48,0x02,0x22,0x0b,
0x99,0x68,0x00,0x13,0x6b,0x08,0x00,0x32,0xcb,0x99,0xd0,0x08,0x0c,0x22,0x9a,0x00,
0x30,0x05,0x12,0x9a,0x80,0x00,0x21,0xe3,0x9a,0x78,0x03,0x42,0xff,0x37,0x9b,0x50,
0x20,0x03,0x03,0x08,0x00,0x23,0xf7,0x9b,0xf8,0x05,0x13,0x9c,0xf8,0x05,0x13,0x9c,
0x68,0x07,0x12,0x9d,0x08,0x00,0x13,0x97,0x08,0x00,0x22,0xff,0x9d,0x48,0x00,0x90,
0x57,0x9e,0x50,0x0c,0x0c,0x0d,0x00,0x00,0xa5,0x08,0x00,0x61,0x11,0x00,0xfd,0x0b,
0x9f,0x00,0x08,0x00,0x22,0x71,0x9f,0x10,0x00,0x22,0xd7,0x9f,0x98,0x00,0x22,0x2a,
0xa0,0x08,0x00,0xf6,0xff,0xff,0xff,0x72,0x00,0x00,0x04,0x00,0x08,0x00,0x10,0x00,
0x12,0x00,0x15,0x00,0x19,0x00,0x1c,0x00,0x31,0x00,0x70,0x00,0x74,0x00,0x80,0x00,
0x8c,0x00,0xa0,0x00,0xa8,0x00,0xa9,0x00,0xb0,0x00,0xbd,0x00,0xc4,0x00,0xe0,0x00,
0xe1,0x00,0xf1,0x00,0xf5,0x00,0xfc,0x00,0x00,0x01,0x6c,0x01,0x6d,0x01,0x75,0x01,
0x8c,0x01,0xc0,0x01,0xdc,0x01,0xe0,0x01,0xf8,0x01,0xf9,0x01,0xfc,0x01,0x00,0x02,
0x09,0x02,0x30,0x02,0x38,0x02,0x41,0x02,0x4c,0x02,0xbc,0x02,0xb8,0x03,0x44,0x04,
0x54,0x04,0x5d,0x04,0x98,0x04,0xa0,0x04,0xa8,0x04,0xb4,0x04,0x08,0x05,0x10,0x05,
0x23,0x05,0x24,0x05,0x78,0x05,0x79,0x05,0x92,0x05,0x04,0x06,0x0c,0x06,0x74,0x06,
0x90,0x06,0x94,0x06,0xa5,0x06,0xc8,0x06,0xd8,0x06,0xd9,0x06,0xe4,0x06,0xe8,0x06,
0xf5,0x06,0x00,0x07,0x54,0x07,0x5c,0x07,0x6e,0x07,0x70,0x07,0x71,0x07,0x74,0x07,
0x78,0x07,0xc4,0x07,0xc5,0x07,0xd9,0x07,0x18,0x08,0x1c,0x08,0x28,0x08,0x50,0x08,
0x58,0x08,0xa4,0x08,0xc8,0x08,0xdc,0x08,0xdd,0x08,0xe0,0x08,0xe4,0x08,0xf1,0x08,
0x14,0x09,0x29,0x09,0x30,0x09,0x4c,0x09,0x10,0x0a,0x9c,0x0a,0xf0,0x0a,0x7c,0x0b,
0x80,0x0b,0x8c,0x0b,0x91,0x0b,0x98,0x0b,0x99,0x0b,0xc9,0x0b,0xec,0x0b,0xfc,0x0b,
0xfd,0x0b,0x08,0x0c,0x09,0x0c,0x0c,0x0c,0x24,0x0c,0x25,0x0c,0x2c,0x0c,0x5c,0x0c,
0x5d,0x0c,0x60,0x0c,0x64,0x0c,0x6f,0x0c,0xcc,0x0c,0xe8,0x0c,0xf9,0x0c,0x58,0x0d,
0x68,0x0d,0x74,0x0d,0x78,0x0d,0x7c,0x0d,0x84,0x0d,0xac,0x0d,0xad,0x0d,0xb0,0x0d,
0xbc,0x0d,0xbd,0x0d,0xbf,0x0d,0xc1,0x0d,0xc8,0x0d,0xc9,0x0d,0xcc,0x0d,0xce,0x0d,
0xd0,0x0d,0xe4,0x0d,0xf5,0x0d,0xf7,0x0d,0x38,0x0e,0x3c,0x0e,0x40,0x0e,0x54,0x0e,
0x74,0x0e,0x85,0x0e,0xa8,0x0e,0xa9,0x0e,0xbb,0x0e,0x34,0x0f,0x38,0x0f,0xac,0x0f,
0xf8,0x0f,0xf9,0x0f,0x00,0x10,0x0b,0x10,0x0d,0x10,0x0f,0x10,0x14,0x10,0x15,0x10,
0x18,0x10,0x1c,0x10,0x1d,0x10,0x29,0x10,0x30,0x10,0x31,0x10,0x84,0x10,0x88,0x10,
0x8c,0x10,0x94,0x10,0x95,0x10,0xa0,0x10,0xa8,0x10,0xc0,0x10,0xc4,0x10,0xf4,0x10,
0xf5,0x10,0xf8,0x10,0xfc,0x10,0x07,0x11,0x80,0x11,0x84,0x11,0x88,0x11,0x99,0x11,
0x0c,0x12,0x14,0x12,0x44,0x12,0x48,0x12,0x4c,0x12,0x60,0x12,0x68,0x12,0x90,0x14,
0xac,0x14,0xad,0x14,0xb0,0x14,0xbd,0x14,0xc1,0x14,0xc8,0x14,0xc9,0x14,0xd8,0x14,
0xdd,0x14,0xf7,0x14,0x1c,0x15,0x1d,0x15,0x20,0x15,0x24,0x15,0x31,0x15,0x38,0x15,
0x39,0x15,0x3c,0x15,0x40,0x15,0x4b,0x15,0x58,0x15,0x8c,0x15,0x8d,0x15,0x90,0x15,
0xa1,0x15,0xe0,0x15,0x18,0x16,0x1c,0x16,0x2b,0x16,0xa4,0x16,0xac,0x16,0xb5,0x16,
0xb9,0x16,0xdc,0x16,0xdd,0x16,0xe0,0x16,0xe4,0x16,0xec,0x16,0xf1,0x16,0xf8,0x16,
0xf0,0x18,0x44,0x19,0x45,0x19,0x48,0x19,0x4a,0x19,0x4c,0x19,0x54,0x19,0x55,0x19,
0x59,0x19,0x5e,0x19,0x70,0x19,0x7c,0x19,0x91,0x19,0xb4,0x19,0xb8,0x19,0xbc,0x19,
0xc5,0x19,0xc6,0x19,0xc8,0x19,0xd0,0x19,0xd8,0x19,0xec,0x19,0xed,0x19,0xf0,0x19,
0xf4,0x19,0x01,0x1a,0x08,0x1a,0x24,0x1a,0x28,0x1a,0x2c,0x1a,0x35,0x1a,0x40,0x1a,
0x44,0x1a,0x78,0x1a,0x7c,0x1a,0x94,0x1a,0xa9,0x1a,0xb0,0x1a,0xb4,0x1a,0xb8,0x1a,
0xc0,0x1a,0xc3,0x1a,0xcc,0x1a,0xd0,0x1a,0xd4,0x1a,0xe8,0x1a,0x04,0x1b,0x20,0x1b,
0x28,0x1b,0x3c,0x1b,0x40,0x1b,0x44,0x1b,0x4c,0x1b,0x51,0x1b,0x58,0x1b,0x74,0x1b,
0x75,0x1b,0x78,0x1b,0x7c,0x1b,0x7d,0x1b,0x84,0x1b,0x85,0x1b,0x88,0x1b,0x90,0x1b,
0x91,0x1b,0x94,0x1b,0x98,0x1b,0xa5,0x1b,0xac,0x1b,0xad,0x1b,0x00,0x1c,0x01,0x1c,
0x04,0x1c,0x08,0x1c,0x10,0x1c,0x11,0x1c,0x15,0x1c,0x1c,0x1c,0x2f,0x1c,0x38,0x1c,
0x70,0x1c,0x71,0x1c,0x74,0x1c,0x85,0x1c,0x8c,0x1c,0xfc,0x1c,0x00,0x1d,0x11,0x1d,
0x89,0x1d,0x90,0x1d,0x9d,0x1d,0xc0,0x1d,0xc1,0x1d,0xc4,0x1d,0xd0,0x1d,0xd1,0x1d,
0xdc,0x1d,0xf8,0x1d,0xf9,0x1d,0xbd,0x1e,0x0d,0x20,0x28,0x20,0x38,0x20,0x3c,0x20,
0x3e,0x20,0x44,0x20,0xab,0x20,0xad,0x20,0xb4,0x20,0x08,0x21,0x5c,0x21,0x94,0x21,
0x95,0x21,0x9c,0x21,0xa9,0x21,0xe8,0x21,0x21,0x22,0x58,0x22,0x6d,0x22,0x74,0x22,
0x90,0x22,0xe4,0x22,0xe8,0x22,0xec,0x22,0xf4,0x22,0xf7,0x22,0x00,0x23,0x1c,0x23,
0x2c,0x23,0x54,0x23,0x5c,0x23,0x6c,0x24,0x74,0x24,0x7c,0x24,0xa4,0x24,0xac,0x24,
0xc0,0x24,0xc8,0x24,0xd0,0x24,0xdc,0x24,0xdd,0x24,0xed,0x24,0x30,0x25,0x34,0x25,
0x38,0x25,0x40,0x25,0x4c,0x25,0x4d,0x25,0x50,0x25,0x54,0x25,0x5c,0x25,0xa0,0x25,
0xa4,0x25,0xb5,0x25,0x2c,0x26,0xb8,0x26,0xb9,0x26,0xbc,0x26,0xc0,0x26,0xf0,0x26,
0xf1,0x26,0x0c,0x27,0x1d,0x27,0x28,0x27,0x84,0x27,0x8c,0x27,0x98,0x27,0x99,0x27,
0xb8,0x27,0xc9,0x27,0xec,0x27,0xf4,0x27,0x5c,0x28,0x78,0x28,0x04,0x29,0x0c,0x29,
0x3c,0x29,0x40,0x29,0x44,0x29,0x51,0x29,0x58,0x29,0x59,0x29,0x5c,0x29,0x60,0x29,
0x68,0x29,0x69,0x29,0x6d,0x29,0x74,0x29,0x89,0x29,0xa5,0x29,0xc8,0x29,0xd8,0x29,
0xdd,0x29,0xec,0x29,0x04,0x2a,0x15,0x2a,0x38,0x2a,0x40,0x2a,0x4d,0x2a,0x54,0x2a,
0x55,0x2a,0x58,0x2a,0x5c,0x2a,0x69,0x2a,0x8c,0x2a,0xa8,0x2a,0xc4,0x2a,0x20,0x2b,
0x34,0x2b,0x70,0x2b,0x88,0x2b,0x7e,0x11,0x80,0x01,0xd0,0x00,0x0d,0xee,0xef,0xb0,
0x1e,0x0c,0x00,0xe1,0x7a,0x01,0xf0,0x00,0x00,0x00,0x0c,0x50,0x1f,0x00,0x00,0x00,
0x02,0xe0,0x0d,0x00,0xf1,0x15,0xa6,0x00,0x1f,0xcc,0x70,0x00,0x4d,0x00,0x01,0xf3,
0x31,0x00,0x1e,0x30,0x00,0x1e,0x00,0x00,0x0c,0x70,0x00,0x00,0xe0,0x00,0x0b,0x80,
0x00,0x00,0x0e,0x00,0x04,0x70,0x00,0x00,0x00,0xf0,0x48,0x00,0x12,0x0f,0x4f,0x00,
0x02,0x0d,0x00,0x15,0x0b,0x5f,0x00,0xc0,0x12,0x33,0x42,0x00,0xf1,0x00,0x07,0xba,
0xab,0xc0,0x0f,0x10,0x62,0x00,0x21,0x00,0xf1,0x62,0x00,0xf0,0x11,0x0e,0x10,0x00,
0x00,0x06,0xd0,0x00,0xe5,0x42,0x00,0x03,0xe2,0x00,0x0e,0xbb,0x60,0x03,0xe3,0x00,
0x00,0xe1,0x00,0x08,0xc2,0x00,0x00,0x0f,0x10,0x00,0x60,0x00,0x00,0x27,0x00,0x11,
0x07,0x55,0x00,0x30,0x02,0xe0,0x00,0x11,0x00,0x31,0x2e,0x00,0x00,0x95,0x00,0x01,
0x07,0x00,0x55,0x1f,0xfe,0xee,0xff,0x40,0xc3,0x00,0x00,0x4a,0x04,0xb1,0x00,0x23,
0x33,0x40,0x01,0xe0,0x00,0x1b,0xba,0xae,0x50,0xca,0x00,0x20,0xf2,0x01,0x2a,0x00,
0x80,0x7b,0x00,0x1f,0xff,0x60,0x00,0x4e,0x10,0x0d,0x00,0x10,0x5e,0xbd,0x00,0x82,
0x01,0xac,0x10,0x00,0x01,0xe0,0x00,0x35,0x34,0x00,0xa1,0x0a,0xff,0xff,0xfd,0x70,
0x00,0x00,0x01,0x11,0x00,0x34,0x00,0x90,0x11,0x12,0xf0,0x00,0x00,0xbf,0xff,0xff,
0xfb,0xa1,0x00,0x01,0x58,0x00,0xb1,0xbe,0xcc,0xdd,0xde,0x30,0x00,0x00,0x22,0x21,
0x11,0x10,0x10,0x00,0xe0,0x06,0x00,0x00,0x12,0x22,0x30,0x01,0xf0,0x00,0x0c,0xcb,
0xbe,0x60,0x1f,0x12,0x00,0x11,0xc3,0x25,0x01,0x50,0x2f,0x00,0x1f,0xcc,0x60,0x13,
0x01,0x50,0xf3,0x30,0x00,0x09,0xc0,0xb6,0x00,0x20,0x2b,0xc1,0x0b,0x01,0x20,0x3d,
0x60,0x25,0x01,0x01,0x66,0x01,0xc0,0x10,0x00,0x00,0xbf,0xee,0xee,0xed,0x00,0x00,
0x0c,0x40,0x00,0x8f,0x00,0x45,0xc4,0x00,0x00,0x1e,0x0d,0x00,0x59,0xae,0xdd,0xdd,
0xec,0x00,0x01,0x00,0x00,0x68,0x00,0x80,0x04,0xb0,0x00,0x0b,0xcb,0xbe,0x70,0x5c,
0x0f,0x00,0x40,0xb5,0x04,0xc0,0x00,0x1c,0x01,0xf0,0x0c,0x4c,0x33,0x10,0x00,0x09,
0xa0,0x04,0xfc,0xc6,0x00,0x06,0xe1,0x00,0x4b,0x00,0x00,0x19,0xd2,0x00,0x04,0xb0,
0x00,0x2d,0x70,0x00,0x00,0x3b,0x31,0x01,0xf5,0x1b,0x61,0x06,0x20,0x00,0x00,0xe1,
0x0a,0x30,0xc3,0x00,0x00,0x0e,0x43,0xc3,0x0e,0x30,0x00,0x00,0xec,0xcf,0x44,0xfa,
0x00,0x00,0x0e,0x10,0xb4,0xc7,0xe3,0x00,0x00,0xdc,0xce,0x7a,0x04,0xd0,0x00,0x00,
0x11,0x00,0x00,0x03,0xff,0x01,0x91,0x12,0x20,0x00,0xf0,0x00,0x0a,0xcc,0xcd,0x90,
0xc1,0x01,0x11,0x98,0xc1,0x01,0xe0,0x0e,0x30,0x0f,0x11,0x00,0x00,0x08,0xa0,0x00,
0xfe,0xe7,0x00,0x04,0xe1,0xd0,0x00,0x20,0x04,0xe2,0xd0,0x00,0x20,0x09,0xc2,0x93,
0x01,0xf0,0x07,0x01,0x50,0x00,0x01,0x00,0x50,0x00,0x00,0x02,0xbd,0xce,0xb1,0x00,
0x00,0x00,0xe6,0x00,0x07,0xc0,0x00,0x00,0x4d,0x65,0x00,0x40,0x00,0x03,0xe0,0x00,
0x11,0x01,0x40,0x0b,0xb4,0x35,0xd8,0x2f,0x01,0x22,0xaa,0x94,0x65,0x00,0x11,0x05,
0xa0,0x01,0x12,0x02,0xa0,0x01,0x01,0xca,0x01,0x11,0xf1,0xca,0x01,0xe0,0x8a,0x00,
0x1f,0xee,0x60,0x00,0x5d,0x10,0x01,0xe2,0x10,0x00,0x6d,0x20,0xa0,0x01,0x11,0xba,
0xa0,0x01,0x12,0x33,0xa0,0x01,0xb1,0x06,0xaa,0xbb,0xbb,0x80,0x00,0x00,0xb7,0x44,
0x43,0x31,0x2b,0x01,0x00,0x01,0x00,0x82,0xcf,0xee,0xee,0xf9,0x00,0x00,0x0c,0x20,
0xa0,0x01,0x93,0xee,0xee,0xee,0x10,0x00,0x00,0x11,0x11,0x10,0xce,0x00,0xf1,0x01,
0x20,0x01,0x11,0x21,0x0a,0x30,0xe1,0x2d,0xdd,0xeb,0x0b,0x30,0xe1,0x00,0x00,0x78,
0x06,0x00,0x11,0xb5,0x06,0x00,0x10,0xe1,0x06,0x00,0x80,0x05,0xc0,0x0b,0xee,0xf1,
0x00,0x0b,0x60,0x0c,0x00,0x20,0x4d,0x00,0x06,0x00,0x10,0xd4,0x06,0x00,0x20,0x0a,
0x90,0x06,0x00,0x21,0x5b,0x00,0x12,0x00,0x05,0x06,0x00,0x10,0x40,0x06,0x00,0x3b,
0x08,0x20,0xd1,0x98,0x01,0xf0,0x2d,0x01,0x90,0x94,0x0a,0xcb,0xbf,0x12,0xd0,0xa6,
0x00,0x00,0x3f,0x02,0xd0,0x96,0x00,0x00,0x99,0x02,0xfb,0xe6,0x00,0x02,0xf1,0x02,
0xd3,0xb6,0x00,0x0d,0x70,0x02,0xd0,0x96,0x01,0xc9,0x00,0x02,0xc0,0x95,0x1d,0x60,
0x00,0x02,0xb0,0x95,0x01,0x00,0x00,0x01,0x00,0x21,0x00,0x00,0x09,0xed,0xeb,0x20,
0x00,0x00,0xb9,0xf4,0x02,0x00,0x21,0x01,0x11,0xd3,0xe1,0x02,0xc2,0xe2,0x00,0x00,
0x8d,0x53,0x5c,0xa0,0x00,0x00,0x04,0x9a,0x84,0x5e,0x00,0xf0,0x00,0x10,0x01,0x22,
0x22,0x00,0x3b,0x09,0xcc,0xcc,0xf0,0x03,0xb0,0x00,0x00,0x3e,0xd5,0x01,0x20,0x08,
0x90,0x0b,0x00,0x10,0xe2,0x0b,0x00,0x90,0x7a,0x29,0x9b,0xb0,0x00,0x1e,0x20,0x55,
0x8b,0xa0,0x02,0xd0,0x03,0xb0,0x0a,0x90,0x00,0x00,0x3b,0x09,0xa0,0x00,0x00,0x03,
0xb0,0x87,0x03,0x10,0x3b,0x41,0x00,0x00,0x2c,0x00,0x03,0x0b,0x00,0x24,0x02,0x90,
0x82,0x03,0xe0,0x40,0x00,0xb3,0x0a,0xba,0xae,0x50,0x0c,0x30,0x00,0x00,0xe3,0x00,
0xc3,0x4c,0x03,0x70,0x0b,0x30,0x00,0x0b,0x76,0xff,0xf3,0x8f,0x00,0xd0,0x0b,0x30,
0x06,0xd1,0x00,0x00,0xb3,0x0a,0xc1,0x00,0x00,0x0b,0x31,0x7a,0x03,0x70,0xb3,0x00,
0x07,0x10,0x00,0x0b,0x30,0x9e,0x00,0x31,0x30,0x00,0x0e,0x69,0x01,0x20,0xe2,0x00,
0xb5,0x03,0x46,0xee,0xee,0xef,0x50,0x37,0x04,0xa0,0x40,0x01,0x22,0x20,0x00,0x4c,
0x0b,0xcb,0xbe,0x80,0x9b,0x02,0xf0,0x11,0xb5,0x00,0x4c,0x00,0x00,0x1f,0x1b,0xcd,
0xc0,0x00,0x0a,0x80,0x12,0x6c,0x00,0x07,0xd0,0x00,0x04,0xb0,0x09,0xc1,0x00,0x00,
0x4b,0x1d,0x80,0x00,0x00,0x03,0xa0,0x10,0xdc,0x00,0x60,0x00,0x0d,0xfe,0xee,0xef,
0xb0,0x4d,0x00,0x10,0x4c,0x58,0x00,0x22,0x04,0xc0,0x0b,0x00,0x56,0x0c,0xed,0xdd,
0xde,0x90,0x61,0x01,0xf1,0x01,0x10,0x00,0x11,0x21,0x00,0xc0,0xb3,0x0b,0xdd,0xdd,
0x01,0xd0,0xb3,0x00,0x00,0x5b,0x06,0x00,0x11,0x88,0x06,0x00,0xf0,0x04,0xc4,0x01,
0xd0,0xb4,0x00,0x02,0xe6,0xdd,0xd0,0xb4,0x00,0x08,0x90,0x12,0xd0,0xb4,0x00,0x1e,
0x10,0x12,0x00,0x70,0xa8,0x00,0x01,0xd0,0xb4,0x06,0xd0,0x06,0x00,0x60,0x1d,0x20,
0x00,0x00,0xd0,0xb4,0x47,0x00,0x17,0xe0,0x06,0x00,0x29,0xa0,0xa3,0xc3,0x01,0xf0,
0x02,0x01,0x22,0x20,0x0a,0x0b,0x20,0x0a,0xcb,0xbf,0x11,0xe0,0xc3,0x00,0x00,0x03,
0xf0,0x0e,0x19,0x01,0xf0,0x14,0x99,0x01,0xf0,0xc3,0x00,0x00,0x2f,0x3e,0xef,0x0c,
0x30,0x00,0x0d,0x70,0x00,0xf0,0xc3,0x00,0x1c,0x90,0x00,0x0f,0x0c,0x30,0x1d,0x60,
0x00,0x00,0xe0,0xc2,0x00,0x10,0x00,0x00,0x02,0x34,0x03,0x30,0x2d,0x00,0x0d,0xd0,
0x02,0x20,0xb0,0x03,0x8f,0x03,0xf2,0x09,0xbf,0x20,0x8e,0x10,0x00,0x00,0x4d,0x6d,
0x2d,0x7d,0x10,0x00,0x1d,0x30,0x8f,0x50,0x6d,0x00,0x02,0x40,0x01,0x50,0x00,0x30,
0xc8,0x00,0x69,0x11,0x22,0x22,0x00,0x2b,0x0b,0xcb,0x01,0x30,0x9a,0xff,0xb0,0x83,
0x01,0x00,0xcb,0x01,0x00,0xaa,0x01,0xf0,0x00,0x2e,0x20,0x00,0x3c,0x00,0x0d,0x50,
0x4d,0xdd,0xc0,0x0b,0x80,0x00,0x11,0x4c,0x53,0x05,0x20,0x02,0xc1,0x83,0x01,0x11,
0x2c,0xc0,0x01,0x25,0xc0,0x00,0x0b,0x00,0x12,0xa0,0x53,0x00,0x90,0x25,0x56,0x63,
0x00,0x3c,0x05,0x98,0x8a,0xc0,0x7f,0x00,0x30,0x88,0x8f,0xfc,0xaa,0x03,0x20,0x03,
0xc0,0xa9,0x03,0x70,0x4c,0x00,0x06,0xd1,0x2e,0xee,0xc0,0x73,0x01,0x10,0x4c,0xa1,
0x05,0x21,0x03,0xc0,0x38,0x00,0x50,0x00,0x0c,0xee,0xef,0xef,0x3d,0x00,0x00,0x9f,
0x01,0x04,0x16,0x00,0x16,0x3c,0x29,0x02,0x12,0x01,0x12,0x01,0xf0,0x02,0x23,0x34,
0x41,0x00,0xa4,0x09,0xaa,0xad,0x90,0x0b,0x50,0x00,0x00,0xc5,0xce,0xf5,0x00,0x1d,
0x03,0xf0,0x03,0x50,0x00,0x2e,0x31,0x22,0xb5,0x00,0x3d,0x50,0x6c,0xce,0x50,0x8d,
0x30,0x00,0x00,0xb4,0x26,0xfa,0x00,0xc0,0x10,0x00,0xef,0xff,0xff,0x91,0x00,0x00,
0x11,0x10,0x0d,0x30,0x3b,0x05,0x91,0xd3,0x00,0x0f,0xff,0xff,0xfe,0x10,0x01,0xf0,
0x04,0x06,0x73,0xdc,0xcd,0xdd,0x70,0x00,0x12,0x22,0x90,0x03,0xf1,0x00,0x10,0x35,
0x55,0x63,0x00,0x5b,0x07,0x98,0x8a,0xc0,0x04,0xb0,0x00,0x00,0x8a,0xb0,0x00,0xf0,
0x06,0x40,0x04,0xc0,0x00,0x08,0xc0,0x00,0x4b,0x00,0x05,0xd1,0x3e,0xee,0xb0,0x07,
0xd1,0x00,0x00,0x4b,0x1c,0x80,0x52,0x01,0xf0,0x04,0x20,0x00,0x01,0x10,0x14,0x00,
0x00,0x7e,0xcd,0xe7,0x00,0x00,0x7c,0x10,0x01,0xc6,0x00,0x0c,0x40,0xdb,0x04,0xe1,
0xb6,0x00,0x00,0x6b,0x00,0x04,0xe7,0x33,0x7e,0x30,0x00,0x02,0x8a,0xa7,0x58,0x00,
0x20,0x10,0x30,0x23,0x02,0x50,0xe0,0xc2,0x0c,0xdc,0xdd,0x9b,0x01,0x30,0x00,0x5b,
0x00,0xc8,0x01,0x20,0x88,0x88,0x06,0x00,0x70,0xc4,0x66,0xe0,0xc3,0x00,0x02,0xe0,
0x12,0x00,0x20,0x08,0x90,0x06,0x00,0xd0,0x1e,0x1b,0xee,0xe0,0xc3,0x00,0xb7,0x00,
0x00,0xe0,0xc3,0x07,0xc0,0x06,0x00,0x31,0x2d,0x10,0x00,0x30,0x00,0x0a,0x06,0x00,
0x23,0xb0,0xc2,0x1d,0x02,0x42,0xae,0xee,0xef,0xf8,0xec,0x05,0x02,0x74,0x01,0x12,
0x6a,0x0d,0x00,0x11,0x90,0x4e,0x01,0x11,0x79,0xfc,0x01,0x30,0x08,0x70,0x00,0x95,
0x00,0x11,0x96,0x25,0x00,0x15,0x02,0x25,0x00,0xf1,0x04,0x11,0x17,0xa2,0x22,0x22,
0x10,0x9d,0xdd,0xdd,0xdd,0xdd,0xdc,0x00,0x00,0x7e,0xee,0xee,0xfb,0x00,0x69,0x01,
0x02,0xb3,0x06,0x10,0x2d,0x05,0x00,0x40,0x70,0x02,0xd0,0x00,0x7f,0x03,0x12,0x3c,
0xcb,0x06,0xa0,0x20,0x00,0x13,0x33,0x5e,0x33,0x33,0x33,0x08,0xbb,0x01,0x00,0x13,
0xb0,0x82,0x00,0x51,0x09,0xee,0xee,0xef,0xe0,0x9c,0x01,0x12,0x0f,0x47,0x01,0x11,
0xe1,0x06,0x00,0x18,0x0e,0x0d,0x00,0x21,0x01,0x00,0x62,0x00,0x11,0xeb,0x0d,0x00,
0x15,0x2e,0x06,0x00,0x31,0x1a,0x00,0x2d,0x0a,0x00,0x13,0x2b,0x10,0x00,0xe1,0x6b,
0xbb,0xcf,0xbb,0xbb,0xba,0x23,0x33,0x33,0x33,0x33,0x32,0x00,0x21,0x54,0x05,0x11,
0x87,0x92,0x06,0xa0,0x98,0x10,0x01,0x1e,0x00,0x00,0x9e,0xdd,0xdd,0xdf,0x12,0x00,
0x00,0xe1,0x05,0x40,0x8e,0xdd,0xdd,0xde,0xd0,0x01,0x27,0x11,0x10,0xbc,0x00,0x15,
0x3e,0xbb,0x00,0x11,0x1d,0xb4,0x00,0x11,0x2e,0x5a,0x04,0x11,0x2d,0x7d,0x00,0x55,
0xef,0xee,0xee,0xec,0x01,0xb5,0x03,0x00,0xe9,0x00,0x90,0xcd,0xce,0x90,0x00,0x00,
0x2e,0x40,0x00,0xaa,0x1e,0x01,0x00,0xde,0x06,0x11,0x5d,0x17,0x06,0x92,0x0c,0xa4,
0x47,0xe4,0x00,0x00,0x00,0x69,0xa7,0xb4,0x05,0x01,0x31,0x01,0x00,0x42,0x08,0x41,
0x1d,0xef,0xff,0xc0,0x1d,0x07,0x11,0x1e,0xd5,0x00,0x41,0x01,0xe0,0x0d,0x20,0x5d,
0x00,0xf0,0x0c,0xd2,0x00,0x00,0x3b,0x03,0xc0,0x0d,0x30,0x00,0x03,0xc0,0x4a,0x00,
0xdf,0xf6,0x00,0x3c,0x05,0x90,0x0d,0x20,0x00,0x02,0xd0,0x22,0x00,0xd2,0x1f,0x00,
0x91,0x02,0x0d,0x20,0x0a,0xdd,0xfd,0xed,0xb3,0xe2,0x76,0x00,0x12,0x0e,0x55,0x00,
0x12,0xe2,0x3a,0x01,0x14,0x10,0x6e,0x06,0x30,0x6c,0xcc,0xcb,0x55,0x00,0x51,0x22,
0x22,0xf1,0x0e,0x10,0x38,0x07,0x10,0xd1,0x34,0x01,0x90,0xe1,0x0d,0x20,0x00,0x01,
0xe0,0x0f,0x00,0xd2,0xf2,0x00,0xf4,0x00,0x60,0x0d,0xff,0x60,0x00,0xf0,0x01,0x30,
0xe2,0x00,0x7e,0xef,0xee,0xca,0x1e,0x48,0x00,0x00,0x24,0x01,0x20,0x0d,0x20,0xa5,
0x05,0x00,0xc8,0x03,0x12,0x1f,0x6e,0x01,0x12,0xf0,0x82,0x01,0xfe,0x02,0xfe,0xee,
0xfe,0x30,0x00,0x00,0x02,0x22,0x22,0x31,0x00,0x00,0x05,0xcc,0xcc,0xcc,0xf0,0xf9,
0x08,0x14,0x1e,0x54,0x09,0x02,0x89,0x00,0xeb,0x04,0xcb,0xbb,0xbb,0xcc,0xcd,0xd3,
0x02,0x33,0x34,0xe2,0x22,0x21,0x00,0xc6,0x08,0x12,0x2d,0x0d,0x00,0x02,0x2c,0x00,
0x12,0x2a,0x7d,0x02,0x27,0xff,0xfb,0xd3,0x01,0x25,0x2d,0x00,0xaf,0x03,0x23,0x00,
0x3b,0x6a,0x01,0x80,0x8e,0xee,0xff,0xff,0xff,0xfd,0x00,0x00,0x52,0x03,0x03,0x06,
0x00,0x47,0xae,0xee,0xfe,0xfe,0x30,0x02,0x09,0x06,0x00,0x04,0x2e,0x02,0x48,0xae,
0xee,0xee,0xfc,0xcc,0x00,0x03,0xd9,0x00,0x13,0xe0,0xa8,0x00,0x20,0x06,0xcc,0xa9,
0x00,0x33,0xc0,0x02,0x23,0xa8,0x00,0x10,0x1d,0x17,0x00,0x51,0xee,0xec,0x2e,0xee,
0x60,0xae,0x00,0x11,0x78,0xda,0x00,0x80,0x07,0x80,0x00,0x0e,0xee,0xa0,0x00,0x78,
0xec,0x00,0x00,0x0d,0x00,0x97,0x0f,0xdd,0xd7,0x00,0x77,0x00,0x00,0x02,0x21,0x5c,
0x05,0x91,0x33,0x33,0x20,0x01,0xc0,0x04,0xbb,0xbb,0xf1,0x03,0x01,0x11,0xd2,0x06,
0x00,0x11,0xe1,0x06,0x00,0xf3,0x0c,0xd0,0x01,0xd0,0x26,0x66,0x77,0x9b,0x61,0xd0,
0x26,0x7b,0xb5,0x42,0x01,0xd0,0x00,0x07,0x80,0x2c,0xcc,0xd0,0x00,0x06,0x70,0x02,
0x23,0xd0,0x33,0x01,0x00,0x0d,0x02,0x13,0x40,0xb3,0x00,0x02,0xbf,0x00,0x00,0x31,
0x06,0x02,0xa3,0x00,0xc0,0x50,0x2a,0xbb,0xbb,0x10,0x1e,0x00,0x34,0x33,0xd4,0x01,
0xe0,0x9b,0x07,0x10,0x0e,0x7c,0x09,0x20,0x00,0xe0,0x0a,0x08,0x10,0x0e,0x5d,0x00,
0x20,0x00,0xe0,0x5a,0x02,0xc1,0x0e,0x02,0x33,0x34,0x57,0x60,0xe0,0xab,0xbf,0xb9,
0x73,0x0e,0x2b,0x03,0x10,0xe0,0x37,0x03,0x07,0x0b,0x00,0x10,0x0f,0x2b,0x00,0x22,
0x00,0xf0,0x88,0x02,0xa1,0x12,0x22,0x23,0x20,0x00,0x00,0xac,0xcc,0xcb,0xf2,0x63,
0x00,0x11,0xd3,0x06,0x00,0x02,0x08,0x04,0x17,0xd2,0x6c,0x03,0xfa,0x05,0x50,0x00,
0x9c,0xbb,0xbb,0xcc,0xcc,0xd6,0x13,0x3d,0x53,0x2c,0x52,0x10,0x00,0x0d,0x30,0x0b,
0x40,0x00,0x06,0x00,0x10,0x20,0x06,0x00,0xa0,0x0a,0x10,0x09,0x20,0x00,0x00,0x9c,
0xcc,0xcd,0xda,0x25,0x08,0x2e,0x22,0x4d,0xc2,0x01,0x03,0xff,0x02,0x11,0x7d,0x22,
0x04,0x90,0x01,0x11,0x4c,0x11,0xf2,0x11,0x00,0x00,0x3c,0x8e,0x00,0x11,0x56,0x06,
0x00,0x71,0x88,0x16,0x00,0x80,0x00,0x00,0x88,0x27,0x00,0x02,0x06,0x00,0x56,0x7f,
0xfe,0xee,0xff,0x60,0x99,0x04,0x17,0xf6,0x1b,0x00,0x11,0x87,0x06,0x00,0x11,0x96,
0x06,0x00,0x21,0xa5,0x00,0x8b,0x0a,0x01,0x06,0x00,0x0a,0xae,0x08,0x35,0x8e,0xee,
0xee,0xa7,0x03,0x00,0x3b,0x02,0x12,0xf8,0xf0,0x01,0x02,0xdb,0x04,0x12,0x5a,0x0d,
0x00,0x02,0x7c,0x07,0x14,0x57,0x33,0x00,0x6a,0x8f,0xff,0xff,0xff,0xff,0xfe,0x8d,
0x0a,0x00,0x93,0x04,0x12,0xe1,0x63,0x02,0x02,0x28,0x03,0x17,0xf1,0xa5,0x01,0x03,
0x0d,0x00,0x10,0x04,0x70,0x0b,0x91,0xbb,0xbb,0xc6,0x00,0x00,0x13,0x33,0x33,0x7b,
0x13,0x00,0x17,0x5b,0x67,0x00,0x11,0x69,0x06,0x00,0x40,0x45,0x00,0x12,0x22,0x01,
0x00,0x87,0x7c,0xcc,0xcc,0xcc,0xcc,0xcb,0x00,0x00,0x63,0x05,0x17,0x7a,0x06,0x00,
0x11,0x79,0x06,0x00,0x26,0x5f,0xfe,0x71,0x08,0x21,0x0d,0xee,0x7c,0x03,0x11,0x01,
0x39,0x0b,0x01,0x9d,0x09,0x06,0xf4,0x00,0x00,0xf1,0x03,0xc4,0xbb,0xaa,0xaa,0xaa,
0xbb,0xb5,0x03,0x44,0x44,0x44,0x44,0x43,0x0d,0x0a,0x50,0x1c,0xdd,0xdd,0xdb,0x50,
0x05,0x04,0x25,0x21,0x6a,0xf7,0x00,0x40,0xcf,0xff,0xee,0xe8,0x36,0x07,0x01,0x11,
0x00,0x30,0xde,0xdd,0xdd,0x3f,0x0a,0x32,0x12,0x11,0x11,0x4f,0x05,0x17,0xf8,0xb6,
0x00,0x08,0xbc,0x00,0x16,0x58,0x1b,0x01,0x33,0xef,0xff,0xfd,0x0d,0x00,0x11,0x22,
0x78,0x00,0x11,0x97,0x64,0x03,0x44,0x97,0x10,0x01,0x1f,0x4f,0x05,0x1d,0x97,0x4f,
0x05,0x00,0x39,0x01,0xa0,0x01,0x12,0x22,0x00,0x3b,0x5c,0xcc,0xbf,0x50,0x3b,0xb4,
0x04,0x40,0x3b,0x00,0x00,0x4d,0x10,0x02,0x30,0xa7,0x00,0x3b,0x20,0x06,0xf4,0x07,
0x3b,0x00,0x0c,0x60,0x00,0x3b,0x00,0x8a,0x00,0x00,0x3b,0x05,0xd0,0x00,0x00,0x3b,
0x5d,0x10,0x00,0x00,0x3b,0x61,0x33,0x02,0x06,0x05,0x00,0x12,0x29,0x7a,0x00,0x91,
0x8a,0xab,0xb7,0x00,0xb5,0x02,0x33,0x38,0xa0,0xae,0x07,0x00,0xfe,0x01,0x40,0x6d,
0x00,0x0a,0x50,0xe1,0x0c,0xc3,0xa5,0x01,0x9d,0x20,0x00,0x0b,0x50,0xd7,0x00,0x00,
0x00,0xb4,0xf9,0x03,0x0f,0xae,0x07,0x16,0x20,0x03,0x10,0xd1,0x09,0x41,0xa5,0x0a,
0xcb,0xbd,0x06,0x08,0x90,0xa6,0x00,0xb5,0x00,0x00,0x1f,0x10,0x0b,0x50,0xd7,0x0c,
0x10,0xa5,0xb3,0x07,0xf1,0x05,0x0a,0x50,0x1b,0xb0,0x00,0x00,0xa5,0x1d,0x50,0x00,
0x00,0x06,0x20,0x00,0x90,0x00,0x00,0x62,0x00,0x0f,0x89,0x01,0xa0,0xf3,0x32,0x23,
0xc4,0x00,0x0f,0xcc,0xcc,0xce,0x30,0xc6,0x02,0x11,0xb3,0x0b,0x00,0x10,0x20,0xfc,
0x00,0x09,0x44,0x02,0xf0,0x07,0xc2,0x00,0x08,0xef,0x9b,0xff,0x30,0xd3,0x00,0x00,
0x07,0x90,0x0d,0x40,0xc3,0x00,0x00,0x0a,0x60,0x0f,0x10,0xc4,0x0e,0x01,0x30,0x2e,
0x00,0xc4,0x2a,0x03,0x80,0x6b,0x00,0xcf,0xfb,0x00,0x88,0x00,0xb6,0xd5,0x01,0xf1,
0x02,0xe2,0x01,0xf1,0x00,0xc3,0x00,0x07,0xa0,0x07,0xa0,0x00,0xc3,0x00,0x0b,0x10,
0x1e,0x20,0xea,0x01,0x14,0x88,0xf1,0x01,0x29,0x00,0xc4,0x07,0x00,0x13,0x93,0x85,
0x06,0xf0,0x25,0x22,0x20,0x22,0x00,0x1d,0x2b,0xbf,0x5c,0xe8,0x01,0xe0,0x01,0xf0,
0x09,0x80,0x1e,0x00,0x4c,0x00,0xb5,0x01,0xe0,0x07,0x80,0x0e,0x33,0x4e,0x00,0xc4,
0x03,0xe4,0xcc,0xe0,0x2e,0x00,0x79,0x00,0x1e,0x09,0x70,0x0d,0x40,0x01,0xe2,0xe0,
0x04,0xd0,0x00,0x0e,0x54,0x00,0xd5,0x19,0x04,0x14,0x4a,0xa6,0x0d,0x16,0xe0,0xc3,
0x05,0xd1,0xc0,0x02,0xbb,0xba,0x4c,0xcc,0x20,0x00,0x03,0x36,0xd0,0x22,0xc4,0xa5,
0x02,0x00,0x81,0x0c,0x21,0x09,0x60,0x27,0x04,0x11,0xe2,0x8e,0x07,0x12,0x3d,0x4a,
0x04,0x33,0x10,0x00,0x04,0xe8,0x05,0x1f,0xd1,0xe8,0x05,0x15,0x02,0x01,0x00,0x51,
0x4e,0xef,0x88,0xef,0xf1,0xd7,0x00,0x20,0x0d,0x30,0x0f,0x01,0x01,0xc6,0x06,0x11,
0xe3,0x56,0x03,0x11,0x2f,0x5b,0x00,0x21,0x06,0xa0,0x49,0x00,0x10,0xc4,0xb8,0x09,
0x00,0x0e,0x0f,0x14,0x15,0x3a,0x00,0x11,0x7b,0x31,0x08,0x20,0x02,0x43,0xd9,0x07,
0x13,0x30,0x63,0x0d,0x50,0xef,0xfa,0x6f,0xff,0x10,0x68,0x03,0x20,0x0e,0x20,0x12,
0x04,0x10,0x0f,0x49,0x0d,0x00,0xa1,0x01,0x43,0x05,0x80,0x00,0x2d,0x06,0x06,0x11,
0x7e,0x0e,0x04,0x05,0xb1,0x07,0x03,0x21,0x04,0x10,0xfe,0xed,0x01,0x00,0x30,0x00,
0x11,0xa6,0xba,0x02,0x11,0xb6,0x06,0x00,0x47,0x8f,0xdd,0xdd,0xed,0x27,0x00,0x72,
0x00,0x00,0x07,0xef,0xf7,0x9f,0xfd,0x10,0x10,0x00,0x01,0x01,0x00,0x99,0x00,0x20,
0x04,0xc0,0x56,0x0a,0x40,0x07,0x40,0x00,0x37,0x43,0x03,0x93,0x11,0x11,0x21,0x9c,
0xcc,0xdd,0xcc,0xcc,0xc8,0x31,0x00,0x11,0xad,0x9f,0x08,0x35,0xd3,0x11,0x10,0x4f,
0x05,0x11,0xdf,0x5b,0x0f,0x12,0xd1,0x7b,0x03,0x46,0xee,0xee,0xed,0x10,0x24,0x02,
0x31,0x10,0x00,0x50,0x22,0x01,0x11,0xe3,0x35,0x01,0x14,0xe2,0x06,0x00,0x12,0x01,
0x06,0x00,0x20,0xe1,0x10,0x06,0x00,0x26,0xfe,0xe7,0x12,0x00,0x00,0x06,0x00,0xc3,
0x01,0x01,0xe0,0x00,0xdd,0xdd,0xfd,0x21,0xe0,0x00,0x02,0x11,0xca,0x06,0x03,0x06,
0x00,0x16,0xf0,0xcd,0x01,0x04,0x18,0x0e,0x28,0x00,0x91,0x3c,0x00,0x00,0x06,0x00,
0x00,0xde,0x05,0x41,0x01,0xff,0xf6,0xf1,0x0c,0x00,0xb3,0xec,0xbb,0xde,0x51,0xe0,
0x00,0x23,0x33,0x20,0x01,0xd0,0x30,0x00,0x50,0x07,0xff,0xff,0xff,0xe0,0x5b,0x0e,
0x20,0x00,0xf0,0x43,0x04,0x80,0x22,0xf0,0x00,0x07,0xfd,0xdd,0xdd,0xb0,0x56,0x0a,
0x00,0x0e,0x01,0x40,0xec,0xcd,0xdd,0xe4,0x18,0x00,0x23,0x11,0x10,0x30,0x00,0x1b,
0x70,0xb4,0x00,0x02,0x60,0x00,0x31,0xfe,0xe6,0xe1,0xc0,0x00,0xa2,0xf2,0x00,0x14,
0x11,0xe0,0x00,0xcf,0xff,0xdb,0x31,0x96,0x00,0x04,0x7d,0x0b,0x80,0x08,0xff,0xee,
0xee,0xe0,0x00,0x09,0x70,0xb4,0x00,0x15,0x0a,0x06,0x00,0x77,0xe0,0x00,0x07,0xed,
0xdd,0xde,0xc0,0xc0,0x00,0xf0,0x04,0x02,0x05,0x10,0x00,0x0d,0x00,0xe1,0xc4,0x00,
0x00,0xe1,0x0e,0x1c,0x40,0x00,0x0e,0x10,0xe1,0xc3,0x0b,0x00,0x20,0x1d,0x30,0x0b,
0x00,0x55,0xd3,0x00,0x00,0xee,0xef,0x0b,0x00,0x04,0x16,0x00,0x70,0xcc,0xcd,0xd4,
0xe1,0x0e,0x10,0x21,0x0b,0x00,0x00,0xcb,0x06,0x00,0xb1,0x02,0x02,0x0b,0x00,0x36,
0xa0,0x0d,0x10,0x6d,0x0d,0x10,0x15,0x9e,0x01,0x10,0x3d,0xfe,0x06,0x01,0x05,0x00,
0x12,0x4c,0x05,0x00,0x97,0x5a,0xaa,0xf3,0x4c,0x00,0x14,0x44,0xe3,0x4c,0x14,0x00,
0xa3,0x00,0x10,0xd3,0x3f,0xcc,0xef,0x90,0xd3,0x01,0x21,0x2b,0x07,0x15,0xd2,0x05,
0x00,0x12,0xb1,0x60,0x02,0x01,0x0c,0x12,0x10,0x3d,0x59,0x04,0xb1,0x03,0xc0,0x00,
0x33,0x33,0xf0,0x4c,0x00,0x3b,0xbb,0xbf,0xb8,0x10,0xc2,0xf0,0x4d,0x22,0x34,0x70,
0x0f,0x02,0xcd,0xdc,0xa7,0x00,0xf0,0x48,0x11,0xa0,0x0a,0xcc,0xcc,0xdb,0x60,0x00,
0x23,0x32,0x22,0x4e,0x3a,0x0b,0x20,0x13,0xe0,0xd8,0x0f,0x13,0xea,0xce,0x09,0x50,
0xce,0xdd,0xde,0xee,0x20,0x7a,0x01,0x03,0x3b,0x05,0x10,0x80,0x33,0x04,0x10,0x3d,
0x17,0x06,0x00,0x58,0x00,0x20,0x39,0x90,0x58,0x00,0x30,0xd9,0x04,0xc0,0x16,0x00,
0xf5,0x27,0x4f,0xbb,0xce,0xe0,0x78,0x00,0x34,0x43,0x10,0x07,0x80,0x00,0x02,0x42,
0x21,0x33,0x00,0x00,0x4a,0xbc,0x80,0x00,0x02,0x77,0x77,0x77,0x66,0x00,0x26,0x66,
0x66,0x66,0x60,0x00,0x06,0xac,0xb9,0x30,0x00,0x07,0xb3,0x12,0x5e,0x20,0x00,0x7b,
0x32,0x25,0xe2,0x00,0x00,0x6b,0xcc,0xa3,0x53,0x01,0x20,0x0a,0x30,0x53,0x01,0x40,
0xb4,0x0e,0x1c,0x40,0xee,0x0f,0x11,0xc3,0x0b,0x00,0x90,0x30,0x46,0x6d,0x40,0xe1,
0xc3,0x05,0x88,0xd4,0x48,0x01,0x20,0x0b,0x40,0x53,0x01,0x13,0xb4,0x0b,0x00,0x40,
0xcd,0xce,0xe4,0xb4,0x53,0x01,0x02,0x1a,0x10,0x34,0xb4,0x0e,0x10,0x25,0x10,0x14,
0x82,0x53,0x01,0x18,0x02,0x60,0x07,0x07,0x3b,0x0c,0x04,0x00,0x07,0x03,0x0d,0x00,
0x31,0x5f,0xff,0xff,0x87,0x03,0x02,0xe3,0x00,0x27,0x08,0x70,0xd2,0x07,0x60,0x19,
0x71,0x11,0x10,0x09,0xee,0x01,0x00,0x37,0xd0,0x00,0x38,0x84,0x06,0x17,0x5a,0x53,
0x00,0x45,0x4e,0xee,0xfe,0xec,0xce,0x0d,0x23,0x03,0xc0,0xb4,0x07,0x04,0x99,0x06,
0x41,0x8b,0xbb,0xbc,0xcc,0x85,0x07,0x26,0x3f,0x20,0x38,0x0c,0x08,0x06,0x00,0x14,
0x01,0xa0,0x13,0x03,0xff,0x09,0x18,0x2e,0xa0,0x04,0x10,0x1e,0x20,0x06,0x03,0x06,
0x05,0xc4,0x02,0x22,0x23,0xe2,0x22,0x22,0x05,0xdd,0xdd,0xdd,0xcc,0xcc,0x20,0x0d,
0x50,0x06,0xee,0xee,0xee,0xe5,0xff,0x0f,0x21,0x00,0x50,0x28,0x0a,0x11,0x0f,0xbc,
0x09,0x00,0xd7,0x01,0x41,0x08,0xcf,0xcc,0xcf,0xfc,0x08,0x20,0x21,0x11,0x28,0x00,
0x02,0x29,0x08,0x18,0xb4,0xae,0x07,0x02,0xaf,0x05,0x12,0x0c,0xb2,0x04,0x4a,0xaf,
0xee,0xee,0xe6,0x66,0x08,0x10,0x1e,0xf6,0x00,0x25,0xef,0x70,0x2f,0x00,0x09,0x3c,
0x00,0x03,0x0d,0x00,0x17,0x30,0x14,0x03,0x17,0x20,0x37,0x01,0x27,0x09,0x60,0x10,
0x09,0x44,0x08,0xfe,0xee,0xee,0x3e,0x03,0xd3,0x03,0x32,0x22,0x22,0x22,0x33,0x20,
0xab,0xbb,0xbe,0xcb,0xbb,0xb7,0x84,0x00,0x51,0x01,0xcd,0xdf,0xed,0xc7,0xc9,0x0b,
0x15,0x13,0x02,0x01,0x41,0x0c,0xff,0xfe,0xee,0x9d,0x0f,0x01,0x6e,0x08,0x41,0xed,
0xdd,0xde,0xe6,0x21,0x00,0x10,0x10,0xe7,0x06,0x06,0xbc,0x00,0x17,0xc4,0x76,0x08,
0x14,0xc3,0xc7,0x00,0x0a,0xbb,0x13,0xb0,0xbe,0xed,0xde,0xee,0xee,0xfd,0x00,0x1d,
0x40,0x02,0xd0,0x21,0x0a,0x0d,0x06,0x00,0x12,0x20,0xd8,0x0f,0x06,0x2e,0x02,0x17,
0x6a,0x06,0x00,0x17,0x69,0x06,0x00,0x14,0x79,0x2b,0x02,0x2e,0xfc,0x00,0x01,0x00,
0x10,0x6b,0x01,0x06,0x22,0xba,0x13,0xda,0x0d,0x1d,0x39,0x28,0x02,0x02,0x06,0x00,
0x4c,0x4f,0xff,0xee,0xfb,0x0f,0x0a,0x06,0x28,0x02,0x11,0x45,0x06,0x00,0x17,0x89,
0x54,0x0a,0x02,0x06,0x00,0x44,0x6f,0xfe,0xee,0xff,0x67,0x01,0x1e,0x37,0x82,0x02,
0x01,0x40,0x02,0x14,0x4e,0x7c,0x0e,0x00,0x6b,0x0d,0x00,0xcb,0x09,0x20,0x13,0x33,
0xd7,0x09,0x04,0xd8,0x00,0xc1,0xad,0xed,0x80,0x00,0x00,0x1e,0x60,0x01,0xa9,0x00,
0x00,0x5c,0x4f,0x06,0x11,0x4d,0x4c,0x0e,0x40,0x0c,0xa4,0x36,0xd6,0xdf,0x00,0x22,
0xa8,0x30,0x35,0x05,0x01,0x7d,0x04,0x10,0x4c,0x1c,0x08,0x10,0x4c,0x50,0x01,0x06,
0x05,0x00,0x15,0x4b,0x05,0x00,0x13,0x5b,0x05,0x00,0xa2,0x10,0xc3,0x4f,0xcc,0xef,
0xb0,0xc3,0x01,0x21,0x10,0x78,0x01,0x06,0x05,0x00,0x16,0xb2,0x11,0x02,0x08,0x82,
0x04,0x10,0xd0,0x0b,0x00,0x10,0x4c,0x0b,0x00,0x23,0x04,0xc0,0x0b,0x00,0x80,0x20,
0x0f,0x03,0xfd,0xde,0xfc,0x10,0xf0,0x45,0x00,0x13,0x0e,0x09,0x03,0x01,0x94,0x15,
0x20,0x0c,0x50,0xbc,0x05,0x10,0xc5,0x08,0x02,0x01,0x0b,0x00,0x00,0x90,0x15,0x16,
0xeb,0x36,0x01,0x20,0x03,0x17,0x47,0x00,0x15,0x3d,0x05,0x00,0x17,0x4c,0x05,0x00,
0x62,0x02,0x50,0x0f,0x2e,0xff,0xec,0x3c,0x15,0x30,0x08,0x00,0x71,0x05,0x00,0x10,
0xc4,0x4e,0x08,0xb0,0xc6,0x32,0x23,0x4e,0x00,0xcd,0xcc,0xcc,0xce,0x00,0xc3,0x4c,
0x03,0x44,0xbd,0xcc,0xcc,0xcc,0x0e,0x0a,0x00,0xf4,0x1a,0x10,0x22,0x69,0x06,0x33,
0xed,0xdd,0xc6,0x27,0x06,0x0a,0x06,0x00,0x10,0xf1,0x99,0x06,0x12,0xf8,0x99,0x06,
0x08,0x06,0x00,0x98,0xdc,0xcc,0xde,0x61,0xe0,0x00,0x02,0x22,0x10,0xe7,0x06,0x03,
0xed,0x06,0x13,0xd0,0xab,0x0c,0xb1,0x9b,0xbb,0xb4,0x02,0xe0,0x00,0xe4,0x33,0x20,
0x01,0xf0,0x4e,0x00,0x08,0x06,0x00,0x22,0xff,0xf7,0x0c,0x00,0x95,0xe3,0x22,0x36,
0x11,0xf0,0x00,0x8c,0xcb,0x53,0x42,0x00,0x20,0x03,0x40,0x2f,0x07,0x21,0x07,0x90,
0xf9,0x06,0x11,0x80,0xe1,0x06,0x11,0x80,0xed,0x03,0x14,0xff,0x80,0x0d,0x03,0x01,
0x00,0x00,0x60,0x00,0x1a,0x01,0x60,0x00,0x20,0xf1,0x00,0x1c,0x18,0x00,0xc8,0x08,
0xc2,0xfc,0xc6,0xe1,0x00,0x03,0x00,0xf0,0x00,0xbe,0xee,0xa8,0x10,0x96,0x00,0x71,
0x70,0x00,0x04,0x40,0x00,0x00,0x80,0x4e,0x00,0xf0,0x04,0xf0,0x00,0x08,0x93,0x33,
0x33,0xf0,0x00,0x08,0xdb,0xbb,0xbb,0xf0,0x00,0x07,0x70,0x00,0x00,0xf0,0xe7,0x06,
0x10,0xdd,0x90,0x16,0x04,0xec,0x05,0xe0,0x02,0x02,0x43,0x42,0x0d,0x00,0xe1,0xeb,
0xbb,0x80,0xe1,0x0e,0x1e,0x10,0xb0,0x06,0x10,0xf1,0xbb,0x06,0x14,0x1f,0x0b,0x00,
0x3c,0xee,0xef,0x1f,0x16,0x00,0x3f,0xdc,0xcd,0xe3,0xe7,0x06,0x10,0xb0,0x24,0x44,
0x41,0x00,0xe1,0xdb,0xbb,0xa5,0x00,0xe1,0xd3,0x26,0x00,0x12,0xd2,0x05,0x00,0x83,
0x12,0x23,0xf1,0xd2,0x00,0x7c,0xcc,0xf1,0x0f,0x00,0x04,0x05,0x00,0x73,0xcd,0xcd,
0xee,0x50,0xe1,0x02,0x11,0x00,0x0e,0x06,0x05,0x00,0x15,0xd0,0x50,0x00,0xc0,0x40,
0x8b,0xbb,0xb3,0x00,0xe2,0xd5,0x33,0x20,0x00,0xe2,0xd3,0xc4,0x02,0x51,0xd3,0x00,
0x3f,0xff,0xf2,0x0a,0x00,0x82,0xd5,0x22,0x46,0x10,0xe2,0x7c,0xcb,0x96,0x92,0x10,
0x83,0x50,0x02,0xee,0xee,0xff,0xe1,0x00,0x01,0xa1,0x10,0x61,0xe2,0x02,0xff,0xff,
0xff,0xd0,0xb7,0x05,0x73,0x02,0xfd,0xdd,0xdd,0xe5,0x00,0x12,0x59,0x18,0xe0,0x20,
0x8b,0xbb,0xb7,0x00,0xb5,0xd5,0x33,0x21,0x00,0xb5,0xd3,0x00,0x00,0x05,0x00,0x32,
0x0c,0xff,0xf5,0x0a,0x00,0x00,0xfb,0x04,0x74,0xbd,0xcd,0xdd,0x60,0xb4,0x02,0x21,
0xe9,0x0a,0x90,0x05,0xff,0xff,0xfe,0xe5,0x00,0x09,0x00,0x0a,0x5b,0x03,0x12,0x0e,
0x05,0x00,0x55,0x07,0xcf,0xcc,0xcf,0xdb,0x90,0x08,0xf0,0x06,0x02,0x02,0x33,0x31,
0x0b,0x20,0xd1,0xdc,0xbb,0x50,0xc3,0x0e,0x0e,0x10,0x00,0x0c,0x30,0xe0,0xe1,0x00,
0x00,0x0b,0x00,0x80,0x02,0x2c,0x30,0xe0,0xe1,0x06,0xcc,0xf4,0x16,0x00,0x11,0x0b,
0x16,0x00,0x13,0xb3,0x0b,0x00,0xb0,0xdc,0xcd,0xe4,0xb3,0x0e,0x01,0x22,0x10,0x0b,
0x30,0xe0,0x5a,0x03,0x00,0x48,0x01,0x11,0x0c,0x07,0x17,0x17,0x91,0x48,0x01,0xf0,
0x0c,0x01,0x03,0x66,0x65,0x02,0xc0,0xc4,0xca,0x88,0x60,0x3d,0x0c,0x4c,0x30,0x00,
0x02,0xd0,0xb4,0xd3,0x00,0x78,0x9d,0x0b,0x4d,0x30,0x06,0x67,0x0b,0x00,0xd1,0x00,
0x1d,0x0b,0x4d,0x97,0x9b,0x21,0xd0,0xb4,0x37,0x75,0x30,0x1d,0xb8,0x05,0x20,0x10,
0x20,0xaa,0x04,0x76,0xba,0x00,0x02,0x44,0x43,0x33,0xf1,0x33,0x0e,0x07,0x0b,0x00,
0x11,0x50,0xe3,0x07,0xc0,0x00,0x21,0x21,0x02,0xc0,0xd1,0xcd,0xcc,0xa0,0x3d,0x0d,
0x1c,0x58,0x00,0xa1,0xd1,0xd3,0x00,0x00,0x3d,0x0d,0x1d,0x30,0x0d,0xee,0x0b,0x00,
0xe0,0x2d,0x0d,0x1d,0x42,0x35,0x02,0xd0,0xd1,0x8c,0xca,0x81,0x2d,0x0e,0x10,0xac,
0x06,0x61,0xe0,0x00,0x71,0x00,0x1c,0x0e,0xc9,0x0d,0x12,0x40,0xb5,0x05,0x02,0xd4,
0x0d,0x11,0xce,0xd0,0x0a,0x04,0xb9,0x03,0xd3,0x03,0x01,0x22,0x22,0x03,0xd0,0xc4,
0xcc,0xcb,0x90,0x2d,0x0c,0x4d,0xb0,0x00,0xf0,0x05,0xde,0xed,0x0b,0x4d,0x30,0x00,
0x01,0xe0,0xb4,0xd3,0x01,0x30,0x1e,0x0c,0x4a,0xee,0xdb,0x11,0xd0,0xc4,0xbf,0x0e,
0x70,0x05,0x10,0x08,0xcc,0xcc,0xdc,0x80,0x10,0x0d,0x20,0x1e,0x10,0x95,0x00,0x70,
0xe2,0x00,0xaf,0xfe,0xee,0xed,0x00,0x0d,0x0d,0x01,0xa2,0x19,0x21,0xde,0x50,0x09,
0x1a,0x00,0x16,0x06,0x10,0x20,0x02,0x0a,0x34,0xdc,0xcc,0x40,0x33,0x05,0x11,0x08,
0x2e,0x03,0x0a,0x0d,0x00,0x51,0x6f,0xee,0xee,0xfa,0x00,0x5d,0x1a,0x0d,0x06,0x08,
0x43,0x17,0xa0,0x00,0x00,0xe4,0x07,0x00,0x4a,0x05,0x1a,0xe9,0x04,0x06,0x05,0xe4,
0x07,0x20,0xed,0x10,0x6e,0x14,0x11,0x00,0x74,0x14,0x0f,0xe4,0x07,0x05,0x12,0x3e,
0xe4,0x07,0x08,0x06,0x00,0x04,0xe4,0x07,0x08,0x5a,0x00,0x2e,0x7a,0x00,0x5a,0x00,
0x14,0xa0,0xab,0x08,0x09,0x5a,0x00,0x03,0xbc,0x05,0x37,0x70,0x01,0xaa,0xbc,0x05,
0x1d,0x2f,0xbc,0x05,0x01,0x1d,0x07,0x90,0x00,0x1d,0x0b,0xdc,0xcc,0xb3,0x01,0xe0,
0xc5,0xbd,0x07,0x01,0x33,0x1b,0x01,0x0b,0x00,0xb4,0x0e,0x0c,0x50,0x00,0x10,0x00,
0xe0,0x8f,0xff,0xee,0x70,0x57,0x0d,0x40,0x0c,0x00,0x00,0x0e,0xc3,0x04,0xd6,0x01,
0xe0,0x11,0x2e,0x23,0x64,0x1e,0x2c,0xcc,0xcb,0xa8,0x31,0xf0,0x88,0x12,0x16,0xf0,
0x0e,0x07,0xd0,0x20,0x0c,0xdd,0xdd,0x80,0x1e,0x02,0xf1,0x11,0x10,0x01,0xe0,0x2e,
0x58,0x00,0x20,0x01,0xe0,0xfd,0x04,0xa1,0x1f,0xcc,0xcc,0xb0,0x1f,0x00,0x12,0xe3,
0x10,0x01,0xc8,0x11,0xa0,0x1e,0x2a,0xaa,0xfc,0xde,0x71,0xe0,0x33,0x33,0x21,0x35,
0x1a,0x01,0x1e,0x05,0x10,0xc2,0x90,0x0f,0x25,0x0d,0x20,0x18,0x06,0x11,0x0a,0x6d,
0x18,0x11,0x00,0x54,0x12,0x00,0x0a,0x01,0x11,0xf0,0x36,0x05,0x02,0x06,0x00,0x12,
0xf1,0x06,0x00,0x10,0x00,0xc6,0x06,0x11,0xf1,0xde,0x03,0x00,0x06,0x00,0x82,0x13,
0x20,0xf1,0x4e,0xee,0xee,0xca,0x40,0xd0,0x10,0xd0,0x60,0x00,0x09,0xaa,0xaa,0xbb,
0x90,0x00,0x0f,0x44,0x44,0x45,0xf0,0x08,0x01,0x23,0x01,0xe0,0x06,0x00,0x00,0x09,
0x19,0x13,0xc0,0x3c,0x17,0x81,0x7c,0xcc,0xcc,0xc9,0x00,0x00,0x0c,0x62,0xf6,0x0d,
0x00,0xfd,0x00,0x05,0x3c,0x1c,0x11,0xc5,0xdf,0x09,0x4a,0x09,0xff,0xee,0xff,0x93,
0x11,0x01,0x86,0x0d,0x25,0xff,0xfe,0x17,0x12,0x02,0xc6,0x09,0x0a,0x0d,0x00,0x1e,
0x3b,0xf1,0x07,0x11,0x9f,0xce,0x01,0x12,0x0a,0xe7,0x08,0x12,0xa6,0xf4,0x08,0x30,
0xec,0xcc,0xcd,0xd8,0x14,0x01,0xa6,0x08,0x15,0x00,0x57,0x0d,0x23,0xde,0xec,0x2f,
0x09,0x0f,0xe7,0x08,0x12,0x14,0xe5,0xe7,0x08,0x01,0x2a,0x01,0x70,0x2c,0xcc,0xcd,
0x60,0x1e,0x04,0xc2,0x63,0x06,0x10,0x4c,0xca,0x01,0x01,0x3c,0x07,0xa2,0xe0,0x4d,
0x11,0x23,0x20,0x0e,0x01,0xcd,0xdc,0xc8,0x54,0x0d,0x91,0x0e,0x02,0x22,0x23,0x46,
0x60,0xe1,0xbc,0xcf,0x66,0x13,0x11,0xe2,0x5b,0x13,0x2a,0x20,0x00,0x71,0x13,0x13,
0xd0,0x80,0x0d,0x19,0x02,0xbf,0x00,0x11,0xa7,0x0c,0x00,0x02,0x06,0x00,0x52,0x9e,
0xcc,0xcc,0xdd,0x10,0xbd,0x00,0x20,0x11,0x10,0x28,0x03,0xb0,0x9d,0xde,0xed,0xde,
0xfd,0xcb,0x00,0x08,0x80,0x03,0xc0,0x46,0x09,0x21,0xdd,0xe8,0x48,0x13,0x14,0x1f,
0xce,0x14,0x20,0xcf,0xff,0x3e,0x1d,0x15,0xe3,0xb9,0x11,0x13,0x60,0xb8,0x00,0x02,
0x8f,0x03,0x44,0x8e,0xcd,0xcc,0xc4,0x0c,0x0a,0x17,0x97,0x06,0x00,0x14,0x87,0x8c,
0x03,0x15,0xf9,0x6f,0x0b,0x0e,0x45,0x09,0x4f,0x34,0x43,0x33,0x32,0x89,0x03,0x08,
0x00,0xaa,0x0e,0x02,0xff,0x04,0x10,0x11,0x01,0x00,0x13,0x8d,0xe2,0x17,0x0f,0x89,
0x03,0x1c,0x27,0x07,0xa0,0x8a,0x03,0x03,0x0d,0x00,0x59,0x5f,0xdd,0xdd,0xee,0x00,
0x99,0x00,0x22,0x08,0xef,0x17,0x04,0x15,0x00,0x36,0x1e,0x1f,0x00,0x65,0x04,0x02,
0x24,0x07,0xff,0x0f,0x14,0x06,0x01,0x00,0x11,0x7f,0x68,0x00,0x17,0x98,0x26,0x00,
0xa6,0x7e,0xcc,0xcc,0xdd,0x30,0x00,0x01,0x12,0x21,0x10,0x7c,0x02,0x11,0xdd,0x20,
0x02,0x02,0x2c,0x05,0x20,0xef,0xfc,0xd5,0x00,0x20,0x10,0x3e,0x45,0x02,0x00,0x8a,
0x0d,0x44,0xdd,0xdd,0xdd,0xd9,0x64,0x01,0x50,0xdd,0xcc,0xcd,0xdd,0x40,0x3f,0x0b,
0x2f,0x21,0x00,0x1c,0x01,0x16,0x10,0x10,0x1c,0x01,0x05,0x10,0x0b,0x23,0x02,0x9d,
0x07,0x0a,0x0e,0x4b,0x04,0x16,0xd7,0x4b,0x04,0x00,0x9d,0x07,0x68,0x42,0x00,0xe1,
0xcb,0xaa,0xa4,0x84,0x07,0x0a,0x05,0x00,0x13,0xe2,0x05,0x00,0x94,0x01,0x00,0xe2,
0xbe,0xde,0xed,0x60,0xe2,0x01,0xf3,0x17,0x06,0x9d,0x07,0x05,0x65,0x03,0x00,0x4d,
0x07,0x30,0xb4,0x00,0xc4,0x9d,0x07,0x10,0xc4,0x3e,0x07,0x0c,0x05,0x00,0x50,0xcd,
0xcc,0xdd,0x30,0xc3,0x4d,0x07,0x10,0xb3,0x9d,0x01,0xa1,0x30,0x00,0x0a,0xec,0xec,
0x30,0x00,0xb9,0x00,0x04,0x66,0x09,0x30,0xc4,0x00,0xf2,0xde,0x0e,0x86,0x7d,0x53,
0x4b,0xb0,0x00,0x04,0x9a,0x95,0x32,0x1c,0xf3,0x02,0x01,0x22,0x04,0xa0,0x00,0x1f,
0xcc,0x1f,0xcc,0x34,0xb0,0x00,0x1e,0x00,0x1f,0x00,0x04,0x07,0x00,0x14,0xc0,0x07,
0x00,0x10,0x2e,0x07,0x00,0x21,0xfe,0xe1,0x07,0x00,0x12,0xc1,0x0e,0x00,0x10,0xb0,
0x07,0x00,0x00,0x69,0x1b,0xb3,0x1f,0xcc,0x2f,0xcd,0x63,0xb0,0x00,0x01,0x21,0x00,
0x21,0xe1,0x03,0x0a,0x07,0x00,0x23,0x02,0xb0,0x87,0x1b,0xf2,0x04,0x42,0x24,0x30,
0xd0,0x1e,0xea,0x5d,0xa7,0x0e,0x11,0xef,0x00,0xe1,0x00,0xe1,0x1e,0xf0,0x0e,0x10,
0x0b,0x00,0x70,0xe3,0x3e,0xf0,0x0e,0x10,0x0d,0xdd,0x0b,0x00,0x20,0xd1,0x1e,0x0b,
0x00,0x12,0x11,0x0b,0x00,0xb0,0xeb,0x7d,0xbb,0x3d,0x11,0xe1,0x31,0x12,0x10,0xd1,
0x1e,0xd0,0x03,0x10,0x11,0x74,0x03,0x01,0x0b,0x00,0x38,0x0a,0x00,0xd0,0x1b,0x02,
0x50,0x3f,0xef,0x68,0xff,0xf4,0x47,0x06,0x11,0xa6,0xdb,0x14,0x00,0x47,0x04,0x09,
0x0d,0x00,0x65,0x03,0xfe,0xe9,0x7f,0xee,0x70,0x11,0x1c,0x09,0xc1,0x0e,0x08,0xae,
0x06,0xb0,0xbd,0xd9,0x3d,0xdd,0x50,0x00,0x0e,0x21,0x05,0xb0,0x10,0x78,0x01,0x11,
0x5a,0xe7,0x02,0x01,0x2e,0x00,0x02,0x0d,0x00,0x5a,0x0c,0xee,0xd4,0xfe,0xe9,0x96,
0x02,0x10,0x5e,0xd5,0x0d,0x2b,0xfe,0x10,0x4c,0x19,0x09,0x80,0x18,0x1b,0x1d,0xc9,
0x02,0xd0,0x50,0x9c,0xc2,0xbc,0xb1,0x1e,0x0e,0x32,0x1e,0x22,0x01,0xe0,0xe1,0x19,
0x18,0x52,0x0e,0x10,0x1d,0x00,0x00,0x0b,0x00,0x57,0x0b,0xfe,0x4d,0xee,0x30,0x87,
0x04,0x61,0xe3,0xbc,0xcf,0xa9,0x73,0x0e,0x43,0x06,0x01,0xa0,0x05,0x0a,0x0b,0x00,
0x0c,0x87,0x04,0x00,0x79,0x0b,0x72,0xe0,0x00,0x1d,0xdd,0xcf,0x10,0x1f,0x3a,0x02,
0x11,0xf0,0xc2,0x00,0x10,0x0f,0xc0,0x02,0x00,0x0d,0x00,0x71,0x1f,0xee,0xed,0x00,
0x0f,0xff,0x91,0x2a,0x06,0x01,0x03,0x0f,0x11,0x0f,0xa4,0x00,0x00,0x1a,0x00,0x9e,
0x33,0x35,0x61,0x0f,0x00,0x00,0xab,0xb9,0x64,0xf0,0x22,0x05,0x0d,0x00,0x13,0x20,
0x8f,0x16,0x40,0x01,0xbb,0xbb,0xb0,0x57,0x0b,0x23,0x33,0x2e,0x68,0x00,0xf0,0x02,
0x01,0xf0,0x00,0x08,0x99,0x9f,0x10,0x1f,0x00,0x01,0xf6,0x55,0x50,0x01,0xfd,0xd6,
0x1f,0x03,0x01,0xc6,0x22,0x01,0xf1,0x11,0x35,0x00,0xf0,0x00,0x0c,0xdd,0xcb,0x90,
0x4e,0x00,0x11,0x11,0x4e,0x00,0x21,0x08,0x70,0x1b,0x09,0x17,0x87,0x21,0x10,0x00,
0x0e,0x18,0x16,0xfe,0x8c,0x09,0x01,0x68,0x00,0x51,0xee,0xee,0xe0,0x02,0xe0,0xc3,
0x00,0x14,0x1e,0x68,0x00,0xe1,0x06,0x77,0x7f,0x10,0x1f,0x33,0x11,0xf8,0x88,0x70,
0x01,0xfc,0xc6,0x1e,0x6b,0x01,0xc5,0x01,0xfb,0xbc,0xdf,0x11,0xf0,0x00,0x02,0x33,
0x23,0x10,0x0d,0x3e,0x00,0x10,0x6e,0xa6,0x0e,0x64,0x00,0x08,0x81,0x11,0x11,0xf0,
0xb5,0x16,0x21,0x09,0x70,0x82,0x00,0x11,0x7f,0xa8,0x22,0x0c,0x68,0x00,0x12,0x01,
0x2b,0x01,0x05,0xd0,0x00,0xd7,0x0c,0xdd,0xdf,0x10,0x1f,0xcc,0x61,0xe1,0x11,0x00,
0x01,0xf4,0x41,0x68,0x00,0x75,0xe0,0x00,0x01,0x33,0x23,0x10,0x0e,0x11,0x01,0x81,
0x04,0xcd,0xde,0xa1,0x00,0x00,0x02,0xe3,0x26,0x22,0x11,0x5b,0x68,0x00,0xa1,0x03,
0xe1,0x00,0x05,0xe0,0x00,0x00,0x07,0xeb,0xbd,0xaa,0x07,0x05,0xbf,0x06,0xf1,0x02,
0x02,0x03,0x44,0x43,0x03,0xa0,0x3b,0x08,0xbb,0xbc,0x03,0xb0,0x3b,0x00,0x00,0x3c,
0x04,0x06,0x00,0x14,0x03,0x06,0x00,0x70,0x0d,0xff,0xfb,0x03,0xfe,0xeb,0x0f,0xbc,
0x1e,0x19,0x3b,0x06,0x00,0x81,0x66,0x79,0x33,0xb0,0x3b,0x06,0x87,0x64,0x2a,0x00,
0x18,0x00,0x06,0x00,0x38,0x02,0x80,0x2b,0x27,0x24,0xf0,0x1d,0x88,0x87,0x0b,0x20,
0xb4,0x36,0x67,0xe0,0xc4,0x0c,0x40,0x00,0x1e,0x0b,0x40,0xb4,0x47,0x78,0xe0,0xb9,
0x7d,0x4e,0x87,0x75,0x0b,0x97,0xd4,0xe2,0x00,0x00,0xb4,0x0b,0x4e,0x64,0x46,0x5b,
0x40,0xb4,0x6a,0xa9,0x73,0xb4,0x0b,0x40,0x0c,0x03,0x0f,0xbe,0x0a,0x12,0x29,0x00,
0x06,0x20,0x01,0x20,0x66,0x20,0x20,0x01,0x21,0xf9,0x93,0x20,0x01,0x45,0x00,0x01,
0xe1,0x11,0x4b,0x02,0xb4,0xfe,0x41,0xfb,0xbb,0xde,0x10,0xf0,0x00,0x01,0x33,0x21,
0x31,0x02,0x1f,0x40,0x20,0x01,0x1a,0xa0,0x20,0x34,0x44,0x40,0x00,0x1d,0x0a,0xbb,
0xaf,0x10,0xa7,0x14,0x10,0xe1,0x38,0x03,0x12,0x0e,0x0b,0x00,0x90,0x24,0x5d,0x0c,
0xff,0xff,0x16,0xab,0xd0,0xe2,0x4e,0x03,0x00,0x7f,0x06,0x13,0x01,0x0b,0x00,0xa6,
0x76,0x78,0xa4,0x01,0xd0,0x48,0x87,0x64,0x00,0x1d,0x98,0x1c,0x16,0x1d,0x83,0x14,
0x40,0x31,0xbe,0xee,0xe0,0x07,0x04,0x13,0xe1,0x05,0x00,0xb0,0xad,0xdd,0xf1,0xbf,
0xf6,0xe3,0x11,0x00,0x00,0xa6,0xe2,0x67,0x08,0xa2,0xdc,0xbb,0xce,0x50,0xa6,0x13,
0x32,0x10,0x00,0x95,0xb8,0x0e,0x40,0xef,0xee,0xee,0xf3,0xff,0x00,0x16,0xb4,0x05,
0x00,0x00,0x8c,0x07,0x16,0xe2,0x62,0x01,0x00,0x50,0x00,0x10,0x2d,0x4b,0x00,0x00,
0x05,0x00,0x61,0x11,0x4d,0xbe,0xef,0xf1,0x9d,0x1f,0x00,0x11,0x2d,0x05,0x00,0xa0,
0xdc,0xbc,0xde,0x50,0x2c,0x02,0x22,0x10,0x00,0x17,0xea,0x1a,0x10,0x16,0x6d,0x02,
0x10,0x3b,0x3f,0x18,0x60,0x6b,0x00,0xfc,0xcc,0xcc,0xdb,0x0f,0x00,0x66,0x4b,0x00,
0xec,0xcc,0xcc,0xd9,0x39,0x19,0xd0,0x02,0x04,0x44,0x40,0x01,0xc0,0x3b,0x2b,0xba,
0xf3,0x01,0xd0,0x3b,0x6f,0x25,0x50,0xe0,0x4b,0x00,0x00,0xd3,0x06,0x00,0x00,0xff,
0x1b,0x70,0x4b,0x0e,0xff,0xf2,0xdf,0xe0,0x3b,0x4d,0x01,0x0b,0x06,0x00,0x81,0x66,
0x8a,0x20,0xe0,0x3b,0x06,0x87,0x63,0x36,0x00,0x14,0x00,0x06,0x00,0x10,0x3c,0x06,
0x00,0x28,0x90,0x2b,0xdd,0x02,0xc0,0x07,0x88,0x80,0x01,0xc0,0xb4,0x06,0x76,0xe2,
0x01,0xe0,0xb4,0xb1,0x1c,0xf0,0x01,0xe0,0xb4,0x04,0x77,0xe2,0x9b,0xe0,0xb4,0x0e,
0x97,0x70,0x35,0xe0,0xb4,0x0e,0x20,0x2a,0x0c,0xa1,0x0e,0x64,0x57,0x21,0xe0,0xb4,
0x06,0xa9,0x86,0x10,0x50,0x22,0x00,0xd6,0x0c,0x00,0xb3,0x1f,0x34,0xa0,0x00,0x03,
0x19,0x02,0x1e,0x00,0x06,0x00,0x15,0x50,0x6d,0x22,0xc2,0x00,0xd0,0xd1,0x0b,0xcc,
0xf5,0x00,0xf0,0xd1,0x00,0x00,0xd6,0x06,0x00,0x90,0x13,0xf0,0xd1,0x0c,0xff,0xe4,
0xac,0xf0,0xd1,0xab,0x01,0x02,0x06,0x00,0x90,0xe0,0xd1,0x0c,0xdd,0xdd,0x10,0xe0,
0xd1,0x00,0xb8,0x17,0x10,0xe1,0x74,0x03,0x20,0xe0,0xe0,0xd4,0x0c,0x23,0x20,0x60,
0xda,0x0c,0x21,0x0d,0x30,0x5d,0x0a,0x47,0xfe,0xee,0xff,0xe0,0x04,0x13,0x01,0x12,
0x02,0x50,0x9b,0xba,0xf1,0x00,0x1d,0xc1,0x0a,0x61,0x4d,0x00,0x00,0xe1,0x6b,0xbd,
0x1b,0x02,0x50,0xcf,0xff,0xf1,0x00,0x1d,0x89,0x16,0x00,0x7a,0x01,0x21,0x8e,0xed,
0x0e,0x02,0x55,0xe7,0x67,0x8a,0x40,0x1d,0x0d,0x02,0x06,0x05,0x00,0x02,0x0e,0x14,
0xf2,0x19,0x68,0x88,0x90,0x00,0x2d,0x46,0x65,0xf1,0x01,0x3d,0x00,0x00,0xe1,0xae,
0xed,0x35,0x56,0xe1,0x00,0x2d,0xea,0x99,0x80,0x01,0x3d,0xe2,0x00,0x00,0xad,0xed,
0xe3,0x12,0x35,0x10,0x2d,0x9d,0xdc,0xb9,0x10,0x2d,0x13,0x04,0x90,0x9a,0xaa,0xaa,
0xa6,0x00,0x55,0x44,0x44,0x7d,0x0f,0x00,0x15,0x4d,0xc2,0x0a,0x01,0x67,0x22,0x11,
0x14,0x25,0x01,0xf1,0x13,0x79,0x99,0x90,0x00,0xa5,0x57,0x77,0xf1,0x33,0xb6,0x00,
0x00,0xe1,0x9b,0xe6,0x7a,0xab,0xf1,0x00,0xa6,0xe3,0x22,0x10,0xce,0xf6,0xe2,0x00,
0x03,0x10,0xa5,0xbe,0xee,0xdb,0x40,0xb8,0x1c,0xb1,0x52,0x00,0x23,0x33,0x33,0x61,
0x00,0xbc,0xcc,0xbb,0xe4,0xe8,0x13,0x00,0xb2,0x1a,0x12,0xe2,0x44,0x01,0x62,0xed,
0xdd,0xdd,0xe8,0x00,0x02,0x74,0x0d,0x00,0x74,0x1f,0x44,0x5c,0xcc,0xcb,0xda,0x8b,
0x12,0xa3,0x03,0x33,0x33,0x7a,0x00,0x00,0x9d,0xcc,0xcc,0xb7,0xf6,0x13,0x00,0xc4,
0x04,0x70,0x13,0x00,0x00,0x5d,0xee,0xed,0xdc,0x16,0x0a,0x11,0x60,0x8f,0x02,0x07,
0xe4,0x0c,0x25,0xee,0xee,0x49,0x13,0x54,0x01,0xde,0xee,0xed,0xf0,0x55,0x21,0x81,
0x01,0xbc,0xcc,0xcc,0xf1,0x00,0x00,0x2e,0xe9,0x08,0x00,0x4d,0x05,0x10,0x41,0x6e,
0x1c,0x33,0xfe,0xee,0x50,0xd7,0x05,0x80,0x4c,0xcb,0xbb,0xfb,0xbc,0xcc,0x10,0x23,
0x6a,0x13,0x13,0x20,0xd2,0x09,0x52,0x09,0xff,0xff,0xee,0xf4,0x91,0x14,0x02,0xe7,
0x01,0x17,0xb5,0xab,0x14,0x00,0x41,0x00,0x41,0x3d,0xdd,0xde,0xeb,0x5b,0x09,0xd4,
0x2e,0x00,0x00,0x02,0x33,0x33,0x4e,0x00,0x00,0x5e,0xcc,0xcc,0xb9,0x52,0x07,0x54,
0x3e,0xee,0xee,0xec,0x20,0x72,0x15,0x00,0xaa,0x12,0x36,0x7f,0xff,0xee,0x59,0x1c,
0x08,0xbf,0x0a,0x12,0xa7,0x78,0x1c,0x0b,0xef,0x28,0x01,0x42,0x00,0x14,0xed,0x70,
0x20,0x11,0x7e,0xbd,0x0d,0x14,0x97,0xe9,0x0a,0x22,0xee,0x20,0x58,0x08,0xe1,0x6b,
0xba,0xab,0xea,0xab,0xba,0x02,0x33,0x33,0x33,0x22,0x21,0x00,0x12,0x9d,0x13,0x44,
0x8d,0xdd,0xdc,0xcf,0x08,0x16,0x08,0x4f,0x0b,0x17,0xce,0x4f,0x0b,0x03,0x22,0x01,
0x3c,0xee,0xee,0xee,0x22,0x01,0x12,0x2d,0x22,0x01,0x12,0xd0,0xb3,0x07,0x07,0x22,
0x01,0xa2,0x4d,0xdd,0xdd,0xfd,0xdd,0xdd,0x10,0x22,0x22,0x22,0xb6,0x03,0x12,0xd1,
0xdc,0x0a,0x11,0x30,0xa9,0x00,0x20,0x9e,0x30,0x04,0x08,0x92,0x60,0x4e,0x60,0x00,
0x00,0xac,0x30,0x00,0x1b,0xc4,0x0a,0x02,0x5c,0x16,0x01,0xd2,0x01,0x14,0xbb,0xd2,
0x01,0x00,0x80,0x00,0x02,0xd2,0x01,0x16,0xc7,0xd2,0x01,0x00,0x0e,0x07,0x50,0x6d,
0xee,0xdd,0xdc,0x10,0xdb,0x27,0x10,0x10,0xd9,0x00,0x20,0x07,0x80,0x79,0x1a,0x24,
0x08,0x80,0xd2,0x01,0x51,0x0b,0xdd,0xdd,0xdd,0x10,0x43,0x12,0x20,0xc3,0x00,0x07,
0x00,0x21,0x2d,0x30,0xd0,0x00,0x13,0xc2,0x31,0x03,0x00,0xce,0x09,0x00,0xb2,0x18,
0x56,0x08,0xde,0xdd,0xdc,0x80,0xba,0x0e,0xae,0x22,0x33,0x34,0x21,0xbc,0xcc,0xce,
0xcb,0xbb,0xa5,0x68,0x16,0x07,0xa4,0x16,0x17,0x20,0xad,0x1b,0x03,0xe8,0x15,0x00,
0xd9,0x04,0xa1,0x3c,0xcc,0xcc,0xcd,0x00,0x00,0x6b,0x22,0x22,0x21,0xd2,0x01,0x10,
0x02,0x90,0x01,0x36,0xfe,0xed,0x20,0xdf,0x0d,0x32,0xee,0xed,0x01,0xfd,0x1b,0x44,
0x55,0x02,0xc0,0x0a,0x5e,0x07,0x4b,0x9f,0xff,0xfe,0xef,0x6e,0x23,0x01,0x99,0x0b,
0x41,0x5d,0xdd,0xdd,0xd7,0x40,0x0b,0x10,0x6a,0x06,0x00,0x21,0x12,0x6a,0xc0,0x00,
0x14,0xd7,0x90,0x20,0xa2,0xd4,0x00,0x01,0x12,0x00,0x00,0x8d,0xed,0xdd,0xcc,0x9d,
0x01,0x00,0x8c,0x1a,0xbf,0x23,0x33,0x33,0x9c,0xcf,0xdc,0xbc,0xfb,0xb9,0x00,0x0d,
0x66,0x16,0x04,0x23,0x03,0x00,0x86,0x26,0x17,0x13,0x2c,0x02,0x10,0x2e,0xab,0x01,
0x00,0xd7,0x1b,0x11,0x6a,0xa8,0x01,0x11,0x6b,0xcb,0x02,0x4a,0x2d,0xdd,0xdd,0xdc,
0xba,0x00,0x20,0x03,0xd0,0xfb,0x24,0x41,0x15,0xd3,0x37,0xb2,0x8e,0x01,0x41,0xcf,
0x10,0x00,0x97,0x07,0x02,0x10,0xa7,0x06,0x00,0x00,0x1d,0x08,0x16,0xee,0x17,0x0b,
0x00,0x7b,0x0d,0x10,0x5c,0xb1,0x05,0x09,0x27,0x16,0x44,0x6f,0xff,0xff,0xe8,0xbc,
0x08,0x11,0x87,0xb7,0x1c,0x16,0x5e,0x29,0x0c,0x07,0x7b,0x0d,0x22,0xb9,0x14,0xc0,
0x16,0x10,0x6d,0xe8,0x03,0x00,0x02,0x01,0x11,0x5b,0x9d,0x01,0x41,0x6b,0x00,0x00,
0x8e,0x06,0x02,0x14,0x88,0xd4,0x02,0x2c,0xe9,0x10,0x41,0x0f,0x05,0x65,0x0c,0x1d,
0x5a,0x43,0x20,0x18,0x5f,0x2e,0x03,0x01,0x95,0x16,0x00,0xa6,0x0f,0x12,0xf3,0xd8,
0x01,0x11,0x40,0xef,0x10,0x14,0xf3,0x4a,0x0f,0x00,0x89,0x01,0x23,0xda,0x00,0x42,
0x2a,0x10,0xaa,0x01,0x00,0x22,0xb5,0x02,0x94,0x00,0x00,0x33,0x03,0x10,0x42,0x44,
0x20,0x25,0xdc,0xcd,0x2e,0x21,0x54,0x0b,0xee,0xef,0xfe,0x80,0x99,0x01,0x00,0xb7,
0x28,0x10,0xe0,0xb0,0x00,0x13,0x21,0xed,0x26,0x00,0x53,0x09,0x21,0xed,0xea,0x0c,
0x00,0x11,0x4b,0x16,0x01,0x41,0xdb,0x00,0x00,0x89,0x24,0x02,0x11,0x88,0x1e,0x21,
0x4e,0x5e,0xee,0xfe,0xed,0xc2,0x00,0x02,0x3c,0x0d,0x01,0x89,0x16,0x11,0xef,0x60,
0x18,0x14,0x0f,0x06,0x00,0x1a,0xae,0x83,0x1d,0x20,0x02,0x00,0xec,0x05,0x41,0xe0,
0x0b,0xbb,0xaf,0x5d,0x09,0x10,0xe1,0xd9,0x0a,0x14,0x0e,0x0b,0x00,0x70,0x0c,0xff,
0xff,0x10,0x0e,0x10,0xe2,0x02,0x15,0x00,0x4d,0x06,0x04,0x0b,0x00,0xa6,0x76,0x67,
0x96,0x0e,0x10,0x48,0x87,0x65,0x10,0xe1,0x91,0x0e,0x11,0xe1,0xbd,0x00,0x03,0xb3,
0x21,0x50,0xde,0xee,0xf1,0x00,0xc3,0x35,0x02,0x20,0x0c,0x30,0x51,0x07,0x90,0xc3,
0x0a,0xdd,0xdf,0x20,0x0c,0x30,0xe3,0x11,0x02,0x14,0x10,0x20,0x07,0x03,0xa3,0xdc,
0xbb,0xdf,0x30,0xc3,0x01,0x33,0x24,0x20,0x0b,0x25,0x02,0x13,0x4f,0x20,0x1a,0x02,
0x80,0x0d,0x07,0x1f,0x2a,0x27,0x0d,0x10,0x58,0x1e,0x84,0x77,0x77,0x80,0x00,0xc2,
0x06,0x77,0x6e,0x58,0x00,0x93,0x01,0x33,0x3d,0x30,0x0c,0x30,0xdb,0xbb,0xa1,0x58,
0x00,0xb1,0x20,0xe2,0x00,0x01,0x00,0xc2,0x0c,0xdd,0xde,0xd4,0x0c,0xd8,0x03,0x31,
0xd2,0x00,0x03,0x77,0x25,0x10,0xe0,0x38,0x07,0x16,0x1e,0x1b,0x0c,0x19,0x0e,0xfa,
0x04,0x08,0xb0,0x00,0x10,0x40,0x58,0x00,0x1f,0xc4,0xb0,0x00,0x0e,0x00,0x2b,0x2e,
0x20,0xef,0x20,0x13,0x03,0x10,0xd2,0xba,0x03,0x13,0x0d,0x0b,0x00,0x12,0x1e,0xfa,
0x21,0x05,0x5b,0x01,0x00,0x58,0x00,0x11,0xb5,0xd0,0x23,0x10,0x50,0x58,0x00,0x81,
0xb5,0x0b,0xee,0xff,0x20,0x0b,0x40,0xe2,0xe6,0x1b,0x10,0x20,0x1c,0x04,0xb0,0xdc,
0xbc,0xef,0x20,0xb4,0x01,0x22,0x21,0x00,0x06,0x20,0xbb,0x08,0x30,0x61,0x00,0x0e,
0x8d,0x1a,0x00,0xbc,0x08,0x10,0xc3,0xf0,0x20,0x40,0xcf,0x30,0x00,0xe0,0x39,0x00,
0x47,0x0e,0xcc,0xcc,0xce,0xd7,0x1e,0x01,0x58,0x00,0x17,0xb3,0xb0,0x00,0x94,0x09,
0xcc,0xcf,0x20,0x0c,0x40,0xe4,0x22,0x20,0xb0,0x00,0xa0,0xe4,0x22,0x46,0x10,0xc3,
0x08,0xcc,0xba,0x81,0x0c,0x5a,0x26,0x01,0xba,0x12,0x61,0xe1,0x06,0x10,0x00,0x00,
0x4f,0x65,0x05,0x00,0xf4,0x03,0xf6,0x00,0x1c,0xa0,0x7d,0x20,0x00,0x3e,0x80,0x00,
0x4e,0x40,0x04,0x30,0x00,0x00,0x25,0x08,0x01,0x17,0xd3,0xb8,0x01,0x6e,0x09,0xcc,
0xcf,0x30,0x0c,0x30,0x58,0x00,0x31,0xa7,0x50,0x0c,0x36,0x23,0x10,0x61,0x59,0x29,
0xa0,0xd4,0x00,0x00,0x6c,0x10,0x03,0xe2,0x00,0x0b,0x50,0xfe,0x02,0x10,0xb7,0xb6,
0x06,0x82,0x03,0xe6,0x34,0x9d,0x00,0x00,0x03,0x9a,0x70,0x05,0x02,0x08,0x03,0x40,
0xe0,0x00,0xec,0xcc,0xd7,0x17,0x57,0xf0,0x00,0xd1,0x00,0xe1,0x06,0x00,0x11,0xe2,
0x06,0x00,0x31,0xef,0xfb,0xe0,0x12,0x00,0x08,0x06,0x00,0x33,0xee,0xee,0xe1,0x2c,
0x25,0x08,0x06,0x00,0x02,0x16,0x0a,0x14,0xa1,0x65,0x01,0x90,0xac,0xcc,0xb0,0x00,
0xf0,0x00,0x0f,0x22,0x2e,0x6e,0x0d,0x11,0xf0,0x54,0x00,0x10,0x0f,0x7b,0x0d,0x20,
0x33,0x10,0x0d,0x00,0x32,0xfc,0xc6,0x0f,0x88,0x0d,0x00,0x55,0x03,0x09,0x54,0x0d,
0x11,0x00,0x94,0x2f,0x18,0xfc,0x51,0x21,0x0e,0x5e,0x21,0x06,0x27,0x03,0xb3,0x46,
0x67,0x60,0x01,0xe0,0x00,0xf7,0x77,0xf1,0x01,0xf0,0x66,0x00,0x06,0x06,0x00,0x20,
0xf7,0x73,0x06,0x00,0x40,0xf8,0x84,0xe3,0x22,0xcc,0x00,0x53,0x8b,0xbb,0xa1,0x00,
0xf0,0x76,0x0d,0x10,0x03,0x12,0x16,0x01,0x62,0x11,0x13,0x70,0x68,0x11,0x15,0x08,
0x01,0x19,0x17,0xe1,0x7b,0x04,0x11,0x06,0xc8,0x00,0x12,0x01,0xc8,0x00,0x19,0x1f,
0xc8,0x00,0x20,0xcc,0x70,0x0d,0x00,0x27,0xf3,0x31,0xc8,0x00,0x11,0xc0,0x3f,0x0f,
0x11,0x55,0x8f,0x05,0x90,0x67,0x70,0x00,0x00,0xd1,0x04,0xdd,0xdd,0xd1,0x29,0x03,
0x11,0x02,0x26,0x07,0xf3,0x07,0x4e,0xbd,0x10,0x00,0x0d,0x10,0x0b,0x40,0x96,0x00,
0x00,0xcc,0xd7,0xa7,0x0b,0x40,0x00,0x01,0x21,0x02,0xac,0x80,0x7d,0x14,0x02,0x67,
0x00,0x39,0xf2,0x22,0xe1,0xc8,0x00,0x22,0xff,0xe6,0x0c,0x00,0x31,0xe0,0x00,0xd2,
0x69,0x19,0x00,0x06,0x00,0x02,0x48,0x0c,0x53,0x06,0xcc,0xcc,0xdd,0xc0,0xaa,0x20,
0x02,0x67,0x0f,0x00,0xc2,0x20,0x10,0xc0,0xd4,0x0d,0x00,0xce,0x00,0x50,0xed,0xdd,
0xdd,0xe3,0x00,0x70,0x18,0x04,0x69,0x19,0xf1,0x07,0x33,0x32,0x0b,0x10,0xd1,0xdb,
0xaa,0xd0,0xd2,0x0e,0x1d,0x10,0x1d,0x0d,0x20,0xd1,0xd1,0x01,0xd0,0xd2,0x0d,0x1e,
0x0b,0x00,0x70,0xe1,0x01,0xd0,0xde,0xef,0x1e,0x00,0x0b,0x00,0xf0,0x01,0xe0,0x01,
0xd0,0xc2,0x0d,0x1e,0x00,0x1e,0x0c,0x20,0xd1,0xce,0xde,0xd0,0xc2,0x0d,0x16,0x18,
0x01,0x11,0x2f,0x07,0x0b,0x00,0x08,0x21,0x18,0xf0,0x19,0x02,0x18,0xcc,0xca,0x03,
0x90,0x96,0xe3,0x23,0xf0,0x3c,0x08,0x6e,0x10,0x0f,0x03,0xc0,0x86,0xe1,0x00,0xf0,
0x2f,0xdf,0x6e,0x00,0x0f,0x02,0xd0,0x86,0xe0,0x00,0xf0,0x2d,0x08,0x6c,0xee,0xed,
0x02,0xd0,0x86,0x4b,0x01,0x20,0x05,0x30,0x4a,0x03,0x10,0x51,0xef,0x03,0xe1,0x09,
0x30,0x01,0xe3,0x33,0x33,0xb3,0x00,0x1f,0xcc,0xcc,0xce,0x40,0x01,0x4a,0x03,0x09,
0x45,0x24,0xf0,0x19,0x02,0x04,0x08,0xcc,0xca,0x04,0xc0,0xd2,0xe3,0x23,0xe0,0x3c,
0x0d,0x2e,0x10,0x1e,0x03,0xc0,0xd3,0xe1,0x01,0xe0,0x2f,0xbf,0x3e,0x00,0x1e,0x02,
0xd3,0xd2,0xe0,0x01,0xe0,0x2d,0x0d,0x2d,0xed,0xec,0x02,0xd0,0x27,0x12,0x20,0x18,
0x0d,0x9e,0x17,0x61,0x10,0x60,0x00,0x00,0x01,0xf1,0x3d,0x09,0x10,0x50,0x14,0x06,
0xe6,0x5e,0x70,0x00,0x00,0x6e,0x40,0x1c,0x90,0x00,0x7c,0x20,0x00,0x09,0x90,0x7a,
0x05,0xd3,0x35,0x55,0x50,0x00,0x3b,0xd9,0x98,0xe2,0x00,0x3b,0xd1,0x00,0xc2,0x05,
0x00,0xa0,0xe1,0x00,0xc2,0x23,0x6c,0xe1,0x00,0xc2,0x8c,0xdc,0x56,0x16,0x13,0x3c,
0x05,0x00,0xa0,0xc3,0x00,0x3c,0xdb,0xbb,0xf2,0x00,0x3c,0x13,0x32,0xb6,0x2d,0x09,
0x98,0x25,0x12,0x3a,0x27,0x0f,0xe0,0x77,0x77,0x00,0x02,0xd0,0xe8,0x87,0xf1,0x00,
0x2d,0x0e,0x00,0x0e,0x10,0xa4,0x18,0xa0,0xe1,0x34,0x6d,0x0e,0x00,0x0e,0x17,0xab,
0xd0,0xe0,0x12,0x0d,0x95,0x0d,0x32,0x2e,0x30,0x02,0xd0,0x8c,0xcb,0xa2,0xe0,0x2d,
0x10,0x60,0xe0,0x2d,0x00,0xb1,0x03,0x18,0x40,0x4f,0x05,0x09,0xc4,0x18,0x00,0x53,
0x28,0xa2,0xb0,0x00,0xa5,0xe3,0x22,0xe1,0x00,0xa5,0xe1,0x00,0x05,0x00,0x21,0xce,
0xf5,0x0a,0x00,0x82,0xd1,0x00,0xd2,0x00,0xa5,0xae,0xee,0xd3,0x00,0x28,0xb0,0x31,
0x01,0xcc,0xcc,0xdc,0x81,0x00,0x23,0x22,0x22,0xc4,0x52,0x06,0x62,0xc4,0x01,0xff,
0xee,0xee,0xe2,0xf1,0x0d,0x40,0xfd,0xdd,0xee,0xe7,0x8d,0x0a,0x05,0xfb,0x01,0x20,
0x01,0xc0,0xfb,0x01,0x10,0x1d,0xfb,0x01,0xf0,0x20,0x01,0xe0,0xe1,0xd1,0x01,0xd0,
0x1e,0x0e,0x1e,0x10,0x1d,0x22,0xe0,0xe1,0xe1,0x01,0xfc,0xce,0x0e,0x1e,0x00,0x1d,
0x00,0xe0,0xe1,0xe0,0x01,0xd0,0x0e,0x0e,0x1e,0x00,0x1e,0x00,0xe0,0xe1,0xdc,0xbb,
0xe0,0x1e,0x0e,0x11,0x22,0x21,0x01,0xd0,0xd1,0x96,0x04,0x00,0xf0,0x01,0x02,0x0b,
0x00,0x17,0x19,0xfb,0x01,0x00,0x7a,0x03,0xc0,0x00,0xb4,0xe9,0x88,0xf1,0x00,0xb5,
0xe0,0x00,0xe1,0xee,0xf5,0xf3,0x00,0x10,0xb5,0x05,0x00,0xb0,0xb4,0xe0,0x00,0xe1,
0x33,0xc4,0xd1,0x00,0xd4,0xbb,0xe4,0xad,0x00,0x03,0xba,0x1d,0x10,0x70,0x05,0x00,
0x01,0x65,0x2b,0x15,0xf0,0x47,0x11,0x19,0xee,0xd4,0x14,0x01,0x9b,0x01,0xa0,0xea,
0x99,0xf1,0x12,0x5c,0xe1,0x00,0xe1,0x8c,0xdc,0xf3,0x00,0x41,0x3c,0xe1,0x00,0xe1,
0x0f,0x00,0x55,0x7a,0xbc,0xce,0xde,0xf1,0x87,0x01,0xd0,0x01,0x10,0x03,0x00,0x07,
0xed,0xde,0x80,0x00,0x7c,0x10,0x00,0xb7,0x79,0x17,0x30,0x3c,0x00,0xb6,0x4c,0x0f,
0x84,0x4e,0x73,0x37,0xe4,0x00,0x02,0x8a,0xa8,0xc7,0x09,0x12,0x0a,0x18,0x20,0x11,
0xb5,0xbb,0x25,0x21,0x0b,0x50,0x7b,0x0b,0x09,0x0d,0x00,0x37,0x9e,0xdd,0xde,0xf8,
0x1d,0x03,0x1a,0x29,0x0e,0x06,0x13,0x05,0x12,0x0a,0x11,0xfe,0xd2,0x19,0x19,0x0f,
0x06,0x00,0x00,0x0c,0x0a,0x1f,0xdb,0x9e,0x21,0x16,0x08,0xad,0x2b,0x05,0x31,0x16,
0x05,0x84,0x0b,0x00,0x7d,0x1d,0x12,0x2d,0x59,0x33,0x01,0xf1,0x0f,0x03,0x0d,0x00,
0x32,0x01,0xee,0xef,0xe0,0x20,0x11,0xf0,0xb3,0x05,0x40,0x1f,0x11,0x11,0x10,0x66,
0x13,0x08,0x63,0x09,0x12,0xe1,0xad,0x07,0x11,0x10,0x24,0x0c,0x20,0xbd,0x10,0x28,
0x05,0x70,0x70,0x7e,0x40,0x00,0x00,0x7e,0x50,0x95,0x34,0x12,0x03,0x13,0x13,0x00,
0x3c,0x0b,0x85,0xa0,0x00,0x00,0x0e,0x31,0x11,0x14,0xd0,0x66,0x00,0x0a,0x07,0x00,
0x00,0x23,0x18,0x04,0x99,0x2e,0x09,0xa8,0x21,0x25,0xff,0xd0,0x2d,0x0b,0x0f,0x07,
0x00,0x03,0x1d,0xb3,0xc3,0x18,0x30,0x05,0xee,0xee,0x8c,0x30,0x21,0x79,0x10,0x37,
0x26,0x11,0x80,0x1c,0x01,0x11,0x78,0x38,0x0e,0x5a,0x05,0xfe,0xee,0xee,0x90,0x2d,
0x00,0x05,0x35,0x01,0x01,0x16,0x01,0x31,0x36,0x00,0xe1,0x6e,0x2f,0x21,0x0e,0x10,
0x91,0x01,0x16,0x40,0xa0,0x2f,0x00,0xee,0x09,0x1b,0x50,0x2b,0x19,0x01,0xc0,0x2a,
0x11,0xa5,0x8d,0x01,0x12,0xb5,0x7b,0x0b,0x24,0xdd,0xde,0x7b,0x09,0x20,0x23,0x32,
0x40,0x0b,0x65,0x8b,0xbe,0xeb,0xbc,0xeb,0xb9,0x6c,0x18,0x1f,0xde,0x6c,0x18,0x14,
0x02,0xd4,0x30,0x30,0x50,0x00,0xc2,0x32,0x04,0x4d,0xc2,0xe1,0x00,0xd2,0x05,0x00,
0x1a,0xe0,0x05,0x00,0x00,0x32,0x04,0x42,0xc2,0x23,0x32,0x20,0x57,0x2c,0x06,0x05,
0x00,0x11,0xb1,0xb2,0x03,0x05,0xda,0x03,0x38,0xa6,0xe1,0x00,0x05,0x00,0x02,0xe9,
0x03,0x32,0xce,0xde,0xf0,0xda,0x03,0x12,0x94,0xb8,0x03,0x11,0xef,0xb8,0x0a,0x03,
0x84,0x22,0x06,0x05,0x00,0x06,0x68,0x01,0x01,0x50,0x00,0x1e,0xa6,0x50,0x00,0x07,
0x2a,0x04,0x01,0x9c,0x01,0x60,0x51,0x01,0xcc,0xcc,0xdd,0xd2,0x2a,0x04,0x10,0xd4,
0xf6,0x00,0x82,0xd4,0x01,0xfd,0xdd,0xdd,0xc1,0x01,0xe0,0x2a,0x04,0x16,0xde,0x2a,
0x04,0x10,0x04,0x50,0x00,0x10,0x3c,0x50,0x00,0x3d,0x3d,0xe1,0x00,0x05,0x00,0x10,
0x3c,0xa0,0x00,0x13,0x3c,0xf9,0x0f,0x30,0x08,0x10,0x2c,0x2e,0x2a,0xf6,0x06,0x01,
0x00,0x00,0x9f,0x50,0x00,0x00,0x05,0xe5,0xe7,0x00,0x00,0x6e,0x30,0x1c,0x90,0x07,
0xb2,0x00,0x00,0x9a,0x8f,0x1d,0x00,0x50,0x00,0x10,0x4b,0x50,0x00,0x3e,0x4b,0xe1,
0x00,0x05,0x00,0x00,0x50,0x00,0x13,0x4b,0x3e,0x0b,0x03,0xd2,0x03,0x10,0x70,0x0a,
0x32,0x10,0xc7,0xd2,0x03,0x11,0x4b,0x09,0x32,0x00,0xd2,0x03,0x10,0xe3,0x08,0x32,
0x11,0x20,0x50,0x02,0xf0,0x03,0x09,0xee,0xff,0x20,0x01,0xe0,0xc3,0x00,0xc3,0x00,
0x1f,0x0c,0x30,0x0c,0x30,0x01,0xf0,0xc3,0x39,0x06,0xb0,0x0b,0x30,0x0b,0x40,0x01,
0xf0,0x9d,0xcc,0xf6,0x00,0x1e,0x5a,0x1a,0x00,0xd9,0x00,0x10,0x21,0xf2,0x02,0x22,
0x3b,0xdd,0xb9,0x0b,0x00,0xc8,0x0b,0x20,0xee,0xdf,0x40,0x03,0xf3,0x04,0x2b,0xd2,
0x00,0x00,0x03,0xaf,0xb0,0x00,0x02,0x8d,0xc6,0x5b,0xe8,0x20,0x35,0x10,0x00,0x01,
0x54,0x2d,0x16,0x20,0x30,0x00,0xd1,0x09,0x50,0x1e,0x00,0x0a,0x40,0x0e,0x72,0x1c,
0x34,0xa4,0x00,0xe1,0x0d,0x00,0xf1,0x01,0xf8,0x88,0xd4,0x00,0xe1,0x00,0x1f,0x55,
0x5c,0x40,0x0e,0xff,0xb1,0xe0,0x00,0xb4,0x1a,0x00,0x21,0x0b,0x30,0x27,0x00,0xa7,
0xc3,0x00,0xd1,0x00,0x0e,0xee,0xee,0x20,0x0d,0x10,0x8b,0x2d,0x27,0x0d,0x10,0x52,
0x2e,0x41,0x0a,0x10,0x00,0x10,0x1c,0x12,0x32,0xe0,0x00,0xc1,0x63,0x09,0x00,0xde,
0x3c,0x10,0x56,0xe4,0x3c,0x60,0xf8,0x88,0xe1,0x00,0xec,0xc6,0x31,0x05,0x31,0xe5,
0x41,0xe0,0xf8,0x3c,0x24,0xdd,0xdd,0x0b,0x09,0x14,0xc0,0xb9,0x00,0x01,0xd3,0x07,
0x05,0xfc,0x08,0x09,0x06,0x00,0x17,0xd0,0x07,0x09,0x55,0x50,0x00,0xa0,0x00,0xa1,
0x27,0x08,0x00,0x66,0x00,0x53,0xf0,0x00,0xfd,0xdd,0xf1,0x0c,0x00,0x20,0xfc,0xc6,
0xb7,0x09,0x50,0xf3,0x30,0xe0,0x00,0xd0,0x45,0x08,0x25,0xdd,0xd0,0x07,0x09,0x21,
0x01,0x00,0xa8,0x21,0x11,0x70,0x07,0x09,0x16,0x70,0x7b,0x16,0x1b,0x07,0x08,0x22,
0x51,0x10,0x00,0xb0,0x00,0x91,0x4e,0x00,0x00,0x60,0x00,0x21,0xf8,0x88,0xa4,0x3d,
0x52,0x44,0xe1,0x00,0xff,0xf7,0xb0,0x3d,0x20,0xe0,0x00,0xba,0x00,0x35,0xad,0xdd,
0xb0,0x9f,0x08,0xa1,0x07,0xcc,0xcc,0xcc,0xa0,0x00,0x01,0x33,0x33,0x34,0x4f,0x29,
0x82,0x23,0xe0,0x00,0x09,0xee,0xdd,0xdd,0x90,0x87,0x0d,0x00,0x9f,0x08,0x21,0xee,
0xe3,0x6d,0x29,0x06,0x60,0x00,0x11,0x72,0x60,0x00,0x10,0xa4,0x60,0x00,0x81,0x89,
0xd4,0x00,0xf0,0x00,0xf5,0x44,0xc4,0x60,0x00,0x11,0xb3,0x60,0x00,0x11,0xb3,0x60,
0x00,0x15,0xc1,0x60,0x00,0xa2,0x2c,0xcc,0xa5,0xcc,0xc0,0x00,0x02,0x23,0xe0,0x12,
0x44,0x23,0x50,0xd1,0x00,0x1e,0xee,0xb0,0xa6,0x02,0x01,0x0c,0x05,0x20,0x2f,0xcc,
0xb5,0x01,0x48,0x01,0x22,0x10,0x00,0x80,0x01,0x04,0x1a,0x01,0x00,0x80,0x01,0x02,
0xc6,0x00,0x11,0xfc,0x80,0x01,0x22,0xf4,0x41,0xc0,0x00,0x06,0x80,0x01,0x14,0xf0,
0x0e,0x10,0xa1,0x2b,0xee,0xd8,0x10,0x00,0x01,0xe5,0x00,0x09,0xb0,0x94,0x1f,0x41,
0xf0,0x00,0x05,0xc0,0xd2,0x18,0x94,0xd9,0x33,0x5d,0x80,0x00,0x00,0x17,0xaa,0x94,
0x66,0x04,0xe0,0x00,0x04,0x01,0xc0,0x2d,0xe1,0x00,0xe0,0x2c,0x02,0xde,0x10,0x0e,
0x02,0x0b,0x00,0xf0,0x02,0xf0,0x2c,0x02,0xde,0x98,0x8e,0x02,0xc0,0x2d,0xe7,0x66,
0xe0,0x2f,0xee,0xde,0x10,0x0e,0x21,0x00,0xf0,0x06,0x01,0xe0,0x1c,0x02,0xde,0x10,
0x1e,0x01,0xc0,0x2d,0xdc,0xbc,0xd0,0x1c,0x02,0xd0,0x22,0x20,0x01,0xc0,0x2d,0xbb,
0x2e,0x20,0x02,0xd0,0x64,0x07,0x10,0x2d,0x64,0x07,0x27,0x01,0xd0,0x89,0x2f,0xfd,
0x1b,0x00,0x09,0x03,0xb0,0xb4,0xe1,0x01,0xe0,0x3c,0x0b,0x5e,0x10,0x1d,0x03,0xc0,
0xb5,0xee,0xee,0xd0,0x3e,0x7d,0x5e,0x10,0x2d,0x02,0xe7,0xd5,0xe1,0x02,0xd0,0x2d,
0x0b,0x5d,0x76,0x8c,0x02,0xd0,0xb4,0x47,0x77,0x30,0x2c,0x80,0x21,0x1b,0xf2,0xb1,
0x0d,0x02,0x6f,0x06,0x11,0x40,0x6b,0x06,0x50,0x30,0x00,0x04,0x00,0x0e,0x51,0x16,
0x07,0x05,0x00,0xab,0xe8,0x88,0x9d,0x01,0x1e,0xe6,0x66,0x6d,0x5d,0xde,0x19,0x00,
0x30,0xdc,0xbb,0xcc,0x7d,0x19,0x12,0x20,0x45,0x25,0x06,0x05,0x00,0x16,0x0d,0x57,
0x09,0x70,0x09,0x00,0x08,0x00,0x02,0xd0,0xe1,0x75,0x0d,0xf3,0x01,0x0e,0x10,0x0d,
0x10,0x02,0xd0,0xed,0xdd,0xf1,0x01,0x2d,0x0e,0x21,0x1e,0x19,0xde,0x0c,0x09,0x8f,
0x00,0x0e,0x00,0x02,0xd0,0xae,0xee,0xc0,0x0c,0x09,0x1b,0x50,0xb0,0x00,0xa1,0x00,
0xa6,0x57,0x00,0xb0,0xa6,0xe8,0x77,0xe1,0x00,0x96,0xe7,0x66,0xe1,0xce,0xf6,0x50,
0x00,0x10,0x96,0x01,0x32,0x10,0xa5,0x71,0x02,0x12,0xa5,0x82,0x13,0x09,0x0c,0x09,
0x21,0xc5,0x00,0x0c,0x09,0x13,0xf0,0x0c,0x09,0x11,0xe8,0xe2,0x04,0x10,0x10,0x32,
0x05,0x30,0xd1,0x00,0xc1,0x50,0x00,0xd2,0xd1,0x00,0xa6,0xe6,0x55,0xe1,0x00,0xa6,
0xe9,0x88,0xf1,0xbf,0xf6,0x37,0x05,0x00,0x50,0x00,0x32,0xcd,0xdd,0xe0,0x50,0x00,
0x12,0x73,0x7e,0x00,0x0f,0xff,0x16,0x0e,0x60,0x02,0xc1,0x00,0xa1,0x00,0x3c,0xa0,
0x00,0xc0,0x3d,0xe5,0x45,0xe1,0x00,0x3d,0xea,0x99,0xf1,0x9f,0xfd,0xe0,0x87,0x02,
0x00,0x52,0x02,0x42,0x3c,0xbe,0xdd,0xc0,0x32,0x05,0x10,0x15,0xfa,0x0a,0x30,0x18,
0x00,0xe1,0x3c,0x05,0xb0,0xe5,0x43,0x34,0x6c,0x00,0xeb,0xbb,0xbb,0xcc,0x00,0xe1,
0x02,0x01,0x45,0xdc,0xcc,0xcc,0xda,0xff,0x16,0x20,0x02,0x03,0x48,0x02,0xf0,0x0c,
0xd1,0xe1,0x00,0xe0,0x1d,0x0d,0x1e,0x10,0x0e,0x01,0xe0,0xe1,0xe1,0x00,0xe0,0x1e,
0x0e,0x1e,0x98,0x8e,0x22,0xe0,0xe1,0xe7,0x66,0xfc,0xce,0x16,0x00,0xf9,0x07,0x00,
0xe0,0xd1,0xe1,0x01,0xe0,0x0e,0x0d,0x1e,0x10,0x1e,0x00,0xe0,0xd1,0xdc,0xbc,0xd0,
0x1e,0x0d,0x10,0x22,0x20,0xac,0x09,0x10,0xd2,0x48,0x02,0x25,0x0c,0x10,0xf0,0x0e,
0x00,0x3d,0x24,0xf3,0x14,0x01,0xd0,0xc3,0xe1,0x00,0xd0,0x1e,0x0c,0x4e,0x54,0x4e,
0x00,0xe0,0xb4,0xea,0x99,0xfe,0xee,0x0b,0x4e,0x10,0x0e,0x00,0xf0,0xb4,0xe1,0x00,
0xe0,0x0f,0x0c,0x4b,0xed,0xdb,0x00,0xf0,0x18,0x23,0x10,0x02,0x18,0x23,0x00,0xe9,
0x10,0x04,0x18,0x23,0x10,0x2f,0x18,0x23,0x02,0xd8,0x36,0x11,0x2f,0x18,0x23,0x04,
0xc8,0x24,0x60,0x10,0x90,0x00,0x91,0x00,0xb4,0x00,0x01,0x70,0xb5,0xe1,0x00,0xd3,
0xdd,0xf5,0xee,0x57,0x0f,0x04,0x09,0x0a,0xa2,0x66,0xd4,0xd0,0x00,0xe1,0x88,0xd4,
0xae,0xdd,0xc0,0x87,0x06,0x10,0xc3,0xf3,0x01,0x12,0xc3,0x67,0x3a,0x02,0x1f,0x25,
0x03,0xc2,0x20,0x18,0xf8,0xf0,0x01,0x10,0xc1,0x0e,0x07,0x81,0xd1,0x58,0xd5,0xeb,
0xbb,0xf1,0x34,0xb5,0x06,0x0b,0xa5,0xe0,0x00,0xe1,0x58,0xd5,0xd0,0x00,0xe0,0x58,
0xd5,0xf0,0x01,0x1f,0x73,0xf0,0x01,0x10,0x51,0x00,0x44,0x00,0x00,0x35,0x78,0x08,
0x21,0x06,0x90,0x78,0x08,0x11,0x69,0x29,0x2a,0x21,0xef,0x90,0xa4,0x12,0x11,0x69,
0xeb,0x04,0x00,0x1a,0x00,0x40,0x88,0x11,0x11,0x88,0x96,0x19,0x30,0xdd,0xdc,0x40,
0xee,0x00,0x1b,0x20,0xbe,0x2b,0x54,0x09,0xff,0xfe,0xee,0xef,0x83,0x17,0x00,0x3a,
0x30,0x41,0x1c,0x00,0x00,0x4b,0xef,0x33,0x11,0x5e,0x16,0x14,0x11,0x5a,0xa5,0x09,
0x5e,0x3e,0xff,0xfe,0xea,0x00,0x64,0x23,0x0f,0x04,0x0a,0x1e,0x02,0x60,0x00,0x11,
0x5b,0xa8,0x17,0x11,0x5f,0xc8,0x13,0x02,0x60,0x00,0xa3,0x5b,0x33,0x33,0x5c,0x00,
0x00,0x2a,0xbd,0xeb,0xb6,0x0a,0x09,0x63,0x6c,0xcc,0xcd,0xec,0xcc,0xca,0x10,0x2a,
0x0e,0x58,0x2a,0x15,0x6a,0x2c,0x09,0x17,0x70,0x5b,0x20,0x10,0x20,0x82,0x3d,0x00,
0x5b,0x00,0xf4,0x09,0x08,0xd8,0x88,0x89,0xd0,0x00,0x00,0x8c,0x66,0x66,0x7d,0x00,
0x00,0x08,0xb2,0x22,0x13,0xd0,0x00,0x00,0x4b,0xcf,0xdc,0xc7,0xcf,0x09,0x67,0xde,
0xed,0xdf,0xed,0xee,0xe6,0x7e,0x30,0x75,0xa6,0x00,0x00,0x02,0x44,0x44,0x33,0xa9,
0x0f,0x00,0x57,0x22,0x1f,0xd0,0x3e,0x2b,0x02,0x09,0xc8,0x00,0x0f,0x28,0x01,0x18,
0x13,0x20,0x1c,0x17,0x00,0x35,0x07,0x11,0xd1,0xb0,0x1c,0xf3,0x00,0xac,0x10,0x00,
0x00,0x07,0xe3,0x07,0xe3,0x00,0x00,0xca,0x10,0x00,0x4d,0x50,0xeb,0x06,0x10,0x16,
0x73,0x29,0x00,0x81,0x1f,0x00,0xe8,0x07,0x11,0x4d,0x6b,0x17,0x50,0x04,0xeb,0xbb,
0xbb,0xe0,0x47,0x08,0x00,0x5b,0x0e,0x81,0x04,0xc2,0x11,0x12,0xe0,0x00,0x00,0x2c,
0xda,0x20,0x02,0x01,0x00,0x20,0x5c,0xbb,0xad,0x31,0x41,0x20,0x23,0x33,0x3f,0xa2,
0x00,0x0f,0x92,0x1e,0x01,0x13,0x0b,0x86,0x01,0x1f,0x02,0x83,0x01,0x07,0x41,0x5a,
0x11,0x11,0x3c,0x58,0x00,0x1b,0xd8,0xd5,0x13,0x43,0x11,0xc4,0x11,0x10,0xcb,0x11,
0x31,0x4b,0x00,0xc2,0x63,0x1f,0x15,0x60,0x51,0x34,0x44,0x4f,0xfe,0xee,0xff,0xea,
0x0a,0x00,0x1c,0x29,0x11,0x70,0x78,0x02,0x22,0x01,0xd0,0xb5,0x2c,0x00,0x07,0x00,
0x12,0x60,0x0e,0x00,0x20,0x82,0x22,0x18,0x37,0x66,0x04,0xcc,0xcc,0xcc,0x70,0x00,
0x04,0x35,0x44,0xee,0xdd,0xee,0xc0,0xe1,0x24,0x67,0x1a,0xbb,0xec,0xba,0x60,0x00,
0x84,0x1a,0x00,0x91,0x04,0x12,0x0d,0x89,0x01,0x28,0x0e,0x30,0x8a,0x01,0x00,0x03,
0x35,0x00,0xa1,0x0d,0x01,0x2b,0x01,0x11,0x7b,0xca,0x00,0x02,0xe4,0x1d,0x11,0x8b,
0x0c,0x00,0x75,0x8b,0x22,0x22,0x3d,0x00,0x00,0x4b,0xbb,0x31,0x00,0xca,0x00,0x33,
0xed,0xee,0xe9,0x5e,0x38,0xa4,0x01,0x15,0xc2,0x22,0x00,0x00,0xcd,0xdd,0xdd,0xca,
0xf3,0x2c,0x11,0xcf,0xc8,0x31,0x23,0xd2,0x00,0xa0,0x05,0x14,0xee,0xf1,0x12,0x11,
0x44,0x03,0x00,0x12,0x08,0xef,0x29,0x1b,0x88,0x61,0x03,0x11,0x78,0xe9,0x00,0x24,
0x07,0x80,0x61,0x03,0x13,0x05,0x61,0x03,0x07,0x01,0x00,0x03,0xd6,0x32,0x10,0x44,
0x01,0x00,0x10,0x30,0x9f,0x2c,0x14,0x08,0xa0,0x02,0x11,0x8f,0xae,0x00,0x11,0x89,
0x0c,0x00,0x14,0x8a,0xae,0x00,0x16,0xc7,0xc9,0x1e,0x06,0x4d,0x15,0x02,0x9c,0x02,
0x44,0x24,0x44,0x43,0x3f,0x55,0x03,0x1b,0xdf,0xcc,0x0b,0x15,0x70,0x99,0x02,0x00,
0x25,0x1a,0x86,0x07,0x00,0x2c,0xe1,0x00,0x0e,0x00,0x2d,0x05,0x00,0x80,0xec,0xcc,
0xce,0x00,0x2d,0xe3,0x22,0x3e,0x0f,0x00,0x10,0x1e,0x1e,0x00,0x13,0x1d,0x05,0x00,
0x32,0xbe,0xee,0xeb,0xad,0x06,0x06,0x05,0x00,0x01,0x7c,0x12,0x13,0x18,0xfa,0x04,
0x80,0x72,0x00,0xc3,0xe1,0x00,0xb4,0x00,0xc4,0x05,0x00,0xb0,0xb4,0xed,0xdd,0xf4,
0x00,0xb4,0xe2,0x11,0xc3,0x00,0xb4,0x17,0x0a,0x20,0xb3,0xd0,0xa5,0x13,0x5a,0xbe,
0xee,0xd1,0x00,0xc3,0xfa,0x04,0x1a,0x40,0xfa,0x04,0x18,0xf6,0xfa,0x04,0x13,0xa3,
0x50,0x00,0xb0,0xeb,0xbb,0xe4,0x00,0xc4,0xe3,0x22,0xc3,0x00,0xc4,0xe0,0x46,0x00,
0x01,0x4b,0x00,0x32,0xad,0xdd,0xc0,0x81,0x01,0x11,0x50,0x9d,0x05,0x00,0xfa,0x04,
0x10,0xe2,0xfa,0x04,0x82,0xe2,0x03,0xff,0xee,0xee,0xd0,0x03,0xd0,0x62,0x2a,0x24,
0xee,0xe5,0xcc,0x0b,0x00,0x50,0x03,0xf0,0x02,0x02,0x04,0x02,0x04,0x03,0xc0,0x00,
0x4a,0x0e,0x2c,0x0e,0x03,0xd0,0x00,0x4a,0x0e,0x3c,0x07,0x00,0xb0,0x4b,0x0e,0x2c,
0x0e,0x02,0xd0,0x00,0x4d,0x8e,0x2e,0x8e,0x07,0x00,0x63,0x5e,0x2d,0x5e,0x02,0xff,
0xe0,0x15,0x00,0x03,0x07,0x00,0x12,0x3b,0x07,0x00,0x70,0x2e,0xdd,0x1f,0xdd,0x02,
0xd0,0x00,0x42,0x09,0x28,0x02,0xd0,0x32,0x30,0x03,0x88,0x13,0x24,0x01,0xa0,0x2d,
0x20,0xf1,0x12,0xa0,0x91,0x90,0xb0,0xc3,0x00,0x1d,0x0e,0x2c,0x0e,0x0c,0x30,0x01,
0xe5,0xe2,0xd5,0xe0,0xc3,0x00,0x1f,0x9e,0x2e,0x9e,0x0c,0xfe,0x81,0xe0,0xe2,0xc0,
0xe0,0xc4,0x00,0x0e,0x1a,0x00,0x64,0x00,0xce,0xa1,0xde,0xa0,0xc3,0x3b,0x38,0x00,
0xe9,0x02,0x11,0xc0,0xd6,0x1b,0x21,0x2e,0x10,0x8c,0x0d,0x50,0xe1,0x00,0x00,0x5f,
0xed,0x67,0x25,0x22,0x06,0xb0,0x39,0x03,0x41,0xdd,0xde,0xee,0x50,0x53,0x1b,0x04,
0x24,0x0a,0x40,0x03,0x04,0x03,0x04,0x19,0x07,0x24,0x2d,0x0d,0x06,0x00,0x11,0x1e,
0x06,0x00,0xa1,0x1f,0x8e,0x1f,0x8e,0x00,0xe0,0x1f,0x6e,0x1e,0x6e,0x2c,0x07,0x10,
0x0e,0x06,0x00,0x15,0x1d,0x06,0x00,0xa3,0x0f,0x9e,0x0f,0x9e,0x00,0xe0,0x03,0x43,
0x03,0x43,0x21,0x34,0x08,0x06,0x00,0x17,0xd0,0xf5,0x20,0x00,0xd7,0x31,0x01,0xdc,
0x00,0x00,0x2c,0x20,0x02,0x48,0x1a,0x10,0xf0,0x51,0x02,0x00,0x29,0x04,0x21,0x03,
0xf5,0x0d,0x00,0x20,0x7d,0xb0,0x1d,0x45,0xb0,0x0d,0x3d,0x30,0x01,0xf3,0x31,0x05,
0xc0,0x6b,0x00,0x1e,0x26,0x00,0x90,0xd4,0x00,0xe0,0x00,0x88,0x00,0x04,0xc0,0x0e,
0x3d,0x04,0x1f,0x01,0x1d,0x45,0x0b,0x00,0x3a,0x12,0x11,0xd2,0x8b,0x23,0x00,0xee,
0x08,0x11,0x89,0x0d,0x00,0xf0,0x00,0x0c,0x80,0x00,0x0d,0x53,0x10,0x04,0xee,0x20,
0x00,0xdd,0xc6,0x00,0xd5,0x6d,0x16,0x17,0x50,0xa9,0x00,0x7b,0x00,0xd2,0xde,0x18,
0x34,0x64,0x0d,0x20,0x8a,0x0a,0x15,0x8f,0xa5,0x39,0x1e,0xf1,0x8c,0x39,0x19,0x0f,
0x14,0x15,0x00,0x0c,0x04,0x12,0x72,0xe7,0x04,0x12,0xc4,0x07,0x00,0x11,0xe3,0x07,
0x00,0x21,0x03,0xf0,0x07,0x00,0xf3,0x0d,0x09,0xf7,0x00,0x01,0xf1,0x10,0x00,0x2e,
0x3e,0x30,0x01,0xfd,0xd6,0x00,0xc5,0x03,0xd2,0x01,0xe0,0x00,0x0b,0x70,0x00,0x3b,
0x01,0xe0,0x00,0x04,0x12,0x05,0x11,0x08,0x1f,0x15,0x01,0xed,0x1c,0x15,0x30,0x2a,
0x1b,0x03,0x07,0x00,0x2c,0x09,0xfe,0x24,0x2e,0x02,0xd6,0x1d,0x12,0x01,0x21,0x10,
0x01,0x1e,0x02,0x11,0xe2,0x07,0x00,0xf0,0x04,0x04,0xf1,0x00,0x01,0xe3,0x31,0x00,
0x0b,0xcc,0x00,0x01,0xfc,0xc5,0x00,0x6c,0x0a,0x90,0x01,0xe0,0x5e,0x44,0x30,0xa8,
0x01,0xe0,0xd0,0x43,0x32,0x06,0x00,0x60,0x36,0x32,0x12,0x80,0x5b,0x00,0x00,0x70,
0x00,0x30,0x63,0x22,0x33,0x07,0x00,0x11,0xcb,0xd0,0x05,0x12,0x0b,0x2c,0x45,0x21,
0x0a,0xdc,0x2a,0x02,0x28,0x00,0x11,0x60,0x38,0x12,0x24,0x30,0x37,0x11,0x90,0xfa,
0x00,0x11,0x97,0x0d,0x00,0xf0,0x00,0x0d,0x50,0x00,0x0f,0x33,0x10,0x05,0xed,0x10,
0x00,0xfc,0xc7,0x01,0xe3,0x8b,0x1a,0x00,0x50,0xb7,0x00,0x9a,0x00,0xf0,0x21,0x27,
0x13,0x72,0x21,0x01,0x00,0x71,0x41,0x20,0xae,0xde,0xa3,0x16,0x32,0xd7,0x00,0x08,
0xc5,0x44,0x18,0x0f,0xc5,0x44,0x10,0xd7,0x09,0x02,0x25,0x9a,0x83,0x45,0x36,0xf0,
0x05,0x06,0x00,0x0b,0x20,0xb3,0x00,0x0d,0x20,0x0c,0x20,0xc3,0x00,0x0e,0x10,0x0d,
0x20,0xb3,0x00,0x0f,0x00,0x06,0x00,0x11,0x3f,0x06,0x00,0xf0,0x14,0x7f,0x60,0x0d,
0xee,0xf3,0x00,0xd7,0xc0,0x0c,0x20,0xb3,0x04,0xc0,0xc3,0x0c,0x20,0xb3,0x0c,0x40,
0x4b,0x0c,0x20,0xb3,0x69,0x00,0x0b,0x3c,0x20,0xb3,0x50,0x00,0x01,0x2c,0x20,0xb3,
0x7b,0x19,0x02,0x06,0x00,0x30,0x30,0xb3,0x00,0x37,0x0f,0x0a,0x26,0x11,0xf0,0x02,
0x02,0x60,0x01,0xd0,0x87,0x00,0x05,0xb0,0x01,0xe0,0x87,0x00,0x07,0xa0,0x01,0xe0,
0x88,0x7d,0x39,0xf1,0x0b,0xf7,0xc8,0x00,0x2f,0xe1,0x00,0xf7,0xb7,0x00,0xb7,0x6c,
0x00,0xf0,0x87,0x08,0xb0,0x09,0xa1,0xe0,0x87,0x2b,0x00,0x00,0x71,0xe0,0x87,0xe4,
0x01,0xd7,0x21,0x00,0x03,0xab,0xbb,0xbb,0xb2,0x00,0x00,0x44,0x43,0x33,0xd5,0x81,
0x11,0x17,0xb4,0xb1,0x32,0x13,0x40,0xf7,0x09,0x00,0x60,0x00,0x11,0x1e,0x60,0x00,
0x11,0x1e,0x1f,0x41,0xf4,0x10,0x1f,0x00,0x0c,0x90,0x00,0xfb,0xcf,0x00,0x4e,0xd4,
0x00,0xf3,0x4e,0x00,0xd5,0x3d,0x11,0xe0,0x1e,0x0b,0x80,0x06,0xc1,0xe0,0x1e,0x27,
0x00,0x00,0x40,0xa0,0x1b,0x45,0x02,0x11,0xdf,0x10,0x40,0x11,0xe2,0xde,0x1f,0x14,
0xf2,0x06,0x00,0x11,0x4b,0xa8,0x1c,0x09,0xed,0x25,0x00,0x15,0x44,0x21,0xa0,0x86,
0x60,0x00,0x10,0x97,0xc0,0x00,0xf2,0x10,0xf0,0x97,0x00,0x0c,0x80,0x01,0xfb,0xd7,
0x00,0x3e,0xe2,0x01,0xf3,0xa7,0x00,0xd5,0x4d,0x01,0xe0,0x87,0x0b,0x90,0x07,0xb1,
0xe0,0x97,0x28,0x00,0x00,0x41,0xd0,0xb3,0x1e,0xf1,0x01,0x42,0x00,0x00,0x06,0xce,
0xd9,0x10,0x00,0x00,0x8c,0x30,0x18,0xd0,0x00,0x00,0xf3,0x60,0x1b,0x11,0xe3,0x03,
0x00,0x01,0x87,0x27,0x08,0x88,0x27,0x00,0xee,0x07,0x11,0xf0,0x98,0x06,0x12,0x0f,
0xbb,0x32,0xc0,0xfc,0xc6,0x00,0x0d,0x90,0x00,0x0f,0x33,0x00,0x05,0xde,0x40,0xc0,
0x0e,0xf1,0x01,0xe3,0x3e,0x20,0x0f,0x44,0x10,0xc6,0x00,0x3d,0x20,0xfb,0xa4,0x76,
0x00,0x00,0x22,0xe8,0x01,0x00,0x94,0x30,0x00,0x4c,0x08,0x11,0x0a,0x4e,0x15,0x02,
0x4e,0x04,0x11,0xca,0x06,0x00,0x20,0x40,0xac,0xee,0x40,0x40,0x40,0x00,0x7d,0x20,
0xd9,0x42,0x24,0x00,0x32,0x37,0x03,0x10,0x15,0x6a,0x06,0x02,0x54,0x08,0x11,0x5b,
0xfa,0x3e,0x10,0x90,0x0b,0x00,0xf7,0x15,0xab,0x01,0x55,0x6e,0x00,0x0e,0xf2,0x29,
0x9a,0xe0,0x04,0xc8,0x90,0x00,0x1e,0x00,0xb5,0x1e,0x10,0x01,0xe0,0x4d,0x00,0x89,
0x00,0x1e,0x0d,0x30,0x00,0xe3,0x01,0xe1,0x50,0x00,0x02,0x20,0xbc,0x1a,0x02,0x0b,
0x00,0x13,0xc0,0x4a,0x08,0x10,0x0d,0x8c,0x12,0x20,0x02,0xe0,0x44,0x03,0x10,0x5c,
0x0b,0x00,0xf3,0x0b,0x0a,0xc0,0x1d,0xdf,0x40,0x01,0xfd,0x60,0x11,0xb4,0x00,0xb7,
0x1d,0x30,0x0b,0x40,0xaa,0x00,0x2d,0x20,0xb4,0x59,0x00,0x00,0x23,0x0a,0x16,0x07,
0x55,0x2e,0xff,0xff,0xff,0x20,0xc3,0x01,0x02,0xfe,0x46,0x17,0xc4,0x9c,0x1e,0x03,
0x58,0x00,0x10,0x18,0x30,0x01,0x20,0x03,0xc0,0xee,0x1e,0x10,0x5a,0x55,0x06,0xf2,
0x0c,0x0a,0x80,0x48,0x8e,0x30,0x01,0xfe,0x22,0x66,0xd3,0x00,0xa8,0x6c,0x00,0x0c,
0x30,0x6c,0x00,0x99,0x00,0xc3,0x5d,0x10,0x00,0xa5,0x0c,0x32,0x7b,0x06,0x20,0x09,
0x10,0x42,0x00,0x01,0x3e,0x41,0x08,0xbe,0x1b,0x08,0xdd,0x45,0x00,0x01,0x00,0x70,
0x27,0x00,0x00,0xa3,0x00,0x04,0xb0,0x76,0x03,0xf1,0x0c,0x88,0x00,0x22,0xc4,0x00,
0x0e,0xd0,0x5c,0xcf,0x40,0x08,0xa8,0x90,0x00,0xb4,0x05,0xd1,0x0b,0x70,0x0b,0x44,
0xd2,0x00,0x0c,0x30,0xb4,0x31,0x21,0x47,0xb1,0x00,0x23,0x33,0x44,0x60,0x00,0x0b,
0xcc,0xcb,0xbe,0x40,0x7a,0x16,0x62,0x00,0x0e,0xff,0xff,0xfe,0x20,0x8b,0x04,0x11,
0x0e,0x64,0x3c,0x15,0x02,0x12,0x44,0x20,0x00,0x0a,0x3a,0x02,0x20,0x01,0xf0,0x5b,
0x00,0x10,0x4d,0x4b,0x02,0xf2,0x0a,0x09,0xc0,0x0c,0xde,0xc0,0x01,0xed,0x70,0x01,
0x5c,0x00,0xb7,0x1d,0x40,0x04,0xc0,0x9a,0x00,0x2d,0x30,0x4b,0x59,0x00,0x00,0x24,
0xe1,0x40,0x10,0x16,0x00,0x20,0x71,0xd7,0x00,0x00,0x6d,0x20,0x01,0xc7,0xf6,0x46,
0x12,0xc0,0xdb,0x15,0x13,0x03,0x12,0x44,0x25,0x97,0x10,0x9b,0x03,0xc0,0x01,0xc0,
0xc2,0x00,0x1e,0x00,0x02,0xd0,0xc2,0x00,0x2d,0x00,0x0b,0x18,0x11,0x3c,0x06,0x00,
0xf1,0x04,0x6c,0x02,0x56,0xd0,0xd2,0x00,0x9f,0x25,0x9a,0xd0,0xc2,0x00,0xe9,0x80,
0x01,0xd0,0xc2,0x05,0xa1,0xd5,0x18,0xe0,0x20,0xa5,0x01,0xd0,0xc2,0x78,0x00,0x2d,
0x01,0xd0,0xc2,0x60,0x00,0x04,0x36,0x00,0x00,0x86,0x0e,0x02,0x06,0x00,0x11,0xc3,
0x27,0x24,0x18,0xb2,0xd9,0x02,0x00,0x2c,0x08,0x20,0xe0,0x1e,0xaa,0x05,0x20,0xf0,
0x1f,0xbe,0x2b,0xf2,0x11,0xf1,0x1f,0x00,0x0b,0x90,0xab,0xf1,0x1f,0x00,0x2f,0xe2,
0x23,0xe1,0x1f,0x00,0xb7,0x5d,0x00,0xe1,0x1f,0x07,0xc0,0x08,0xb0,0xe1,0x1e,0x2b,
0x10,0x00,0x60,0xe0,0x1e,0xa2,0x06,0x31,0x00,0x03,0xcc,0xa8,0x08,0x55,0x33,0x22,
0x22,0x6c,0x00,0x1f,0x23,0x03,0x06,0x00,0x14,0x4b,0xa1,0x1f,0x03,0x9b,0x03,0x31,
0x00,0xe0,0x0e,0x60,0x00,0x40,0x0e,0x00,0x07,0xa0,0x06,0x00,0x80,0x0b,0x90,0xde,
0xf0,0x0e,0x00,0x2e,0xe2,0x18,0x00,0xf1,0x02,0xc6,0x5c,0x00,0xe0,0x0e,0x08,0xb0,
0x08,0xa0,0xe1,0x0e,0x2b,0x00,0x00,0x60,0xe0,0x0e,0xb4,0x06,0x10,0x1d,0xe4,0x47,
0x21,0xd0,0x1d,0x27,0x0b,0x13,0x04,0x2d,0x0b,0x02,0x06,0x00,0x29,0x02,0xfe,0x47,
0x0d,0x20,0x20,0x01,0x28,0x17,0x30,0x0f,0x01,0xe0,0x61,0x00,0x20,0xf1,0x0e,0x3b,
0x03,0xd0,0x0e,0x10,0xf0,0x00,0x0c,0xa0,0xde,0xf1,0x0f,0x00,0x03,0xed,0x50,0x0d,
0x00,0xf2,0x08,0xd5,0x2e,0x30,0xe1,0x0f,0x00,0xa9,0x00,0x4d,0x0e,0x10,0xe0,0x28,
0x00,0x00,0x20,0x70,0x0a,0x00,0x00,0x0c,0xcc,0xcc,0x42,0x3f,0x12,0x11,0xb3,0x00,
0x30,0x14,0xc0,0x00,0x5b,0x0d,0x14,0xe9,0x2e,0x0b,0x22,0x00,0xfd,0x48,0x1d,0x15,
0x22,0xc1,0x33,0x07,0x28,0x01,0x11,0x1e,0xc8,0x00,0x00,0x28,0x01,0x20,0xce,0xf0,
0x28,0x01,0x00,0x18,0x00,0x60,0xb7,0x5c,0x00,0xe1,0x1e,0x07,0xc8,0x00,0x01,0x28,
0x01,0x20,0xc0,0x1e,0xfe,0x07,0x25,0x10,0x09,0xbf,0x31,0x11,0x4f,0x0f,0x32,0x20,
0xe8,0xe5,0x5c,0x09,0x91,0x80,0x2d,0x70,0x00,0x03,0xe5,0x00,0x01,0xb9,0xac,0x0c,
0x13,0x02,0xf0,0x02,0x10,0x36,0xf0,0x02,0x20,0x06,0x90,0xf0,0x02,0xc0,0x88,0x05,
0xdd,0xf4,0x00,0x0d,0x60,0x01,0x1c,0x40,0x04,0xee,0x1c,0x03,0xef,0xd5,0x99,0x5d,
0xdf,0x30,0x9a,0x00,0xb6,0x01,0xc3,0x8b,0x00,0x00,0xc2,0xf0,0x02,0x18,0x17,0x30,
0x56,0x1c,0x22,0x06,0xc0,0xac,0x3c,0x01,0x58,0x02,0x21,0x8c,0x9d,0x61,0x0a,0x40,
0x10,0x9c,0x10,0x00,0x24,0x04,0x8c,0x7d,0x30,0x00,0x28,0x00,0x24,0x00,0x35,0x1e,
0x46,0x09,0x1c,0x18,0x26,0x01,0x20,0xe1,0x2d,0x21,0x0d,0xc0,0x46,0x00,0x10,0xba,
0xc5,0x0c,0xc2,0xc1,0x0a,0xc1,0x00,0x02,0xe8,0x02,0x40,0x6d,0x20,0x00,0x10,0x3e,
0x00,0x1f,0x06,0x18,0x0e,0x22,0x26,0x01,0x40,0x60,0x00,0x12,0x0c,0x60,0x00,0x10,
0xca,0x87,0x07,0x99,0xd1,0x0b,0xb1,0x00,0x02,0xd9,0x02,0x40,0x7d,0x60,0x00,0xe7,
0x7d,0xdd,0xde,0xfd,0xdd,0xdc,0x12,0x22,0x11,0x11,0x22,0x21,0x00,0x11,0x58,0x38,
0x0c,0xf2,0x37,0x17,0x60,0xdd,0x13,0x05,0xe0,0x00,0x11,0x0c,0x84,0x03,0x20,0x6d,
0xd8,0x71,0x00,0xc0,0xe2,0x1c,0xa0,0x00,0x01,0xcb,0x11,0x30,0x9d,0x20,0x00,0x30,
0xf7,0x46,0xa6,0x01,0x11,0x16,0xa1,0x11,0x11,0x8e,0xee,0xed,0xde,0xf1,0x2d,0x10,
0xbe,0xc9,0x49,0x4d,0x1e,0x50,0x01,0xaa,0xf8,0x37,0x18,0xe6,0x3c,0x32,0x00,0x6d,
0x40,0x00,0xcb,0x0b,0x11,0xb4,0xf6,0x43,0x00,0x98,0x4d,0x20,0x03,0xf2,0x35,0x05,
0xf9,0x04,0xad,0xc0,0x00,0x0e,0x00,0x5d,0x0b,0x90,0x00,0xe0,0x4e,0x20,0x0c,0x70,
0x0e,0x0b,0x20,0x50,0x07,0xc2,0x43,0xa7,0x11,0x1e,0x33,0x54,0x1e,0x0c,0xdc,0xcc,
0xa8,0x41,0xa9,0x3f,0x05,0xe0,0x2b,0x08,0x1c,0x1e,0x21,0x09,0xf4,0xc4,0x09,0x20,
0xe5,0xe3,0x06,0x00,0x40,0xe3,0x04,0xe5,0x00,0xbb,0x4c,0x22,0x02,0xc8,0x0a,0x07,
0x18,0x20,0x9a,0x2c,0x2f,0xff,0x20,0x9a,0x2c,0x17,0x07,0x1a,0x01,0x21,0x0b,0xa0,
0x42,0x00,0x10,0xe6,0x11,0x00,0xc1,0xe3,0x2d,0x80,0x00,0x01,0xbc,0x20,0x01,0xac,
0x10,0x01,0x40,0xdb,0x00,0x0a,0xc1,0x18,0x00,0x57,0x00,0x11,0x54,0x06,0x00,0x13,
0x97,0x06,0x00,0x15,0x40,0xe0,0x25,0x18,0x8f,0xbe,0x18,0x21,0x01,0x30,0xda,0x01,
0x11,0x90,0x3a,0x02,0x01,0xc7,0x03,0xf9,0x01,0xab,0xac,0x00,0x00,0x00,0x1b,0xb0,
0x08,0xd2,0x00,0x02,0xe7,0x00,0x00,0x4d,0x30,0xa8,0x23,0x22,0x10,0x04,0x0b,0x16,
0x21,0x80,0x00,0xaf,0x04,0x01,0x48,0x15,0x11,0xd0,0x45,0x03,0x10,0xbb,0xf6,0x00,
0xc2,0xe4,0x09,0xd2,0x00,0x00,0xbc,0x20,0x00,0x5e,0x40,0x00,0x30,0xef,0x0f,0x21,
0x01,0x70,0x15,0x01,0x01,0x36,0x00,0x02,0x04,0x1d,0x11,0x1e,0x27,0x1a,0x20,0xa9,
0x8c,0x3b,0x00,0xf8,0x01,0xc0,0x09,0xc0,0x00,0x00,0xbb,0x00,0x00,0x8d,0x20,0x02,
0x50,0x00,0x00,0x03,0x20,0xf9,0x00,0x54,0x6c,0xbb,0xbb,0xbb,0xbc,0x5e,0x10,0x03,
0xe2,0x00,0x12,0x0d,0xb1,0x03,0x10,0x70,0x83,0x00,0x20,0xe6,0xd7,0x27,0x03,0x64,
0x50,0x1b,0xb2,0x00,0x07,0x91,0x15,0x03,0x01,0x74,0x46,0x35,0xdd,0xde,0xea,0xc6,
0x1c,0x84,0xcc,0xb6,0x00,0x00,0x12,0x32,0x22,0x3e,0xb8,0x26,0x11,0xbf,0x44,0x3a,
0x13,0xc4,0x69,0x4f,0x34,0xcd,0xde,0x30,0x4c,0x23,0x26,0x01,0x00,0xf2,0x06,0x11,
0x2f,0x1e,0x01,0x30,0xcb,0xe3,0x00,0x09,0x21,0xa1,0x4e,0x50,0x00,0x05,0xe7,0x00,
0x02,0xca,0x00,0x02,0x11,0x04,0x10,0x23,0x73,0x3a,0x31,0x31,0x8c,0xcc,0x64,0x05,
0x11,0x30,0x66,0x1f,0x11,0xc2,0x10,0x1c,0x11,0xd3,0x63,0x05,0x11,0xde,0x16,0x0e,
0x10,0xd2,0xa0,0x18,0x00,0x8a,0x39,0x10,0xda,0x70,0x25,0x04,0x81,0x39,0x06,0x80,
0x05,0x21,0x0a,0xc0,0x15,0x01,0x21,0xec,0xa0,0xca,0x01,0xa2,0x0b,0xb1,0x00,0x00,
0x0b,0xc2,0x00,0x07,0xd3,0x00,0x35,0x01,0x20,0x01,0x32,0x6f,0x25,0x12,0x30,0xe4,
0x3a,0x05,0xa8,0x01,0x00,0xd8,0x30,0x00,0x33,0x0a,0x22,0x1a,0xb0,0x33,0x0a,0x1b,
0x00,0x33,0x0a,0x35,0x06,0x9a,0x83,0xa0,0x07,0x11,0x06,0xe7,0x02,0x10,0xe0,0x48,
0x07,0x10,0x2d,0x0b,0x00,0x11,0x05,0x53,0x07,0x10,0x8d,0x0b,0x00,0xf6,0x11,0x0c,
0xf4,0x00,0x0b,0x40,0x02,0xe5,0xb0,0x00,0xb4,0x00,0xa7,0x0d,0x40,0x0b,0x40,0x3d,
0x00,0x5c,0x00,0xb4,0x0c,0x40,0x00,0xb6,0x0b,0x41,0x60,0x00,0x01,0x30,0xb4,0x65,
0x0b,0x11,0xb4,0xaa,0x00,0x21,0x30,0x00,0x2e,0x05,0x21,0x00,0x1c,0x4b,0x08,0x10,
0xd0,0x4b,0x08,0x10,0x6b,0x0b,0x00,0x10,0x0b,0x0b,0x00,0xf2,0x07,0x03,0xeb,0x80,
0x00,0xb5,0x00,0xd5,0x0c,0x60,0x0b,0x51,0xc8,0x00,0x1d,0x40,0xb5,0x46,0x00,0x00,
0x02,0x0b,0x40,0x1c,0x07,0x11,0x2e,0x16,0x28,0x10,0x10,0x4d,0x26,0x0f,0x4b,0x08,
0x01,0x1e,0x10,0x4b,0x08,0x10,0x6a,0x21,0x00,0xc0,0x0a,0x80,0x00,0x0c,0x40,0x01,
0xfe,0x20,0x00,0xc4,0x00,0x99,0x4b,0x08,0x94,0x5d,0x00,0x9a,0x00,0xc3,0x5d,0x20,
0x00,0x96,0x5b,0x05,0x2f,0x07,0x00,0x4b,0x08,0x12,0x20,0x01,0x90,0x05,0x31,0x20,
0x03,0xd0,0x52,0x09,0x20,0x06,0xb0,0x62,0x00,0x20,0x0c,0xe1,0x06,0x00,0xd0,0x5c,
0x8b,0x00,0x03,0xc0,0x02,0xe2,0x0a,0x90,0x04,0xc0,0x2e,0x40,0xe2,0x50,0x11,0x33,
0xb6,0x4e,0x00,0x05,0x0e,0x71,0x45,0x30,0x00,0x1b,0xcc,0xcb,0xbc,0xe8,0x0b,0xa2,
0x14,0xc0,0x00,0x1f,0xff,0xff,0xff,0x80,0x00,0x2f,0xa0,0x03,0x40,0xcc,0xcd,0xdd,
0xd1,0x7b,0x26,0x16,0x11,0xb8,0x00,0x00,0x68,0x0c,0x10,0xc0,0xd9,0x00,0x11,0x5b,
0xb8,0x00,0xf2,0x09,0xa0,0x00,0x0c,0x40,0x02,0xed,0x50,0x00,0xb4,0x00,0xc6,0x2d,
0x20,0x0b,0x40,0xa9,0x00,0x3d,0x10,0xb4,0x68,0x00,0x00,0x33,0x3e,0x3e,0x02,0x88,
0x4e,0x01,0x7a,0x0f,0x30,0xb5,0x00,0x0e,0x30,0x45,0x02,0x0b,0x00,0x00,0xd1,0x25,
0x07,0x5f,0x3e,0x01,0xab,0x08,0x10,0x4c,0xb3,0x09,0x02,0xe8,0x42,0x10,0x3d,0xda,
0x51,0xf0,0x03,0x03,0xd0,0x01,0xed,0x70,0x00,0x3c,0x00,0xc7,0x1d,0x40,0x03,0xc0,
0xaa,0x00,0x2d,0x30,0x3c,0xb3,0x09,0x02,0xeb,0x1d,0x10,0x16,0x7d,0x2a,0xa0,0xe7,
0x00,0x00,0x5d,0x20,0x01,0xb8,0x00,0x0b,0x60,0xf1,0x00,0x11,0xa7,0x42,0x00,0x63,
0xe7,0x33,0x7e,0x40,0x00,0x01,0xab,0x08,0x10,0x05,0x9c,0x31,0x11,0x28,0xa4,0x30,
0xe0,0x04,0xb0,0x0f,0x10,0x00,0x1e,0x00,0x4b,0x00,0xe1,0x00,0x02,0xe0,0x05,0xdc,
0x1c,0xf9,0x1c,0x4f,0x10,0x7d,0x00,0xe1,0x00,0x06,0xf4,0x09,0xf1,0x0e,0xcb,0x70,
0x9c,0x80,0xdc,0x40,0xe4,0x31,0x0e,0x4d,0x2d,0x69,0x0e,0x10,0x04,0xc0,0xdc,0x61,
0xe0,0xe1,0x00,0xb4,0x07,0xe0,0x0b,0x3e,0x10,0x03,0x00,0x02,0x00,0x10,0x15,0x4c,
0x14,0xe2,0x5d,0x1a,0x41,0x00,0x03,0x50,0x00,0x2f,0x41,0x00,0x07,0x08,0x30,0x0a,
0x80,0x05,0x0b,0x12,0xf1,0x08,0xd0,0x0a,0xf2,0x00,0x00,0x5b,0xd3,0x1e,0xa9,0x00,
0x01,0xe3,0x5c,0x99,0x1e,0x30,0x09,0x70,0x0a,0xd1,0x04,0xc0,0x03,0xca,0x0f,0x08,
0xa7,0x01,0x11,0x6a,0x0e,0x35,0x66,0x24,0x44,0x33,0x33,0x44,0x43,0x34,0x31,0x00,
0x00,0x01,0xf0,0x02,0xcd,0x80,0x00,0x2e,0x00,0x02,0xe4,0x1b,0x70,0x01,0xe0,0x00,
0x87,0x00,0x2d,0x00,0x1e,0x97,0x02,0x50,0xf0,0x01,0xf0,0x00,0xc3,0xf1,0x2e,0x31,
0xff,0x8b,0x40,0x57,0x37,0x11,0x86,0x1a,0x00,0xc8,0x03,0xd1,0x0b,0x80,0x01,0xe0,
0x00,0x06,0xee,0xa0,0x00,0x1e,0x4a,0x05,0x0a,0x4a,0x4b,0x0b,0x2e,0x0e,0xa1,0x1a,
0xef,0x80,0x00,0xf0,0x00,0x0b,0x80,0x0c,0x40,0x1c,0x24,0x11,0x5a,0x32,0x2f,0x21,
0x04,0xb0,0x1c,0x24,0xe0,0x4a,0x00,0xfc,0xc6,0x0b,0x60,0x0a,0x50,0x0f,0x00,0x00,
0x2d,0xde,0x90,0x39,0x01,0x1f,0x01,0x1c,0x24,0x25,0x30,0x00,0x04,0x99,0x63,0x26,
0x50,0x06,0xd5,0x7e,0x10,0x0f,0x35,0x01,0x30,0x88,0x00,0xf0,0xa8,0x33,0x40,0xa0,
0x0e,0x10,0x01,0x7b,0x1c,0xc0,0xe4,0x31,0x0e,0x10,0x06,0x90,0x0e,0xcb,0x60,0x8b,
0x24,0xd2,0x70,0x06,0x24,0x8c,0xb4,0x60,0x01,0x11,0xf0,0x79,0x25,0x12,0x0f,0x1e,
0x08,0x11,0x30,0x3b,0x29,0x16,0x00,0x9a,0x10,0x0a,0x97,0x31,0x00,0xf2,0x03,0x52,
0x1b,0xee,0x80,0x00,0xf1,0xd0,0x00,0x71,0x10,0x00,0xf0,0x00,0x6a,0x00,0xe1,0xd0,
0x00,0x30,0x0e,0xdc,0x80,0xdd,0x00,0x50,0xe4,0x31,0x0c,0x60,0x0b,0x02,0x55,0x30,
0x2d,0xce,0xa0,0x73,0x10,0x50,0x02,0x10,0x06,0x55,0x00,0xd4,0x04,0x20,0x57,0x71,
0xb7,0x1e,0x30,0xcd,0xdd,0xd2,0x94,0x02,0x20,0x04,0x20,0x95,0x02,0xe0,0x0d,0x9d,
0x30,0x00,0x0b,0x50,0x04,0x90,0x68,0x00,0x00,0xad,0xcd,0x3c,0xe6,0x40,0x31,0x21,
0x00,0x7c,0x41,0x14,0x00,0xef,0x04,0xa1,0x07,0xbb,0x30,0x00,0xf1,0x00,0x09,0xa3,
0x4d,0x30,0x68,0x00,0x50,0x69,0x00,0xf1,0x00,0x2e,0x68,0x00,0x20,0xee,0xa0,0x68,
0x00,0xc3,0xe2,0x00,0x0a,0xa3,0x4d,0x40,0x0e,0x10,0x00,0x07,0xbb,0x50,0x11,0x20,
0x11,0x05,0xb9,0x4c,0x10,0xdc,0xf8,0x0e,0x03,0xef,0x1e,0x31,0x11,0x11,0xf1,0x5a,
0x32,0x10,0xed,0x6a,0x52,0x03,0x35,0x36,0x37,0xcd,0xdd,0x50,0xdc,0x44,0x02,0xa0,
0x01,0x21,0x01,0xe0,0xd0,0x00,0x11,0x1f,0xa0,0x01,0x12,0x01,0xa0,0x01,0x13,0x1f,
0xa0,0x01,0x1d,0xc5,0xa0,0x01,0x02,0x60,0x28,0x03,0x5c,0x08,0x11,0xee,0xaf,0x08,
0x00,0xfb,0x01,0x11,0x8a,0x08,0x02,0x12,0x08,0x0d,0x00,0x1e,0x5f,0xf5,0x54,0x0f,
0x68,0x00,0x0c,0x0e,0x08,0x02,0x11,0x05,0xf2,0x02,0x00,0xf3,0x02,0x11,0x79,0xa0,
0x01,0x51,0x07,0xa3,0x22,0x33,0xf0,0xf8,0x36,0x11,0xcf,0x4a,0x07,0x00,0x27,0x00,
0x11,0x6e,0x70,0x16,0x06,0x95,0x27,0x12,0x05,0x68,0x00,0x2e,0xf0,0x00,0x68,0x00,
0x80,0xcc,0x60,0xf0,0x00,0x4a,0x01,0xf4,0x41,0x68,0x00,0x11,0x1f,0x68,0x00,0x01,
0x7e,0x3a,0x05,0xb1,0x02,0x00,0x5b,0x2d,0x10,0xce,0x30,0x10,0x21,0x01,0xf4,0xaf,
0x31,0x12,0x5d,0xa2,0x56,0x11,0xf2,0xaf,0x31,0x2a,0x06,0xec,0xaf,0x31,0x01,0x68,
0x00,0x61,0x90,0x00,0xe1,0x00,0x0b,0x80,0xee,0x01,0x00,0x93,0x01,0x10,0xe1,0x22,
0x03,0x21,0xc0,0x0d,0x68,0x00,0xd0,0x00,0xd4,0x31,0x0b,0x60,0x0a,0x60,0x0d,0x10,
0x00,0x2d,0xde,0xa0,0x2d,0x1e,0x05,0x98,0x43,0x03,0xc5,0x20,0x20,0xee,0x20,0xdc,
0x04,0x11,0x0a,0x46,0x22,0x01,0x46,0x03,0x11,0x3c,0x53,0x03,0x56,0xbd,0xfc,0xcc,
0xfd,0x70,0x01,0x05,0x00,0x96,0x00,0xf0,0x08,0x9d,0xb2,0x02,0xd0,0xc4,0x09,0x91,
0x7c,0x02,0xe0,0xb4,0x0f,0x10,0x0e,0x11,0xe0,0xb4,0x0f,0x00,0x0d,0x31,0xfb,0xe4,
0x9d,0x10,0xe0,0xf3,0xc4,0x0b,0x50,0x2e,0x00,0xf0,0xb4,0x02,0xdc,0xe5,0x00,0xf0,
0xb4,0x35,0x02,0x24,0x80,0x72,0x98,0x05,0x10,0xff,0xa0,0x19,0x24,0x02,0xe0,0xa0,
0x11,0x13,0xe1,0x06,0x00,0x21,0x01,0xfd,0xda,0x2a,0x0a,0xa6,0x42,0x12,0x01,0x08,
0x04,0x12,0x1e,0x08,0x04,0x20,0xe1,0x10,0x08,0x04,0x32,0x1f,0xee,0x6b,0xfb,0x03,
0x11,0xc3,0x81,0x34,0x16,0x0b,0x08,0x04,0x90,0x1f,0xaa,0x53,0xd1,0x0b,0x80,0x00,
0xf5,0x51,0x08,0x04,0x14,0x0e,0xf2,0x4f,0x0d,0x0a,0x13,0x19,0x0e,0x27,0x06,0x02,
0x08,0x04,0x16,0xe1,0x38,0x03,0x41,0x5a,0x00,0xff,0xe7,0x38,0x03,0x20,0x10,0x00,
0x30,0x01,0x20,0xe1,0x00,0x98,0x01,0x30,0x0e,0xee,0x60,0x00,0x02,0x18,0xe1,0x08,
0x04,0x10,0x50,0x95,0x07,0x90,0xee,0xa2,0x00,0x00,0x00,0xc9,0x10,0x06,0xe0,0x8a,
0x20,0x01,0xdb,0x06,0x30,0xf5,0x00,0x02,0xd1,0x4f,0x31,0xdc,0xbc,0xd5,0xfc,0x35,
0x04,0xaa,0x38,0x01,0x7a,0x00,0xf0,0x03,0x05,0xcc,0x60,0x00,0x0e,0x3d,0x32,0xc5,
0x00,0x0e,0xa5,0x00,0x4b,0x00,0x0e,0xd2,0x00,0x1e,0xde,0x1c,0x40,0x0e,0x4e,0xee,
0xd1,0x0a,0x00,0x10,0xa4,0x14,0x00,0x8c,0x5c,0x00,0xc5,0x00,0x0e,0x07,0xdd,0x80,
0xe8,0x1c,0x16,0x0e,0x42,0x2b,0xf5,0x1b,0x00,0x38,0x93,0x00,0x01,0xe0,0x3e,0x67,
0xe1,0x00,0x1f,0x0b,0x50,0x08,0x80,0x00,0xf0,0xe1,0x00,0x4a,0x24,0x5f,0x0e,0x10,
0x04,0xb5,0xaa,0xe0,0xc4,0x00,0x68,0x00,0x0e,0x06,0xc2,0x3d,0x30,0x00,0xe0,0x06,
0xcb,0x40,0xd6,0x2a,0x10,0x51,0xfd,0x08,0x20,0x0d,0x30,0xb5,0x00,0x15,0xd3,0x48,
0x09,0x00,0x0d,0x09,0x1a,0xff,0x21,0x2d,0x00,0x36,0x08,0xf0,0x0c,0x07,0xc3,0x4d,
0x30,0x01,0xf0,0x0e,0x20,0x06,0x90,0x01,0xf0,0x0f,0x00,0x04,0xb7,0xee,0xf0,0x0e,
0x20,0x05,0xa0,0x01,0xe0,0x07,0xb3,0x3d,0x27,0x27,0x24,0x7b,0xb5,0x5e,0x05,0x13,
0x60,0x51,0x47,0x51,0x02,0x33,0x22,0x24,0xd0,0x52,0x47,0x31,0xd0,0x00,0x0d,0x55,
0x23,0x23,0x0e,0x20,0x09,0x18,0x27,0xee,0xe1,0x61,0x1f,0x61,0x20,0x06,0xbb,0x40,
0x00,0x1e,0x5f,0x00,0x61,0xe0,0xe2,0x00,0x69,0x00,0x1e,0x5e,0x00,0x62,0xe0,0xe2,
0x00,0x5a,0x00,0x1e,0x5d,0x00,0x00,0x34,0x04,0x13,0x1e,0xc5,0x41,0x10,0x80,0x7e,
0x4a,0x20,0x0e,0x10,0x64,0x07,0x40,0xe4,0x32,0x23,0x5c,0xe6,0x2a,0x22,0xcc,0xd0,
0xaf,0x1c,0x12,0x0d,0xd8,0x1f,0x14,0x11,0x08,0x49,0x00,0xb8,0x00,0x20,0x03,0xc0,
0x59,0x00,0x20,0x03,0xc0,0xb8,0x00,0x20,0x03,0xc0,0x5a,0x00,0x20,0xef,0xc0,0xb8,
0x00,0x20,0x03,0xc0,0x5b,0x00,0x20,0x03,0xc0,0xb8,0x00,0x01,0x33,0x07,0x00,0x4a,
0x58,0x40,0x19,0x00,0x81,0x0a,0xda,0x02,0xf0,0x05,0xb3,0x0e,0x00,0x00,0x3d,0x33,
0xc3,0x1f,0x10,0x00,0x3f,0xcc,0xf3,0x6f,0x70,0x00,0x2c,0x00,0xc4,0xe6,0xb9,0x1f,
0x36,0xe9,0x80,0x7a,0xb1,0x58,0xf1,0x12,0x02,0x00,0x05,0xbc,0x60,0x00,0x2d,0x00,
0x5d,0x33,0xc5,0x00,0x2d,0x00,0xc3,0x00,0x3a,0x00,0x2d,0x00,0xe1,0x00,0x0c,0x9e,
0xfd,0x00,0xd2,0x00,0x1b,0x00,0x2d,0x00,0x9a,0x9f,0x06,0x51,0x0b,0xee,0xa0,0x00,
0x2d,0xf6,0x05,0x11,0x1a,0x93,0x00,0x10,0x20,0x32,0x12,0x20,0x04,0xb0,0xe1,0x04,
0x00,0x13,0x04,0xf7,0x06,0x0e,0xe1,0x0d,0xe2,0x00,0x00,0x8a,0x7a,0x8b,0x5d,0x10,
0x04,0xd0,0x09,0xd1,0x05,0xc0,0x01,0x10,0x01,0x10,0xe2,0x0b,0xf1,0x23,0xd0,0x3b,
0x07,0xca,0x10,0x0e,0x03,0xb5,0xc1,0x6c,0x00,0xe0,0x3b,0xa5,0x00,0xe1,0x0e,0x03,
0xbc,0x30,0x0c,0x30,0xf0,0x3b,0xc2,0x00,0xbf,0xef,0x03,0xbb,0x30,0x0c,0x40,0xf0,
0x3b,0x95,0x00,0xe2,0x0f,0x03,0xb4,0xc0,0x5c,0x00,0xf0,0x3b,0x07,0xed,0x20,0x0f,
0x4c,0x55,0x22,0xf0,0x3b,0xfa,0x48,0x00,0x0b,0x00,0x10,0x3c,0x8e,0x07,0x25,0x02,
0xc0,0x6e,0x02,0x10,0x20,0xff,0x62,0x90,0x00,0xf0,0xb4,0x08,0xb5,0x8c,0x00,0xf0,
0xb4,0x12,0x1f,0x61,0xf0,0xb4,0x0f,0x00,0x0b,0xcb,0x06,0x00,0x60,0x43,0xf0,0xb4,
0x0b,0x50,0x1d,0xa3,0x03,0x50,0xdd,0xe4,0x00,0xf0,0xb4,0x32,0x00,0x41,0x40,0x51,
0x00,0x01,0xa7,0x05,0x00,0x86,0x05,0x22,0xe2,0x00,0x76,0x1d,0x10,0x01,0xdb,0x17,
0x03,0xda,0x06,0x00,0xb3,0x23,0x25,0xe6,0x00,0x78,0x1d,0x13,0x02,0xd3,0x02,0x60,
0x50,0x00,0x0e,0x4d,0x22,0xd4,0xd3,0x02,0x40,0x59,0x6f,0xfe,0xd2,0x50,0x1f,0x00,
0x89,0x35,0x20,0x0e,0xd1,0x0a,0x00,0xdf,0xb4,0x00,0x59,0x6d,0xde,0x6b,0x01,0xd4,
0x01,0x1e,0x08,0xdd,0x70,0xd3,0x02,0x09,0xf0,0x05,0x09,0xee,0x80,0x00,0x1d,0x08,
0xa0,0x1c,0x51,0x35,0xe0,0xe2,0x00,0x6a,0x6b,0xbe,0x0f,0x00,0x04,0xb0,0x93,0x34,
0xc3,0x5a,0x11,0x3e,0x09,0x80,0x0b,0x58,0xbc,0xe0,0x1c,0xee,0x90,0x76,0x3f,0x13,
0xd0,0x99,0x1a,0x45,0xff,0xff,0xff,0xb0,0x30,0x54,0x25,0x02,0xd0,0x7b,0x07,0x07,
0x03,0x01,0x00,0x2c,0x03,0xf2,0x07,0x82,0x00,0x02,0xd0,0x05,0xd6,0x7e,0x10,0x02,
0xe0,0x0d,0x40,0x08,0x85,0xef,0xe0,0x0f,0x00,0x04,0xa0,0x01,0xe0,0x60,0x00,0x50,
0x0e,0x20,0x06,0x92,0x56,0xf1,0x02,0x51,0x35,0x9a,0xd0,0x00,0x7c,0x1a,0x0e,0x02,
0x4c,0x00,0x11,0x06,0x06,0x00,0x02,0x19,0x20,0x08,0x5f,0x3d,0x1d,0x0c,0x78,0x16,
0x04,0x33,0x03,0x20,0x31,0x23,0x33,0x03,0x31,0x99,0xcc,0xf0,0x5a,0x00,0x00,0x33,
0x03,0x20,0xa2,0x34,0x33,0x03,0x28,0x48,0xbb,0x33,0x03,0x1f,0x70,0x33,0x03,0x1c,
0xb0,0x50,0x08,0xdd,0x60,0x00,0x1e,0x08,0xb1,0x2d,0x34,0xbc,0x33,0x03,0x24,0x03,
0x4e,0x18,0x01,0xc5,0x59,0x36,0x7e,0x0a,0x80,0x0b,0x55,0x9a,0xe0,0x1c,0xee,0x80,
0x18,0x01,0x00,0x3c,0x0c,0x00,0x7b,0x06,0x70,0xe8,0x00,0x00,0x6d,0x10,0x00,0xa8,
0x10,0x0a,0x11,0x02,0x10,0x0a,0x10,0x4d,0xbb,0x12,0x26,0x6e,0x50,0x97,0x28,0x07,
0x73,0x02,0x10,0xb4,0x73,0x02,0x50,0x4b,0xa5,0x00,0xed,0xdf,0x73,0x02,0x10,0x40,
0x73,0x02,0x70,0xb3,0x0f,0x03,0xbb,0x30,0x0b,0x30,0x73,0x02,0x23,0xee,0xef,0x73,
0x02,0x1f,0x08,0x73,0x02,0x0f,0x30,0x59,0xb9,0x20,0x74,0x0d,0x31,0x43,0x7e,0x20,
0x0d,0x05,0x11,0x98,0x22,0x1d,0x00,0xb2,0x22,0x12,0x3c,0x5f,0x25,0x11,0xe1,0xed,
0x07,0x41,0x09,0xb4,0x37,0xe1,0xa7,0x5b,0x11,0x81,0x50,0x08,0x17,0x60,0x51,0x31,
0x13,0x06,0xd3,0x10,0x15,0xff,0xeb,0x1e,0x40,0x03,0xbe,0xed,0x60,0xdd,0x0f,0x20,
0x02,0xc5,0xdd,0x0f,0x00,0x22,0x0c,0x40,0x2e,0x10,0x00,0xa8,0xf7,0x06,0x25,0xce,
0xa0,0x91,0x10,0x22,0x06,0x90,0x9a,0x18,0x05,0xd3,0x10,0x1d,0x04,0xf7,0x12,0x12,
0x4c,0x91,0x3c,0x09,0xb7,0x27,0x11,0x11,0xbd,0x0e,0x31,0xdb,0xcd,0x50,0x62,0x09,
0x00,0x67,0x20,0x11,0x88,0xc6,0x0d,0x40,0x04,0xe4,0x22,0x7e,0x4a,0x07,0x25,0xaf,
0xc8,0xd8,0x41,0x55,0xde,0xed,0xde,0xdd,0xde,0x8b,0x1e,0x41,0xcc,0xcc,0xdd,0xd9,
0x88,0x32,0x24,0x15,0xb0,0xd4,0x0d,0x00,0x8b,0x1e,0x18,0x80,0x8b,0x1e,0x15,0xe1,
0xa5,0x31,0x01,0xe7,0x03,0x50,0x04,0xdc,0xcd,0x80,0x00,0x7b,0x59,0x11,0xb6,0x94,
0x1d,0x10,0x69,0x0c,0x00,0x85,0x01,0xc6,0x00,0x00,0x05,0xdd,0xde,0x80,0xdf,0x0f,
0x0a,0x9b,0x11,0x14,0x01,0xb7,0x33,0x04,0xc9,0x33,0x2e,0xee,0xef,0xe8,0x51,0x04,
0x94,0x09,0xb0,0x03,0x9b,0x60,0x00,0xe0,0x00,0x02,0xe4,0x3b,0x60,0x0e,0x3a,0x33,
0x00,0xa1,0x04,0x00,0x19,0x07,0x60,0x0e,0x10,0x00,0xa5,0x00,0x0e,0xde,0x0b,0xe0,
0xb0,0x07,0xa0,0x0e,0x76,0x30,0x09,0xdd,0xc1,0x00,0xea,0x95,0x00,0x01,0xc5,0x46,
0x00,0x13,0x0c,0x02,0xfc,0x47,0x00,0xd0,0x39,0xb8,0x22,0x3e,0x34,0x63,0xe1,0x00,
0x9c,0xcc,0xbb,0x97,0x2e,0xf3,0x57,0x03,0x48,0x26,0x05,0x45,0x57,0x20,0x06,0xcd,
0x34,0x0b,0xf0,0x11,0x06,0xb1,0x19,0x70,0x0f,0x10,0x00,0xa4,0x00,0x1c,0x00,0xf1,
0x00,0x0a,0x60,0x03,0xd0,0x0f,0x10,0x00,0x5e,0x98,0xe9,0x00,0xf4,0x31,0x00,0x5b,
0xf9,0x00,0x0f,0xcb,0x76,0x0e,0xd1,0x10,0xf1,0x00,0x9c,0xcd,0xfe,0xec,0x2f,0x10,
0x00,0x12,0x11,0x00,0xb0,0x47,0x01,0x39,0x0c,0x12,0x07,0xcc,0x0a,0x12,0x7c,0x07,
0x39,0x14,0xc0,0x22,0x20,0x24,0xfe,0x20,0x54,0x07,0xa0,0x7a,0xa3,0x00,0x1e,0x00,
0x99,0x26,0xe2,0x01,0xe0,0xfc,0x55,0x10,0x0e,0x3c,0x1c,0xf0,0x01,0x00,0xe0,0x2d,
0x00,0x05,0x90,0x0e,0x00,0xd4,0x00,0xb5,0x00,0xe0,0x03,0xdc,0xe8,0x39,0x04,0x00,
0x50,0x59,0x00,0xc1,0x00,0x07,0xa5,0x11,0x10,0x0e,0xa5,0x11,0x26,0x40,0xe0,0xe3,
0x07,0x17,0xe0,0xe1,0x43,0xf0,0x03,0x02,0xad,0xb2,0x00,0x1e,0x00,0xe4,0x04,0xd0,
0x01,0xe0,0x2d,0x00,0x0c,0x20,0x1e,0x02,0xe0,0x77,0x39,0x30,0x0a,0xb8,0xba,0x1c,
0x09,0x12,0xe5,0x05,0x01,0x80,0x10,0x1e,0x2c,0xcc,0xfe,0xed,0x51,0xe0,0x7e,0x03,
0x11,0x1e,0x49,0x1b,0x01,0x8b,0x25,0x13,0x02,0xf1,0x07,0x14,0xf0,0x01,0x04,0x17,
0xb0,0xeb,0x02,0x11,0x10,0x56,0x10,0x03,0xeb,0x02,0x11,0xa0,0x69,0x02,0x23,0x4b,
0x00,0xd7,0x2f,0x00,0xeb,0x02,0x20,0xd1,0x00,0x31,0x0b,0x11,0x81,0xea,0x02,0x21,
0x04,0x70,0xea,0x02,0x11,0x69,0xeb,0x01,0x23,0x06,0x90,0xd6,0x21,0x14,0xd0,0xc2,
0x0b,0x94,0xdd,0xdb,0x30,0x00,0x00,0x5d,0x10,0x04,0xe0,0x89,0x02,0xf0,0x03,0x5c,
0x00,0x02,0xf1,0x00,0x00,0x0c,0xec,0xdf,0x60,0x00,0x00,0x0b,0x42,0x1b,0x40,0x00,
0x00,0x66,0x28,0x55,0x10,0xae,0xef,0xff,0xff,0x18,0x21,0xa0,0x03,0x9b,0xb8,0x10,
0x00,0x00,0x5e,0x52,0x38,0xe1,0x45,0x51,0x00,0x51,0x3b,0x20,0xa8,0x00,0x60,0x52,
0x40,0x1d,0xca,0xbe,0x90,0x13,0x26,0x02,0x5c,0x0e,0x01,0x2d,0x57,0x41,0x2b,0xdb,
0xd9,0x00,0xa2,0x1a,0x11,0xa9,0xb1,0x15,0x00,0xad,0x0d,0x12,0x2d,0xd0,0x12,0x21,
0xe5,0x00,0xd1,0x5d,0x31,0xdd,0xce,0xa0,0xb3,0x08,0x08,0x3c,0x2b,0x01,0x4b,0x48,
0x0b,0xa6,0x12,0x0e,0x75,0x58,0x09,0x4f,0x1a,0x31,0xbe,0xec,0x50,0xb3,0x03,0x11,
0xd5,0xb3,0x03,0x11,0x69,0xb3,0x03,0x10,0xa7,0x59,0x3c,0x20,0xbe,0xb0,0x1f,0x00,
0x1d,0x31,0x6d,0x2b,0x10,0xf1,0x78,0x2d,0x01,0x5f,0x01,0x13,0x79,0x06,0x00,0x15,
0x40,0x32,0x14,0x1f,0x6f,0xb3,0x03,0x12,0x12,0x03,0xb3,0x03,0x39,0x04,0xab,0xb8,
0x95,0x44,0x24,0xee,0xd7,0x95,0x44,0x41,0xcc,0xcf,0xdd,0xd9,0x7f,0x0c,0x24,0x16,
0xc0,0x69,0x55,0x0f,0xb3,0x03,0x07,0x20,0x05,0xcd,0x8a,0x01,0x40,0x4e,0x20,0x04,
0xe1,0xef,0x19,0x00,0x01,0x04,0xa3,0x6c,0x00,0x01,0xf2,0x00,0x00,0x0a,0xec,0xce,
0x70,0x03,0x4e,0xc2,0x6b,0xbb,0xaa,0xaa,0xab,0xb5,0x13,0x34,0x47,0xd4,0x43,0x31,
0x76,0x2d,0x00,0x11,0x59,0x11,0xe7,0xed,0x10,0x11,0x6a,0x93,0x00,0x13,0x5a,0x06,
0x00,0x00,0x65,0x09,0x19,0xf7,0xd5,0x52,0x40,0x00,0x03,0xbd,0xdd,0xa3,0x42,0x10,
0x40,0x0e,0x33,0x11,0x4d,0x8c,0x00,0x20,0x2f,0x30,0xb7,0x01,0x25,0x05,0xce,0x90,
0x2c,0x0f,0x6e,0x13,0x25,0x01,0x77,0x17,0x80,0x9d,0xc2,0x00,0x1d,0x00,0xb7,0x15,
0xd0,0x43,0x03,0x20,0x0d,0x10,0x43,0x03,0x22,0xb3,0x00,0x0b,0x00,0x81,0x00,0xb8,
0x38,0xa0,0x00,0xe0,0x00,0x7a,0x8b,0x07,0x86,0x11,0x24,0x50,0xe0,0xcd,0xdf,0xdb,
0x96,0x44,0x45,0x29,0xde,0xee,0x4f,0x45,0x2a,0x90,0x00,0xd0,0x41,0x20,0x07,0xa8,
0x5a,0x1a,0x94,0xc8,0x38,0xc0,0x01,0xd0,0x02,0xd0,0x00,0xd2,0x06,0x00,0xf0,0x0c,
0x00,0xc7,0x27,0xc0,0x01,0xd0,0x00,0x18,0xb8,0x10,0x01,0xd0,0x15,0x55,0x56,0x79,
0x51,0xd0,0x38,0x8b,0xc7,0x53,0x01,0xd0,0x00,0x05,0x90,0x6d,0x59,0x20,0x03,0x60,
0x6d,0x59,0x11,0x08,0xe9,0x1e,0x26,0x0e,0x10,0xb7,0x11,0x15,0x0b,0x4b,0x07,0x80,
0x20,0x00,0x6d,0xde,0x70,0x01,0xe0,0x01,0x93,0x03,0x31,0xf0,0x02,0xd0,0xdf,0x29,
0x21,0x9d,0xcd,0x6e,0x0d,0x10,0x10,0x70,0x06,0xf2,0x0e,0xbb,0xcc,0xee,0x70,0xf0,
0x03,0x48,0xa2,0x12,0x22,0xf0,0x00,0x05,0x90,0x1c,0xcc,0xf0,0x00,0x02,0x40,0x00,
0x00,0xa0,0x00,0x0a,0xee,0xee,0xed,0x90,0x92,0x02,0x00,0x0c,0x00,0x23,0xef,0xd0,
0xd7,0x0a,0x51,0x0b,0xed,0xdd,0xde,0xe3,0x41,0x63,0x04,0x4c,0x0c,0xf0,0x26,0x6c,
0xc5,0x00,0xc2,0x1d,0x05,0xc2,0x2e,0x20,0xd3,0x1d,0x0a,0x40,0x08,0x70,0xd3,0x1d,
0x0b,0x30,0x07,0x80,0xd3,0x1d,0x09,0x60,0x0a,0x50,0xd3,0x1d,0x02,0xd9,0xbc,0x00,
0xd3,0x1d,0x00,0x14,0x40,0x00,0xd3,0x1d,0x02,0x22,0x34,0x72,0xd3,0x1d,0x1b,0xbe,
0xb9,0x61,0xd3,0x1d,0x42,0x05,0x00,0x06,0x00,0x34,0x43,0xee,0xf3,0x0c,0x00,0x00,
0x06,0x00,0x66,0x1e,0x00,0x07,0x20,0x00,0xa1,0x77,0x28,0x06,0x72,0x01,0x1f,0x16,
0x72,0x01,0x08,0x14,0x80,0x94,0x04,0x8e,0xbb,0xbb,0xcd,0xea,0x0e,0x02,0x33,0xe3,
0x27,0x5a,0x0b,0x72,0x01,0x0a,0xb4,0x03,0x18,0xa8,0xb4,0x03,0x12,0x2e,0xb4,0x03,
0x1e,0x90,0xb4,0x03,0x02,0x2b,0x51,0x00,0x59,0x01,0x21,0x06,0xa0,0xc3,0x05,0x11,
0x5a,0x74,0x01,0x19,0x05,0x0d,0x00,0x18,0x90,0xd7,0x01,0x21,0x01,0x10,0x5a,0x54,
0x20,0xbd,0x90,0xd1,0x57,0x00,0x43,0x04,0x11,0x89,0x7b,0x03,0xa5,0x3e,0x52,0x25,
0xe4,0x00,0x00,0x03,0xab,0xb9,0x40,0x58,0x15,0x61,0xfe,0xee,0xfe,0xeb,0x00,0x04,
0x06,0x60,0x2c,0xbd,0xfc,0x29,0x47,0x02,0xf1,0x22,0x1e,0xe2,0xbd,0x2e,0x11,0x6a,
0x93,0x03,0x32,0xba,0x43,0x9d,0xb2,0x3d,0x11,0xc5,0xaf,0x07,0x00,0x1d,0x05,0x11,
0x69,0x9f,0x23,0x20,0x04,0xd0,0xa6,0x08,0x50,0x00,0x0c,0x93,0x39,0xc0,0xd6,0x22,
0x15,0xbb,0x78,0x24,0x08,0x9f,0x23,0x20,0xba,0x01,0x05,0x16,0x25,0x44,0x30,0x98,
0x04,0x20,0xce,0xeb,0x5f,0x0b,0x43,0xe3,0x00,0x6e,0x00,0x02,0x04,0x00,0x17,0x11,
0x10,0x2e,0xd3,0x06,0x31,0xdb,0xbe,0x60,0x24,0x3a,0x05,0x41,0x00,0x23,0x0e,0xfe,
0xe0,0x51,0x02,0x1e,0x01,0x17,0x10,0xa1,0x1e,0x05,0xac,0x3b,0x03,0x8f,0x02,0x3b,
0xff,0xa0,0x00,0x6a,0x04,0x13,0xec,0x6a,0x04,0x1d,0x1f,0x6a,0x04,0x16,0xac,0x6a,
0x04,0x64,0xce,0xee,0xdd,0xdd,0xde,0xd7,0x0e,0x00,0x50,0xdd,0xdd,0xde,0xb5,0x00,
0xfc,0x58,0x22,0x05,0xc0,0xf8,0x25,0x01,0xaa,0x0a,0x24,0xfe,0x90,0x1d,0x01,0x51,
0x0d,0xdc,0xcc,0xdd,0xd1,0x6a,0x04,0x1f,0x11,0x1d,0x08,0x04,0x11,0x6a,0x1d,0x08,
0x10,0xc7,0x1d,0x08,0x00,0x28,0x04,0x07,0x05,0x48,0x18,0x8e,0x05,0x48,0x11,0x7e,
0x9f,0x24,0x26,0xa7,0x10,0x26,0x3b,0x02,0x06,0x00,0x12,0x8f,0xbd,0x2a,0x03,0x03,
0x5a,0x02,0x60,0x00,0x12,0xce,0x60,0x00,0x15,0xb7,0x45,0x09,0x0c,0x60,0x00,0x16,
0x02,0x21,0x5b,0x14,0xca,0x13,0x00,0x30,0xae,0xec,0x70,0x49,0x47,0x24,0x02,0xb8,
0x5a,0x5f,0x11,0x5c,0xc2,0x01,0x41,0x0d,0xa4,0x36,0xe5,0x58,0x19,0x05,0xb3,0x07,
0x10,0x7b,0xb3,0x07,0xc0,0x9b,0x25,0xd2,0x01,0xe0,0x0f,0x10,0x07,0x80,0x0e,0x02,
0xd0,0xb3,0x07,0x10,0x2c,0xe3,0x12,0x10,0x00,0xbb,0x13,0xa3,0xe0,0x08,0xb4,0x6d,
0x10,0x0e,0x00,0x06,0xa9,0x10,0xca,0x49,0x01,0x76,0x18,0x57,0xe0,0xde,0xee,0xee,
0xc9,0xa8,0x07,0x16,0x0e,0x74,0x2e,0x12,0x02,0xbc,0x2e,0x00,0xb6,0x03,0xd0,0x0d,
0x20,0x6c,0x23,0xe3,0x00,0xc2,0x0d,0x30,0x06,0x90,0x0c,0x20,0xfa,0x2f,0x10,0xc2,
0x6d,0x1d,0x03,0x0b,0x00,0x20,0x0d,0x20,0x16,0x00,0x83,0x8a,0x01,0xe4,0x00,0xd2,
0x00,0x9e,0xd7,0x87,0x4b,0x01,0xa1,0x24,0x07,0x0b,0x00,0x26,0x0c,0x20,0xab,0x30,
0xd0,0x09,0xef,0x90,0x00,0xb5,0x8a,0x00,0xc5,0x00,0xb5,0xd2,0x00,0x59,0x2e,0x2a,
0x10,0x4b,0x0a,0x00,0x80,0x5a,0x00,0xa5,0x98,0x00,0xa5,0x00,0xa5,0x62,0x0c,0x10,
0xa5,0x38,0x01,0x15,0xa4,0xfb,0x30,0x1e,0xf2,0xfb,0x30,0x04,0x0d,0x5a,0x04,0x89,
0x0f,0x20,0x03,0xc0,0x89,0x0f,0x10,0x3d,0x89,0x0f,0xd0,0x03,0xd0,0xe1,0x00,0x4a,
0x00,0x3d,0x0e,0x10,0x04,0xb0,0x03,0xc0,0x89,0x0f,0x10,0x3c,0x89,0x0f,0x20,0x03,
0xc0,0x89,0x0f,0x02,0xff,0x62,0x01,0x71,0x2c,0x1e,0x3c,0x71,0x2c,0x1a,0xde,0x71,
0x2c,0x10,0x00,0x29,0x0f,0x10,0xa5,0xd0,0x0e,0x20,0x0a,0x50,0x29,0x0f,0x10,0xa5,
0xf6,0x0b,0x20,0x0a,0x50,0x29,0x0f,0x10,0xa4,0xce,0x0e,0x40,0x0a,0x40,0x07,0xbb,
0x69,0x16,0x02,0xf2,0x54,0x01,0x86,0x2a,0x43,0x02,0x32,0x22,0x2c,0x09,0x1f,0x53,
0x0f,0xfe,0xee,0xee,0x20,0x6d,0x5b,0x46,0xdd,0xde,0xee,0x70,0xbf,0x24,0xf0,0x06,
0x10,0x06,0xbb,0x30,0x00,0x3c,0x07,0xb3,0x5e,0x20,0x03,0xc0,0xe2,0x00,0x98,0x00,
0x3c,0x0f,0x00,0x07,0xa0,0x0b,0x00,0x10,0x88,0x16,0x00,0x92,0x4e,0x30,0x03,0xc0,
0x07,0xbb,0x40,0x00,0x4b,0x25,0x0f,0x90,0x0b,0xcc,0xc1,0xbc,0xc8,0x00,0x12,0x2e,
0x21,0x80,0x1d,0x00,0xd7,0x0d,0x61,0xde,0xed,0x10,0x02,0xc0,0x0f,0x12,0x12,0x50,
0xed,0xcd,0x80,0x02,0xc0,0x74,0x12,0x15,0x01,0x58,0x01,0x1f,0xa5,0x58,0x01,0x0f,
0x03,0x32,0x5b,0x10,0xff,0xd1,0x2c,0x10,0xf0,0x4e,0x01,0x13,0xf0,0x8f,0x35,0x39,
0xc3,0x00,0xed,0xd1,0x2c,0x06,0x00,0x01,0x11,0x0b,0x00,0x01,0x10,0xb5,0x00,0x01,
0x11,0x0b,0x00,0x01,0x11,0xa5,0x00,0x01,0x10,0x50,0x00,0x01,0x11,0xa5,0x0b,0x04,
0x01,0x15,0x5c,0x10,0x61,0xa3,0x09,0x17,0x0a,0x1a,0x3b,0x00,0x98,0x21,0x0c,0xd0,
0x37,0x00,0xad,0x00,0xf0,0x06,0x7c,0xb3,0x00,0x0a,0x50,0x09,0xb2,0x4e,0x10,0x0a,
0x50,0x0f,0x10,0x08,0x60,0x0a,0x50,0x1e,0x00,0x06,0x80,0xdf,0x13,0xd0,0x06,0x70,
0x0a,0x50,0x0b,0x70,0x0c,0x30,0x0a,0x50,0x02,0xde,0xe7,0xd9,0x5c,0x50,0x01,0x00,
0x00,0x07,0x30,0xac,0x0a,0x11,0x20,0x23,0x04,0x11,0xc3,0xda,0x37,0x00,0x20,0x6a,
0xf2,0x01,0xfa,0x06,0xf9,0x00,0x00,0x1e,0x2c,0x7d,0x3c,0x80,0x00,0xc5,0x01,0xe6,
0x00,0xb5,0xec,0x0f,0x06,0x4f,0x05,0x10,0x01,0xd2,0x0d,0x12,0xef,0xcb,0x56,0x11,
0xd0,0xf7,0x0d,0x11,0x78,0x39,0x09,0x11,0x0d,0x94,0x01,0x21,0x06,0xd0,0xdb,0x6a,
0x20,0xde,0x40,0xdb,0x6a,0x40,0x89,0x5c,0x00,0x1e,0x1f,0x09,0x30,0xc6,0x00,0xe0,
0x3d,0x18,0x20,0xe0,0x0e,0x9c,0x10,0x1f,0x04,0xbe,0x25,0x0b,0x30,0x45,0x66,0x60,
0x2e,0x31,0x40,0x88,0x9f,0x20,0x0f,0xb9,0x05,0x11,0xb0,0x94,0x14,0xe0,0xe3,0x00,
0x0f,0x44,0x10,0x00,0xae,0x00,0x00,0xfb,0xb5,0x00,0x7d,0x9a,0x3b,0x00,0x50,0x6e,
0x10,0xb7,0x00,0xf0,0xe5,0x68,0x12,0xa0,0x48,0x00,0x00,0x26,0x01,0xae,0x69,0x99,
0xaa,0xa7,0x00,0x00,0x04,0x65,0x55,0x56,0x75,0x1c,0x03,0xc3,0x16,0x03,0x41,0x44,
0x10,0x03,0x43,0x05,0x81,0x30,0x00,0xe1,0x00,0x0a,0xcc,0xbf,0x50,0xfc,0x50,0x11,
0xf1,0x41,0x06,0x11,0xb8,0x41,0x06,0xf0,0x0d,0x5f,0x10,0x00,0xe3,0x10,0x00,0x2e,
0xc9,0x00,0x0e,0xdd,0x80,0x2e,0x50,0xd5,0x00,0xe1,0x00,0x2e,0x50,0x02,0xd2,0x0e,
0x10,0x01,0x30,0x00,0x01,0x27,0x00,0x11,0x17,0xce,0x03,0x12,0x04,0xea,0x0b,0x02,
0x7a,0x0d,0x02,0xc8,0x08,0x00,0xc4,0x2d,0x29,0xff,0x20,0xe5,0x47,0x32,0x03,0xee,
0xef,0x4d,0x48,0x11,0x7b,0x32,0x01,0x41,0x1e,0x30,0x01,0xe0,0x02,0x1e,0x50,0x1f,
0xee,0x80,0x0a,0xbe,0x6f,0x12,0x50,0x0a,0xa0,0x3e,0x30,0x1e,0xec,0x06,0x12,0x3c,
0xa9,0x00,0x00,0x00,0x1a,0x51,0x09,0xcc,0xcc,0xdb,0x70,0x80,0x06,0x12,0x3e,0x43,
0x6b,0x11,0xe0,0x67,0x09,0x15,0xea,0x07,0x4f,0x56,0xbd,0xcc,0xcd,0xdd,0x30,0x4e,
0x16,0x00,0x16,0x15,0x90,0xab,0xbc,0xc1,0x01,0xf0,0x00,0x02,0x22,0x4f,0x86,0x17,
0x00,0xf0,0x0a,0x11,0xf0,0x44,0x15,0xc2,0x0f,0x22,0x00,0x00,0xbe,0x00,0x00,0xfd,
0xd7,0x00,0x7d,0xa9,0x38,0x01,0x92,0xc6,0x00,0xf0,0x00,0x4d,0x10,0x01,0xb0,0x0f,
0xdd,0x02,0x10,0x80,0xec,0x1e,0x20,0xed,0x91,0xc4,0x06,0x31,0x10,0x17,0xd0,0x35,
0x01,0x24,0x0c,0x30,0x4f,0x69,0x40,0x0a,0xb4,0x34,0xac,0x5f,0x00,0x25,0xaa,0x96,
0xae,0x25,0xf0,0x05,0x11,0x21,0x02,0xb0,0xb3,0x09,0xdd,0xe9,0x03,0xb0,0xc3,0x00,
0x00,0xa6,0x04,0xb0,0xb3,0x00,0x00,0xe2,0x06,0x00,0x20,0x04,0xc0,0x06,0x00,0xf1,
0x14,0x0a,0x70,0x04,0xfe,0xf3,0x00,0x1f,0xb0,0x03,0xc0,0xb3,0x00,0x98,0xd2,0x03,
0xc0,0xb3,0x02,0xe0,0x6a,0x03,0xc0,0xb3,0x0b,0x60,0x0d,0x23,0xc0,0xb3,0x2b,0x00,
0x05,0x53,0xc0,0xb3,0x28,0x04,0x06,0x06,0x00,0x29,0x02,0x90,0xae,0x25,0xa0,0x04,
0x56,0x65,0x01,0xd0,0x87,0x07,0x88,0xbd,0x01,0x8a,0x25,0x10,0xb7,0xae,0x25,0x20,
0x04,0xe0,0xae,0x25,0x11,0x0d,0xae,0x25,0x10,0xaa,0xae,0x25,0xa3,0x07,0xc0,0x0a,
0x81,0xe0,0x87,0x2d,0x10,0x00,0x90,0xae,0x25,0x4f,0x11,0x00,0x03,0xbb,0xae,0x25,
0x13,0xc0,0x00,0x33,0x34,0x40,0x00,0xb2,0x2b,0xbb,0xbf,0x10,0x0c,0x20,0x6e,0x08,
0x40,0xc2,0x00,0x00,0x88,0x43,0x05,0x10,0x0e,0x0c,0x5f,0xf6,0x11,0x05,0xd0,0x9f,
0xff,0x30,0x00,0xcf,0x20,0x00,0xb3,0x00,0x5b,0x79,0x00,0x0b,0x30,0x0d,0x20,0xe1,
0x00,0xb3,0x0a,0x70,0x07,0x90,0x0b,0x32,0xb0,0x00,0x0b,0x00,0xb3,0x2c,0x59,0x16,
0xb3,0x19,0x65,0x00,0xa3,0x39,0x70,0x72,0x00,0xb5,0x06,0x77,0x7e,0x60,0xf0,0x38,
0x01,0x5e,0x36,0xf0,0x0d,0xc7,0x02,0x2b,0x50,0x00,0x7f,0x10,0xac,0xe5,0x00,0x4e,
0xab,0x00,0x0a,0x50,0x3e,0x30,0xb9,0x00,0xb5,0x2e,0x30,0x00,0xb3,0x0b,0x50,0x10,
0x00,0xfb,0x58,0xa6,0x29,0x99,0x9a,0xa9,0x00,0x01,0x65,0x55,0x55,0xe3,0xa7,0x07,
0x07,0xb7,0x14,0x03,0xab,0x00,0x80,0x34,0x44,0x50,0x00,0xc3,0x09,0xa9,0x9f,0x8f,
0x3e,0x20,0x04,0xd0,0xa2,0x03,0x10,0xc5,0x9b,0x01,0xf1,0x0d,0x7d,0x02,0xee,0xf3,
0x00,0x3e,0xd5,0x00,0x0c,0x30,0x2e,0x43,0xe2,0x00,0xc3,0x2e,0x50,0x05,0xd0,0x0c,
0x23,0x40,0x00,0x03,0x00,0xd2,0x00,0x06,0x1a,0x06,0x01,0x02,0x2b,0x0e,0x3b,0x1c,
0x05,0x10,0x1f,0x40,0x0a,0xde,0xef,0x70,0xb0,0x02,0x20,0x0e,0x50,0x06,0x00,0xd0,
0x7d,0x01,0x25,0xc0,0x00,0x03,0xf4,0x08,0xdd,0xc0,0x00,0x2e,0xcb,0x3b,0x1c,0xc1,
0xd6,0x0a,0xa0,0x04,0xc0,0x2e,0x50,0x00,0xa6,0x04,0xc0,0x02,0xc8,0x21,0x00,0xbe,
0x5a,0x20,0xff,0xa0,0x66,0x05,0x20,0x04,0xc0,0x16,0x10,0x82,0x26,0xc0,0x00,0x1f,
0xed,0xdd,0xdd,0x70,0x53,0x03,0x00,0x5f,0x3c,0x73,0xdd,0xd0,0x00,0x01,0x33,0x22,
0x22,0x36,0x13,0xb0,0x8b,0xbc,0xc5,0x00,0xa5,0x02,0x22,0x2e,0x50,0x0a,0x50,0x0f,
0x04,0xf6,0x0e,0xa6,0x00,0x01,0xf4,0x0b,0xce,0x60,0x00,0xcf,0x70,0x23,0xb5,0x00,
0xaa,0x2e,0x30,0x0a,0x50,0xbb,0x00,0x3e,0x10,0xa5,0x38,0x00,0x00,0x32,0x09,0x40,
0xeb,0x12,0x12,0x30,0xfa,0x31,0x20,0x0f,0x10,0x85,0x0a,0x01,0x0b,0x00,0x00,0xb4,
0x0c,0x06,0x4d,0x03,0x03,0x58,0x00,0x15,0x01,0x58,0x00,0xf1,0x0d,0xa5,0x00,0x01,
0xe4,0x0c,0xce,0x50,0x00,0xce,0x80,0x12,0xb5,0x00,0xba,0x1d,0x50,0x0a,0x50,0xc9,
0x00,0x2d,0x30,0xa5,0x26,0x00,0x00,0x11,0x05,0x4f,0x40,0x11,0x52,0x35,0x05,0x01,
0x4a,0x61,0x11,0xb4,0x2a,0x05,0x01,0x35,0x05,0x3a,0xb4,0x00,0x0e,0x4a,0x61,0xc0,
0x40,0x8b,0xbc,0xc6,0x00,0x4d,0x02,0x22,0x2e,0x60,0x03,0xd0,0x73,0x18,0xf3,0x0e,
0x3d,0x00,0x01,0xe5,0x08,0xcd,0xd0,0x00,0xaf,0x60,0x12,0x5d,0x00,0x8c,0x3e,0x30,
0x03,0xd0,0x8d,0x10,0x3e,0x10,0x3c,0x3b,0x10,0x00,0x32,0x03,0xc0,0x9b,0x2c,0x93,
0x5b,0xdd,0xb5,0x00,0x00,0x6d,0x30,0x03,0xd5,0x50,0x69,0x10,0xc5,0xd9,0x08,0x85,
0x05,0xe6,0x33,0x6e,0x40,0x00,0x03,0x9a,0x83,0x12,0x81,0x11,0x20,0x00,0xd0,0xb3,
0x08,0xdd,0xe8,0x67,0x6b,0x11,0xa6,0x06,0x00,0x10,0xe2,0x06,0x00,0xe0,0x03,0xd0,
0x02,0xd0,0xb3,0x00,0x09,0x93,0xde,0xd0,0xb3,0x00,0x1f,0xd0,0x12,0x00,0xf1,0x07,
0x89,0xb4,0x01,0xe0,0xb3,0x01,0xe2,0x4c,0x00,0xe0,0xb3,0x0a,0x80,0x0c,0x30,0xe0,
0xb3,0x0c,0x00,0x03,0x70,0xd0,0x66,0x02,0x01,0x06,0x00,0x12,0x01,0x7f,0x6b,0x2a,
0x70,0xa3,0x72,0x6b,0xa1,0x31,0x00,0xa0,0xa3,0x1c,0xcb,0xea,0x01,0xe0,0xc4,0xbf,
0x49,0xf1,0x10,0xb4,0x00,0x08,0xa0,0xbb,0xe0,0xb4,0x00,0x4e,0xe2,0x33,0xe0,0xb4,
0x02,0xe3,0x5d,0x00,0xe0,0xb4,0x1d,0x50,0x08,0x90,0xe0,0xb4,0x36,0x00,0x00,0x30,
0xa0,0xb4,0x4d,0x59,0x11,0x51,0x59,0x6f,0x01,0x0c,0x19,0x01,0xf0,0x39,0x20,0xe5,
0xe5,0x6b,0x09,0x61,0x30,0x2d,0x80,0x00,0x08,0xb1,0x5c,0x0f,0x07,0x76,0x66,0x05,
0x2b,0x03,0x04,0x80,0x02,0x30,0x88,0x3b,0xbf,0xbd,0x6c,0x10,0x33,0x2b,0x03,0x20,
0x00,0x0b,0x2b,0x03,0xaf,0x11,0xb3,0x00,0x5b,0x89,0x4d,0xdf,0x30,0x0d,0x21,0x2b,
0x03,0x12,0x61,0x00,0x02,0xee,0xee,0xef,0x30,0x57,0x1d,0x11,0xb0,0x81,0x0a,0x11,
0xe1,0x06,0x00,0x01,0xa2,0x2d,0x30,0x1b,0xd7,0xe6,0xf0,0x20,0xa6,0x90,0x02,0xca,
0x10,0x00,0x29,0x20,0x03,0x00,0x65,0x57,0x05,0x02,0x55,0x20,0x26,0x15,0xb0,0x11,
0x24,0x41,0x1d,0xee,0xee,0xe8,0x50,0x00,0x01,0xc1,0x45,0x21,0x06,0xfc,0x04,0x13,
0x90,0xc7,0xea,0x20,0x00,0x00,0xcb,0x40,0x40,0x6d,0x0e,0x0b,0x12,0x3d,0x4f,0x04,
0x00,0xf6,0x2f,0x01,0x92,0x22,0x03,0x71,0x40,0x00,0x64,0x4a,0x21,0xbc,0xc2,0x10,
0x24,0x19,0x3d,0x40,0x5d,0x08,0xfb,0x64,0x20,0x01,0x00,0x8f,0x46,0x20,0xdd,0xd5,
0x70,0x08,0x20,0x2c,0xb1,0x61,0x00,0x10,0xfa,0x06,0x05,0xa4,0xdb,0x7e,0x91,0x00,
0x01,0xda,0x30,0x21,0x7d,0x50,0xc7,0x3c,0x20,0x06,0xa0,0xff,0x5b,0x43,0xef,0xfe,
0xee,0xed,0x8f,0x15,0x0f,0x0d,0x24,0x11,0x04,0xbc,0x00,0x31,0x01,0xcd,0x10,0x25,
0x21,0x01,0x70,0x3d,0xc3,0xd8,0xea,0x10,0x00,0x00,0xcc,0x50,0x30,0x7d,0x70,0x00,
0x01,0xbc,0x00,0x20,0x03,0xd0,0x2b,0x41,0x00,0x2e,0x14,0x14,0xf1,0x93,0x01,0x30,
0x19,0xde,0xd8,0x2f,0x03,0x32,0x70,0x01,0x9b,0xdb,0x00,0x11,0xf0,0x1e,0x16,0x00,
0xe8,0x06,0x30,0xbb,0x43,0x5d,0xca,0x05,0x39,0x59,0xa8,0x30,0x5f,0x0c,0x61,0xc1,
0x00,0x07,0xff,0xef,0xc0,0x2f,0x0a,0x11,0xb8,0x37,0x31,0x11,0x5e,0x31,0x0a,0x20,
0x3f,0x90,0x0d,0x00,0xf1,0x03,0x3e,0x6e,0x50,0x0c,0x42,0x10,0x4e,0x40,0x2e,0x20,
0xcd,0xd9,0x0c,0x20,0x30,0x38,0x0c,0x30,0x07,0x0b,0x12,0xc3,0x90,0x55,0xe7,0x30,
0x00,0x11,0x2f,0x23,0x54,0xc3,0x00,0x7c,0xdc,0xcc,0xa8,0x4c,0x30,0x1e,0x01,0x06,
0xc7,0x47,0x40,0x7c,0xcd,0xdd,0xd2,0x24,0x01,0x11,0x1b,0xcd,0x01,0x11,0xbc,0x1f,
0x66,0x10,0xf7,0x17,0x01,0x61,0xe7,0x3d,0xa1,0x00,0x02,0xda,0xdc,0x25,0x17,0x20,
0xc5,0x5d,0x00,0x6e,0x11,0x14,0xfb,0xb7,0x57,0x0e,0x06,0x00,0x28,0x05,0x70,0x78,
0x01,0x10,0xc1,0x18,0x00,0x20,0xea,0x00,0xc6,0x2e,0x98,0x8e,0x80,0x00,0x01,0xcb,
0x40,0x01,0x9e,0x40,0x66,0x10,0x0f,0x0b,0x24,0x08,0x1f,0x10,0x0b,0x24,0x02,0x10,
0x3d,0x64,0x5f,0x00,0x08,0x00,0x10,0xa0,0x4a,0x01,0x10,0xfa,0xca,0x03,0xa6,0xe8,
0x5d,0xc3,0x00,0x02,0xc7,0x10,0x00,0x5b,0x50,0xda,0x67,0x00,0x97,0x10,0x16,0x05,
0x08,0x6a,0x41,0x00,0x79,0xa8,0x50,0x1f,0x02,0x1d,0x98,0x70,0x53,0x14,0xe7,0x7f,
0x25,0x0f,0x8e,0x02,0x09,0x39,0x00,0x6d,0x70,0xe4,0x0c,0x20,0x08,0xdd,0xce,0x53,
0x1f,0xd1,0x8e,0x02,0x1c,0x04,0x9f,0x00,0x21,0xde,0xf7,0x3c,0x27,0x00,0xeb,0x01,
0xf3,0x01,0x5d,0xf8,0x00,0x00,0x01,0x8e,0xa4,0x3a,0xd7,0x10,0x06,0x61,0x00,0x00,
0x16,0x30,0xba,0x1f,0x00,0xec,0x02,0x13,0xfa,0x30,0x00,0x46,0xbc,0xcc,0xcd,0xdb,
0x47,0x08,0x21,0x00,0x1e,0x2e,0x64,0x18,0xec,0xb8,0x31,0x13,0x40,0x13,0x12,0x0b,
0x94,0x02,0x03,0xc2,0x00,0x10,0xeb,0xc2,0x00,0x16,0x50,0xc2,0x00,0xa6,0x13,0x33,
0x44,0x33,0x33,0x33,0x04,0xbb,0xaa,0xaa,0x59,0x6d,0x0f,0x94,0x02,0x1a,0x80,0x23,
0x34,0x40,0x00,0xd2,0x1b,0xbb,0xbf,0xe9,0x06,0x20,0x04,0xc0,0xe0,0x00,0x10,0x98,
0x4f,0x02,0x10,0x0e,0x0e,0x23,0x11,0x06,0x6c,0x22,0x10,0xdf,0x89,0x07,0xfb,0x06,
0x7a,0x8a,0x00,0x0c,0x30,0x1e,0x10,0xe3,0x00,0xc3,0x0b,0x50,0x05,0xc0,0x0c,0x32,
0x80,0x00,0x07,0x00,0xc3,0x66,0x23,0x13,0x09,0x59,0x02,0xb0,0x66,0x77,0x70,0x00,
0xd3,0x07,0x77,0x8f,0x10,0x0d,0x30,0x04,0x1f,0x40,0xd4,0x00,0x02,0xe2,0x27,0x00,
0x10,0xce,0x3e,0x01,0x10,0xaa,0x48,0x00,0x92,0xab,0x00,0xb8,0x00,0xc3,0x89,0x00,
0x00,0xa0,0xb8,0x02,0xbf,0x61,0x00,0x48,0x88,0x88,0x87,0x00,0x03,0x66,0x66,0x66,
0xbc,0x39,0x08,0x00,0xee,0x32,0xc0,0x50,0x00,0xd2,0x09,0xa9,0x9f,0x40,0x0d,0x20,
0x00,0x03,0xe0,0x6c,0x0d,0x10,0xc6,0x5d,0x07,0x10,0x8f,0x2c,0x0c,0xf2,0x01,0x5e,
0xaa,0x00,0x0d,0x20,0x4e,0x30,0xc6,0x00,0xd2,0x3e,0x20,0x01,0xd1,0x0d,0x20,0x8e,
0x65,0x11,0x06,0x4f,0x16,0x10,0xe2,0x64,0x0a,0x0e,0x7e,0x07,0x05,0xc6,0x06,0xb0,
0x9b,0xbc,0xc3,0x00,0xc4,0x02,0x22,0x3f,0x20,0x0b,0x40,0xb0,0x00,0xf0,0x04,0xb4,
0x00,0x03,0xf1,0x00,0x0b,0x40,0x01,0xee,0x60,0x00,0xb4,0x01,0xc8,0x2e,0x30,0x0b,
0x41,0xd8,0x59,0x23,0x31,0x35,0x00,0x00,0x00,0x6b,0x01,0x4f,0x12,0x10,0xff,0x50,
0x27,0x01,0x91,0x09,0x10,0x0f,0x23,0x08,0x02,0x9c,0x09,0x56,0x0e,0xdd,0xdd,0xde,
0x10,0x37,0x09,0x10,0x10,0x58,0x00,0x40,0xb5,0x02,0x22,0x3f,0x6d,0x47,0x40,0x08,
0xb0,0x00,0xa5,0xfe,0x27,0xf3,0x08,0x0a,0x50,0x02,0xed,0x80,0x00,0xa5,0x01,0xd7,
0x1d,0x40,0x0b,0x51,0xd6,0x00,0x2e,0x10,0xb5,0x24,0x00,0x00,0x10,0x05,0x6d,0x47,
0x10,0x1f,0x53,0x0c,0x11,0x01,0x53,0x0c,0x10,0x1f,0x53,0x0c,0x0e,0x23,0x44,0x06,
0x01,0x00,0x80,0xd1,0x00,0x08,0xff,0x7b,0xef,0x30,0xd2,0x14,0x62,0x40,0x0f,0x10,
0xd2,0x00,0xa0,0x01,0x20,0x00,0xd3,0x08,0x0b,0x30,0x5a,0x00,0xd3,0xb3,0x1f,0xf3,
0x16,0x98,0x00,0xdc,0xb6,0x00,0xaf,0x20,0xed,0x00,0xd6,0x31,0x00,0xe8,0x84,0xcd,
0x20,0xd2,0x00,0x06,0xa1,0xea,0x67,0x90,0xc2,0x00,0x0c,0x30,0xae,0x01,0xe0,0xc2,
0x00,0x08,0x00,0x24,0x00,0x51,0x5b,0x0e,0x0a,0x07,0x00,0x23,0x92,0x00,0xc2,0x16,
0xf1,0x31,0x31,0x23,0x10,0xd0,0xb3,0x1b,0xe8,0xbd,0xa0,0xe0,0xb3,0x00,0x97,0x07,
0x80,0xf0,0xb3,0x00,0xc4,0x09,0x60,0xf0,0xb3,0x00,0xe1,0x0c,0x30,0xf0,0xb3,0x02,
0xf0,0x0f,0x10,0xfe,0xf3,0x05,0xf2,0x3f,0x60,0xe0,0xb3,0x0a,0xc7,0x7c,0xb0,0xe0,
0xb3,0x0e,0x3c,0xc3,0xe0,0xe0,0xb3,0x4a,0x0d,0xc0,0x95,0xe0,0xb3,0x73,0x05,0x50,
0x25,0xe0,0x6a,0x06,0x08,0x06,0x00,0x29,0xa0,0xb3,0x29,0x41,0xf0,0x02,0x52,0x55,
0x20,0xd0,0xb4,0x19,0xc8,0x8c,0x80,0xe1,0xb4,0x00,0xa5,0x0a,0x50,0xe1,0xb4,0xd9,
0x5e,0xf4,0x0a,0xda,0xe4,0x03,0xf2,0x3f,0x50,0xd5,0xc4,0x0a,0xc8,0xa9,0xb0,0xd1,
0xa4,0x1d,0x1d,0xd0,0xb3,0xd1,0xb4,0x55,0x07,0x50,0x23,0xd1,0x94,0x50,0x11,0x05,
0x94,0x50,0x57,0x01,0x43,0x33,0x33,0xf2,0x16,0x24,0x17,0xe2,0x44,0x18,0x13,0x40,
0xdb,0x01,0x40,0xcd,0xf9,0x8d,0xec,0x07,0x32,0x00,0x0e,0x08,0xf3,0x03,0x09,0xc0,
0x07,0xd0,0x00,0x00,0x4d,0xc6,0x4d,0xc7,0x00,0x03,0xc1,0x1d,0xd2,0x0b,0x60,0x01,
0x83,0x28,0x2f,0x07,0x90,0x59,0x64,0x20,0x02,0xbf,0x55,0xf0,0x19,0xa5,0xbc,0x30,
0x1e,0x01,0x4d,0x02,0xc4,0x01,0xe0,0x07,0x90,0x1f,0x00,0x1e,0x00,0xc9,0x05,0xf0,
0x01,0xe0,0x2e,0xe0,0xcd,0x50,0x1e,0x0a,0x6b,0x9c,0x3c,0x01,0xe2,0xd0,0x3f,0x30,
0xc2,0x1e,0x12,0x00,0x30,0xc3,0x67,0x05,0xd9,0x3e,0x15,0xb0,0xfc,0x0c,0x0d,0x42,
0x1c,0x04,0x4b,0x1a,0x32,0x4d,0xdc,0x50,0xda,0x23,0x00,0x15,0x18,0x30,0xde,0xef,
0xf5,0x3f,0x00,0x40,0x10,0x0f,0x30,0x1e,0x34,0x01,0x11,0xd0,0x68,0x0f,0x11,0xc6,
0xcf,0x03,0x10,0x5f,0x41,0x61,0x30,0x00,0x1e,0xe4,0x48,0x04,0x30,0x0a,0x95,0xc0,
0xdc,0x60,0x40,0xc0,0x0b,0x70,0x0e,0xf6,0x0f,0x1e,0x1e,0x88,0x20,0x08,0xbf,0x55,
0x12,0x30,0x88,0x22,0x21,0xdd,0x60,0x3f,0x70,0x10,0x23,0xe5,0x09,0x51,0xbc,0xcb,
0xf5,0x00,0xf1,0x90,0x06,0x30,0x0e,0x43,0x10,0xe0,0x70,0x60,0xec,0xc7,0x00,0x1d,
0xcb,0x00,0xc0,0x23,0x40,0x60,0x9b,0x00,0xe1,0x12,0x00,0x25,0x74,0x0e,0x04,0x4c,
0x11,0x3e,0xed,0x56,0x00,0x0e,0x08,0x11,0xe1,0x72,0x0d,0x14,0x0e,0x0d,0x00,0x00,
0x2b,0x3b,0x06,0x3a,0x4d,0x20,0x53,0x20,0x5c,0x11,0x30,0x19,0xaa,0x30,0x58,0x21,
0x20,0x55,0x66,0x3d,0x55,0x31,0x98,0x89,0xf2,0xc3,0x00,0x40,0xa8,0x00,0x0f,0xbb,
0x94,0x0b,0x80,0x00,0xf4,0x41,0x00,0x6e,0xbb,0x00,0x0f,0x93,0x29,0x91,0xab,0x01,
0xf0,0x00,0x6a,0x10,0x00,0x61,0x0d,0x12,0x0e,0x11,0x03,0x73,0x07,0x21,0x01,0xf0,
0xf3,0x4c,0x10,0x5d,0xba,0x03,0xf2,0x04,0xe2,0x0b,0xf5,0x00,0x00,0x06,0xb5,0xd5,
0xd3,0xe4,0x00,0x02,0xd1,0x07,0xf2,0x03,0xd1,0x00,0x11,0xbc,0x11,0x11,0x20,0x90,
0x24,0x20,0x2b,0xdd,0x67,0x45,0x30,0x04,0x55,0x56,0x4e,0x00,0x51,0x77,0x68,0xf2,
0x00,0xf0,0x66,0x07,0x60,0x0f,0xff,0x70,0x00,0x9f,0x10,0x0d,0x00,0x20,0x8c,0x8d,
0x8c,0x0d,0xb8,0xac,0x00,0x7d,0x00,0xf0,0x00,0x48,0x00,0x00,0x41,0x0d,0xbf,0x57,
0x12,0xfa,0xd2,0x05,0x10,0x20,0xb8,0x00,0x11,0xbc,0xa4,0x14,0x10,0xea,0x00,0x09,
0x51,0x7d,0x91,0x02,0xad,0x40,0xe1,0x1b,0x14,0x23,0x3f,0x01,0xf0,0x05,0xdb,0xa0,
0x02,0xb0,0xd1,0x00,0x01,0x20,0x03,0xc0,0xd1,0x08,0xdd,0xea,0x03,0xc0,0xd1,0x00,
0x11,0x7a,0x06,0x00,0x20,0x00,0xb5,0x06,0x00,0x80,0x02,0xe0,0x03,0xfe,0xf1,0x00,
0x09,0xc0,0x0c,0x00,0xf1,0x08,0x2e,0xe2,0x02,0xc0,0xd1,0x00,0xb6,0x69,0x02,0xc0,
0xd1,0x06,0xb0,0x0d,0x22,0xc0,0xd1,0x0d,0x10,0x05,0x82,0xc0,0xd1,0xf2,0x01,0x11,
0xd1,0x03,0x02,0x11,0xd1,0x68,0x17,0x17,0xd1,0x83,0x15,0x40,0x20,0x00,0x9c,0xd8,
0xc3,0x01,0x81,0x22,0x23,0x10,0x03,0xc0,0x09,0xcc,0xce,0x85,0x75,0x10,0x1e,0x01,
0x75,0xf1,0x06,0x01,0xd8,0x09,0xef,0xc0,0x00,0x2d,0xae,0x10,0x03,0xc0,0x04,0xe6,
0x06,0xd1,0x03,0xc0,0x2c,0x30,0x00,0x55,0x03,0x0b,0x11,0x01,0x06,0x00,0x11,0x79,
0xd8,0x01,0x11,0xd9,0xce,0x09,0x20,0xcd,0x90,0x8d,0x4a,0x60,0x11,0xbb,0x00,0x00,
0x0c,0xa0,0xc3,0x17,0x11,0x03,0x5a,0x00,0x02,0xea,0x09,0x51,0xdd,0x70,0x00,0x3c,
0x01,0x5f,0x00,0x30,0xbc,0xcb,0xf9,0xdc,0x08,0xf2,0x09,0x4f,0x20,0x14,0xd0,0x00,
0x3e,0x60,0x8d,0xed,0x00,0x4e,0xad,0x00,0x03,0xd0,0x6e,0x30,0x8b,0x00,0x3c,0x5b,
0x10,0x00,0x73,0x5f,0x0b,0x1f,0x28,0x5f,0x0b,0x12,0x00,0x18,0x01,0x40,0xa1,0x02,
0xa0,0xd2,0x18,0x01,0x11,0xb0,0x18,0x01,0x11,0xb0,0x18,0x01,0x11,0xb0,0x18,0x01,
0x00,0x30,0x01,0xd0,0xe1,0x58,0xb0,0xd1,0x00,0x08,0xc1,0x8a,0xb0,0xd1,0x00,0x2e,
0xe3,0x12,0x00,0xa1,0xb7,0x6a,0x03,0xb0,0xd1,0x06,0xc0,0x0d,0x22,0xb0,0x18,0x01,
0x21,0xb0,0xd1,0x25,0x5a,0x16,0xd2,0x06,0x00,0x29,0x80,0xc2,0x94,0x2c,0x46,0x00,
0x4c,0xdd,0xb0,0x1c,0x18,0x04,0xc2,0x12,0x00,0x7b,0x77,0x00,0x37,0x2b,0x01,0x4d,
0x03,0x11,0xf7,0xa9,0x14,0xa9,0x63,0xdb,0x20,0x00,0x04,0xd9,0x10,0x00,0x6d,0x30,
0xea,0x1d,0x03,0xca,0x2e,0x22,0xaf,0xff,0x9a,0x5e,0x11,0x21,0x47,0x00,0x60,0xcd,
0x90,0x00,0x1d,0x00,0x01,0x5b,0x6b,0x50,0x5d,0xdd,0xeb,0x00,0x0e,0xfc,0x16,0x00,
0xe9,0x1b,0x00,0xd0,0x23,0xff,0x04,0x08,0xce,0x10,0x00,0xe0,0x08,0xc0,0x6d,0x00,
0x0e,0x08,0xb0,0x10,0x7a,0x00,0xe0,0x10,0x0e,0x10,0xff,0x1b,0x14,0x00,0x08,0x00,
0x25,0xed,0xc8,0xba,0x00,0x11,0x6c,0xc2,0x5e,0x40,0x02,0x21,0x2d,0xa0,0xd3,0x02,
0x10,0xda,0xb1,0x01,0xc1,0x9e,0xcd,0x30,0x00,0x02,0x9e,0x80,0x06,0xea,0x10,0x04,
0x50,0x55,0x12,0x14,0x00,0x80,0x61,0x57,0xee,0xfd,0x01,0x11,0x19,0x9d,0x4b,0x09,
0xa2,0x42,0x11,0x50,0x46,0x08,0x25,0xba,0x00,0xea,0x23,0x41,0x4d,0xdd,0xed,0xe9,
0x6b,0x03,0x20,0xbd,0x20,0x20,0x00,0x10,0xfc,0x7a,0x00,0x62,0x8e,0xa6,0xdb,0x30,
0x00,0x03,0x46,0x09,0x13,0x10,0xbb,0x15,0x44,0xff,0xff,0xfe,0xed,0x85,0x0b,0xbe,
0x02,0x24,0xd2,0x23,0x00,0x00,0x08,0xdd,0xdd,0xcc,0xf2,0x97,0x16,0x03,0x0d,0x00,
0x10,0x61,0x2d,0x00,0x34,0xcb,0x60,0x00,0x1d,0x3e,0x11,0x07,0x63,0x17,0x00,0x4b,
0x00,0x00,0x95,0x00,0xa4,0x39,0xef,0x81,0x00,0x00,0x06,0xdb,0x60,0x28,0xdc,0x9b,
0x01,0x21,0xcd,0xdc,0xa5,0x1e,0x40,0x01,0x11,0xb5,0x10,0x9b,0x00,0xa4,0x2c,0x62,
0x22,0x00,0x00,0x1d,0xdd,0xdd,0xcd,0xe0,0xe9,0x08,0x12,0x0b,0x38,0x30,0x15,0xe4,
0xfe,0x1a,0x15,0xe3,0xb1,0x1e,0x21,0xcc,0xb9,0x67,0x00,0x11,0x21,0xcf,0x00,0x02,
0xf7,0x08,0x11,0x1b,0xc7,0x1c,0x10,0xfb,0x76,0x30,0xaa,0xea,0x7e,0xa2,0x00,0x04,
0xc7,0x20,0x00,0x6c,0x40,0x67,0x0a,0x02,0x0d,0x0a,0x20,0x39,0xd5,0x9f,0x6a,0x30,
0xc7,0x69,0xe4,0x34,0x1b,0x00,0x0a,0x0a,0x11,0x6b,0xe5,0x00,0x31,0x1d,0x94,0x47,
0x34,0x16,0x24,0x97,0x20,0x54,0x23,0x10,0xac,0x32,0x19,0x80,0x22,0x23,0x20,0x01,
0xe0,0x2b,0xbb,0xcf,0x48,0x5a,0x10,0x1d,0xe8,0x29,0xd1,0x4e,0xe5,0x00,0x0e,0x00,
0x9d,0x32,0xd6,0x00,0xe0,0x67,0x00,0x01,0xc8,0x61,0x77,0x24,0x40,0xe1,0xde,0xef,
0xfd,0xb6,0x27,0x19,0x11,0x1e,0x2e,0x26,0x04,0x0b,0x00,0x16,0xb0,0x73,0x6d,0x0f,
0x88,0x01,0x03,0x10,0x10,0xc8,0x0a,0x10,0xfc,0xe9,0x01,0xb9,0x9e,0x95,0xdc,0x40,
0x00,0x03,0xb6,0x10,0x00,0x4b,0x50,0xa9,0x72,0x06,0x65,0x7b,0x28,0x22,0x32,0x88,
0x01,0x09,0xe6,0x75,0x03,0x0d,0x00,0x04,0xea,0x09,0x50,0x2d,0xbb,0x60,0x00,0xc2,
0x24,0x01,0xd0,0x0c,0x31,0xcc,0xcd,0xd6,0x00,0xc3,0x02,0x22,0x2d,0x50,0x0b,0x40,
0xdf,0x10,0x20,0xb4,0x00,0x79,0x21,0x10,0x40,0x06,0x49,0xfc,0x07,0xb4,0x00,0x1e,
0xc8,0x00,0x0b,0x40,0x0b,0x81,0xe2,0x00,0xb4,0x08,0xb0,0x05,0xc0,0x0b,0x43,0xb0,
0x00,0x09,0x40,0x62,0x2d,0x24,0x08,0x30,0x08,0x04,0x30,0x60,0x00,0x3b,0x08,0x04,
0x70,0x04,0xc0,0xbc,0xcb,0xf8,0x00,0x4c,0x08,0x04,0x72,0x03,0xc0,0x00,0x2e,0x60,
0x00,0x3c,0x7a,0x10,0x9f,0x4e,0x50,0xb9,0x00,0x3c,0x4d,0x20,0x00,0xa3,0x08,0x04,
0x03,0x1f,0x05,0x08,0x04,0x03,0x03,0x72,0x06,0x00,0x6f,0x7f,0x01,0xbd,0x15,0x03,
0x0d,0x7f,0x00,0x1d,0x28,0x30,0x01,0x88,0x89,0x27,0x41,0x70,0x04,0x44,0xd6,0x00,
0x0e,0xcc,0x90,0xd4,0x05,0x40,0xe4,0x32,0x00,0x1e,0xc8,0x6d,0x01,0x6f,0x7f,0x10,
0xe1,0x91,0x39,0x00,0x54,0x4c,0x1f,0x60,0x0f,0x78,0x03,0x15,0x0a,0xb4,0x09,0xf0,
0x01,0x11,0x22,0x01,0xb0,0x1d,0x09,0xdd,0xce,0x62,0xc0,0x1d,0x00,0x00,0x0b,0x43,
0xc0,0x23,0x5a,0xf0,0x00,0x13,0xc0,0x1d,0x03,0x44,0x6d,0x03,0xc0,0x1d,0x09,0xaa,
0xe6,0x03,0xfc,0xcd,0xab,0x7c,0xf0,0x01,0xc2,0x3d,0x00,0x0a,0x70,0x02,0xc0,0x1d,
0x00,0x4d,0x00,0x02,0xc0,0x1d,0x02,0xe3,0x06,0x00,0x20,0x0d,0x50,0x06,0x00,0x20,
0x03,0x00,0x06,0x00,0x01,0x88,0x05,0x11,0x1e,0x82,0x05,0x17,0x0d,0x50,0x1e,0x00,
0xc6,0x72,0x10,0x2d,0xc6,0x72,0x10,0x2d,0x87,0x01,0x10,0x2d,0x51,0x02,0xf0,0x01,
0x2d,0x46,0x66,0xb8,0x00,0x2d,0x58,0x89,0xf1,0xbb,0xcd,0x00,0x0a,0x80,0x33,0x5d,
0x6a,0x02,0x60,0x2e,0x02,0xe3,0x00,0x00,0x2d,0x29,0x72,0x24,0x2d,0x85,0xc9,0x07,
0x06,0x05,0x00,0x16,0x1b,0x19,0x59,0x70,0xb3,0x0c,0xcc,0xbf,0x70,0x0c,0x30,0xfd,
0x02,0xf0,0x03,0xc3,0x28,0x88,0x9f,0x00,0x0b,0x31,0x55,0x5c,0x96,0xff,0xf3,0x00,
0x05,0xe1,0x00,0x0b,0x30,0xea,0x3f,0x30,0xb3,0x1c,0xc2,0x97,0x7c,0x1f,0x40,0x97,
0x7c,0x17,0xf0,0x14,0x00,0xbc,0xdd,0xd6,0x00,0xb5,0x01,0x11,0x1a,0x70,0x0a,0x50,
0x44,0x44,0xf2,0x00,0xa5,0x19,0xaa,0xea,0x2c,0xce,0x50,0x00,0x5e,0x10,0x22,0xb5,
0x00,0x6e,0x30,0x00,0x0a,0x50,0xac,0x20,0x71,0x12,0x15,0xb1,0x16,0x02,0xb1,0x17,
0x3f,0x22,0x22,0x2d,0xb1,0x17,0x0d,0xa1,0x01,0x40,0x7b,0xbc,0xc5,0x00,0x4c,0x02,
0x22,0x29,0x91,0x12,0xf0,0x0c,0xc3,0x00,0x4c,0x0b,0xed,0xfd,0x0b,0xcd,0xc0,0x00,
0x1e,0x30,0x12,0x6c,0x00,0x2d,0x60,0x00,0x04,0xb0,0x6e,0x50,0x00,0x00,0x4b,0x08,
0x10,0xef,0x7c,0x1f,0x00,0xef,0x7c,0x16,0xe0,0x01,0x40,0x06,0xab,0xbc,0x80,0x04,
0xb0,0x01,0x33,0x26,0xc0,0x03,0xb0,0xda,0x04,0xf0,0x02,0x03,0xb0,0x07,0xaa,0xae,
0x30,0x03,0xc0,0x03,0x55,0xbb,0x0a,0xff,0xc0,0x00,0x03,0xd2,0xf3,0x06,0x70,0x3d,
0x20,0x00,0x03,0xc0,0x08,0xc2,0x8a,0x14,0x41,0x06,0x00,0x00,0x35,0x77,0x02,0x20,
0x98,0x01,0xbc,0x80,0x11,0xf8,0x00,0x02,0x20,0xad,0x80,0x2e,0x32,0x60,0x01,0xc9,
0x00,0x00,0x1d,0x90,0xb1,0x10,0x14,0x13,0xed,0x09,0x51,0x10,0x30,0x01,0x11,0x22,
0x2c,0x7b,0x40,0xcf,0x00,0xf0,0xc2,0x60,0x09,0x11,0xf0,0x32,0x7b,0xf0,0x02,0xf0,
0xc2,0x04,0x44,0xa7,0x00,0xe0,0xc3,0x2a,0xaa,0xf3,0xee,0xf0,0xc3,0x00,0x07,0xb0,
0x0c,0x7d,0x20,0x0e,0x30,0x0e,0x7b,0x70,0x99,0x00,0x00,0xf0,0xc3,0x05,0xe1,0x06,
0x00,0x20,0x1e,0x20,0x20,0x7b,0x1e,0x02,0x2c,0x7b,0x0f,0x13,0x02,0x09,0xe0,0x6a,
0xad,0x46,0x66,0xb8,0x35,0x6d,0x58,0x89,0xf1,0x00,0x2d,0x00,0x0a,0x7e,0x72,0x9f,
0x4d,0x03,0xcc,0xce,0x02,0xe3,0x00,0x22,0x4d,0x13,0x02,0x0b,0x91,0x10,0x57,0x88,
0x83,0x00,0x4b,0x04,0x66,0x5a,0x52,0x7e,0xf4,0x0c,0xb4,0x9e,0xec,0x0b,0xdd,0xde,
0x00,0x04,0xc0,0x01,0x1d,0x50,0x11,0x5c,0x00,0x0b,0x80,0x0d,0xde,0xc0,0x3d,0x80,
0x00,0x00,0x4b,0x0b,0x30,0xe3,0x04,0x1f,0x12,0x63,0x01,0x12,0x11,0x10,0xb5,0x43,
0x03,0x0c,0x66,0x06,0xb0,0x10,0x23,0xaf,0xfe,0x12,0x79,0x25,0x04,0xb0,0xf8,0x24,
0x41,0x04,0x90,0x07,0x80,0xdc,0x7b,0x14,0x32,0x19,0x07,0x80,0x01,0x11,0x7a,0x22,
0x22,0x21,0x09,0xdd,0x01,0x00,0x10,0xc0,0x0d,0x09,0x04,0xa0,0x79,0x00,0xf8,0x6c,
0x11,0xdd,0xae,0x1b,0x11,0x4c,0xfb,0x46,0x13,0x27,0x47,0x0a,0x01,0x97,0x58,0x16,
0xfd,0xc5,0x2b,0x11,0xe9,0xb4,0x3e,0x11,0x0e,0xa3,0x58,0x20,0x1e,0x20,0x12,0x00,
0x18,0xed,0x02,0x65,0x10,0x50,0x42,0x00,0x14,0x21,0xa8,0x00,0x11,0x0a,0xbf,0x14,
0x06,0x7f,0x76,0x24,0x05,0xb0,0x4e,0x77,0x57,0x08,0xcb,0xbb,0xbd,0xa0,0x8b,0x44,
0x12,0x07,0x2f,0x1c,0x14,0x86,0xe5,0x00,0x30,0x8d,0xde,0xee,0x85,0x1c,0x01,0xb8,
0x0f,0x01,0x4e,0x05,0x05,0xa8,0x00,0x11,0x12,0xda,0x63,0x12,0x9c,0x05,0x2d,0x02,
0xb8,0x40,0x00,0xfa,0x05,0x64,0x7d,0xee,0xee,0xdd,0xdd,0xdb,0x3e,0x00,0x36,0xdd,
0xdd,0xc8,0x13,0x2e,0x0c,0x02,0x4d,0x08,0x1f,0x5a,0x14,0x6e,0x0f,0x0a,0x24,0x03,
0xd0,0xb7,0x66,0x00,0xb5,0x12,0x07,0xfd,0x12,0x00,0x02,0x38,0x11,0x9e,0x9d,0x10,
0x0a,0x13,0x10,0x12,0x08,0x51,0x73,0x02,0x6b,0x74,0x00,0xf7,0x49,0x14,0xf0,0x6c,
0x74,0x58,0x08,0xfd,0xdd,0xde,0xd0,0x98,0x21,0x0f,0x68,0x04,0x0a,0x05,0x55,0x02,
0x0f,0x68,0x04,0x12,0xd0,0x03,0x10,0x9a,0xab,0xb6,0x00,0xb5,0x03,0x33,0x3a,0x90,
0x0a,0x60,0x97,0x16,0x40,0xa6,0x1d,0xee,0xed,0x7f,0x00,0x40,0x1d,0x30,0x00,0xa5,
0xb8,0x03,0x91,0x0b,0x50,0x7d,0x40,0x00,0x00,0xb5,0x07,0x00,0x82,0x2f,0x41,0xde,
0xee,0xef,0xf2,0xbb,0x03,0x11,0x40,0x1a,0x4d,0x6e,0x00,0x1f,0xdd,0xdd,0xdc,0x10,
0x10,0x04,0x04,0xc4,0x6d,0x1d,0xe0,0xc4,0x6d,0x04,0x16,0x6d,0x71,0xfe,0xee,0xe7,
0x00,0xff,0xf9,0xf1,0xf0,0x05,0x08,0x06,0x00,0x40,0xe4,0x33,0x46,0x30,0x7b,0x54,
0x28,0x73,0x10,0x5a,0x4a,0x0b,0x66,0x4a,0x02,0x45,0x30,0x90,0xcc,0xcc,0xd4,0x01,
0xf0,0x00,0x1f,0x22,0x21,0x1d,0x0c,0x12,0xf0,0x85,0x62,0x65,0xff,0xee,0x50,0x0f,
0xfe,0x61,0x9f,0x62,0x20,0x31,0x0f,0xb1,0x1c,0x42,0xdc,0x30,0xf0,0x00,0x80,0x6e,
0x01,0x61,0x4b,0x11,0x50,0xff,0x7c,0x15,0xbf,0x21,0x24,0x11,0x7f,0x22,0x31,0x03,
0x3e,0x66,0x21,0x7e,0xdd,0xe5,0x32,0x05,0x09,0x54,0xb5,0x30,0x00,0xac,0xcc,0xd6,
0x02,0xe0,0x00,0xe3,0x22,0x20,0xc2,0x00,0xd1,0xf7,0x66,0x63,0x01,0xf3,0x31,0xf9,
0x99,0x84,0x01,0xfc,0xc6,0xf1,0x12,0x00,0xa5,0xeb,0xbb,0xce,0x71,0xf0,0x00,0x13,
0x33,0x43,0x00,0x23,0x25,0x01,0xe5,0x21,0x02,0x3e,0x62,0x00,0x5b,0x00,0x04,0x06,
0x00,0x26,0x07,0xfe,0x21,0x51,0x02,0x6e,0x52,0xb0,0x44,0x43,0x0b,0x20,0xd1,0xeb,
0xbb,0x80,0xc3,0x0d,0x1e,0x96,0x2d,0x10,0xd1,0x8a,0x6c,0x20,0x0d,0x1e,0xcb,0x05,
0x60,0xd1,0xef,0xfe,0xb0,0xbd,0xcf,0x0b,0x00,0x20,0x41,0xd1,0x8a,0x6c,0x03,0x16,
0x00,0xb0,0xe9,0x9a,0xc3,0xb3,0x0d,0x13,0x55,0x41,0x0b,0x30,0xd1,0xf7,0x05,0x01,
0x69,0x54,0x01,0x0b,0x00,0x27,0x92,0x0c,0x8a,0x6c,0x10,0x06,0xcc,0x61,0x70,0xd2,
0xe7,0x66,0x40,0xc3,0x0d,0x3e,0x58,0x00,0xc0,0xd3,0xe7,0x77,0x60,0xc9,0x7e,0x3e,
0x88,0x75,0x0c,0x97,0xe3,0x63,0x00,0xd2,0x0c,0x3e,0x54,0x57,0x3c,0x30,0xd3,0x7a,
0xa8,0x61,0xc2,0x0d,0x20,0xea,0x65,0x40,0x9b,0xbb,0xbb,0xba,0x2f,0x45,0x26,0x34,
0xf0,0xf4,0x0d,0x07,0x0b,0x00,0x11,0x50,0x0d,0x04,0xc0,0x09,0xcc,0xca,0x0a,0x10,
0xd3,0xe3,0x22,0x10,0xd2,0x0d,0x3e,0xed,0x7b,0xc8,0xc3,0xec,0xcc,0xa0,0xdc,0xcf,
0x3e,0x43,0x21,0x0c,0x52,0xd3,0x58,0x00,0x10,0xa9,0x58,0x00,0x00,0x59,0x3b,0x01,
0x51,0x1e,0x40,0x0e,0x00,0x03,0xc1,0x0b,0x01,0x10,0x3f,0x03,0x7a,0x00,0x9e,0x05,
0x11,0xf0,0x1a,0x49,0x16,0x00,0xf1,0x1c,0x00,0xe5,0x66,0x70,0x3a,0xcc,0xbb,0xa6,
0x00,0x3a,0xc3,0xf8,0x41,0x15,0xd3,0x05,0x00,0x60,0xdf,0xee,0xb0,0xee,0xfa,0xd3,
0x59,0x15,0x06,0x05,0x00,0x8e,0xca,0x89,0x9b,0x80,0x3b,0x26,0x65,0x43,0x01,0x7a,
0x06,0x24,0x10,0xa2,0x66,0x67,0x30,0x03,0xc0,0xe8,0x88,0x73,0x00,0x3d,0x12,0x6d,
0xc0,0xe7,0x66,0x61,0x48,0x9d,0x0f,0x98,0x87,0x12,0x68,0xc0,0xf1,0xe8,0x03,0xa7,
0x0e,0x53,0x45,0x74,0x03,0xc0,0x7b,0xaa,0x97,0x20,0xf1,0x1e,0x1f,0x3b,0x62,0x4b,
0x0d,0xb0,0x10,0xac,0xcc,0xd6,0x00,0xb5,0xe3,0x22,0x20,0x00,0xb5,0x0d,0x02,0x90,
0xb5,0xfe,0xee,0xe3,0x8e,0xf5,0xf1,0x00,0x00,0x86,0x49,0x81,0x02,0x20,0xb5,0xbe,
0xee,0xcb,0x50,0xb4,0xa6,0x02,0x00,0xb6,0x5f,0x10,0x60,0xb6,0x5f,0x12,0xf4,0xe8,
0x12,0x01,0xb6,0x5f,0x13,0xf0,0x14,0x3c,0x12,0xe7,0xb6,0x5f,0x00,0x91,0x1e,0x30,
0xac,0xcc,0xd6,0xe4,0x50,0x10,0x20,0x41,0x00,0x20,0x00,0x13,0x50,0x00,0x30,0x6b,
0xe5,0xf2,0x50,0x00,0x01,0x55,0x00,0x73,0xdc,0xcc,0xdd,0x60,0xa5,0x02,0x21,0xe9,
0x1f,0x1f,0x20,0x91,0x1e,0x10,0xc0,0x02,0x44,0x42,0x00,0xd0,0xb4,0xeb,0xbb,0x70,
0x0f,0x0b,0x3e,0x93,0x24,0x44,0xb3,0xe1,0x00,0x00,0x0b,0x00,0x4e,0xee,0xed,0x1c,
0xff,0x16,0x00,0x82,0xe9,0x89,0xb3,0x0f,0x0b,0x33,0x66,0x42,0x6b,0x11,0x34,0x0e,
0x0b,0x40,0x18,0x84,0x38,0x0a,0x0a,0x40,0x50,0x02,0xa0,0x86,0x01,0xc0,0xd2,0xe7,
0x66,0x30,0x1e,0x0d,0x3e,0x35,0x50,0xd0,0xc3,0xe7,0x77,0x29,0xbe,0x0c,0x3e,0x87,
0x72,0x35,0xe0,0xc3,0xe1,0xdf,0x6c,0x50,0x3e,0x54,0x57,0x31,0xe0,0x50,0x02,0x32,
0x0e,0x0d,0x20,0x85,0x82,0x13,0x8b,0x5a,0x4d,0x0f,0x50,0x02,0x09,0x10,0x00,0x34,
0x5a,0x80,0xd0,0xd1,0xdc,0xcc,0x70,0x0f,0x0d,0x1e,0x8f,0x00,0x00,0xea,0x02,0x61,
0x1f,0x0d,0x1e,0xee,0xd4,0xbe,0x0b,0x00,0x00,0x16,0x00,0xa1,0x01,0x00,0xe0,0xd1,
0xce,0xde,0xd4,0x0e,0x0d,0x10,0xfc,0x61,0x00,0xc7,0x1a,0x10,0x0e,0x9d,0x01,0x28,
0x20,0x60,0xa8,0x01,0x57,0xcf,0xee,0xef,0xfe,0x00,0x62,0x4d,0x81,0xcb,0xc9,0x01,
0xa0,0xd2,0xe4,0x32,0x10,0xb0,0x00,0x90,0x02,0xe0,0xc3,0xee,0xee,0x4b,0xde,0x0c,
0x3e,0xb0,0x62,0x01,0xb0,0x00,0xd0,0x0d,0x3d,0xdd,0xee,0x41,0xe0,0xd3,0x02,0x10,
0x00,0x08,0x09,0x10,0x17,0x04,0x10,0x60,0xc7,0x7e,0x00,0x16,0x04,0x00,0x3e,0x1f,
0x40,0xbf,0xfe,0xee,0xec,0xe5,0x04,0x00,0xeb,0x16,0x44,0xdd,0xdd,0xde,0x40,0xa2,
0x25,0xb4,0x02,0x03,0x09,0xcc,0xc8,0x01,0xd0,0xd3,0xe3,0x22,0x00,0x08,0x01,0x94,
0xeb,0xbb,0x3c,0xee,0x0c,0x3e,0x54,0x30,0x01,0x08,0x01,0x82,0x32,0x46,0x21,0xe0,
0xd3,0x8c,0xba,0x82,0x08,0x01,0x20,0x30,0x30,0x5f,0x38,0x13,0xfd,0x50,0x15,0x10,
0x4c,0xfd,0x00,0x14,0x04,0x00,0x03,0x16,0xed,0xd3,0x22,0x00,0x03,0x87,0x44,0xdc,
0xcc,0xcb,0x70,0xdb,0x5f,0x51,0x09,0x82,0x22,0x23,0x10,0x03,0x07,0x15,0xc6,0xbd,
0x75,0x41,0x97,0x00,0x01,0x34,0xea,0x28,0x26,0xdd,0xb1,0x7a,0x4b,0x15,0x6a,0xa5,
0x0e,0x12,0x0a,0x7a,0x4b,0x00,0x78,0x55,0x14,0xe7,0xbd,0x0e,0x11,0x6b,0x18,0x62,
0x11,0x6e,0x5c,0x3a,0x18,0x5a,0x1a,0x61,0x1f,0x03,0x5c,0x61,0x03,0x1d,0x78,0xf5,
0x18,0x1d,0x6f,0x5c,0x61,0x11,0x6f,0x7d,0x17,0x13,0x79,0x53,0x6b,0x00,0xdf,0x29,
0x21,0x79,0x11,0xbb,0x8a,0x93,0x11,0x12,0x21,0x00,0x00,0x4c,0xcd,0xfc,0xc9,0xef,
0x19,0x10,0x7e,0x4f,0x19,0x14,0xec,0x91,0x01,0x91,0x7a,0xba,0x50,0x00,0x00,0x0d,
0x93,0x24,0xc9,0x7d,0x17,0x14,0x1f,0x06,0x00,0xd1,0x0d,0x94,0x35,0xc8,0x00,0x00,
0x01,0x79,0xa8,0x40,0x00,0x00,0x1c,0x2d,0x6e,0x21,0x04,0xc2,0xf1,0x07,0x03,0x8e,
0x1f,0x48,0xff,0xff,0xfe,0x80,0x9b,0x1f,0x00,0xe2,0x16,0x11,0xef,0x1f,0x62,0x02,
0x67,0x07,0x01,0xac,0x60,0x7f,0x04,0xbc,0xcc,0xcf,0xbb,0xbb,0xa1,0xfe,0x29,0x09,
0x26,0x00,0x30,0x6a,0x01,0x02,0x16,0x63,0x02,0x57,0x18,0x11,0x98,0x22,0x01,0x11,
0x9e,0x22,0x01,0x03,0x12,0x00,0xae,0x11,0x12,0x48,0x10,0x00,0x5d,0xee,0xdd,0xcb,
0x10,0x92,0x5f,0x06,0xff,0x37,0x00,0xdb,0x28,0x01,0x6a,0x01,0x12,0x5b,0x1a,0x2c,
0x61,0xcc,0xcc,0xd7,0x00,0x00,0x5c,0x05,0x08,0x76,0x5c,0x11,0x11,0x22,0x00,0x00,
0x2b,0x13,0x3b,0x03,0x8d,0x18,0x09,0x6b,0x76,0x32,0xff,0xfe,0xef,0x48,0x2f,0x07,
0xbe,0x64,0x02,0xca,0x02,0x11,0x04,0x3c,0x57,0x14,0xe6,0xdc,0x01,0x40,0x7b,0x33,
0x33,0x31,0xb3,0x35,0x27,0xcb,0xb5,0x57,0x6c,0x18,0xfc,0x0e,0x25,0x10,0x21,0x6c,
0x09,0x05,0xad,0x08,0x1e,0x69,0x29,0x80,0x0d,0xc4,0x01,0x11,0x8f,0x60,0x00,0x14,
0x97,0xa2,0x77,0x14,0xe4,0x0c,0x00,0x15,0x7f,0x5a,0x00,0x00,0xf8,0x81,0x32,0xbc,
0xcc,0xd9,0xb7,0x6c,0x00,0xed,0x07,0x74,0x34,0x00,0x00,0xbd,0xdd,0xdc,0xcd,0xf7,
0x3d,0x48,0xce,0xee,0xff,0xea,0x46,0x27,0x16,0x50,0x37,0x4a,0x02,0xcc,0x05,0x10,
0xcb,0xcc,0x05,0x1b,0xd3,0xcc,0x05,0x4c,0xfe,0xe8,0x00,0x3a,0xcc,0x05,0x6f,0x99,
0xab,0x90,0x3b,0x25,0x55,0xcc,0x05,0x08,0x0a,0x24,0x05,0x20,0x00,0xa5,0x3c,0x08,
0x37,0xa5,0xf2,0x10,0x24,0x05,0x16,0x40,0x24,0x05,0x1f,0x10,0x0d,0x25,0x11,0x01,
0xf7,0x60,0xf0,0x03,0xe0,0x00,0x5c,0xdc,0xcc,0xb2,0x0f,0x10,0x00,0x28,0x00,0xc0,
0x00,0xe1,0x00,0x03,0xb0,0x0f,0x35,0x0e,0x52,0x3b,0x00,0xf0,0x00,0xe2,0x0d,0x00,
0x51,0xff,0xb0,0x3b,0x00,0xe0,0x1a,0x00,0x11,0x1e,0x1a,0x00,0x01,0x01,0x08,0x61,
0x6d,0xfd,0xdf,0xd9,0x0e,0x10,0xf7,0x30,0x0f,0x63,0x3a,0x04,0x00,0x9e,0x08,0x00,
0xb0,0x49,0x31,0xcd,0x10,0xf1,0x14,0x01,0x10,0x0f,0x92,0x3c,0x00,0x3e,0x6d,0x20,
0x02,0xd0,0x55,0x00,0x21,0x90,0x2d,0x62,0x00,0x20,0x01,0xd0,0x6f,0x00,0x64,0x03,
0xef,0xee,0xfe,0x80,0xe1,0xd2,0x08,0x21,0x02,0x70,0xb7,0x0f,0x11,0x4b,0x7e,0x18,
0x81,0x04,0xc3,0x22,0x33,0xe1,0x00,0x00,0x4e,0x62,0x62,0x21,0x04,0xb0,0x6f,0x00,
0x10,0x3e,0x31,0x77,0x17,0x00,0xd3,0x17,0xf9,0x07,0x20,0x03,0x33,0x33,0x30,0xd0,
0xc2,0x0b,0xbb,0xba,0x91,0xd0,0xd2,0x00,0x60,0x06,0x01,0xd0,0xc2,0x02,0xc0,0x2c,
0x06,0x00,0x51,0xfe,0xf2,0x02,0xc0,0x3c,0x0c,0x00,0x00,0x06,0x00,0xf1,0x03,0x01,
0xc0,0x3b,0x01,0xd0,0xc2,0x1c,0xfb,0xce,0xc4,0xd0,0xc2,0x02,0x32,0x22,0x11,0xe0,
0xc2,0x58,0x23,0x06,0x06,0x00,0x09,0xbe,0x0c,0xb0,0x00,0x10,0x1c,0xcc,0xcd,0xd5,
0x01,0xe0,0x02,0x32,0x23,0xe6,0x09,0x30,0xe0,0x0d,0x10,0x6e,0x5d,0x30,0x0d,0x19,
0xff,0x06,0x00,0x10,0x10,0x74,0x2e,0x85,0x0e,0x21,0x01,0xe0,0x1e,0xee,0xdd,0xc8,
0x68,0x35,0x1f,0x0b,0x35,0x32,0x1a,0xf0,0x02,0x51,0xcc,0xcc,0xcd,0x50,0x1e,0x02,
0x42,0x25,0x10,0x01,0xe0,0x0e,0x00,0xd1,0x00,0x1f,0x5e,0x00,0x70,0xdd,0xe0,0x0f,
0x00,0xd1,0x01,0x3e,0xe4,0x43,0x80,0x01,0xe1,0xcf,0xcc,0xfd,0xa0,0x1e,0x01,0x7e,
0x05,0x12,0xe0,0x96,0x1d,0x11,0x0c,0xa5,0x5a,0x00,0x00,0x75,0x00,0x90,0x0d,0x11,
0x03,0x14,0x7f,0x11,0x3d,0x49,0x2b,0x06,0x14,0x29,0x00,0x18,0x01,0xf8,0x04,0x34,
0x10,0xd0,0xc2,0x1b,0xbb,0xba,0x50,0xf0,0xc2,0x00,0x60,0x15,0x00,0xf0,0xd2,0x02,
0xc0,0x3c,0x06,0x00,0x74,0xae,0xf0,0xc2,0x02,0xc0,0x3b,0x00,0x06,0x00,0xb0,0x01,
0xc0,0x4b,0x00,0xf0,0xc2,0x3c,0xfb,0xce,0xc2,0xf0,0x18,0x01,0x01,0x06,0x0e,0x01,
0xd9,0x8a,0x05,0xd6,0x0d,0x28,0xa0,0xb2,0x41,0x02,0xf0,0x08,0x28,0x99,0x99,0x50,
0xe0,0xb4,0x16,0x76,0x56,0x20,0xf1,0xb5,0x01,0xd0,0x1c,0x00,0xe1,0xb5,0x01,0xd0,
0x2c,0x8b,0xf1,0x06,0x00,0xf3,0x05,0x23,0xe1,0xb5,0x01,0xe0,0x2c,0x00,0xe1,0xb5,
0x2a,0xf9,0xbe,0xb2,0xe1,0xb4,0x04,0x44,0x43,0x20,0xe1,0x83,0x18,0x00,0x37,0x51,
0x03,0x86,0x5e,0x0f,0x83,0x18,0x0b,0xf1,0x03,0x10,0x08,0x88,0x89,0x95,0x01,0xe0,
0x05,0x66,0x66,0x52,0x01,0xf0,0x00,0xd0,0x0d,0x14,0xde,0x7e,0x01,0x11,0x11,0x06,
0x00,0xf5,0x03,0x12,0xe0,0x00,0xe0,0x0e,0x04,0xdd,0xe0,0x03,0xe3,0x3e,0x54,0x00,
0xe0,0x0a,0xbb,0xaa,0x95,0xde,0x7f,0x20,0x04,0x30,0xe7,0x2e,0x00,0xd4,0x5e,0x13,
0x20,0xda,0x5e,0x02,0xe0,0x5e,0x00,0x68,0x4e,0x18,0xf1,0xd8,0x01,0x90,0x88,0x88,
0x89,0x30,0x1e,0x06,0x86,0x66,0x51,0xcb,0x25,0x31,0xc1,0x4e,0xee,0xd0,0x01,0x00,
0x78,0x01,0xc5,0x15,0x7e,0x00,0xf0,0x0e,0x02,0x78,0xe0,0xcf,0xdd,0xfe,0xa0,0x14,
0x6b,0x00,0x6f,0x58,0x70,0x00,0x6d,0xdc,0xe9,0x00,0x00,0x4d,0x6e,0x4b,0x20,0x0a,
0x70,0x67,0x35,0x10,0x99,0x78,0x01,0x20,0x02,0xe8,0xad,0x33,0x25,0x01,0x8a,0x19,
0x1c,0x00,0xdc,0x46,0x10,0xe3,0x43,0x30,0x21,0x03,0x80,0x9e,0x06,0x11,0x4a,0x9e,
0x06,0x01,0x69,0x68,0x11,0x6a,0x70,0x30,0x21,0xef,0xfe,0x25,0x64,0x0f,0x44,0x5c,
0x01,0x1d,0x16,0x44,0x5c,0x51,0x00,0xef,0xfe,0xee,0xea,0x9f,0x4b,0x11,0xc0,0xe2,
0x3f,0x00,0x6d,0x03,0xb4,0x2a,0xec,0xbb,0xfc,0xa0,0x00,0x00,0x44,0x3d,0x63,0x31,
0x7d,0x14,0x01,0xd7,0x73,0x29,0xe5,0x00,0x2c,0x1d,0x11,0x01,0x46,0x57,0x03,0x01,
0x06,0x1c,0x0d,0xd7,0x73,0x1a,0xe3,0x80,0x51,0x00,0xa8,0x30,0x13,0x30,0xb5,0x00,
0x02,0xae,0x00,0x05,0x06,0x00,0x1a,0xb0,0xb3,0x00,0x40,0x04,0x80,0x03,0x90,0xa6,
0x2c,0x00,0x7b,0x0e,0x10,0x06,0x06,0x00,0x02,0x9a,0x13,0x00,0xcd,0x41,0x00,0xe7,
0x14,0x11,0x13,0xf1,0x17,0x11,0x03,0x4e,0x27,0x00,0xa2,0x02,0x02,0x65,0x07,0x00,
0x29,0x26,0x37,0xef,0xee,0xef,0x3c,0x5d,0x0f,0x60,0x43,0x22,0x01,0x1f,0x00,0x20,
0xff,0xff,0x01,0x21,0x41,0x05,0x40,0x05,0x60,0x3e,0x66,0x11,0x78,0xe4,0x01,0x24,
0x07,0x80,0x0d,0x00,0x50,0x03,0xce,0xec,0xce,0xed,0x8e,0x0e,0x04,0x94,0x91,0x0c,
0x3f,0x50,0x10,0x33,0x01,0x00,0x05,0x3f,0x07,0x10,0xff,0x4d,0x05,0x00,0x21,0x54,
0x01,0x60,0x01,0x18,0x50,0x60,0x01,0x01,0x77,0x06,0x04,0x38,0x2c,0x44,0xed,0xdd,
0xde,0xd6,0xca,0x07,0x42,0xcd,0xdd,0xdd,0xb5,0xa2,0x30,0x1f,0xb0,0xa2,0x30,0x0f,
0x01,0x6e,0x02,0xe0,0x55,0x55,0x55,0x30,0x4b,0x29,0xa9,0x99,0x95,0x04,0xb0,0x07,
0x00,0x70,0x64,0x05,0x40,0x0d,0x20,0x03,0xc0,0xf1,0x03,0x10,0x3c,0xd1,0x02,0x05,
0x0b,0x00,0x10,0x0e,0x0b,0x00,0x00,0x0a,0x56,0xbb,0x08,0xf9,0x9f,0xa9,0x03,0xc0,
0x56,0x55,0x54,0x20,0x3c,0x98,0x8d,0x29,0x02,0xb0,0x9d,0x6c,0x50,0x88,0x83,0x01,
0xe0,0x06,0x26,0x03,0x31,0xe0,0x00,0xd0,0x92,0x04,0x17,0xe0,0x06,0x00,0x00,0xa6,
0x28,0x00,0x26,0x03,0x20,0x55,0x01,0x26,0x03,0x2e,0x97,0x01,0x26,0x03,0x1e,0x50,
0x26,0x03,0x0f,0xfe,0x04,0x0e,0x26,0x10,0x01,0xfe,0x04,0x11,0x11,0xfe,0x04,0x23,
0xda,0x01,0x85,0x89,0x0f,0xfe,0x04,0x1c,0x10,0x31,0xfe,0x04,0x10,0x4b,0xfe,0x04,
0x20,0x04,0xb0,0x02,0x01,0x10,0x4b,0x58,0x00,0x32,0x04,0xb0,0x0f,0x0b,0x00,0x94,
0x0e,0x00,0x04,0xb1,0xdf,0xdd,0xfe,0xc0,0x4b,0x85,0x11,0x03,0x86,0x03,0x10,0xe7,
0x7b,0x33,0x20,0x00,0xc7,0x86,0x03,0x20,0x04,0xb0,0x86,0x03,0x11,0x6b,0x43,0x41,
0x12,0x30,0x33,0x37,0x11,0x10,0x40,0x08,0x35,0x1c,0xed,0xc0,0xbb,0x1b,0x60,0x08,
0xcc,0xcc,0xcc,0x60,0xf0,0xc3,0x07,0x20,0x21,0x0f,0x4a,0x2d,0x70,0x60,0x00,0xf1,
0x00,0x03,0xd2,0x1c,0xec,0x01,0xb0,0x96,0x00,0x4a,0x00,0xef,0xfa,0x0b,0x30,0x02,
0xc0,0x0e,0x04,0x16,0x10,0x3b,0x7f,0x35,0x93,0xa0,0x0a,0x70,0x0e,0x10,0x00,0x0a,
0xdd,0xa0,0x43,0x3c,0x09,0x49,0x15,0x06,0xd0,0x60,0x20,0x53,0x21,0xb1,0x18,0x20,
0x07,0x9a,0xe3,0x29,0xa0,0x47,0x77,0x77,0x60,0x0f,0x00,0x04,0x66,0x66,0x66,0xbe,
0x6f,0x20,0xad,0xd5,0xe1,0x0b,0xe1,0xa7,0x01,0xe1,0x00,0xfa,0xa5,0x0e,0x00,0x0a,
0x40,0x0f,0x55,0x20,0xc3,0x29,0x31,0x31,0x03,0xda,0xd9,0xfb,0x0b,0x11,0x21,0x0c,
0x17,0x11,0x12,0x8b,0x09,0x4f,0x0b,0xdc,0xcc,0xcc,0x99,0x40,0x06,0x00,0x0d,0x05,
0x11,0x31,0x19,0x19,0x50,0x09,0xbc,0x70,0x02,0xe0,0xeb,0x11,0x70,0x20,0x2e,0x00,
0x06,0xaa,0xaa,0xaa,0xc9,0x73,0x20,0x59,0x81,0xda,0x03,0xf0,0x01,0x7a,0x25,0xd0,
0x01,0xe1,0x10,0x0d,0x20,0x0b,0x30,0x1f,0xee,0x60,0xd2,0x00,0xb3,0x4a,0x72,0x20,
0xa2,0x5d,0x46,0x03,0x33,0x07,0xb9,0x20,0x9e,0x3e,0x11,0x1e,0x40,0x01,0x28,0x01,
0xc0,0x37,0x12,0x02,0x64,0x37,0x15,0xfe,0x30,0x0c,0x21,0xca,0x95,0x07,0x00,0x40,
0x34,0x20,0x01,0xe0,0xef,0x11,0x20,0xd2,0x2e,0xa0,0x01,0x00,0x2d,0x02,0xd0,0x03,
0xee,0xf9,0x00,0x1f,0x33,0x10,0xc6,0x01,0xe2,0x01,0xfc,0xc5,0xd0,0x00,0x60,0x1e,
0x00,0x00,0xa7,0x03,0xe1,0xad,0x79,0x23,0x9d,0xb4,0x14,0x3a,0x22,0x01,0x20,0x91,
0x3e,0x05,0xc8,0x03,0x11,0x9f,0x54,0x10,0x22,0x0c,0x60,0xea,0x85,0x35,0xbc,0xcc,
0xcd,0xe3,0x29,0x21,0xa8,0x64,0x95,0x3f,0x40,0x56,0x30,0x02,0xe0,0x92,0x03,0x20,
0xb1,0x2e,0xa9,0x04,0x10,0x22,0x4e,0x00,0xe1,0xbf,0xe6,0x00,0x1e,0x11,0x00,0xa9,
0x13,0xe2,0x01,0xff,0xf6,0x0e,0x10,0x68,0x00,0x30,0xb5,0x00,0xd2,0x1a,0x00,0x24,
0xbd,0xd6,0xc5,0x0a,0x00,0x5d,0x0a,0x01,0xea,0x09,0x40,0x08,0x93,0x22,0x23,0x13,
0x8b,0x02,0x31,0x40,0x12,0x80,0xc9,0x10,0x07,0x34,0x69,0x00,0x68,0x00,0x11,0x02,
0x68,0x00,0x12,0x01,0x68,0x00,0x50,0x1e,0x00,0x01,0x22,0x32,0x68,0x00,0x30,0x02,
0xde,0xf7,0x68,0x00,0x63,0xb7,0x01,0xd2,0x01,0xfe,0xe6,0x68,0x00,0x15,0xa5,0x68,
0x00,0x15,0x0e,0x68,0x00,0x11,0x57,0x9d,0x1a,0x20,0x06,0x90,0x5b,0x00,0x00,0xb2,
0x6a,0x11,0xef,0xdc,0x23,0x00,0x56,0x02,0x16,0x5e,0xda,0x2f,0x34,0x00,0x01,0xa7,
0xd0,0x00,0x02,0x68,0x00,0x22,0xa1,0x1e,0xd0,0x00,0xf0,0x05,0xf0,0x00,0x01,0xbe,
0xd5,0x00,0x1f,0x11,0x00,0xb7,0x02,0xe1,0x01,0xfe,0xe6,0x0d,0x10,0x0b,0x30,0x1e,
0x46,0x18,0x10,0xd1,0x82,0x00,0x42,0xdb,0xd7,0x00,0x1e,0x65,0x00,0x10,0x90,0x51,
0x7b,0x30,0xec,0x80,0x00,0x34,0x5c,0x27,0x19,0xb0,0xe0,0x71,0x11,0x04,0xe0,0x71,
0x2a,0xbc,0xd3,0x00,0x73,0xf2,0x1f,0x02,0xdc,0xa4,0x01,0xc0,0x3b,0x00,0x01,0x20,
0x02,0xd0,0x3b,0x5b,0xbb,0xba,0x82,0xd0,0x3b,0x13,0x33,0x33,0x22,0xd0,0x3b,0x00,
0x8d,0xc2,0x01,0xd0,0x3b,0x06,0xb1,0x5c,0x01,0xd0,0x3b,0x0a,0x40,0x0e,0x11,0xfe,
0xfb,0x0b,0x30,0x0c,0x21,0x0c,0x00,0x00,0x18,0x00,0x10,0x6c,0xe1,0x70,0x29,0x7c,
0xa2,0xed,0x70,0x21,0xe0,0x3c,0x95,0x53,0x18,0x2b,0xc4,0x32,0xf0,0x18,0x00,0x59,
0xa6,0x02,0x90,0x86,0x2b,0xbb,0xbb,0xa4,0xc0,0x87,0x02,0x22,0x22,0x23,0xc0,0x87,
0x00,0x8e,0xe7,0x03,0xd3,0xa7,0x05,0xc2,0x2e,0x23,0xfb,0xd7,0x08,0x70,0x09,0x53,
0xc0,0x87,0x05,0xa0,0x0d,0x18,0x00,0x51,0x8d,0xd6,0x03,0xb0,0x87,0xc0,0x13,0x1f,
0x32,0xbe,0x94,0x12,0x22,0x31,0x00,0x5e,0x1d,0x10,0x70,0x5f,0x97,0xf1,0x01,0x55,
0x55,0x40,0x1e,0x00,0x05,0x88,0x88,0x88,0x11,0xff,0xe5,0x01,0xbc,0xb5,0x00,0xeb,
0x01,0x00,0x1b,0x01,0x00,0x28,0x01,0x60,0x1f,0xfe,0x40,0xb5,0x01,0xe1,0x28,0x01,
0x24,0xce,0xe6,0xf8,0x01,0x0f,0x28,0x01,0x1b,0x61,0x20,0x08,0xdb,0xa4,0x00,0x0e,
0x5b,0x32,0x70,0xe4,0xbb,0xbb,0xaa,0x90,0x0e,0x03,0x98,0x48,0xf0,0x0f,0xe0,0x01,
0xbe,0xb1,0x00,0x0e,0x00,0xd6,0x06,0xc0,0x00,0xe0,0x3c,0x00,0x0d,0x48,0x8e,0x06,
0x90,0x00,0xa5,0x66,0xe0,0x5a,0x00,0x0c,0x30,0x0e,0x01,0xe1,0x14,0x92,0x30,0x05,
0xec,0xe4,0xf4,0x01,0x1b,0x20,0xe8,0x30,0x20,0x78,0x76,0xdb,0x04,0xb1,0x25,0x65,
0x00,0x00,0xf0,0x1b,0xbb,0xbb,0xb5,0x00,0xf0,0x46,0x0d,0x40,0xf0,0x00,0x3a,0xa4,
0x30,0x7c,0xa0,0xd4,0x3d,0x36,0xbb,0xf0,0x06,0x70,0x06,0x81,0x33,0x06,0x00,0x60,
0x80,0x00,0xf0,0x01,0xd2,0x2d,0x4e,0x1f,0x41,0x3b,0xb5,0x00,0x00,0x21,0x88,0x70,
0x12,0x00,0x00,0x0e,0xed,0xdd,0xde,0xa4,0x3c,0x00,0xdf,0x03,0x20,0x0f,0x20,0xc0,
0x20,0x17,0x0c,0x38,0x63,0x20,0x59,0x76,0xdf,0x88,0x40,0x14,0x66,0x00,0x01,0x60,
0x00,0x21,0xb7,0x01,0x60,0x00,0xf0,0x07,0x01,0xf0,0x00,0x5c,0xba,0x10,0x01,0xe0,
0x02,0xd0,0x05,0xa3,0xbb,0xe0,0x04,0xa0,0x02,0xc0,0x34,0xe0,0x02,0xd0,0xf5,0x51,
0x45,0x00,0x6e,0xec,0x20,0x6f,0x0a,0xb1,0x00,0x2a,0xee,0xd8,0x00,0x00,0x01,0xe6,
0x00,0x19,0xa0,0xba,0x49,0x06,0x72,0x5e,0x24,0x43,0x5c,0x72,0x5e,0x20,0x87,0x61,
0x6c,0x02,0xb0,0x37,0x72,0x00,0xb0,0xa4,0x2d,0xdd,0xdd,0xb0,0xe1,0xb5,0xbe,0x49,
0xf1,0x11,0xe1,0xa5,0x01,0xdb,0xe8,0x00,0xe1,0xa5,0x07,0x70,0x0e,0x7e,0xf1,0xa5,
0x09,0x50,0x0d,0x20,0xe1,0xa5,0x05,0xa1,0x4e,0x00,0xe1,0xa5,0x00,0x7c,0xb2,0x00,
0xd1,0xa4,0x14,0x02,0x11,0x60,0x7a,0x63,0x04,0xff,0x8e,0x20,0x05,0xef,0x7b,0x07,
0x03,0xc9,0x3b,0x07,0x61,0x3e,0x11,0x22,0x5e,0x0e,0x25,0x7b,0xcc,0x5f,0x89,0xf0,
0x09,0x1d,0xdd,0xdd,0xd6,0x01,0xf0,0x00,0x3b,0xc8,0x00,0x34,0xf0,0x01,0xd2,0x1b,
0x74,0xbc,0xf0,0x06,0x80,0x04,0xc0,0x01,0xe0,0x06,0x00,0xd3,0x23,0xe0,0x02,0xd0,
0x0a,0x83,0xab,0xe0,0x00,0x6d,0xea,0x00,0x02,0xc4,0x3d,0x00,0xbf,0x2f,0x23,0x01,
0xb0,0x2c,0x71,0x24,0x0b,0x50,0x9e,0x7d,0x15,0xf2,0x4a,0x8d,0x00,0x91,0x40,0xf0,
0x0f,0xbc,0xc1,0x00,0x1e,0x05,0x55,0x55,0x52,0x01,0xe0,0x66,0x66,0x67,0x30,0x1e,
0x00,0x5c,0xd9,0x04,0xee,0xe0,0x2d,0x10,0x88,0x00,0x1e,0x05,0x90,0x02,0xc0,0xf2,
0x73,0x60,0x4a,0x4e,0xee,0x00,0xb9,0x7d,0x89,0x03,0x11,0x45,0x3f,0x4c,0x10,0x28,
0xbe,0x6f,0x70,0x3e,0x73,0x25,0xc8,0x00,0x09,0x90,0x7a,0x01,0x11,0x7c,0xcd,0x3a,
0x43,0x9e,0xbb,0xeb,0x10,0x1d,0x86,0x02,0xaf,0x71,0x50,0xbc,0xdd,0x20,0x00,0x00,
0x54,0x58,0xb0,0x10,0x02,0x88,0x88,0x88,0x88,0x30,0x00,0x00,0x6a,0xa7,0x1b,0x1d,
0x31,0x93,0x37,0xd0,0x74,0x07,0x10,0xa5,0x92,0x0c,0x00,0x06,0x00,0x40,0x0d,0x83,
0x48,0xc0,0x60,0x0e,0x12,0x96,0x08,0x09,0x03,0x93,0x5a,0x00,0xde,0x33,0x16,0xfe,
0x79,0x04,0x21,0x54,0x22,0x7e,0x0e,0x30,0xbb,0x30,0x00,0x50,0x14,0x00,0x07,0x00,
0x20,0x59,0x96,0x5b,0x07,0x31,0xb4,0x38,0xd0,0xd3,0x2c,0x00,0xd9,0x8c,0x30,0x91,
0x14,0xe0,0x75,0x6e,0xf0,0x02,0xe9,0x20,0x00,0x36,0x65,0x59,0xc5,0x56,0x66,0x26,
0x66,0x77,0x66,0x66,0x64,0x00,0x8c,0x31,0x0f,0x00,0x58,0x08,0x20,0x1e,0x10,0x05,
0x90,0x10,0xdf,0xad,0x66,0x01,0x08,0x18,0x01,0x60,0x17,0x12,0x01,0x4f,0x08,0x02,
0x60,0x00,0xe0,0x8a,0xbb,0x20,0x00,0x00,0x9b,0xaa,0xab,0xba,0x20,0x00,0x00,0x59,
0x95,0xc1,0x07,0x30,0xb4,0x39,0xc0,0xac,0x06,0x00,0xa8,0x06,0x30,0x0b,0x81,0x05,
0xf8,0x05,0x33,0x8d,0xe9,0x20,0x90,0x28,0x01,0xa3,0x38,0x12,0xeb,0x63,0x34,0x00,
0x2a,0x35,0x11,0xb1,0xf3,0x1d,0x10,0x7b,0x03,0x00,0x00,0x09,0x00,0x40,0x1b,0xda,
0xac,0xd3,0x13,0x27,0x15,0x31,0xf6,0x29,0xb1,0x07,0xcd,0xd1,0x00,0xd0,0x00,0x14,
0x44,0x44,0x42,0x0e,0x15,0x01,0x60,0x50,0xe1,0x00,0x00,0x3a,0xb7,0x5f,0x00,0xf0,
0x08,0x2e,0x42,0xa8,0x00,0xe1,0x00,0x07,0x80,0x01,0xd0,0x0e,0x32,0x00,0x68,0x00,
0x2d,0x00,0xed,0xd8,0x01,0xe4,0x3b,0x70,0xfd,0x41,0x11,0x9a,0x14,0x23,0x21,0x04,
0x80,0x32,0x07,0xa8,0x5a,0x02,0x42,0xe1,0x00,0x8e,0xee,0xed,0xc9,0x3e,0x3f,0x07,
0x06,0xa1,0x15,0x21,0x25,0x33,0xfb,0x01,0xf0,0x02,0x8a,0xa1,0x00,0xc2,0x00,0x17,
0x77,0x77,0x75,0x0d,0x30,0x01,0x66,0x66,0x66,0x40,0xd3,0x9d,0x10,0x11,0x40,0x61,
0x4a,0xe1,0x2d,0x00,0xdb,0xa5,0x06,0xa0,0x05,0xc0,0x0d,0x63,0x10,0x08,0xde,0xa2,
0xd1,0x35,0xa4,0xc0,0x13,0x1d,0x30,0x07,0xee,0xee,0xdb,0x92,0xc3,0xe5,0x3c,0x12,
0x05,0x0e,0x0a,0x0d,0x03,0x1e,0x05,0x6f,0x23,0x21,0x24,0x22,0x07,0x06,0xf0,0x0d,
0x9b,0xb1,0x00,0xe1,0x00,0x16,0x66,0x66,0x64,0x0d,0x20,0x01,0x77,0x77,0x77,0x50,
0xd2,0x00,0x00,0x8d,0xdc,0x30,0x0d,0x20,0x00,0x6b,0x00,0x3d,0xf0,0x26,0x91,0xa0,
0x03,0xc0,0x0d,0xff,0x70,0x09,0xdd,0xb2,0x68,0x00,0xa1,0xb0,0x01,0x0d,0x30,0x08,
0xcc,0xdf,0xdd,0xb2,0xd3,0x7b,0x6f,0x21,0x0d,0x20,0xd1,0x39,0x18,0x81,0x1e,0x1a,
0x03,0x22,0x31,0x15,0x30,0x34,0x5c,0x30,0xaa,0x10,0x01,0x44,0x01,0x30,0x20,0x00,
0xe0,0x9e,0x29,0xd0,0xda,0x0e,0x10,0x00,0x22,0x34,0x22,0x10,0xe1,0x00,0x02,0xcb,
0xad,0x1e,0x01,0xa0,0x78,0x00,0x1d,0x00,0xec,0xc5,0x02,0xca,0xad,0x60,0xa9,0x00,
0x10,0x4c,0xa9,0x00,0x91,0x6b,0xbc,0xfc,0xdd,0x2e,0x20,0x01,0x33,0x32,0xdd,0x8c,
0x51,0x4c,0xcc,0xcc,0xdd,0x20,0x25,0x07,0xb1,0xd3,0x00,0x00,0x2c,0xcc,0xcd,0xdf,
0x20,0x00,0x05,0xc1,0x2a,0x09,0x51,0x3f,0xcc,0xcd,0xde,0x70,0x38,0x89,0x02,0x68,
0x00,0x10,0x05,0x68,0x00,0x00,0xf2,0x31,0x70,0x2b,0xcc,0xcb,0xb8,0x0e,0x10,0x00,
0x0e,0x5b,0x11,0xe1,0x38,0x01,0x21,0x0e,0x20,0x38,0x01,0x21,0xd3,0x10,0x38,0x01,
0x20,0xdc,0x50,0x38,0x01,0x12,0xd2,0x38,0x01,0x71,0x20,0x0a,0xee,0xef,0xdc,0xa2,
0xd2,0x3d,0x0f,0x10,0x07,0x73,0x29,0x10,0xdc,0xc4,0x47,0x21,0x0f,0x30,0x42,0x2d,
0x11,0xf2,0xbe,0x3c,0x45,0x06,0xec,0xbc,0xd5,0x47,0x05,0x11,0x11,0xe5,0x03,0xf0,
0x1c,0xcd,0xd2,0x00,0x2c,0x04,0x44,0x44,0x42,0x02,0xd1,0x88,0x88,0x88,0x60,0x2d,
0x00,0x29,0xb8,0x00,0x01,0xd0,0x1e,0x52,0x9a,0x00,0x1d,0x05,0xa0,0x00,0xe0,0x01,
0xd0,0x5a,0x00,0x0e,0x00,0x1d,0x01,0xe5,0x39,0x80,0x01,0xd0,0xff,0x01,0x00,0x70,
0x52,0x00,0x5a,0x0a,0x96,0x4b,0x12,0x42,0x1d,0x1e,0xee,0xed,0xb9,0x31,0x4f,0x78,
0x05,0x7d,0x3c,0x12,0x20,0xec,0x1f,0x03,0x74,0x03,0x11,0x43,0x5f,0x02,0x14,0x99,
0x74,0x03,0x11,0x0c,0x74,0x03,0x14,0x4c,0x74,0x03,0x14,0xb5,0x74,0x03,0x40,0x02,
0x79,0x97,0x20,0x07,0x14,0x20,0x05,0x90,0x06,0x00,0x76,0x06,0x90,0x00,0x7f,0xff,
0xfe,0xef,0xaf,0x75,0x24,0xec,0xba,0x07,0x21,0x10,0x01,0x17,0x37,0x22,0x30,0x00,
0x6c,0x88,0x40,0x02,0xad,0xda,0x30,0xdf,0x3c,0x24,0x03,0xd2,0x54,0x00,0x30,0x1e,
0x52,0x26,0x4f,0x22,0x39,0x9b,0xb8,0x20,0x99,0x12,0x09,0x2e,0x95,0x04,0x06,0x00,
0x1b,0xa0,0x79,0x0c,0xf0,0x05,0x0c,0xdd,0x50,0x00,0x20,0x04,0x55,0x55,0x44,0x01,
0xe0,0x07,0x88,0x88,0x88,0x01,0xe0,0x00,0x3a,0xcb,0x69,0x28,0x35,0xf3,0x02,0xd1,
0x06,0x00,0x10,0x4b,0x12,0x00,0xc1,0x03,0x33,0x34,0x57,0x41,0xe0,0x3b,0xbc,0xea,
0x86,0x21,0xe0,0x47,0x00,0x10,0xb0,0x13,0x08,0x80,0x24,0x40,0x00,0x09,0xdd,0xcc,
0xcc,0xe0,0xaf,0x29,0xe7,0x67,0xe0,0x00,0x0b,0x86,0x65,0x55,0x30,0x00,0x0a,0xed,
0xdd,0xde,0xe2,0xff,0x3a,0x0f,0xcc,0x00,0x2a,0x03,0x60,0x5e,0x20,0x06,0xa0,0x95,
0x04,0x18,0x05,0x06,0x00,0x35,0x90,0x05,0x90,0x70,0x0e,0x10,0x32,0x5e,0x00,0xf1,
0x0b,0x9b,0xb4,0x00,0x1d,0x06,0x66,0x66,0x66,0x01,0xe0,0x67,0x77,0x77,0x70,0x1e,
0x00,0x5c,0xdd,0x60,0x01,0xe0,0x1e,0x10,0x0d,0x10,0x1e,0x28,0x3c,0x60,0xe0,0x07,
0xcb,0xc6,0x00,0x1e,0x4c,0x12,0x63,0x11,0xe2,0xde,0xee,0xed,0xb4,0x9b,0x46,0x10,
0x01,0xb6,0x2e,0x03,0x82,0x27,0x13,0xf0,0xb1,0x39,0x22,0xef,0xc0,0xd6,0x01,0x20,
0x0a,0xdb,0x5a,0x38,0x00,0x72,0x07,0x14,0xe3,0x72,0x07,0x10,0x33,0x72,0x07,0x00,
0x0e,0x24,0xf0,0x02,0xd5,0x07,0xa0,0x00,0xe0,0x3b,0x00,0x0e,0x00,0x0e,0x06,0x80,
0x00,0xd1,0x00,0xe0,0x59,0x0b,0x00,0x40,0x01,0xd1,0x04,0xc0,0x72,0x07,0x15,0xd2,
0x23,0x40,0xa0,0x00,0x00,0x00,0x0e,0x00,0x00,0x00,0x00,0x00,0xb0,
};

static const etxFontCmap cmaps[] __FLASH = {
{ .range_start = 44032, .range_length = 11145, .glyph_id_start = 1, .list_length = 447, .type = 3, .unicode_list = 3584, .glyph_id_ofs_list = 0 },
};

const etxLz4Font lv_font_ko_XS __FLASH = {
.uncomp_size = 45563,
.comp_size = 29005,
.line_height = 17,
.base_line = 3,
.subpx = 0,
.underline_position = -1,
.underline_thickness = 1,
.kern_scale = 0,
.cmap_num = 1,
.bpp = 4,
.kern_classes = 0,
.bitmap_format = 0,
.left_class_cnt = 0,
.right_class_cnt = 0,
.glyph_bitmap = 4478,
.class_pair_values = 0,
.left_class_mapping = 0,
.right_class_mapping = 0,
.cmaps = cmaps,
.compressed = lz4FontData,
.lvglFontBufSize = 45707,
};
