#include "definitions.h"
#include "lz4_fonts.h"

static const uint8_t lz4FontData[] __FLASH = {
0x16,0x00,0x01,0x00,0x12,0x05,0x07,0x00,0xf3,0x78,0x70,0x05,0x04,0x0f,0x01,0x00,
0x1e,0x00,0x70,0x06,0x06,0x06,0x00,0x09,0x30,0x00,0xf0,0x0b,0x0c,0x0f,0x00,0x00,
0x8a,0x00,0x80,0x0b,0x0b,0x13,0x00,0xfe,0xf3,0x00,0xc0,0x0e,0x0e,0x0f,0x00,0x00,
0x5c,0x01,0x20,0x0d,0x0d,0x0f,0x00,0x00,0xbe,0x01,0x40,0x03,0x03,0x06,0x00,0x09,
0xc7,0x01,0x00,0x07,0x06,0x16,0x01,0xfb,0x09,0x02,0x10,0x07,0x06,0x16,0x00,0xfb,
0x4b,0x02,0x10,0x09,0x09,0x09,0x00,0x06,0x74,0x02,0xf0,0x0a,0x0b,0x0b,0x00,0x01,
0xb1,0x02,0xe0,0x04,0x04,0x07,0x00,0xfb,0xbf,0x02,0xc0,0x07,0x06,0x03,0x01,0x05,
0xc8,0x02,0xd0,0x05,0x04,0x04,0x01,0x00,0xd0,0x02,0x80,0x07,0x09,0x10,0xff,0xff,
0x18,0x03,0x80,0x0b,0x0b,0x0f,0x00,0x00,0x6b,0x03,0x80,0x0b,0x07,0x0f,0x01,0x00,
0xa0,0x10,0x00,0x13,0xf3,0x08,0x00,0x22,0x46,0x04,0x08,0x00,0x93,0x99,0x04,0x80,
0x0b,0x0a,0x0f,0x01,0x00,0xe4,0x10,0x00,0x22,0x37,0x05,0x08,0x00,0x13,0x8a,0x08,
0x00,0x13,0xdd,0x08,0x00,0xf0,0x2d,0x30,0x06,0xa0,0x05,0x04,0x0b,0x01,0x00,0x46,
0x06,0x40,0x05,0x05,0x0f,0x00,0xfc,0x6c,0x06,0x30,0x0a,0x09,0x0a,0x00,0x01,0x99,
0x06,0x70,0x0b,0x0a,0x07,0x01,0x03,0xbc,0x06,0x50,0x0a,0x09,0x0a,0x01,0x01,0xe9,
0x06,0xf0,0x09,0x0a,0x0f,0x00,0x00,0x34,0x07,0xe0,0x11,0x12,0x13,0x00,0xfc,0xdf,
0x07,0x70,0x0d,0xe0,0x00,0xb1,0x48,0x08,0xc0,0x0c,0x0b,0x0f,0x01,0x00,0x9b,0x08,
0x10,0xe8,0x00,0xb1,0xfd,0x08,0x00,0x0d,0x0c,0x0f,0x01,0x00,0x57,0x09,0x40,0x80,
0x00,0x40,0xa2,0x09,0xf0,0x0a,0x08,0x00,0x31,0xed,0x09,0xa0,0x20,0x00,0x40,0x4f,
0x0a,0x20,0x0e,0x20,0x00,0x31,0xa9,0x0a,0xd0,0x40,0x01,0x40,0xc7,0x0a,0x30,0x0b,
0x58,0x00,0x40,0x12,0x0b,0xb0,0x0c,0x18,0x00,0x31,0x6c,0x0b,0xd0,0x30,0x00,0xa2,
0xb7,0x0b,0x80,0x11,0x10,0x0f,0x01,0x00,0x2f,0x0c,0x30,0x00,0x31,0x89,0x0c,0xd0,
0x40,0x00,0x31,0xeb,0x0c,0xe0,0x28,0x00,0xb1,0x45,0x0d,0xd0,0x0d,0x0d,0x12,0x00,
0xfd,0xba,0x0d,0xc0,0x10,0x00,0x40,0x14,0x0e,0x50,0x0c,0x80,0x01,0x31,0x6e,0x0e,
0x60,0x08,0x00,0x31,0xc8,0x0e,0x30,0x88,0x00,0x31,0x22,0x0f,0x10,0xa8,0x00,0x50,
0x8b,0x0f,0x80,0x11,0x12,0x68,0x00,0x30,0x10,0xb0,0x0c,0x48,0x00,0x31,0x74,0x10,
0x60,0x08,0x00,0x31,0xd6,0x10,0x20,0x30,0x00,0xf1,0x02,0x30,0x11,0x90,0x05,0x05,
0x15,0x01,0xfd,0x65,0x11,0x70,0x08,0x09,0x10,0x00,0xff,0xad,0x10,0x00,0xf0,0x0e,
0x00,0xfd,0xe2,0x11,0xc0,0x08,0x09,0x08,0x00,0x07,0x06,0x12,0xf0,0x08,0x09,0x03,
0x00,0xfe,0x14,0x12,0xa0,0x06,0x06,0x04,0x00,0x0c,0x20,0x12,0xc0,0xb0,0x01,0x32,
0x00,0x5d,0x12,0xe8,0x00,0xb1,0xa8,0x12,0x70,0x0a,0x0a,0x0b,0x00,0x00,0xdf,0x12,
0x40,0x58,0x01,0x31,0x32,0x13,0xd0,0x20,0x00,0xb0,0x6f,0x13,0x30,0x07,0x08,0x0f,
0x00,0x00,0xab,0x13,0x70,0x18,0x00,0x41,0xfc,0xfe,0x13,0x30,0x30,0x00,0x31,0x49,
0x14,0x50,0x00,0x01,0xb1,0x67,0x14,0x30,0x05,0x06,0x13,0xff,0xfc,0xa0,0x14,0xb0,
0xf8,0x00,0x13,0xeb,0x18,0x00,0xf0,0x05,0x09,0x15,0x50,0x11,0x10,0x0b,0x01,0x00,
0x61,0x15,0x30,0x0b,0x0a,0x0b,0x01,0x00,0x98,0x15,0x50,0x0b,0x50,0x00,0x21,0xd5,
0x15,0x70,0x00,0x41,0xfc,0x20,0x16,0x50,0x50,0x00,0xb1,0x73,0x16,0x50,0x07,0x07,
0x0c,0x01,0x00,0x9d,0x16,0x50,0x80,0x00,0xa2,0xd4,0x16,0xc0,0x06,0x07,0x0e,0x00,
0x00,0x05,0x17,0x38,0x00,0x31,0x3c,0x17,0x20,0x18,0x00,0xb1,0x73,0x17,0xb0,0x0e,
0x0f,0x0b,0x00,0x00,0xc6,0x17,0x30,0x98,0x00,0x40,0x03,0x18,0x10,0x0a,0x40,0x00,
0x31,0x56,0x18,0x30,0x20,0x00,0xf3,0x02,0x8d,0x18,0xa0,0x06,0x07,0x14,0x00,0xfc,
0xd3,0x18,0x10,0x05,0x03,0x12,0x01,0xfd,0xee,0x10,0x00,0xf3,0x02,0x34,0x19,0x00,
0x0d,0x0b,0x05,0x01,0x04,0x50,0x19,0x00,0x14,0x12,0x10,0x01,0x00,0xe0,0x08,0x00,
0x90,0x70,0x1a,0x00,0x14,0x10,0x11,0x02,0x00,0xf8,0x08,0x00,0x52,0x12,0x02,0xff,
0x88,0x1b,0x18,0x00,0x22,0x18,0x1c,0x10,0x00,0xf2,0x03,0xa8,0x1c,0x00,0x14,0x12,
0x11,0x01,0xff,0x41,0x1d,0x00,0x14,0x12,0x12,0x01,0xff,0xe3,0x1d,0x18,0x00,0xa2,
0x73,0x1e,0x00,0x14,0x0e,0x12,0x03,0xff,0xf1,0x1e,0x10,0x00,0x22,0x81,0x1f,0x10,
0x00,0x22,0xff,0x1f,0x28,0x00,0x22,0xa1,0x20,0x08,0x00,0x22,0x43,0x21,0x60,0x00,
0xa2,0xcb,0x21,0x00,0x14,0x11,0x12,0x01,0xff,0x64,0x22,0x28,0x00,0x22,0xe2,0x22,
0x20,0x00,0x22,0x84,0x23,0x08,0x00,0xf3,0x02,0x26,0x24,0xc0,0x07,0x06,0x07,0x01,
0x09,0x3b,0x24,0x70,0x0d,0x0e,0x13,0x00,0x00,0xc0,0x08,0x00,0x22,0x45,0x25,0x08,
0x00,0x10,0xca,0x08,0x00,0x52,0x12,0x00,0x00,0x48,0x26,0x08,0x00,0x22,0xc6,0x26,
0x18,0x00,0xf3,0x0a,0x4b,0x27,0xd0,0x12,0x13,0x0f,0x00,0x00,0xda,0x27,0x10,0x0d,
0x0d,0x13,0x00,0xfc,0x56,0x28,0x40,0x0b,0x0a,0x13,0x01,0x00,0xb5,0x08,0x00,0x22,
0x14,0x29,0x08,0x00,0x10,0x73,0x08,0x00,0x60,0x12,0x01,0x00,0xcd,0x29,0xd0,0xa8,
0x01,0x30,0x00,0x06,0x2a,0x08,0x00,0xb0,0x01,0x00,0x3f,0x2a,0xd0,0x05,0x08,0x13,
0xff,0x00,0x8b,0x08,0x00,0xf0,0x07,0x12,0xff,0x00,0xd3,0x2a,0x50,0x0d,0x0e,0x0f,
0xff,0x00,0x3c,0x2b,0x20,0x0e,0x0c,0x12,0x01,0x00,0xa8,0x2b,0xd0,0x58,0x00,0x32,
0x00,0x24,0x2c,0x08,0x00,0x13,0xa0,0x08,0x00,0x22,0x1c,0x2d,0x08,0x00,0x21,0x98,
0x2d,0xc0,0x02,0xf2,0x0c,0x00,0x0d,0x2e,0xa0,0x0a,0x0a,0x0a,0x00,0x02,0x3f,0x2e,
0xc0,0x0d,0x0e,0x10,0x00,0xff,0xaf,0x2e,0x30,0x0d,0x0c,0x13,0x01,0x00,0x21,0x2f,
0x08,0x00,0x13,0x93,0x08,0x00,0x40,0x05,0x30,0x30,0x0d,0x58,0x00,0x40,0x71,0x30,
0x60,0x0c,0x40,0x00,0x31,0xed,0x30,0x30,0x78,0x03,0x31,0x40,0x31,0xa0,0x08,0x00,
0x40,0x93,0x31,0xc0,0x0a,0x78,0x02,0x13,0xe6,0x08,0x00,0x22,0x39,0x32,0x08,0x00,
0x13,0x8c,0x08,0x00,0x13,0xdf,0x08,0x00,0xf1,0x0c,0x32,0x33,0xc0,0x0a,0x0b,0x10,
0x00,0x00,0x8a,0x33,0xe0,0x10,0x11,0x0b,0x00,0x00,0xe8,0x33,0x70,0x0a,0x0a,0x0f,
0x00,0xfc,0x33,0x34,0xd0,0x20,0x00,0x13,0x86,0x08,0x00,0x13,0xd9,0x08,0x00,0x22,
0x2c,0x35,0x08,0x00,0x91,0x7f,0x35,0x80,0x05,0x06,0x0f,0xff,0x00,0xac,0x08,0x00,
0xc2,0x01,0x00,0xd9,0x35,0x80,0x05,0x08,0x0f,0xff,0x00,0x15,0x36,0x08,0x00,0xa2,
0x51,0x36,0x80,0x0b,0x0b,0x11,0x00,0x00,0xaf,0x36,0xe0,0x02,0x31,0xfa,0x36,0x50,
0x08,0x03,0x22,0x4d,0x37,0x08,0x00,0x13,0xa0,0x08,0x00,0x13,0xf3,0x08,0x00,0x32,
0x46,0x38,0x50,0xa8,0x04,0x80,0x38,0x70,0x0b,0x0b,0x0c,0x00,0x01,0xdb,0x10,0x00,
0x52,0x0e,0x00,0xff,0x28,0x39,0x40,0x00,0x13,0x73,0x08,0x00,0x13,0xbe,0x08,0x00,
0x22,0x09,0x3a,0x08,0x00,0xb0,0x54,0x3a,0x10,0x0a,0x0b,0x13,0x00,0xfc,0xbd,0x3a,
0x60,0xa0,0x01,0x32,0xfc,0x1c,0x3b,0x10,0x00,0x22,0x85,0x3b,0xe0,0x01,0x22,0x03,
0x3c,0xe8,0x00,0x22,0x56,0x3c,0xe8,0x01,0x13,0xdb,0x10,0x00,0x21,0x2e,0x3d,0x10,
0x00,0x41,0xfc,0xb3,0x3d,0xc0,0xf8,0x02,0x31,0x06,0x3e,0x10,0x88,0x01,0x21,0x82,
0x3e,0x00,0x01,0x23,0x00,0xcd,0x10,0x00,0x22,0x49,0x3f,0x10,0x00,0x22,0x94,0x3f,
0x10,0x00,0x22,0x10,0x40,0x10,0x00,0x22,0x5b,0x40,0x10,0x00,0x13,0xd7,0x10,0x00,
0x31,0x22,0x41,0x00,0x98,0x01,0x50,0x94,0x41,0xc0,0x0c,0x0e,0xf8,0x04,0x12,0x41,
0x00,0x02,0x31,0x66,0x42,0xa0,0x50,0x04,0x22,0xc0,0x42,0x38,0x02,0x22,0x1a,0x43,
0x40,0x01,0x22,0x6d,0x43,0x50,0x02,0x13,0xcc,0x10,0x00,0x22,0x1f,0x44,0x10,0x00,
0x22,0x7e,0x44,0x10,0x00,0x12,0xd1,0x10,0x00,0x41,0xfc,0x30,0x45,0xd0,0xa0,0x00,
0x22,0x83,0x45,0x20,0x00,0x22,0xe2,0x45,0x20,0x00,0x31,0x35,0x46,0xa0,0x80,0x00,
0x40,0xb1,0x46,0x70,0x0b,0xf0,0x00,0x22,0x1a,0x47,0x10,0x00,0x22,0x96,0x47,0x10,
0x00,0x13,0xff,0x10,0x00,0x22,0x7b,0x48,0x10,0x00,0xf0,0x05,0xe4,0x48,0xa0,0x0d,
0x0d,0x14,0x00,0xfb,0x66,0x49,0x70,0x0b,0x0b,0x16,0x00,0xfc,0xdf,0x49,0x20,0x0e,
0xb0,0x00,0x31,0x51,0x4a,0x30,0x58,0x00,0xf2,0x03,0xb0,0x4a,0x60,0x0e,0x0f,0x0f,
0x00,0x00,0x21,0x4b,0x80,0x0b,0x0c,0x0f,0xff,0x00,0x7b,0x4b,0xc8,0x02,0x22,0xc3,
0x4b,0xd0,0x01,0x13,0xff,0x10,0x00,0x22,0x47,0x4c,0x10,0x00,0x22,0x83,0x4c,0xf0,
0x02,0x13,0xcf,0x10,0x00,0xb1,0x0b,0x4d,0xd0,0x05,0x05,0x13,0x00,0xfc,0x3b,0x4d,
0x50,0x08,0x00,0xb1,0x6b,0x4d,0xd0,0x05,0x04,0x13,0x01,0x00,0x91,0x4d,0x80,0x50,
0x06,0xf0,0x05,0xa7,0x4d,0x00,0x11,0x0f,0x0f,0x01,0x00,0x18,0x4e,0x80,0x0a,0x09,
0x13,0x01,0xfc,0x6e,0x4e,0x30,0x0b,0xa0,0x00,0xf0,0x15,0xea,0x4e,0xa0,0x05,0x09,
0x13,0xfe,0xfc,0x40,0x4f,0xb0,0x0c,0x0c,0x14,0x01,0xfb,0xb8,0x4f,0xb0,0x0a,0x0a,
0x14,0x01,0xfb,0x1c,0x50,0xd0,0x0b,0x0b,0x0b,0x01,0x00,0x59,0x50,0xd0,0x0a,0xa0,
0x00,0x90,0xb8,0x50,0x50,0x05,0x06,0x14,0x01,0x00,0xf4,0x10,0x00,0x60,0x15,0x01,
0xfa,0x5d,0x51,0x50,0x90,0x05,0x32,0xfa,0x92,0x51,0x20,0x06,0x40,0xdd,0x51,0xc0,
0x06,0x00,0x07,0x22,0x12,0x52,0x10,0x00,0x40,0x5d,0x52,0x70,0x07,0x10,0x00,0x31,
0x92,0x52,0x20,0x58,0x02,0x50,0xe5,0x52,0x20,0x06,0x06,0xf0,0x05,0x12,0x53,0xf8,
0x00,0x22,0x84,0x53,0x40,0x02,0x10,0xcf,0x10,0x00,0xd2,0x15,0x01,0xfa,0x4d,0x54,
0x30,0x0b,0x0a,0x11,0x01,0xfa,0xa2,0x54,0x20,0x00,0x22,0x14,0x55,0x20,0x00,0xb0,
0x5f,0x55,0x30,0x0b,0x0d,0x0f,0xfe,0x00,0xc1,0x55,0x10,0x18,0x00,0x41,0xfc,0x33,
0x56,0x50,0x70,0x05,0x22,0x7e,0x56,0xb0,0x03,0x23,0xf3,0x56,0xc0,0x02,0x12,0x57,
0xc8,0x03,0x22,0xc2,0x57,0x10,0x00,0x22,0x15,0x58,0x10,0x00,0x22,0x91,0x58,0x10,
0x00,0x40,0xe4,0x58,0x60,0x13,0x60,0x04,0xc0,0x73,0x59,0x10,0x12,0x12,0x0b,0x00,
0x00,0xd6,0x59,0xc0,0x0c,0x68,0x00,0x31,0x48,0x5a,0x50,0xa8,0x00,0x40,0x7d,0x5a,
0xc0,0x0c,0x88,0x00,0xa2,0xfb,0x5a,0x50,0x07,0x08,0x12,0x00,0xfa,0x43,0x5b,0x20,
0x00,0x31,0xb5,0x5b,0x50,0x30,0x06,0xb1,0xf1,0x5b,0x50,0x0c,0x0c,0x13,0x00,0x00,
0x63,0x5c,0x50,0x70,0x02,0x22,0xae,0x5c,0x10,0x00,0x22,0x20,0x5d,0x10,0x00,0x21,
0x6b,0x5d,0x10,0x00,0x22,0xfc,0xdd,0x10,0x00,0x32,0xfc,0x28,0x5e,0x20,0x00,0x22,
0x9a,0x5e,0x20,0x00,0x31,0xe5,0x5e,0x60,0x20,0x00,0xb1,0x57,0x5f,0xc0,0x06,0x07,
0x12,0x00,0xfc,0x96,0x5f,0x60,0x20,0x00,0xa2,0x08,0x60,0x20,0x07,0x09,0x11,0x00,
0x00,0x55,0x60,0x28,0x07,0xa2,0xaf,0x60,0xc0,0x06,0x08,0x0e,0xff,0x00,0xe7,0x60,
0x68,0x04,0x22,0x59,0x61,0x08,0x01,0x22,0xa4,0x61,0x70,0x04,0x22,0x10,0x62,0x10,
0x00,0x22,0x5b,0x62,0x20,0x00,0x13,0xcd,0x10,0x00,0xd0,0x18,0x63,0x30,0x0d,0x0c,
0x14,0x01,0x00,0x90,0x63,0x30,0x0b,0x0a,0x18,0x06,0x12,0x63,0x20,0x00,0x22,0x52,
0x64,0x20,0x00,0x21,0x9d,0x64,0x40,0x00,0x41,0xfd,0x09,0x65,0x30,0x40,0x01,0x30,
0x54,0x65,0x80,0x38,0x08,0x41,0x00,0xff,0x65,0xb0,0x78,0x02,0x22,0x70,0x66,0xc8,
0x04,0x22,0xec,0x66,0xc0,0x03,0x40,0x55,0x67,0x60,0x0c,0x60,0x01,0x31,0xca,0x67,
0x20,0xa8,0x00,0x31,0x3c,0x68,0x30,0xc8,0x00,0x50,0x87,0x68,0x20,0x0c,0x0c,0x78,
0x01,0x03,0x10,0x00,0x22,0x3e,0x69,0x20,0x00,0x22,0xb0,0x69,0x10,0x00,0x31,0xfb,
0x69,0x30,0x90,0x04,0xf0,0x12,0x28,0x6a,0x30,0x07,0x05,0x05,0x01,0x05,0x35,0x6a,
0x50,0x0a,0x09,0x0c,0x01,0x00,0x6b,0x6a,0x00,0x14,0x14,0x15,0x00,0xfd,0x3d,0x6b,
0x00,0x14,0x14,0x0f,0x00,0x00,0xd3,0x08,0x00,0x52,0x13,0x00,0xfe,0x91,0x6c,0x10,
0x00,0x31,0x27,0x6d,0xc0,0x18,0x08,0x22,0x90,0x6d,0x28,0x00,0x22,0x62,0x6e,0x08,
0x00,0xa2,0x34,0x6f,0x80,0x16,0x17,0x13,0x00,0xfe,0x0f,0x70,0x10,0x00,0xa2,0xe1,
0x70,0x80,0x16,0x17,0x0f,0x00,0x00,0x8e,0x71,0x10,0x00,0xf2,0x03,0x60,0x72,0x00,
0x0a,0x0a,0x10,0x00,0x00,0xb0,0x72,0x00,0x0f,0x0f,0x10,0x00,0xff,0x28,0x73,0x30,
0x00,0x22,0x03,0x74,0x58,0x00,0xf1,0x0b,0x99,0x74,0xc0,0x0d,0x0e,0x15,0x00,0xfd,
0x2c,0x75,0x80,0x11,0x0d,0x13,0x02,0xfe,0xa8,0x75,0x80,0x11,0x12,0x15,0x00,0xfd,
0x65,0x76,0x00,0x01,0x32,0xfe,0x10,0x77,0x08,0x00,0x22,0xbb,0x77,0x20,0x00,0xf2,
0x03,0x37,0x78,0x80,0x11,0x13,0x13,0xff,0xfe,0xec,0x78,0x80,0x0c,0x0b,0x13,0x01,
0xfe,0x55,0x79,0x08,0x00,0x22,0xbe,0x79,0x28,0x00,0xa2,0x69,0x7a,0x80,0x11,0x12,
0x05,0x00,0x05,0x96,0x7a,0x88,0x00,0xf2,0x03,0x43,0x7b,0x00,0x19,0x1a,0x15,0xff,
0xfd,0x54,0x7c,0x80,0x16,0x18,0x15,0xff,0xfd,0x50,0x7d,0xd8,0x00,0x93,0x0e,0x7e,
0x80,0x11,0x12,0x0b,0x00,0x02,0x71,0x08,0x00,0xa2,0xd4,0x7e,0x00,0x19,0x1a,0x10,
0x00,0xff,0xa4,0x7f,0x98,0x00,0x22,0x3a,0x80,0xc0,0x00,0xa2,0x0c,0x81,0x00,0x14,
0x15,0x15,0xff,0xfd,0xe9,0x81,0x60,0x00,0x22,0x94,0x82,0xa0,0x00,0x22,0x51,0x83,
0x10,0x00,0x10,0xfc,0x08,0x00,0x52,0x11,0x00,0xff,0x95,0x84,0x38,0x00,0xa2,0x2b,
0x85,0x80,0x0c,0x0e,0x15,0xff,0xfd,0xbe,0x85,0x28,0x00,0x22,0x7b,0x86,0x08,0x00,
0x22,0x38,0x87,0x90,0x00,0xf3,0x12,0xe5,0x87,0x00,0x14,0x16,0x15,0xff,0xfd,0xcc,
0x88,0x00,0x0f,0x0f,0x15,0x00,0xfd,0x6a,0x89,0x00,0x19,0x19,0x13,0x00,0xfe,0x58,
0x8a,0x00,0x19,0x19,0x0d,0x00,0x01,0xfb,0x08,0x00,0x22,0x9e,0x8b,0x08,0x00,0x22,
0x41,0x8c,0x08,0x00,0x13,0xe4,0x08,0x00,0xf2,0x03,0x87,0x8d,0x00,0x19,0x1a,0x11,
0x00,0xff,0x64,0x8e,0x80,0x11,0x10,0x15,0x01,0xfd,0x0c,0x8f,0x60,0x00,0x22,0xc9,
0x8f,0xa8,0x00,0xa2,0xa6,0x90,0x00,0x19,0x19,0x0f,0x00,0x00,0x62,0x91,0x60,0x00,
0xf0,0xe2,0x00,0x92,0x20,0x14,0x15,0x0d,0x00,0x01,0x00,0x00,0x43,0x02,0xdf,0xcf,
0xe6,0xcf,0xe9,0xcf,0xea,0xcf,0xeb,0xcf,0xef,0xcf,0xf1,0xcf,0xf3,0xcf,0xf7,0xcf,
0xfa,0xcf,0xff,0xcf,0x04,0xd0,0x05,0xd0,0x06,0xd0,0x1c,0xd0,0x21,0xd0,0x26,0xd0,
0x29,0xd0,0x2a,0xd0,0x2b,0xd0,0x2f,0xd0,0x30,0xd0,0x31,0xd0,0x32,0xd0,0x45,0xd0,
0x46,0xd0,0x4c,0xd0,0x4e,0xd0,0x4f,0xd0,0x52,0xd0,0x55,0xd0,0x56,0xd0,0x57,0xd0,
0x59,0xd0,0x71,0xd0,0x73,0xd0,0xa2,0xd0,0xa3,0xd0,0xa5,0xd0,0xa7,0xd0,0xbe,0xd0,
0xc5,0xd0,0xc8,0xd0,0xd1,0xd0,0xfa,0xd0,0x02,0xd1,0x39,0xd1,0xc9,0xd1,0x1e,0xd2,
0x1f,0xd2,0x20,0xd2,0x21,0xd2,0x22,0xd2,0x65,0xd2,0x71,0xd2,0xcb,0xd2,0xe2,0xd2,
0x38,0xd5,0xa0,0xd7,0x80,0xd8,0xbf,0xf4,0xaf,0xf3,0xaf,0xf3,0x9f,0xf2,0x9f,0xf2,
0x8f,0xf1,0x8f,0xf1,0x7f,0xf0,0x7f,0xf0,0x6f,0xf0,0x01,0x10,0x00,0x00,0x6f,0xd1,
0xbf,0xf4,0x5f,0xc1,0x6f,0x93,0xfc,0x6f,0x93,0xfb,0x6f,0x73,0xfa,0x6f,0x63,0xf9,
0x6f,0x43,0xf7,0x27,0x11,0x73,0x00,0x00,0x7f,0x50,0xcf,0x00,0x00,0x00,0xaf,0x20,
0xfd,0x00,0x00,0x00,0xdf,0x02,0xfa,0x00,0x00,0x00,0xfc,0x05,0xf7,0x00,0x0a,0xff,
0xff,0xff,0xff,0xf8,0x07,0xbd,0xfd,0xbe,0xfb,0xb6,0x00,0x07,0xf4,0x0c,0xf0,0x00,
0x00,0x09,0xf2,0x0f,0xd0,0x00,0x00,0x0c,0xf0,0x1f,0xb0,0x00,0x4b,0xbf,0xfb,0xcf,
0xeb,0x80,0x6f,0x24,0x00,0x91,0xc0,0x00,0x3f,0x80,0x9f,0x30,0x00,0x00,0x6f,0x47,
0x00,0x90,0x9f,0x20,0xed,0x00,0x00,0x00,0xcf,0x01,0xfa,0x86,0x0c,0x20,0x0b,0xd0,
0x06,0x00,0xf0,0x13,0xbd,0x00,0x00,0x00,0x04,0xaf,0xf9,0x30,0x00,0x08,0xff,0xff,
0xff,0x50,0x03,0xff,0xe8,0x9f,0xfe,0x00,0x7f,0xf6,0x00,0x8f,0xf5,0x08,0xff,0x50,
0x04,0xdd,0x60,0x5f,0xfc,0x10,0x32,0x00,0xd0,0xff,0x92,0x00,0x00,0x01,0xbf,0xff,
0xf8,0x00,0x00,0x00,0x4b,0xff,0x3e,0x00,0xf0,0x13,0x03,0xef,0xf3,0x0b,0xb8,0x00,
0x06,0xff,0x70,0xff,0xe0,0x00,0x6f,0xf7,0x0a,0xff,0xb5,0x5e,0xff,0x40,0x1e,0xff,
0xff,0xff,0xb0,0x00,0x19,0xef,0xfc,0x70,0x00,0x00,0x00,0xea,0x5d,0x00,0x70,0x0e,
0xa0,0x00,0x00,0x01,0x9e,0xea,0x43,0x00,0xf1,0x19,0x0a,0xfc,0xcf,0xb0,0x00,0x40,
0x00,0x0f,0xe0,0x0e,0xf0,0x07,0xf4,0x00,0x1f,0xc0,0x0c,0xf1,0x1f,0xc0,0x00,0x0e,
0xf2,0x2f,0xf0,0xaf,0x30,0x00,0x07,0xff,0xff,0x74,0xf9,0x00,0x00,0x00,0x49,0x94,
0x0d,0xe0,0x21,0x0d,0x20,0x7f,0x50,0x06,0x00,0xf0,0x19,0x02,0xfb,0x06,0x98,0x30,
0x00,0x00,0x0b,0xf2,0xaf,0xff,0xf4,0x00,0x00,0x4f,0x82,0xfd,0x14,0xfc,0x00,0x00,
0xde,0x04,0xf9,0x00,0xfe,0x00,0x08,0xf5,0x03,0xfb,0x01,0xfd,0x00,0x02,0x70,0x00,
0xdf,0xcd,0xf8,0x2c,0x00,0x70,0x2b,0xfe,0x80,0x00,0x05,0xcf,0xe9,0x64,0x0d,0x30,
0xff,0xff,0xfc,0x2c,0x01,0xf0,0x06,0xe6,0x9f,0xf4,0x00,0x00,0x0f,0xf8,0x00,0xff,
0x60,0x00,0x00,0xff,0x90,0x3f,0xf3,0x00,0x00,0x0b,0xff,0x6e,0x1a,0x00,0x20,0x3f,
0xff,0xd4,0x00,0xf0,0x15,0x02,0xef,0xfd,0x00,0x01,0x10,0x03,0xff,0xff,0xf6,0x06,
0xff,0x00,0xef,0xf4,0xef,0xf4,0x9f,0xe0,0x3f,0xfa,0x02,0xff,0xff,0xfb,0x04,0xff,
0xa0,0x04,0xff,0xff,0x50,0x0f,0xff,0x62,0x4e,0xdc,0x00,0x00,0x45,0x01,0xf0,0x02,
0x90,0x00,0x4b,0xef,0xdb,0x5b,0xff,0x70,0x6f,0xb6,0xfa,0x6f,0x96,0xf8,0x6f,0x73,
0x83,0x72,0x00,0xf0,0x3e,0x01,0xb4,0x00,0x1d,0xf6,0x00,0xaf,0x90,0x04,0xfe,0x00,
0x0b,0xf8,0x00,0x1f,0xf3,0x00,0x5f,0xf0,0x00,0x8f,0xc0,0x00,0xaf,0xb0,0x00,0xbf,
0xa0,0x00,0xcf,0x90,0x00,0xbf,0xb0,0x00,0xaf,0xc0,0x00,0x7f,0xe0,0x00,0x3f,0xf1,
0x00,0x0d,0xf5,0x00,0x07,0xfc,0x00,0x00,0xef,0x40,0x00,0x4f,0xe2,0x00,0x06,0xf7,
0x00,0x00,0x21,0x00,0x00,0x00,0x4c,0x10,0x00,0x6f,0xd1,0x00,0x09,0xfb,0x00,0x00,
0xef,0x50,0x3a,0x00,0xf0,0x0e,0x3f,0xf3,0x00,0x0f,0xf7,0x00,0x0c,0xfb,0x00,0x0b,
0xfd,0x00,0x0a,0xfe,0x00,0x09,0xfe,0x00,0x0a,0xfd,0x00,0x0c,0xfc,0x00,0x0d,0xf9,
0x00,0x1f,0xf5,0x5e,0x00,0xc0,0xbf,0x90,0x04,0xfe,0x10,0x2e,0xf5,0x00,0x7f,0x60,
0x00,0x13,0xb6,0x01,0x10,0xf9,0xcd,0x00,0xf0,0x17,0x80,0x00,0x37,0x12,0xf7,0x04,
0x49,0xff,0xbf,0xbe,0xfb,0x16,0xbf,0xff,0xd9,0x40,0x02,0xff,0xf3,0x00,0x00,0xdf,
0x5f,0xd1,0x00,0x8f,0x80,0x8f,0x90,0x00,0x70,0x00,0x91,0x00,0x00,0x00,0x89,0x70,
0x8c,0x01,0x10,0xfc,0xb6,0x00,0x23,0xef,0xc0,0x0b,0x00,0x60,0x49,0x99,0xff,0xe9,
0x99,0x27,0xde,0x00,0x20,0xf4,0x7f,0x06,0x00,0x1c,0x40,0x21,0x00,0x02,0x0b,0x00,
0xfc,0x25,0x0a,0xfb,0x0a,0xfb,0x0a,0xfa,0x0d,0xf7,0x4f,0xf1,0x4e,0x50,0x00,0x00,
0x45,0x55,0x53,0xef,0xff,0xf9,0xef,0xff,0xf9,0x00,0x00,0x5f,0xe1,0xbf,0xf6,0x5e,
0xd1,0x00,0x00,0x01,0xff,0x00,0x00,0x00,0x6f,0xb0,0x00,0x00,0x0b,0xf6,0x00,0x00,
0x00,0xff,0x10,0x00,0x00,0x5f,0x0d,0x00,0x15,0x0a,0x0d,0x00,0x00,0x51,0x00,0x13,
0xf7,0x0d,0x00,0x15,0x4f,0x0d,0x00,0xf0,0x1b,0x20,0x00,0x00,0x00,0x07,0xdf,0xea,
0x20,0x00,0x0b,0xff,0xff,0xff,0x30,0x05,0xff,0xd6,0x9f,0xfd,0x00,0xbf,0xf2,0x00,
0xaf,0xf3,0x0f,0xfd,0x00,0x06,0xff,0x60,0xff,0xc0,0x00,0x4f,0xf7,0x1f,0xfc,0x00,
0x04,0xff,0x81,0x0b,0x00,0x11,0xf8,0x0b,0x00,0x11,0x80,0x16,0x00,0x02,0x21,0x00,
0x00,0x2c,0x00,0x62,0xf2,0x05,0xff,0xd6,0x8f,0xfd,0x42,0x00,0xff,0x0d,0x00,0x07,
0xdf,0xeb,0x30,0x00,0x00,0x00,0x39,0xc0,0x17,0xdf,0xfd,0x5f,0xff,0xff,0xd6,0xff,
0xbf,0xfd,0x35,0x00,0xff,0xd0,0x00,0x0f,0xfd,0x00,0x07,0x00,0x0d,0x60,0x18,0xdf,
0xeb,0x40,0x00,0x1e,0x0b,0x03,0xf0,0x02,0x0b,0xff,0xb6,0x9f,0xfe,0x01,0xff,0xd0,
0x00,0xcf,0xf2,0x3d,0xd7,0x00,0x09,0xff,0x30,0x55,0x02,0x50,0xf0,0x00,0x00,0x00,
0x5f,0x00,0x03,0x10,0x2f,0xc3,0x00,0xf0,0x0b,0x1e,0xff,0x50,0x00,0x00,0x1d,0xff,
0x70,0x00,0x00,0x0c,0xff,0x90,0x00,0x00,0x0a,0xff,0xa0,0x00,0x00,0x09,0xff,0xe5,
0x55,0x55,0x30,0x52,0x01,0x31,0xfb,0x0f,0xff,0x11,0x03,0xf2,0x08,0x2a,0xef,0xeb,
0x30,0x00,0x4f,0xff,0xff,0xff,0x60,0x0e,0xff,0x95,0x9f,0xff,0x02,0xee,0xa0,0x00,
0xaf,0xf3,0x00,0x00,0x53,0x00,0x80,0x04,0xff,0xd0,0x00,0x02,0xff,0xff,0xd2,0x52,
0x00,0x70,0xfb,0x10,0x00,0x00,0x44,0x8f,0xfd,0x7b,0x01,0xd1,0x8f,0xf5,0x14,0x42,
0x00,0x05,0xff,0x74,0xff,0xa0,0x00,0x9f,0xf6,0x37,0x00,0x20,0x10,0x5f,0x42,0x00,
0x60,0x00,0x3a,0xef,0xea,0x30,0x00,0x8a,0x00,0x10,0xf5,0x77,0x01,0x20,0xff,0x50,
0x85,0x00,0x10,0xf5,0x4c,0x00,0x50,0xff,0x50,0x00,0x03,0xff,0x16,0x00,0xf1,0x0b,
0xcf,0xc8,0xff,0x50,0x00,0x5f,0xf3,0x8f,0xf5,0x00,0x0e,0xf9,0x08,0xff,0x50,0x08,
0xff,0x10,0x8f,0xf5,0x02,0xff,0xb5,0x5a,0xff,0x84,0xcc,0x02,0x10,0xe5,0x05,0x00,
0x10,0xfe,0x63,0x00,0x00,0x42,0x00,0x32,0x08,0xff,0x50,0x0b,0x00,0x60,0x0d,0xff,
0xff,0xff,0xf2,0x0f,0x05,0x00,0x60,0x1f,0xfb,0x66,0x66,0x61,0x2f,0xb3,0x01,0x20,
0x4f,0xf4,0x64,0x00,0x50,0xfb,0xef,0xd7,0x00,0x8f,0x05,0x03,0x50,0x4b,0xe6,0x36,
0xff,0xf2,0x9d,0x03,0x10,0xf7,0x78,0x02,0xf1,0x02,0xf9,0x55,0x40,0x00,0x3f,0xf9,
0xdf,0xf1,0x00,0x8f,0xf6,0x7f,0xfc,0x68,0xff,0xf1,0x0c,0x9f,0x00,0xe0,0x7c,0xfe,
0xb4,0x00,0x00,0x00,0x17,0xce,0x90,0x00,0x00,0x4f,0xff,0xfa,0x05,0x00,0xa0,0xb8,
0x40,0x00,0x0e,0xff,0x40,0x00,0x00,0x06,0xff,0x85,0x02,0x41,0xbf,0xf6,0xcf,0xe9,
0x6c,0x00,0xf2,0x1e,0xfb,0x00,0xff,0xfc,0x67,0xff,0xf4,0x0f,0xfe,0x00,0x06,0xff,
0x90,0xff,0xd0,0x00,0x1f,0xfb,0x0e,0xfe,0x00,0x01,0xff,0xb0,0xaf,0xf3,0x00,0x6f,
0xf8,0x03,0xff,0xe6,0x7f,0xff,0x20,0x07,0xff,0xff,0xff,0x70,0x00,0x05,0xcf,0xfb,
0x40,0x86,0x03,0x10,0xa6,0x05,0x00,0x70,0xf9,0x25,0x55,0x55,0x5a,0xff,0x40,0x02,
0x01,0x10,0xd0,0xa3,0x00,0x20,0xf7,0x00,0xd8,0x03,0x00,0xd0,0x03,0x20,0xff,0xa0,
0xe1,0x04,0x00,0x59,0x01,0x20,0x0f,0xfc,0x51,0x02,0x25,0xff,0x60,0xb1,0x01,0x00,
0x29,0x03,0x10,0x0c,0x67,0x02,0x30,0x03,0xff,0xc0,0x4d,0x05,0x10,0xf5,0x42,0x01,
0x41,0x18,0xdf,0xfb,0x40,0x8b,0x00,0x60,0x60,0x07,0xff,0xc6,0x8f,0xfe,0x72,0x02,
0xf1,0x18,0xbf,0xf3,0x0b,0xff,0x10,0x0a,0xff,0x20,0x6f,0xf9,0x03,0xff,0xd0,0x00,
0xaf,0xff,0xff,0xe3,0x00,0x06,0xff,0xff,0xfc,0x10,0x06,0xff,0xc5,0x8f,0xfd,0x00,
0xdf,0xe0,0x00,0x8f,0xf5,0x0f,0xfc,0x00,0x05,0xf5,0x04,0xd0,0x8f,0xf7,0x0b,0xff,
0xc6,0x8f,0xff,0x20,0x2e,0xff,0xff,0xff,0x80,0xf5,0x04,0x10,0x50,0xc5,0x02,0x20,
0xe8,0x10,0x83,0x02,0xf1,0x09,0xfd,0x10,0x07,0xff,0xc6,0xaf,0xf9,0x00,0xef,0xf1,
0x00,0xcf,0xf0,0x1f,0xfb,0x00,0x07,0xff,0x42,0xff,0xb0,0x00,0x6f,0xf6,0xee,0x00,
0x80,0x70,0xcf,0xf8,0x03,0xef,0xf6,0x04,0xff,0x64,0x02,0xa1,0x05,0xef,0xfd,0xbf,
0xf2,0x00,0x00,0x22,0x0c,0xfe,0xb2,0x00,0x81,0x80,0x00,0x06,0x8c,0xff,0xd0,0x00,
0x00,0x10,0x02,0xb6,0x0f,0xec,0x70,0x00,0x00,0x5e,0xc1,0xbf,0xf5,0x6f,0xe1,0x41,
0x12,0xe8,0x6f,0xe1,0xbf,0xf5,0x5e,0xd1,0x07,0xfb,0x00,0xef,0xf3,0x08,0xfc,0x00,
0x01,0x00,0xf1,0x01,0x02,0x66,0x00,0x6f,0xf0,0x06,0xff,0x00,0x8f,0xd0,0x0c,0xf8,
0x03,0xfe,0x10,0x06,0x26,0x02,0xf0,0x16,0x06,0xb0,0x00,0x01,0x8e,0xff,0x00,0x3a,
0xff,0xff,0xd3,0xcf,0xff,0xfa,0x50,0x7f,0xfd,0x61,0x00,0x07,0xff,0xfc,0x61,0x00,
0x06,0xdf,0xff,0xfa,0x40,0x00,0x4b,0xff,0xff,0x00,0x00,0x02,0x9f,0x23,0x01,0xb1,
0x16,0x35,0x55,0x55,0x55,0x50,0xaf,0xff,0xff,0xff,0xf1,0x05,0x00,0x01,0x53,0x00,
0x0b,0x14,0x00,0x70,0xa6,0x00,0x00,0x00,0x0d,0xff,0x92,0x0e,0x06,0xf0,0x10,0xfb,
0x40,0x00,0x49,0xef,0xff,0xd5,0x00,0x00,0x5c,0xff,0xa0,0x00,0x5b,0xff,0xfa,0x39,
0xff,0xff,0xe7,0x1d,0xff,0xfc,0x50,0x00,0xdf,0xa3,0x00,0x00,0x06,0x10,0x3d,0x00,
0x31,0x7d,0xff,0xc5,0x8e,0x03,0xf0,0x04,0x70,0x4f,0xfe,0x78,0xff,0xf0,0x8f,0xf6,
0x00,0xbf,0xf3,0x01,0x10,0x00,0xaf,0xf2,0x00,0x00,0x03,0xe3,0x00,0x31,0x2e,0xff,
0x40,0xc5,0x02,0x00,0x4e,0x01,0x00,0x87,0x02,0x00,0x53,0x06,0x14,0x65,0xcc,0x00,
0x20,0x07,0xfc,0x6b,0x00,0x00,0x1f,0x03,0x21,0x07,0xfb,0x11,0x00,0x40,0x7c,0xef,
0xec,0x70,0x08,0x00,0x90,0x5e,0xfe,0xca,0xbe,0xfe,0x30,0x00,0x00,0x06,0xdd,0x01,
0x60,0x6f,0xf3,0x00,0x00,0x3f,0xe3,0x39,0x00,0xf1,0x55,0xfc,0x00,0x00,0xdf,0x50,
0x01,0x8b,0xa5,0x00,0x8f,0x50,0x03,0xfb,0x00,0x1d,0xff,0xff,0x80,0x1f,0xa0,0x09,
0xf5,0x00,0xbf,0x90,0x7f,0x80,0x0d,0xe0,0x0d,0xf1,0x03,0xfe,0x00,0x8f,0x70,0x0b,
0xf0,0x0f,0xe0,0x09,0xf9,0x00,0x9f,0x60,0x0a,0xf0,0x1f,0xc0,0x0c,0xf5,0x00,0xaf,
0x40,0x0b,0xf0,0x1f,0xc0,0x0e,0xf4,0x00,0xbf,0x30,0x0c,0xe0,0x1f,0xd0,0x0d,0xf4,
0x00,0xdf,0x20,0x1f,0xb0,0x0f,0xf0,0x0b,0xf7,0x04,0xff,0x30,0x8f,0x50,0x0b,0xf3,
0x05,0xff,0xaf,0xdf,0xda,0xfb,0x00,0x06,0xfa,0x00,0x8f,0xe7,0x0a,0xfe,0x90,0xa6,
0x05,0x02,0x01,0x00,0x60,0x4f,0xf8,0x10,0x00,0x02,0x00,0x82,0x05,0x61,0xef,0xfd,
0xcc,0xef,0x30,0x00,0xf2,0x02,0x21,0xfe,0xc8,0xf7,0x00,0x10,0x0d,0x9c,0x02,0x00,
0xcd,0x03,0x11,0x90,0xc7,0x03,0x21,0xff,0xe0,0xad,0x03,0x30,0xff,0xf5,0x00,0xf8,
0x00,0x21,0x9f,0xfa,0xf7,0x03,0x20,0x3c,0xff,0x63,0x05,0x11,0xfe,0xa2,0x02,0xf0,
0x04,0x4f,0xf9,0x02,0xff,0xb0,0x00,0x00,0xaf,0xf4,0x00,0xdf,0xf1,0x00,0x00,0xff,
0xf7,0x66,0xcf,0xf7,0xc2,0x06,0x00,0xc4,0x06,0x20,0x0b,0xff,0x01,0x00,0x30,0x20,
0x1f,0xff,0x20,0x01,0x31,0x80,0x6f,0xfa,0x3a,0x01,0x20,0xcf,0xf5,0x99,0x05,0x61,
0xf3,0xbf,0xff,0xff,0xeb,0x40,0x21,0x00,0xf0,0x0d,0x80,0xbf,0xf8,0x67,0xaf,0xff,
0x2b,0xff,0x30,0x00,0xaf,0xf6,0xbf,0xf3,0x00,0x07,0xff,0x7b,0xff,0x30,0x00,0x9f,
0xf5,0xbf,0xf5,0x22,0x6f,0xfe,0x21,0x00,0xf0,0x0f,0xfd,0x20,0xbf,0xff,0xff,0xff,
0xfa,0x0b,0xff,0x30,0x01,0xaf,0xf8,0xbf,0xf3,0x00,0x02,0xff,0xcb,0xff,0x30,0x00,
0x4f,0xfc,0xbf,0xf8,0x66,0x8e,0xff,0x8b,0x42,0x00,0xc0,0xd1,0xbf,0xff,0xff,0xfd,
0x81,0x00,0x00,0x01,0x8d,0xff,0xc6,0xd9,0x07,0x01,0x40,0x07,0xc0,0xef,0xfc,0x89,
0xef,0xf9,0x00,0x7f,0xf9,0x00,0x01,0xef,0xf1,0x3b,0x03,0x30,0x09,0xff,0x50,0xcc,
0x00,0x41,0x12,0x21,0x1f,0xfd,0x6e,0x02,0x11,0xff,0x3d,0x08,0x02,0x0d,0x00,0x10,
0x00,0x1a,0x00,0x50,0x01,0x10,0x0d,0xff,0x10,0x27,0x00,0x11,0x8f,0x34,0x00,0x91,
0x01,0xef,0xfb,0x78,0xef,0xfa,0x00,0x03,0xff,0x4e,0x00,0x20,0x01,0x9d,0x5b,0x00,
0x20,0xbf,0xff,0x1e,0x04,0x00,0x8f,0x00,0xa0,0xa0,0x00,0xbf,0xf8,0x68,0xef,0xfa,
0x00,0xbf,0xf3,0x31,0x01,0xd0,0xbf,0xf3,0x00,0x04,0xff,0xb0,0xbf,0xf3,0x00,0x00,
0xff,0xf0,0xbf,0xbe,0x06,0x11,0xf1,0x06,0x00,0x16,0xf2,0x0c,0x00,0x25,0xff,0xf0,
0x24,0x00,0x30,0x1d,0xff,0x50,0x3c,0x00,0x11,0xfb,0x48,0x00,0x10,0xb0,0x54,0x00,
0x12,0xb5,0x54,0x00,0x12,0xfc,0x05,0x00,0x50,0xf8,0x66,0x66,0x65,0xbf,0x06,0x04,
0x07,0x05,0x00,0x40,0xf7,0x55,0x55,0x40,0x1e,0x00,0x12,0xd0,0x05,0x00,0x0b,0x1e,
0x00,0x01,0x32,0x00,0x06,0x41,0x00,0x00,0x59,0x09,0x01,0x05,0x00,0x00,0x19,0x00,
0x2e,0x63,0xbf,0x2d,0x00,0x1f,0x50,0x4b,0x00,0x07,0x0a,0x05,0x00,0xf0,0x15,0x00,
0x01,0x7d,0xff,0xd8,0x10,0x00,0x02,0xef,0xff,0xff,0xfe,0x20,0x00,0xdf,0xfd,0x77,
0xdf,0xfd,0x00,0x6f,0xfc,0x00,0x00,0xcf,0xf3,0x0b,0xff,0x40,0x00,0x05,0xcc,0x50,
0xff,0xf0,0x00,0xaf,0x04,0x11,0xfe,0x2c,0x00,0xf0,0x04,0xff,0xe0,0x01,0xff,0xff,
0xf8,0x0f,0xfe,0x00,0x1f,0xff,0xff,0x80,0xff,0xf0,0x00,0x33,0x8f,0xf8,0x27,0x00,
0x30,0x06,0xff,0x80,0x34,0x00,0x20,0x6f,0xf8,0x41,0x00,0x90,0x9f,0xff,0x80,0x02,
0xdf,0xff,0xff,0xff,0xc1,0x13,0x03,0x21,0xea,0x50,0x67,0x00,0x2f,0x1f,0xfd,0x06,
0x00,0x0b,0x00,0xb3,0x00,0x30,0x7f,0xfd,0xbf,0xea,0x01,0x04,0x06,0x00,0x0f,0x36,
0x00,0x10,0x2f,0x8f,0xf6,0x02,0x00,0x09,0x00,0xb6,0x00,0x1f,0xff,0x05,0x00,0x1a,
0xf1,0x01,0x58,0x83,0x00,0x0f,0xfe,0x8f,0xf8,0x00,0x4f,0xfc,0x3f,0xff,0x87,0xef,
0xf6,0x09,0xbd,0x01,0x41,0x6c,0xff,0xd7,0x00,0xd9,0x01,0xf0,0x02,0xf5,0xbf,0xf3,
0x00,0x1e,0xff,0x90,0xbf,0xf3,0x00,0xbf,0xfc,0x00,0xbf,0xf3,0x07,0xff,0x8c,0x05,
0x20,0x3f,0xff,0xe1,0x00,0x81,0xdf,0xf8,0x00,0x00,0xbf,0xfc,0xff,0xd0,0xe5,0x01,
0x11,0xf3,0x06,0x00,0x10,0xfc,0x06,0x00,0x90,0x6e,0xff,0x60,0x00,0xbf,0xf6,0x06,
0xff,0xf1,0x42,0x00,0x11,0xcf,0x4b,0x02,0x11,0x2f,0x4b,0x02,0x30,0x08,0xff,0xe0,
0xc3,0x00,0x2e,0xef,0xf8,0x9d,0x01,0x0f,0x05,0x00,0x17,0x00,0x35,0x01,0x10,0x62,
0x2e,0x01,0x13,0xf6,0x05,0x00,0x10,0x40,0x42,0x06,0x20,0xf3,0xbf,0xd7,0x03,0x40,
0x1f,0xff,0xf3,0xbf,0xf2,0x02,0x10,0x7f,0x08,0x00,0x10,0xf4,0x0f,0x05,0xf0,0x2a,
0xf3,0xbf,0xed,0xf9,0x00,0x01,0xff,0xcf,0xf3,0xbf,0xf8,0xfe,0x00,0x07,0xff,0x8f,
0xf3,0xbf,0xf3,0xff,0x40,0x0c,0xfa,0x8f,0xf3,0xbf,0xf0,0xdf,0x90,0x1f,0xf5,0x9f,
0xf3,0xbf,0xf1,0x7f,0xe0,0x7f,0xf0,0x9f,0xf3,0xbf,0xf2,0x2f,0xf4,0xcf,0xa0,0xaf,
0xf3,0xbf,0xf2,0x0c,0xfb,0xff,0x40,0xaf,0xf3,0xeb,0x00,0x91,0xfe,0x00,0xbf,0xf3,
0xbf,0xf3,0x02,0xff,0xf9,0x08,0x00,0x32,0x00,0xcf,0xf4,0x08,0x00,0x20,0x7f,0xe0,
0x08,0x00,0x11,0xf7,0x92,0x01,0x21,0xff,0x10,0x06,0x00,0x11,0xa0,0x06,0x00,0x11,
0xf3,0x06,0x00,0x10,0xfc,0x06,0x00,0x90,0xfc,0xff,0x50,0x1f,0xfd,0xbf,0xf4,0xef,
0xe0,0xb6,0x01,0x20,0x6f,0xf8,0x06,0x00,0xa0,0x0d,0xff,0x3f,0xfd,0xbf,0xf3,0x04,
0xff,0xcf,0xfd,0x4d,0x01,0x01,0xec,0x01,0x11,0x2f,0x06,0x00,0x12,0x08,0xf8,0x01,
0x11,0xef,0x06,0x00,0xb0,0x6f,0xfd,0x00,0x00,0x7c,0xfe,0xc5,0x00,0x00,0x02,0xdf,
0x8b,0x07,0x60,0x00,0xdf,0xfd,0x89,0xef,0xfa,0x9c,0x02,0x40,0x01,0xef,0xf3,0x0c,
0x41,0x09,0x01,0x82,0x02,0x31,0x00,0x2f,0xfc,0xe1,0x03,0x40,0xff,0xe2,0xff,0xd0,
0xc4,0x01,0x02,0x0d,0x00,0x12,0xe0,0x1a,0x00,0x00,0x27,0x00,0x01,0x9c,0x02,0x00,
0x34,0x00,0x63,0x00,0xdf,0xfd,0x88,0xef,0xfa,0x4e,0x00,0x00,0x5b,0x00,0x11,0xc6,
0xa9,0x01,0x41,0xec,0x60,0x00,0xbf,0xec,0x07,0x61,0xbf,0xf8,0x77,0x9f,0xff,0x70,
0xeb,0x01,0x02,0x9d,0x01,0x15,0xf1,0xdc,0x03,0x31,0x02,0xff,0xf0,0x8b,0x04,0x11,
0x90,0x7e,0x03,0x10,0x10,0xdf,0x01,0x13,0x70,0x3f,0x03,0x0f,0x06,0x00,0x04,0x00,
0x58,0x03,0x0b,0xbc,0x00,0x84,0xf9,0x00,0x6f,0xfb,0x00,0x01,0xef,0xf2,0xbc,0x00,
0x14,0xe0,0xbc,0x00,0x50,0x01,0xff,0xd2,0xff,0xc0,0x63,0x03,0x02,0x0d,0x00,0x06,
0xbc,0x00,0x00,0x27,0x00,0x23,0x6f,0xfb,0xbc,0x00,0x13,0x78,0xbc,0x00,0x11,0xfc,
0xb3,0x03,0x31,0xff,0xf6,0x00,0x47,0x0c,0x01,0x58,0x0c,0x31,0x03,0xed,0x20,0x72,
0x00,0x1a,0x10,0xcf,0x00,0x41,0x67,0x9f,0xff,0x60,0x6e,0x05,0x11,0xb0,0xc3,0x00,
0x15,0xc0,0x9f,0x04,0x41,0x3d,0xff,0x60,0xbf,0xf4,0x04,0x11,0xbf,0x38,0x0c,0x50,
0xbf,0xf8,0x7a,0xff,0xa0,0xb7,0x00,0x30,0xef,0xf2,0x00,0xd5,0x01,0x01,0xa8,0x02,
0x31,0x0f,0xff,0x20,0x91,0x01,0x00,0xf0,0x02,0x81,0x01,0xff,0xf1,0x00,0x06,0xbe,
0xfe,0x92,0xc4,0x04,0x00,0xae,0x09,0x20,0xe8,0x6a,0x4c,0x09,0x00,0xce,0x05,0x90,
0x0d,0xff,0x20,0x00,0x38,0x84,0x09,0xff,0xd5,0x80,0x00,0x90,0xdf,0xff,0xe9,0x20,
0x00,0x00,0x1a,0xff,0xff,0xcc,0x08,0x41,0x28,0xef,0xff,0xb0,0xa3,0x00,0xb0,0xf4,
0x3c,0xc8,0x00,0x00,0x7f,0xf8,0x2f,0xfe,0x00,0x00,0x2e,0x04,0x60,0xd7,0x69,0xff,
0xf4,0x01,0xcf,0x79,0x00,0x00,0x54,0x00,0x31,0xb5,0x00,0x9f,0x42,0x06,0x02,0x06,
0x00,0x63,0x46,0x66,0x9f,0xfc,0x66,0x66,0xbe,0x0a,0x0f,0x06,0x00,0x2e,0x00,0xad,
0x06,0x2f,0xef,0xf0,0x06,0x00,0x23,0x20,0xcf,0xf2,0xd1,0x05,0x10,0x9f,0xe8,0x06,
0x91,0xc0,0x3f,0xff,0xa7,0x9f,0xff,0x50,0x07,0xff,0xd8,0x00,0x70,0x3a,0xef,0xeb,
0x50,0x00,0xcf,0xf7,0xdf,0x07,0x30,0xd0,0x7f,0xfc,0xd8,0x09,0xf0,0x01,0x80,0x1f,
0xff,0x10,0x00,0x0f,0xff,0x30,0x0c,0xff,0x50,0x00,0x4f,0xfd,0x00,0x07,0x0f,0x0b,
0x80,0xf8,0x00,0x02,0xff,0xe0,0x00,0xdf,0xf3,0x48,0x05,0x01,0x87,0x06,0x20,0x7f,
0xf8,0x3a,0x09,0x60,0x00,0x2f,0xfd,0x0c,0xff,0x30,0x81,0x07,0x21,0x2f,0xfd,0x4d,
0x09,0x21,0xbf,0xf8,0xa8,0x06,0x22,0xff,0xf3,0x82,0x07,0x11,0xe0,0x58,0x0e,0x22,
0xff,0x80,0x9e,0x07,0x11,0x30,0xf5,0x0a,0x90,0x09,0xff,0x20,0x00,0xdf,0xf1,0x5f,
0xf8,0x00,0x60,0x00,0xf0,0x38,0xff,0xd0,0x2f,0xfb,0x00,0x0f,0xff,0x90,0x03,0xff,
0xa0,0x0e,0xfe,0x00,0x3f,0xff,0xc0,0x06,0xff,0x70,0x0b,0xff,0x10,0x7f,0xff,0xf0,
0x09,0xff,0x30,0x08,0xff,0x40,0xaf,0xcf,0xf4,0x0c,0xff,0x00,0x04,0xff,0x70,0xef,
0x6e,0xf7,0x0f,0xfc,0x00,0x01,0xff,0x91,0xff,0x2a,0xfb,0x2f,0xf9,0x00,0x00,0xdf,
0xc5,0xff,0x06,0xfe,0x5f,0xf6,0x00,0x00,0xaf,0xf9,0xfb,0x03,0xff,0xe2,0x08,0x70,
0x7f,0xfe,0xf7,0x00,0xff,0xff,0xf0,0x6b,0x0e,0x31,0xf4,0x00,0xbf,0x81,0x02,0x40,
0xff,0xf0,0x00,0x8f,0x7d,0x00,0x10,0x0d,0xb8,0x0c,0x20,0xff,0x50,0x07,0x08,0x10,
0x90,0x09,0x02,0x30,0x00,0x6f,0xfe,0x27,0x00,0xd0,0x20,0xdf,0xf7,0x00,0x0c,0xff,
0x80,0x04,0xff,0xf1,0x04,0xff,0xe1,0xf9,0x00,0x20,0xdf,0xf7,0xa7,0x00,0x20,0x7f,
0xfd,0xd4,0x0a,0x10,0xff,0x30,0x00,0x10,0x01,0xcc,0x0f,0x00,0x64,0x0c,0x12,0xf6,
0xd7,0x00,0x21,0xd0,0x00,0x33,0x02,0x00,0x43,0x08,0x30,0xfe,0x4f,0xfe,0x9e,0x04,
0xf1,0x04,0x70,0xbf,0xf8,0x00,0x06,0xff,0xe0,0x03,0xff,0xf2,0x00,0xef,0xf6,0x00,
0x0b,0xff,0xa0,0x8f,0xfd,0xeb,0x00,0x01,0x45,0x04,0x40,0xff,0x14,0xff,0xe0,0x73,
0x02,0x01,0xea,0x00,0x40,0xf2,0x00,0x4f,0xfc,0xdc,0x07,0xc0,0x00,0xcf,0xf4,0x0e,
0xff,0x20,0x00,0x04,0xff,0xb5,0xff,0xa0,0x42,0x00,0x20,0xdf,0xf2,0xdf,0x01,0x22,
0xff,0xfa,0x32,0x01,0x20,0x30,0x00,0x8a,0x01,0x16,0xb0,0xf9,0x01,0x3f,0x05,0xff,
0xa0,0x0d,0x00,0x03,0x20,0x4f,0xff,0x25,0x05,0x01,0x06,0x00,0x51,0xf5,0x16,0x66,
0x66,0x6a,0x9d,0x00,0x11,0x0e,0x41,0x00,0x40,0x9f,0xf9,0x00,0x00,0xf6,0x03,0x05,
0x1b,0x09,0x21,0x8f,0xfa,0x0b,0x09,0x11,0xe1,0x11,0x00,0x10,0x50,0x94,0x01,0x11,
0xfb,0xd1,0x00,0x11,0xf2,0xa4,0x0b,0x51,0xb6,0x66,0x66,0x63,0x4f,0xdc,0x10,0x02,
0x06,0x00,0xdf,0x33,0x33,0x1d,0xff,0xf6,0xdf,0xff,0x6d,0xff,0x00,0xdf,0xf0,0x0d,
0x05,0x00,0x0e,0x11,0xf3,0x2d,0x00,0x33,0x60,0xdf,0xf1,0xff,0x0b,0x20,0x1f,0xfc,
0x25,0x01,0x10,0xf2,0xad,0x00,0x10,0x80,0x72,0x09,0x00,0x90,0x00,0x10,0xf4,0x7e,
0x00,0x10,0xa0,0x7d,0x00,0x00,0x7c,0x00,0x10,0xf6,0x59,0x01,0x10,0xc0,0x6b,0x02,
0x11,0x20,0x64,0x07,0x02,0xcc,0x08,0x10,0x0a,0xaa,0x00,0xdf,0x4f,0xfa,0x33,0x33,
0x1e,0xff,0xf5,0xef,0xff,0x50,0x7f,0xf5,0x07,0x05,0x00,0x0f,0x31,0x39,0xff,0x5e,
0x2d,0x00,0x33,0x00,0x06,0x84,0x54,0x00,0xf0,0x10,0x6f,0xff,0x20,0x00,0x0d,0xfe,
0xf9,0x00,0x03,0xff,0x4f,0xe0,0x00,0x9f,0x90,0xdf,0x50,0x0f,0xf3,0x07,0xfb,0x05,
0xfd,0x00,0x1f,0xf2,0x34,0x44,0x44,0x44,0x3f,0x87,0x0d,0x00,0xe4,0x00,0xf1,0x19,
0xe0,0x01,0x10,0x00,0x1e,0xfe,0x00,0x02,0xef,0x90,0x00,0x4f,0xf3,0x00,0x3a,0xef,
0xe9,0x10,0x00,0x5f,0xff,0xff,0xfd,0x00,0x0e,0xff,0x53,0xbf,0xf6,0x00,0x66,0x40,
0x03,0xff,0x90,0x00,0x17,0x9a,0xbf,0xfa,0x05,0x0d,0xf0,0x04,0xa0,0x1f,0xfe,0x30,
0x3f,0xfa,0x04,0xff,0x80,0x03,0xff,0xa0,0x3f,0xfd,0x45,0xdf,0xfa,0x00,0xcf,0x4a,
0x07,0x70,0x01,0x9e,0xfc,0x5e,0xfe,0x00,0xef,0x66,0x01,0x0c,0x05,0x00,0x50,0xe5,
0xdf,0xd7,0x00,0xef,0x28,0x0a,0xf2,0x05,0xef,0xfb,0x68,0xff,0xf1,0xef,0xf0,0x00,
0x9f,0xf6,0xef,0xe0,0x00,0x4f,0xf8,0xef,0xe0,0x00,0x3f,0xf9,0x0a,0x00,0x92,0xf0,
0x00,0x8f,0xf6,0xef,0xfb,0x57,0xff,0xf1,0x28,0x00,0x90,0xa5,0xdf,0xd7,0x00,0x00,
0x19,0xef,0xe9,0x10,0xb9,0x08,0xf1,0x03,0xe1,0x0b,0xff,0xa6,0xbf,0xf9,0x1f,0xfc,
0x00,0x0e,0xfd,0x4f,0xf8,0x00,0x01,0x22,0x5f,0xf7,0x01,0x0b,0x11,0x00,0x5d,0x01,
0x70,0x0c,0xeb,0x0b,0xff,0xa5,0xaf,0xf9,0x28,0x00,0x11,0xd1,0x32,0x00,0x01,0xa1,
0x02,0x10,0x20,0x63,0x0d,0x18,0xf2,0x0b,0x00,0x60,0x4c,0xfe,0x8a,0xff,0x20,0x3f,
0x5d,0x0e,0xf3,0x16,0x0c,0xff,0xb6,0x9f,0xff,0x22,0xff,0xd0,0x00,0xbf,0xf2,0x4f,
0xf9,0x00,0x0a,0xff,0x25,0xff,0x70,0x00,0xaf,0xf2,0x4f,0xf8,0x00,0x0a,0xff,0x21,
0xff,0xc0,0x00,0xbf,0xf2,0x0c,0xff,0x82,0x6f,0x2c,0x00,0x62,0x00,0x3c,0xfe,0x97,
0xff,0x20,0x1a,0x10,0x10,0x0c,0xd8,0x0f,0xc0,0x09,0xff,0xa6,0x8f,0xfd,0x00,0xff,
0xc0,0x00,0x9f,0xf2,0x3f,0x3a,0x01,0x11,0x44,0xbe,0x10,0x10,0x3f,0x23,0x0c,0x00,
0xd4,0x02,0x91,0x05,0x00,0x09,0xff,0xe7,0x5a,0xfa,0x00,0x0c,0x61,0x0a,0x22,0x07,
0xdf,0x92,0x0d,0xa1,0xe2,0x00,0xaf,0xff,0xf2,0x00,0xff,0xf7,0x50,0x02,0x2e,0x0a,
0x20,0xff,0xc0,0x04,0x00,0x40,0x13,0xff,0xb1,0x10,0x10,0x00,0x0f,0x04,0x00,0x09,
0x70,0x00,0x3b,0xff,0xa5,0xff,0x50,0x3f,0xd4,0x02,0x10,0x0c,0xea,0x0d,0x20,0x51,
0xff,0x00,0x0e,0x84,0x4f,0xf9,0x00,0x08,0xff,0x55,0xff,0x80,0x0b,0x00,0x02,0x16,
0x00,0x01,0x0b,0x0e,0x20,0x50,0x2f,0x2c,0x00,0x70,0x00,0x2b,0xff,0xa9,0xff,0x40,
0x02,0xac,0x06,0x71,0x02,0xfb,0x54,0xaf,0xfd,0x00,0x6f,0x93,0x10,0x51,0x4b,0xef,
0xd9,0x10,0x00,0x18,0x03,0x0c,0x05,0x00,0x41,0xd4,0xcf,0xe8,0x00,0xc9,0x0b,0xa0,
0xff,0xfb,0x68,0xff,0xe0,0xff,0xe0,0x00,0xcf,0xf1,0x7d,0x0e,0x1f,0xf2,0x05,0x00,
0x0b,0xaf,0x7f,0xb0,0xef,0xf2,0x7f,0xb0,0x00,0x00,0xcf,0xf1,0x02,0x00,0x01,0x30,
0x00,0x8f,0xb0,0x12,0x01,0x11,0x8f,0xa3,0x03,0x2f,0xcf,0xf1,0x03,0x00,0x0d,0x9f,
0xf0,0x58,0xff,0xe0,0xef,0xff,0x70,0xdf,0xd6,0x43,0x02,0x03,0xf0,0x05,0xe0,0x04,
0xff,0xf2,0xef,0xe0,0x2e,0xff,0x40,0xef,0xe0,0xdf,0xf7,0x00,0xef,0xeb,0xff,0xa0,
0x00,0xef,0x43,0x10,0x10,0xef,0x99,0x04,0xd0,0xef,0xfe,0xff,0xe1,0x00,0xef,0xf2,
0x8f,0xf9,0x00,0xef,0xe0,0x0d,0x23,0x00,0x8e,0x04,0xff,0xd0,0xef,0xe0,0x00,0xaf,
0xf8,0x9a,0x00,0x08,0x02,0x00,0xf0,0x0d,0xef,0xc3,0xcf,0xe9,0x03,0xcf,0xea,0x00,
0xef,0xef,0xff,0xff,0xbf,0xff,0xff,0xa0,0xef,0xfb,0x69,0xff,0xfd,0x67,0xff,0xf0,
0xef,0xe0,0x00,0xdf,0xfb,0x11,0x7f,0xef,0xe0,0x00,0xcf,0xf0,0x00,0x9f,0x08,0x00,
0x1e,0xa0,0xff,0xb3,0xcf,0xe9,0x00,0xff,0xef,0xff,0xff,0x90,0x4f,0x01,0x1f,0xf0,
0x4f,0x01,0x15,0x70,0x00,0x18,0xdf,0xea,0x30,0x00,0x1d,0x08,0x13,0x14,0x0a,0xf8,
0x11,0xd1,0x9f,0xf6,0x4f,0xf9,0x00,0x04,0xff,0x95,0xff,0x70,0x00,0x3f,0xfa,0x0b,
0x00,0x11,0x91,0x16,0x00,0x01,0x19,0x12,0x02,0x2c,0x00,0x02,0x37,0x00,0x20,0xef,
0xc7,0x3a,0x01,0x00,0xec,0x0e,0x9a,0xef,0xf8,0x26,0xff,0xf1,0xef,0xe0,0x00,0x8f,
0x64,0x03,0x10,0x5f,0x0a,0x00,0x72,0x9f,0xf5,0xef,0xfb,0x58,0xff,0xf1,0x28,0x00,
0x1f,0xe5,0x6c,0x01,0x04,0x70,0x00,0x4c,0xfe,0x86,0xff,0x20,0x4f,0xff,0x02,0x1f,
0x0d,0x2b,0x03,0x09,0x11,0xd0,0x2b,0x03,0x24,0xb5,0x9f,0x2b,0x03,0x3e,0x4c,0xfe,
0x8b,0x78,0x03,0x05,0x0b,0x00,0xd1,0x0e,0xfc,0x6e,0xf0,0xef,0xff,0xff,0x0e,0xff,
0xfa,0xa0,0xef,0xf2,0x08,0x05,0x2d,0xef,0xe0,0x07,0x00,0x00,0xdb,0x15,0x40,0xef,
0xc7,0x00,0x07,0x35,0x16,0xe0,0x0f,0xfd,0x22,0xbf,0xf5,0x1f,0xfb,0x00,0x27,0x73,
0x0c,0xff,0xd8,0x50,0xfa,0x15,0xf1,0x01,0xfe,0x50,0x00,0x02,0x7b,0xff,0xf3,0x39,
0x92,0x00,0x5f,0xf7,0x3f,0xfb,0x21,0x8f,0xc2,0x0b,0xc0,0xd0,0x00,0x5c,0xff,0xd7,
0x10,0x02,0x88,0x30,0x00,0x5f,0xf7,0xc9,0x0f,0xb0,0x0e,0xff,0xff,0xf4,0xef,0xff,
0xff,0x41,0x6f,0xf8,0x10,0xd7,0x0f,0x02,0x15,0x00,0x04,0x07,0x00,0xa1,0x4f,0xfd,
0x62,0x01,0xef,0xff,0x60,0x04,0xcf,0xe4,0xbe,0x00,0x0f,0x05,0x00,0x0b,0xb0,0xef,
0xe0,0x00,0xbf,0xf2,0xcf,0xf9,0x59,0xff,0xf2,0x5f,0xe0,0x00,0x50,0x06,0xdf,0xe8,
0x9f,0xf2,0xcb,0x0a,0x50,0xfc,0x6f,0xf7,0x00,0x6f,0x0d,0x14,0xe0,0xaf,0xf2,0x0b,
0xff,0x00,0xef,0xd0,0x06,0xff,0x43,0xff,0x70,0x01,0xff,0x28,0x04,0x30,0xcf,0xdb,
0xfd,0xe1,0x07,0x10,0xf8,0xf4,0x06,0x10,0xf3,0x4c,0x06,0x12,0xd0,0x53,0x11,0xa0,
0x9f,0xf1,0x00,0xdf,0x70,0x07,0xff,0x45,0xff,0x40,0x37,0x00,0xf0,0x1c,0xf0,0x1f,
0xf7,0x06,0xff,0xf1,0x0d,0xfc,0x00,0xdf,0xa0,0xaf,0xff,0x50,0xff,0x80,0x09,0xfe,
0x0e,0xfc,0xf9,0x3f,0xf4,0x00,0x6f,0xf4,0xfe,0x4f,0xe7,0xff,0x00,0x02,0xff,0xcf,
0xa0,0xff,0xdf,0xc0,0x00,0x0e,0xff,0xf5,0x0a,0x4b,0x00,0x41,0xaf,0xff,0x10,0x6f,
0x85,0x0d,0x20,0xc0,0x01,0x15,0x11,0x40,0x2f,0xf7,0x00,0x0d,0x8d,0x0d,0xf0,0x00,
0xfa,0x00,0x6f,0xf9,0x00,0xdf,0xf3,0x0e,0xff,0x10,0x04,0xff,0xb7,0xff,0x80,0xab,
0x0f,0x10,0xe0,0x78,0x00,0x11,0xf6,0x2c,0x17,0x01,0x12,0x07,0x10,0xf8,0x63,0x06,
0x60,0xef,0xf1,0x00,0x06,0xff,0x95,0x30,0x03,0x00,0xd4,0x09,0x00,0xff,0x0c,0xf0,
0x00,0xfb,0x00,0xcf,0xf3,0x00,0x2f,0xfd,0x07,0xff,0x80,0x07,0xff,0x70,0x1f,0xfc,
0x9e,0x06,0xf0,0x05,0xcf,0xf1,0x0f,0xfc,0x00,0x06,0xff,0x65,0xff,0x70,0x00,0x1f,
0xfa,0x9f,0xf2,0x00,0x00,0xbf,0xfe,0xfc,0x7a,0x07,0x00,0xc2,0x06,0x11,0x0f,0x8b,
0x11,0x20,0xaf,0xfb,0x71,0x07,0x00,0xd1,0x12,0x00,0xce,0x00,0x40,0x00,0x04,0x8f,
0xfb,0xa1,0x07,0x00,0xdb,0x01,0x20,0x0b,0xfc,0x54,0x07,0x01,0x79,0x04,0x10,0x2f,
0x0d,0x05,0x30,0x05,0x55,0x5b,0x7b,0x06,0x32,0x2f,0xfe,0x10,0x5e,0x11,0x10,0x09,
0xb1,0x0c,0x10,0x5f,0xfc,0x0a,0x11,0xef,0x01,0x17,0x43,0xb5,0x55,0x52,0x4f,0x5e,
0x07,0x00,0xa2,0x00,0x80,0x49,0x00,0x00,0x8f,0xf2,0x00,0x3f,0xf6,0x6d,0x16,0x50,
0x00,0xcf,0xc0,0x00,0x0c,0x9e,0x0e,0x40,0xb0,0x00,0x0e,0xfa,0x62,0x11,0x31,0x08,
0xff,0x90,0xae,0x07,0x60,0x6f,0xf6,0x00,0x00,0xef,0xa0,0x99,0x16,0x00,0x23,0x00,
0xff,0x05,0x0b,0xfc,0x00,0x00,0x9f,0xe0,0x00,0x03,0xff,0x70,0x00,0x07,0xff,0x10,
0x00,0x03,0x80,0x5f,0x65,0xf6,0x03,0x00,0x03,0xe0,0x61,0x31,0x38,0x10,0x00,0x08,
0xfe,0x30,0x00,0x0c,0xfd,0x00,0x00,0x5f,0x27,0x0b,0xf4,0x0e,0x50,0x00,0x2f,0xf6,
0x00,0x02,0xff,0x60,0x00,0x1f,0xf7,0x00,0x00,0xcf,0xd3,0x00,0x02,0xdf,0xf2,0x00,
0x2e,0xff,0x20,0x0c,0xfd,0x20,0x01,0xff,0x70,0x1c,0x00,0xf0,0x00,0x2f,0xf5,0x00,
0x05,0xff,0x30,0x01,0xcf,0xc0,0x00,0x8f,0xe2,0x00,0x02,0x71,0x88,0x12,0x02,0x83,
0x18,0xf1,0x05,0x80,0x04,0xfd,0x7f,0xff,0xff,0xc6,0xdf,0xad,0xf8,0x17,0xff,0xff,
0xf3,0x9a,0x10,0x03,0xcf,0xd5,0x00,0xe5,0x12,0x13,0xa0,0x98,0x11,0x14,0x0b,0x12,
0x13,0x33,0x0c,0xff,0xb0,0x09,0x00,0x20,0xe9,0xfb,0x89,0x08,0x00,0x66,0x07,0xe1,
0x9f,0xa0,0x00,0x1f,0xda,0xaa,0xaa,0xaa,0x60,0x0a,0xfa,0x00,0x1f,0x80,0x1e,0x00,
0x23,0xaf,0xa0,0x09,0x00,0x23,0x0b,0xf6,0x09,0x00,0x41,0x3e,0xf3,0x1f,0x90,0xdf,
0x10,0x31,0xef,0x40,0x1f,0xbd,0x15,0xb2,0x2e,0xf4,0x00,0x07,0xaa,0xaa,0xaa,0xae,
0xe2,0xef,0x40,0x51,0x00,0x24,0xfd,0xf5,0x63,0x00,0x23,0x50,0x00,0x3c,0x00,0x04,
0x81,0x13,0x13,0x30,0xbd,0x12,0x13,0x90,0x11,0x00,0x23,0x7f,0xf0,0x11,0x00,0x23,
0xff,0xf0,0xbd,0x13,0x22,0xcb,0xf0,0x06,0x26,0x21,0xfd,0x1a,0x31,0x09,0xc1,0x00,
0x4f,0xd1,0x03,0x99,0x99,0x99,0x9a,0xf8,0x04,0xfe,0x10,0x65,0x0c,0x42,0xf8,0x0f,
0xf2,0x00,0x09,0x00,0x23,0x0b,0xf7,0x09,0x00,0x31,0x00,0xcf,0x60,0x5d,0x00,0x61,
0xf8,0x00,0x0c,0xf5,0x07,0xff,0xb6,0x01,0xc3,0x01,0xdf,0x5a,0xfa,0xaa,0xaa,0xaa,
0x92,0x00,0x00,0x1d,0xfd,0x5a,0x00,0x33,0x01,0xef,0xf0,0x75,0x00,0x14,0x2e,0x09,
0x00,0x23,0x01,0x30,0x09,0x00,0x11,0x06,0x41,0x00,0x00,0x21,0x0c,0x01,0x07,0x00,
0x41,0x08,0xfc,0xcf,0x80,0x0f,0x00,0x30,0xc0,0x0c,0xf8,0x0f,0x00,0x00,0x4d,0x0f,
0x40,0x80,0x00,0x00,0x8f,0x05,0x09,0x41,0xf9,0x00,0x09,0xfc,0x67,0x0d,0x40,0x90,
0x5f,0xff,0xfb,0x5f,0x0a,0xff,0x02,0xf5,0x2a,0xaa,0xee,0x00,0x00,0xee,0xaa,0xa2,
0x00,0x00,0xbe,0x00,0x00,0xec,0x00,0x00,0x08,0x00,0x17,0x42,0xbf,0xaa,0xaa,0xfc,
0x03,0x13,0x02,0x49,0x0d,0x52,0x5a,0xaa,0xaa,0xa4,0x00,0xb4,0x0a,0x01,0xb1,0x07,
0x13,0xce,0x28,0x00,0x0f,0x08,0x00,0x13,0x20,0x18,0x88,0x88,0x00,0x50,0x88,0x81,
0x6f,0xff,0xfc,0x0b,0x02,0x40,0xf6,0x0b,0xfb,0x10,0x91,0x1a,0x01,0x6c,0x19,0x01,
0x43,0x19,0x60,0x0c,0xf9,0x00,0x00,0x9f,0xc0,0x28,0x02,0x12,0x90,0xc4,0x00,0x20,
0x0c,0xf9,0x0f,0x00,0x00,0x11,0x00,0x13,0xfc,0xb2,0x01,0x2a,0xc0,0x00,0x01,0x00,
0x14,0x11,0x09,0x00,0x14,0x99,0xc2,0x01,0x11,0xff,0xec,0x0d,0x03,0xc9,0x17,0x02,
0x29,0x0c,0x01,0x91,0x01,0x00,0xce,0x00,0x02,0x89,0x14,0x31,0x03,0xff,0x22,0xd7,
0x0a,0x00,0x70,0x00,0x02,0x60,0x00,0x51,0x4f,0xf1,0x00,0x1f,0xf4,0x68,0x00,0x10,
0x80,0x4d,0x01,0x00,0xa8,0x03,0x30,0x10,0x00,0x01,0x1e,0x02,0x20,0x0d,0xf7,0x05,
0x02,0x50,0xd0,0x00,0x00,0x6f,0xe0,0x84,0x05,0x00,0x46,0x03,0x50,0xa5,0x55,0x55,
0x55,0x5a,0x23,0x10,0x02,0x01,0x00,0x23,0x70,0x0e,0x09,0x00,0x02,0xf6,0x1a,0x23,
0x27,0x83,0x30,0x02,0x03,0xa6,0x0c,0xa0,0xe4,0x4d,0xf3,0x00,0x00,0x4b,0xf9,0x8f,
0x50,0x05,0xf5,0x05,0xd0,0xd5,0xbf,0x60,0x05,0xf7,0x00,0xbf,0xc3,0x00,0xef,0xe6,
0x6e,0xf2,0x18,0x15,0x10,0xff,0xa6,0x1a,0x10,0xe1,0x63,0x13,0xf1,0x15,0xe4,0x60,
0x5f,0x90,0x00,0x06,0xff,0xfa,0x16,0xf5,0x7f,0x50,0x00,0x09,0xff,0x60,0x03,0xf8,
0x8f,0x40,0x00,0x0c,0xd2,0x00,0x03,0xf9,0x6f,0x60,0x00,0x08,0x00,0x00,0x05,0xf7,
0x2f,0xb0,0xd8,0x00,0x21,0xf3,0x0b,0xab,0x00,0x50,0x3f,0xc0,0x02,0xff,0x40,0xeb,
0x13,0xf0,0x01,0x30,0x00,0x4f,0xfb,0x52,0x25,0xaf,0xf6,0x00,0x00,0x03,0xcf,0xff,
0xff,0xfd,0x30,0xe2,0x00,0x31,0x79,0xa8,0x30,0x86,0x00,0x30,0x77,0x77,0x77,0x0f,
0x01,0x00,0x89,0x04,0x20,0xfd,0x03,0x5a,0x02,0xf0,0x0a,0x70,0x9f,0xff,0xf3,0x3f,
0xc0,0x00,0x00,0x4f,0xf3,0x0c,0xff,0x70,0x9f,0x82,0x00,0x07,0x98,0x70,0x01,0xec,
0x00,0x07,0xaf,0x50,0x2e,0x1a,0x10,0x42,0xf4,0x00,0x21,0x03,0x94,0xc1,0x00,0x32,
0x57,0x80,0x6f,0x41,0x16,0x32,0x5f,0xf3,0x5d,0xda,0x00,0x42,0x29,0x61,0x06,0xa2,
0x03,0x03,0x32,0xb1,0x1f,0xf8,0x1d,0x03,0x40,0xe0,0x08,0x6a,0x10,0x1b,0x0c,0x40,
0xd3,0x20,0x00,0xcf,0x9d,0x00,0xb0,0x2a,0xfe,0x00,0x00,0x9d,0x6e,0x50,0x00,0x15,
0xf7,0x75,0x4d,0x01,0x40,0x8f,0xca,0xf7,0xff,0x28,0x00,0x52,0x6c,0x4f,0xc9,0xf7,
0x74,0x44,0x00,0x21,0x63,0x82,0xd8,0x02,0x14,0x40,0xe5,0x03,0x41,0xf9,0x38,0xbc,
0xa6,0x1a,0x04,0x12,0xef,0x3f,0x0e,0xe0,0x0b,0xf9,0x0b,0xfd,0x10,0x15,0xcf,0xd1,
0x00,0x6f,0xd0,0x00,0xaf,0xc1,0x8d,0x01,0x12,0x1c,0xd1,0x02,0xf0,0x08,0x9f,0x70,
0x04,0xff,0xa0,0x02,0xff,0x10,0x00,0x0e,0xe0,0x09,0xfd,0xfb,0x2e,0xf6,0x00,0x00,
0x08,0xf4,0x0b,0xf0,0xaf,0x79,0x16,0x41,0x04,0xf6,0x0d,0xe0,0x85,0x1a,0x60,0x04,
0xf8,0x0b,0xf0,0x00,0x10,0xbf,0x01,0x32,0xf6,0x08,0xf4,0x29,0x03,0x10,0xf3,0x6e,
0x1d,0x00,0xba,0x01,0x41,0xe0,0x00,0xbf,0x50,0x30,0x04,0x50,0x60,0x00,0x1e,0xf5,
0x00,0x14,0x1b,0x00,0x3c,0x01,0x40,0xc6,0x32,0x37,0xef,0xb9,0x00,0x51,0x19,0xff,
0xff,0xff,0xe7,0x29,0x00,0x31,0x16,0x89,0x84,0x08,0x00,0x60,0x14,0x44,0x44,0x33,
0x33,0x31,0x8d,0x06,0x01,0x9c,0x07,0x72,0x00,0xcf,0xed,0xdd,0xdc,0xdf,0xc0,0x15,
0x02,0x40,0x6f,0x50,0x00,0x06,0x6b,0x07,0x50,0xde,0x00,0x00,0x0b,0xf8,0x77,0x00,
0x90,0x00,0x00,0x0e,0xf5,0x00,0x00,0x2d,0xf2,0x00,0x6a,0x16,0x30,0x04,0xfe,0x40,
0xe5,0x0f,0x30,0x00,0x7f,0x90,0xf3,0x0f,0x40,0xdf,0x41,0xfc,0x00,0x24,0x1b,0x20,
0x5f,0x17,0x3a,0x00,0xf1,0x16,0x0f,0xc0,0x9c,0x0d,0x8f,0xb0,0x00,0x00,0x3f,0x90,
0xc6,0x4d,0x0e,0xd0,0x00,0x00,0x1f,0xb0,0x71,0x00,0x0f,0xb0,0x00,0x00,0x0c,0xf3,
0x00,0x00,0x8f,0x60,0x00,0x00,0x04,0xfe,0x62,0x39,0xfd,0x64,0x01,0x00,0x3f,0x18,
0x00,0x2a,0x01,0x32,0x7a,0x95,0x00,0x58,0x02,0x32,0x77,0x77,0x10,0xa6,0x0d,0x12,
0x20,0x07,0x00,0x41,0x31,0x10,0x4f,0xff,0x0a,0x14,0x82,0x5d,0x22,0x11,0x11,0x11,
0x00,0x4e,0x5c,0xfd,0x04,0x80,0x5d,0x00,0xbc,0xcc,0xcc,0x50,0x3e,0x5d,0xcc,0x08,
0x34,0x70,0x3e,0x5d,0x15,0x00,0x03,0x07,0x00,0x52,0xcd,0xdd,0xdd,0x60,0x3f,0x1c,
0x00,0x12,0x3f,0x15,0x00,0x22,0x3f,0x4d,0x07,0x00,0x21,0x4f,0xee,0x54,0x1a,0x75,
0x03,0x33,0x6f,0xff,0xff,0x41,0x10,0x69,0x00,0x43,0x28,0x88,0x88,0x10,0x8c,0x04,
0x02,0x08,0x00,0x80,0x6c,0xff,0xff,0xb3,0x34,0x00,0x00,0x2c,0x44,0x11,0xc0,0x5f,
0xa1,0x02,0xff,0xfb,0x53,0x36,0x93,0x5e,0xbe,0x6d,0xfe,0xd2,0x01,0x31,0x5d,0x05,
0xef,0xa9,0x0f,0x42,0x5d,0x00,0x09,0xf8,0x08,0x00,0x32,0x00,0x3c,0xd4,0x08,0x00,
0x31,0x00,0xaf,0x50,0x08,0x00,0x21,0x08,0xf6,0x10,0x00,0x31,0x01,0xbd,0x20,0x08,
0x00,0x21,0x4e,0xb0,0x28,0x00,0x31,0x07,0xff,0xe1,0x1a,0x18,0x21,0xbe,0x6f,0xaa,
0x1e,0x90,0x5f,0xb1,0x06,0xff,0xe6,0x10,0x01,0x51,0x47,0xc9,0x0e,0x30,0xfe,0xef,
0xfa,0xd7,0x03,0x10,0xbf,0x97,0x0b,0x00,0x87,0x00,0x50,0x56,0x64,0x00,0x24,0x44,
0x01,0x00,0x91,0x43,0xed,0xcf,0xff,0xcc,0xcc,0xcc,0xcf,0xf3,0xd3,0x12,0x70,0x1f,
0xf3,0x0f,0xfc,0x00,0x07,0xde,0x81,0x00,0x00,0x05,0x1f,0x80,0xf3,0x0e,0xfc,0x06,
0xef,0xff,0xff,0xf3,0xae,0x19,0x42,0xde,0xef,0xf3,0x0e,0x23,0x00,0x21,0x00,0x00,
0x07,0x00,0x22,0x0b,0xc9,0x31,0x00,0x18,0xfe,0x07,0x00,0x21,0x02,0x32,0x07,0x00,
0x22,0x08,0xa8,0x15,0x00,0x17,0xff,0x07,0x00,0x90,0xee,0xef,0xff,0xee,0xee,0xee,
0xee,0x12,0x22,0x01,0x00,0x10,0x21,0x8d,0x01,0x21,0x89,0x73,0x4b,0x00,0x10,0x3c,
0x8c,0x1b,0x01,0x5f,0x03,0xf0,0x0c,0xae,0x69,0xb8,0xef,0xa0,0x00,0x00,0x5f,0xe3,
0x0d,0x59,0xa0,0x1b,0xf9,0x00,0x01,0xfe,0x10,0x0d,0x59,0xa0,0x00,0xcf,0x50,0x09,
0xf6,0x00,0x09,0x00,0xf1,0x35,0x2f,0xd0,0x0e,0xe0,0x00,0x0d,0x9b,0xa0,0x00,0x0a,
0xf2,0x1f,0xa0,0x00,0x0a,0xee,0x70,0x00,0x05,0xf5,0x3f,0x80,0x00,0x22,0x00,0x1a,
0x30,0x03,0xf7,0x2f,0x80,0x05,0xfe,0x20,0xcd,0xf8,0x03,0xf6,0x0f,0xb0,0x7f,0x5e,
0xc2,0xf9,0x3d,0xd9,0xf4,0x0b,0xfa,0xe3,0xbe,0x40,0x3d,0xd4,0x7f,0xf0,0x04,0xfe,
0x3c,0xd2,0x00,0x00,0x7f,0xaf,0x80,0x00,0xbf,0xea,0x75,0x06,0x90,0x10,0x00,0x0c,
0xf9,0x10,0x00,0x00,0x7f,0xe2,0x53,0x01,0x50,0xfc,0xaa,0xbf,0xfc,0x20,0xef,0x03,
0x49,0x9e,0xff,0xfb,0x50,0x10,0x05,0x22,0x57,0x51,0x08,0x00,0x10,0x4e,0x81,0x08,
0x00,0x22,0x00,0x41,0xfe,0x63,0x5d,0xf4,0xea,0x06,0x41,0xf2,0x00,0x01,0xec,0xb1,
0x16,0x72,0xa0,0x00,0x00,0x9f,0x02,0xad,0xc4,0x09,0x00,0xf0,0x07,0x4f,0xff,0xff,
0x50,0x0c,0xe1,0x00,0x00,0xdd,0xaf,0xff,0xff,0xe0,0x05,0xfc,0x20,0x2b,0xf6,0xdf,
0xff,0xff,0xf2,0xfd,0x02,0x20,0xb0,0xcf,0x05,0x11,0x12,0x08,0x78,0x16,0x50,0x90,
0x00,0x7f,0xc5,0x3a,0x8a,0x18,0x31,0x00,0x03,0xfa,0x99,0x12,0x51,0xfd,0x00,0x0a,
0xf1,0x06,0x87,0x02,0x41,0x60,0x0f,0xa0,0x1f,0x09,0x00,0x41,0xd0,0x1f,0x70,0x8f,
0x09,0x00,0x41,0xf0,0x2f,0xb8,0xef,0x09,0x00,0x50,0xf1,0x0f,0xff,0xfd,0xcc,0x01,
0x00,0x09,0xbd,0x05,0x13,0x42,0x08,0x00,0x13,0xce,0xb0,0x05,0x23,0x1c,0xe3,0x68,
0x02,0x23,0xcf,0x40,0x1c,0x04,0xb2,0xf4,0x00,0x00,0x45,0x54,0x44,0x44,0x44,0xef,
0x50,0x00,0x49,0x00,0x13,0xf6,0x08,0x00,0x41,0xff,0x80,0x11,0x11,0x8c,0x01,0x11,
0x20,0x43,0x21,0x00,0x87,0x00,0x13,0xaf,0x08,0x00,0xb3,0x09,0xfe,0x66,0x77,0x78,
0x88,0x98,0x00,0x00,0x8f,0x90,0xb9,0x07,0x14,0xfa,0x76,0x1b,0x13,0xa0,0xbf,0x2d,
0x04,0x11,0x00,0x13,0x47,0x31,0x06,0x00,0xf8,0x01,0x02,0xe5,0x06,0x13,0xa6,0x82,
0x00,0x21,0x59,0xee,0xa9,0x1a,0x50,0x9e,0xc8,0x30,0x6e,0xc2,0x22,0x00,0x40,0x57,
0xcf,0xc3,0x09,0xce,0x05,0x51,0x34,0x10,0x29,0xf8,0x00,0x71,0x1d,0x22,0xb3,0x03,
0x9a,0x07,0x11,0x39,0xe3,0x07,0x61,0x4a,0xca,0xbb,0x52,0x00,0x00,0x84,0x07,0x21,
0x3e,0xc1,0xbf,0x06,0x40,0x01,0x00,0x3f,0xd1,0x97,0x09,0xd0,0x0a,0xfe,0x20,0xcf,
0xa0,0x00,0x0f,0xff,0x02,0xff,0xf9,0x0a,0xff,0xcf,0x0b,0x30,0x0f,0xff,0x60,0x46,
0x04,0x60,0xef,0x90,0x39,0x60,0x4f,0xf2,0x20,0x04,0x31,0x81,0x00,0x5f,0xf9,0x00,
0x47,0x6b,0xed,0xec,0x70,0x1e,0x01,0x51,0x3a,0xaa,0xaa,0xaa,0xa3,0x37,0x12,0x00,
0x77,0x18,0xe0,0x9f,0x20,0x00,0x06,0x5f,0xe2,0x00,0x9f,0x10,0x00,0x0f,0x15,0xfe,
0x20,0x07,0x00,0x40,0x20,0x7f,0xd0,0x9f,0x56,0x13,0xb0,0xca,0xf1,0x9f,0x10,0x00,
0x01,0x11,0x19,0xf1,0x9f,0x10,0x97,0x1a,0x0f,0x07,0x00,0x20,0x77,0xa9,0x99,0x99,
0x99,0x9d,0xf1,0x6f,0xc3,0x06,0x01,0x01,0x00,0x13,0x23,0xf7,0x03,0x41,0x3d,0xfe,
0xfb,0x20,0x27,0x1b,0x50,0xf7,0x00,0x19,0xe1,0x10,0xf1,0x11,0x40,0x70,0x00,0x00,
0xaf,0x92,0x0a,0x10,0x3f,0x33,0x1b,0x52,0x13,0xcc,0x00,0x00,0x5c,0x62,0x05,0x30,
0x50,0x00,0x9d,0x3d,0x01,0xf0,0x1c,0x51,0x08,0xa0,0x05,0xe2,0x00,0x01,0x59,0xdf,
0xf5,0x06,0xb0,0x0e,0x60,0x49,0xdf,0xff,0xeb,0x72,0x09,0x90,0x3f,0x00,0xaf,0xea,
0x76,0x00,0x00,0x0e,0x90,0x5d,0x00,0x22,0x00,0x8d,0x00,0x00,0x03,0xf3,0x5d,0x00,
0x00,0x03,0x23,0x07,0x50,0xa9,0x2f,0x00,0x00,0x0c,0x61,0x05,0xc2,0x6b,0x0d,0x70,
0x00,0x6e,0xee,0xea,0x00,0x00,0x8a,0x04,0xf3,0x7b,0x00,0x41,0xd6,0x00,0x7f,0x71,
0x17,0x22,0x50,0xc0,0x00,0x04,0xcf,0xee,0x77,0x02,0x00,0x30,0x08,0x44,0x23,0x32,
0x22,0x22,0x8a,0x2f,0x26,0x62,0x00,0x2b,0x02,0x03,0x09,0x00,0x23,0x07,0x90,0x09,
0x00,0x22,0x0e,0xd0,0x02,0x03,0xf0,0x0e,0xf9,0x2e,0x70,0x00,0x00,0x5a,0xa6,0x05,
0xff,0xff,0xb4,0x10,0x00,0x08,0xff,0xef,0x4e,0xe2,0x0a,0xf4,0x00,0x00,0x3f,0xc1,
0x05,0x3f,0xa0,0x04,0xf7,0x95,0x23,0x81,0x00,0x0e,0xe3,0x1a,0xf4,0x00,0x00,0xfb,
0x76,0x22,0x40,0xb0,0x00,0x03,0xf6,0x2b,0x05,0x53,0xf8,0x00,0x00,0x06,0xf2,0x5a,
0x00,0x23,0x09,0xf0,0x09,0x00,0x23,0x0b,0xd0,0x09,0x00,0x23,0x0d,0xb0,0x09,0x00,
0x23,0x0e,0xa0,0x09,0x00,0x28,0x0f,0x90,0x87,0x00,0x01,0x01,0x00,0xf2,0x09,0x10,
0x00,0x0a,0xff,0x70,0x7f,0x79,0xf3,0xbb,0x00,0xf7,0x9e,0x46,0xf4,0x1d,0xff,0xa0,
0x00,0x43,0x00,0x00,0x01,0x11,0x00,0x79,0x13,0x12,0x90,0x42,0x07,0x02,0xeb,0x00,
0x3f,0x09,0xfd,0x00,0x78,0x1c,0x58,0x15,0x00,0x87,0x00,0x03,0xfb,0x1b,0x31,0xaf,
0xe1,0x00,0xe1,0x13,0x1f,0x30,0x85,0x00,0x5a,0x22,0x02,0x86,0xed,0x0a,0x21,0xff,
0x80,0xad,0x0b,0x40,0x5b,0xf8,0x00,0x00,0x78,0x13,0x2f,0x78,0x20,0x85,0x00,0x58,
0x50,0x03,0xdf,0xed,0xef,0x50,0x12,0x0c,0x27,0xef,0xf9,0xba,0x01,0x0f,0x7e,0x00,
0x55,0xa0,0x09,0xf6,0x00,0xce,0x30,0x00,0x00,0x0e,0xfa,0x02,0x46,0x00,0x4f,0x03,
0x71,0x00,0x57,0x81,0x01,0x5a,0x21,0x08,0xed,0xf1,0x01,0x31,0x4d,0x16,0xd0,0x07,
0x00,0x21,0x06,0xd0,0xdc,0x04,0x1f,0xed,0x06,0x02,0x5b,0x01,0xae,0x07,0x01,0xae,
0x16,0x11,0x01,0x28,0x00,0x11,0xa0,0x2d,0x17,0x41,0xfd,0x55,0x55,0x53,0xa0,0x02,
0x01,0xa3,0x1e,0x00,0x6d,0x00,0x23,0x5f,0xfd,0xdf,0x0b,0x00,0x99,0x12,0x01,0xb5,
0x02,0x60,0xf6,0x0e,0xff,0x55,0x55,0x40,0x28,0x0f,0x50,0x00,0xdf,0xff,0xff,0xfd,
0xf2,0x0b,0x10,0x60,0x37,0x14,0x01,0x8c,0x23,0x12,0xff,0xb0,0x0d,0x01,0x17,0x06,
0x10,0x10,0xe0,0x08,0x51,0xfe,0x77,0x77,0xdf,0xf1,0x68,0x22,0xa2,0x70,0x00,0x0a,
0xff,0x75,0x55,0x55,0x13,0xff,0xf1,0x60,0x05,0x31,0xf3,0xbf,0xf8,0x7c,0x23,0x00,
0xe2,0x13,0x0f,0x3f,0x1f,0x49,0x31,0x9f,0xff,0xc6,0xf3,0x03,0x11,0xe5,0x64,0x06,
0x22,0x7f,0xf1,0x5e,0x05,0x01,0x7a,0x03,0x01,0xea,0x24,0x10,0x11,0xa8,0x00,0x01,
0xa4,0x00,0x12,0x1e,0x5f,0x17,0x1f,0x40,0x13,0x1f,0x39,0x03,0x61,0x00,0x10,0x09,
0x86,0x0a,0x20,0x3f,0xf7,0x6a,0x00,0x1f,0x90,0x5f,0x00,0x3b,0x20,0x68,0x20,0x82,
0x01,0xcf,0xd1,0x00,0x00,0xaf,0xb6,0xfd,0x10,0x03,0x87,0x00,0x48,0x50,0x5f,0x00,
0x38,0xff,0x00,0x03,0xec,0x00,0x6f,0x90,0x07,0xff,0x10,0xbf,0xd0,0x00,0x75,0x00,
0x17,0x30,0x5a,0x00,0x38,0x40,0x01,0x10,0x00,0x3f,0x8c,0x26,0x7f,0x60,0x00,0x6f,
0xe1,0x00,0x8f,0xf6,0x03,0x00,0x17,0x00,0x11,0x0b,0x7f,0xdf,0xe1,0x08,0xff,0x30,
0x2f,0xf4,0x38,0x00,0x1b,0xf1,0x01,0x00,0x17,0x70,0x00,0x01,0xdf,0xfb,0x00,0x1d,
0xf7,0x9f,0xa0,0x58,0x50,0x06,0x83,0x14,0x00,0x0f,0x04,0x00,0x24,0xcf,0x7f,0x80,
0x0a,0xf5,0xbf,0xd0,0x0f,0xf9,0x27,0x20,0x03,0x71,0x48,0x00,0x28,0x00,0xe7,0x0c,
0x00,0xef,0x1d,0x01,0xee,0x0c,0x10,0xd2,0xcf,0x19,0x71,0x67,0xcf,0xfe,0x10,0x00,
0x7f,0xf8,0x7c,0x12,0x20,0x7f,0xf8,0xec,0x1b,0x01,0x07,0x00,0x21,0xbf,0xf4,0x07,
0x00,0x30,0x9f,0xf5,0x3f,0xb4,0x03,0x98,0x8f,0xf6,0x2d,0xef,0xfe,0xd8,0x00,0x9f,
0xf5,0x1c,0x00,0x25,0xff,0xf0,0x38,0x00,0x03,0x46,0x00,0x03,0x54,0x00,0x31,0xff,
0xfe,0xc7,0x97,0x0f,0x83,0xdd,0xfa,0x00,0x00,0x7f,0xdd,0xff,0xc1,0x6d,0x05,0x0f,
0x1f,0x1f,0x48,0x12,0x04,0x03,0x10,0x12,0x06,0xcc,0x04,0x27,0x08,0xfe,0xc8,0x0c,
0x0f,0x39,0x1f,0x4d,0x00,0x43,0x05,0x11,0xfe,0x14,0x29,0x01,0x56,0x07,0x00,0x37,
0x13,0x0f,0x7c,0x00,0x58,0x31,0x01,0x77,0x00,0xdf,0x2b,0x00,0x4e,0x0d,0x43,0x06,
0xfd,0x24,0xee,0x63,0x0b,0x0f,0x7c,0x00,0x52,0x40,0x7c,0x70,0x2d,0x60,0xc0,0x0e,
0x10,0xee,0x31,0x09,0x4f,0xf1,0x4c,0xf8,0x00,0x7c,0x00,0x57,0x50,0x07,0xf8,0x00,
0xbf,0x40,0xe1,0x14,0xf1,0x03,0x0f,0xf8,0x00,0x00,0x02,0x72,0x00,0x47,0x10,0x00,
0x00,0x07,0xcf,0xec,0x50,0x00,0x00,0x2d,0xab,0x22,0xf0,0x00,0x0d,0xff,0xd8,0x9e,
0xff,0xa0,0x06,0xff,0xc0,0x00,0x1e,0xff,0x30,0xcf,0xf3,0x76,0x1e,0x20,0x0f,0xff,
0x9d,0x01,0x11,0xc1,0x6f,0x00,0x21,0xfe,0x2f,0x6f,0x00,0x12,0xf1,0x0d,0x00,0x02,
0x1a,0x00,0x30,0xc0,0xcf,0xf3,0x54,0x1c,0x03,0x34,0x00,0x63,0x0d,0xff,0xd8,0x8e,
0xff,0xa0,0x4e,0x00,0x00,0x5b,0x00,0xf0,0x09,0x60,0x00,0x00,0x50,0x00,0x01,0x50,
0x0c,0xf6,0x00,0x0c,0xf6,0x1d,0xff,0x50,0xcf,0xf7,0x01,0xdf,0xfd,0xff,0x70,0x00,
0x1e,0x2f,0x13,0x10,0x0b,0x58,0x22,0x11,0xaf,0xf3,0x1a,0xf2,0x07,0xa3,0xef,0xf3,
0x2f,0xfa,0x00,0x3f,0xf9,0x03,0xa0,0x00,0x03,0xa0,0x00,0x00,0x6c,0xfe,0xc6,0xaf,
0x30,0x00,0x1c,0xbf,0x15,0x50,0xcf,0xfd,0x89,0xef,0xfb,0x47,0x1f,0xf1,0x29,0x00,
0x8f,0xff,0x40,0x0b,0xff,0x40,0x01,0xfe,0xff,0xa0,0x0e,0xff,0x00,0x0a,0xf4,0xff,
0xd0,0x0f,0xfe,0x00,0x3f,0x90,0xff,0xf0,0x1f,0xfe,0x00,0xcf,0x10,0xff,0xf0,0x0f,
0xfe,0x06,0xf7,0x00,0xff,0xf0,0x0f,0xff,0x1e,0xd0,0x01,0xff,0xd0,0x0b,0xff,0xcf,
0x40,0x05,0xff,0x90,0x05,0xff,0xfb,0xac,0x07,0x50,0xcf,0xfd,0x88,0xdf,0xfb,0x2f,
0x0f,0x01,0x58,0x24,0x11,0xee,0x10,0x01,0x12,0x03,0x8b,0x12,0x03,0x2b,0x29,0x12,
0x0b,0xff,0x02,0x24,0xdf,0x90,0x89,0x02,0x0f,0xff,0x1f,0x47,0x00,0xbd,0x06,0x11,
0xb0,0x69,0x15,0x01,0xf1,0x06,0x14,0xe1,0x99,0x0e,0x0f,0x72,0x00,0x49,0x21,0x48,
0x50,0x4c,0x08,0x11,0xf8,0x13,0x16,0x02,0x34,0x1b,0x0f,0x72,0x00,0x4b,0xff,0x01,
0xce,0x30,0x2e,0xd1,0x00,0x01,0xff,0x70,0x5f,0xf3,0x00,0x00,0x57,0x00,0x06,0x50,
0xde,0x00,0x4a,0x03,0xb1,0x0b,0x01,0xbe,0x07,0x01,0xb7,0x17,0x03,0xca,0x01,0x0f,
0x17,0x20,0x4f,0x00,0x7a,0x1f,0x02,0x5a,0x1f,0x04,0x0b,0x00,0x31,0xff,0xfe,0xa3,
0x3a,0x08,0xf3,0x03,0xf5,0x0b,0xff,0x65,0x59,0xff,0xf1,0xbf,0xf2,0x00,0x08,0xff,
0x6b,0xff,0x20,0x00,0x5f,0xf8,0x0b,0x00,0x10,0x64,0x16,0x00,0x00,0xaf,0x0f,0x00,
0x2c,0x00,0x1c,0xb3,0x42,0x00,0x00,0x57,0x2a,0x21,0xfe,0xc4,0x44,0x16,0xc0,0xf6,
0x00,0x5f,0xfd,0x68,0xff,0xe0,0x09,0xff,0x40,0x0c,0xff,0xeb,0x1a,0xf1,0x2e,0xdf,
0xe0,0x0b,0xff,0x20,0x5f,0xf7,0x00,0xbf,0xf2,0x0b,0xff,0x10,0x0b,0xff,0x20,0xbf,
0xf4,0x00,0xbf,0xf2,0x06,0xff,0xf3,0x0b,0xff,0x20,0x08,0xff,0xf3,0xbf,0xf2,0x00,
0x07,0xff,0xbb,0xff,0x20,0x00,0x0e,0xfe,0xbf,0xf2,0x54,0x26,0xff,0xcb,0xff,0x2d,
0xff,0xff,0xf5,0xbf,0xf2,0xce,0xfe,0xb3,0x00,0x00,0xcf,0xf2,0x61,0x23,0x11,0xc0,
0x4b,0x0c,0x14,0x60,0x71,0x02,0x0f,0x89,0x1f,0x29,0x03,0xa5,0x0d,0x11,0x01,0x20,
0x14,0x24,0x9f,0xc0,0xbe,0x05,0x0f,0x53,0x00,0x2a,0x30,0x02,0xdf,0xb0,0x71,0x2a,
0x74,0x9f,0xc1,0x00,0x01,0x9a,0x20,0x5a,0xf0,0x0f,0x0f,0x53,0x00,0x2a,0x10,0x8e,
0xb6,0x0f,0x49,0x2d,0xcc,0xcc,0xb3,0x17,0x17,0x0f,0x53,0x00,0x29,0x80,0x01,0xdd,
0x10,0x4e,0xb0,0x00,0x4f,0xf4,0xd0,0x2b,0x4f,0x66,0x00,0x17,0x40,0xa6,0x00,0x31,
0x20,0x02,0xce,0x52,0x02,0xd4,0xa8,0x0b,0x70,0x00,0x00,0x0a,0x80,0xb7,0x00,0x00,
0x00,0x2c,0xea,0xab,0x00,0x61,0x03,0xae,0xfe,0x91,0x00,0x05,0xb8,0x0b,0xe0,0xef,
0xf5,0x3b,0xff,0x60,0x06,0x64,0x00,0x3f,0xf9,0x00,0x01,0x79,0xab,0xaa,0x05,0xf1,
0x06,0xff,0xff,0xfa,0x01,0xff,0xe3,0x03,0xff,0xa0,0x4f,0xf8,0x00,0x3f,0xfa,0x03,
0xff,0xd4,0x5d,0xff,0xa0,0x0c,0xbf,0x25,0xd1,0x19,0xef,0xc5,0xef,0xe0,0x00,0x2a,
0xdf,0xea,0x26,0xcf,0xfc,0x40,0xbd,0x22,0x00,0x85,0x12,0x10,0x0d,0x66,0x2f,0xe2,
0xd6,0x7e,0xff,0x00,0x77,0x60,0x00,0xff,0xf1,0x00,0x7f,0xf4,0x00,0x6c,0x33,0x12,
0x01,0x8d,0x0a,0x00,0x94,0x02,0x62,0x3f,0xfd,0x30,0x0e,0xff,0x00,0x4e,0x22,0x21,
0xef,0xf5,0x1a,0x0c,0x60,0x66,0xbf,0xff,0xf8,0x57,0xc9,0xb0,0x00,0x11,0xfc,0x04,
0x11,0x7f,0x8d,0xfe,0xa3,0x05,0xcf,0xfd,0x92,0x40,0x21,0x05,0x1a,0x02,0x40,0x21,
0x71,0x0b,0xdb,0x0b,0xff,0x95,0x9f,0xf9,0x28,0x00,0x30,0x00,0x19,0xff,0x9e,0x13,
0x10,0xcf,0x36,0x12,0x20,0x3b,0xfc,0x75,0x12,0x00,0x43,0x03,0x24,0x8e,0x91,0xa0,
0x02,0x26,0xef,0xb0,0x0c,0x08,0x00,0xa0,0x02,0x0f,0x17,0x21,0x2a,0x11,0x00,0x32,
0x25,0x11,0x01,0xac,0x03,0x24,0xaf,0xb0,0xa0,0x02,0x0f,0x53,0x00,0x2a,0x30,0x03,
0xef,0xa0,0x84,0x16,0x56,0x9f,0xb0,0x00,0x02,0xaa,0xa0,0x02,0x0f,0x53,0x00,0x29,
0xd6,0x02,0xed,0x10,0x5f,0xa0,0x00,0x5f,0xf3,0x09,0xff,0x00,0x00,0x65,0x4d,0x02,
0x0f,0x53,0x00,0x28,0x00,0xe2,0x23,0x30,0x08,0xff,0x20,0x98,0x33,0x21,0x01,0x10,
0xf1,0x2f,0x0f,0x03,0x00,0x09,0x8f,0x01,0xef,0xd1,0x0a,0xfe,0x20,0x4f,0xf3,0x2c,
0x00,0x11,0xd2,0x00,0x00,0xaf,0xe3,0x00,0x1c,0xf9,0xef,0x40,0x79,0x50,0x19,0x91,
0x9c,0x0a,0x1f,0xf2,0x04,0x00,0x16,0xcf,0xaf,0x60,0x0c,0xe2,0xef,0xa0,0x2f,0xf6,
0x37,0x10,0x05,0x60,0x3c,0x00,0x1d,0x03,0x77,0x14,0x30,0xfb,0x50,0x02,0x27,0x0b,
0x51,0xb8,0xf6,0x00,0x02,0x8f,0xa9,0x05,0x10,0x9f,0x17,0x17,0x20,0x6f,0x7a,0x87,
0x04,0xb0,0x10,0x0e,0xff,0x10,0x02,0xae,0xfc,0xcf,0xf6,0x02,0xef,0x0a,0x01,0x50,
0xaf,0xfb,0x45,0xbf,0xfb,0xb9,0x16,0x90,0xff,0xc2,0xff,0xb0,0x00,0x1f,0xfb,0x1f,
0xfb,0x3c,0x31,0x21,0xef,0xe0,0xf3,0x35,0x30,0xc6,0x8f,0xfd,0x30,0x01,0x10,0xfe,
0x44,0x33,0xc7,0xe9,0x20,0x00,0x05,0xef,0xff,0xff,0x20,0x0c,0xcc,0xcd,0xb5,0x20,
0x04,0x0f,0x62,0x21,0x25,0x26,0x8f,0xf6,0x30,0x12,0x24,0xcf,0xa0,0xc7,0x02,0x0f,
0x78,0x21,0x29,0x01,0x65,0x09,0x00,0x2f,0x01,0x10,0xd1,0x72,0x06,0x14,0xe2,0xc7,
0x02,0x0f,0x53,0x00,0x2b,0x20,0xbf,0xd2,0x0d,0x06,0x72,0x9f,0xe3,0x00,0x00,0x8a,
0x50,0x2a,0xcb,0x01,0x0f,0x53,0x00,0x2c,0x10,0x5e,0x0f,0x17,0x0b,0x45,0x01,0x0f,
0x53,0x00,0x2c,0xd4,0xbe,0x40,0x1d,0xd1,0x00,0x0f,0xf8,0x04,0xff,0x40,0x00,0x47,
0x10,0xe1,0x1d,0x0f,0xf9,0x00,0x2c,0x02,0xf5,0x1a,0x25,0xfb,0x00,0x5d,0x11,0x14,
0xfb,0x41,0x1e,0x01,0x66,0x11,0x01,0xe6,0x15,0x11,0xa1,0x3d,0x19,0x0f,0x2c,0x00,
0x07,0x11,0x74,0x10,0x1a,0x00,0x53,0x00,0x25,0xed,0xe0,0x8a,0x00,0x10,0xdf,0x8a,
0x00,0xf0,0x02,0x1f,0xef,0xf5,0x4f,0xf9,0x09,0xe5,0xff,0x85,0xff,0x71,0xf7,0x3f,
0xfa,0x4f,0xf8,0x9e,0x8a,0x00,0x75,0xdf,0x80,0x9f,0xf6,0x0a,0xff,0xf6,0x8a,0x00,
0x10,0x8f,0x8a,0x00,0x25,0x1f,0x80,0xae,0x08,0x20,0xbf,0xe1,0x0a,0x0a,0x13,0xfa,
0x2c,0x02,0x0f,0x37,0x22,0x24,0x00,0x00,0x0c,0x00,0x73,0x02,0x62,0xd1,0x00,0x00,
0x06,0xfe,0x20,0x24,0x02,0x0f,0x4b,0x00,0x25,0xd3,0x1c,0xfd,0x20,0x00,0x02,0xef,
0x8e,0xe3,0x00,0x07,0x83,0x02,0x87,0x0f,0x03,0x0f,0x4b,0x00,0x23,0xef,0x0c,0xe4,
0x02,0xdd,0x10,0x1f,0xf7,0x05,0xff,0x30,0x04,0x70,0x00,0x66,0x4b,0x00,0x2a,0x03,
0xb0,0x28,0x12,0x04,0xf1,0x34,0x13,0x80,0x07,0x03,0x0f,0x67,0x22,0x40,0x01,0x65,
0x20,0x0c,0x05,0x00,0x15,0xf5,0x60,0x28,0x24,0xfc,0x69,0x60,0x28,0x12,0xf0,0x56,
0x28,0x24,0x3f,0xf9,0x0a,0x00,0x27,0x9f,0xf6,0xfc,0x24,0x3e,0xf5,0xdf,0xd6,0x4b,
0x00,0x02,0x5e,0x19,0xc3,0x8f,0x70,0x00,0x9f,0xf0,0x0d,0xfb,0x00,0x01,0x74,0x00,
0x27,0x79,0x0e,0x0f,0xc8,0x00,0x40,0x62,0x00,0x06,0xaa,0xaa,0xaa,0x10,0xb9,0x13,
0x1f,0x20,0xbb,0x15,0x5f,0x01,0x96,0x3b,0x4f,0x0a,0xaa,0xaa,0xa8,0x77,0x09,0x36,
0x50,0x00,0x04,0x83,0x00,0x78,0xd8,0x00,0x36,0xfb,0x14,0xfe,0xb5,0x00,0x3f,0x00,
0x06,0x98,0x90,0x15,0x5a,0x61,0xef,0x40,0x7f,0xa0,0x00,0x06,0x71,0x2d,0x3f,0x03,
0x89,0x71,0xd8,0x00,0x32,0x0f,0x4c,0x16,0x57,0x00,0x3d,0x01,0x01,0x62,0x11,0x03,
0x83,0x23,0x31,0x0f,0xfe,0x80,0xcf,0x0c,0x67,0xef,0x80,0x00,0x3a,0xef,0xd8,0xc2,
0x00,0x1f,0xf7,0xc2,0x00,0x13,0x60,0xc0,0x01,0x9e,0xfc,0x3e,0xfd,0x1b,0x05,0x01,
0xbf,0x04,0x02,0x87,0x27,0x20,0xfe,0x90,0xaa,0x1e,0x01,0xd7,0x10,0x21,0x1e,0xfd,
0x2d,0x2b,0x26,0xfe,0x20,0x3e,0x19,0x01,0xbd,0x06,0x0f,0x85,0x35,0x4d,0x00,0xea,
0x0e,0x00,0x29,0x01,0x24,0x2f,0xf8,0x87,0x07,0x2f,0x11,0x00,0xee,0x2b,0x27,0x22,
0x03,0x86,0xf4,0x0d,0x11,0xfa,0x4a,0x24,0x23,0x16,0xfc,0xf9,0x1b,0x0f,0xc7,0x00,
0x51,0xd3,0x04,0xef,0x90,0x00,0x00,0x6f,0xea,0xfa,0x00,0x02,0xa9,0x10,0x6a,0x02,
0x07,0x0f,0xc7,0x00,0x25,0x22,0x02,0xa7,0xed,0x10,0x12,0xf1,0x08,0x02,0x06,0x95,
0x03,0x0f,0x8e,0x01,0x50,0x20,0xce,0x40,0x3b,0x00,0x00,0x19,0x02,0x3f,0x8a,0x20,
0x00,0xc7,0x00,0x2a,0x50,0x09,0xea,0x04,0xee,0x30,0xe4,0x04,0x01,0x34,0x03,0x12,
0x0b,0x3a,0x03,0x0c,0x55,0x02,0x11,0x10,0xc7,0x00,0x1e,0xfa,0xc7,0x00,0x04,0xba,
0x00,0x0e,0xc7,0x00,0x20,0x12,0x20,0xc7,0x00,0x17,0x0a,0xc7,0x00,0x1b,0x79,0xc7,
0x00,0x00,0x30,0x27,0xbf,0xcf,0x90,0x00,0x2d,0xfd,0xf7,0x00,0x00,0x01,0xab,0x50,
0xc7,0x00,0x2a,0x81,0x38,0x70,0x05,0x86,0x00,0x00,0x0b,0xfb,0xa7,0x20,0x12,0xbf,
0x08,0x15,0x2f,0x82,0x00,0x3d,0x38,0x49,0x01,0x5a,0x16,0x21,0x25,0xfb,0x07,0x00,
0x21,0x26,0xf9,0x07,0x00,0x21,0x2b,0xf4,0x07,0x00,0x22,0x27,0xa0,0xbb,0x2e,0x00,
0xed,0x00,0x00,0x2b,0x06,0x01,0xbe,0x2e,0x41,0x20,0x00,0x2f,0xfd,0x94,0x10,0x01,
0x96,0x2b,0x10,0x20,0xdf,0x2a,0x00,0x07,0x00,0x01,0x99,0x2b,0x11,0x20,0xd6,0x0d,
0x01,0x2a,0x00,0x26,0x82,0x6f,0x38,0x00,0x03,0xca,0x2e,0x0f,0x2a,0x17,0x57,0x03,
0xf9,0x2b,0x11,0x2f,0xe2,0x14,0x43,0x1d,0xdf,0xff,0xd9,0x12,0x00,0x01,0xce,0x00,
0x02,0x95,0x00,0x02,0xcc,0x00,0x02,0xcb,0x00,0x02,0xca,0x00,0x02,0xc9,0x00,0x02,
0xc8,0x00,0x02,0xc7,0x00,0x02,0xc6,0x00,0x03,0xc5,0x00,0x01,0xc4,0x00,0x10,0x01,
0x42,0x29,0x00,0x24,0x1b,0x02,0x84,0x1e,0x0f,0x06,0x1a,0x39,0x00,0x92,0x01,0x00,
0x17,0x07,0x19,0xa7,0x17,0x07,0x0f,0xee,0x0d,0x29,0xb1,0x01,0x86,0x00,0x38,0x40,
0x00,0xff,0x31,0xcf,0x60,0x00,0x38,0x28,0x3f,0x03,0x89,0x60,0xb2,0x00,0x3b,0x30,
0x30,0x8f,0x90,0xae,0x27,0x19,0xf2,0xf1,0x06,0x0f,0x99,0x0f,0x2b,0x11,0x8a,0xa6,
0x3e,0x13,0x90,0x19,0x04,0x0f,0x64,0x01,0x3d,0x30,0x00,0xbf,0x60,0x77,0x03,0x01,
0x82,0x00,0x2f,0x7b,0x30,0xb2,0x00,0x31,0x0f,0x9e,0x00,0x0c,0x06,0x99,0x00,0x01,
0xa8,0x00,0x0f,0x9e,0x00,0x0c,0x20,0x0a,0xf8,0x3f,0x0c,0x10,0xe0,0x05,0x00,0x20,
0xfd,0x40,0x76,0x19,0x10,0x50,0x87,0x0e,0x11,0x10,0x92,0x0e,0x60,0x10,0x08,0xff,
0xc6,0x9f,0xfa,0x53,0x3f,0x81,0xbf,0xf0,0x2f,0xfb,0x00,0x08,0xff,0x34,0x9c,0x00,
0x01,0xbe,0x11,0x12,0x41,0x33,0x16,0xf0,0x00,0xff,0x60,0x01,0xa2,0x00,0x3f,0xff,
0xed,0xff,0xd0,0x00,0x3d,0xff,0xff,0xc2,0xf2,0x04,0x10,0x80,0x3d,0x08,0x11,0xe0,
0xd7,0x04,0x10,0xe5,0xa4,0x06,0xf0,0x01,0xee,0x50,0x00,0x03,0x87,0x00,0x58,0x70,
0x00,0xaf,0xb6,0xfe,0x30,0x00,0x0a,0xff,0x40,0x23,0x2f,0x78,0x20,0x64,0x01,0x39,
0x81,0x02,0xdf,0x60,0xbf,0xa0,0x00,0x01,0xcf,0x89,0x0b,0x2f,0x9b,0x60,0x16,0x02,
0x33,0x22,0x02,0x86,0x66,0x21,0x11,0xfb,0x1d,0x3f,0x26,0x15,0xfd,0x68,0x07,0x0f,
0x62,0x3c,0x4d,0x02,0x78,0x14,0x13,0x03,0x78,0x14,0x12,0x4a,0x27,0x2d,0x0f,0x1c,
0x33,0x41,0x01,0xc4,0x0a,0x10,0x10,0x22,0x2a,0x21,0x3f,0xf0,0xef,0x2d,0x01,0x2f,
0x10,0x2f,0x69,0x83,0xe5,0x00,0x52,0x1e,0xdf,0xbb,0x0a,0x0f,0xe5,0x00,0x43,0x04,
0x6b,0x08,0x21,0x9f,0xf2,0x39,0x09,0x07,0xc3,0x41,0x0f,0xe5,0x00,0x4f,0x34,0x00,
0xaf,0x70,0x1d,0x43,0x3f,0x00,0x6b,0x40,0xe5,0x00,0x48,0x0f,0xcb,0x00,0x50,0x22,
0x07,0x81,0x9f,0x08,0x11,0x10,0xac,0x08,0x22,0xe0,0x00,0xc2,0x1b,0x01,0x05,0x11,
0x02,0x25,0x25,0x11,0x20,0xba,0x28,0x01,0x6b,0x01,0x00,0xe5,0x0a,0x02,0x50,0x2f,
0x29,0xbf,0x70,0x5c,0x06,0x61,0x03,0xbf,0xfa,0x5f,0xf5,0x03,0xe3,0x15,0xb0,0xcf,
0xfc,0x68,0xff,0xf5,0x1f,0xfe,0x00,0x08,0xff,0x54,0xf6,0x30,0x35,0xf5,0x5f,0xf8,
0x0b,0x00,0x01,0x16,0x00,0x20,0x50,0xbf,0x21,0x00,0x11,0x02,0x2c,0x00,0x60,0x02,
0xbf,0xfa,0x9f,0xf4,0x00,0xae,0x46,0x80,0x30,0x2f,0xb5,0x4a,0xff,0xd0,0x06,0xff,
0x39,0x02,0x40,0x04,0xbe,0xfd,0x91,0x86,0x00,0x11,0x71,0x69,0x00,0x11,0xfc,0xa1,
0x2c,0x8f,0x7f,0xc0,0x00,0x00,0x48,0x60,0x05,0x84,0xa8,0x3f,0x48,0x30,0x00,0x5f,
0xf8,0x7b,0x0b,0x62,0x9f,0xa0,0x00,0x38,0x70,0x05,0x7f,0x2c,0x0f,0x67,0x36,0x39,
0x01,0x88,0x11,0x20,0xff,0xf0,0x7e,0x08,0x00,0xca,0x3f,0x03,0x0f,0x00,0x12,0x0b,
0x11,0x17,0x95,0xf3,0x8e,0xff,0xdb,0xbb,0xbb,0xff,0xfb,0x20,0x1e,0x00,0x53,0xa6,
0x66,0x66,0xff,0xf0,0x77,0x3c,0x02,0x18,0x23,0x0d,0x3c,0x00,0x0f,0x0f,0x00,0x0c,
0x02,0xd4,0x14,0x11,0x8f,0xb2,0x2b,0x45,0x6d,0xff,0xfd,0xd4,0xfa,0x19,0x90,0xbf,
0xf3,0xaf,0xfb,0x10,0x00,0xbf,0xfe,0xff,0x08,0x11,0x40,0xfd,0x77,0xef,0xf3,0x18,
0x00,0x20,0x7f,0xf6,0x06,0x00,0x12,0x6f,0x06,0x00,0x1f,0xf7,0x06,0x00,0x0b,0x63,
0x1c,0xff,0xdd,0xf7,0xaf,0xdd,0xda,0x2f,0x0f,0xf0,0x20,0x28,0x75,0x4d,0xff,0xff,
0xf4,0xad,0xdd,0xdc,0xda,0x05,0x0f,0xae,0x15,0x19,0x53,0x4a,0xaa,0xaa,0xa3,0x7f,
0x8e,0x2c,0x0f,0x84,0x00,0x28,0x00,0x62,0x01,0x5f,0xf2,0x6a,0xaa,0xaa,0xa1,0x84,
0x00,0x21,0x90,0x38,0x40,0x06,0x82,0x4f,0xd1,0x2f,0xf1,0x0b,0x67,0x30,0x2f,0x59,
0x84,0x88,0x00,0x2a,0xbf,0x8f,0x70,0x0f,0xf0,0x3f,0xfb,0xdf,0xa0,0x04,0xcf,0xe9,
0x88,0x00,0x1d,0x00,0x87,0x0e,0x2f,0x8f,0xf6,0x05,0x00,0x0b,0xd0,0x0b,0xff,0x63,
0xfd,0x20,0xaf,0x60,0x0a,0xfe,0xc0,0x2c,0xfc,0x00,0xf5,0x46,0x00,0xf8,0x30,0x00,
0xe9,0x07,0x3f,0x10,0xcf,0xf1,0x05,0x00,0x01,0xf0,0x03,0x0f,0xff,0x15,0xfc,0x10,
0xdf,0x30,0x0d,0xfe,0x90,0x4d,0xf9,0x00,0x1a,0x90,0x7f,0xf4,0x3e,0x4a,0x2b,0x0f,
0xca,0x42,0x0a,0x2f,0xbf,0xf2,0x02,0x00,0x01,0x12,0x8f,0x65,0x3d,0x11,0xc8,0x44,
0x12,0x2f,0x2f,0xfc,0x0f,0x00,0x2b,0xf2,0x06,0x04,0x66,0x10,0x03,0xff,0xb8,0xff,
0x60,0xbf,0xf4,0x00,0x5f,0xf9,0x8f,0xf6,0x06,0xff,0xd4,0x5e,0xff,0x38,0x70,0x26,
0x50,0x90,0x8f,0xf6,0x00,0x08,0xe3,0x07,0x90,0x7f,0xb0,0x04,0xed,0x2e,0xff,0x20,
0xaf,0xf6,0x09,0x00,0x12,0x20,0xb6,0x39,0x7f,0x07,0xff,0x6c,0xff,0x10,0x7f,0xf6,
0x09,0x00,0x14,0x00,0x6f,0x00,0x50,0x7f,0xf5,0x00,0x04,0x6e,0xe0,0x18,0x61,0xff,
0xb0,0x00,0x08,0xfe,0x91,0xce,0x0e,0x12,0x83,0x0e,0x0c,0x00,0x73,0x02,0x37,0x1d,
0xf7,0x1b,0x53,0x21,0x01,0xa0,0x2e,0x02,0x74,0x03,0x0f,0x0d,0x00,0x20,0x01,0xd0,
0x43,0x00,0x49,0x11,0x10,0x04,0x63,0x4e,0x00,0xd3,0x43,0x01,0x12,0x27,0x00,0x9f,
0x01,0x00,0xd6,0x43,0x03,0xdc,0x10,0x92,0x1c,0xf9,0xee,0x30,0x08,0xa6,0x02,0xaa,
0x10,0x31,0x16,0x00,0x93,0x0e,0x2f,0x8f,0xf4,0x09,0x00,0x18,0x20,0x9f,0xf3,0xd1,
0x00,0x20,0x10,0x00,0x78,0x43,0x10,0x0b,0x92,0x11,0x0f,0x2e,0x44,0x47,0x43,0x00,
0x00,0x58,0x30,0xe5,0x31,0x00,0x7e,0x01,0x01,0x5e,0x18,0x02,0x04,0x0f,0x00,0xb0,
0x2f,0x0f,0x18,0x3b,0x38,0x30,0x00,0x04,0x84,0x0c,0x01,0x10,0xf8,0x23,0x01,0x14,
0xf5,0xbe,0x06,0xf0,0x0a,0x06,0x40,0x00,0x00,0xbf,0xf1,0x00,0xaf,0xfd,0x0b,0xff,
0x10,0x4f,0xff,0x30,0xbf,0xf1,0x0e,0xff,0x80,0x0b,0xff,0x19,0xff,0xd0,0xce,0x00,
0x31,0xf2,0x00,0x0b,0x5a,0x01,0x01,0xc8,0x30,0xf1,0x08,0x0b,0xff,0x16,0xff,0xe1,
0x00,0xbf,0xf1,0x0c,0xff,0xb0,0x0b,0xff,0x10,0x2f,0xff,0x60,0xbf,0xf1,0x00,0x8f,
0xff,0x20,0xa2,0x27,0x33,0x01,0xef,0xd1,0x54,0x12,0x1e,0x4f,0xfc,0x44,0x0f,0x01,
0x45,0x2a,0x20,0x00,0x11,0x30,0x3d,0x5f,0x0c,0xfd,0x10,0x6f,0xe1,0x53,0x3c,0x13,
0x07,0x03,0x00,0x0f,0x87,0x00,0x39,0x02,0xc9,0x29,0x10,0xfe,0xbd,0x07,0x14,0xfd,
0xf4,0x07,0x22,0x09,0xf1,0x33,0x2d,0x0f,0x18,0x04,0x07,0x09,0x05,0x00,0x01,0xe2,
0x11,0x60,0x7f,0x90,0x0a,0xf5,0x00,0xcc,0x36,0x00,0x81,0xbf,0xf3,0x03,0xfd,0x00,
0xbf,0xf3,0x04,0x4a,0x02,0x10,0xf8,0x03,0x4c,0x01,0xb2,0x00,0x1f,0x20,0x9e,0x00,
0x20,0x60,0xcf,0xf1,0x6f,0xac,0xff,0x18,0xf9,0x3c,0x70,0x3c,0xff,0x1b,0xb0,0xcf,
0xf1,0x00,0x6e,0x00,0x0f,0x07,0x00,0x0c,0x0f,0x62,0x00,0x09,0x60,0x07,0xa2,0x00,
0xbf,0xf3,0x2f,0x18,0x46,0x2f,0x0c,0xf5,0x80,0x00,0x13,0x0f,0x64,0x00,0x02,0x9f,
0x9f,0x8c,0xff,0x1e,0xfd,0xcf,0xf1,0x5a,0x4c,0x80,0x00,0x02,0x11,0x06,0x44,0x2d,
0x01,0xfb,0x40,0x0e,0x0b,0x00,0x20,0xfa,0x77,0x65,0x2b,0x00,0x7d,0x03,0x6f,0xff,
0xfb,0x30,0x00,0x00,0x8b,0x2c,0x00,0x03,0x00,0xb6,0x41,0x20,0x40,0x6f,0xfd,0x0c,
0x00,0x2b,0x1a,0x00,0x39,0x43,0x1a,0x60,0x03,0x00,0x8c,0x62,0x06,0xff,0xfc,0x7e,
0xff,0xc5,0xad,0x18,0x00,0x00,0x03,0x00,0x05,0xa1,0x22,0x01,0xd2,0x00,0x11,0x05,
0xf8,0x19,0x2f,0x0e,0xf7,0xdc,0x27,0x4a,0x02,0x11,0x1a,0x00,0x36,0x1c,0x15,0x05,
0x11,0x1a,0x0f,0xd5,0x1c,0x23,0x0f,0xa5,0x00,0x49,0x03,0xa6,0x05,0x11,0xf1,0x06,
0x00,0x11,0xf0,0x6b,0x38,0x11,0xb0,0x8d,0x32,0x02,0xd8,0x13,0x0f,0x8a,0x1d,0x28,
0x02,0xd6,0x1b,0x14,0xfa,0x40,0x03,0x01,0x14,0x38,0x15,0x0d,0x61,0x33,0x12,0x48,
0x81,0x13,0x11,0xfa,0x81,0x13,0x12,0xcf,0x81,0x13,0x1f,0x71,0x90,0x01,0x49,0xdf,
0x0a,0xfa,0x07,0xfd,0x20,0x00,0x9f,0xcf,0xc1,0x00,0x00,0x07,0xb9,0x65,0x1e,0x2b,
0x22,0x05,0xfb,0xb0,0x33,0x24,0x90,0x00,0xd8,0x00,0x00,0x57,0x61,0x02,0x49,0x01,
0x20,0xfb,0x3c,0x7f,0x17,0x00,0x54,0x00,0x00,0x79,0x45,0x51,0xb6,0x8f,0xff,0x00,
0x00,0x57,0x00,0x00,0xfa,0x51,0x00,0x1c,0x13,0x02,0x1c,0x01,0x0f,0x0d,0x00,0x0d,
0x11,0xcf,0x07,0x01,0x31,0xcf,0xff,0x10,0x06,0x00,0x11,0x90,0x06,0x00,0x11,0xf2,
0x06,0x00,0x10,0xfb,0x06,0x00,0x90,0xfa,0xff,0x40,0x1f,0xfd,0xcf,0xf3,0xef,0xd0,
0x06,0x00,0x20,0x5f,0xf6,0x06,0x00,0xf0,0x00,0x0c,0xfe,0x2f,0xfd,0xcf,0xf3,0x03,
0xff,0xaf,0xfd,0xcf,0xf3,0x00,0xaf,0xff,0x06,0x00,0x11,0x1f,0x06,0x00,0x10,0x08,
0x06,0x00,0x00,0x07,0x01,0x01,0x28,0x28,0x11,0xfc,0xe8,0x18,0x10,0xfb,0x22,0x36,
0x01,0xba,0x46,0x11,0x5f,0xcb,0x1a,0xa6,0x5f,0xfb,0x30,0xff,0xb2,0xbf,0xe9,0x00,
0xff,0xde,0x0b,0x01,0x00,0x0c,0x1c,0x10,0xe0,0xeb,0x40,0x0f,0x05,0x00,0x0a,0x03,
0x02,0x40,0x10,0x57,0xb9,0x07,0x10,0xcf,0xad,0x03,0x91,0xcf,0xe8,0x00,0x00,0x04,
0xaa,0xaa,0xaa,0x20,0x81,0x14,0x06,0x6f,0x32,0x0f,0xe6,0x28,0x4e,0x10,0xbf,0x05,
0x0c,0x00,0x46,0x3d,0x0f,0x00,0x1f,0x37,0x40,0x03,0x84,0x00,0x68,0x69,0x38,0x20,
0xd1,0x2f,0x25,0x01,0x02,0x98,0x56,0x01,0xcc,0x0a,0x0f,0x2a,0x2a,0x50,0x40,0xaf,
0x80,0x4f,0xe0,0xd9,0x15,0x00,0x3b,0x46,0x2f,0x79,0x83,0xcf,0x00,0x31,0x00,0xc5,
0x33,0x20,0x0c,0xfa,0x4d,0x01,0x11,0x28,0xaa,0x1e,0x3f,0x54,0xfd,0x10,0x75,0x2b,
0x58,0xef,0xdf,0x92,0xff,0x60,0x00,0x7f,0xc0,0xcf,0x80,0x00,0x1f,0xf2,0x8f,0xa0,
0xcf,0x00,0x31,0x22,0x01,0x8d,0x20,0x0e,0x23,0x40,0x04,0x74,0x37,0x70,0xf4,0x01,
0xef,0xfa,0x66,0x8f,0xfe,0x7d,0x02,0x23,0x9f,0xf7,0xe1,0x29,0x00,0x4a,0x25,0x03,
0xf5,0x12,0x13,0xd0,0x13,0x00,0x20,0x1f,0xfc,0xf9,0x13,0x30,0x55,0x55,0x51,0x3f,
0x47,0x02,0x98,0x0f,0x01,0x13,0x00,0x01,0x71,0x10,0x2d,0xff,0xc0,0x39,0x00,0x23,
0x8f,0xf5,0x13,0x00,0xa4,0x01,0xef,0xf7,0x22,0x6f,0xfd,0x66,0x66,0x66,0x20,0x72,
0x00,0x15,0xf5,0x85,0x00,0x11,0x50,0x0e,0x56,0x40,0x6c,0xff,0xb4,0x00,0x98,0x1b,
0x12,0xfb,0x65,0x4b,0x20,0xd6,0x8f,0x6d,0x44,0x50,0xe0,0x0e,0xff,0x10,0x07,0x27,
0x45,0x11,0xf3,0x04,0x23,0x00,0xa9,0x00,0x22,0x2f,0xfa,0x4c,0x32,0x11,0xf4,0x12,
0x00,0x00,0x76,0x05,0x01,0x24,0x00,0x11,0xf6,0xbe,0x0a,0x74,0xc6,0x7f,0xff,0xff,
0x85,0x7c,0x90,0x48,0x00,0xa4,0xe0,0x00,0x07,0xdf,0xfb,0x40,0x5c,0xff,0xd9,0x20,
0x3d,0x39,0x11,0x0e,0xb9,0x01,0x20,0x9f,0xe2,0x9e,0x1c,0x00,0xd4,0x1b,0x0f,0x34,
0x4c,0x48,0x10,0x0b,0x29,0x57,0x40,0x50,0x01,0xef,0x70,0xbf,0x06,0xa0,0xef,0xc6,
0xef,0x0e,0xff,0xff,0xf0,0xef,0xff,0xaa,0xb8,0x29,0x0e,0xdc,0x43,0x02,0x07,0x00,
0x0f,0x8f,0x00,0x49,0x04,0xb7,0x05,0x01,0x9b,0x06,0x16,0xfe,0x2c,0x39,0x12,0x07,
0x6e,0x06,0x04,0xd0,0x02,0x00,0x89,0x44,0x00,0xaa,0x00,0x00,0x8a,0x44,0x11,0x0e,
0x8f,0x29,0x1f,0x00,0x04,0x00,0x06,0x01,0x3f,0x00,0x52,0xf9,0x00,0x00,0x08,0xf7,
0xe4,0x3c,0x23,0x1d,0xb0,0xb9,0x06,0x91,0x85,0x00,0x78,0x40,0x00,0x02,0xef,0x6b,
0xfb,0x02,0x36,0x01,0x17,0x27,0x2f,0x87,0x00,0xde,0x00,0x49,0xbf,0x4f,0xe2,0x2e,
0xf6,0x03,0xee,0xee,0x40,0x00,0x29,0x92,0xc6,0x00,0x21,0x01,0x25,0x09,0x02,0x6c,
0x27,0x25,0x0a,0xfc,0x94,0x1b,0x0f,0xf5,0x4d,0x45,0x00,0x13,0x1f,0x00,0x56,0x09,
0x19,0x3f,0xe1,0x1d,0x0f,0xda,0x45,0x23,0x04,0x3f,0x0e,0x31,0xaf,0xff,0x50,0x3e,
0x0e,0x02,0x95,0x42,0x0f,0xbd,0x00,0x4a,0x10,0x04,0xab,0x06,0x83,0x6f,0xda,0xfa,
0x00,0x03,0xa9,0x10,0x7a,0x4a,0x1c,0x0f,0xbd,0x00,0x24,0x0f,0xa5,0x00,0x42,0x30,
0xbf,0xff,0xb5,0x2e,0x09,0x11,0xfb,0x60,0x14,0x01,0xb9,0x40,0x11,0x07,0xae,0x19,
0x2f,0x0a,0xe9,0xa9,0x00,0x0f,0x15,0x7c,0xa9,0x00,0x1a,0x10,0x66,0x01,0x10,0xff,
0xab,0x0f,0x20,0x2d,0xf8,0x3c,0x04,0x00,0x63,0x01,0x80,0xcd,0x80,0x00,0x00,0x2e,
0xf6,0x0b,0xfc,0x58,0x1d,0x01,0x97,0x2c,0x12,0x3f,0x37,0x02,0x12,0x20,0x7a,0x01,
0x12,0xa3,0xd5,0x00,0x11,0x60,0xd5,0x00,0x01,0xf3,0x50,0x20,0x8f,0xf7,0xd5,0x00,
0x2f,0x13,0x31,0xd5,0x00,0x0b,0x20,0x3e,0xe9,0xd5,0x00,0x71,0x1f,0xfe,0x10,0x00,
0x8f,0xf8,0x0a,0xd5,0x00,0x12,0x00,0xd5,0x00,0x10,0x05,0x7a,0x01,0x90,0x03,0xef,
0x41,0xdf,0x80,0x00,0x2e,0xfd,0xf6,0xc3,0x1d,0x2f,0x40,0x00,0x7a,0x01,0x29,0x0f,
0x77,0x50,0x46,0x00,0xc7,0x09,0x12,0xf9,0xa0,0x45,0x21,0x70,0x00,0xb5,0x37,0x00,
0x8c,0x01,0x12,0xd7,0x45,0x58,0x0f,0x83,0x48,0x18,0xf8,0x03,0xff,0xf4,0x00,0x0f,
0xfa,0x10,0x00,0x3d,0xf9,0x00,0x09,0xff,0x70,0x00,0xbd,0x80,0x00,0x38,0xf4,0x0a,
0x06,0x75,0x1e,0x0f,0xc9,0x00,0x49,0x10,0x00,0xac,0x3e,0x21,0x0d,0xf3,0x35,0x05,
0x80,0x28,0x83,0x5f,0x90,0x05,0xff,0x70,0x40,0xa8,0x00,0x00,0x3e,0x10,0x20,0x40,
0x0e,0xa1,0x09,0x41,0x16,0xff,0x81,0x00,0x12,0x00,0x01,0x23,0x59,0x09,0x09,0x00,
0x80,0x04,0xff,0xd6,0x20,0x00,0x1e,0xff,0xf6,0x30,0x4a,0x1f,0x40,0xa7,0x00,0x13,
0x11,0x6f,0xb2,0x08,0x4f,0x5d,0xef,0xfe,0xd5,0xa7,0x00,0x19,0x21,0x28,0x83,0x71,
0x00,0x00,0x04,0x00,0x00,0x94,0x00,0x10,0x0e,0xcc,0x07,0x60,0x6f,0xf8,0x10,0x00,
0x5f,0xf7,0x38,0x2d,0x54,0xf8,0x3d,0xef,0xfe,0xd7,0x20,0x00,0xf0,0x02,0x00,0x4f,
0xfc,0x62,0x00,0x1f,0xff,0xf6,0x00,0x04,0xdf,0xe4,0x00,0x1a,0xb4,0x07,0xd2,0x71,
0x07,0x8f,0xdf,0xe0,0x00,0x01,0xfb,0x07,0xed,0x40,0x54,0x31,0x4e,0x0e,0xaa,0x2a,
0x0f,0x50,0x27,0x27,0x50,0x8a,0xaa,0xaa,0x90,0x00,0x19,0x3a,0x1f,0xf0,0xb7,0x00,
0x4e,0x10,0x0c,0x29,0x17,0x1a,0x08,0x1c,0x0b,0x0f,0xb7,0x00,0x25,0x40,0x68,0x10,
0x18,0x70,0x9f,0x0a,0x20,0x7f,0xb0,0x18,0x07,0x20,0xff,0x30,0xa0,0x0a,0x1f,0x71,
0xbd,0x00,0x49,0x43,0x0a,0xf7,0x04,0xfd,0x0a,0x0b,0x3f,0x17,0x98,0x30,0xc4,0x28,
0x2c,0x20,0x9e,0xa0,0xde,0x04,0x20,0xc0,0xb8,0xc0,0x06,0x21,0x80,0x6b,0x0c,0x00,
0x11,0xa8,0x4a,0x41,0x1f,0xa0,0x8b,0x33,0x4a,0x83,0x0a,0xec,0x20,0x00,0x00,0x7b,
0x08,0xa0,0x05,0x00,0x01,0x0f,0x00,0x0f,0xc8,0x00,0x2a,0xff,0x00,0xef,0x83,0xff,
0x40,0x00,0x08,0xfb,0x0d,0xf6,0x00,0x00,0x2f,0xe1,0xaf,0x80,0x4d,0x34,0x4f,0xdf,
0x0d,0xf8,0x2f,0xf5,0x00,0x7f,0xc0,0xdf,0x70,0x02,0xfe,0x19,0xf9,0xbd,0x00,0x2a,
0x0f,0xa5,0x00,0x2e,0x11,0xe0,0xa5,0x00,0x11,0xa0,0xa5,0x00,0x22,0x30,0x07,0xe1,
0x44,0x40,0x3a,0xef,0xfd,0x20,0xd4,0x01,0x12,0xf6,0x88,0x16,0x01,0x66,0x33,0x2f,
0xcf,0xc0,0xa3,0x00,0x22,0x30,0xd7,0x9f,0xf2,0x63,0x30,0x13,0x30,0x75,0x4b,0x32,
0x0a,0xfe,0xc0,0x4c,0x00,0x05,0x10,0x40,0x00,0xf8,0x02,0x01,0x99,0x22,0x00,0x1f,
0x0a,0x02,0x0c,0x01,0x03,0x16,0x40,0x0f,0xed,0x55,0x74,0x03,0x27,0x31,0x00,0x79,
0x12,0x20,0x8f,0xc1,0xab,0x07,0x36,0x88,0x10,0x48,0x49,0x1a,0x0f,0xaa,0x4e,0x3f,
0x00,0x6a,0x00,0x11,0x61,0x0c,0x11,0x01,0xea,0x20,0x41,0x2d,0xf7,0x2d,0xf4,0x11,
0x0a,0x2f,0x01,0x10,0xff,0x35,0x50,0x03,0xdb,0x5f,0x30,0xfc,0xaf,0x90,0x74,0x21,
0x2f,0x68,0x40,0xd0,0x2b,0x47,0x62,0x3e,0xc0,0x06,0xf9,0x00,0x00,0xe4,0x3d,0x51,
0x00,0x07,0x50,0x02,0x73,0xab,0x3f,0x00,0xba,0x0b,0x00,0xc2,0x09,0x40,0xf9,0x00,
0xcf,0xf5,0x7e,0x01,0x30,0x04,0xff,0xc0,0xac,0x09,0x91,0x0c,0xff,0x40,0xef,0xf2,
0x00,0x00,0x4f,0xfb,0xa5,0x00,0x20,0xcf,0xfd,0x48,0x00,0x12,0x05,0x3d,0x40,0x12,
0x0d,0x2d,0x58,0x2e,0x6f,0xfb,0xd8,0x00,0x0e,0x0d,0x00,0x03,0xb8,0x14,0x00,0x6c,
0x2a,0x04,0x7d,0x2d,0x2f,0x0d,0xf8,0x0c,0x57,0x49,0x04,0x98,0x56,0x14,0xf6,0xe7,
0x2d,0x1f,0x11,0xfa,0x4f,0x28,0x22,0x1d,0xe3,0xca,0x60,0x01,0x1b,0x38,0x1f,0xa1,
0xb7,0x00,0x4a,0x21,0x01,0xde,0xe8,0x64,0x00,0xb2,0x09,0x13,0x9a,0x09,0x0e,0x0f,
0xb7,0x00,0x25,0x0f,0xa8,0x09,0x04,0x0f,0xbd,0x00,0x47,0xef,0x03,0xef,0x31,0xdf,
0x70,0x00,0x2d,0xfd,0xf4,0x00,0x00,0x01,0x89,0x30,0xbd,0x00,0x2a,0xcf,0x03,0xbe,
0xf7,0x4f,0xff,0xf7,0xbf,0xfa,0x52,0xdf,0xf0,0x00,0x03,0x00,0x0e,0xe1,0x0a,0xec,
0x28,0xff,0xfc,0xaf,0xff,0xe8,0xff,0xfc,0x1b,0xfd,0x30,0x83,0x5b,0x10,0x11,0x71,
0x79,0x63,0xf0,0x00,0x50,0x00,0x27,0xcf,0xff,0xe6,0x00,0x00,0x3d,0xff,0x90,0x27,
0xcf,0xff,0xe5,0x8b,0x63,0x01,0x1b,0x00,0x10,0x83,0xd0,0x00,0x40,0xee,0xee,0xee,
0xe7,0x01,0x11,0x55,0x85,0x66,0x66,0x66,0x63,0x57,0x04,0x13,0x31,0x08,0x00,0x23,
0x15,0xae,0x08,0x43,0x30,0x7c,0xff,0xff,0xa9,0x0f,0x00,0xc3,0x63,0x01,0x0a,0x00,
0x13,0x04,0xe1,0x36,0x00,0x70,0x03,0x09,0x0a,0x00,0x22,0xfb,0x69,0x0a,0x00,0x41,
0xfe,0x95,0x00,0x08,0x0a,0x00,0x22,0xc7,0x30,0xac,0x63,0x00,0x25,0x3d,0x0f,0x0a,
0x00,0x15,0x33,0x01,0x7b,0xbd,0x0a,0x00,0x10,0x1e,0x5a,0x00,0x32,0x13,0x2f,0xf8,
0x02,0x29,0x32,0x2b,0xff,0xff,0x2f,0x03,0x21,0xfc,0xdf,0x0a,0x00,0x80,0x06,0xef,
0xff,0xa1,0xff,0xff,0xff,0xf7,0xa2,0x00,0x10,0x20,0x22,0x00,0x13,0xd1,0xee,0x19,
0x23,0x8a,0xa6,0xc1,0x00,0x23,0xc4,0x03,0x58,0x12,0x31,0x4c,0xfd,0xcd,0x56,0x4b,
0x61,0xff,0xdc,0xdf,0xfa,0x8a,0xfa,0x85,0x03,0x51,0xb8,0xaf,0xf4,0x03,0xfa,0x45,
0x05,0x42,0x40,0x4f,0xf4,0x04,0x0a,0x00,0x22,0x50,0x4f,0x1e,0x44,0x00,0x21,0x0b,
0xb4,0xf7,0x47,0xfd,0x77,0x77,0x77,0x77,0xdf,0x84,0x7f,0xf4,0x46,0x00,0x16,0x4f,
0x14,0x00,0x06,0x28,0x00,0x06,0x3c,0x00,0x06,0x50,0x00,0x06,0x64,0x00,0x06,0x78,
0x00,0x06,0x8c,0x00,0x06,0xb9,0x09,0x42,0xdf,0xff,0xfa,0x0c,0x4c,0x4a,0x34,0xff,
0xff,0xfd,0xdb,0x4f,0x1e,0xff,0x0a,0x00,0x32,0xcf,0xff,0xf9,0x7d,0x4a,0x07,0xff,
0x23,0x42,0xcf,0xff,0xf9,0x0b,0x14,0x00,0x0f,0x3c,0x00,0x0d,0x2e,0xfa,0x0b,0x3c,
0x00,0x03,0x50,0x00,0x1f,0xfb,0x3c,0x00,0x0b,0x06,0xa0,0x00,0x1d,0x00,0x01,0x00,
0x14,0x4e,0x87,0x06,0x23,0x04,0xff,0xe6,0x0f,0x00,0x9b,0x01,0x04,0x13,0x00,0x25,
0xff,0xf6,0x13,0x00,0x34,0x60,0x06,0xe4,0x13,0x00,0x11,0x7f,0x8f,0x04,0x00,0xa9,
0x05,0x00,0xaf,0x0c,0x02,0x26,0x00,0x10,0x6f,0x59,0x01,0x00,0xbc,0x05,0x00,0xc2,
0x05,0x13,0xf8,0xeb,0x20,0x12,0x5f,0x89,0x13,0x02,0x9d,0x6b,0x03,0xfe,0x20,0x00,
0x15,0x00,0x13,0x50,0x8c,0x49,0x03,0x13,0x00,0x00,0x1d,0x2f,0x12,0x50,0xb6,0x07,
0x10,0x70,0x84,0x14,0x30,0x40,0x8f,0xfb,0xce,0x0e,0x10,0xf4,0x4c,0x16,0xe1,0x1d,
0xff,0xfb,0x7f,0xff,0xfb,0x01,0xdf,0xff,0xf4,0x08,0xff,0xff,0xbd,0x2d,0x34,0x00,
0x82,0x03,0x02,0x04,0x46,0x10,0x40,0x72,0x03,0x01,0x12,0x01,0x11,0x1d,0x79,0x16,
0x10,0x01,0x2d,0x24,0x01,0x09,0x66,0x11,0x48,0x86,0x4c,0x60,0xf4,0x00,0x8f,0xff,
0xf9,0xdf,0x98,0x09,0x51,0xff,0xf9,0x2e,0xf4,0x00,0xee,0x52,0x01,0x18,0x2d,0x01,
0x6d,0x00,0x25,0x26,0x50,0xc1,0x01,0x03,0x3e,0x4a,0x61,0x64,0x00,0xdf,0xf4,0x00,
0x72,0xf9,0x3e,0x61,0x10,0xdf,0xf4,0x09,0xfe,0x30,0x03,0x11,0x60,0xdf,0xf4,0x0e,
0xff,0xe1,0x00,0x36,0x3f,0x22,0xdf,0xf4,0x3c,0x3f,0x10,0xb0,0x28,0x00,0x10,0x5f,
0xf1,0x00,0x10,0x20,0x0a,0x00,0x00,0x73,0x5d,0x00,0xa7,0x15,0x00,0x0c,0x01,0x30,
0xf0,0xbf,0xf7,0x0a,0x00,0x00,0x85,0x06,0x21,0xbf,0xf6,0x0a,0x00,0x21,0x00,0xff,
0x2f,0x1a,0x20,0x8d,0xc1,0x42,0x17,0x23,0x8f,0xfa,0x5a,0x01,0x42,0xf0,0x4f,0xff,
0x10,0x1a,0x09,0x21,0xb0,0x0e,0x56,0x07,0x00,0x31,0x08,0x22,0x06,0xff,0xb6,0x04,
0x10,0xfc,0x78,0x00,0x40,0xd5,0x10,0x03,0x9f,0x9e,0x04,0x13,0x0b,0x71,0x02,0x02,
0x1f,0x23,0x03,0xe4,0x4f,0x53,0x02,0x9e,0xff,0xff,0xb6,0xbe,0x00,0x25,0x12,0x10,
0x0c,0x68,0x16,0x20,0xbb,0x35,0x13,0x60,0xad,0x35,0x03,0x55,0x52,0x60,0x01,0x00,
0x2b,0xff,0xff,0xb2,0xfe,0x00,0x20,0x8f,0x87,0x46,0x00,0x20,0x79,0xf8,0xb9,0x01,
0x03,0x5b,0x00,0x14,0x0c,0x0a,0x00,0x10,0xc0,0xdf,0x04,0x20,0xc7,0x7c,0x77,0x09,
0x11,0x07,0x1c,0x03,0x10,0xaf,0x8b,0x69,0x30,0x6f,0xff,0xf1,0x34,0x08,0x01,0xf3,
0x43,0x10,0xe0,0x61,0x05,0x26,0xf7,0x00,0x14,0x00,0x06,0x28,0x00,0x06,0x3c,0x00,
0x06,0x50,0x00,0x06,0x64,0x00,0x30,0x00,0x8f,0x97,0x08,0x00,0x20,0x78,0xf8,0x8c,
0x00,0x68,0x1b,0xff,0xff,0xb1,0x00,0x10,0xa0,0x00,0x08,0xb4,0x00,0x26,0x00,0x02,
0x9e,0x33,0x53,0x46,0x10,0x00,0x67,0x60,0x27,0x09,0x22,0xfe,0x20,0x88,0x20,0x00,
0x87,0x10,0x22,0xff,0x51,0x7e,0x14,0x81,0x02,0xdf,0xfc,0x8f,0xff,0x8f,0xff,0x10,
0x38,0x01,0x10,0xfa,0xbd,0x4e,0x11,0xf1,0x9c,0x11,0x40,0xf7,0x08,0xd3,0x2d,0xc7,
0x47,0x00,0x03,0x21,0x31,0x1b,0xff,0xf5,0x59,0x41,0xf0,0x00,0x1c,0xff,0xe2,0x2d,
0xff,0xff,0xf7,0x08,0xff,0xf6,0x00,0x3e,0xff,0xc1,0x4e,0xde,0x36,0x71,0x05,0xff,
0xf9,0x0e,0xff,0x90,0x6f,0x59,0x03,0x52,0x13,0xef,0xf6,0x4f,0x70,0x4e,0x0f,0x32,
0xfe,0x31,0xcc,0x80,0x16,0x12,0xff,0x33,0x17,0x14,0x04,0xd0,0x00,0x02,0x0c,0x03,
0x13,0x80,0x76,0x02,0x01,0xfb,0x02,0x15,0x0e,0x17,0x00,0x2e,0x60,0x00,0x17,0x00,
0x20,0x2f,0xff,0x6a,0x41,0x2e,0xff,0xfa,0x7a,0x03,0x24,0x56,0x65,0x89,0x19,0x00,
0x64,0x01,0x09,0xad,0x01,0x0f,0x0a,0x00,0x1f,0x20,0x07,0xee,0x76,0x27,0x00,0x84,
0x4e,0x14,0x05,0xff,0x16,0x01,0x94,0x03,0x05,0xd5,0x62,0x14,0xff,0x76,0x03,0x15,
0x5f,0x89,0x03,0x12,0x05,0x13,0x00,0xa0,0x7a,0xaa,0xaa,0x91,0x4f,0xf4,0x19,0xaa,
0xaa,0xa7,0x22,0x04,0x33,0x23,0x32,0xdf,0xec,0x00,0x3d,0xf9,0x9f,0xff,0x01,0x00,
0x00,0xdd,0x6c,0x14,0x48,0x0b,0x00,0x53,0xef,0xef,0xff,0x14,0x44,0x01,0x00,0x20,
0x41,0x00,0x7b,0x2b,0x02,0x9f,0x0c,0x02,0xf1,0x05,0x01,0x6f,0x08,0x00,0x7f,0x01,
0x75,0x98,0x88,0x88,0x88,0x88,0xdf,0xf3,0x3f,0x09,0x00,0x69,0x30,0x33,0x01,0xef,
0xe1,0xbf,0x00,0x13,0x80,0x6b,0x42,0x01,0xf8,0x69,0x03,0x22,0x11,0x00,0x0e,0x18,
0xc3,0x0d,0xff,0x98,0x88,0x70,0x00,0x00,0x03,0x88,0x88,0xdf,0xf5,0xff,0x02,0x00,
0xb5,0x12,0x12,0x7f,0x02,0x05,0x10,0x5f,0x5e,0x00,0x07,0x96,0x00,0x16,0x8f,0x0b,
0x00,0x08,0x17,0x00,0x16,0x8e,0x0b,0x00,0x26,0xf6,0x5e,0xc3,0x00,0x05,0xd4,0x45,
0xc3,0x07,0xba,0x00,0x00,0x01,0x7c,0xff,0xff,0xb5,0x00,0x0b,0xff,0xb7,0x53,0x30,
0xe5,0x0b,0xff,0x65,0x71,0xa0,0xdb,0xbe,0xff,0xff,0x9a,0xff,0x00,0x9f,0xff,0xa2,
0x2a,0x29,0x53,0xff,0xff,0x05,0xff,0xf6,0x3d,0x01,0x30,0x0d,0xff,0x60,0x39,0x00,
0x31,0x9c,0xff,0xff,0x9e,0x13,0x01,0xeb,0x02,0x00,0x4f,0x60,0x02,0xa8,0x03,0x1f,
0x00,0x01,0x00,0x0a,0x02,0x18,0x6e,0x00,0x5a,0x59,0x04,0x4d,0x02,0x70,0xcf,0xf3,
0xff,0xff,0xc9,0xaa,0x70,0x05,0x02,0x12,0xd0,0x99,0x01,0x00,0xdd,0x6d,0x40,0xff,
0xff,0xff,0xb3,0x78,0x00,0x80,0xf9,0x00,0xff,0xa9,0xff,0xff,0xeb,0xbd,0xa6,0x0a,
0x42,0xff,0xb0,0x5d,0xff,0x27,0x07,0x60,0xff,0xb0,0x00,0x5b,0xff,0xff,0x77,0x6a,
0x25,0xab,0x70,0x64,0x53,0x03,0xd6,0x04,0x21,0x02,0xee,0x0d,0x0d,0x10,0x00,0x86,
0x29,0x4f,0x47,0x77,0x7e,0xff,0x01,0x00,0x0c,0x01,0xec,0x01,0x01,0x11,0x37,0x01,
0x06,0x07,0x01,0x44,0x16,0x10,0x00,0x39,0x70,0x05,0x05,0x00,0x21,0x00,0x00,0x28,
0x6c,0x02,0x1e,0x00,0x00,0x07,0x00,0x00,0xf2,0x0c,0x02,0x37,0x00,0x21,0x73,0x0f,
0xe8,0x27,0x22,0x1f,0xf4,0x3b,0x08,0x22,0x5f,0xcf,0xf7,0x27,0x03,0x4a,0x08,0x22,
0x4f,0xdf,0x1e,0x00,0x12,0xf5,0x0f,0x00,0x51,0x85,0x04,0x77,0x77,0xef,0x59,0x11,
0x00,0x9b,0x00,0x03,0xac,0x0d,0x12,0xf0,0x08,0x00,0x19,0xee,0x2e,0x54,0x11,0x00,
0xa5,0x2e,0x24,0x20,0x00,0x41,0x18,0x01,0x87,0x05,0x03,0x26,0x00,0x00,0xcc,0x0d,
0x02,0x39,0x00,0x44,0x08,0x70,0x08,0xfd,0x4c,0x00,0x43,0xef,0xb0,0x0c,0xf6,0x5f,
0x00,0x52,0x02,0xdf,0x80,0x3f,0xd0,0x72,0x00,0x63,0x74,0x01,0xff,0x10,0xcf,0x3f,
0xa3,0x00,0x43,0x08,0xf7,0x07,0xf6,0xa7,0x00,0x53,0xc0,0x3f,0xa0,0x4f,0x9f,0xab,
0x00,0x46,0x02,0xfb,0x04,0xf9,0x17,0x00,0x27,0x5f,0x9f,0x2e,0x00,0x12,0xdf,0x45,
0x00,0x52,0x02,0xff,0x10,0xcf,0x30,0xf7,0x00,0x53,0x02,0xef,0x80,0x3f,0xd0,0x0a,
0x01,0x00,0x73,0x00,0x03,0x1d,0x01,0x03,0x8a,0x00,0x02,0x30,0x01,0x16,0x08,0x59,
0x38,0x02,0x3a,0x70,0x06,0xcf,0x00,0x05,0x81,0x02,0x13,0xe5,0xac,0x1a,0x00,0x08,
0x62,0x24,0xf6,0x38,0x0c,0x00,0x12,0x60,0x90,0x52,0x00,0x4f,0x2b,0x00,0x8a,0x02,
0x11,0xfb,0x5c,0x39,0x00,0xf4,0x02,0x20,0x90,0x3e,0xa9,0x04,0x10,0x7c,0x5b,0x03,
0x21,0x03,0xef,0x29,0x08,0x00,0x6e,0x0a,0x10,0x3e,0xc2,0x15,0x22,0x6f,0xf9,0x03,
0x04,0x42,0xf9,0x00,0x06,0x90,0x0a,0x00,0x2e,0xb0,0x00,0x21,0x04,0x21,0xc8,0x88,
0x01,0x00,0x26,0x8c,0xff,0x78,0x00,0x06,0x8c,0x00,0x05,0x56,0x53,0x14,0x03,0x90,
0x06,0x11,0x60,0x5b,0x2b,0x22,0xff,0xc0,0x79,0x37,0x12,0xf4,0x66,0x4d,0x11,0xfc,
0x1b,0x00,0x02,0x77,0x64,0x01,0xdd,0x56,0x27,0x01,0xef,0x5d,0x37,0x22,0x70,0x3f,
0xb5,0x53,0x12,0xaf,0x6b,0x03,0x02,0x68,0x00,0x12,0xfa,0xb9,0x6f,0x31,0xfb,0xef,
0x91,0x0e,0x00,0x30,0xbf,0xe0,0x9f,0xbf,0x02,0x41,0x5f,0xf9,0x07,0xcf,0x22,0x06,
0x20,0xb3,0x09,0x48,0x05,0x12,0xdf,0xc9,0x4d,0x22,0x09,0xff,0x04,0x05,0x70,0x15,
0x77,0x40,0x00,0x00,0x47,0x60,0x54,0x57,0x10,0x1b,0x90,0x00,0x40,0x2d,0xfb,0xbf,
0xf1,0xd0,0x02,0x90,0xcb,0xff,0x10,0x00,0x3e,0xff,0xfc,0xbf,0xf1,0x7e,0x00,0x11,
0xcb,0x14,0x71,0x21,0xfc,0xbf,0x81,0x52,0x34,0xcb,0xff,0x9f,0x83,0x2f,0x00,0x0d,
0x00,0x18,0xff,0x0d,0x00,0x21,0x4e,0xff,0x27,0x00,0x21,0x2d,0xff,0x34,0x00,0x11,
0x1c,0x0d,0x00,0x00,0xb1,0x03,0x00,0x4e,0x00,0x10,0x0b,0x0d,0x00,0x00,0xd4,0x00,
0x32,0xca,0xff,0x10,0x6c,0x1a,0x02,0x85,0x06,0x14,0x50,0x59,0x29,0x14,0xfd,0xd9,
0x12,0x01,0x43,0x52,0x02,0xbd,0x03,0x15,0xf7,0xc6,0x03,0x14,0xd4,0x09,0x00,0x24,
0xff,0xb2,0x09,0x00,0x23,0xff,0x80,0x09,0x00,0x00,0x23,0x17,0x04,0x6b,0x04,0x14,
0x20,0x69,0x01,0x15,0xf2,0x89,0x04,0x0c,0x12,0x00,0x04,0x24,0x00,0x2b,0xfd,0x50,
0x48,0x00,0x1b,0xa2,0x6c,0x00,0x1a,0xf7,0x90,0x00,0x05,0xa2,0x00,0x05,0xb4,0x00,
0x41,0x06,0x77,0x77,0x30,0x05,0x00,0x01,0x04,0x27,0x00,0x05,0x00,0x01,0x36,0x00,
0x00,0x05,0x00,0x01,0x8e,0x05,0x03,0x1e,0x05,0x0f,0x09,0x00,0x56,0x13,0xef,0x7f,
0x55,0x20,0xf6,0x6f,0xc3,0x2d,0x01,0x05,0x00,0x05,0x11,0x83,0x12,0x77,0x01,0x00,
0x01,0x97,0x4d,0x01,0x54,0x2c,0x04,0x17,0x01,0x1d,0xf7,0xc9,0x05,0x0f,0x09,0x00,
0x51,0x14,0xef,0x9e,0x01,0x02,0xd5,0x54,0x09,0xab,0x00,0x10,0x20,0x1d,0x57,0x12,
0x66,0x0a,0x6c,0x10,0x8f,0x02,0x03,0x20,0xdf,0xf8,0xae,0x02,0x10,0x0d,0x76,0x06,
0x11,0x80,0x0d,0x00,0x31,0xff,0x90,0x0d,0x83,0x06,0x21,0xb0,0xdf,0x52,0x00,0x38,
0xcd,0xff,0x8f,0x5f,0x00,0x07,0x0d,0x00,0x11,0x5d,0x0d,0x00,0x30,0x40,0xdf,0xf8,
0x6b,0x41,0x00,0x34,0x00,0x20,0xfe,0x20,0x41,0x00,0x80,0xfd,0x20,0x00,0x0d,0xff,
0x7f,0xfd,0x10,0x8a,0x0a,0x11,0xfb,0xd1,0x26,0x08,0xe1,0x71,0x04,0x17,0x05,0x01,
0x06,0x10,0x02,0x09,0x00,0x03,0x5b,0x04,0x11,0x08,0x6a,0x2f,0x01,0x43,0x08,0x00,
0x2a,0x33,0x04,0xb4,0x3f,0x24,0xfd,0x10,0x07,0x08,0x15,0xfc,0xbb,0x08,0x12,0xfb,
0x59,0x1f,0x01,0x6f,0x03,0x04,0xe2,0x07,0x25,0xf5,0x0e,0x7d,0x04,0x17,0x5f,0xe1,
0x08,0x04,0x96,0x12,0x03,0x13,0x00,0x34,0xe2,0x0f,0xff,0xb7,0x5c,0x05,0x2f,0x01,
0x06,0x13,0x00,0x05,0xc0,0x01,0x1e,0x00,0x01,0x00,0x21,0x5f,0x80,0x33,0x07,0x10,
0x40,0x05,0x00,0x15,0xe2,0x05,0x00,0x1d,0xe3,0x05,0x00,0x11,0x0d,0xf9,0x06,0x11,
0x4f,0xab,0x12,0x0e,0x06,0x00,0x13,0x5f,0x06,0x00,0x14,0xe2,0x4d,0x00,0x02,0x58,
0x00,0x05,0x1f,0x01,0x15,0xdb,0xed,0x5d,0x2f,0x09,0xff,0x06,0x00,0x0f,0x33,0x0d,
0xff,0xf6,0x0b,0x00,0x0f,0x05,0x00,0x06,0x02,0x4d,0x00,0x2a,0x02,0xdb,0x67,0x73,
0x15,0x55,0x3f,0x2b,0x14,0x80,0x0f,0x10,0x1f,0xa0,0x09,0x00,0x14,0xac,0x37,0x77,
0x77,0x8f,0xff,0xc7,0x77,0x77,0x60,0xef,0x04,0x04,0x15,0xf8,0x8b,0x01,0x9f,0x14,
0x44,0x44,0x5f,0xff,0xb4,0x44,0x44,0x30,0x5a,0x00,0x14,0x34,0x1f,0xff,0x90,0x37,
0x09,0x04,0x36,0x0b,0x11,0x21,0xdc,0x0f,0x12,0x99,0x01,0x00,0x1d,0x80,0x50,0x03,
0x33,0xf7,0xcf,0xff,0x96,0x21,0x22,0x02,0x22,0x01,0x00,0x01,0x31,0x02,0x44,0xad,
0xff,0xec,0x83,0xcd,0x58,0x31,0xff,0xef,0xff,0x59,0x13,0x70,0x03,0xdf,0xff,0x92,
0x00,0x05,0xdf,0x63,0x00,0x10,0x04,0xf9,0x30,0x30,0x52,0x01,0xcf,0xe6,0x56,0x00,
0xef,0x02,0x81,0x7f,0xf9,0x01,0xef,0xff,0xb0,0x01,0xef,0xe1,0x59,0x10,0xf7,0x68,
0x06,0xf0,0x00,0xaf,0xff,0xfb,0x02,0x25,0xff,0xff,0xe0,0x3f,0xff,0xff,0x2f,0xff,
0xff,0xa0,0x46,0x09,0xa0,0x02,0xff,0xff,0xf7,0x9f,0xff,0xfb,0x05,0xff,0xff,0xba,
0x16,0x90,0xff,0x21,0xef,0xff,0xf0,0x0c,0xff,0xff,0xf5,0xe1,0x5e,0x00,0x45,0x00,
0x30,0x1a,0xff,0xe5,0x45,0x00,0x01,0x5c,0x00,0x21,0x00,0x10,0x5c,0x00,0x08,0x73,
0x00,0x01,0x8a,0x09,0x02,0x8a,0x00,0x00,0x7f,0x03,0x23,0xad,0xef,0xa1,0x00,0x17,
0x60,0x8f,0x01,0x16,0x0b,0x73,0x3c,0x00,0x2f,0x03,0x28,0xe4,0x00,0xb8,0x02,0x63,
0x70,0x04,0x8c,0xef,0xed,0x94,0xe4,0x0a,0x20,0xfb,0xef,0x6f,0x69,0x10,0xe6,0x0e,
0x00,0x00,0x9f,0x24,0x63,0xc4,0x00,0x04,0xcf,0xff,0xb1,0x61,0x37,0x45,0x60,0x03,
0x10,0x09,0x42,0x03,0x50,0xf9,0x4f,0xfa,0x00,0xcf,0x20,0x12,0xb0,0x0b,0xb0,0x00,
0x3e,0xff,0xef,0xff,0xa0,0x4f,0xff,0xfb,0xa7,0x26,0x31,0x30,0x01,0xcf,0x90,0x5a,
0x10,0xff,0xf5,0x36,0x30,0xf6,0x00,0x08,0x29,0x5c,0x00,0x91,0x09,0x10,0x6f,0x35,
0x09,0x11,0x5f,0x3d,0x77,0x01,0xd0,0x19,0x50,0x40,0x00,0x02,0xdf,0xfe,0x85,0x45,
0x00,0x1c,0x07,0x12,0xc0,0x2f,0x07,0x11,0xd1,0x8e,0x09,0x11,0xf9,0xd6,0x09,0x21,
0xfd,0x10,0xaa,0x5a,0x20,0xff,0xc4,0x0d,0x16,0x01,0x1c,0x17,0x00,0xfb,0x10,0x43,
0xfe,0xe3,0x00,0x1b,0x91,0x0b,0x74,0x05,0x9d,0xef,0xec,0x20,0x00,0x8f,0xd9,0x01,
0x02,0x69,0x74,0x17,0xfb,0xda,0x00,0x19,0x1c,0x46,0x0c,0x12,0x60,0x3d,0x0c,0x16,
0xa3,0x12,0x00,0x26,0x8f,0xfe,0x0a,0x0e,0x16,0xff,0x47,0x00,0x17,0x0a,0x9e,0x03,
0x14,0x4f,0xff,0x0a,0x12,0x00,0x50,0x0b,0x17,0x50,0xeb,0x43,0x13,0xd0,0xac,0x21,
0x33,0xff,0xa2,0x24,0x0c,0x10,0x00,0x8d,0x00,0x12,0x01,0x0d,0x55,0x00,0x52,0x00,
0x13,0xa0,0x56,0x00,0x00,0x52,0x00,0x32,0xb0,0x03,0xff,0x24,0x61,0x12,0x3f,0xe6,
0x0d,0x13,0xfb,0x52,0x00,0x22,0xd0,0x05,0xad,0x0b,0x10,0x06,0x0c,0x0c,0x12,0x9c,
0x56,0x00,0x10,0x0e,0xe1,0x02,0x12,0x2b,0xc2,0x06,0x01,0x52,0x78,0x11,0x01,0xaf,
0x04,0x12,0x01,0xed,0x06,0x01,0x69,0x7b,0x11,0x0a,0x99,0x02,0x24,0x1a,0xff,0x8e,
0x78,0x04,0xb4,0x02,0x03,0xfd,0x0e,0x02,0x4d,0x24,0x24,0x68,0x88,0x01,0x00,0x14,
0x40,0x20,0x01,0x15,0x30,0x30,0x29,0x16,0xf5,0xe0,0x2e,0x20,0x50,0xef,0xa5,0x25,
0x00,0xb7,0x01,0x23,0xf5,0xff,0x9d,0x01,0x03,0x1d,0x24,0x10,0xbf,0x54,0x00,0x80,
0x22,0x23,0xdf,0xf8,0x09,0xff,0xf7,0x2f,0x72,0x08,0x70,0x2e,0xb0,0x7f,0xff,0x90,
0x0f,0xf7,0xf4,0x02,0x62,0x06,0xff,0xfa,0x00,0x07,0x60,0x25,0x01,0x13,0xb0,0x29,
0x34,0x00,0x02,0x61,0x21,0x07,0x60,0xc5,0x01,0xf1,0x01,0xe1,0x3f,0x90,0x0f,0xf8,
0x00,0x22,0x23,0xdf,0xfe,0x22,0xef,0xf7,0x2f,0xff,0x80,0xf4,0x04,0x13,0xcf,0x61,
0x03,0x02,0x64,0x00,0x15,0xfe,0x78,0x00,0x15,0xf4,0x8c,0x00,0x1d,0x40,0xa0,0x00,
0x03,0xb4,0x00,0x2b,0x94,0x00,0x51,0x64,0x13,0xcf,0x07,0x02,0x14,0x0c,0x97,0x01,
0x51,0xcf,0xff,0xae,0xff,0xf5,0x11,0x00,0x30,0xf9,0x03,0xef,0x13,0x00,0x00,0x78,
0x28,0x30,0x3e,0xff,0xf5,0x11,0x00,0x01,0xd6,0x3d,0x10,0x50,0x54,0x5b,0x00,0x0b,
0x0a,0x32,0xf2,0x7f,0xf9,0xbd,0x51,0x32,0xe1,0x06,0x70,0x34,0x61,0x15,0x20,0x09,
0x00,0x13,0x7f,0x39,0x1f,0x24,0xe1,0x9f,0x2d,0x00,0x14,0x0b,0x3f,0x00,0x23,0x00,
0xbf,0x51,0x00,0x24,0x00,0x0b,0x63,0x00,0x23,0x00,0xbf,0x75,0x00,0x25,0x00,0x0b,
0x1e,0x02,0x14,0xbf,0x31,0x0e,0x14,0x0b,0xab,0x00,0x04,0xbd,0x00,0x17,0x9c,0x85,
0x03,0x00,0xc8,0x55,0x10,0x58,0x9c,0x01,0x11,0x81,0x39,0x22,0x33,0xfd,0x20,0xef,
0x7e,0x0e,0x10,0x0a,0x44,0x06,0x13,0x4e,0x0d,0x00,0x51,0x8f,0xfc,0xff,0xcf,0xfd,
0xc0,0x04,0x00,0x4e,0x10,0x44,0xc2,0xff,0x67,0xfc,0x0d,0x00,0x54,0x03,0x01,0xff,
0x60,0x30,0x0d,0x00,0x23,0x00,0x01,0xd6,0x04,0x0f,0x0d,0x00,0x05,0x63,0x03,0xd7,
0x1f,0xf6,0x3d,0x70,0x0d,0x00,0x30,0x0a,0xff,0x7f,0x72,0x44,0x81,0x01,0xff,0xb8,
0x88,0x88,0x88,0x32,0xef,0xa7,0x0a,0x12,0x01,0x64,0x09,0x12,0x2e,0x01,0x0f,0x11,
0xdf,0xc9,0x06,0x37,0x02,0xef,0xff,0x44,0x04,0x14,0x2e,0xc1,0x65,0x04,0x36,0x65,
0x15,0x5e,0xdf,0x3c,0x03,0x59,0x62,0x04,0xda,0x09,0x56,0xa8,0x88,0x88,0x88,0x60,
0x3f,0x0e,0x1f,0xff,0x01,0x00,0x46,0x0f,0xa1,0x0b,0x04,0x35,0x00,0x03,0x10,0x08,
0x7a,0x15,0xd1,0xe2,0x11,0x04,0x2d,0x28,0x14,0x6f,0x32,0x15,0x13,0x06,0xfb,0x07,
0x03,0xf9,0x0f,0x14,0xd1,0xd8,0x03,0x01,0x15,0x00,0x13,0x0d,0x66,0x0c,0x00,0x3f,
0x18,0x53,0x1b,0xff,0xff,0x51,0x11,0xd2,0x01,0x04,0xa1,0x02,0x0f,0x0a,0x00,0x11,
0x00,0x2b,0x10,0x42,0x2b,0xff,0xff,0x42,0x2b,0x10,0x43,0x82,0x67,0x76,0x08,0x12,
0x01,0x3f,0x77,0x77,0xbf,0x2b,0x10,0x1a,0x02,0x08,0x03,0x15,0x62,0x7d,0x01,0x04,
0x8f,0x3f,0x01,0xfa,0x05,0x14,0xf0,0x87,0x04,0x04,0x4e,0x0f,0x16,0x05,0x9c,0x04,
0x04,0x45,0x66,0x02,0xda,0x00,0x15,0x80,0x20,0x00,0x14,0xf4,0xac,0x09,0x01,0xe2,
0x7c,0x03,0x2b,0x00,0x15,0x90,0xf4,0x04,0x15,0xf2,0x26,0x1c,0x13,0xf8,0xec,0x01,
0x11,0x1d,0x0c,0x15,0x30,0x29,0xff,0x70,0x49,0x0d,0x11,0x30,0x0a,0x17,0x21,0x40,
0x7f,0xf1,0x02,0x00,0x48,0x11,0x01,0xc9,0x31,0x03,0x37,0x04,0x15,0xfe,0x79,0x13,
0x24,0xfb,0x10,0x0a,0x12,0x13,0xd5,0x83,0x07,0x33,0xff,0xea,0x40,0x3c,0x61,0x15,
0x64,0xf7,0x0d,0x24,0x25,0x40,0xff,0x0d,0x20,0xfe,0x30,0x79,0x2b,0x21,0x50,0x7f,
0x24,0x5f,0x71,0x8f,0xff,0xf5,0xef,0xd3,0x7f,0xf6,0xa4,0x0d,0x60,0xff,0x80,0x0f,
0xf7,0x00,0x8f,0x50,0x14,0x31,0xe7,0xaf,0xf5,0xb5,0x0d,0x00,0x66,0x44,0x30,0x9f,
0xff,0xfb,0x78,0x44,0x04,0x24,0x10,0x24,0x01,0x5f,0xec,0x00,0x13,0x0b,0x6a,0x05,
0x22,0x25,0x9f,0xcb,0x01,0x23,0x09,0xff,0xdf,0x01,0x00,0x27,0x0e,0x01,0x58,0x06,
0x50,0xef,0xd3,0x7f,0xf5,0x05,0x13,0x00,0x01,0x5a,0x00,0x40,0x5f,0xff,0xfd,0x10,
0x5a,0x00,0x10,0x00,0x13,0x00,0x11,0x5f,0xd4,0x09,0x51,0x4f,0xff,0xf4,0x05,0xef,
0x3b,0x67,0x23,0x66,0x20,0xfe,0x14,0x01,0x40,0x0a,0x62,0xbb,0xbb,0xbb,0x50,0x90,
0x00,0xf6,0x17,0x24,0x81,0xfb,0x09,0x00,0x24,0xff,0xb0,0x09,0x00,0x43,0xf8,0x8c,
0xc9,0x0f,0x92,0x0c,0x20,0xfc,0x0f,0xf9,0x00,0x22,0x44,0x43,0x09,0x00,0x00,0xdf,
0x0d,0x0f,0x09,0x00,0x3e,0x24,0xfe,0x0b,0xb2,0x08,0x03,0x80,0x4b,0x0b,0x58,0x0d,
0x22,0x70,0x00,0x62,0x04,0x10,0x87,0xa1,0x26,0x01,0x3f,0x0c,0x02,0x66,0x2c,0x02,
0xe3,0x02,0x05,0xb9,0x0b,0x21,0xff,0x90,0x0d,0x25,0x21,0xfc,0x10,0x21,0x02,0x00,
0x9b,0x1d,0x04,0x09,0x00,0x14,0xf3,0x09,0x00,0x16,0xf4,0x09,0x00,0x10,0xd8,0x52,
0x00,0x35,0xef,0xff,0xf4,0x67,0x06,0x08,0x09,0x00,0x32,0xe4,0x02,0xcf,0x09,0x00,
0x10,0x60,0xc9,0x13,0x11,0xf4,0xdb,0x06,0x12,0x0f,0x09,0x00,0x01,0x01,0x08,0x10,
0xf4,0x64,0x0b,0x22,0x8a,0xff,0x7c,0x24,0x02,0x08,0x0b,0x04,0x41,0x0c,0x1e,0xa0,
0x10,0x0b,0x0e,0xff,0x09,0x22,0xac,0xcc,0x01,0x00,0x1f,0xc4,0x35,0x12,0x08,0x22,
0xcd,0xdd,0x01,0x00,0x1e,0xd5,0x35,0x0a,0x0f,0x36,0x00,0x08,0x05,0x5a,0x00,0x0e,
0xe3,0x0c,0x05,0x24,0x00,0x0f,0x92,0x10,0x02,0x05,0x01,0x00,0x15,0x7f,0x85,0x07,
0x23,0x03,0xef,0x1d,0x00,0x32,0x30,0xe3,0x1b,0x0a,0x00,0x51,0xb1,0x3e,0xff,0x70,
0x7f,0x1c,0x00,0x50,0x07,0xff,0xff,0xfb,0x13,0x4c,0x5d,0x20,0x31,0xbf,0x30,0x01,
0x52,0x0a,0xff,0xff,0xa0,0x4e,0xb6,0x01,0x23,0x5d,0xd5,0x1f,0x04,0x44,0xfc,0x20,
0x02,0xcf,0x92,0x18,0x1f,0xdf,0xf1,0x04,0x10,0x12,0x14,0x24,0x04,0x12,0xbf,0x9d,
0x19,0x12,0xef,0x48,0x14,0x02,0x63,0x0c,0x12,0x02,0x0b,0x04,0x12,0x04,0x16,0x02,
0x12,0x06,0x6b,0x08,0x12,0x08,0x0d,0x01,0x12,0x0a,0xb6,0x01,0x02,0xe9,0x04,0x22,
0xb0,0x0f,0xf6,0x47,0x15,0x0b,0x94,0x14,0x22,0x8f,0xff,0xc2,0x34,0x02,0x03,0x06,
0x02,0x0b,0x19,0x12,0x03,0x39,0x04,0x00,0x5f,0x76,0x05,0x70,0x54,0x03,0xc6,0x1a,
0x01,0x3e,0x40,0x00,0xc7,0x03,0x12,0x40,0x6f,0x04,0x13,0x71,0xe2,0x67,0x41,0xbf,
0xfe,0x44,0x43,0x96,0x00,0x21,0xf9,0x4f,0x7d,0x00,0x41,0xff,0xff,0xf8,0x3f,0x2e,
0x04,0x05,0x77,0x15,0x02,0x31,0x06,0x34,0x20,0x00,0x00,0x6b,0x01,0x00,0x26,0x20,
0x61,0xcf,0xff,0xff,0x51,0xe2,0x00,0xac,0x2b,0x43,0xff,0x51,0xfe,0x20,0x09,0x00,
0x22,0xff,0xe2,0x09,0x00,0x32,0x50,0xbb,0xb7,0x09,0x00,0x23,0x80,0x00,0x24,0x00,
0x00,0x0f,0x03,0x0f,0x09,0x00,0x07,0x14,0xcf,0x09,0x00,0x04,0x55,0x02,0x0f,0x09,
0x00,0x03,0x68,0x7b,0xbb,0xbb,0xbb,0xbb,0xb4,0x0b,0x1c,0x25,0x05,0xfd,0x9d,0x12,
0x12,0x10,0x3f,0x0a,0x44,0xef,0xff,0xfb,0x20,0xf6,0x5e,0x05,0x5b,0x5f,0x00,0x48,
0x0a,0x14,0x1f,0x7c,0x03,0x12,0x5f,0xa3,0x65,0x03,0x20,0x15,0x00,0x9f,0x05,0x03,
0xac,0x65,0x04,0x23,0x0e,0x13,0xf1,0x60,0x07,0x00,0x7d,0x2d,0x03,0x3b,0x16,0x03,
0xa4,0x04,0x12,0xff,0xbe,0x82,0x01,0x40,0x00,0x05,0x7f,0x02,0x04,0x58,0x0e,0x18,
0xe3,0xaf,0x02,0x14,0xaf,0xa4,0x05,0x14,0x3f,0x39,0x03,0x29,0x02,0x75,0xa3,0x02,
0x37,0xff,0xfb,0x0e,0xcd,0x15,0xfb,0x12,0xff,0xc8,0x8f,0xa8,0xaf,0x88,0xbf,0x88,
0xfb,0x88,0xff,0x8f,0xf8,0x00,0xf4,0x04,0xf0,0x05,0xe0,0x0e,0x50,0x0f,0xf8,0xff,
0x80,0x0f,0x40,0x4f,0x00,0x6f,0x00,0xf6,0x00,0x12,0x16,0x70,0x94,0x6f,0x64,0x8f,
0x44,0xbb,0x44,0x8c,0x0f,0x8b,0xf6,0x02,0xf2,0x05,0xf0,0x08,0x80,0x0e,0x17,0x00,
0x07,0x2e,0x00,0x21,0x80,0x0f,0xf4,0x01,0x21,0xf6,0x00,0x5c,0x00,0x02,0xa8,0x64,
0x20,0x0f,0xf8,0x73,0x00,0x00,0x2b,0x04,0x2f,0xfb,0x88,0x57,0x16,0x0a,0x02,0xdb,
0x17,0x05,0xda,0x06,0x14,0x7e,0xcf,0x00,0x24,0x01,0x8f,0xda,0x06,0x24,0x02,0xaf,
0x1e,0x04,0x02,0x80,0x1d,0x10,0x30,0x98,0x01,0x14,0xcf,0x42,0x00,0x11,0x06,0x4b,
0x01,0x00,0x98,0x02,0x23,0x18,0xef,0x3a,0x01,0x04,0xd3,0x17,0x00,0x5e,0x02,0x14,
0x0e,0x30,0x03,0x05,0xd2,0x07,0x00,0x55,0x0b,0x54,0x02,0xac,0xcc,0xcc,0xcd,0xc0,
0x60,0x05,0x1f,0x03,0x04,0x0b,0x00,0x15,0x10,0x0b,0x00,0x25,0xf9,0x00,0x0b,0x00,
0x16,0xf2,0x0b,0x00,0x16,0xb0,0x0b,0x00,0x14,0x30,0x22,0x3f,0x07,0x67,0x1c,0x16,
0xef,0x33,0x32,0x11,0x27,0x20,0x00,0x00,0x4b,0x69,0x21,0x30,0x30,0x22,0x06,0x41,
0xfc,0x0f,0x60,0x00,0x37,0x10,0x22,0xff,0x60,0x0f,0x00,0x22,0xff,0x60,0x0f,0x00,
0x11,0xff,0x17,0x36,0x30,0x0b,0xbb,0xbb,0x0f,0x00,0x16,0xe1,0x61,0x1e,0x0f,0x01,
0x00,0x47,0x21,0x8b,0xbb,0x01,0x00,0x12,0x80,0x8a,0x66,0x24,0x43,0x20,0xca,0x00,
0x10,0x8c,0x89,0x00,0x02,0x41,0x0e,0x13,0x6d,0x85,0x04,0x11,0x60,0x6f,0x0e,0x03,
0xed,0x04,0x10,0xd3,0xf3,0x02,0x30,0xfb,0x72,0x00,0xd6,0x2a,0x32,0xff,0xf8,0x0a,
0x77,0x13,0x01,0xa6,0x01,0x14,0xfa,0x62,0x13,0x00,0xdc,0x18,0x30,0xb0,0xba,0x10,
0xa1,0x0d,0x64,0xed,0x95,0x00,0x00,0x1a,0xb0,0x4c,0x00,0x24,0xfd,0x60,0x8e,0x1a,
0x01,0x15,0x05,0x02,0x67,0x04,0x43,0xfa,0x53,0x23,0x5a,0x80,0x01,0x21,0xcf,0xb1,
0x1f,0x00,0x02,0x55,0x11,0x17,0x40,0x06,0x00,0x00,0x40,0x49,0x18,0x91,0xfe,0x02,
0x17,0xa0,0x9f,0x3b,0x18,0xff,0xe2,0x1d,0x16,0xc0,0xb6,0x40,0x18,0xef,0x32,0x03,
0x03,0xd5,0x01,0x25,0x17,0x88,0x01,0x00,0x27,0x60,0x0c,0x0e,0x01,0x05,0xff,0x0f,
0x01,0x96,0x01,0x05,0xfe,0x3b,0x00,0xf7,0x22,0x14,0x84,0x18,0x00,0x14,0x0c,0xee,
0x20,0x00,0x3a,0x02,0x26,0x5b,0xff,0x19,0x00,0x27,0x00,0x8f,0x19,0x00,0x2a,0x08,
0xff,0x32,0x00,0x17,0x00,0x3f,0x0e,0x14,0xc8,0x7c,0x00,0x37,0x8e,0xfd,0x4e,0x71,
0x00,0x17,0xa0,0x0d,0x00,0x1f,0xc2,0xa3,0x00,0x21,0x14,0x81,0xad,0x0a,0x00,0x71,
0x00,0x14,0x1f,0xb6,0x06,0x26,0x5b,0xff,0x19,0x00,0x27,0x00,0x8f,0x19,0x00,0x17,
0x08,0x19,0x00,0x0f,0xa3,0x00,0x5a,0x01,0xca,0x67,0x03,0xa3,0x00,0x01,0x9c,0x0f,
0x04,0xa3,0x00,0x12,0xa0,0x0b,0x02,0x06,0x19,0x00,0x17,0x08,0x19,0x00,0x0f,0xa3,
0x00,0x58,0x02,0xc4,0x06,0x02,0xa3,0x00,0x03,0x1a,0x0b,0x02,0xa3,0x00,0x14,0xe0,
0xe0,0x0f,0x06,0x19,0x00,0x17,0x08,0x19,0x00,0x0f,0xa3,0x00,0x55,0x05,0xc9,0x13,
0x09,0x71,0x00,0x15,0x5b,0xbf,0x04,0x02,0xa3,0x00,0x06,0xb0,0x0a,0x07,0x19,0x00,
0x0f,0xa3,0x00,0x22,0x0a,0x3d,0x03,0x02,0x48,0x00,0x17,0xfe,0xea,0x60,0x16,0xdf,
0x36,0x11,0x36,0x09,0xfb,0xbf,0x0d,0x00,0x33,0x2f,0x70,0x0a,0x71,0x12,0x44,0x32,
0x00,0x00,0x9e,0x16,0x00,0x52,0x2d,0xff,0x90,0x01,0xf6,0x9a,0x11,0x10,0x30,0xb9,
0x46,0x30,0x3c,0xf3,0x33,0x01,0x00,0x38,0x5f,0xf9,0x10,0x99,0x04,0x71,0xd0,0xcf,
0xff,0xf6,0x33,0x34,0xed,0x1a,0x00,0x31,0xfa,0x10,0x2d,0x2b,0x24,0x12,0x30,0x34,
0x00,0x20,0x00,0x32,0xc1,0x13,0x08,0x2a,0x0a,0x34,0x06,0xf3,0x0a,0x88,0x21,0x00,
0x0b,0x4a,0x18,0xae,0xfd,0x00,0x38,0xbe,0xff,0xf8,0x6f,0x0f,0x17,0xf7,0xbe,0x0e,
0x13,0x22,0xc4,0x00,0x22,0x34,0x31,0xe0,0x44,0x02,0x9a,0x70,0x10,0x6f,0x33,0x08,
0x01,0x67,0x13,0x40,0xf1,0x9f,0xff,0xf8,0x31,0x06,0x90,0xf1,0x0a,0xff,0xff,0x10,
0x3f,0xff,0xff,0xf1,0xfd,0x12,0xe0,0x7f,0xfd,0x8f,0xf1,0x66,0x0c,0xff,0xa0,0xaf,
0xf8,0x07,0xf1,0x6f,0x13,0xa8,0x00,0x90,0x70,0x61,0x53,0x1e,0xff,0xf0,0xdf,0xff,
0xf7,0x4a,0x21,0x00,0x63,0x08,0x21,0x60,0x0c,0x74,0x08,0x00,0xd5,0x29,0x00,0x18,
0x00,0x40,0xf3,0x00,0x10,0x8f,0xcc,0x08,0xf0,0x06,0x30,0xb1,0x67,0x09,0xff,0xf0,
0x9f,0xf6,0x0b,0xf2,0x6e,0x02,0xff,0xd0,0x6f,0xff,0xcf,0xf2,0x52,0x2e,0xff,0xcc,
0x6d,0x61,0xf2,0x02,0xef,0xff,0x50,0x09,0x78,0x0f,0x10,0xfe,0x16,0x08,0x20,0xf4,
0xef,0xa5,0x0a,0x14,0x1a,0x7a,0x0e,0x32,0x27,0xab,0xb9,0xe1,0x8d,0x30,0xab,0xbb,
0xb7,0x36,0x0d,0x10,0x77,0x2e,0x20,0x35,0x77,0x77,0x72,0x6a,0x0a,0x0e,0xa4,0x0a,
0x13,0x06,0xd6,0x01,0x2b,0x20,0x0c,0xad,0x20,0x00,0x09,0x00,0x50,0x77,0xff,0x3b,
0xfe,0x1e,0x09,0x00,0x5f,0x66,0xff,0x2a,0xfe,0x0e,0x09,0x00,0x30,0x03,0x51,0x00,
0x14,0x0b,0x8a,0x1b,0x15,0x07,0x6e,0x07,0x11,0x57,0x86,0x00,0x15,0x72,0x72,0x01,
0x15,0x64,0x0a,0x00,0x00,0x7b,0x40,0x03,0x8d,0x75,0x05,0xa1,0x01,0x14,0x7f,0x9d,
0x02,0x23,0x01,0x90,0xf8,0x07,0x00,0xc9,0x5b,0x12,0x8f,0x56,0x07,0x00,0xfc,0x14,
0x11,0x8f,0x76,0x02,0x00,0x45,0x1b,0x33,0xb0,0x8e,0x10,0x0a,0x00,0x25,0xff,0xb0,
0x0a,0x00,0x16,0xfe,0x0a,0x00,0x1f,0x20,0x0a,0x00,0x18,0x25,0x00,0x8f,0x0a,0x00,
0x15,0x0a,0x0a,0x00,0x25,0x00,0xcf,0x0a,0x00,0x15,0x0e,0x0a,0x00,0x16,0x00,0x0a,
0x00,0x37,0x05,0x75,0x31,0x81,0x02,0x15,0x6e,0x96,0x1a,0x04,0xe8,0x09,0x02,0x99,
0x08,0x06,0x22,0x09,0x11,0xf0,0x0c,0x00,0x41,0x85,0xff,0xff,0x58,0x2b,0x06,0x00,
0xb8,0x00,0x11,0x04,0x33,0x01,0x22,0xf0,0x8f,0xfd,0x37,0x25,0x40,0x04,0xf5,0x18,
0x16,0x40,0x65,0x22,0x00,0xd4,0x00,0x1b,0xef,0x19,0x00,0x09,0x32,0x00,0x09,0x4b,
0x00,0x09,0x64,0x00,0x09,0x7d,0x00,0x09,0x96,0x00,0x05,0xaf,0x00,0x21,0xfc,0x20,
0x78,0x72,0x21,0x88,0x73,0x03,0x2f,0x00,0x41,0x02,0x12,0x1d,0x9e,0x6e,0xf2,0x01,
0x1d,0xf6,0x0e,0x50,0xd6,0x08,0xff,0x1d,0xff,0x60,0xe5,0x0d,0x60,0x8f,0xfc,0xff,
0x0f,0x00,0x12,0xff,0x0f,0x00,0x0f,0x8e,0x08,0x47,0x13,0xe9,0x4d,0x0a,0x20,0x07,
0xab,0x95,0x08,0x17,0xa6,0xd8,0x4e,0x06,0xc2,0x03,0x14,0xf1,0x89,0x24,0x10,0x0a,
0x67,0x51,0x02,0xa3,0x15,0x01,0xe2,0x37,0x12,0x50,0x08,0x08,0x43,0x10,0x0c,0xff,
0xf5,0x15,0x00,0x40,0x1c,0xff,0xff,0xcb,0x49,0x00,0x35,0xbf,0xff,0x1c,0x63,0x00,
0x15,0xf1,0xa0,0x21,0x00,0xa8,0x20,0x21,0xf9,0x66,0x01,0x00,0x00,0x1f,0x25,0x05,
0xd7,0x24,0x16,0x7f,0x21,0x0e,0x2f,0x5c,0x10,0x25,0x0e,0x01,0x1f,0xf7,0x40,0x0e,
0x07,0x04,0x6b,0x16,0x17,0xed,0x14,0x00,0x70,0xf8,0xf7,0x00,0xfd,0xf2,0x00,0xf2,
0xc1,0x03,0x0f,0x35,0x00,0x03,0x4f,0x03,0x06,0x00,0x03,0x19,0x00,0x02,0x2f,0xd3,
0x00,0x01,0x00,0x18,0x1f,0xd9,0x21,0x00,0x0d,0x03,0x94,0x00,0xa2,0xf3,0x00,0xfd,
0x00,0x00,0xed,0xfd,0xf4,0xfa,0x00,0x85,0x46,0x8f,0xf9,0xfe,0x00,0x00,0xfd,0xfe,
0xf8,0xfb,0x9e,0x00,0x01,0x3f,0xfc,0x00,0xfc,0xef,0x00,0x07,0x06,0xec,0x0a,0x03,
0xc4,0x0b,0x19,0xfe,0x1f,0x00,0x19,0xfd,0x79,0x00,0x13,0xfd,0x7a,0x00,0x3b,0xfd,
0xf9,0xfc,0x47,0x00,0x1d,0xfb,0x0f,0x01,0x05,0x42,0x00,0x11,0xfd,0x37,0x00,0x29,
0xfd,0xfc,0x81,0x27,0x00,0x46,0x12,0x35,0xe2,0x00,0xe0,0x27,0x00,0x20,0xfb,0xfd,
0x23,0x00,0x02,0x04,0x00,0x0e,0x4a,0x00,0x01,0x5f,0x00,0x1e,0x03,0x1b,0x00,0x0e,
0xaa,0x00,0x0f,0x01,0x00,0x0b,0x1b,0xe6,0xaa,0x00,0x12,0xfc,0x00,0x01,0x3c,0xfc,
0xfa,0xf6,0xad,0x01,0x00,0xd6,0x70,0x66,0xe0,0xfc,0xe0,0xf1,0x00,0xd4,0x2e,0x00,
0x38,0xfe,0xed,0xf8,0x4d,0x00,0x00,0x26,0x1d,0x32,0xe4,0x00,0xe3,0x1e,0x02,0x51,
0x00,0xfa,0x00,0xfe,0xfe,0x3d,0x01,0x12,0x02,0x83,0x01,0x2d,0xd2,0x00,0x22,0x01,
0x2e,0xfc,0xfd,0x27,0x01,0x0d,0x01,0x00,0x10,0xf8,0xc9,0x00,0x1f,0xf9,0xb1,0x02,
0x06,0xc0,0xd8,0xd6,0x00,0x00,0xed,0xfc,0xde,0xfe,0x03,0x00,0x03,0x02,0x1a,0x01,
0xf2,0x02,0xe6,0xf2,0x00,0xf2,0xe0,0xf6,0xf4,0x00,0xf6,0xf3,0xf9,0xf4,0xf7,0x00,
0xe2,0xf3,0xf1,0x32,0x01,0x66,0xde,0xe7,0x00,0x00,0xf4,0xfe,0x43,0x01,0xa7,0xf9,
0xf9,0x00,0x00,0xf9,0xfb,0x00,0x00,0xfc,0xfe,0x9b,0x01,0x42,0x02,0x00,0xea,0xf7,
0x6c,0x00,0x13,0x02,0x11,0x00,0x23,0xfb,0xfb,0x8a,0x01,0x1a,0x00,0xe8,0x02,0x14,
0xe8,0x29,0x02,0x15,0x02,0x38,0x01,0x01,0xd4,0x01,0x17,0xfb,0xdf,0x00,0xf6,0x15,
0x03,0xf8,0xdc,0xe8,0x00,0x00,0xe9,0xfb,0xf1,0xfe,0x03,0xf1,0x03,0x03,0x02,0x03,
0x00,0x03,0xf6,0xf6,0xfd,0xfa,0xf6,0xfa,0xf7,0xfd,0xfa,0xfd,0x00,0xfc,0xfb,0x03,
0xf1,0xf6,0xf6,0xf9,0x52,0x1c,0x1a,0xfc,0xba,0x01,0x02,0x22,0x02,0x0e,0xe1,0x01,
0x04,0x1c,0x00,0x0f,0xf3,0x01,0x20,0x1f,0xfe,0x9c,0x02,0x07,0x0a,0x27,0x00,0x2e,
0xfe,0xfe,0xf9,0x02,0x0f,0x58,0x00,0x12,0x0f,0x1d,0x00,0x0a,0x3e,0x03,0x00,0x03,
0xc9,0x02,0x1d,0xfc,0x21,0x03,0x2f,0xf4,0x00,0x01,0x00,0x27,0x0e,0xff,0x00,0x1f,
0xf2,0x9c,0x00,0x0b,0x26,0xfd,0xfe,0x7b,0x00,0x1c,0xe5,0x9f,0x02,0x20,0xfd,0x03,
0xf8,0x04,0x3e,0x08,0x00,0x03,0xc6,0x04,0x0f,0xec,0x03,0x0b,0x13,0x02,0x59,0x03,
0x09,0x6c,0x00,0x2f,0xfe,0x02,0x29,0x01,0x01,0x1f,0xed,0xea,0x00,0x27,0x1f,0xfa,
0x9b,0x01,0x13,0x0e,0x9e,0x01,0x0f,0x49,0x02,0x11,0x12,0x01,0xd9,0x02,0x20,0x02,
0x03,0x0a,0x10,0x3d,0x00,0x04,0x05,0x21,0x00,0xf1,0x0c,0x06,0x07,0x08,0x09,0x0a,
0x0b,0x00,0x0c,0x0c,0x0d,0x0e,0x0f,0x0c,0x0c,0x09,0x10,0x11,0x12,0x00,0x13,0x0d,
0x14,0x15,0x16,0x17,0x18,0x19,0x20,0x00,0xff,0x0c,0x1a,0x1b,0x1c,0x00,0x1d,0x1e,
0x00,0x1f,0x00,0x00,0x20,0x00,0x1f,0x1f,0x21,0x1b,0x00,0x22,0x00,0x23,0x00,0x24,
0x25,0x26,0x24,0x27,0x28,0x73,0x00,0x04,0x11,0x06,0x01,0x00,0xe0,0x00,0x08,0x0a,
0x0a,0x0a,0x0a,0x0c,0x0c,0x0c,0x0c,0x09,0x0c,0x09,0x09,0xda,0xa4,0x91,0x00,0x0d,
0x0d,0x0d,0x0d,0x17,0x00,0x00,0x1a,0x01,0x00,0x62,0x00,0x1c,0x1d,0x1d,0x1d,0x1d,
0x72,0x17,0x10,0x21,0x01,0x00,0x02,0x3d,0x00,0x50,0x24,0x1b,0x24,0x06,0x1a,0x02,
0x00,0x22,0x08,0x1c,0x02,0x00,0x64,0x09,0x00,0x09,0x00,0x0a,0x1d,0x02,0x00,0x05,
0xdf,0x0b,0x44,0x1f,0x00,0x00,0x0c,0x02,0x00,0x00,0x6e,0x0b,0x53,0x00,0x0e,0x00,
0x00,0x0f,0x02,0x00,0x00,0x1f,0x00,0x00,0x02,0x00,0x80,0x1f,0x00,0x00,0x09,0x21,
0x09,0x21,0x09,0x5b,0x00,0x11,0x22,0x02,0x00,0x03,0x01,0x00,0x11,0x13,0x02,0x00,
0x17,0x0d,0x02,0x00,0x70,0x15,0x00,0x17,0x24,0x17,0x18,0x27,0x02,0x00,0x0f,0xb7,
0x02,0x28,0x07,0x72,0x01,0x20,0x03,0x02,0x6d,0x01,0x4a,0x06,0x07,0x06,0x08,0x1f,
0x00,0x00,0xce,0x00,0x20,0x00,0x0b,0x97,0x14,0x00,0xc1,0x00,0x01,0x08,0x00,0xd0,
0x0b,0x00,0x0d,0x0e,0x0f,0x10,0x11,0x12,0x13,0x14,0x00,0x00,0x15,0x24,0x25,0x62,
0x00,0x17,0x17,0x17,0x18,0x17,0x75,0x59,0xff,0x01,0x19,0x1a,0x19,0x17,0x1b,0x1c,
0x1d,0x1e,0x1f,0x20,0x21,0x1f,0x22,0x00,0x00,0x23,0x73,0x00,0x02,0x11,0x0a,0x01,
0x00,0x27,0x24,0x0b,0x49,0x1f,0x10,0x0b,0x24,0xa4,0x91,0x0b,0x0f,0x0f,0x0f,0x0f,
0x13,0x00,0x00,0x16,0x01,0x00,0x20,0x25,0x17,0x01,0x00,0x02,0x57,0x00,0x02,0x83,
0x01,0xa0,0x26,0x1e,0x1e,0x1e,0x1e,0x1f,0x00,0x1f,0x0a,0x16,0x02,0x00,0x22,0x0b,
0x17,0x02,0x00,0x20,0x00,0x17,0x82,0x10,0x04,0x02,0x00,0x05,0x16,0x00,0x0b,0x01,
0x00,0x1b,0x0c,0x10,0x00,0x10,0x19,0x02,0x00,0x51,0x19,0x00,0x00,0x0b,0x1a,0x02,
0x00,0x13,0x17,0xc7,0x20,0x12,0x1c,0x02,0x00,0x30,0x0e,0x00,0x0e,0xfd,0x08,0x16,
0x1e,0x02,0x00,0x70,0x11,0x00,0x13,0x1f,0x13,0x14,0x22,0x02,0x00,0x1f,0x00,0x74,
0x01,0x26,0x50,0x00,0x00,0x00,0x00,0x00,
};

static const etxFontCmap cmaps[] __FLASH = {
{ .range_start = 32, .range_length = 95, .glyph_id_start = 1, .list_length = 0, .type = 2, .unicode_list = 0, .glyph_id_ofs_list = 0 },
{ .range_start = 128, .range_length = 4, .glyph_id_start = 96, .list_length = 0, .type = 2, .unicode_list = 0, .glyph_id_ofs_list = 0 },
{ .range_start = 136, .range_length = 15, .glyph_id_start = 100, .list_length = 0, .type = 2, .unicode_list = 0, .glyph_id_ofs_list = 0 },
{ .range_start = 176, .range_length = 1, .glyph_id_start = 115, .list_length = 0, .type = 2, .unicode_list = 0, .glyph_id_ofs_list = 0 },
{ .range_start = 192, .range_length = 192, .glyph_id_start = 116, .list_length = 0, .type = 2, .unicode_list = 0, .glyph_id_ofs_list = 0 },
{ .range_start = 8226, .range_length = 55425, .glyph_id_start = 308, .list_length = 62, .type = 3, .unicode_list = 2960, .glyph_id_ofs_list = 0 },
};

const etxLz4Font lv_font_en_bold_STD __FLASH = {
.uncomp_size = 42897,
.comp_size = 20040,
.line_height = 26,
.base_line = 6,
.subpx = 0,
.underline_position = -1,
.underline_thickness = 1,
.kern_scale = 16,
.cmap_num = 6,
.bpp = 4,
.kern_classes = 1,
.bitmap_format = 0,
.left_class_cnt = 40,
.right_class_cnt = 39,
.glyph_bitmap = 3084,
.class_pair_values = 40597,
.left_class_mapping = 42157,
.right_class_mapping = 42527,
.cmaps = cmaps,
.compressed = lz4FontData,
.lvglFontBufSize = 43233,
};
