/*******************************************************************************
 * Size: 22 px
 * Bpp: 4
 * Opts: --no-prefilter --bpp 4 --size 22 --font ../SmileySans/SmileySans-Oblique.ttf -r 0x3001,0x3002,0x4e00,0x4e09,0x4e0a,0x4e0b,0x4e0d,0x4e0e,0x4e24,0x4e2a,0x4e2d,0x4e32,0x4e39,0x4e3a,0x4e3b,0x4e49,0x4e4b,0x4e4c,0x4e50,0x4e58,0x4e8c,0x4e8e,0x4ea4,0x4eab,0x4eae,0x4eba,0x4ec5,0x4ecb,0x4ece,0x4ed6,0x4ee5,0x4eea,0x4ef0,0x4ef6,0x4efb,0x4efd,0x4f10,0x4f20,0x4f2f,0x4f4d,0x4f4e,0x4f4f,0x4f53,0x4f55,0x4f59,0x4f5c,0x4f7f,0x4f8b,0x4f9b,0x4fa7,0x4fc4,0x4fdd,0x4fe1,0x4fee,0x4fef,0x500d,0x5012,0x501f,0x503c,0x504f,0x505c,0x507f,0x50a8,0x50cf,0x5141,0x5143,0x5145,0x5149,0x514b,0x5165,0x5168,0x516c,0x5170,0x5173,0x5176,0x5177,0x5178,0x517c,0x5185,0x518c,0x5199,0x51b2,0x51c6,0x51cf,0x51e0,0x51fa,0x51fb,0x51fd,0x5206,0x5207,0x5217,0x521b,0x521d,0x5220,0x5229,0x522b,0x5230,0x5236,0x5237,0x5239,0x524d,0x5269,0x526f,0x529f,0x52a0,0x52a8,0x52a9,0x5305,0x5308,0x5316,0x5339,0x533a,0x5347,0x534a,0x534f,0x5355,0x5361,0x536b,0x5382,0x538b,0x539f,0x53c2,0x53c9,0x53ca,0x53cc,0x53cd,0x53d1,0x53d6,0x53d8,0x53e0,0x53e3,0x53e6,0x53ea,0x53ef,0x53f0,0x53f3,0x53f6,0x53f7,0x5408,0x540c,0x540d,0x540e,0x5411,0x5417,0x5426,0x542b,0x542f,0x544a,0x5468,0x547d,0x548c,0x54cd,0x5668,0x566a,0x56de,0x56e0,0x56f4,0x56fa,0x56fd,0x56fe,0x5706,0x5728,0x5730,0x5740,0x5747,0x5757,0x5766,0x578b,0x57fa,0x586b,0x589e,0x58f0,0x5907,0x590d,0x5916,0x591a,0x5927,0x5929,0x592a,0x5931,0x5939,0x597d,0x59cb,0x5b50,0x5b57,0x5b58,0x5b66,0x5b83,0x5b89,0x5b8c,0x5b9a,0x5b9e,0x5bb9,0x5bbd,0x5bf8,0x5bf9,0x5bfc,0x5c04,0x5c06,0x5c0f,0x5c3a,0x5c3e,0x5c40,0x5c4f,0x5c55,0x5cf0,0x5de5,0x5de6,0x5dee,0x5df2,0x5e03,0x5e0c,0x5e26,0x5e27,0x5e38,0x5e3d,0x5e45,0x5e55,0x5e73,0x5e76,0x5e8f,0x5e94,0x5ea6,0x5ef6,0x5efa,0x5f00,0x5f02,0x5f0f,0x5f15,0x5f31,0x5f39,0x5f3a,0x5f52,0x5f53,0x5f55,0x5f62,0x5f71,0x5f84,0x5f85,0x5f88,0x5faa,0x5fae,0x5fb7,0x5fc3,0x5fc5,0x5fd7,0x5feb,0x5ffd,0x6001,0x6020,0x6025,0x603b,0x6062,0x606f,0x60ac,0x60c5,0x610f,0x611f,0x6162,0x620f,0x6210,0x6216,0x622a,0x6240,0x6247,0x624b,0x6253,0x6263,0x6267,0x6269,0x626b,0x627e,0x6280,0x62a4,0x62a5,0x62c9,0x62d2,0x62df,0x62e8,0x62e9,0x62fe,0x6301,0x6307,0x6309,0x632f,0x6362,0x636e,0x6377,0x6392,0x63a5,0x63a7,0x63a8,0x63cf,0x63d0,0x63d2,0x63f4,0x641c,0x6447,0x6458,0x6478,0x64ad,0x64cd,0x64e6,0x652f,0x6536,0x6539,0x653e,0x6545,0x6548,0x654f,0x6551,0x6559,0x6570,0x6574,0x6587,0x659c,0x65ad,0x65af,0x65b0,0x65b9,0x65cb,0x65e0,0x65e5,0x65f6,0x660e,0x661f,0x6620,0x662f,0x663e,0x666e,0x666f,0x6682,0x66f2,0x66f4,0x66ff,0x6700,0x6709,0x671f,0x672a,0x672c,0x673a,0x6746,0x6761,0x6765,0x677f,0x6781,0x67b6,0x67c4,0x67e5,0x6807,0x680f,0x6821,0x6837,0x683c,0x6846,0x6868,0x68c0,0x6a21,0x6a2a,0x6a59,0x6b21,0x6b27,0x6b62,0x6b63,0x6b64,0x6b65,0x6b7b,0x6b8a,0x6bb5,0x6bcf,0x6bd4,0x6c34,0x6c60,0x6ca1,0x6cb9,0x6cbf,0x6cd5,0x6ce2,0x6ce8,0x6d1b,0x6d32,0x6d3b,0x6d41,0x6d4b,0x6d88,0x6df7,0x6dfb,0x6e05,0x6e10,0x6e29,0x6e38,0x6e7e,0x6e90,0x6ed1,0x6eda,0x6ede,0x6ee1,0x6ee4,0x6fc0,0x706b,0x706f,0x7075,0x70b9,0x7126,0x7136,0x7184,0x722c,0x7247,0x7248,0x7259,0x7279,0x72b6,0x7387,0x73af,0x73b0,0x73ed,0x7406,0x745e,0x751f,0x7528,0x7535,0x754c,0x7565,0x767d,0x7684,0x76ca,0x76d1,0x76d6,0x76d8,0x76ee,0x76f4,0x76f8,0x770b,0x771f,0x77ac,0x77e5,0x77ed,0x7801,0x786c,0x786e,0x793a,0x7981,0x79bb,0x79d2,0x79ef,0x79f0,0x79fb,0x7a0b,0x7a33,0x7a7a,0x7a81,0x7a97,0x7ade,0x7aef,0x7b2c,0x7b49,0x7b7e,0x7b80,0x7b97,0x7ba1,0x7c7b,0x7c89,0x7c98,0x7cbe,0x7cfb,0x7d22,0x7d27,0x7d2f,0x7ea2,0x7ea7,0x7eb5,0x7ebd,0x7ebf,0x7ec3,0x7ec4,0x7ec6,0x7ec8,0x7ecf,0x7ed1,0x7edd,0x7edf,0x7eed,0x7eff,0x7f13,0x7f16,0x7f29,0x7f6e,0x7f8e,0x7fd4,0x7ffb,0x7ffc,0x8005,0x8017,0x8026,0x8054,0x80cc,0x80fd,0x8109,0x811a,0x81ea,0x81f3,0x822a,0x8235,0x8272,0x8282,0x82ac,0x82f1,0x8303,0x8377,0x83dc,0x8404,0x843d,0x8461,0x84dd,0x85cf,0x8702,0x87ba,0x884c,0x8865,0x8868,0x8870,0x88ab,0x88c5,0x895f,0x897f,0x8981,0x8986,0x89c4,0x89c6,0x89c8,0x89d2,0x89e3,0x89e6,0x8a00,0x8b66,0x8ba1,0x8ba4,0x8bae,0x8bb0,0x8bb8,0x8bbe,0x8bbf,0x8bc1,0x8bd5,0x8bdd,0x8be2,0x8be6,0x8bed,0x8bef,0x8bf4,0x8bf7,0x8bfb,0x8c03,0x8c31,0x8d1f,0x8d25,0x8d34,0x8d77,0x8d85,0x8db3,0x8ddd,0x8ddf,0x8def,0x8df3,0x8e2a,0x8eab,0x8f66,0x8f6c,0x8f6e,0x8f74,0x8f7b,0x8f7d,0x8f83,0x8f85,0x8f91,0x8f93,0x8fb9,0x8fc7,0x8fd0,0x8fd4,0x8fd8,0x8fdb,0x8fde,0x8fdf,0x8ff0,0x9000,0x9006,0x9009,0x901a,0x901f,0x903b,0x9053,0x9065,0x90e8,0x914d,0x91c7,0x91ca,0x91cd,0x91cf,0x9274,0x9488,0x949f,0x94ae,0x94fe,0x9501,0x9519,0x952e,0x955c,0x957f,0x95e8,0x95ed,0x95ee,0x95f4,0x9608,0x9634,0x9636,0x9640,0x9644,0x964d,0x9650,0x9664,0x9677,0x968f,0x9694,0x969c,0x96c6,0x96f6,0x9700,0x9707,0x9759,0x975e,0x9762,0x97e9,0x97f3,0x9875,0x9876,0x9879,0x987a,0x987b,0x9884,0x9891,0x9898,0x989c,0x98ce,0x98de,0x9988,0x9a76,0x9a7e,0x9a8c,0x9ad8,0x9e23,0x9ea6,0x9ec4,0x9ed8,0x9f50 --format lvgl -o lrg/lv_font_ss_STD.c --force-fast-kern-format --no-compress --lv-fallback lv_font_en_STD
 ******************************************************************************/

#ifdef LV_LVGL_H_INCLUDE_SIMPLE
#include "lvgl.h"
#else
#include "lvgl/lvgl.h"
#endif

#ifndef LV_FONT_SS_STD
#define LV_FONT_SS_STD 1
#endif

#if LV_FONT_SS_STD

/*-----------------
 *    BITMAPS
 *----------------*/

/*Store the image of the glyphs*/
static LV_ATTRIBUTE_LARGE_CONST const uint8_t glyph_bitmap[] = {
    /* U+3001 "、" */
    0x0, 0x10, 0x0, 0x0, 0x9f, 0x30, 0x0, 0x9,
    0xfe, 0x20, 0x0, 0xc, 0xfd, 0x0, 0x0, 0x2f,
    0xfa, 0x0, 0x0, 0x7f, 0xf4, 0x0, 0x0, 0xc5,
    0x0, 0x0, 0x0, 0x0,

    /* U+3002 "。" */
    0x0, 0x15, 0x40, 0x0, 0x5f, 0xff, 0xd1, 0x2f,
    0x80, 0x2f, 0x77, 0xe0, 0x0, 0xc9, 0x8e, 0x0,
    0xe, 0x73, 0xf9, 0x5b, 0xe1, 0x6, 0xef, 0xb2,
    0x0,

    /* U+4E00 "一" */
    0x1, 0x11, 0x11, 0x11, 0x11, 0x11, 0x11, 0x11,
    0xf, 0xff, 0xff, 0xff, 0xff, 0xff, 0xff, 0xfc,
    0x2f, 0xff, 0xff, 0xff, 0xff, 0xff, 0xff, 0xfa,

    /* U+4E09 "三" */
    0x0, 0x1, 0x11, 0x11, 0x11, 0x11, 0x11, 0x10,
    0x0, 0xc, 0xff, 0xff, 0xff, 0xff, 0xff, 0xf5,
    0x0, 0xd, 0xff, 0xff, 0xff, 0xff, 0xff, 0xf4,
    0x0, 0x0, 0x0, 0x0, 0x0, 0x0, 0x0, 0x0,
    0x0, 0x0, 0x0, 0x0, 0x0, 0x0, 0x0, 0x0,
    0x0, 0x0, 0x0, 0x0, 0x0, 0x0, 0x0, 0x0,
    0x0, 0x0, 0x0, 0x0, 0x0, 0x0, 0x0, 0x0,
    0x0, 0x0, 0x0, 0x0, 0x0, 0x0, 0x0, 0x0,
    0x0, 0x0, 0x0, 0x0, 0x0, 0x0, 0x0, 0x0,
    0x0, 0x1f, 0xff, 0xff, 0xff, 0xff, 0xfd, 0x0,
    0x0, 0x3f, 0xff, 0xff, 0xff, 0xff, 0xfc, 0x0,
    0x0, 0x1, 0x11, 0x11, 0x11, 0x11, 0x11, 0x0,
    0x0, 0x0, 0x0, 0x0, 0x0, 0x0, 0x0, 0x0,
    0x0, 0x0, 0x0, 0x0, 0x0, 0x0, 0x0, 0x0,
    0x0, 0x0, 0x0, 0x0, 0x0, 0x0, 0x0, 0x0,
    0x0, 0x0, 0x0, 0x0, 0x0, 0x0, 0x0, 0x0,
    0x0, 0x0, 0x0, 0x0, 0x0, 0x0, 0x0, 0x0,
    0x0, 0x0, 0x0, 0x0, 0x0, 0x0, 0x0, 0x0,
    0x1, 0x11, 0x11, 0x11, 0x11, 0x11, 0x11, 0x0,
    0x9f, 0xff, 0xff, 0xff, 0xff, 0xff, 0xff, 0x90,
    0xbf, 0xff, 0xff, 0xff, 0xff, 0xff, 0xff, 0x70,

    /* U+4E0A "上" */
    0x0, 0x0, 0x0, 0x0, 0x7f, 0xb0, 0x0, 0x0,
    0x0, 0x0, 0x0, 0x0, 0x8f, 0x90, 0x0, 0x0,
    0x0, 0x0, 0x0, 0x0, 0xaf, 0x80, 0x0, 0x0,
    0x0, 0x0, 0x0, 0x0, 0xbf, 0x60, 0x0, 0x0,
    0x0, 0x0, 0x0, 0x0, 0xdf, 0x50, 0x0, 0x0,
    0x0, 0x0, 0x0, 0x0, 0xff, 0x30, 0x0, 0x0,
    0x0, 0x0, 0x0, 0x0, 0xff, 0x10, 0x0, 0x0,
    0x0, 0x0, 0x0, 0x2, 0xff, 0x21, 0x11, 0x11,
    0x0, 0x0, 0x0, 0x4, 0xff, 0xff, 0xff, 0xfb,
    0x0, 0x0, 0x0, 0x5, 0xff, 0xff, 0xff, 0xf8,
    0x0, 0x0, 0x0, 0x7, 0xfb, 0x0, 0x0, 0x0,
    0x0, 0x0, 0x0, 0x8, 0xf9, 0x0, 0x0, 0x0,
    0x0, 0x0, 0x0, 0xa, 0xf8, 0x0, 0x0, 0x0,
    0x0, 0x0, 0x0, 0xc, 0xf6, 0x0, 0x0, 0x0,
    0x0, 0x0, 0x0, 0xd, 0xf4, 0x0, 0x0, 0x0,
    0x0, 0x0, 0x0, 0xf, 0xf3, 0x0, 0x0, 0x0,
    0x0, 0x0, 0x0, 0xf, 0xf1, 0x0, 0x0, 0x0,
    0x0, 0x0, 0x0, 0x2f, 0xf0, 0x0, 0x0, 0x0,
    0x0, 0x0, 0x0, 0x4f, 0xe0, 0x0, 0x0, 0x0,
    0x0, 0x0, 0x0, 0x6f, 0xc0, 0x0, 0x0, 0x0,
    0xd, 0xff, 0xff, 0xff, 0xff, 0xff, 0xff, 0xf9,
    0xf, 0xff, 0xff, 0xff, 0xff, 0xff, 0xff, 0xf7,

    /* U+4E0B "下" */
    0xcf, 0xff, 0xff, 0xff, 0xff, 0xff, 0xff, 0x3d,
    0xff, 0xff, 0xff, 0xff, 0xff, 0xff, 0xf1, 0x0,
    0x0, 0x7, 0xfa, 0x0, 0x0, 0x0, 0x0, 0x0,
    0x0, 0x8f, 0x80, 0x0, 0x0, 0x0, 0x0, 0x0,
    0xa, 0xf7, 0x0, 0x0, 0x0, 0x0, 0x0, 0x0,
    0xbf, 0x50, 0x20, 0x0, 0x0, 0x0, 0x0, 0xd,
    0xf3, 0xaf, 0x40, 0x0, 0x0, 0x0, 0x0, 0xff,
    0x29, 0xfc, 0x0, 0x0, 0x0, 0x0, 0xf, 0xf0,
    0x1f, 0xf4, 0x0, 0x0, 0x0, 0x2, 0xff, 0x0,
    0xaf, 0xb0, 0x0, 0x0, 0x0, 0x3f, 0xd0, 0x3,
    0xff, 0x10, 0x0, 0x0, 0x5, 0xfc, 0x0, 0xc,
    0xf7, 0x0, 0x0, 0x0, 0x6f, 0xa0, 0x0, 0x6f,
    0xd0, 0x0, 0x0, 0x8, 0xf8, 0x0, 0x1, 0xff,
    0x30, 0x0, 0x0, 0xaf, 0x70, 0x0, 0x8, 0x60,
    0x0, 0x0, 0xb, 0xf5, 0x0, 0x0, 0x0, 0x0,
    0x0, 0x0, 0xdf, 0x40, 0x0, 0x0, 0x0, 0x0,
    0x0, 0xe, 0xf2, 0x0, 0x0, 0x0, 0x0, 0x0,
    0x0, 0xff, 0x10, 0x0, 0x0, 0x0, 0x0, 0x0,
    0x1f, 0xf0, 0x0, 0x0, 0x0, 0x0, 0x0, 0x3,
    0xfe, 0x0, 0x0, 0x0, 0x0, 0x0,

    /* U+4E0D "不" */
    0x0, 0xc, 0xff, 0xff, 0xff, 0xff, 0xff, 0xff,
    0xf7, 0x0, 0xc, 0xee, 0xee, 0xef, 0xff, 0xee,
    0xee, 0xe5, 0x0, 0x0, 0x0, 0x0, 0x8, 0xf9,
    0x0, 0x0, 0x0, 0x0, 0x0, 0x0, 0x0, 0xe,
    0xf3, 0x0, 0x0, 0x0, 0x0, 0x0, 0x0, 0x0,
    0x6f, 0xf0, 0x0, 0x0, 0x0, 0x0, 0x0, 0x0,
    0x1, 0xef, 0xf0, 0x41, 0x0, 0x0, 0x0, 0x0,
    0x0, 0x9, 0xff, 0xd8, 0xf8, 0x0, 0x0, 0x0,
    0x0, 0x0, 0x4f, 0xff, 0xc3, 0xff, 0x10, 0x0,
    0x0, 0x0, 0x2, 0xff, 0xef, 0xa0, 0xbf, 0x70,
    0x0, 0x0, 0x0, 0x1e, 0xfd, 0x8f, 0x80, 0x4f,
    0xe0, 0x0, 0x0, 0x0, 0xcf, 0xf2, 0x9f, 0x70,
    0xe, 0xf4, 0x0, 0x0, 0x1d, 0xff, 0x40, 0xaf,
    0x50, 0x7, 0xfa, 0x0, 0x2, 0xef, 0xf5, 0x0,
    0xcf, 0x40, 0x2, 0xff, 0x10, 0xc, 0xff, 0x40,
    0x0, 0xdf, 0x20, 0x0, 0xcf, 0x60, 0x3, 0xe3,
    0x0, 0x0, 0xff, 0x10, 0x0, 0x57, 0x0, 0x0,
    0x0, 0x0, 0x1, 0xff, 0x0, 0x0, 0x0, 0x0,
    0x0, 0x0, 0x0, 0x2, 0xfd, 0x0, 0x0, 0x0,
    0x0, 0x0, 0x0, 0x0, 0x4, 0xfc, 0x0, 0x0,
    0x0, 0x0, 0x0, 0x0, 0x0, 0x5, 0xfa, 0x0,
    0x0, 0x0, 0x0, 0x0, 0x0, 0x0, 0x7, 0xf9,
    0x0, 0x0, 0x0, 0x0, 0x0, 0x0, 0x0, 0x8,
    0xf7, 0x0, 0x0, 0x0, 0x0,

    /* U+4E0E "与" */
    0x0, 0x0, 0x8f, 0x70, 0x0, 0x0, 0x0, 0x0,
    0x0, 0x0, 0xbf, 0x50, 0x0, 0x0, 0x0, 0x0,
    0x0, 0x0, 0xef, 0x52, 0x22, 0x22, 0x22, 0x20,
    0x0, 0x0, 0xff, 0xff, 0xff, 0xff, 0xff, 0xf1,
    0x0, 0x3, 0xff, 0xcc, 0xcc, 0xcc, 0xcc, 0xc0,
    0x0, 0x6, 0xfa, 0x0, 0x0, 0x0, 0x0, 0x0,
    0x0, 0x9, 0xf7, 0x0, 0x0, 0x0, 0x0, 0x0,
    0x0, 0xc, 0xf5, 0x0, 0x0, 0x0, 0x0, 0x0,
    0x0, 0xe, 0xff, 0xff, 0xff, 0xff, 0xe4, 0x0,
    0x0, 0x1d, 0xdd, 0xdd, 0xdd, 0xde, 0xf9, 0x0,
    0x0, 0x0, 0x0, 0x0, 0x0, 0x8, 0xf8, 0x0,
    0x0, 0x0, 0x0, 0x0, 0x0, 0xa, 0xf6, 0x0,
    0x5b, 0xbb, 0xbb, 0xbb, 0xbb, 0x2c, 0xf4, 0x0,
    0x8f, 0xff, 0xff, 0xff, 0xff, 0x2e, 0xf2, 0x0,
    0x23, 0x33, 0x33, 0x33, 0x33, 0xf, 0xf0, 0x0,
    0x0, 0x0, 0x0, 0x0, 0x0, 0x2f, 0xe0, 0x0,
    0x0, 0x0, 0x1, 0x50, 0x0, 0x4f, 0xc0, 0x0,
    0x0, 0x0, 0x2f, 0xf1, 0x0, 0x7f, 0xa0, 0x0,
    0x0, 0x0, 0xc, 0xfc, 0x34, 0xef, 0x50, 0x0,
    0x0, 0x0, 0x3, 0xff, 0xff, 0xfc, 0x0, 0x0,
    0x0, 0x0, 0x0, 0x4c, 0xfe, 0x91, 0x0, 0x0,

    /* U+4E24 "两" */
    0x0, 0xbf, 0xff, 0xff, 0xff, 0xff, 0xff, 0xff,
    0x40, 0xc, 0xff, 0xff, 0xff, 0xff, 0xff, 0xff,
    0xf2, 0x0, 0x0, 0x0, 0xbe, 0x0, 0xea, 0x0,
    0x0, 0x0, 0x0, 0x0, 0xd, 0xd0, 0xf, 0x90,
    0x0, 0x0, 0x0, 0x0, 0x0, 0xec, 0x1, 0xf8,
    0x0, 0x0, 0x0, 0x6, 0xff, 0xff, 0xff, 0xff,
    0xff, 0xfa, 0x0, 0x0, 0x8f, 0xee, 0xff, 0xee,
    0xfe, 0xef, 0xf1, 0x0, 0xa, 0xf4, 0x1f, 0x60,
    0x6f, 0x10, 0xff, 0x0, 0x0, 0xbf, 0x24, 0xf5,
    0x8, 0xf1, 0x1f, 0xe0, 0x0, 0xd, 0xf1, 0x7f,
    0x80, 0xbf, 0x63, 0xfc, 0x0, 0x0, 0xff, 0xb,
    0xfe, 0xe, 0xfc, 0x5f, 0xb0, 0x0, 0x1f, 0xd1,
    0xfd, 0xf5, 0xfd, 0xf7, 0xf9, 0x0, 0x2, 0xfb,
    0x8f, 0x4f, 0xef, 0x5f, 0xdf, 0x70, 0x0, 0x4f,
    0xbf, 0xc0, 0xaf, 0xb0, 0xff, 0xf5, 0x0, 0x6,
    0xff, 0xf4, 0xa, 0xf3, 0xa, 0xef, 0x40, 0x0,
    0x8f, 0xfa, 0x5, 0xfa, 0x0, 0xd, 0xf2, 0x0,
    0x9, 0xf8, 0x10, 0x2b, 0x10, 0x0, 0xff, 0x0,
    0x0, 0xbf, 0x20, 0x0, 0x0, 0x20, 0x1f, 0xe0,
    0x0, 0xd, 0xf0, 0x0, 0x2, 0xfe, 0x16, 0xfb,
    0x0, 0x0, 0xfe, 0x0, 0x0, 0xb, 0xff, 0xff,
    0x50, 0x0, 0xc, 0xa0, 0x0, 0x0, 0x1a, 0xfe,
    0x70, 0x0, 0x0, 0x0, 0x0, 0x0, 0x0, 0x0,
    0x0, 0x0, 0x0,

    /* U+4E2A "个" */
    0x0, 0x0, 0x0, 0x0, 0x31, 0x0, 0x0, 0x0,
    0x0, 0x0, 0x0, 0x0, 0x1e, 0xf2, 0x0, 0x0,
    0x0, 0x0, 0x0, 0x0, 0x9, 0xfe, 0x0, 0x0,
    0x0, 0x0, 0x0, 0x0, 0x4, 0xff, 0xf5, 0x0,
    0x0, 0x0, 0x0, 0x0, 0x1, 0xef, 0xbf, 0xe1,
    0x0, 0x0, 0x0, 0x0, 0x1, 0xcf, 0xc0, 0x9f,
    0xc1, 0x0, 0x0, 0x0, 0x2, 0xdf, 0xe1, 0x0,
    0xdf, 0xc1, 0x0, 0x0, 0x4, 0xef, 0xe2, 0x0,
    0x1, 0xdf, 0xd2, 0x0, 0x19, 0xff, 0xd2, 0x8,
    0xc6, 0x1, 0xdf, 0xf7, 0x7, 0xff, 0x90, 0x0,
    0xcf, 0x60, 0x0, 0xaf, 0xf4, 0xc, 0x40, 0x0,
    0xe, 0xf5, 0x0, 0x0, 0x5a, 0x0, 0x0, 0x0,
    0x0, 0xff, 0x30, 0x0, 0x0, 0x0, 0x0, 0x0,
    0x0, 0x1f, 0xf2, 0x0, 0x0, 0x0, 0x0, 0x0,
    0x0, 0x3, 0xff, 0x0, 0x0, 0x0, 0x0, 0x0,
    0x0, 0x0, 0x4f, 0xe0, 0x0, 0x0, 0x0, 0x0,
    0x0, 0x0, 0x6, 0xfd, 0x0, 0x0, 0x0, 0x0,
    0x0, 0x0, 0x0, 0x8f, 0xb0, 0x0, 0x0, 0x0,
    0x0, 0x0, 0x0, 0x9, 0xf9, 0x0, 0x0, 0x0,
    0x0, 0x0, 0x0, 0x0, 0xbf, 0x80, 0x0, 0x0,
    0x0, 0x0, 0x0, 0x0, 0xc, 0xf6, 0x0, 0x0,
    0x0, 0x0, 0x0, 0x0, 0x0, 0xef, 0x40, 0x0,
    0x0, 0x0, 0x0, 0x0, 0x0, 0xf, 0xf3, 0x0,
    0x0, 0x0, 0x0,

    /* U+4E2D "中" */
    0x0, 0x0, 0x0, 0xc, 0xf3, 0x0, 0x0, 0x0,
    0x0, 0x0, 0x0, 0xef, 0x20, 0x0, 0x0, 0x0,
    0x0, 0x0, 0xf, 0xf0, 0x0, 0x0, 0x0, 0x0,
    0x0, 0x1, 0xff, 0x0, 0x0, 0x0, 0x6, 0xdd,
    0xdd, 0xef, 0xfd, 0xdd, 0xd9, 0x0, 0x9f, 0xff,
    0xff, 0xff, 0xff, 0xff, 0xf2, 0xb, 0xf5, 0x0,
    0x6f, 0xa0, 0x0, 0xdf, 0x20, 0xcf, 0x20, 0x7,
    0xf8, 0x0, 0xe, 0xf1, 0xe, 0xf1, 0x0, 0x8f,
    0x70, 0x0, 0xff, 0x0, 0xff, 0x0, 0xa, 0xf5,
    0x0, 0x1f, 0xd0, 0x1f, 0xe0, 0x0, 0xbf, 0x40,
    0x3, 0xfc, 0x3, 0xfc, 0x0, 0xd, 0xf3, 0x0,
    0x5f, 0xa0, 0x5f, 0xff, 0xff, 0xff, 0xff, 0xff,
    0xf8, 0x5, 0xee, 0xee, 0xef, 0xfe, 0xee, 0xee,
    0x60, 0x0, 0x0, 0x2, 0xfd, 0x0, 0x0, 0x0,
    0x0, 0x0, 0x0, 0x3f, 0xc0, 0x0, 0x0, 0x0,
    0x0, 0x0, 0x5, 0xfa, 0x0, 0x0, 0x0, 0x0,
    0x0, 0x0, 0x7f, 0x90, 0x0, 0x0, 0x0, 0x0,
    0x0, 0x8, 0xf7, 0x0, 0x0, 0x0, 0x0, 0x0,
    0x0, 0xaf, 0x50, 0x0, 0x0, 0x0, 0x0, 0x0,
    0xc, 0xf4, 0x0, 0x0, 0x0, 0x0, 0x0, 0x0,
    0xdf, 0x20, 0x0, 0x0, 0x0,

    /* U+4E32 "串" */
    0x0, 0x0, 0x0, 0x0, 0xcf, 0x30, 0x0, 0x0,
    0x0, 0x0, 0x0, 0x0, 0xdf, 0x20, 0x0, 0x0,
    0x0, 0x1, 0x11, 0x11, 0xef, 0x21, 0x10, 0x0,
    0x0, 0xf, 0xff, 0xff, 0xff, 0xff, 0xff, 0xa0,
    0x0, 0x2f, 0xea, 0xab, 0xff, 0xaa, 0xaf, 0xf0,
    0x0, 0x3f, 0xa0, 0x3, 0xfc, 0x0, 0xf, 0xe0,
    0x0, 0x5f, 0x80, 0x4, 0xfa, 0x0, 0x2f, 0xc0,
    0x0, 0x7f, 0xff, 0xff, 0xff, 0xff, 0xff, 0xb0,
    0x0, 0x7e, 0xee, 0xef, 0xfe, 0xee, 0xee, 0x80,
    0x0, 0x0, 0x0, 0x9, 0xf5, 0x0, 0x0, 0x0,
    0x0, 0x0, 0x0, 0xb, 0xf4, 0x0, 0x0, 0x0,
    0x6, 0xff, 0xff, 0xff, 0xff, 0xff, 0xfe, 0x60,
    0x8, 0xfe, 0xdd, 0xdf, 0xfd, 0xdd, 0xdf, 0xe0,
    0xa, 0xf4, 0x0, 0xf, 0xf0, 0x0, 0x2f, 0xd0,
    0xb, 0xf2, 0x0, 0x1f, 0xe0, 0x0, 0x4f, 0xb0,
    0xd, 0xf4, 0x33, 0x5f, 0xd3, 0x33, 0x7f, 0xa0,
    0xf, 0xff, 0xff, 0xff, 0xff, 0xff, 0xff, 0x80,
    0xa, 0xaa, 0xaa, 0xcf, 0xda, 0xaa, 0xaa, 0x40,
    0x0, 0x0, 0x0, 0x7f, 0x80, 0x0, 0x0, 0x0,
    0x0, 0x0, 0x0, 0x9f, 0x60, 0x0, 0x0, 0x0,
    0x0, 0x0, 0x0, 0xaf, 0x50, 0x0, 0x0, 0x0,
    0x0, 0x0, 0x0, 0xcf, 0x30, 0x0, 0x0, 0x0,

    /* U+4E39 "丹" */
    0x0, 0x0, 0x2f, 0xff, 0xff, 0xff, 0xfc, 0x10,
    0x0, 0x0, 0x4f, 0xff, 0xff, 0xff, 0xff, 0x50,
    0x0, 0x0, 0x5f, 0x90, 0x0, 0x0, 0xaf, 0x60,
    0x0, 0x0, 0x7f, 0x82, 0xb3, 0x0, 0xcf, 0x40,
    0x0, 0x0, 0x9f, 0x64, 0xfc, 0x0, 0xdf, 0x20,
    0x0, 0x0, 0xaf, 0x50, 0xbf, 0x40, 0xff, 0x10,
    0x0, 0x0, 0xcf, 0x30, 0x4f, 0xa1, 0xff, 0x0,
    0x0, 0x0, 0xef, 0x10, 0x7, 0x2, 0xfd, 0x0,
    0x0, 0x0, 0xff, 0x0, 0x0, 0x4, 0xfc, 0x0,
    0xd, 0xff, 0xff, 0xff, 0xff, 0xff, 0xff, 0xf8,
    0xf, 0xff, 0xff, 0xff, 0xff, 0xff, 0xff, 0xf6,
    0x0, 0x8, 0xf7, 0x0, 0x0, 0x9, 0xf7, 0x0,
    0x0, 0xc, 0xf3, 0x0, 0x0, 0xb, 0xf5, 0x0,
    0x0, 0xf, 0xf0, 0x0, 0x0, 0xc, 0xf3, 0x0,
    0x0, 0x4f, 0xc0, 0x0, 0x0, 0xe, 0xf2, 0x0,
    0x0, 0x8f, 0x80, 0x0, 0x0, 0xf, 0xf0, 0x0,
    0x0, 0xef, 0x30, 0x1, 0x0, 0x1f, 0xf0, 0x0,
    0x5, 0xfd, 0x0, 0xbf, 0x20, 0x4f, 0xc0, 0x0,
    0xc, 0xf6, 0x0, 0x8f, 0x90, 0xaf, 0x80, 0x0,
    0x5f, 0xe0, 0x0, 0x1f, 0xff, 0xff, 0x10, 0x0,
    0x9, 0x50, 0x0, 0x4, 0xdf, 0xd4, 0x0, 0x0,

    /* U+4E3A "为" */
    0x0, 0x0, 0x76, 0x2, 0xfd, 0x0, 0x0, 0x0,
    0x0, 0x3, 0xfe, 0x4, 0xfc, 0x0, 0x0, 0x0,
    0x0, 0x0, 0xaf, 0x75, 0xfa, 0x0, 0x0, 0x0,
    0x0, 0x0, 0x2f, 0xb7, 0xf8, 0x0, 0x0, 0x0,
    0x0, 0x0, 0x4, 0x9, 0xf7, 0x0, 0x0, 0x0,
    0x0, 0xd, 0xdd, 0xdf, 0xfe, 0xdd, 0xdd, 0x90,
    0x0, 0x2f, 0xff, 0xff, 0xff, 0xff, 0xff, 0xf5,
    0x0, 0x0, 0x0, 0xf, 0xf1, 0x0, 0xa, 0xf5,
    0x0, 0x0, 0x0, 0x2f, 0xd0, 0x0, 0xc, 0xf3,
    0x0, 0x0, 0x0, 0x5f, 0xa0, 0x0, 0xe, 0xf1,
    0x0, 0x0, 0x0, 0x8f, 0x76, 0x50, 0xf, 0xf0,
    0x0, 0x0, 0x0, 0xdf, 0x6f, 0xe0, 0x3f, 0xd0,
    0x0, 0x0, 0x3, 0xfe, 0xa, 0xf7, 0x5f, 0xb0,
    0x0, 0x0, 0x9, 0xf8, 0x2, 0xfe, 0x7f, 0x90,
    0x0, 0x0, 0x1f, 0xf2, 0x0, 0x96, 0x9f, 0x70,
    0x0, 0x0, 0x9f, 0xa0, 0x0, 0x0, 0xbf, 0x50,
    0x0, 0x3, 0xff, 0x20, 0x0, 0x0, 0xdf, 0x30,
    0x0, 0xd, 0xf8, 0x0, 0x0, 0x0, 0xff, 0x10,
    0x0, 0xaf, 0xd0, 0x7, 0x80, 0x3, 0xfe, 0x0,
    0x8, 0xff, 0x20, 0xf, 0xf6, 0x3c, 0xfa, 0x0,
    0x5f, 0xf5, 0x0, 0x7, 0xff, 0xff, 0xf2, 0x0,
    0xc, 0x60, 0x0, 0x0, 0x7d, 0xfd, 0x40, 0x0,
    0x0, 0x0, 0x0, 0x0, 0x0, 0x0, 0x0, 0x0,

    /* U+4E3B "主" */
    0x0, 0x0, 0x0, 0x0, 0x11, 0x0, 0x0, 0x0,
    0x0, 0x0, 0x0, 0x7, 0xf8, 0x0, 0x0, 0x0,
    0x0, 0x0, 0x0, 0x4, 0xfe, 0x0, 0x0, 0x0,
    0x0, 0x1, 0x11, 0x11, 0xfe, 0x21, 0x11, 0x10,
    0x0, 0x2f, 0xff, 0xff, 0xff, 0xff, 0xff, 0xf5,
    0x0, 0x3d, 0xdd, 0xdd, 0xff, 0xdd, 0xdd, 0xd3,
    0x0, 0x0, 0x0, 0x2, 0xfd, 0x0, 0x0, 0x0,
    0x0, 0x0, 0x0, 0x3, 0xfc, 0x0, 0x0, 0x0,
    0x0, 0x0, 0x0, 0x5, 0xfa, 0x0, 0x0, 0x0,
    0x0, 0x0, 0x0, 0x7, 0xf8, 0x0, 0x0, 0x0,
    0x0, 0x0, 0x0, 0x9, 0xf6, 0x0, 0x0, 0x0,
    0x0, 0x3e, 0xee, 0xef, 0xfe, 0xee, 0xec, 0x0,
    0x0, 0x6f, 0xff, 0xff, 0xff, 0xff, 0xfc, 0x0,
    0x0, 0x0, 0x0, 0xe, 0xf2, 0x0, 0x0, 0x0,
    0x0, 0x0, 0x0, 0xf, 0xf0, 0x0, 0x0, 0x0,
    0x0, 0x0, 0x0, 0x1f, 0xe0, 0x0, 0x0, 0x0,
    0x0, 0x0, 0x0, 0x2f, 0xd0, 0x0, 0x0, 0x0,
    0x0, 0x0, 0x0, 0x4f, 0xb0, 0x0, 0x0, 0x0,
    0x0, 0x0, 0x0, 0x5f, 0xa0, 0x0, 0x0, 0x0,
    0x0, 0x0, 0x0, 0x7f, 0x80, 0x0, 0x0, 0x0,
    0x6e, 0xee, 0xee, 0xff, 0xfe, 0xee, 0xee, 0x30,
    0x8f, 0xff, 0xff, 0xff, 0xff, 0xff, 0xff, 0x10,

    /* U+4E49 "义" */
    0x0, 0x0, 0x0, 0x0, 0x22, 0x0, 0x0, 0x0,
    0x0, 0x0, 0x0, 0x0, 0x5f, 0x90, 0x0, 0x0,
    0x0, 0x0, 0x0, 0x0, 0x1, 0xfe, 0x0, 0x0,
    0x0, 0x0, 0x0, 0x28, 0x60, 0xc, 0xf2, 0x0,
    0x8d, 0x60, 0x0, 0x5, 0xfb, 0x0, 0x8f, 0x50,
    0xd, 0xf5, 0x0, 0x0, 0x2f, 0xe0, 0x5, 0xf8,
    0x2, 0xff, 0x0, 0x0, 0x0, 0xef, 0x30, 0x13,
    0x0, 0x8f, 0xa0, 0x0, 0x0, 0xa, 0xf7, 0x0,
    0x0, 0xe, 0xf4, 0x0, 0x0, 0x0, 0x5f, 0xc0,
    0x0, 0x5, 0xfd, 0x0, 0x0, 0x0, 0x1, 0xff,
    0x20, 0x0, 0xdf, 0x70, 0x0, 0x0, 0x0, 0xa,
    0xf9, 0x0, 0x6f, 0xe0, 0x0, 0x0, 0x0, 0x0,
    0x4f, 0xf2, 0x1e, 0xf6, 0x0, 0x0, 0x0, 0x0,
    0x0, 0xcf, 0xab, 0xfc, 0x0, 0x0, 0x0, 0x0,
    0x0, 0x3, 0xff, 0xff, 0x20, 0x0, 0x0, 0x0,
    0x0, 0x0, 0xb, 0xff, 0x70, 0x0, 0x0, 0x0,
    0x0, 0x0, 0x6, 0xff, 0xfd, 0x0, 0x0, 0x0,
    0x0, 0x0, 0x8, 0xff, 0xaf, 0xfc, 0x0, 0x0,
    0x0, 0x0, 0x1b, 0xff, 0x90, 0x4f, 0xfc, 0x10,
    0x0, 0x0, 0x4e, 0xff, 0x60, 0x0, 0x5f, 0xfd,
    0x20, 0x1, 0xaf, 0xfd, 0x30, 0x0, 0x0, 0x4f,
    0xfe, 0x40, 0x8f, 0xf9, 0x0, 0x0, 0x0, 0x0,
    0x2d, 0xfd, 0x1, 0xb3, 0x0, 0x0, 0x0, 0x0,
    0x0, 0xa, 0x40,

    /* U+4E4B "之" */
    0x0, 0x0, 0x0, 0x0, 0x22, 0x0, 0x0, 0x0,
    0x0, 0x0, 0x0, 0x4, 0xfc, 0x0, 0x0, 0x0,
    0x0, 0x0, 0x0, 0x0, 0xdf, 0x40, 0x0, 0x0,
    0x0, 0x0, 0x0, 0x0, 0x6f, 0x70, 0x0, 0x0,
    0x0, 0x2, 0x33, 0x33, 0x45, 0x33, 0x33, 0x0,
    0x0, 0xb, 0xff, 0xff, 0xff, 0xff, 0xff, 0xe1,
    0x0, 0x9, 0xbb, 0xbb, 0xbb, 0xbb, 0xcf, 0xf3,
    0x0, 0x0, 0x0, 0x0, 0x0, 0x0, 0xaf, 0xc0,
    0x0, 0x0, 0x0, 0x0, 0x0, 0x4, 0xff, 0x20,
    0x0, 0x0, 0x0, 0x0, 0x0, 0xd, 0xf8, 0x0,
    0x0, 0x0, 0x0, 0x0, 0x0, 0x9f, 0xd0, 0x0,
    0x0, 0x0, 0x0, 0x0, 0x4, 0xff, 0x30, 0x0,
    0x0, 0x0, 0x0, 0x0, 0x1e, 0xf8, 0x0, 0x0,
    0x0, 0x0, 0x0, 0x0, 0xcf, 0xc0, 0x0, 0x0,
    0x0, 0x0, 0x0, 0xa, 0xfe, 0x10, 0x0, 0x0,
    0x0, 0x0, 0x0, 0x8f, 0xf3, 0x0, 0x0, 0x0,
    0x0, 0x9, 0xd7, 0xff, 0x50, 0x0, 0x0, 0x0,
    0x0, 0x4f, 0xff, 0xf7, 0x0, 0x0, 0x0, 0x0,
    0x1, 0xef, 0xdf, 0xd0, 0x0, 0x0, 0x0, 0x0,
    0x1d, 0xf9, 0x1d, 0xfd, 0x51, 0x0, 0x14, 0x80,
    0xcf, 0xc0, 0x1, 0xcf, 0xff, 0xff, 0xff, 0xf4,
    0x3c, 0x10, 0x0, 0x4, 0x9d, 0xef, 0xec, 0x81,
    0x0, 0x0, 0x0, 0x0, 0x0, 0x0, 0x0, 0x0,

    /* U+4E4C "乌" */
    0x0, 0x0, 0x0, 0x0, 0x31, 0x0, 0x0, 0x0,
    0x0, 0x0, 0x0, 0x1, 0xff, 0x0, 0x0, 0x0,
    0x0, 0x0, 0x0, 0x7, 0xfa, 0x0, 0x0, 0x0,
    0x0, 0x0, 0xef, 0xff, 0xff, 0xff, 0xfe, 0x20,
    0x0, 0x0, 0xff, 0xbb, 0xbb, 0xbb, 0xef, 0x60,
    0x0, 0x1, 0xfd, 0x0, 0x0, 0x0, 0xbf, 0x40,
    0x0, 0x3, 0xfb, 0x0, 0x0, 0x0, 0xef, 0x20,
    0x0, 0x5, 0xf9, 0x0, 0x0, 0x3, 0xfe, 0x0,
    0x0, 0x7, 0xf8, 0x0, 0x6, 0xef, 0xf9, 0x0,
    0x0, 0x8, 0xf6, 0x0, 0x5, 0xdd, 0x91, 0x0,
    0x0, 0xa, 0xf4, 0x0, 0x0, 0x0, 0x0, 0x0,
    0x0, 0xc, 0xfe, 0xee, 0xee, 0xee, 0xed, 0x70,
    0x0, 0xd, 0xff, 0xff, 0xff, 0xff, 0xff, 0xf0,
    0x0, 0x0, 0x0, 0x0, 0x0, 0x0, 0xf, 0xf0,
    0x0, 0x0, 0x0, 0x0, 0x0, 0x0, 0x2f, 0xe0,
    0x4f, 0xff, 0xff, 0xff, 0xff, 0xfd, 0x4f, 0xc0,
    0x5d, 0xdd, 0xdd, 0xdd, 0xdd, 0xda, 0x6f, 0xa0,
    0x0, 0x0, 0x0, 0x0, 0x0, 0x0, 0x8f, 0x90,
    0x0, 0x0, 0x0, 0x6b, 0x50, 0x0, 0xcf, 0x60,
    0x0, 0x0, 0x0, 0x8f, 0xe3, 0x6, 0xff, 0x10,
    0x0, 0x0, 0x0, 0x1e, 0xff, 0xff, 0xf7, 0x0,
    0x0, 0x0, 0x0, 0x2, 0xae, 0xfc, 0x50, 0x0,

    /* U+4E50 "乐" */
    0x0, 0x0, 0x0, 0x0, 0x0, 0x0, 0x3, 0x7a,
    0x20, 0x0, 0x0, 0x23, 0x57, 0x9a, 0xdf, 0xff,
    0xf6, 0x0, 0x0, 0x3f, 0xff, 0xff, 0xff, 0xfd,
    0x95, 0x10, 0x0, 0x7, 0xfd, 0xa8, 0x65, 0x30,
    0x0, 0x0, 0x0, 0x0, 0xaf, 0x50, 0x0, 0x0,
    0x0, 0x0, 0x0, 0x0, 0xd, 0xf1, 0x0, 0xef,
    0x0, 0x0, 0x0, 0x0, 0x1, 0xfe, 0x0, 0xf,
    0xe0, 0x0, 0x0, 0x0, 0x0, 0x4f, 0xb0, 0x2,
    0xfc, 0x0, 0x0, 0x0, 0x0, 0x7, 0xf7, 0x0,
    0x4f, 0xb0, 0x0, 0x0, 0x0, 0x0, 0xbf, 0xed,
    0xde, 0xfe, 0xdd, 0xdd, 0x90, 0x0, 0xe, 0xff,
    0xff, 0xff, 0xff, 0xff, 0xfa, 0x0, 0x0, 0x22,
    0x22, 0x2a, 0xf7, 0x22, 0x22, 0x10, 0x0, 0x0,
    0x20, 0x0, 0xaf, 0x40, 0x0, 0x0, 0x0, 0x0,
    0x1f, 0xc0, 0xc, 0xf2, 0x2d, 0xb0, 0x0, 0x0,
    0x7, 0xfa, 0x0, 0xdf, 0x10, 0xff, 0x0, 0x0,
    0x0, 0xdf, 0x40, 0xf, 0xf0, 0xb, 0xf4, 0x0,
    0x0, 0x4f, 0xe0, 0x1, 0xfe, 0x0, 0x7f, 0x80,
    0x0, 0xc, 0xf7, 0x0, 0x2f, 0xc0, 0x2, 0xfd,
    0x0, 0x5, 0xfe, 0x0, 0x4, 0xfa, 0x0, 0xe,
    0xf2, 0x0, 0xdf, 0x67, 0xd1, 0x8f, 0x80, 0x0,
    0x9f, 0x70, 0x1, 0x80, 0x6f, 0xff, 0xf2, 0x0,
    0x3, 0x60, 0x0, 0x0, 0x0, 0x8e, 0xe6, 0x0,
    0x0, 0x0, 0x0,

    /* U+4E58 "乘" */
    0x0, 0x0, 0x0, 0x0, 0x0, 0x12, 0x35, 0x67,
    0x0, 0x0, 0x0, 0xcd, 0xee, 0xff, 0xff, 0xff,
    0xff, 0x10, 0x0, 0x0, 0xff, 0xed, 0xdf, 0xf9,
    0x86, 0x53, 0x0, 0x0, 0x0, 0x0, 0x0, 0xf,
    0xe0, 0x0, 0x0, 0x0, 0x0, 0x3c, 0xcc, 0xcc,
    0xcf, 0xfc, 0xcc, 0xcc, 0xc1, 0x0, 0x6f, 0xff,
    0xff, 0xff, 0xff, 0xff, 0xff, 0xf0, 0x0, 0x0,
    0x0, 0x0, 0x5f, 0x90, 0x0, 0x0, 0x0, 0x0,
    0x0, 0x6, 0xd4, 0x6f, 0x74, 0xd5, 0x7, 0x0,
    0x0, 0x4b, 0xbd, 0xf3, 0x8f, 0x57, 0xf7, 0xbf,
    0x60, 0x0, 0x6f, 0xff, 0xf1, 0xaf, 0x48, 0xff,
    0xf8, 0x0, 0x0, 0x0, 0xc, 0xf0, 0xbf, 0x2a,
    0xfa, 0x20, 0x0, 0x0, 0x3, 0xaf, 0xe0, 0xdf,
    0xc, 0xf0, 0x18, 0x30, 0x0, 0xcf, 0xff, 0xc0,
    0xff, 0xc, 0xf0, 0x7f, 0x50, 0x0, 0xcc, 0x5f,
    0xb7, 0xff, 0x49, 0xfd, 0xff, 0x10, 0x0, 0x10,
    0x2, 0x3f, 0xff, 0xb2, 0xdf, 0xe4, 0x0, 0x0,
    0x0, 0x0, 0xdf, 0xff, 0xf5, 0x1, 0x0, 0x0,
    0x0, 0x0, 0xc, 0xfc, 0xfa, 0xff, 0x20, 0x0,
    0x0, 0x0, 0x1, 0xcf, 0xa7, 0xf6, 0x7f, 0xd1,
    0x0, 0x0, 0x0, 0x3e, 0xfc, 0x8, 0xf5, 0xa,
    0xfe, 0x30, 0x0, 0x1a, 0xff, 0xb0, 0xa, 0xf3,
    0x0, 0xbf, 0xf9, 0x10, 0x3f, 0xf8, 0x0, 0xb,
    0xf1, 0x0, 0x8, 0xfd, 0x0, 0x8, 0x20, 0x0,
    0xd, 0xf0, 0x0, 0x0, 0x33, 0x0,

    /* U+4E8C "二" */
    0x0, 0xe, 0xff, 0xff, 0xff, 0xff, 0xff, 0xf0,
    0x0, 0xf, 0xff, 0xff, 0xff, 0xff, 0xff, 0xe0,
    0x0, 0x3, 0x33, 0x33, 0x33, 0x33, 0x33, 0x20,
    0x0, 0x0, 0x0, 0x0, 0x0, 0x0, 0x0, 0x0,
    0x0, 0x0, 0x0, 0x0, 0x0, 0x0, 0x0, 0x0,
    0x0, 0x0, 0x0, 0x0, 0x0, 0x0, 0x0, 0x0,
    0x0, 0x0, 0x0, 0x0, 0x0, 0x0, 0x0, 0x0,
    0x0, 0x0, 0x0, 0x0, 0x0, 0x0, 0x0, 0x0,
    0x0, 0x0, 0x0, 0x0, 0x0, 0x0, 0x0, 0x0,
    0x0, 0x0, 0x0, 0x0, 0x0, 0x0, 0x0, 0x0,
    0x0, 0x0, 0x0, 0x0, 0x0, 0x0, 0x0, 0x0,
    0x0, 0x0, 0x0, 0x0, 0x0, 0x0, 0x0, 0x0,
    0x0, 0x0, 0x0, 0x0, 0x0, 0x0, 0x0, 0x0,
    0x0, 0x0, 0x0, 0x0, 0x0, 0x0, 0x0, 0x0,
    0x0, 0x0, 0x0, 0x0, 0x0, 0x0, 0x0, 0x0,
    0x0, 0x0, 0x0, 0x0, 0x0, 0x0, 0x0, 0x0,
    0x13, 0x33, 0x33, 0x33, 0x33, 0x33, 0x33, 0x20,
    0xbf, 0xff, 0xff, 0xff, 0xff, 0xff, 0xff, 0xa0,
    0xcf, 0xff, 0xff, 0xff, 0xff, 0xff, 0xff, 0x80,

    /* U+4E8E "于" */
    0x0, 0xaf, 0xff, 0xff, 0xff, 0xff, 0xff, 0x40,
    0xc, 0xff, 0xff, 0xff, 0xff, 0xff, 0xf2, 0x0,
    0x11, 0x11, 0x19, 0xf9, 0x11, 0x11, 0x0, 0x0,
    0x0, 0x0, 0xaf, 0x70, 0x0, 0x0, 0x0, 0x0,
    0x0, 0xc, 0xf6, 0x0, 0x0, 0x0, 0x0, 0x0,
    0x0, 0xdf, 0x40, 0x0, 0x0, 0x0, 0x0, 0x0,
    0xf, 0xf3, 0x0, 0x0, 0x1, 0x11, 0x11, 0x12,
    0xff, 0x31, 0x11, 0x11, 0xbf, 0xff, 0xff, 0xff,
    0xff, 0xff, 0xff, 0xcc, 0xff, 0xff, 0xff, 0xff,
    0xff, 0xff, 0xfa, 0x0, 0x0, 0x0, 0x5f, 0xd0,
    0x0, 0x0, 0x0, 0x0, 0x0, 0x6, 0xfb, 0x0,
    0x0, 0x0, 0x0, 0x0, 0x0, 0x8f, 0x90, 0x0,
    0x0, 0x0, 0x0, 0x0, 0x9, 0xf8, 0x0, 0x0,
    0x0, 0x0, 0x0, 0x0, 0xbf, 0x60, 0x0, 0x0,
    0x0, 0x0, 0x0, 0xc, 0xf5, 0x0, 0x0, 0x0,
    0x0, 0x20, 0x0, 0xef, 0x30, 0x0, 0x0, 0x0,
    0xcf, 0x40, 0x1f, 0xf0, 0x0, 0x0, 0x0, 0x9,
    0xfc, 0x29, 0xfd, 0x0, 0x0, 0x0, 0x0, 0x1f,
    0xff, 0xff, 0x50, 0x0, 0x0, 0x0, 0x0, 0x4c,
    0xfe, 0x70, 0x0, 0x0, 0x0, 0x0,

    /* U+4EA4 "交" */
    0x0, 0x0, 0x0, 0x0, 0x9, 0xf6, 0x0, 0x0,
    0x0, 0x0, 0x0, 0x0, 0x0, 0xa, 0xf5, 0x0,
    0x0, 0x0, 0x0, 0x0, 0x0, 0x0, 0xc, 0xf4,
    0x0, 0x0, 0x0, 0x0, 0xf, 0xff, 0xff, 0xff,
    0xff, 0xff, 0xff, 0xf3, 0x0, 0xd, 0xdd, 0xdd,
    0xdd, 0xdd, 0xdd, 0xdd, 0xd1, 0x0, 0x0, 0x0,
    0x41, 0x0, 0x0, 0x40, 0x0, 0x0, 0x0, 0x0,
    0x2, 0xfe, 0x10, 0x9, 0xf8, 0x0, 0x0, 0x0,
    0x0, 0x1e, 0xf8, 0x0, 0x3, 0xff, 0x60, 0x0,
    0x0, 0x2, 0xdf, 0xa0, 0x0, 0x0, 0x5f, 0xf3,
    0x0, 0x0, 0x4e, 0xfc, 0x0, 0x0, 0x0, 0x8,
    0xfd, 0x0, 0x0, 0xcf, 0xb6, 0xe7, 0x0, 0x6,
    0xd6, 0xcf, 0x90, 0x0, 0x27, 0x5, 0xfc, 0x0,
    0xd, 0xf5, 0x2b, 0x10, 0x0, 0x0, 0x0, 0xff,
    0x20, 0x6f, 0xd0, 0x0, 0x0, 0x0, 0x0, 0x0,
    0xaf, 0xa1, 0xef, 0x50, 0x0, 0x0, 0x0, 0x0,
    0x0, 0x3f, 0xfd, 0xfb, 0x0, 0x0, 0x0, 0x0,
    0x0, 0x0, 0xa, 0xff, 0xe1, 0x0, 0x0, 0x0,
    0x0, 0x0, 0x0, 0x1b, 0xff, 0xc0, 0x0, 0x0,
    0x0, 0x0, 0x0, 0x4, 0xdf, 0xff, 0xfc, 0x10,
    0x0, 0x0, 0x0, 0x2, 0xaf, 0xfd, 0x24, 0xff,
    0xe5, 0x0, 0x0, 0x4, 0xaf, 0xff, 0x90, 0x0,
    0x3e, 0xff, 0xb4, 0x0, 0xe, 0xff, 0xb3, 0x0,
    0x0, 0x1, 0xaf, 0xff, 0x0, 0x8, 0xa3, 0x0,
    0x0, 0x0, 0x0, 0x4, 0xc8, 0x0, 0x0, 0x0,
    0x0, 0x0, 0x0, 0x0, 0x0, 0x0, 0x0,

    /* U+4EAB "享" */
    0x0, 0x0, 0x0, 0x0, 0x9f, 0x60, 0x0, 0x0,
    0x0, 0x0, 0x0, 0x0, 0xb, 0xf5, 0x0, 0x0,
    0x0, 0x0, 0xad, 0xdd, 0xdd, 0xff, 0xdd, 0xdd,
    0xdd, 0x20, 0xe, 0xff, 0xff, 0xff, 0xff, 0xff,
    0xff, 0xf1, 0x0, 0x0, 0x0, 0x0, 0x0, 0x0,
    0x0, 0x0, 0x0, 0x0, 0x1f, 0xff, 0xff, 0xff,
    0xfd, 0x30, 0x0, 0x0, 0x3, 0xfe, 0xbb, 0xbb,
    0xbd, 0xf9, 0x0, 0x0, 0x0, 0x4f, 0x90, 0x0,
    0x0, 0x6f, 0x80, 0x0, 0x0, 0x6, 0xfd, 0xaa,
    0xaa, 0xad, 0xf6, 0x0, 0x0, 0x0, 0x8f, 0xff,
    0xff, 0xff, 0xff, 0x40, 0x0, 0x0, 0x0, 0x0,
    0x0, 0x0, 0x0, 0x0, 0x0, 0x0, 0x3, 0xbb,
    0xbb, 0xbb, 0xbb, 0xba, 0x10, 0x0, 0x0, 0x6f,
    0xff, 0xff, 0xff, 0xff, 0xf5, 0x0, 0x0, 0x0,
    0x0, 0x0, 0x0, 0x1c, 0xfc, 0x0, 0x0, 0x0,
    0x0, 0x0, 0x0, 0x1d, 0xfa, 0x0, 0x0, 0x2,
    0xcc, 0xcc, 0xcc, 0xce, 0xff, 0xcc, 0xc9, 0x0,
    0x4f, 0xff, 0xff, 0xff, 0xff, 0xff, 0xff, 0xa0,
    0x0, 0x0, 0x0, 0x0, 0xaf, 0x40, 0x0, 0x0,
    0x0, 0x0, 0x0, 0x0, 0xb, 0xf3, 0x0, 0x0,
    0x0, 0x0, 0x0, 0x3a, 0x60, 0xef, 0x10, 0x0,
    0x0, 0x0, 0x0, 0x5, 0xff, 0xff, 0xc0, 0x0,
    0x0, 0x0, 0x0, 0x0, 0x7, 0xef, 0xb1, 0x0,
    0x0, 0x0, 0x0,

    /* U+4EAE "亮" */
    0x0, 0x0, 0x0, 0x0, 0x9f, 0x60, 0x0, 0x0,
    0x0, 0x3, 0x44, 0x44, 0x4c, 0xf8, 0x44, 0x44,
    0x40, 0x0, 0xdf, 0xff, 0xff, 0xff, 0xff, 0xff,
    0xff, 0x20, 0xc, 0xee, 0xee, 0xee, 0xee, 0xee,
    0xee, 0xe0, 0x0, 0x0, 0x0, 0x0, 0x0, 0x0,
    0x0, 0x0, 0x0, 0x0, 0x1f, 0xff, 0xff, 0xff,
    0xff, 0xc0, 0x0, 0x0, 0x3, 0xfd, 0xaa, 0xaa,
    0xaa, 0xef, 0x20, 0x0, 0x0, 0x5f, 0x90, 0x0,
    0x0, 0xd, 0xf1, 0x0, 0x0, 0x7, 0xff, 0xff,
    0xff, 0xff, 0xff, 0x0, 0x0, 0x0, 0x59, 0x99,
    0x99, 0x99, 0x99, 0x80, 0x0, 0x0, 0x11, 0x11,
    0x11, 0x11, 0x11, 0x11, 0x0, 0x0, 0xbf, 0xff,
    0xff, 0xff, 0xff, 0xff, 0xfd, 0x0, 0xd, 0xfd,
    0xdd, 0xdd, 0xdd, 0xdd, 0xdf, 0xf4, 0x0, 0xef,
    0x0, 0x0, 0x0, 0x0, 0x0, 0xbf, 0x30, 0xf,
    0xe0, 0x5d, 0xdd, 0xdd, 0xa0, 0xd, 0xf1, 0x0,
    0x21, 0x7, 0xff, 0xff, 0xff, 0x30, 0x22, 0x0,
    0x0, 0x0, 0x9f, 0x50, 0xc, 0xf2, 0x0, 0x0,
    0x0, 0x0, 0xd, 0xf1, 0x0, 0xef, 0x0, 0xb7,
    0x0, 0x0, 0x7, 0xfc, 0x0, 0xf, 0xe0, 0x2f,
    0xc0, 0x0, 0x2a, 0xff, 0x30, 0x1, 0xfe, 0xa,
    0xf7, 0x0, 0xaf, 0xfe, 0x40, 0x0, 0xe, 0xff,
    0xfe, 0x0, 0x4, 0xe8, 0x10, 0x0, 0x0, 0x5d,
    0xfb, 0x20, 0x0, 0x0, 0x0, 0x0, 0x0, 0x0,
    0x0, 0x0, 0x0, 0x0,

    /* U+4EBA "人" */
    0x0, 0x0, 0x0, 0x0, 0x1f, 0xf0, 0x0, 0x0,
    0x0, 0x0, 0x0, 0x0, 0x3, 0xfe, 0x0, 0x0,
    0x0, 0x0, 0x0, 0x0, 0x0, 0x4f, 0xc0, 0x0,
    0x0, 0x0, 0x0, 0x0, 0x0, 0x6, 0xfb, 0x0,
    0x0, 0x0, 0x0, 0x0, 0x0, 0x0, 0x8f, 0x90,
    0x0, 0x0, 0x0, 0x0, 0x0, 0x0, 0xa, 0xfa,
    0x0, 0x0, 0x0, 0x0, 0x0, 0x0, 0x0, 0xdf,
    0xb0, 0x0, 0x0, 0x0, 0x0, 0x0, 0x0, 0xf,
    0xfd, 0x0, 0x0, 0x0, 0x0, 0x0, 0x0, 0x4,
    0xff, 0xf0, 0x0, 0x0, 0x0, 0x0, 0x0, 0x0,
    0x9f, 0xff, 0x20, 0x0, 0x0, 0x0, 0x0, 0x0,
    0xe, 0xfa, 0xf6, 0x0, 0x0, 0x0, 0x0, 0x0,
    0x5, 0xfc, 0x5f, 0xb0, 0x0, 0x0, 0x0, 0x0,
    0x0, 0xdf, 0x61, 0xff, 0x10, 0x0, 0x0, 0x0,
    0x0, 0x6f, 0xe0, 0xb, 0xf7, 0x0, 0x0, 0x0,
    0x0, 0x2f, 0xf6, 0x0, 0x5f, 0xe1, 0x0, 0x0,
    0x0, 0xc, 0xfc, 0x0, 0x0, 0xdf, 0x80, 0x0,
    0x0, 0xa, 0xff, 0x20, 0x0, 0x4, 0xff, 0x30,
    0x0, 0x8, 0xff, 0x50, 0x0, 0x0, 0xa, 0xfd,
    0x0, 0x9, 0xff, 0x70, 0x0, 0x0, 0x0, 0x1e,
    0xfa, 0x3, 0xff, 0x70, 0x0, 0x0, 0x0, 0x0,
    0x4f, 0xf3, 0x7, 0x60, 0x0, 0x0, 0x0, 0x0,
    0x0, 0x74, 0x0,

    /* U+4EC5 "仅" */
    0x0, 0x0, 0x0, 0x20, 0x0, 0x0, 0x0, 0x0,
    0x0, 0x0, 0x0, 0x1f, 0xa0, 0x11, 0x11, 0x10,
    0x0, 0x0, 0x0, 0x8, 0xf8, 0x8f, 0xff, 0xff,
    0xfe, 0x30, 0x0, 0x0, 0xef, 0x29, 0xff, 0xff,
    0xff, 0xf7, 0x0, 0x0, 0x7f, 0xb0, 0x0, 0x0,
    0x0, 0xcf, 0x40, 0x0, 0xe, 0xf4, 0x8, 0xb0,
    0x0, 0xf, 0xf0, 0x0, 0x7, 0xff, 0x10, 0xbf,
    0x30, 0x5, 0xfb, 0x0, 0x1, 0xef, 0xf0, 0x9,
    0xf5, 0x0, 0x9f, 0x60, 0x0, 0x9f, 0xfe, 0x0,
    0x6f, 0x80, 0xe, 0xf1, 0x0, 0x4f, 0xff, 0xc0,
    0x3, 0xfc, 0x5, 0xfb, 0x0, 0xe, 0xfa, 0xfa,
    0x0, 0xf, 0xf1, 0xcf, 0x50, 0x0, 0x6b, 0x5f,
    0x90, 0x0, 0xaf, 0x8f, 0xe0, 0x0, 0x0, 0x7,
    0xf7, 0x0, 0x5, 0xff, 0xf7, 0x0, 0x0, 0x0,
    0x9f, 0x50, 0x0, 0xf, 0xfe, 0x0, 0x0, 0x0,
    0xa, 0xf4, 0x0, 0x0, 0xdf, 0xa0, 0x0, 0x0,
    0x0, 0xcf, 0x20, 0x0, 0x7f, 0xff, 0x20, 0x0,
    0x0, 0xe, 0xf0, 0x0, 0x3f, 0xfc, 0xfa, 0x0,
    0x0, 0x0, 0xff, 0x0, 0xd, 0xf8, 0x1f, 0xf4,
    0x0, 0x0, 0x1f, 0xd0, 0xc, 0xfc, 0x0, 0x7f,
    0xe1, 0x0, 0x3, 0xfb, 0xb, 0xfe, 0x10, 0x0,
    0xcf, 0xb0, 0x0, 0x5f, 0xa8, 0xfe, 0x20, 0x0,
    0x2, 0xef, 0x40, 0x6, 0xf8, 0x1b, 0x10, 0x0,
    0x0, 0x5, 0x80,

    /* U+4ECB "介" */
    0x0, 0x0, 0x0, 0x0, 0x2, 0x10, 0x0, 0x0,
    0x0, 0x0, 0x0, 0x0, 0x0, 0xe, 0xf3, 0x0,
    0x0, 0x0, 0x0, 0x0, 0x0, 0x0, 0x9f, 0xf0,
    0x0, 0x0, 0x0, 0x0, 0x0, 0x0, 0x7, 0xff,
    0xf8, 0x0, 0x0, 0x0, 0x0, 0x0, 0x0, 0x5f,
    0xf8, 0xef, 0x50, 0x0, 0x0, 0x0, 0x0, 0x7,
    0xff, 0x80, 0x4f, 0xf6, 0x0, 0x0, 0x0, 0x1,
    0xaf, 0xf8, 0x0, 0x6, 0xff, 0x90, 0x0, 0x0,
    0x6e, 0xff, 0x60, 0x0, 0x0, 0x6f, 0xfd, 0x50,
    0x3, 0xff, 0xc2, 0x0, 0x0, 0x0, 0x3, 0xef,
    0xf1, 0x0, 0x95, 0x6, 0xf9, 0x0, 0xf, 0xf0,
    0x8, 0x90, 0x0, 0x0, 0x8, 0xf7, 0x0, 0x1f,
    0xe0, 0x0, 0x0, 0x0, 0x0, 0xa, 0xf6, 0x0,
    0x3f, 0xd0, 0x0, 0x0, 0x0, 0x0, 0xc, 0xf4,
    0x0, 0x4f, 0xb0, 0x0, 0x0, 0x0, 0x0, 0xf,
    0xf2, 0x0, 0x6f, 0x90, 0x0, 0x0, 0x0, 0x0,
    0x3f, 0xe0, 0x0, 0x8f, 0x80, 0x0, 0x0, 0x0,
    0x0, 0x8f, 0xa0, 0x0, 0x9f, 0x60, 0x0, 0x0,
    0x0, 0x0, 0xef, 0x40, 0x0, 0xbf, 0x40, 0x0,
    0x0, 0x0, 0x9, 0xfd, 0x0, 0x0, 0xdf, 0x30,
    0x0, 0x0, 0x0, 0x5f, 0xf4, 0x0, 0x0, 0xef,
    0x10, 0x0, 0x0, 0x4, 0xff, 0x90, 0x0, 0x0,
    0xff, 0x0, 0x0, 0x0, 0x3f, 0xfb, 0x0, 0x0,
    0x2, 0xfe, 0x0, 0x0, 0x0, 0xd, 0x90, 0x0,
    0x0, 0x3, 0xfc, 0x0, 0x0, 0x0, 0x1, 0x0,
    0x0, 0x0, 0x0, 0x0, 0x0, 0x0, 0x0,

    /* U+4ECE "从" */
    0x0, 0x0, 0x4, 0xfb, 0x0, 0x4, 0xf9, 0x0,
    0x0, 0x0, 0x0, 0x6f, 0x90, 0x0, 0x6f, 0x80,
    0x0, 0x0, 0x0, 0x7, 0xf7, 0x0, 0x8, 0xf7,
    0x0, 0x0, 0x0, 0x0, 0x9f, 0x50, 0x0, 0x9f,
    0x50, 0x0, 0x0, 0x0, 0xb, 0xf3, 0x0, 0xb,
    0xf3, 0x0, 0x0, 0x0, 0x0, 0xdf, 0x20, 0x0,
    0xcf, 0x20, 0x0, 0x0, 0x0, 0xf, 0xf5, 0x0,
    0xe, 0xf1, 0x0, 0x0, 0x0, 0x1, 0xff, 0xe1,
    0x0, 0xff, 0x20, 0x0, 0x0, 0x0, 0x4f, 0xff,
    0x90, 0x3f, 0xf3, 0x0, 0x0, 0x0, 0x7, 0xf8,
    0xef, 0x26, 0xff, 0x40, 0x0, 0x0, 0x0, 0xaf,
    0x46, 0xfa, 0x9f, 0xf7, 0x0, 0x0, 0x0, 0xe,
    0xf1, 0xe, 0x9d, 0xff, 0x90, 0x0, 0x0, 0x3,
    0xfd, 0x0, 0x11, 0xfe, 0xfc, 0x0, 0x0, 0x0,
    0x8f, 0x70, 0x0, 0x6f, 0xac, 0xf0, 0x0, 0x0,
    0xe, 0xf2, 0x0, 0xd, 0xf5, 0x9f, 0x40, 0x0,
    0x5, 0xfd, 0x0, 0x4, 0xfe, 0x5, 0xf9, 0x0,
    0x0, 0xbf, 0x60, 0x0, 0xbf, 0x80, 0x1f, 0xe0,
    0x0, 0x4f, 0xe0, 0x0, 0x4f, 0xf1, 0x0, 0xdf,
    0x40, 0xd, 0xf7, 0x0, 0xd, 0xf8, 0x0, 0x7,
    0xfa, 0x5, 0xfd, 0x0, 0x6, 0xfe, 0x0, 0x0,
    0x2f, 0xf1, 0x8, 0x40, 0x0, 0x9, 0x50, 0x0,
    0x0, 0x83, 0x0,

    /* U+4ED6 "他" */
    0x0, 0x0, 0x0, 0x0, 0x0, 0x0, 0x0, 0x0,
    0x0, 0x0, 0x0, 0x7e, 0x40, 0x0, 0x4f, 0x90,
    0x0, 0x0, 0x0, 0xd, 0xf3, 0x0, 0x5, 0xf7,
    0x0, 0x0, 0x0, 0x2, 0xfd, 0xb, 0xc0, 0x6f,
    0x60, 0x0, 0x0, 0x0, 0x8f, 0x70, 0xfe, 0x8,
    0xf5, 0x0, 0x0, 0x0, 0xe, 0xf1, 0x1f, 0xc0,
    0x9f, 0x30, 0x0, 0x0, 0x5, 0xfe, 0x3, 0xfa,
    0xb, 0xf6, 0x9b, 0x20, 0x0, 0xdf, 0xd0, 0x5f,
    0xa7, 0xef, 0xff, 0xfa, 0x0, 0x4f, 0xfb, 0x4b,
    0xff, 0xff, 0xfa, 0x9f, 0x90, 0xc, 0xff, 0xae,
    0xff, 0xd8, 0xfd, 0x5, 0xf7, 0x5, 0xff, 0xf8,
    0x7d, 0xf3, 0x1f, 0xb0, 0x7f, 0x60, 0xcf, 0x8f,
    0x60, 0xbf, 0x23, 0xf9, 0x9, 0xf4, 0x1, 0x67,
    0xf5, 0xd, 0xf0, 0x5f, 0x80, 0xbf, 0x20, 0x0,
    0x8f, 0x30, 0xfe, 0x6, 0xf6, 0xc, 0xf0, 0x0,
    0xa, 0xf2, 0x1f, 0xd0, 0x8f, 0x53, 0xfe, 0x0,
    0x0, 0xcf, 0x2, 0xfb, 0xa, 0xf6, 0xff, 0x90,
    0x0, 0xe, 0xe0, 0x4f, 0x90, 0xbf, 0x3a, 0x70,
    0x0, 0x0, 0xfd, 0x6, 0xf8, 0xb, 0xd0, 0x6,
    0x71, 0x0, 0x1f, 0xb0, 0x7f, 0x70, 0x0, 0x0,
    0xef, 0x20, 0x3, 0xfa, 0x7, 0xf8, 0x0, 0x0,
    0x6f, 0xc0, 0x0, 0x5f, 0x80, 0x4f, 0xe3, 0x0,
    0x7f, 0xf4, 0x0, 0x7, 0xf7, 0x0, 0xcf, 0xff,
    0xff, 0xf7, 0x0, 0x0, 0x8f, 0x50, 0x1, 0x9e,
    0xff, 0xb4, 0x0, 0x0, 0x0, 0x0, 0x0, 0x0,
    0x0, 0x0, 0x0, 0x0,

    /* U+4EE5 "以" */
    0x0, 0x0, 0x0, 0x0, 0x0, 0x0, 0x4f, 0xb0,
    0x0, 0x9, 0xf7, 0x0, 0x0, 0x0, 0x5f, 0xa0,
    0x0, 0xa, 0xf5, 0x1, 0x0, 0x0, 0x7f, 0x90,
    0x0, 0xc, 0xf4, 0x6f, 0x80, 0x0, 0x8f, 0x70,
    0x0, 0xe, 0xf2, 0x3f, 0xf1, 0x0, 0xaf, 0x60,
    0x0, 0xf, 0xf0, 0xb, 0xf7, 0x0, 0xbf, 0x40,
    0x0, 0x1f, 0xe0, 0x4, 0xfd, 0x0, 0xdf, 0x10,
    0x0, 0x3f, 0xd0, 0x0, 0xec, 0x10, 0xff, 0x0,
    0x0, 0x4f, 0xb0, 0x0, 0x20, 0x3, 0xfc, 0x0,
    0x0, 0x6f, 0x90, 0x0, 0x0, 0x7, 0xf9, 0x0,
    0x0, 0x8f, 0x80, 0x0, 0x0, 0xc, 0xf5, 0x0,
    0x0, 0x9f, 0x60, 0x0, 0x0, 0x2f, 0xf0, 0x0,
    0x0, 0xbf, 0x40, 0x12, 0x0, 0xaf, 0xa0, 0x0,
    0x0, 0xdf, 0x35, 0xeb, 0x2, 0xff, 0xd0, 0x0,
    0x0, 0xef, 0xbf, 0xf9, 0xc, 0xff, 0xf4, 0x0,
    0x0, 0xff, 0xfe, 0x40, 0x9f, 0xd8, 0xfa, 0x0,
    0x4d, 0xff, 0x91, 0x7, 0xff, 0x31, 0xff, 0x10,
    0x3f, 0xb3, 0x0, 0x9f, 0xf4, 0x0, 0xbf, 0x60,
    0x3, 0x0, 0x1b, 0xff, 0x50, 0x0, 0x5f, 0xa0,
    0x0, 0x6, 0xff, 0xe3, 0x0, 0x0, 0x1f, 0xe0,
    0x0, 0xd, 0xfa, 0x10, 0x0, 0x0, 0xd, 0xf2,
    0x0, 0x4, 0x50, 0x0, 0x0, 0x0, 0x3, 0x0,

    /* U+4EEA "仪" */
    0x0, 0x0, 0x0, 0x20, 0x0, 0x2, 0x10, 0x0,
    0x0, 0x0, 0x0, 0xf, 0xc0, 0x6, 0xf7, 0x0,
    0x0, 0x0, 0x0, 0x6, 0xfa, 0x0, 0x1f, 0xd0,
    0x1, 0x0, 0x0, 0x0, 0xdf, 0x49, 0xb0, 0xcf,
    0x23, 0xfd, 0x0, 0x0, 0x5f, 0xc0, 0xff, 0x8,
    0xf7, 0x5f, 0xa0, 0x0, 0xd, 0xf5, 0xd, 0xf1,
    0x3b, 0x48, 0xf6, 0x0, 0x6, 0xff, 0x10, 0xbf,
    0x40, 0x0, 0xdf, 0x30, 0x0, 0xef, 0xf0, 0x8,
    0xf6, 0x0, 0x1f, 0xe0, 0x0, 0x8f, 0xfe, 0x0,
    0x5f, 0x90, 0x6, 0xf9, 0x0, 0x4f, 0xff, 0xc0,
    0x2, 0xfd, 0x0, 0xcf, 0x40, 0xe, 0xfb, 0xfa,
    0x0, 0xe, 0xf2, 0x2f, 0xe0, 0x0, 0x6c, 0x5f,
    0x90, 0x0, 0x9f, 0x79, 0xf8, 0x0, 0x0, 0x7,
    0xf7, 0x0, 0x4, 0xfd, 0xff, 0x10, 0x0, 0x0,
    0x8f, 0x50, 0x0, 0xe, 0xff, 0x80, 0x0, 0x0,
    0xa, 0xf4, 0x0, 0x0, 0x9f, 0xf1, 0x0, 0x0,
    0x0, 0xcf, 0x20, 0x0, 0x1e, 0xff, 0x40, 0x0,
    0x0, 0xe, 0xf0, 0x0, 0xc, 0xff, 0xfd, 0x0,
    0x0, 0x0, 0xff, 0x0, 0x9, 0xfd, 0x1e, 0xf8,
    0x0, 0x0, 0x1f, 0xd0, 0x9, 0xff, 0x20, 0x4f,
    0xf5, 0x0, 0x3, 0xfb, 0xa, 0xff, 0x40, 0x0,
    0x9f, 0xf3, 0x0, 0x5f, 0xa4, 0xff, 0x30, 0x0,
    0x0, 0xbf, 0x80, 0x6, 0xf8, 0x9, 0x20, 0x0,
    0x0, 0x0, 0xa0,

    /* U+4EF0 "仰" */
    0x0, 0x0, 0x20, 0x0, 0x2, 0x0, 0x0, 0x0,
    0x0, 0x0, 0xc, 0xf1, 0x4b, 0xf4, 0x0, 0x0,
    0x0, 0x0, 0x2, 0xfd, 0x8f, 0xfd, 0x9f, 0xff,
    0xfb, 0x0, 0x0, 0x7f, 0x7a, 0xf6, 0x6, 0xfd,
    0xcf, 0xf1, 0x0, 0xe, 0xf1, 0xcf, 0x10, 0x7f,
    0x50, 0xdf, 0x0, 0x4, 0xfd, 0xd, 0xf0, 0x9,
    0xf3, 0xe, 0xe0, 0x0, 0xbf, 0xb0, 0xfe, 0x0,
    0xbf, 0x20, 0xfc, 0x0, 0x3f, 0xf9, 0x1f, 0xc0,
    0xc, 0xf0, 0x2f, 0xb0, 0xa, 0xff, 0x82, 0xfb,
    0x0, 0xee, 0x3, 0xf9, 0x3, 0xff, 0xf6, 0x4f,
    0x90, 0xf, 0xd0, 0x5f, 0x70, 0xcf, 0xbf, 0x46,
    0xf7, 0x1, 0xfb, 0x7, 0xf6, 0x2, 0x89, 0xf3,
    0x7f, 0x60, 0x3f, 0x90, 0x8f, 0x40, 0x0, 0xbf,
    0x19, 0xf4, 0x5, 0xf8, 0xa, 0xf2, 0x0, 0xd,
    0xf0, 0xbf, 0x20, 0x6f, 0x60, 0xcf, 0x10, 0x0,
    0xfe, 0xd, 0xf1, 0x28, 0xf4, 0xe, 0xf0, 0x0,
    0xf, 0xc0, 0xef, 0xcf, 0xbf, 0x32, 0xfd, 0x0,
    0x2, 0xfb, 0x5f, 0xff, 0xbd, 0xf7, 0xff, 0x90,
    0x0, 0x4f, 0x9d, 0xfc, 0x40, 0xdf, 0x7f, 0xb1,
    0x0, 0x6, 0xf7, 0x43, 0x0, 0xe, 0xe0, 0x0,
    0x0, 0x0, 0x8f, 0x50, 0x0, 0x0, 0xfc, 0x0,
    0x0, 0x0, 0xa, 0xf4, 0x0, 0x0, 0x2f, 0xa0,
    0x0, 0x0, 0x0, 0xbf, 0x20, 0x0, 0x3, 0xf9,
    0x0, 0x0, 0x0,

    /* U+4EF6 "件" */
    0x0, 0x0, 0x0, 0x0, 0x0, 0x0, 0x0, 0x0,
    0x0, 0x0, 0x0, 0x6b, 0x30, 0x0, 0xf, 0xd0,
    0x0, 0x0, 0x0, 0xc, 0xf2, 0x3a, 0x31, 0xfc,
    0x0, 0x0, 0x0, 0x1, 0xfd, 0x8, 0xf3, 0x3f,
    0xa0, 0x0, 0x0, 0x0, 0x8f, 0x60, 0xdf, 0x5,
    0xf9, 0x0, 0x0, 0x0, 0xe, 0xf0, 0x3f, 0xeb,
    0xdf, 0xdb, 0xb9, 0x0, 0x5, 0xfd, 0x9, 0xff,
    0xff, 0xff, 0xff, 0xb0, 0x0, 0xcf, 0xb1, 0xfd,
    0x44, 0xbf, 0x64, 0x42, 0x0, 0x4f, 0xf9, 0xaf,
    0x50, 0xb, 0xf2, 0x0, 0x0, 0xd, 0xff, 0x84,
    0xc0, 0x0, 0xdf, 0x10, 0x0, 0x6, 0xfe, 0xf6,
    0x0, 0x0, 0xe, 0xf0, 0x0, 0x0, 0xef, 0x8f,
    0x50, 0x0, 0x0, 0xfe, 0x0, 0x0, 0x4, 0x79,
    0xf3, 0x34, 0x44, 0x5f, 0xd4, 0x44, 0x20, 0x0,
    0xaf, 0x1f, 0xff, 0xff, 0xff, 0xff, 0xf8, 0x0,
    0xc, 0xf0, 0xbb, 0xbb, 0xcf, 0xdb, 0xbb, 0x40,
    0x0, 0xee, 0x0, 0x0, 0x6, 0xf7, 0x0, 0x0,
    0x0, 0xf, 0xc0, 0x0, 0x0, 0x8f, 0x50, 0x0,
    0x0, 0x1, 0xfb, 0x0, 0x0, 0xa, 0xf4, 0x0,
    0x0, 0x0, 0x3f, 0x90, 0x0, 0x0, 0xbf, 0x20,
    0x0, 0x0, 0x5, 0xf8, 0x0, 0x0, 0xd, 0xf0,
    0x0, 0x0, 0x0, 0x7f, 0x60, 0x0, 0x0, 0xff,
    0x0, 0x0, 0x0, 0x8, 0xf4, 0x0, 0x0, 0xf,
    0xd0, 0x0, 0x0, 0x0, 0xaf, 0x30, 0x0, 0x2,
    0xfb, 0x0, 0x0, 0x0,

    /* U+4EFB "任" */
    0x0, 0x0, 0x0, 0x20, 0x0, 0x0, 0x0, 0x0,
    0x0, 0x0, 0x0, 0xe, 0xd0, 0x0, 0x2, 0x6a,
    0xe3, 0x0, 0x0, 0x5, 0xfa, 0x6a, 0xcf, 0xff,
    0xff, 0x60, 0x0, 0x0, 0xcf, 0x3b, 0xff, 0xff,
    0xb4, 0x0, 0x0, 0x0, 0x4f, 0xc0, 0x34, 0x1a,
    0xf5, 0x0, 0x0, 0x0, 0xc, 0xf5, 0x0, 0x0,
    0xcf, 0x30, 0x0, 0x0, 0x5, 0xff, 0x20, 0x0,
    0xd, 0xf1, 0x0, 0x0, 0x0, 0xef, 0xf0, 0x0,
    0x0, 0xff, 0x0, 0x0, 0x0, 0x8f, 0xfe, 0x0,
    0x0, 0x1f, 0xe0, 0x0, 0x0, 0x4f, 0xff, 0xd0,
    0x11, 0x13, 0xfd, 0x11, 0x10, 0xe, 0xf8, 0xfb,
    0x3f, 0xff, 0xff, 0xff, 0xff, 0x60, 0x6a, 0x4f,
    0x94, 0xee, 0xef, 0xff, 0xee, 0xe4, 0x0, 0x6,
    0xf8, 0x0, 0x0, 0x7f, 0x80, 0x0, 0x0, 0x0,
    0x8f, 0x60, 0x0, 0x9, 0xf6, 0x0, 0x0, 0x0,
    0x9, 0xf4, 0x0, 0x0, 0xaf, 0x40, 0x0, 0x0,
    0x0, 0xbf, 0x30, 0x0, 0xc, 0xf3, 0x0, 0x0,
    0x0, 0xd, 0xf1, 0x0, 0x0, 0xef, 0x10, 0x0,
    0x0, 0x0, 0xff, 0x0, 0x0, 0xf, 0xf0, 0x0,
    0x0, 0x0, 0xf, 0xe0, 0x0, 0x1, 0xfe, 0x0,
    0x0, 0x0, 0x2, 0xfc, 0x0, 0x0, 0x2f, 0xc0,
    0x0, 0x0, 0x0, 0x4f, 0xa0, 0x7f, 0xff, 0xff,
    0xff, 0xb0, 0x0, 0x5, 0xf9, 0x9, 0xff, 0xff,
    0xff, 0xfa, 0x0,

    /* U+4EFD "份" */
    0x0, 0x0, 0x6, 0x0, 0x22, 0x0, 0x30, 0x0,
    0x0, 0x0, 0x5f, 0xa0, 0xaf, 0x3a, 0xf3, 0x0,
    0x0, 0x0, 0xaf, 0x40, 0xee, 0x8, 0xf5, 0x0,
    0x0, 0x1, 0xfe, 0x4, 0xfa, 0x5, 0xf9, 0x0,
    0x0, 0x7, 0xf8, 0xa, 0xf5, 0x1, 0xfd, 0x0,
    0x0, 0xd, 0xf4, 0x1f, 0xe0, 0x0, 0xdf, 0x20,
    0x0, 0x5f, 0xf3, 0x8f, 0x70, 0x0, 0x8f, 0x80,
    0x0, 0xcf, 0xf3, 0xff, 0x10, 0x0, 0x1f, 0xe0,
    0x5, 0xff, 0xfa, 0xff, 0xee, 0xee, 0xde, 0xf7,
    0xe, 0xff, 0xe5, 0xee, 0xff, 0xff, 0xff, 0xd1,
    0x5f, 0x9f, 0xc0, 0x0, 0xdf, 0x13, 0xfb, 0x0,
    0x6, 0x3f, 0xa0, 0x0, 0xfd, 0x4, 0xf9, 0x0,
    0x0, 0x4f, 0x90, 0x4, 0xfa, 0x6, 0xf7, 0x0,
    0x0, 0x5f, 0x70, 0x8, 0xf6, 0x8, 0xf5, 0x0,
    0x0, 0x7f, 0x50, 0xc, 0xf1, 0xa, 0xf4, 0x0,
    0x0, 0x9f, 0x40, 0x1f, 0xc0, 0xc, 0xf2, 0x0,
    0x0, 0xbf, 0x20, 0x8f, 0x70, 0xd, 0xf0, 0x0,
    0x0, 0xdf, 0x0, 0xef, 0x10, 0xf, 0xe0, 0x0,
    0x0, 0xef, 0x7, 0xf8, 0x0, 0x1f, 0xc0, 0x0,
    0x0, 0xfd, 0x3f, 0xf3, 0xc6, 0x4f, 0xa0, 0x0,
    0x2, 0xfc, 0xdf, 0x70, 0xef, 0xef, 0x50, 0x0,
    0x4, 0xfa, 0x4a, 0x0, 0x3d, 0xf9, 0x0, 0x0,
    0x0, 0x0, 0x0, 0x0, 0x0, 0x0, 0x0, 0x0,

    /* U+4F10 "伐" */
    0x0, 0x0, 0x0, 0x0, 0x0, 0x0, 0x0, 0x0,
    0x0, 0x0, 0x0, 0x0, 0x7e, 0x40, 0xcf, 0x13,
    0xd3, 0x0, 0x0, 0x0, 0x0, 0xef, 0x30, 0xdf,
    0x3, 0xfb, 0x0, 0x0, 0x0, 0x5, 0xfd, 0x0,
    0xef, 0x0, 0xbf, 0x30, 0x0, 0x0, 0xc, 0xf6,
    0x0, 0xff, 0x0, 0x4b, 0x10, 0x0, 0x0, 0x4f,
    0xe0, 0x0, 0xfe, 0x0, 0x1, 0x40, 0x0, 0x0,
    0xdf, 0x80, 0x13, 0xff, 0xad, 0xff, 0xf1, 0x0,
    0x6, 0xff, 0x6d, 0xff, 0xff, 0xff, 0xfd, 0xa1,
    0x0, 0x1e, 0xff, 0x4d, 0xdb, 0xfe, 0x41, 0x0,
    0x0, 0x0, 0xaf, 0xff, 0x30, 0x1, 0xfd, 0x0,
    0x0, 0x0, 0x6, 0xff, 0xff, 0x10, 0x1, 0xfd,
    0x0, 0xab, 0x0, 0xc, 0xf7, 0xff, 0x0, 0x1,
    0xfd, 0x2, 0xfd, 0x0, 0x1, 0x91, 0xfe, 0x0,
    0x1, 0xfd, 0xa, 0xf4, 0x0, 0x0, 0x2, 0xfc,
    0x0, 0x0, 0xfe, 0x5f, 0xb0, 0x0, 0x0, 0x4,
    0xfb, 0x0, 0x0, 0xff, 0xff, 0x20, 0x0, 0x0,
    0x5, 0xf9, 0x0, 0x0, 0xff, 0xf6, 0x0, 0x0,
    0x0, 0x7, 0xf8, 0x0, 0x1, 0xff, 0x90, 0x0,
    0x0, 0x0, 0x9, 0xf6, 0x0, 0x2e, 0xff, 0x20,
    0x7e, 0x30, 0x0, 0xa, 0xf4, 0x6, 0xff, 0xff,
    0x50, 0x9f, 0x20, 0x0, 0xc, 0xf3, 0xaf, 0xf9,
    0x6f, 0x90, 0xcf, 0x0, 0x0, 0xe, 0xf1, 0x5e,
    0x50, 0x1f, 0xe2, 0xfb, 0x0, 0x0, 0xf, 0xf0,
    0x1, 0x0, 0xa, 0xff, 0xf6, 0x0, 0x0, 0x1f,
    0xe0, 0x0, 0x0, 0x1, 0xdf, 0xb0, 0x0, 0x0,
    0x0, 0x0, 0x0, 0x0, 0x0, 0x1, 0x0, 0x0,

    /* U+4F20 "传" */
    0x0, 0x0, 0x7, 0x10, 0x0, 0x46, 0x10, 0x0,
    0x0, 0x0, 0x4f, 0xb0, 0x0, 0xbf, 0x20, 0x0,
    0x0, 0x0, 0xaf, 0x50, 0x0, 0xfe, 0x0, 0x0,
    0x0, 0x1, 0xff, 0x4d, 0xdd, 0xff, 0xdd, 0xda,
    0x0, 0x7, 0xf9, 0x6f, 0xff, 0xff, 0xff, 0xfb,
    0x0, 0xe, 0xf4, 0x0, 0xc, 0xf2, 0x0, 0x0,
    0x0, 0x6f, 0xf2, 0x0, 0x1f, 0xc0, 0x0, 0x0,
    0x0, 0xef, 0xf4, 0xaa, 0xcf, 0xda, 0xaa, 0xa9,
    0x7, 0xff, 0xf6, 0xff, 0xff, 0xff, 0xff, 0xfc,
    0x1f, 0xff, 0xd1, 0x35, 0xfc, 0x33, 0x33, 0x32,
    0x7f, 0x9f, 0xc0, 0x8, 0xf6, 0x0, 0x0, 0x0,
    0x8, 0x3f, 0xa0, 0xe, 0xf2, 0x0, 0x0, 0x0,
    0x0, 0x4f, 0x80, 0x5f, 0xff, 0xff, 0xff, 0x50,
    0x0, 0x6f, 0x70, 0xdf, 0xbb, 0xbb, 0xef, 0x90,
    0x0, 0x8f, 0x50, 0x6a, 0x0, 0x1, 0xef, 0x30,
    0x0, 0xaf, 0x40, 0x0, 0x0, 0xa, 0xf8, 0x0,
    0x0, 0xbf, 0x20, 0xa, 0x30, 0x7f, 0xd0, 0x0,
    0x0, 0xdf, 0x0, 0x5f, 0xf9, 0xfe, 0x20, 0x0,
    0x0, 0xff, 0x0, 0x6, 0xff, 0xf4, 0x0, 0x0,
    0x1, 0xfd, 0x0, 0x0, 0x4f, 0xf5, 0x0, 0x0,
    0x2, 0xfb, 0x0, 0x0, 0x4, 0xff, 0x30, 0x0,
    0x4, 0xfa, 0x0, 0x0, 0x0, 0x5b, 0x0, 0x0,
    0x0, 0x0, 0x0, 0x0, 0x0, 0x0, 0x0, 0x0,

    /* U+4F2F "伯" */
    0x0, 0x0, 0x0, 0x21, 0x0, 0x0, 0x21, 0x0,
    0x0, 0x0, 0x0, 0xb, 0xf3, 0x0, 0xd, 0xf3,
    0x0, 0x0, 0x0, 0x3, 0xfe, 0x0, 0x3, 0xfe,
    0x0, 0x0, 0x0, 0x0, 0xaf, 0x80, 0x0, 0xbf,
    0x70, 0x0, 0x0, 0x0, 0x3f, 0xf1, 0xcf, 0xff,
    0xff, 0xff, 0x70, 0x0, 0xb, 0xf9, 0xd, 0xfe,
    0xee, 0xee, 0xfd, 0x0, 0x5, 0xff, 0x40, 0xff,
    0x0, 0x0, 0x3f, 0xd0, 0x1, 0xef, 0xf2, 0x1f,
    0xe0, 0x0, 0x5, 0xfb, 0x0, 0xaf, 0xff, 0x12,
    0xfd, 0x0, 0x0, 0x7f, 0x90, 0x6f, 0xff, 0xf0,
    0x4f, 0xb0, 0x0, 0x9, 0xf8, 0xe, 0xf8, 0xfe,
    0x6, 0xf9, 0x0, 0x0, 0xaf, 0x60, 0x39, 0x3f,
    0xc0, 0x7f, 0xec, 0xcc, 0xcf, 0xf4, 0x0, 0x4,
    0xfa, 0x9, 0xff, 0xff, 0xff, 0xff, 0x30, 0x0,
    0x6f, 0x90, 0xaf, 0x50, 0x0, 0xf, 0xf1, 0x0,
    0x8, 0xf7, 0xc, 0xf3, 0x0, 0x1, 0xff, 0x0,
    0x0, 0xaf, 0x50, 0xef, 0x10, 0x0, 0x2f, 0xe0,
    0x0, 0xb, 0xf4, 0xf, 0xf0, 0x0, 0x4, 0xfc,
    0x0, 0x0, 0xdf, 0x21, 0xfe, 0x0, 0x0, 0x5f,
    0xa0, 0x0, 0xf, 0xf0, 0x3f, 0xd0, 0x0, 0x7,
    0xf9, 0x0, 0x0, 0xff, 0x4, 0xfb, 0x0, 0x0,
    0x8f, 0x70, 0x0, 0x2f, 0xd0, 0x6f, 0xff, 0xff,
    0xff, 0xf5, 0x0, 0x4, 0xfb, 0x7, 0xff, 0xff,
    0xff, 0xff, 0x40,

    /* U+4F4D "位" */
    0x0, 0x0, 0x0, 0x32, 0x0, 0x0, 0x0, 0x0,
    0x0, 0x0, 0x0, 0xc, 0xf3, 0x0, 0x6f, 0xa0,
    0x0, 0x0, 0x0, 0x3, 0xfe, 0x0, 0x8, 0xf8,
    0x0, 0x0, 0x0, 0x0, 0xbf, 0x70, 0x0, 0x9f,
    0x60, 0x0, 0x0, 0x0, 0x3f, 0xf6, 0xbb, 0xbe,
    0xfc, 0xbb, 0x90, 0x0, 0xb, 0xf8, 0x8f, 0xff,
    0xff, 0xff, 0xfb, 0x0, 0x5, 0xff, 0x42, 0x44,
    0x44, 0x44, 0x44, 0x20, 0x0, 0xef, 0xf2, 0x0,
    0x0, 0x0, 0x17, 0x30, 0x0, 0x9f, 0xff, 0x14,
    0xf8, 0x0, 0x4, 0xfb, 0x0, 0x5f, 0xff, 0xf0,
    0x3f, 0xb0, 0x0, 0x8f, 0x80, 0xe, 0xf9, 0xfd,
    0x2, 0xfd, 0x0, 0xb, 0xf4, 0x0, 0x6c, 0x3f,
    0xc0, 0xf, 0xe0, 0x0, 0xff, 0x10, 0x0, 0x4,
    0xfa, 0x0, 0xef, 0x0, 0x3f, 0xc0, 0x0, 0x0,
    0x6f, 0x80, 0xe, 0xf0, 0x8, 0xf8, 0x0, 0x0,
    0x8, 0xf7, 0x0, 0xdf, 0x10, 0xcf, 0x30, 0x0,
    0x0, 0x9f, 0x50, 0xd, 0xf1, 0x1f, 0xe0, 0x0,
    0x0, 0xb, 0xf4, 0x0, 0xdf, 0x17, 0xf8, 0x0,
    0x0, 0x0, 0xdf, 0x20, 0x9, 0xa0, 0xcf, 0x30,
    0x0, 0x0, 0xf, 0xf0, 0x0, 0x0, 0x3f, 0xe0,
    0x0, 0x0, 0x0, 0xff, 0x0, 0x0, 0x9, 0xf8,
    0x0, 0x0, 0x0, 0x2f, 0xd1, 0xff, 0xff, 0xff,
    0xff, 0xfb, 0x0, 0x4, 0xfb, 0x3f, 0xff, 0xff,
    0xff, 0xff, 0xa0,

    /* U+4F4E "低" */
    0x0, 0x0, 0x0, 0x60, 0x0, 0x0, 0x0, 0x2,
    0x30, 0x0, 0x0, 0x5, 0xfa, 0x0, 0x3, 0x6a,
    0xef, 0xc0, 0x0, 0x0, 0xb, 0xf5, 0xae, 0xff,
    0xff, 0xfc, 0x70, 0x0, 0x0, 0x2f, 0xe0, 0xff,
    0xec, 0xcf, 0x80, 0x0, 0x0, 0x0, 0xaf, 0x70,
    0xfc, 0x0, 0x7f, 0x60, 0x0, 0x0, 0x1, 0xff,
    0x12, 0xfa, 0x0, 0x8f, 0x40, 0x0, 0x0, 0xa,
    0xff, 0x4, 0xf9, 0x0, 0xaf, 0x30, 0x0, 0x0,
    0x3f, 0xfd, 0x5, 0xf7, 0x0, 0xbf, 0x20, 0x0,
    0x0, 0xcf, 0xfb, 0x7, 0xfe, 0xee, 0xff, 0xee,
    0xc0, 0x7, 0xff, 0xfa, 0x8, 0xff, 0xff, 0xff,
    0xff, 0xc0, 0xe, 0xf9, 0xf8, 0xa, 0xf3, 0x0,
    0xef, 0x0, 0x0, 0x3, 0x77, 0xf6, 0xc, 0xf1,
    0x0, 0xee, 0x0, 0x0, 0x0, 0x9, 0xf5, 0xd,
    0xf0, 0x0, 0xfe, 0x0, 0x0, 0x0, 0xb, 0xf3,
    0xf, 0xd0, 0x0, 0xfd, 0x0, 0x0, 0x0, 0xc,
    0xf1, 0x1f, 0xc0, 0x0, 0xfd, 0x0, 0x0, 0x0,
    0xe, 0xf0, 0x2f, 0xa3, 0xa1, 0xfd, 0x0, 0x0,
    0x0, 0xf, 0xe0, 0x4f, 0x94, 0xf3, 0xfd, 0xe,
    0x90, 0x0, 0x1f, 0xd0, 0x6f, 0x72, 0xf5, 0xfe,
    0xf, 0x70, 0x0, 0x3f, 0xb0, 0x7f, 0x62, 0xf7,
    0xee, 0x2f, 0x50, 0x0, 0x5f, 0x90, 0x9f, 0xfb,
    0xf9, 0xbf, 0x9f, 0x30, 0x0, 0x7f, 0x87, 0xff,
    0xe7, 0xda, 0x7f, 0xfe, 0x0, 0x0, 0x8f, 0x65,
    0xc6, 0x0, 0xb8, 0xd, 0xf6, 0x0, 0x0, 0x0,
    0x0, 0x0, 0x0, 0x0, 0x0, 0x10, 0x0,

    /* U+4F4F "住" */
    0x0, 0x0, 0x0, 0x55, 0x0, 0x28, 0x0, 0x0,
    0x0, 0x0, 0x0, 0xd, 0xf3, 0xa, 0xf6, 0x0,
    0x0, 0x0, 0x0, 0x4, 0xfd, 0x0, 0x4f, 0xc0,
    0x0, 0x0, 0x0, 0x0, 0xcf, 0x60, 0x0, 0xec,
    0x0, 0x0, 0x0, 0x0, 0x5f, 0xe4, 0xee, 0xef,
    0xee, 0xee, 0x90, 0x0, 0xd, 0xf7, 0x5f, 0xff,
    0xff, 0xff, 0xf9, 0x0, 0x7, 0xff, 0x40, 0x0,
    0x2f, 0xf0, 0x0, 0x0, 0x1, 0xff, 0xf2, 0x0,
    0x3, 0xfe, 0x0, 0x0, 0x0, 0xbf, 0xff, 0x10,
    0x0, 0x5f, 0xc0, 0x0, 0x0, 0x7f, 0xff, 0xf0,
    0x0, 0x6, 0xfa, 0x0, 0x0, 0xe, 0xf7, 0xfe,
    0x0, 0x0, 0x8f, 0x80, 0x0, 0x0, 0x39, 0x3f,
    0xc0, 0xce, 0xef, 0xff, 0xee, 0xd0, 0x0, 0x5,
    0xfa, 0xe, 0xff, 0xff, 0xff, 0xfd, 0x0, 0x0,
    0x6f, 0x90, 0x0, 0xd, 0xf3, 0x0, 0x0, 0x0,
    0x8, 0xf7, 0x0, 0x0, 0xef, 0x10, 0x0, 0x0,
    0x0, 0xaf, 0x60, 0x0, 0xf, 0xf0, 0x0, 0x0,
    0x0, 0xb, 0xf4, 0x0, 0x2, 0xfe, 0x0, 0x0,
    0x0, 0x0, 0xdf, 0x20, 0x0, 0x3f, 0xc0, 0x0,
    0x0, 0x0, 0xf, 0xf1, 0x0, 0x5, 0xfa, 0x0,
    0x0, 0x0, 0x0, 0xff, 0x0, 0x0, 0x6f, 0x90,
    0x0, 0x0, 0x0, 0x2f, 0xe2, 0xff, 0xff, 0xff,
    0xff, 0xf7, 0x0, 0x4, 0xfc, 0x4f, 0xff, 0xff,
    0xff, 0xff, 0x60,

    /* U+4F53 "体" */
    0x0, 0x0, 0x0, 0x0, 0x0, 0x0, 0x0, 0x0,
    0x0, 0x0, 0x0, 0x8, 0x91, 0x0, 0xbf, 0x40,
    0x0, 0x0, 0x0, 0x0, 0xef, 0x20, 0xc, 0xf3,
    0x0, 0x0, 0x0, 0x0, 0x6f, 0xc0, 0x0, 0xdf,
    0x10, 0x0, 0x0, 0x0, 0xd, 0xf5, 0x0, 0xf,
    0xf0, 0x0, 0x0, 0x0, 0x6, 0xfd, 0x11, 0x11,
    0xfe, 0x11, 0x10, 0x0, 0x0, 0xdf, 0x5f, 0xff,
    0xff, 0xff, 0xff, 0xd0, 0x0, 0x7f, 0xf1, 0xff,
    0xff, 0xff, 0xff, 0xfb, 0x0, 0x1f, 0xfd, 0x0,
    0xd, 0xff, 0xff, 0x0, 0x0, 0xb, 0xff, 0xb0,
    0x2, 0xfd, 0xfc, 0xf2, 0x0, 0x6, 0xff, 0xfa,
    0x0, 0x8f, 0xaf, 0x8f, 0x50, 0x0, 0xef, 0xdf,
    0x80, 0xe, 0xcb, 0xf5, 0xf9, 0x0, 0x3, 0xa7,
    0xf6, 0x6, 0xf6, 0xcf, 0x2d, 0xd0, 0x0, 0x0,
    0x9f, 0x50, 0xef, 0xe, 0xf1, 0xaf, 0x20, 0x0,
    0xa, 0xf3, 0x8f, 0x70, 0xff, 0x6, 0xf7, 0x0,
    0x0, 0xcf, 0x5f, 0xe0, 0x1f, 0xd0, 0x1f, 0xe0,
    0x0, 0xe, 0xfe, 0xf5, 0x3, 0xfc, 0x0, 0xbf,
    0x50, 0x0, 0xfe, 0x6a, 0xae, 0xef, 0xfe, 0xe5,
    0xb2, 0x0, 0x1f, 0xd0, 0xd, 0xff, 0xff, 0xfe,
    0x0, 0x0, 0x3, 0xfb, 0x0, 0x11, 0x9f, 0x71,
    0x10, 0x0, 0x0, 0x4f, 0x90, 0x0, 0xa, 0xf5,
    0x0, 0x0, 0x0, 0x6, 0xf8, 0x0, 0x0, 0xbf,
    0x40, 0x0, 0x0, 0x0, 0x8f, 0x60, 0x0, 0xc,
    0xf2, 0x0, 0x0, 0x0,

    /* U+4F55 "何" */
    0x0, 0x0, 0x0, 0x41, 0x0, 0x0, 0x0, 0x0,
    0x0, 0x0, 0x0, 0x0, 0xef, 0x20, 0x0, 0x0,
    0x0, 0x0, 0x0, 0x0, 0x6, 0xfc, 0xaf, 0xff,
    0xff, 0xff, 0xfe, 0x0, 0x0, 0xd, 0xf5, 0xbf,
    0xff, 0xff, 0xff, 0xfc, 0x0, 0x0, 0x4f, 0xe0,
    0x0, 0x0, 0x0, 0x9f, 0x30, 0x0, 0x0, 0xcf,
    0x80, 0x0, 0x0, 0x0, 0xbf, 0x20, 0x0, 0x5,
    0xff, 0x60, 0xbb, 0xba, 0x10, 0xdf, 0x0, 0x0,
    0xe, 0xff, 0x41, 0xff, 0xff, 0x80, 0xfe, 0x0,
    0x0, 0x8f, 0xff, 0x33, 0xf6, 0x4f, 0x70, 0xfc,
    0x0, 0x4, 0xff, 0xff, 0x15, 0xf4, 0x5f, 0x62,
    0xfb, 0x0, 0xd, 0xf8, 0xff, 0x6, 0xf2, 0x6f,
    0x44, 0xf9, 0x0, 0x2, 0xb1, 0xfe, 0x8, 0xf1,
    0x8f, 0x26, 0xf7, 0x0, 0x0, 0x2, 0xfc, 0xa,
    0xf0, 0x9f, 0x17, 0xf6, 0x0, 0x0, 0x4, 0xfa,
    0xc, 0xe0, 0xbf, 0x9, 0xf4, 0x0, 0x0, 0x6,
    0xf9, 0xd, 0xff, 0xfd, 0xb, 0xf2, 0x0, 0x0,
    0x7, 0xf7, 0xb, 0xbb, 0xb8, 0xd, 0xf0, 0x0,
    0x0, 0x9, 0xf5, 0x0, 0x0, 0x0, 0xe, 0xf0,
    0x0, 0x0, 0xb, 0xf4, 0x0, 0x12, 0x0, 0xf,
    0xd0, 0x0, 0x0, 0xd, 0xf2, 0x3, 0xff, 0x0,
    0x4f, 0xa0, 0x0, 0x0, 0xe, 0xf0, 0x0, 0xef,
    0x82, 0xcf, 0x60, 0x0, 0x0, 0xf, 0xf0, 0x0,
    0x6f, 0xff, 0xfe, 0x0, 0x0, 0x0, 0x2f, 0xd0,
    0x0, 0x6, 0xdf, 0xc3, 0x0, 0x0,

    /* U+4F59 "余" */
    0x0, 0x0, 0x0, 0x0, 0x8, 0x91, 0x0, 0x0,
    0x0, 0x0, 0x0, 0x0, 0x0, 0x5f, 0xf4, 0x0,
    0x0, 0x0, 0x0, 0x0, 0x0, 0x5, 0xff, 0xf7,
    0x0, 0x0, 0x0, 0x0, 0x0, 0x0, 0x6f, 0xfa,
    0xff, 0x80, 0x0, 0x0, 0x0, 0x0, 0x1a, 0xff,
    0x80, 0x3f, 0xfc, 0x30, 0x0, 0x0, 0x7, 0xef,
    0xf5, 0x0, 0x2, 0xdf, 0xfb, 0x40, 0x2, 0xff,
    0xfb, 0x20, 0x0, 0x0, 0x8, 0xff, 0xf4, 0x0,
    0xdc, 0x5b, 0xbb, 0xbb, 0xbb, 0xb9, 0x29, 0xc0,
    0x0, 0x10, 0x1f, 0xff, 0xff, 0xff, 0xfb, 0x0,
    0x0, 0x0, 0x0, 0x2, 0x22, 0x7f, 0xa2, 0x21,
    0x0, 0x0, 0x0, 0x0, 0x0, 0x0, 0x7f, 0x80,
    0x0, 0x0, 0x0, 0x0, 0x0, 0x0, 0x0, 0x9f,
    0x70, 0x0, 0x0, 0x0, 0x0, 0x6f, 0xff, 0xff,
    0xff, 0xff, 0xff, 0xfc, 0x0, 0x0, 0x7d, 0xdd,
    0xdd, 0xff, 0xed, 0xdd, 0xd9, 0x0, 0x0, 0x0,
    0x10, 0x0, 0xcf, 0x20, 0x0, 0x0, 0x0, 0x0,
    0x2, 0xfa, 0x0, 0xef, 0x14, 0xc6, 0x0, 0x0,
    0x0, 0xa, 0xf6, 0x0, 0xff, 0x4, 0xfc, 0x0,
    0x0, 0x0, 0x5f, 0xd0, 0x1, 0xfe, 0x0, 0xef,
    0x30, 0x0, 0x2, 0xff, 0x51, 0x2, 0xfc, 0x0,
    0x8f, 0xa0, 0x0, 0xc, 0xfa, 0x7f, 0x56, 0xf9,
    0x0, 0x1f, 0xf2, 0x0, 0x7, 0xd0, 0x4f, 0xff,
    0xf4, 0x0, 0x9, 0xe4, 0x0, 0x0, 0x0, 0x6,
    0xee, 0x70, 0x0, 0x1, 0x0, 0x0,

    /* U+4F5C "作" */
    0x0, 0x0, 0x0, 0x20, 0x1, 0x20, 0x0, 0x0,
    0x0, 0x0, 0x0, 0x0, 0xde, 0x28, 0xf6, 0x0,
    0x0, 0x0, 0x0, 0x0, 0x4, 0xfd, 0xe, 0xf2,
    0x0, 0x0, 0x0, 0x0, 0x0, 0xc, 0xf7, 0x4f,
    0xd1, 0x11, 0x11, 0x10, 0x0, 0x0, 0x4f, 0xe0,
    0xaf, 0xff, 0xff, 0xff, 0xf1, 0x0, 0x0, 0xcf,
    0x82, 0xff, 0xff, 0xed, 0xdd, 0xd0, 0x0, 0x6,
    0xff, 0x4a, 0xf8, 0xaf, 0x30, 0x0, 0x0, 0x0,
    0x1e, 0xff, 0x7f, 0xe0, 0xcf, 0x20, 0x0, 0x0,
    0x0, 0xaf, 0xff, 0x4c, 0x40, 0xef, 0x0, 0x0,
    0x0, 0x7, 0xfe, 0xff, 0x0, 0x0, 0xff, 0xdd,
    0xdc, 0x0, 0xe, 0xf6, 0xfe, 0x0, 0x1, 0xff,
    0xff, 0xfd, 0x0, 0x2, 0x92, 0xfc, 0x0, 0x3,
    0xfb, 0x0, 0x0, 0x0, 0x0, 0x4, 0xfa, 0x0,
    0x4, 0xf9, 0x0, 0x0, 0x0, 0x0, 0x6, 0xf9,
    0x0, 0x6, 0xf8, 0x0, 0x0, 0x0, 0x0, 0x7,
    0xf7, 0x0, 0x8, 0xf6, 0x0, 0x0, 0x0, 0x0,
    0x9, 0xf5, 0x0, 0xa, 0xff, 0xff, 0xfa, 0x0,
    0x0, 0xb, 0xf4, 0x0, 0xb, 0xfd, 0xdd, 0xd7,
    0x0, 0x0, 0xc, 0xf2, 0x0, 0xd, 0xf1, 0x0,
    0x0, 0x0, 0x0, 0xe, 0xf0, 0x0, 0xf, 0xf0,
    0x0, 0x0, 0x0, 0x0, 0xf, 0xf0, 0x0, 0xf,
    0xe0, 0x0, 0x0, 0x0, 0x0, 0x1f, 0xd0, 0x0,
    0x2f, 0xc0, 0x0, 0x0, 0x0, 0x0, 0x3f, 0xb0,
    0x0, 0x4f, 0xa0, 0x0, 0x0, 0x0,

    /* U+4F7F "使" */
    0x0, 0x0, 0x0, 0x0, 0x0, 0x0, 0x0, 0x0,
    0x0, 0x0, 0x3, 0xc4, 0x0, 0x7, 0xf4, 0x0,
    0x0, 0x0, 0x0, 0x9f, 0x70, 0x0, 0x8f, 0x20,
    0x0, 0x0, 0x0, 0xe, 0xf5, 0xbb, 0xbe, 0xfb,
    0xbb, 0xb2, 0x0, 0x5, 0xfb, 0x7f, 0xff, 0xff,
    0xff, 0xff, 0x20, 0x0, 0xbf, 0x41, 0x33, 0x3d,
    0xe3, 0x33, 0x30, 0x0, 0x2f, 0xf0, 0x0, 0x0,
    0xec, 0x0, 0x0, 0x0, 0xa, 0xff, 0x7, 0xcc,
    0xcf, 0xfc, 0xca, 0x10, 0x2, 0xff, 0xd0, 0xbf,
    0xff, 0xff, 0xff, 0xf6, 0x0, 0xaf, 0xfb, 0xd,
    0xe0, 0x3f, 0x80, 0x7f, 0x50, 0x4f, 0xff, 0xa0,
    0xfc, 0x4, 0xf6, 0x9, 0xf3, 0xc, 0xf9, 0xf8,
    0xf, 0xb0, 0x6f, 0x50, 0xaf, 0x10, 0x18, 0x6f,
    0x72, 0xfe, 0xcd, 0xfd, 0xcf, 0xf0, 0x0, 0x8,
    0xf5, 0x4f, 0xff, 0xff, 0xff, 0xfd, 0x0, 0x0,
    0x9f, 0x30, 0x20, 0xc, 0xf0, 0x0, 0x0, 0x0,
    0xb, 0xf2, 0x4f, 0x60, 0xfb, 0x0, 0x0, 0x0,
    0x0, 0xdf, 0x0, 0xee, 0x6f, 0x80, 0x0, 0x0,
    0x0, 0xf, 0xf0, 0x5, 0xff, 0xf2, 0x0, 0x0,
    0x0, 0x0, 0xfd, 0x0, 0xa, 0xfe, 0x10, 0x0,
    0x0, 0x0, 0x2f, 0xc0, 0x2, 0xef, 0xfe, 0x40,
    0x0, 0x0, 0x4, 0xfa, 0x5, 0xff, 0x68, 0xff,
    0xb4, 0x0, 0x0, 0x6f, 0x8b, 0xff, 0x50, 0x3,
    0xdf, 0xfe, 0x0, 0x8, 0xf7, 0x7c, 0x20, 0x0,
    0x0, 0x4a, 0xa0, 0x0, 0x0, 0x0, 0x0, 0x0,
    0x0, 0x0, 0x0, 0x0,

    /* U+4F8B "例" */
    0x0, 0x0, 0x0, 0x0, 0x0, 0x0, 0x0, 0x0,
    0x0, 0x0, 0xd, 0x80, 0x0, 0x0, 0x0, 0x7,
    0xf5, 0x0, 0x3, 0xfb, 0xef, 0xff, 0xf5, 0x0,
    0x9f, 0x30, 0x0, 0x9f, 0x6d, 0xff, 0xee, 0x5e,
    0x8a, 0xf1, 0x0, 0xe, 0xf1, 0x1f, 0xa0, 0x3,
    0xf7, 0xcf, 0x0, 0x4, 0xfd, 0x4, 0xf7, 0x0,
    0x5f, 0x5d, 0xe0, 0x0, 0xaf, 0xc0, 0x7f, 0xdb,
    0x37, 0xf4, 0xfd, 0x0, 0x1f, 0xfa, 0xb, 0xff,
    0xfb, 0x8f, 0x3f, 0xb0, 0x7, 0xff, 0x80, 0xfc,
    0x1f, 0xaa, 0xf3, 0xf9, 0x0, 0xef, 0xf7, 0x3f,
    0x84, 0xf7, 0xcf, 0x4f, 0x80, 0x7f, 0xdf, 0x58,
    0xf6, 0x7f, 0x5d, 0xd6, 0xf6, 0x9, 0xe9, 0xf4,
    0xdf, 0xfc, 0xf1, 0xfb, 0x7f, 0x40, 0x1, 0xaf,
    0x5f, 0xad, 0xfd, 0x1f, 0xa9, 0xf3, 0x0, 0xc,
    0xf7, 0xf3, 0x5f, 0x92, 0xf8, 0xbf, 0x10, 0x0,
    0xdf, 0x3, 0x9, 0xf4, 0x4f, 0x6c, 0xf0, 0x0,
    0xf, 0xd0, 0x0, 0xee, 0x6, 0xf5, 0xee, 0x0,
    0x1, 0xfb, 0x0, 0x5f, 0x90, 0x8f, 0x3f, 0xc0,
    0x0, 0x3f, 0xa0, 0xc, 0xf2, 0x2, 0x42, 0xfb,
    0x0, 0x4, 0xf8, 0x4, 0xfc, 0x0, 0x0, 0x3f,
    0x90, 0x0, 0x6f, 0x70, 0xdf, 0x40, 0x46, 0x4,
    0xf7, 0x0, 0x8, 0xf5, 0x6f, 0xb0, 0xa, 0xf0,
    0x8f, 0x40, 0x0, 0xaf, 0x5f, 0xf2, 0x0, 0x5f,
    0xdf, 0xe0, 0x0, 0xb, 0xf2, 0x97, 0x0, 0x0,
    0x7e, 0xd4, 0x0, 0x0, 0x0, 0x0, 0x0, 0x0,
    0x0, 0x0, 0x0, 0x0,

    /* U+4F9B "供" */
    0x0, 0x0, 0x2, 0x30, 0x0, 0x0, 0x0, 0x0,
    0x0, 0x0, 0x0, 0xaf, 0x40, 0xaf, 0x40, 0x4f,
    0x90, 0x0, 0x0, 0x1f, 0xf0, 0xc, 0xf2, 0x6,
    0xf7, 0x0, 0x0, 0x7, 0xf9, 0x0, 0xef, 0x0,
    0x8f, 0x60, 0x0, 0x0, 0xdf, 0x21, 0x1f, 0xf1,
    0x1a, 0xf5, 0x10, 0x0, 0x5f, 0xd1, 0xff, 0xff,
    0xff, 0xff, 0xfe, 0x0, 0xd, 0xfc, 0x3f, 0xff,
    0xff, 0xff, 0xff, 0xb0, 0x5, 0xff, 0xa0, 0x4,
    0xfa, 0x0, 0xef, 0x0, 0x0, 0xef, 0xf8, 0x0,
    0x6f, 0x80, 0xf, 0xe0, 0x0, 0x9f, 0xff, 0x70,
    0x7, 0xf6, 0x2, 0xfc, 0x0, 0x3f, 0xfa, 0xf5,
    0x0, 0x9f, 0x40, 0x4f, 0xa0, 0x0, 0xa6, 0xaf,
    0x40, 0xb, 0xf3, 0x6, 0xf8, 0x0, 0x0, 0xc,
    0xf5, 0xff, 0xff, 0xff, 0xff, 0xff, 0xc0, 0x0,
    0xef, 0x5f, 0xff, 0xff, 0xff, 0xff, 0xfa, 0x0,
    0xf, 0xf0, 0x0, 0x0, 0x0, 0x0, 0x0, 0x0,
    0x1, 0xfd, 0x0, 0xa, 0x60, 0x5, 0x70, 0x0,
    0x0, 0x3f, 0xb0, 0x5, 0xff, 0x11, 0xff, 0x10,
    0x0, 0x5, 0xfa, 0x0, 0xef, 0x70, 0xa, 0xf9,
    0x0, 0x0, 0x6f, 0x80, 0xaf, 0xd0, 0x0, 0x2f,
    0xf2, 0x0, 0x8, 0xf7, 0x6f, 0xf4, 0x0, 0x0,
    0x9f, 0xb0, 0x0, 0xaf, 0x5e, 0xf7, 0x0, 0x0,
    0x1, 0xff, 0x40, 0xb, 0xf3, 0x28, 0x0, 0x0,
    0x0, 0x6, 0x60,

    /* U+4FA7 "侧" */
    0x0, 0x0, 0xc, 0x70, 0x0, 0x0, 0x0, 0x5,
    0xf4, 0x0, 0x0, 0x2f, 0xaf, 0xff, 0xff, 0x30,
    0x7, 0xf3, 0x0, 0x0, 0x7f, 0x7f, 0xbb, 0xbf,
    0x5a, 0x89, 0xf1, 0x0, 0x0, 0xdd, 0x5f, 0x10,
    0x3f, 0x4f, 0x9a, 0xf0, 0x0, 0x3, 0xfa, 0x7f,
    0x0, 0x4f, 0x3f, 0x7c, 0xe0, 0x0, 0x9, 0xf8,
    0x8e, 0x7f, 0x7f, 0x3f, 0x5e, 0xc0, 0x0, 0xf,
    0xf6, 0xac, 0x8f, 0x8f, 0x4f, 0x4f, 0xb0, 0x0,
    0x7f, 0xf5, 0xbb, 0xad, 0x9d, 0x6f, 0x3f, 0x90,
    0x0, 0xef, 0xf3, 0xd9, 0xcb, 0xbc, 0x7f, 0x3f,
    0x70, 0x7, 0xff, 0xf2, 0xf7, 0xda, 0xca, 0x9e,
    0x4f, 0x60, 0xe, 0xea, 0xf1, 0xf6, 0xf8, 0xe8,
    0xbd, 0x6f, 0x40, 0x3, 0x5b, 0xe2, 0xf5, 0xf7,
    0xf7, 0xdb, 0x7f, 0x20, 0x0, 0xd, 0xd3, 0xf5,
    0xf6, 0xf5, 0xf9, 0x9f, 0x10, 0x0, 0xe, 0xb5,
    0xf5, 0xf6, 0xf4, 0xf7, 0xbf, 0x0, 0x0, 0xf,
    0xa7, 0xf6, 0xf6, 0xf4, 0xf5, 0xce, 0x0, 0x0,
    0x2f, 0x85, 0x9a, 0xe4, 0xb4, 0xe3, 0xec, 0x0,
    0x0, 0x4f, 0x60, 0xe, 0xf2, 0x0, 0x0, 0xfa,
    0x0, 0x0, 0x5f, 0x50, 0x5f, 0xea, 0x0, 0x1,
    0xf9, 0x0, 0x0, 0x7f, 0x30, 0xeb, 0x7f, 0x3b,
    0x53, 0xf7, 0x0, 0x0, 0x9f, 0x29, 0xf4, 0x1f,
    0x8f, 0xa7, 0xf4, 0x0, 0x0, 0xaf, 0x7f, 0xa0,
    0xc, 0xda, 0xff, 0xe0, 0x0, 0x0, 0xce, 0x3d,
    0x10, 0x3, 0x12, 0xde, 0x40, 0x0, 0x0, 0x0,
    0x0, 0x0, 0x0, 0x0, 0x0, 0x0, 0x0,

    /* U+4FC4 "俄" */
    0x0, 0x0, 0x0, 0x0, 0x0, 0x0, 0x0, 0x0,
    0x0, 0x0, 0x2, 0xd5, 0x0, 0x4, 0x47, 0xf3,
    0x10, 0x0, 0x0, 0x7f, 0x70, 0x5c, 0xfd, 0x9f,
    0x6f, 0x50, 0x0, 0xb, 0xf7, 0xff, 0xfc, 0x4a,
    0xf2, 0xf7, 0x0, 0x1, 0xfc, 0x2e, 0xdf, 0x40,
    0xbf, 0xf, 0x90, 0x0, 0x6f, 0x70, 0x8, 0xf3,
    0xc, 0xe0, 0xeb, 0x0, 0xc, 0xf5, 0x0, 0xaf,
    0x10, 0xdd, 0xa, 0x80, 0x2, 0xff, 0x41, 0x1c,
    0xf1, 0x1e, 0xc1, 0x10, 0x0, 0x9f, 0xf3, 0xff,
    0xff, 0xff, 0xff, 0xff, 0xc0, 0x1f, 0xff, 0x3e,
    0xef, 0xfe, 0xef, 0xfe, 0xe9, 0x8, 0xff, 0xf0,
    0x1, 0xfa, 0x0, 0xfa, 0x0, 0x0, 0xfe, 0xde,
    0x0, 0x2f, 0x90, 0x1f, 0x92, 0x60, 0x4, 0x5f,
    0xc0, 0x4, 0xf7, 0x41, 0xf9, 0x8f, 0x20, 0x0,
    0xfa, 0x0, 0x6f, 0xff, 0x3f, 0x9e, 0xa0, 0x0,
    0x2f, 0x96, 0xcf, 0xff, 0x93, 0xff, 0xf3, 0x0,
    0x4, 0xf7, 0xbf, 0xff, 0x20, 0x1f, 0xf9, 0x0,
    0x0, 0x6f, 0x63, 0x2b, 0xf0, 0x3, 0xfe, 0x10,
    0x0, 0x8, 0xf4, 0x0, 0xde, 0x3, 0xef, 0x93,
    0xb1, 0x0, 0x9f, 0x20, 0xf, 0xd6, 0xff, 0xfa,
    0x5f, 0x10, 0xb, 0xf1, 0x0, 0xfb, 0x8e, 0x3e,
    0xb7, 0xf0, 0x0, 0xdf, 0x2c, 0x4f, 0x90, 0x10,
    0xbf, 0xbc, 0x0, 0xf, 0xe1, 0xfe, 0xf6, 0x0,
    0x7, 0xff, 0x80, 0x1, 0xfc, 0xa, 0xfc, 0x0,
    0x0, 0x1e, 0xe1, 0x0, 0x0, 0x0, 0x1, 0x0,
    0x0, 0x0, 0x0, 0x0,

    /* U+4FDD "保" */
    0x0, 0x0, 0x6, 0x60, 0x0, 0x0, 0x0, 0x0,
    0x0, 0x0, 0x0, 0xef, 0x2f, 0xff, 0xff, 0xff,
    0xb0, 0x0, 0x0, 0x4f, 0xc1, 0xff, 0xdd, 0xdd,
    0xff, 0x20, 0x0, 0xa, 0xf5, 0x3f, 0xa0, 0x0,
    0xc, 0xf1, 0x0, 0x1, 0xfe, 0x5, 0xf8, 0x0,
    0x0, 0xef, 0x0, 0x0, 0x8f, 0xb0, 0x6f, 0x60,
    0x0, 0xf, 0xd0, 0x0, 0xe, 0xf9, 0x8, 0xf5,
    0x0, 0x1, 0xfc, 0x0, 0x7, 0xff, 0x80, 0xaf,
    0xed, 0xdd, 0xdf, 0xa0, 0x1, 0xef, 0xf6, 0xb,
    0xff, 0xff, 0xff, 0xf8, 0x0, 0xaf, 0xff, 0x50,
    0x0, 0x9, 0xf4, 0x0, 0x0, 0xd, 0xea, 0xf3,
    0x0, 0x0, 0xaf, 0x10, 0x0, 0x0, 0x13, 0xbf,
    0x1b, 0xcc, 0xcf, 0xfc, 0xcc, 0xc1, 0x0, 0xd,
    0xf0, 0xff, 0xff, 0xff, 0xff, 0xff, 0x0, 0x0,
    0xee, 0x1, 0x1a, 0xff, 0xff, 0x31, 0x10, 0x0,
    0xf, 0xc0, 0x1, 0xfc, 0xfb, 0xf7, 0x0, 0x0,
    0x2, 0xfb, 0x0, 0x8f, 0x7f, 0x9d, 0xc0, 0x0,
    0x0, 0x4f, 0x90, 0x2f, 0xd4, 0xf7, 0x8f, 0x30,
    0x0, 0x5, 0xf8, 0xc, 0xf4, 0x6f, 0x63, 0xfa,
    0x0, 0x0, 0x7f, 0x68, 0xfb, 0x7, 0xf4, 0xc,
    0xf4, 0x0, 0x9, 0xf7, 0xfe, 0x10, 0x9f, 0x20,
    0x4f, 0xd0, 0x0, 0xbf, 0x35, 0x40, 0xb, 0xf1,
    0x0, 0x82, 0x0, 0xc, 0xf1, 0x0, 0x0, 0xcf,
    0x0, 0x0, 0x0,

    /* U+4FE1 "信" */
    0x0, 0x0, 0x0, 0x0, 0x0, 0x0, 0x0, 0x0,
    0x0, 0x0, 0x0, 0xa6, 0x0, 0x2, 0xfd, 0x0,
    0x0, 0x0, 0x0, 0x2f, 0xf0, 0x0, 0x3f, 0xc0,
    0x0, 0x0, 0x0, 0x8, 0xf9, 0x0, 0x5, 0xfb,
    0x0, 0x0, 0x0, 0x0, 0xef, 0x3f, 0xff, 0xff,
    0xff, 0xff, 0x40, 0x0, 0x6f, 0xb0, 0xdd, 0xdd,
    0xdd, 0xdd, 0xd2, 0x0, 0xe, 0xf7, 0x0, 0x0,
    0x0, 0x0, 0x0, 0x0, 0x7, 0xff, 0x50, 0xbd,
    0xdd, 0xdd, 0xdd, 0x30, 0x0, 0xef, 0xf4, 0xf,
    0xff, 0xff, 0xff, 0xf2, 0x0, 0x9f, 0xff, 0x20,
    0x0, 0x0, 0x0, 0x0, 0x0, 0x4f, 0xfe, 0xf0,
    0x0, 0x0, 0x0, 0x0, 0x0, 0xc, 0xf7, 0xef,
    0x6, 0xff, 0xff, 0xff, 0xfd, 0x0, 0x1a, 0xf,
    0xd0, 0x6d, 0xdd, 0xdd, 0xdd, 0x90, 0x0, 0x2,
    0xfc, 0x0, 0x0, 0x0, 0x0, 0x0, 0x0, 0x0,
    0x4f, 0xa0, 0x22, 0x22, 0x22, 0x20, 0x0, 0x0,
    0x5, 0xf8, 0xe, 0xff, 0xff, 0xff, 0xf4, 0x0,
    0x0, 0x7f, 0x70, 0xff, 0xbb, 0xbb, 0xdf, 0x80,
    0x0, 0x9, 0xf5, 0x1f, 0xc0, 0x0, 0x7, 0xf7,
    0x0, 0x0, 0xaf, 0x43, 0xfa, 0x0, 0x0, 0x8f,
    0x50, 0x0, 0xc, 0xf2, 0x5f, 0x90, 0x0, 0xa,
    0xf4, 0x0, 0x0, 0xef, 0x6, 0xf7, 0x0, 0x0,
    0xbf, 0x20, 0x0, 0xf, 0xf0, 0x8f, 0xee, 0xee,
    0xef, 0xf1, 0x0, 0x1, 0xfd, 0xa, 0xff, 0xff,
    0xff, 0xff, 0x0, 0x0,

    /* U+4FEE "修" */
    0x0, 0x0, 0x31, 0x0, 0x0, 0x5, 0x10, 0x0,
    0x0, 0x0, 0xd, 0xf0, 0x0, 0x6, 0xf6, 0x0,
    0x0, 0x0, 0x3, 0xfb, 0x0, 0x0, 0xdf, 0x33,
    0x10, 0x0, 0x0, 0x8f, 0x60, 0x0, 0x5f, 0xff,
    0xff, 0x40, 0x0, 0xe, 0xf6, 0xf5, 0x1e, 0xf7,
    0x7b, 0xf5, 0x0, 0x4, 0xfc, 0x7f, 0x3b, 0xfe,
    0x10, 0xee, 0x0, 0x0, 0xbf, 0xb9, 0xf8, 0xfd,
    0xf9, 0xaf, 0x70, 0x0, 0x2f, 0xf9, 0xaf, 0x9,
    0xb, 0xff, 0xb0, 0x0, 0xa, 0xff, 0x8c, 0xe0,
    0x0, 0xaf, 0xf7, 0x0, 0x2, 0xff, 0xf6, 0xec,
    0x5, 0xef, 0xce, 0xf8, 0x0, 0xaf, 0xbf, 0x4f,
    0xac, 0xff, 0x81, 0x2c, 0xfe, 0x10, 0x79, 0xf4,
    0xf9, 0x79, 0x21, 0xcc, 0x7, 0xb0, 0x0, 0xbf,
    0x4f, 0x70, 0x5, 0xef, 0x60, 0x0, 0x0, 0xc,
    0xf5, 0xf5, 0x1d, 0xfd, 0x47, 0x60, 0x0, 0x0,
    0xee, 0x6f, 0x40, 0xa6, 0x19, 0xfc, 0x0, 0x0,
    0xf, 0xc8, 0xf2, 0x0, 0x5d, 0xfa, 0x10, 0x0,
    0x2, 0xfb, 0x9f, 0x7, 0xdf, 0xe6, 0x1c, 0xb0,
    0x0, 0x3f, 0x9a, 0xd0, 0xae, 0x80, 0x3d, 0xfa,
    0x0, 0x5, 0xf7, 0x0, 0x1, 0x0, 0x8f, 0xf8,
    0x0, 0x0, 0x7f, 0x60, 0x0, 0x38, 0xef, 0xe4,
    0x0, 0x0, 0x9, 0xf4, 0x0, 0xef, 0xfe, 0x70,
    0x0, 0x0, 0x0, 0xbf, 0x30, 0xb, 0xa5, 0x0,
    0x0, 0x0, 0x0,

    /* U+4FEF "俯" */
    0x0, 0x0, 0x10, 0x0, 0x0, 0x0, 0x0, 0x0,
    0x0, 0x0, 0xf, 0xa0, 0x0, 0x7, 0xf6, 0x0,
    0x0, 0x0, 0x4, 0xfb, 0x0, 0x0, 0x8f, 0x50,
    0x0, 0x0, 0x0, 0x9f, 0x50, 0x0, 0x9, 0xf5,
    0x0, 0x0, 0x0, 0xe, 0xf2, 0xff, 0xff, 0xff,
    0xff, 0xff, 0x0, 0x4, 0xfb, 0x3f, 0xdb, 0xbb,
    0xbb, 0xbb, 0xa0, 0x0, 0xaf, 0x94, 0xf7, 0xa,
    0x90, 0x4, 0x81, 0x0, 0x1f, 0xf7, 0x6f, 0x52,
    0xf9, 0x0, 0x8f, 0x20, 0x7, 0xff, 0x68, 0xf4,
    0x7f, 0x30, 0xa, 0xf0, 0x0, 0xef, 0xf4, 0x9f,
    0x2c, 0xf7, 0xff, 0xff, 0xa0, 0x6f, 0xff, 0x3b,
    0xf5, 0xfe, 0x7c, 0xcf, 0xf7, 0xc, 0xfb, 0xf1,
    0xde, 0xcf, 0xc0, 0x0, 0xfb, 0x0, 0x4, 0xbf,
    0xf, 0xff, 0xfb, 0xb8, 0xf, 0x90, 0x0, 0xd,
    0xe0, 0xfb, 0x4f, 0x9c, 0xa2, 0xf8, 0x0, 0x0,
    0xfc, 0x2f, 0x81, 0xf7, 0xbc, 0x4f, 0x60, 0x0,
    0x1f, 0xb5, 0xf6, 0x3f, 0x69, 0xd5, 0xf4, 0x0,
    0x3, 0xf9, 0x7f, 0x44, 0xf4, 0x9e, 0x7f, 0x30,
    0x0, 0x4f, 0x8a, 0xf2, 0x6f, 0x26, 0xa9, 0xf1,
    0x0, 0x6, 0xf6, 0xdf, 0x8, 0xf1, 0x0, 0xaf,
    0x0, 0x0, 0x8f, 0x5f, 0xc0, 0xaf, 0x35, 0xc,
    0xd0, 0x0, 0xa, 0xf7, 0xf8, 0xc, 0xd8, 0xf1,
    0xfa, 0x0, 0x0, 0xbf, 0x9f, 0x50, 0xec, 0x4f,
    0xef, 0x50, 0x0, 0xd, 0xf8, 0xf2, 0xf, 0xa0,
    0x9f, 0xa0, 0x0, 0x0, 0x0, 0x1, 0x0, 0x0,
    0x0, 0x0, 0x0, 0x0,

    /* U+500D "倍" */
    0x0, 0x0, 0x0, 0x0, 0x0, 0x0, 0x0, 0x0,
    0x0, 0x0, 0x0, 0xc, 0x50, 0x0, 0x4f, 0xc0,
    0x0, 0x0, 0x0, 0x5, 0xfc, 0x0, 0x5, 0xfa,
    0x0, 0x0, 0x0, 0x0, 0xcf, 0x60, 0x0, 0x7f,
    0x90, 0x0, 0x0, 0x0, 0x3f, 0xe3, 0xff, 0xff,
    0xff, 0xff, 0xd0, 0x0, 0xa, 0xf8, 0x3d, 0xdd,
    0xdd, 0xdd, 0xd9, 0x0, 0x2, 0xff, 0x20, 0x16,
    0x20, 0x0, 0x50, 0x0, 0x0, 0xbf, 0xf0, 0x5,
    0xf6, 0x0, 0x5f, 0x80, 0x0, 0x4f, 0xfe, 0x0,
    0x2f, 0xa0, 0xc, 0xf2, 0x0, 0xd, 0xff, 0xd0,
    0x0, 0xb6, 0x5, 0xf9, 0x0, 0x9, 0xfe, 0xfb,
    0x3a, 0xaa, 0xaa, 0xef, 0xba, 0x60, 0xdf, 0x7f,
    0x96, 0xff, 0xff, 0xff, 0xff, 0xf8, 0x1, 0x56,
    0xf8, 0x13, 0x33, 0x33, 0x33, 0x33, 0x10, 0x0,
    0x8f, 0x60, 0x0, 0x0, 0x0, 0x0, 0x0, 0x0,
    0x9, 0xf5, 0x8, 0xdd, 0xdd, 0xdd, 0xa1, 0x0,
    0x0, 0xbf, 0x30, 0xbf, 0xff, 0xff, 0xff, 0x60,
    0x0, 0xd, 0xf1, 0xd, 0xf1, 0x0, 0x8, 0xf6,
    0x0, 0x0, 0xef, 0x0, 0xff, 0x0, 0x0, 0xaf,
    0x40, 0x0, 0xf, 0xe0, 0xf, 0xe0, 0x0, 0xb,
    0xf2, 0x0, 0x2, 0xfd, 0x2, 0xfc, 0x0, 0x0,
    0xdf, 0x10, 0x0, 0x4f, 0xb0, 0x3f, 0xb0, 0x0,
    0xf, 0xf0, 0x0, 0x5, 0xf9, 0x5, 0xff, 0xff,
    0xff, 0xfd, 0x0, 0x0, 0x7f, 0x80, 0x5d, 0xdd,
    0xdd, 0xdd, 0xa0, 0x0,

    /* U+5012 "倒" */
    0x0, 0x0, 0x0, 0x0, 0x0, 0x0, 0x0, 0x0,
    0x0, 0x0, 0x0, 0x1d, 0x40, 0x0, 0x0, 0x0,
    0x3, 0xf7, 0x0, 0x0, 0x6f, 0x91, 0x11, 0x11,
    0x0, 0x5, 0xf5, 0x0, 0x0, 0xbf, 0x8f, 0xff,
    0xff, 0x54, 0x37, 0xf4, 0x0, 0x1, 0xfe, 0x4b,
    0xfe, 0xbb, 0x3f, 0x98, 0xf2, 0x0, 0x6, 0xf9,
    0x3, 0xf7, 0x0, 0x2f, 0x7a, 0xf0, 0x0, 0xc,
    0xf6, 0x9, 0xf2, 0xc7, 0x3f, 0x5c, 0xf0, 0x0,
    0x3f, 0xf5, 0xe, 0xb0, 0xda, 0x5f, 0x4d, 0xd0,
    0x0, 0xaf, 0xf3, 0x6f, 0xa9, 0xfc, 0x7f, 0x2f,
    0xc0, 0x2, 0xff, 0xf5, 0xff, 0xff, 0xed, 0x8f,
    0x1f, 0xa0, 0xa, 0xff, 0xf2, 0xc8, 0x40, 0x7a,
    0xae, 0x2f, 0x80, 0xe, 0xdc, 0xe0, 0x2, 0xe7,
    0x0, 0xcd, 0x4f, 0x70, 0x1, 0x3d, 0xc0, 0x4,
    0xf7, 0x0, 0xdb, 0x6f, 0x50, 0x0, 0xf, 0xb5,
    0xac, 0xfc, 0xa1, 0xf9, 0x7f, 0x30, 0x0, 0x1f,
    0x9a, 0xff, 0xff, 0xf2, 0xf8, 0x9f, 0x20, 0x0,
    0x2f, 0x80, 0xa, 0xf2, 0x3, 0xf6, 0xaf, 0x0,
    0x0, 0x4f, 0x60, 0xb, 0xf0, 0x4, 0xf4, 0xcf,
    0x0, 0x0, 0x6f, 0x40, 0xc, 0xe0, 0x2, 0x61,
    0xed, 0x0, 0x0, 0x8f, 0x30, 0xe, 0xd7, 0x80,
    0x0, 0xfb, 0x0, 0x0, 0xaf, 0x10, 0x4f, 0xff,
    0xe7, 0xf2, 0xf9, 0x0, 0x0, 0xbf, 0x4e, 0xff,
    0xe7, 0x5, 0xf7, 0xf6, 0x0, 0x0, 0xde, 0x2f,
    0xa4, 0x0, 0x1, 0xff, 0xf2, 0x0, 0x0, 0xfc,
    0x0, 0x0, 0x0, 0x0, 0x8f, 0x80, 0x0, 0x0,
    0x0, 0x0, 0x0, 0x0, 0x0, 0x0, 0x0, 0x0,

    /* U+501F "借" */
    0x0, 0x0, 0x2, 0x0, 0x0, 0x0, 0x0, 0x0,
    0x0, 0x0, 0x5f, 0x60, 0x4f, 0x80, 0x6f, 0x70,
    0x0, 0x0, 0xaf, 0x30, 0x5f, 0x70, 0x7f, 0x50,
    0x0, 0x0, 0xfd, 0x0, 0x7f, 0x60, 0x8f, 0x40,
    0x0, 0x5, 0xf7, 0x4a, 0xdf, 0xca, 0xdf, 0xb8,
    0x0, 0xb, 0xf3, 0x8f, 0xff, 0xff, 0xff, 0xfc,
    0x0, 0x2f, 0xf1, 0x0, 0xbf, 0x10, 0xdf, 0x0,
    0x0, 0x9f, 0xf0, 0x0, 0xdf, 0x0, 0xfe, 0x0,
    0x0, 0xff, 0xe0, 0x0, 0xed, 0x0, 0xfc, 0x0,
    0x7, 0xff, 0xd2, 0xcc, 0xff, 0xcc, 0xfe, 0xc6,
    0x1f, 0xef, 0xb4, 0xff, 0xff, 0xff, 0xff, 0xf6,
    0x4f, 0x7f, 0x90, 0x0, 0x0, 0x0, 0x0, 0x0,
    0x2, 0x3f, 0x80, 0x6c, 0xcc, 0xcc, 0xc8, 0x0,
    0x0, 0x4f, 0x60, 0x9f, 0xff, 0xff, 0xff, 0x20,
    0x0, 0x6f, 0x50, 0xbf, 0x31, 0x11, 0xbf, 0x30,
    0x0, 0x8f, 0x30, 0xcf, 0x0, 0x0, 0xcf, 0x10,
    0x0, 0xaf, 0x10, 0xef, 0xaa, 0xaa, 0xff, 0x0,
    0x0, 0xcf, 0x0, 0xff, 0xff, 0xff, 0xfe, 0x0,
    0x0, 0xde, 0x1, 0xfc, 0x0, 0x2, 0xfc, 0x0,
    0x0, 0xfd, 0x2, 0xfa, 0x0, 0x2, 0xfb, 0x0,
    0x1, 0xfb, 0x4, 0xf9, 0x0, 0x3, 0xf9, 0x0,
    0x3, 0xfa, 0x5, 0xfe, 0xdd, 0xde, 0xf8, 0x0,
    0x4, 0xf8, 0x7, 0xff, 0xff, 0xff, 0xf6, 0x0,

    /* U+503C "值" */
    0x0, 0x0, 0x0, 0x0, 0x0, 0x0, 0x0, 0x0,
    0x0, 0x0, 0x0, 0x8a, 0x10, 0x0, 0x9f, 0x40,
    0x0, 0x0, 0x0, 0xe, 0xf1, 0x0, 0xc, 0xf1,
    0x0, 0x0, 0x0, 0x4, 0xfa, 0x7a, 0xaa, 0xff,
    0xaa, 0xa4, 0x0, 0x0, 0xbf, 0x4d, 0xff, 0xff,
    0xff, 0xff, 0x50, 0x0, 0x2f, 0xd0, 0x11, 0x17,
    0xf8, 0x11, 0x10, 0x0, 0x9, 0xf8, 0x0, 0x0,
    0x9f, 0x40, 0x0, 0x0, 0x1, 0xff, 0x70, 0x8c,
    0xce, 0xfc, 0xb5, 0x0, 0x0, 0x9f, 0xf5, 0xc,
    0xff, 0xff, 0xff, 0xf0, 0x0, 0x2f, 0xff, 0x30,
    0xdf, 0x10, 0x0, 0xff, 0x0, 0xb, 0xfe, 0xf2,
    0xf, 0xf1, 0x11, 0x1f, 0xd0, 0x5, 0xfb, 0xaf,
    0x1, 0xff, 0xff, 0xff, 0xfb, 0x0, 0x9, 0x2c,
    0xe0, 0x2f, 0xe9, 0x99, 0xbf, 0x90, 0x0, 0x0,
    0xed, 0x4, 0xf9, 0x0, 0x5, 0xf8, 0x0, 0x0,
    0xf, 0xb0, 0x6f, 0xff, 0xff, 0xff, 0x60, 0x0,
    0x1, 0xf9, 0x7, 0xfd, 0xbb, 0xbe, 0xf4, 0x0,
    0x0, 0x3f, 0x80, 0x9f, 0x40, 0x0, 0xbf, 0x20,
    0x0, 0x5, 0xf6, 0xa, 0xfb, 0xaa, 0xae, 0xf1,
    0x0, 0x0, 0x7f, 0x50, 0xcf, 0xff, 0xff, 0xff,
    0x0, 0x0, 0x8, 0xf3, 0xe, 0xf0, 0x0, 0x1f,
    0xd0, 0x0, 0x0, 0xaf, 0x10, 0xfd, 0x0, 0x1,
    0xfb, 0x0, 0x0, 0xc, 0xf3, 0xdf, 0xfd, 0xdd,
    0xdf, 0xf9, 0x0, 0x0, 0xde, 0x5f, 0xff, 0xff,
    0xff, 0xff, 0x90, 0x0,

    /* U+504F "偏" */
    0x0, 0x0, 0x0, 0x0, 0x0, 0x0, 0x0, 0x0,
    0x0, 0x0, 0xb8, 0x0, 0x0, 0xaf, 0x20, 0x0,
    0x0, 0x2, 0xfd, 0x0, 0x0, 0xcf, 0x10, 0x0,
    0x0, 0x6, 0xf8, 0x8b, 0xbb, 0xff, 0xbb, 0xb4,
    0x0, 0xc, 0xf2, 0xdf, 0xff, 0xff, 0xff, 0xfc,
    0x0, 0x2f, 0xd0, 0xfd, 0x0, 0x0, 0x0, 0xfc,
    0x0, 0x7f, 0xc0, 0xfb, 0x0, 0x0, 0x1, 0xfa,
    0x0, 0xef, 0xa2, 0xff, 0xff, 0xff, 0xff, 0xf9,
    0x4, 0xff, 0x84, 0xfd, 0xcc, 0xcc, 0xcc, 0xc5,
    0xc, 0xff, 0x75, 0xf6, 0x0, 0x0, 0x0, 0x0,
    0x4f, 0xff, 0x57, 0xf6, 0xbb, 0xbb, 0xbb, 0x90,
    0x7f, 0xaf, 0x49, 0xf7, 0xff, 0xff, 0xff, 0xf5,
    0x2, 0x9f, 0x2b, 0xf7, 0xf4, 0xf5, 0xf4, 0xf4,
    0x0, 0xbf, 0xc, 0xf8, 0xf3, 0xf5, 0xe5, 0xf3,
    0x0, 0xdf, 0xe, 0xd9, 0xe5, 0xe6, 0xd6, 0xf1,
    0x0, 0xfd, 0xf, 0xbb, 0xeb, 0xeb, 0xeb, 0xf0,
    0x0, 0xfc, 0x3f, 0x9c, 0xff, 0xff, 0xff, 0xe0,
    0x2, 0xfa, 0x5f, 0x6e, 0x9a, 0x9b, 0x8b, 0xc0,
    0x4, 0xf8, 0x8f, 0x4f, 0x8b, 0x8c, 0x6d, 0xa0,
    0x6, 0xf7, 0xbf, 0x3f, 0x6d, 0x6e, 0x5e, 0x90,
    0x8, 0xf5, 0xee, 0x3f, 0x4e, 0x5f, 0x4f, 0x70,
    0x9, 0xf6, 0xfb, 0x5f, 0x3f, 0x5f, 0x9f, 0x40,
    0xb, 0xf6, 0xd7, 0x6f, 0x3f, 0x5f, 0x8c, 0x0,

    /* U+505C "停" */
    0x0, 0x0, 0x0, 0x0, 0x0, 0x0, 0x0, 0x0,
    0x0, 0x0, 0x0, 0x6, 0xe5, 0x0, 0x8, 0xf5,
    0x0, 0x0, 0x0, 0x0, 0xc, 0xf4, 0x0, 0x9,
    0xf4, 0x0, 0x0, 0x0, 0x0, 0x2f, 0xe5, 0x99,
    0x9d, 0xfa, 0x99, 0x91, 0x0, 0x0, 0x8f, 0x8a,
    0xff, 0xff, 0xff, 0xff, 0xf1, 0x0, 0x0, 0xef,
    0x11, 0x22, 0x22, 0x22, 0x22, 0x20, 0x0, 0x6,
    0xfd, 0x1, 0x88, 0x88, 0x88, 0x82, 0x0, 0x0,
    0xd, 0xfc, 0x4, 0xff, 0xff, 0xff, 0xfc, 0x0,
    0x0, 0x5f, 0xfa, 0x6, 0xf6, 0x0, 0x1, 0xfb,
    0x0, 0x0, 0xdf, 0xf9, 0x8, 0xfb, 0x99, 0x99,
    0xfa, 0x0, 0x8, 0xff, 0xf7, 0x9, 0xff, 0xff,
    0xff, 0xf8, 0x0, 0xf, 0xfa, 0xf5, 0x0, 0x0,
    0x0, 0x0, 0x0, 0x0, 0x3, 0x69, 0xf4, 0xdf,
    0xff, 0xff, 0xff, 0xfd, 0x20, 0x0, 0xa, 0xf2,
    0xff, 0xbb, 0xbb, 0xbb, 0xdf, 0x60, 0x0, 0xc,
    0xf2, 0xfc, 0x0, 0x0, 0x0, 0x9f, 0x50, 0x0,
    0xe, 0xf1, 0x75, 0xab, 0xbb, 0xbb, 0x47, 0x10,
    0x0, 0xf, 0xd0, 0x0, 0xff, 0xff, 0xfd, 0x0,
    0x0, 0x0, 0x1f, 0xc0, 0x0, 0x0, 0xcf, 0x20,
    0x0, 0x0, 0x0, 0x3f, 0xa0, 0x0, 0x0, 0xef,
    0x0, 0x0, 0x0, 0x0, 0x5f, 0x90, 0x0, 0x0,
    0xfe, 0x0, 0x0, 0x0, 0x0, 0x7f, 0x70, 0x8f,
    0x43, 0xfb, 0x0, 0x0, 0x0, 0x0, 0x8f, 0x50,
    0x3f, 0xff, 0xf6, 0x0, 0x0, 0x0, 0x0, 0xaf,
    0x40, 0x6, 0xee, 0x90, 0x0, 0x0, 0x0,

    /* U+507F "偿" */
    0x0, 0x0, 0x0, 0x0, 0x0, 0x0, 0x0, 0x0,
    0x0, 0x0, 0x0, 0x5, 0xb3, 0x2, 0x7, 0xf6,
    0x1, 0x0, 0x0, 0x0, 0xb, 0xf4, 0xce, 0x9,
    0xf4, 0x2f, 0x60, 0x0, 0x0, 0x1f, 0xe0, 0xaf,
    0xa, 0xf3, 0x8f, 0x30, 0x0, 0x0, 0x7f, 0x80,
    0x7f, 0x3c, 0xf2, 0xed, 0x0, 0x0, 0x0, 0xdf,
    0x2b, 0xef, 0xef, 0xfe, 0xfe, 0x70, 0x0, 0x4,
    0xff, 0xf, 0xff, 0xff, 0xff, 0xff, 0xf0, 0x0,
    0xc, 0xfd, 0xf, 0xc0, 0x0, 0x0, 0xe, 0xf0,
    0x0, 0x4f, 0xfc, 0x2f, 0xa0, 0x0, 0x0, 0xf,
    0xd0, 0x0, 0xcf, 0xfa, 0x4, 0x41, 0x11, 0x11,
    0x15, 0x30, 0x6, 0xff, 0xf8, 0x2, 0xff, 0xff,
    0xff, 0xf4, 0x0, 0xe, 0xf9, 0xf7, 0x3, 0xcc,
    0xcc, 0xcc, 0xc2, 0x0, 0x5, 0x97, 0xf5, 0x0,
    0x0, 0x0, 0x0, 0x0, 0x0, 0x0, 0x9, 0xf4,
    0x2, 0x22, 0x22, 0x22, 0x22, 0x0, 0x0, 0xb,
    0xf2, 0x8f, 0xff, 0xff, 0xff, 0xff, 0x0, 0x0,
    0xc, 0xf0, 0x7c, 0xcf, 0xfc, 0xcc, 0xca, 0x0,
    0x0, 0xe, 0xf0, 0x0, 0x3f, 0xb0, 0x34, 0x0,
    0x0, 0x0, 0xf, 0xd0, 0x0, 0xaf, 0x40, 0xfe,
    0x0, 0x0, 0x0, 0x2f, 0xb0, 0x2, 0xfc, 0x0,
    0x8f, 0x50, 0x0, 0x0, 0x3f, 0xa0, 0xb, 0xf3,
    0x14, 0x9f, 0xc0, 0x0, 0x0, 0x5f, 0x82, 0x9f,
    0xfe, 0xff, 0xff, 0xf1, 0x0, 0x0, 0x7f, 0x75,
    0xff, 0xff, 0xc8, 0x57, 0xf6, 0x0, 0x0, 0x9f,
    0x51, 0x64, 0x20, 0x0, 0x1, 0xa2, 0x0,

    /* U+50A8 "储" */
    0x0, 0x0, 0x0, 0x0, 0x0, 0x0, 0x0, 0x0,
    0x0, 0x0, 0x0, 0x2e, 0x60, 0x0, 0x0, 0xec,
    0x0, 0x0, 0x0, 0x0, 0x7f, 0x60, 0x0, 0x0,
    0xfb, 0x0, 0x0, 0x0, 0x0, 0xbf, 0x26, 0x0,
    0x2, 0xfa, 0x3, 0xb2, 0x0, 0x1, 0xfc, 0x7f,
    0x64, 0xff, 0xff, 0xfd, 0xf2, 0x0, 0x6, 0xf6,
    0x1f, 0xc4, 0xde, 0xfe, 0xdf, 0xc0, 0x0, 0xc,
    0xf3, 0xb, 0xf0, 0x6, 0xf5, 0x5f, 0x60, 0x0,
    0x3f, 0xf2, 0x5, 0x70, 0x8, 0xf4, 0xdd, 0x0,
    0x0, 0x9f, 0xf1, 0x0, 0x8, 0x8c, 0xfc, 0xfc,
    0x60, 0x1, 0xff, 0xfa, 0xfc, 0x1f, 0xff, 0xff,
    0xff, 0xb0, 0x9, 0xff, 0xd8, 0xef, 0x25, 0x5a,
    0xfd, 0x55, 0x30, 0xf, 0xbe, 0xb0, 0xaf, 0x0,
    0x7f, 0xe2, 0x0, 0x0, 0x2, 0x4f, 0xa0, 0xce,
    0x1a, 0xff, 0x41, 0x0, 0x0, 0x0, 0x2f, 0x80,
    0xec, 0xbf, 0xff, 0xff, 0xf5, 0x0, 0x0, 0x4f,
    0x70, 0xfb, 0x5b, 0xfe, 0xcc, 0xfa, 0x0, 0x0,
    0x6f, 0x51, 0xf9, 0x4, 0xf6, 0x2, 0xf9, 0x0,
    0x0, 0x7f, 0x33, 0xf7, 0x6, 0xf5, 0x5, 0xf7,
    0x0, 0x0, 0x9f, 0x24, 0xf6, 0x38, 0xff, 0xff,
    0xf5, 0x0, 0x0, 0xbf, 0x6, 0xfe, 0xfb, 0xfa,
    0xad, 0xf4, 0x0, 0x0, 0xdf, 0x8, 0xff, 0x6b,
    0xf0, 0x9, 0xf2, 0x0, 0x0, 0xfd, 0x6f, 0xe4,
    0xd, 0xe0, 0xa, 0xf0, 0x0, 0x1, 0xfb, 0x19,
    0x10, 0xe, 0xfd, 0xdf, 0xe0, 0x0, 0x2, 0xfa,
    0x0, 0x0, 0xf, 0xff, 0xff, 0xd0, 0x0,

    /* U+50CF "像" */
    0x0, 0x0, 0x0, 0x72, 0x0, 0x53, 0x0, 0x0,
    0x0, 0x0, 0x0, 0x2f, 0xe0, 0x2f, 0xc0, 0x0,
    0x0, 0x0, 0x0, 0x9, 0xf8, 0xd, 0xff, 0xff,
    0xc1, 0x0, 0x0, 0x1, 0xff, 0x2b, 0xf9, 0x88,
    0xef, 0x20, 0x0, 0x0, 0x8f, 0xaa, 0xfb, 0x0,
    0x5f, 0xb0, 0x0, 0x0, 0xe, 0xf3, 0x9f, 0xff,
    0xff, 0xff, 0xe1, 0x0, 0x8, 0xff, 0xb, 0xf9,
    0x9f, 0xc8, 0xdf, 0x30, 0x2, 0xff, 0xe0, 0xcf,
    0x2, 0xf7, 0xb, 0xf1, 0x0, 0xbf, 0xfd, 0xe,
    0xf9, 0xbf, 0xb9, 0xef, 0x0, 0x6f, 0xff, 0xb0,
    0xff, 0xff, 0xff, 0xff, 0xd0, 0xf, 0xf9, 0xf9,
    0x0, 0x1c, 0xf9, 0x0, 0x6, 0x30, 0x59, 0x6f,
    0x80, 0x6e, 0xfe, 0xf2, 0x6c, 0xfa, 0x0, 0x7,
    0xf6, 0xcf, 0xe5, 0x7f, 0xff, 0xf9, 0x0, 0x0,
    0x9f, 0x56, 0x71, 0x8f, 0xff, 0x7f, 0x50, 0x0,
    0xb, 0xf3, 0x17, 0xef, 0x8a, 0xf3, 0xf5, 0x0,
    0x0, 0xdf, 0x3f, 0xfd, 0x45, 0xff, 0x5f, 0x60,
    0x0, 0xe, 0xf0, 0x95, 0x9, 0xff, 0xf4, 0xf7,
    0x0, 0x0, 0xfe, 0x0, 0x6e, 0xfa, 0x8f, 0x2f,
    0xa0, 0x0, 0x2f, 0xc5, 0xef, 0xf6, 0x9, 0xf1,
    0xce, 0x0, 0x3, 0xfb, 0x6f, 0x86, 0xa0, 0xce,
    0x7, 0xf3, 0x0, 0x5f, 0x90, 0x0, 0x8f, 0xef,
    0x90, 0x17, 0x0, 0x7, 0xf8, 0x0, 0x1, 0xdf,
    0xc1, 0x0, 0x0, 0x0, 0x0, 0x0, 0x0, 0x0,
    0x10, 0x0, 0x0, 0x0,

    /* U+5141 "允" */
    0x0, 0x0, 0x0, 0x0, 0x10, 0x0, 0x0, 0x0,
    0x0, 0x0, 0x0, 0x0, 0xb, 0xe4, 0x0, 0x0,
    0x0, 0x0, 0x0, 0x0, 0x2, 0xff, 0x10, 0x0,
    0x0, 0x0, 0x0, 0x0, 0x0, 0xaf, 0x80, 0x2a,
    0x20, 0x0, 0x0, 0x0, 0x0, 0x3f, 0xf1, 0x7,
    0xfc, 0x0, 0x0, 0x0, 0x0, 0xd, 0xf7, 0x0,
    0xd, 0xf4, 0x0, 0x0, 0x0, 0x8, 0xfc, 0x0,
    0x0, 0x5f, 0xc0, 0x0, 0x0, 0x4, 0xff, 0x20,
    0x1, 0x35, 0xff, 0x30, 0x0, 0x28, 0xef, 0xec,
    0xef, 0xff, 0xff, 0xfa, 0x0, 0x5, 0xff, 0xff,
    0xff, 0xee, 0xfc, 0x7f, 0xf1, 0x0, 0x27, 0x65,
    0xff, 0x0, 0x8f, 0x70, 0xad, 0x20, 0x0, 0x0,
    0x2f, 0xe0, 0xa, 0xf5, 0x1, 0x0, 0x0, 0x0,
    0x4, 0xfb, 0x0, 0xcf, 0x30, 0x0, 0x0, 0x0,
    0x0, 0x7f, 0x80, 0xd, 0xf2, 0x0, 0x0, 0x0,
    0x0, 0xc, 0xf4, 0x0, 0xff, 0x0, 0x0, 0x0,
    0x0, 0x2, 0xff, 0x0, 0x1f, 0xe0, 0x0, 0x0,
    0x0, 0x0, 0xaf, 0x90, 0x3, 0xfd, 0x0, 0x0,
    0x0, 0x0, 0x4f, 0xf2, 0x0, 0x4f, 0xb0, 0x9,
    0xb2, 0x0, 0x2e, 0xf8, 0x0, 0x5, 0xfa, 0x0,
    0xef, 0x10, 0x3e, 0xfc, 0x0, 0x0, 0x4f, 0xc0,
    0x5f, 0xc0, 0xe, 0xfd, 0x10, 0x0, 0x1, 0xff,
    0xff, 0xf5, 0x0, 0x6a, 0x10, 0x0, 0x0, 0x4,
    0xdf, 0xd6, 0x0, 0x0, 0x0, 0x0, 0x0, 0x0,
    0x0, 0x0, 0x0, 0x0,

    /* U+5143 "元" */
    0x0, 0x0, 0xcf, 0xff, 0xff, 0xff, 0xff, 0xff,
    0x10, 0x0, 0xe, 0xff, 0xff, 0xff, 0xff, 0xff,
    0xf0, 0x0, 0x0, 0x0, 0x0, 0x0, 0x0, 0x0,
    0x0, 0x0, 0x0, 0x0, 0x0, 0x0, 0x0, 0x0,
    0x0, 0x0, 0x0, 0x0, 0x0, 0x0, 0x0, 0x0,
    0x0, 0x0, 0x0, 0x0, 0x0, 0x0, 0x0, 0x0,
    0x0, 0x0, 0x0, 0x0, 0x0, 0x0, 0x0, 0x0,
    0x0, 0x0, 0x0, 0x0, 0x6, 0xff, 0xff, 0xff,
    0xff, 0xff, 0xff, 0xf7, 0x0, 0x8f, 0xff, 0xff,
    0xff, 0xff, 0xff, 0xff, 0x50, 0x0, 0x0, 0x1f,
    0xf0, 0x7, 0xf8, 0x0, 0x0, 0x0, 0x0, 0x2,
    0xfe, 0x0, 0x9f, 0x60, 0x0, 0x0, 0x0, 0x0,
    0x4f, 0xb0, 0xa, 0xf5, 0x0, 0x0, 0x0, 0x0,
    0x8, 0xf8, 0x0, 0xcf, 0x30, 0x0, 0x0, 0x0,
    0x0, 0xbf, 0x50, 0xd, 0xf2, 0x0, 0x0, 0x0,
    0x0, 0x1f, 0xf1, 0x0, 0xff, 0x0, 0x0, 0x0,
    0x0, 0x8, 0xfa, 0x0, 0xf, 0xe0, 0x3, 0x51,
    0x0, 0x2, 0xff, 0x30, 0x2, 0xfd, 0x0, 0xaf,
    0x40, 0x1, 0xdf, 0x90, 0x0, 0x2f, 0xd0, 0xf,
    0xf0, 0x5, 0xef, 0xc0, 0x0, 0x1, 0xff, 0x39,
    0xfa, 0x3, 0xff, 0xa0, 0x0, 0x0, 0xd, 0xff,
    0xff, 0x20, 0xb, 0x40, 0x0, 0x0, 0x0, 0x2c,
    0xfd, 0x40, 0x0,

    /* U+5145 "充" */
    0x0, 0x0, 0x0, 0x0, 0x9f, 0x60, 0x0, 0x0,
    0x0, 0x0, 0x0, 0x0, 0xa, 0xf5, 0x0, 0x0,
    0x0, 0x0, 0x0, 0x0, 0x0, 0xcf, 0x40, 0x0,
    0x0, 0x0, 0xe, 0xff, 0xff, 0xff, 0xff, 0xff,
    0xff, 0xf1, 0x0, 0xef, 0xff, 0xff, 0xff, 0xff,
    0xff, 0xfe, 0x0, 0x0, 0x0, 0xd, 0xf5, 0x0,
    0x0, 0x0, 0x0, 0x0, 0x0, 0x5, 0xfc, 0x0,
    0x3b, 0x10, 0x0, 0x0, 0x0, 0x0, 0xdf, 0x40,
    0x7, 0xfb, 0x0, 0x0, 0x0, 0x0, 0x8f, 0xa0,
    0x0, 0xc, 0xf6, 0x0, 0x0, 0x0, 0x4f, 0xe0,
    0x2, 0x46, 0xaf, 0xe0, 0x0, 0x0, 0x7e, 0xfe,
    0xef, 0xff, 0xff, 0xff, 0x70, 0x0, 0x1f, 0xff,
    0xff, 0xdb, 0xff, 0x43, 0xfe, 0x0, 0x0, 0x86,
    0x4f, 0xf0, 0xf, 0xf0, 0x9, 0x60, 0x0, 0x0,
    0x2, 0xfd, 0x2, 0xfd, 0x0, 0x0, 0x0, 0x0,
    0x0, 0x5f, 0xa0, 0x4f, 0xc0, 0x0, 0x0, 0x0,
    0x0, 0xa, 0xf6, 0x6, 0xfa, 0x0, 0x0, 0x0,
    0x0, 0x1, 0xff, 0x10, 0x7f, 0x80, 0x0, 0x0,
    0x0, 0x0, 0xbf, 0x90, 0x9, 0xf6, 0x0, 0xca,
    0x0, 0x0, 0x8f, 0xe1, 0x0, 0xaf, 0x60, 0x2f,
    0xc0, 0x0, 0x9f, 0xf5, 0x0, 0x9, 0xf8, 0xa,
    0xf8, 0x0, 0xbf, 0xf6, 0x0, 0x0, 0x5f, 0xff,
    0xfe, 0x10, 0x3, 0xd3, 0x0, 0x0, 0x0, 0x8e,
    0xfc, 0x30, 0x0, 0x0, 0x0, 0x0, 0x0, 0x0,
    0x0, 0x0, 0x0, 0x0,

    /* U+5149 "光" */
    0x0, 0x0, 0x0, 0x0, 0xf, 0xf0, 0x0, 0x0,
    0x0, 0x0, 0x18, 0x40, 0x0, 0xff, 0x0, 0x2,
    0x50, 0x0, 0x7, 0xfb, 0x0, 0x2f, 0xd0, 0x0,
    0xaf, 0x60, 0x0, 0x1f, 0xf1, 0x3, 0xfc, 0x0,
    0x2f, 0xf1, 0x0, 0x0, 0xbf, 0x50, 0x5f, 0xa0,
    0x9, 0xf9, 0x0, 0x0, 0x5, 0xfa, 0x6, 0xf9,
    0x3, 0xff, 0x20, 0x0, 0x0, 0xf, 0xe0, 0x8f,
    0x70, 0xdf, 0x80, 0x0, 0x0, 0x0, 0xcd, 0x19,
    0xf6, 0x1e, 0xd0, 0x0, 0x0, 0x0, 0x2, 0x0,
    0xbf, 0x40, 0x12, 0x0, 0x0, 0x3, 0x33, 0x33,
    0x3d, 0xf6, 0x33, 0x33, 0x32, 0x0, 0xef, 0xff,
    0xff, 0xff, 0xff, 0xff, 0xff, 0x70, 0xb, 0xbb,
    0xbf, 0xfb, 0xcf, 0xfb, 0xbb, 0xb4, 0x0, 0x0,
    0x0, 0xff, 0x2, 0xfe, 0x0, 0x0, 0x0, 0x0,
    0x0, 0x3f, 0xc0, 0x4f, 0xc0, 0x0, 0x0, 0x0,
    0x0, 0x6, 0xf9, 0x6, 0xfa, 0x0, 0x0, 0x0,
    0x0, 0x0, 0xcf, 0x50, 0x8f, 0x80, 0x0, 0x0,
    0x0, 0x0, 0x2f, 0xf0, 0x9, 0xf6, 0x0, 0x0,
    0x0, 0x0, 0xb, 0xf9, 0x0, 0xbf, 0x40, 0x7,
    0xa2, 0x0, 0xa, 0xfe, 0x10, 0xc, 0xf3, 0x0,
    0xdf, 0x10, 0x3d, 0xff, 0x40, 0x0, 0xbf, 0x91,
    0x7f, 0xd0, 0x4f, 0xfe, 0x40, 0x0, 0x5, 0xff,
    0xff, 0xf5, 0x0, 0xe9, 0x10, 0x0, 0x0, 0x7,
    0xef, 0xd6, 0x0, 0x0, 0x0, 0x0, 0x0, 0x0,
    0x0, 0x0, 0x0, 0x0,

    /* U+514B "克" */
    0x0, 0x0, 0x0, 0x0, 0x4f, 0xc0, 0x0, 0x0,
    0x0, 0x0, 0x0, 0x0, 0x0, 0x5f, 0xa0, 0x0,
    0x0, 0x0, 0x0, 0x3b, 0xbb, 0xbb, 0xdf, 0xeb,
    0xbb, 0xbb, 0xb0, 0x0, 0x7f, 0xff, 0xff, 0xff,
    0xff, 0xff, 0xff, 0xf0, 0x0, 0x24, 0x44, 0x44,
    0xbf, 0x84, 0x44, 0x44, 0x30, 0x0, 0x0, 0x0,
    0x0, 0xbf, 0x40, 0x0, 0x0, 0x0, 0x0, 0x0,
    0x22, 0x22, 0xdf, 0x52, 0x21, 0x0, 0x0, 0x0,
    0x1, 0xff, 0xff, 0xff, 0xff, 0xff, 0x60, 0x0,
    0x0, 0x3, 0xff, 0xcc, 0xcc, 0xcc, 0xef, 0xa0,
    0x0, 0x0, 0x5, 0xfb, 0x0, 0x0, 0x0, 0x8f,
    0x90, 0x0, 0x0, 0x6, 0xfa, 0x0, 0x0, 0x0,
    0xaf, 0x70, 0x0, 0x0, 0x8, 0xf8, 0x0, 0x0,
    0x0, 0xcf, 0x50, 0x0, 0x0, 0xa, 0xff, 0xee,
    0xee, 0xee, 0xff, 0x40, 0x0, 0x0, 0xc, 0xff,
    0xff, 0xff, 0xff, 0xff, 0x20, 0x0, 0x0, 0x0,
    0x5, 0xfb, 0xa, 0xf5, 0x0, 0x0, 0x0, 0x0,
    0x0, 0x8, 0xf7, 0xb, 0xf3, 0x0, 0x0, 0x0,
    0x0, 0x0, 0xe, 0xf2, 0xc, 0xf2, 0x0, 0x0,
    0x0, 0x0, 0x0, 0x8f, 0xb0, 0xe, 0xf0, 0x0,
    0x7c, 0x30, 0x0, 0x8, 0xff, 0x20, 0xe, 0xf0,
    0x0, 0xcf, 0x20, 0x5, 0xdf, 0xf5, 0x0, 0xd,
    0xf6, 0x5, 0xfd, 0x0, 0x5f, 0xfd, 0x30, 0x0,
    0x7, 0xff, 0xff, 0xf5, 0x0, 0xc, 0x60, 0x0,
    0x0, 0x0, 0x8e, 0xfd, 0x60, 0x0,

    /* U+5165 "入" */
    0x0, 0x0, 0x0, 0x11, 0x0, 0x0, 0x0, 0x0,
    0x0, 0x0, 0x0, 0x9, 0xff, 0xf8, 0x0, 0x0,
    0x0, 0x0, 0x0, 0x0, 0x9d, 0xef, 0xe0, 0x0,
    0x0, 0x0, 0x0, 0x0, 0x0, 0x0, 0xef, 0x0,
    0x0, 0x0, 0x0, 0x0, 0x0, 0x0, 0xd, 0xf0,
    0x0, 0x0, 0x0, 0x0, 0x0, 0x0, 0x0, 0xef,
    0x10, 0x0, 0x0, 0x0, 0x0, 0x0, 0x0, 0x3f,
    0xf3, 0x0, 0x0, 0x0, 0x0, 0x0, 0x0, 0x7,
    0xff, 0x40, 0x0, 0x0, 0x0, 0x0, 0x0, 0x0,
    0xbf, 0xf7, 0x0, 0x0, 0x0, 0x0, 0x0, 0x0,
    0x1f, 0xff, 0x90, 0x0, 0x0, 0x0, 0x0, 0x0,
    0x6, 0xfc, 0xfc, 0x0, 0x0, 0x0, 0x0, 0x0,
    0x0, 0xdf, 0x3f, 0xf1, 0x0, 0x0, 0x0, 0x0,
    0x0, 0x4f, 0xd0, 0xbf, 0x60, 0x0, 0x0, 0x0,
    0x0, 0xd, 0xf5, 0x7, 0xfb, 0x0, 0x0, 0x0,
    0x0, 0x7, 0xfd, 0x0, 0x2f, 0xf1, 0x0, 0x0,
    0x0, 0x3, 0xff, 0x40, 0x0, 0xcf, 0x80, 0x0,
    0x0, 0x1, 0xef, 0xa0, 0x0, 0x5, 0xff, 0x10,
    0x0, 0x1, 0xdf, 0xd0, 0x0, 0x0, 0xd, 0xfa,
    0x0, 0x1, 0xdf, 0xe2, 0x0, 0x0, 0x0, 0x4f,
    0xf4, 0x2, 0xef, 0xe2, 0x0, 0x0, 0x0, 0x0,
    0xaf, 0xe1, 0xd, 0xe2, 0x0, 0x0, 0x0, 0x0,
    0x1, 0xeb, 0x10, 0x21, 0x0, 0x0, 0x0, 0x0,
    0x0, 0x3, 0x0,

    /* U+5168 "全" */
    0x0, 0x0, 0x0, 0x0, 0x32, 0x0, 0x0, 0x0,
    0x0, 0x0, 0x0, 0x0, 0x1e, 0xf4, 0x0, 0x0,
    0x0, 0x0, 0x0, 0x0, 0xa, 0xff, 0x10, 0x0,
    0x0, 0x0, 0x0, 0x0, 0x9, 0xff, 0xfa, 0x0,
    0x0, 0x0, 0x0, 0x0, 0x9, 0xff, 0x5d, 0xf9,
    0x0, 0x0, 0x0, 0x0, 0x1c, 0xff, 0x40, 0x2f,
    0xfb, 0x10, 0x0, 0x0, 0x6e, 0xfe, 0x40, 0x0,
    0x3e, 0xfe, 0x50, 0x4, 0xdf, 0xfc, 0x20, 0x0,
    0x0, 0x2d, 0xff, 0xc3, 0x4f, 0xec, 0xff, 0xff,
    0xff, 0xff, 0xfd, 0xff, 0x30, 0x50, 0x8d, 0xdd,
    0xef, 0xed, 0xdd, 0x61, 0x70, 0x0, 0x0, 0x0,
    0xa, 0xf6, 0x0, 0x0, 0x0, 0x0, 0x0, 0x0,
    0x0, 0xbf, 0x40, 0x0, 0x0, 0x0, 0x0, 0x0,
    0x0, 0xd, 0xf2, 0x0, 0x0, 0x0, 0x0, 0x8,
    0xcc, 0xcc, 0xff, 0xcc, 0xcc, 0x80, 0x0, 0x0,
    0xdf, 0xff, 0xff, 0xff, 0xff, 0xfa, 0x0, 0x0,
    0x1, 0x22, 0x24, 0xfe, 0x22, 0x22, 0x10, 0x0,
    0x0, 0x0, 0x0, 0x3f, 0xc0, 0x0, 0x0, 0x0,
    0x0, 0x0, 0x0, 0x4, 0xfb, 0x0, 0x0, 0x0,
    0x0, 0x0, 0x0, 0x0, 0x6f, 0xa0, 0x0, 0x0,
    0x0, 0x0, 0x0, 0x0, 0x7, 0xf8, 0x0, 0x0,
    0x0, 0x0, 0xaf, 0xff, 0xff, 0xff, 0xff, 0xff,
    0xff, 0x80, 0xd, 0xff, 0xff, 0xff, 0xff, 0xff,
    0xff, 0xf7, 0x0,

    /* U+516C "公" */
    0x0, 0x0, 0x0, 0x62, 0x0, 0x68, 0x0, 0x0,
    0x0, 0x0, 0x5, 0xfc, 0x1, 0xff, 0x0, 0x0,
    0x0, 0x0, 0xa, 0xf7, 0x0, 0xdf, 0x30, 0x0,
    0x0, 0x0, 0xf, 0xf2, 0x0, 0xaf, 0x70, 0x0,
    0x0, 0x0, 0x6f, 0xc0, 0x0, 0x5f, 0xc0, 0x0,
    0x0, 0x0, 0xdf, 0x60, 0x0, 0xf, 0xf2, 0x0,
    0x0, 0x6, 0xfe, 0x0, 0x0, 0xb, 0xf9, 0x0,
    0x0, 0x1e, 0xf6, 0x0, 0x0, 0x4, 0xff, 0x10,
    0x0, 0xaf, 0xc0, 0xc, 0xd2, 0x0, 0xcf, 0xa0,
    0x9, 0xff, 0x20, 0x2f, 0xf0, 0x0, 0x4f, 0xf4,
    0x3f, 0xf6, 0x0, 0x7f, 0xa0, 0x0, 0xa, 0xf9,
    0xa, 0x70, 0x0, 0xef, 0x40, 0x0, 0x1, 0x90,
    0x0, 0x0, 0x5, 0xfe, 0x0, 0x0, 0x0, 0x0,
    0x0, 0x0, 0xc, 0xf7, 0x4, 0xc2, 0x0, 0x0,
    0x0, 0x0, 0x4f, 0xe0, 0x9, 0xfa, 0x0, 0x0,
    0x0, 0x0, 0xdf, 0x60, 0x1, 0xff, 0x20, 0x0,
    0x0, 0x6, 0xfd, 0x0, 0x0, 0xaf, 0x90, 0x0,
    0x0, 0x2f, 0xf3, 0x0, 0x24, 0xaf, 0xe0, 0x0,
    0x1, 0xbf, 0xda, 0xcf, 0xff, 0xff, 0xf5, 0x0,
    0x3f, 0xff, 0xff, 0xff, 0xc9, 0x69, 0xfa, 0x0,
    0x1e, 0xb9, 0x75, 0x20, 0x0, 0x2, 0xfc, 0x0,
    0x0, 0x0, 0x0, 0x0, 0x0, 0x0, 0x40, 0x0,

    /* U+5170 "兰" */
    0x0, 0x0, 0x0, 0x51, 0x0, 0x0, 0x4, 0x30,
    0x0, 0x0, 0x0, 0x8f, 0x80, 0x0, 0x0, 0xef,
    0x20, 0x0, 0x0, 0x1, 0xfe, 0x0, 0x0, 0x5f,
    0xb0, 0x0, 0x0, 0x0, 0xb, 0xd1, 0x0, 0xe,
    0xf3, 0x0, 0x0, 0x0, 0x0, 0x0, 0x0, 0x8,
    0xf9, 0x0, 0x0, 0x0, 0xae, 0xee, 0xee, 0xee,
    0xff, 0xee, 0xe8, 0x0, 0xd, 0xff, 0xff, 0xff,
    0xff, 0xff, 0xff, 0x80, 0x0, 0x0, 0x0, 0x0,
    0x0, 0x0, 0x0, 0x0, 0x0, 0x0, 0x0, 0x0,
    0x0, 0x0, 0x0, 0x0, 0x0, 0x0, 0x0, 0x0,
    0x0, 0x0, 0x0, 0x0, 0x0, 0x0, 0x0, 0x0,
    0x0, 0x0, 0x0, 0x0, 0x0, 0x0, 0x0, 0x0,
    0x0, 0x0, 0x0, 0x0, 0x0, 0x0, 0x0, 0x4,
    0xff, 0xff, 0xff, 0xff, 0xff, 0xa0, 0x0, 0x0,
    0x5e, 0xee, 0xee, 0xee, 0xee, 0xe8, 0x0, 0x0,
    0x0, 0x0, 0x0, 0x0, 0x0, 0x0, 0x0, 0x0,
    0x0, 0x0, 0x0, 0x0, 0x0, 0x0, 0x0, 0x0,
    0x0, 0x0, 0x0, 0x0, 0x0, 0x0, 0x0, 0x0,
    0x0, 0x0, 0x0, 0x0, 0x0, 0x0, 0x0, 0x0,
    0x0, 0x0, 0x0, 0x0, 0x0, 0x0, 0x0, 0x0,
    0x0, 0x0, 0x0, 0x0, 0x0, 0x0, 0x0, 0x0,
    0x0, 0x0, 0xd, 0xff, 0xff, 0xff, 0xff, 0xff,
    0xff, 0xfa, 0x0, 0xff, 0xff, 0xff, 0xff, 0xff,
    0xff, 0xff, 0x90,

    /* U+5173 "关" */
    0x0, 0x0, 0x2, 0x63, 0x0, 0x0, 0x6, 0x10,
    0x0, 0x0, 0x0, 0x6f, 0xa0, 0x0, 0x3, 0xfc,
    0x0, 0x0, 0x0, 0x1, 0xfe, 0x0, 0x0, 0xaf,
    0x50, 0x0, 0x0, 0x0, 0xb, 0xf4, 0x0, 0x2f,
    0xd0, 0x0, 0x0, 0x5, 0xdd, 0xef, 0xed, 0xde,
    0xfe, 0xdd, 0x0, 0x0, 0x7f, 0xff, 0xff, 0xff,
    0xff, 0xff, 0xf0, 0x0, 0x0, 0x0, 0x0, 0x4f,
    0xb0, 0x0, 0x0, 0x0, 0x0, 0x0, 0x0, 0x5,
    0xfa, 0x0, 0x0, 0x0, 0x0, 0x0, 0x0, 0x0,
    0x7f, 0x80, 0x0, 0x0, 0x0, 0x0, 0x0, 0x0,
    0x9, 0xf6, 0x0, 0x0, 0x0, 0x0, 0x8c, 0xcc,
    0xcc, 0xef, 0xdc, 0xcc, 0xcc, 0x20, 0xc, 0xff,
    0xff, 0xff, 0xff, 0xff, 0xff, 0xf1, 0x0, 0x12,
    0x22, 0x27, 0xff, 0x82, 0x22, 0x22, 0x0, 0x0,
    0x0, 0x0, 0xcf, 0xfb, 0x0, 0x0, 0x0, 0x0,
    0x0, 0x0, 0x4f, 0xed, 0xf2, 0x0, 0x0, 0x0,
    0x0, 0x0, 0xd, 0xf7, 0x6f, 0x90, 0x0, 0x0,
    0x0, 0x0, 0xa, 0xfd, 0x0, 0xef, 0x30, 0x0,
    0x0, 0x0, 0x9, 0xfe, 0x20, 0x6, 0xfd, 0x0,
    0x0, 0x0, 0xa, 0xff, 0x40, 0x0, 0xc, 0xfb,
    0x0, 0x0, 0x4d, 0xfe, 0x40, 0x0, 0x0, 0x1e,
    0xfc, 0x20, 0xe, 0xfc, 0x20, 0x0, 0x0, 0x0,
    0x2d, 0xf4, 0x0, 0x47, 0x0, 0x0, 0x0, 0x0,
    0x0, 0x15, 0x0,

    /* U+5176 "其" */
    0x0, 0x0, 0xf, 0xf0, 0x0, 0x0, 0xff, 0x0,
    0x0, 0x0, 0x1f, 0xe0, 0x0, 0x1, 0xfe, 0x0,
    0x0, 0x0, 0x3f, 0xd0, 0x0, 0x3, 0xfd, 0x0,
    0x0, 0x8f, 0xff, 0xff, 0xff, 0xff, 0xff, 0xfb,
    0x0, 0x7c, 0xef, 0xec, 0xcc, 0xce, 0xfe, 0xc7,
    0x0, 0x0, 0x8f, 0x70, 0x0, 0x8, 0xf7, 0x0,
    0x0, 0x0, 0x9f, 0x71, 0x11, 0x1a, 0xf6, 0x0,
    0x0, 0x0, 0xbf, 0xff, 0xff, 0xff, 0xf4, 0x0,
    0x0, 0x0, 0xdf, 0xaa, 0xaa, 0xaf, 0xf2, 0x0,
    0x0, 0x0, 0xef, 0x10, 0x0, 0xe, 0xf1, 0x0,
    0x0, 0x0, 0xff, 0xaa, 0xaa, 0xaf, 0xf0, 0x0,
    0x0, 0x2, 0xff, 0xff, 0xff, 0xff, 0xd0, 0x0,
    0x0, 0x3, 0xfc, 0x11, 0x11, 0x5f, 0xc0, 0x0,
    0x0, 0x5, 0xfa, 0x0, 0x0, 0x5f, 0xa0, 0x0,
    0x2, 0x28, 0xfa, 0x22, 0x22, 0x8f, 0xa2, 0x20,
    0x2f, 0xff, 0xff, 0xff, 0xff, 0xff, 0xff, 0xe0,
    0x2a, 0xaa, 0xaa, 0xaa, 0xaa, 0xaa, 0xaa, 0x80,
    0x0, 0x0, 0x26, 0x0, 0x4, 0x30, 0x0, 0x0,
    0x0, 0x6, 0xff, 0x30, 0x1e, 0xf7, 0x0, 0x0,
    0x2, 0xcf, 0xf6, 0x0, 0x7, 0xff, 0xc3, 0x0,
    0x5f, 0xfc, 0x20, 0x0, 0x0, 0x3d, 0xff, 0x20,
    0xd, 0x70, 0x0, 0x0, 0x0, 0x0, 0x79, 0x0,
    0x0, 0x0, 0x0, 0x0, 0x0, 0x0, 0x0, 0x0,

    /* U+5177 "具" */
    0x0, 0x0, 0xbf, 0xff, 0xff, 0xff, 0xfa, 0x0,
    0x0, 0x0, 0xdf, 0xcc, 0xcc, 0xcc, 0xff, 0x0,
    0x0, 0x0, 0xef, 0x0, 0x0, 0x0, 0xef, 0x0,
    0x0, 0x0, 0xfe, 0x11, 0x11, 0x11, 0xfd, 0x0,
    0x0, 0x1, 0xff, 0xff, 0xff, 0xff, 0xfc, 0x0,
    0x0, 0x3, 0xfd, 0x99, 0x99, 0x9a, 0xfa, 0x0,
    0x0, 0x5, 0xf9, 0x0, 0x0, 0x5, 0xf8, 0x0,
    0x0, 0x6, 0xff, 0xff, 0xff, 0xff, 0xf7, 0x0,
    0x0, 0x8, 0xfc, 0xaa, 0xaa, 0xad, 0xf5, 0x0,
    0x0, 0xa, 0xf3, 0x0, 0x0, 0xa, 0xf3, 0x0,
    0x0, 0xb, 0xfa, 0x99, 0x99, 0x9e, 0xf1, 0x0,
    0x0, 0xd, 0xff, 0xff, 0xff, 0xff, 0xf0, 0x0,
    0x0, 0xe, 0xe0, 0x0, 0x0, 0xf, 0xe0, 0x0,
    0x0, 0x1f, 0xd0, 0x0, 0x0, 0x1f, 0xc0, 0x0,
    0x5f, 0xff, 0xff, 0xff, 0xff, 0xff, 0xff, 0xf0,
    0x5c, 0xcc, 0xcc, 0xcc, 0xcc, 0xcc, 0xcc, 0xb0,
    0x0, 0x0, 0x37, 0x0, 0x4, 0x50, 0x0, 0x0,
    0x0, 0x7, 0xff, 0x20, 0xe, 0xf9, 0x0, 0x0,
    0x4, 0xdf, 0xd3, 0x0, 0x4, 0xef, 0xd4, 0x0,
    0x5f, 0xf9, 0x0, 0x0, 0x0, 0x2b, 0xff, 0x30,
    0xb, 0x30, 0x0, 0x0, 0x0, 0x0, 0x58, 0x0,

    /* U+5178 "典" */
    0x0, 0x0, 0x0, 0x3, 0xf7, 0xd, 0xe0, 0x0,
    0x0, 0x0, 0x0, 0x0, 0x4f, 0x60, 0xec, 0x0,
    0x0, 0x0, 0x0, 0x0, 0x6, 0xf5, 0xf, 0xb0,
    0x0, 0x0, 0x0, 0xf, 0xff, 0xff, 0xff, 0xff,
    0xff, 0xa0, 0x0, 0x2, 0xff, 0xde, 0xfd, 0xdf,
    0xed, 0xff, 0x0, 0x0, 0x4f, 0x90, 0xbf, 0x4,
    0xf6, 0xe, 0xf0, 0x0, 0x6, 0xf7, 0xc, 0xe0,
    0x6f, 0x40, 0xfd, 0x0, 0x0, 0x7f, 0x60, 0xec,
    0x8, 0xf2, 0x2f, 0xb0, 0x0, 0x9, 0xff, 0xff,
    0xff, 0xff, 0xff, 0xf9, 0x0, 0x0, 0xbf, 0xcc,
    0xfe, 0xbf, 0xfb, 0xdf, 0x80, 0x0, 0xc, 0xf0,
    0x3f, 0x70, 0xdd, 0x7, 0xf6, 0x0, 0x0, 0xef,
    0x5, 0xf5, 0xe, 0xc0, 0x9f, 0x40, 0x0, 0xf,
    0xd0, 0x6f, 0x40, 0xfa, 0xb, 0xf2, 0x0, 0x2,
    0xfb, 0x8, 0xf2, 0x2f, 0x80, 0xcf, 0x10, 0x4,
    0xef, 0xfe, 0xff, 0xee, 0xff, 0xef, 0xfe, 0x10,
    0x6f, 0xff, 0xff, 0xff, 0xff, 0xff, 0xff, 0xf0,
    0x0, 0x0, 0x2, 0x10, 0x0, 0x21, 0x0, 0x0,
    0x0, 0x0, 0x4, 0xeb, 0x0, 0xc, 0xd2, 0x0,
    0x0, 0x0, 0x8, 0xff, 0x70, 0x0, 0xaf, 0xe4,
    0x0, 0x0, 0x5d, 0xfe, 0x40, 0x0, 0x0, 0x8f,
    0xf9, 0x0, 0x1f, 0xfa, 0x10, 0x0, 0x0, 0x0,
    0x5e, 0xf6, 0x0, 0x63, 0x0, 0x0, 0x0, 0x0,
    0x0, 0x17, 0x0,

    /* U+517C "兼" */
    0x0, 0x0, 0x0, 0x49, 0x0, 0x0, 0x67, 0x10,
    0x0, 0x0, 0x0, 0x0, 0xaf, 0x50, 0x0, 0xef,
    0x20, 0x0, 0x0, 0x0, 0x0, 0x3f, 0xa0, 0x8,
    0xfa, 0x0, 0x0, 0x0, 0xd, 0xff, 0xff, 0xff,
    0xff, 0xff, 0xff, 0xf4, 0x0, 0xc, 0xcc, 0xcf,
    0xfc, 0xdf, 0xdc, 0xcc, 0xc2, 0x0, 0x0, 0x0,
    0xf, 0xd0, 0x8f, 0x40, 0x0, 0x0, 0x0, 0x3,
    0xaa, 0xaf, 0xea, 0xdf, 0xba, 0x80, 0x0, 0x0,
    0x6, 0xff, 0xff, 0xff, 0xff, 0xff, 0xf5, 0x0,
    0x0, 0x0, 0x0, 0x5f, 0x80, 0xcf, 0x16, 0xf5,
    0x0, 0x0, 0x69, 0x99, 0xbf, 0xc9, 0xff, 0x9c,
    0xfb, 0x50, 0x0, 0xdf, 0xff, 0xff, 0xff, 0xff,
    0xff, 0xff, 0x90, 0x0, 0x12, 0x22, 0xaf, 0x53,
    0xfc, 0x2b, 0xf2, 0x10, 0x0, 0x0, 0x0, 0xbf,
    0x12, 0xfa, 0xc, 0xe0, 0x0, 0x0, 0x1f, 0xff,
    0xff, 0xff, 0xff, 0xff, 0xd0, 0x0, 0x0, 0x1b,
    0xbc, 0xff, 0xbd, 0xfe, 0xbb, 0x80, 0x0, 0x0,
    0x0, 0xc, 0xfc, 0x6, 0xff, 0x20, 0x0, 0x0,
    0x0, 0x0, 0xaf, 0xfb, 0x8, 0xff, 0xd1, 0x0,
    0x0, 0x0, 0xa, 0xfc, 0xf9, 0x9, 0xfa, 0xfc,
    0x10, 0x0, 0x2, 0xdf, 0xa4, 0xf8, 0xa, 0xf1,
    0xaf, 0xd1, 0x0, 0x1e, 0xfa, 0x6, 0xf6, 0xc,
    0xf0, 0xb, 0xfe, 0x0, 0xb, 0x80, 0x8, 0xf5,
    0xd, 0xe0, 0x0, 0xa8, 0x0, 0x0, 0x0, 0x9,
    0xf3, 0xf, 0xd0, 0x0, 0x0, 0x0,

    /* U+5185 "内" */
    0x0, 0x0, 0x0, 0x0, 0x7f, 0x70, 0x0, 0x0,
    0x0, 0x0, 0x0, 0x0, 0x9f, 0x50, 0x0, 0x0,
    0x0, 0x0, 0x0, 0x0, 0xbf, 0x40, 0x0, 0x0,
    0x0, 0x3a, 0xaa, 0xaa, 0xef, 0xba, 0xa9, 0x70,
    0x0, 0x7f, 0xff, 0xff, 0xff, 0xff, 0xff, 0xf5,
    0x0, 0x9f, 0x72, 0x23, 0xff, 0x22, 0x2a, 0xf5,
    0x0, 0xaf, 0x40, 0x2, 0xfc, 0x0, 0xa, 0xf4,
    0x0, 0xcf, 0x20, 0x5, 0xfa, 0x0, 0xc, 0xf2,
    0x0, 0xef, 0x0, 0x9, 0xfa, 0x0, 0xe, 0xf0,
    0x0, 0xff, 0x0, 0xd, 0xff, 0x20, 0xf, 0xf0,
    0x1, 0xfd, 0x0, 0x3f, 0xff, 0x90, 0x1f, 0xd0,
    0x3, 0xfb, 0x0, 0xaf, 0x8f, 0xf1, 0x3f, 0xb0,
    0x4, 0xfa, 0x4, 0xfe, 0x19, 0xf6, 0x4f, 0xa0,
    0x6, 0xf8, 0x1e, 0xf7, 0x2, 0xfc, 0x6f, 0x80,
    0x7, 0xf7, 0xcf, 0xc0, 0x0, 0xdf, 0x9f, 0x70,
    0x9, 0xf8, 0xfe, 0x10, 0x0, 0x55, 0x9f, 0x50,
    0xb, 0xf3, 0x53, 0x0, 0x0, 0x0, 0xbf, 0x30,
    0xc, 0xf2, 0x0, 0x0, 0x10, 0x0, 0xdf, 0x10,
    0xe, 0xf0, 0x0, 0x8, 0xf4, 0x0, 0xff, 0x0,
    0xf, 0xe0, 0x0, 0x7, 0xfb, 0x8, 0xfb, 0x0,
    0x1f, 0xd0, 0x0, 0x1, 0xef, 0xff, 0xf4, 0x0,
    0x3f, 0xa0, 0x0, 0x0, 0x2b, 0xfd, 0x50, 0x0,

    /* U+518C "册" */
    0x0, 0x1, 0xff, 0xff, 0xb0, 0x4f, 0xff, 0xfc,
    0x10, 0x0, 0x3f, 0xdb, 0xef, 0x45, 0xfd, 0xbe,
    0xf5, 0x0, 0x4, 0xf7, 0xa, 0xf3, 0x7f, 0x50,
    0xaf, 0x40, 0x0, 0x5f, 0x60, 0xcf, 0x18, 0xf4,
    0xb, 0xf2, 0x0, 0x7, 0xf5, 0xd, 0xf0, 0xaf,
    0x20, 0xdf, 0x10, 0x0, 0x8f, 0x30, 0xef, 0xb,
    0xf1, 0xe, 0xf0, 0x0, 0xa, 0xf2, 0xf, 0xd0,
    0xdf, 0x0, 0xfd, 0x0, 0x0, 0xbf, 0x11, 0xfc,
    0xe, 0xe0, 0x1f, 0xc0, 0x0, 0x1d, 0xf1, 0x3f,
    0xb1, 0xfd, 0x14, 0xfb, 0x0, 0x7f, 0xff, 0xff,
    0xff, 0xff, 0xff, 0xff, 0xfe, 0x6, 0xcf, 0xec,
    0xdf, 0xdd, 0xfe, 0xcd, 0xfd, 0xa0, 0x2, 0xfa,
    0x7, 0xf6, 0x5f, 0x70, 0x8f, 0x60, 0x0, 0x5f,
    0x70, 0x9f, 0x47, 0xf5, 0x9, 0xf4, 0x0, 0x8,
    0xf4, 0xa, 0xf3, 0xaf, 0x20, 0xbf, 0x20, 0x0,
    0xcf, 0x10, 0xcf, 0x1d, 0xf0, 0xd, 0xf1, 0x0,
    0xf, 0xd0, 0xd, 0xf1, 0xfc, 0x0, 0xef, 0x0,
    0x5, 0xf8, 0x0, 0xfe, 0x5f, 0x70, 0xf, 0xd0,
    0x0, 0xaf, 0x40, 0xf, 0xda, 0xf3, 0x2, 0xfc,
    0x0, 0x1f, 0xe4, 0x62, 0xfb, 0xfe, 0x56, 0x3f,
    0xa0, 0x7, 0xf8, 0x8f, 0xdf, 0xcf, 0x9a, 0xfd,
    0xf6, 0x0, 0x4d, 0x11, 0xcf, 0xa2, 0x83, 0x1c,
    0xfa, 0x0, 0x0, 0x0, 0x0, 0x0, 0x0, 0x0,
    0x0, 0x0, 0x0,

    /* U+5199 "写" */
    0x0, 0xef, 0xff, 0xff, 0xff, 0xff, 0xff, 0xf7,
    0x0, 0xf, 0xff, 0xff, 0xff, 0xff, 0xff, 0xff,
    0xe0, 0x1, 0xfe, 0x0, 0x0, 0x0, 0x0, 0x2,
    0xfe, 0x0, 0x3f, 0xd2, 0x75, 0x0, 0x0, 0x0,
    0x4f, 0xc0, 0x2, 0x75, 0x7f, 0x80, 0x0, 0x0,
    0x2, 0x75, 0x0, 0x0, 0xb, 0xf5, 0x0, 0x0,
    0x0, 0x0, 0x0, 0x0, 0x0, 0xef, 0xff, 0xff,
    0xff, 0xf4, 0x0, 0x0, 0x0, 0x2f, 0xfc, 0xcc,
    0xcc, 0xcc, 0x20, 0x0, 0x0, 0x6, 0xf9, 0x0,
    0x0, 0x0, 0x0, 0x0, 0x0, 0x0, 0x9f, 0x60,
    0x0, 0x0, 0x0, 0x0, 0x0, 0x0, 0xd, 0xff,
    0xff, 0xff, 0xff, 0xf5, 0x0, 0x0, 0x0, 0xcc,
    0xcc, 0xcc, 0xcc, 0xdf, 0xd0, 0x0, 0x0, 0x0,
    0x0, 0x0, 0x0, 0x4, 0xfc, 0x0, 0x1, 0x33,
    0x33, 0x33, 0x33, 0x31, 0x6f, 0xa0, 0x0, 0x8f,
    0xff, 0xff, 0xff, 0xff, 0x48, 0xf8, 0x0, 0x6,
    0xbb, 0xbb, 0xbb, 0xbb, 0xb2, 0x9f, 0x60, 0x0,
    0x0, 0x0, 0x0, 0x0, 0x0, 0xb, 0xf4, 0x0,
    0x0, 0x0, 0x0, 0x3d, 0xa0, 0x0, 0xef, 0x10,
    0x0, 0x0, 0x0, 0x1, 0xff, 0x40, 0x8f, 0xd0,
    0x0, 0x0, 0x0, 0x0, 0x8, 0xff, 0xff, 0xf4,
    0x0, 0x0, 0x0, 0x0, 0x0, 0x7, 0xdf, 0xd5,
    0x0, 0x0, 0x0,

    /* U+51B2 "冲" */
    0x0, 0x0, 0x11, 0x0, 0x0, 0x8, 0xf6, 0x0,
    0x0, 0x0, 0x7f, 0x70, 0x0, 0x0, 0x9f, 0x50,
    0x0, 0x0, 0x6, 0xf9, 0x0, 0x0, 0xb, 0xf3,
    0x0, 0x0, 0x0, 0x4f, 0xb0, 0x0, 0x0, 0xcf,
    0x20, 0x0, 0x0, 0x2, 0xfd, 0x9, 0xcc, 0xcf,
    0xfc, 0xca, 0x30, 0x0, 0x1f, 0xe0, 0xef, 0xff,
    0xff, 0xff, 0xfb, 0x0, 0x0, 0xff, 0xf, 0xe2,
    0x3f, 0xd2, 0x5f, 0xb0, 0x0, 0xf, 0xf2, 0xfc,
    0x3, 0xfb, 0x4, 0xf9, 0x0, 0x0, 0x75, 0x3f,
    0xb0, 0x4f, 0xa0, 0x6f, 0x80, 0x0, 0x0, 0x4,
    0xf9, 0x6, 0xf8, 0x8, 0xf6, 0x0, 0x0, 0x73,
    0x6f, 0x70, 0x8f, 0x60, 0x9f, 0x40, 0x0, 0x4f,
    0xc8, 0xf6, 0x9, 0xf5, 0xb, 0xf3, 0x0, 0x9,
    0xf8, 0x9f, 0x50, 0xbf, 0x40, 0xdf, 0x10, 0x0,
    0xdf, 0x4b, 0xff, 0xff, 0xff, 0xff, 0xf0, 0x0,
    0x2f, 0xf0, 0xbd, 0xdd, 0xff, 0xdd, 0xdc, 0x0,
    0x7, 0xfa, 0x0, 0x0, 0xf, 0xe0, 0x0, 0x0,
    0x0, 0xdf, 0x40, 0x0, 0x2, 0xfc, 0x0, 0x0,
    0x0, 0x3f, 0xe0, 0x0, 0x0, 0x3f, 0xb0, 0x0,
    0x0, 0xb, 0xf8, 0x0, 0x0, 0x5, 0xf9, 0x0,
    0x0, 0x2, 0xff, 0x10, 0x0, 0x0, 0x7f, 0x70,
    0x0, 0x0, 0x5, 0x70, 0x0, 0x0, 0x8, 0xf6,
    0x0, 0x0, 0x0, 0x0, 0x0, 0x0, 0x0, 0xaf,
    0x40, 0x0, 0x0,

    /* U+51C6 "准" */
    0x0, 0x4, 0x40, 0x0, 0xa, 0x50, 0x76, 0x0,
    0x0, 0x3, 0xfb, 0x0, 0x3, 0xfa, 0xe, 0xe0,
    0x0, 0x0, 0x1f, 0xd0, 0x0, 0x7f, 0x60, 0xaf,
    0x20, 0x0, 0x0, 0xff, 0x0, 0xd, 0xf1, 0x5,
    0x71, 0x0, 0x0, 0xd, 0xf1, 0x4, 0xff, 0xcc,
    0xcc, 0xcc, 0x60, 0x0, 0xcf, 0x20, 0xbf, 0xff,
    0xff, 0xff, 0xf7, 0x0, 0xb, 0xf3, 0x3f, 0xf4,
    0x16, 0xf8, 0x11, 0x0, 0x0, 0x68, 0x1c, 0xff,
    0x10, 0x7f, 0x60, 0x0, 0x0, 0x0, 0x8, 0xff,
    0xf0, 0x8, 0xf4, 0x0, 0x0, 0x0, 0x1, 0xff,
    0xff, 0xcc, 0xef, 0xdc, 0xc0, 0x0, 0x0, 0x7,
    0x6f, 0xff, 0xff, 0xff, 0xfc, 0x0, 0x0, 0x67,
    0x12, 0xfb, 0x0, 0xdf, 0x0, 0x0, 0x0, 0xe,
    0xf2, 0x4f, 0x90, 0xf, 0xe0, 0x0, 0x0, 0x2,
    0xfe, 0x6, 0xf7, 0x1, 0xfc, 0x0, 0x0, 0x0,
    0x7f, 0xa0, 0x7f, 0xff, 0xff, 0xff, 0xf6, 0x0,
    0xc, 0xf4, 0x9, 0xfc, 0xbd, 0xfd, 0xbb, 0x30,
    0x1, 0xff, 0x0, 0xbf, 0x20, 0x6f, 0x70, 0x0,
    0x0, 0x7f, 0x90, 0xc, 0xf1, 0x7, 0xf5, 0x0,
    0x0, 0xe, 0xf3, 0x0, 0xef, 0x0, 0x9f, 0x40,
    0x0, 0x6, 0xfc, 0x0, 0xf, 0xff, 0xff, 0xff,
    0xff, 0x80, 0xaf, 0x40, 0x1, 0xff, 0xcc, 0xcc,
    0xcc, 0xc5, 0x0, 0x40, 0x0, 0x3f, 0xa0, 0x0,
    0x0, 0x0, 0x0,

    /* U+51CF "减" */
    0x0, 0x0, 0x0, 0x0, 0x0, 0x0, 0x6f, 0x57,
    0x50, 0x0, 0xe, 0xb0, 0x0, 0x0, 0x0, 0x7f,
    0x3e, 0xc0, 0x0, 0xe, 0xd0, 0x0, 0x0, 0x0,
    0x9f, 0x19, 0xf1, 0x0, 0xc, 0xe0, 0x0, 0x0,
    0x0, 0xaf, 0x14, 0x60, 0x0, 0xa, 0xf0, 0xff,
    0xff, 0xff, 0xff, 0xff, 0xf0, 0x0, 0xa, 0xf2,
    0xfe, 0xbb, 0xbb, 0xff, 0xbb, 0xa0, 0x0, 0x9,
    0xf4, 0xf8, 0x0, 0x0, 0xec, 0x0, 0x0, 0x0,
    0x8, 0xe6, 0xf8, 0xaa, 0xa6, 0xfb, 0x0, 0x0,
    0x0, 0x0, 0x4, 0xf8, 0xff, 0xf8, 0xfa, 0x3e,
    0x40, 0x0, 0x0, 0x5, 0xf4, 0x0, 0x1, 0xf9,
    0x5f, 0x20, 0x0, 0x4, 0x37, 0xf5, 0x99, 0x82,
    0xf9, 0x9f, 0x0, 0x0, 0xe, 0xe9, 0xf7, 0xff,
    0xf7, 0xf8, 0xdb, 0x0, 0x0, 0x2f, 0xaa, 0xf8,
    0xf3, 0xf6, 0xfa, 0xf7, 0x0, 0x0, 0x6f, 0x6c,
    0xd9, 0xd4, 0xf5, 0xfe, 0xf1, 0x0, 0x0, 0x9f,
    0x3f, 0xab, 0xb5, 0xf3, 0xff, 0xb0, 0x0, 0x0,
    0xdf, 0x3f, 0x8d, 0xa7, 0xf2, 0xff, 0x40, 0x0,
    0x2, 0xfb, 0x7f, 0x4e, 0xff, 0xe2, 0xfc, 0x3f,
    0x50, 0x7, 0xf5, 0xbf, 0x1f, 0xb9, 0x7a, 0xf8,
    0x4f, 0x40, 0xd, 0xf1, 0xfd, 0x1c, 0x30, 0x7f,
    0xfa, 0x6f, 0x10, 0x4f, 0x95, 0xf7, 0x0, 0x8,
    0xf8, 0xcd, 0x9e, 0x0, 0x7, 0x2b, 0xf2, 0x0,
    0xaf, 0x90, 0x8f, 0xfa, 0x0, 0x0, 0xa, 0xb0,
    0x0, 0x47, 0x0, 0x1d, 0xd2, 0x0,

    /* U+51E0 "几" */
    0x0, 0x0, 0x1, 0xff, 0xff, 0xff, 0xfa, 0x0,
    0x0, 0x0, 0x0, 0x2f, 0xff, 0xff, 0xff, 0xf1,
    0x0, 0x0, 0x0, 0x4, 0xfb, 0x0, 0x0, 0xff,
    0x0, 0x0, 0x0, 0x0, 0x6f, 0x90, 0x0, 0x3f,
    0xd0, 0x0, 0x0, 0x0, 0x8, 0xf7, 0x0, 0x5,
    0xfb, 0x0, 0x0, 0x0, 0x0, 0xaf, 0x50, 0x0,
    0x7f, 0x90, 0x0, 0x0, 0x0, 0xb, 0xf3, 0x0,
    0x8, 0xf7, 0x0, 0x0, 0x0, 0x0, 0xef, 0x10,
    0x0, 0xaf, 0x60, 0x0, 0x0, 0x0, 0xf, 0xf0,
    0x0, 0xc, 0xf4, 0x0, 0x0, 0x0, 0x3, 0xfc,
    0x0, 0x0, 0xdf, 0x20, 0x0, 0x0, 0x0, 0x5f,
    0xa0, 0x0, 0xf, 0xf1, 0x0, 0x0, 0x0, 0xa,
    0xf7, 0x0, 0x0, 0xff, 0x0, 0x0, 0x0, 0x0,
    0xef, 0x30, 0x0, 0x1f, 0xe0, 0x0, 0x0, 0x0,
    0x2f, 0xe0, 0x0, 0x3, 0xfd, 0x0, 0x0, 0x0,
    0x7, 0xfa, 0x0, 0x0, 0x4f, 0xc0, 0x3, 0x0,
    0x0, 0xdf, 0x40, 0x0, 0x5, 0xfb, 0x3, 0xf9,
    0x0, 0x5f, 0xe0, 0x0, 0x0, 0x5f, 0xa0, 0x5f,
    0x70, 0xe, 0xf6, 0x0, 0x0, 0x4, 0xfb, 0x8,
    0xf5, 0xa, 0xfd, 0x0, 0x0, 0x0, 0x1f, 0xf4,
    0xef, 0x13, 0xff, 0x30, 0x0, 0x0, 0x0, 0xbf,
    0xff, 0xa0, 0x6, 0x60, 0x0, 0x0, 0x0, 0x1,
    0xbf, 0xb1, 0x0,

    /* U+51FA "出" */
    0x0, 0x0, 0x0, 0x0, 0x8f, 0x70, 0x0, 0x0,
    0x0, 0x0, 0x0, 0x0, 0xaf, 0x60, 0x0, 0x0,
    0x0, 0xd, 0xf2, 0x0, 0xcf, 0x40, 0x7, 0xf7,
    0x0, 0xf, 0xf0, 0x0, 0xdf, 0x20, 0x9, 0xf6,
    0x0, 0x1f, 0xe0, 0x0, 0xff, 0x10, 0xb, 0xf4,
    0x0, 0x3f, 0xc0, 0x0, 0xff, 0x0, 0xd, 0xf3,
    0x0, 0x5f, 0xa0, 0x2, 0xfe, 0x0, 0xf, 0xf1,
    0x0, 0x6f, 0x90, 0x4, 0xfc, 0x0, 0xf, 0xf0,
    0x0, 0x8f, 0xed, 0xde, 0xff, 0xdd, 0xdf, 0xe0,
    0x0, 0xaf, 0xff, 0xff, 0xff, 0xff, 0xff, 0xc0,
    0x0, 0x0, 0x0, 0x9, 0xf7, 0x0, 0x0, 0x0,
    0x0, 0x0, 0x0, 0xa, 0xf5, 0x0, 0x0, 0x0,
    0x1, 0x10, 0x0, 0xc, 0xf4, 0x0, 0x1, 0x10,
    0xc, 0xf2, 0x0, 0xd, 0xf2, 0x0, 0xf, 0xf0,
    0xe, 0xf1, 0x0, 0xf, 0xf1, 0x0, 0x2f, 0xd0,
    0xf, 0xf0, 0x0, 0x1f, 0xf0, 0x0, 0x4f, 0xb0,
    0x1f, 0xd0, 0x0, 0x2f, 0xd0, 0x0, 0x5f, 0xa0,
    0x3f, 0xb0, 0x0, 0x4f, 0xc0, 0x0, 0x7f, 0x80,
    0x5f, 0xa0, 0x0, 0x5f, 0xa0, 0x0, 0x9f, 0x60,
    0x7f, 0x80, 0x0, 0x7f, 0x80, 0x0, 0xbf, 0x50,
    0x8f, 0xff, 0xff, 0xff, 0xff, 0xff, 0xff, 0x30,
    0xaf, 0xff, 0xff, 0xff, 0xff, 0xff, 0xff, 0x10,

    /* U+51FB "击" */
    0x0, 0x0, 0x0, 0xb, 0xf5, 0x0, 0x0, 0x0,
    0x0, 0x0, 0x0, 0xcf, 0x30, 0x0, 0x0, 0x0,
    0x0, 0x0, 0xe, 0xf2, 0x0, 0x0, 0x0, 0x3f,
    0xff, 0xff, 0xff, 0xff, 0xff, 0xf7, 0x5, 0xff,
    0xff, 0xff, 0xff, 0xff, 0xff, 0x60, 0x0, 0x0,
    0x3, 0xfd, 0x0, 0x0, 0x0, 0x0, 0x0, 0x0,
    0x4f, 0xb0, 0x0, 0x0, 0x0, 0x0, 0x0, 0x6,
    0xf9, 0x0, 0x0, 0x0, 0x14, 0x44, 0x44, 0xaf,
    0xa4, 0x44, 0x44, 0x17, 0xff, 0xff, 0xff, 0xff,
    0xff, 0xff, 0xf5, 0x6b, 0xbb, 0xbb, 0xef, 0xcb,
    0xbb, 0xbb, 0x30, 0x0, 0x0, 0xd, 0xf3, 0x0,
    0x0, 0x0, 0x0, 0x0, 0x0, 0xef, 0x10, 0x0,
    0x0, 0x0, 0x33, 0x0, 0xf, 0xf0, 0x0, 0x33,
    0x0, 0x1f, 0xf0, 0x1, 0xfe, 0x0, 0xf, 0xf0,
    0x3, 0xfd, 0x0, 0x3f, 0xd0, 0x2, 0xfe, 0x0,
    0x5f, 0xb0, 0x4, 0xfb, 0x0, 0x3f, 0xd0, 0x6,
    0xfa, 0x0, 0x6f, 0xa0, 0x5, 0xfb, 0x0, 0x8f,
    0x80, 0x8, 0xf8, 0x0, 0x7f, 0x90, 0xa, 0xf6,
    0x0, 0x9f, 0x60, 0x9, 0xf7, 0x0, 0xbf, 0xff,
    0xff, 0xff, 0xff, 0xff, 0x60, 0xd, 0xff, 0xff,
    0xff, 0xff, 0xff, 0xf4, 0x0,

    /* U+51FD "函" */
    0x0, 0x0, 0xcf, 0xff, 0xff, 0xff, 0xfd, 0x10,
    0x0, 0x0, 0xbd, 0xdd, 0xdd, 0xdf, 0xff, 0x20,
    0x0, 0x0, 0x0, 0x0, 0x0, 0x9f, 0xf4, 0x0,
    0x0, 0x0, 0x0, 0x0, 0x3d, 0xfd, 0x20, 0x0,
    0x0, 0x0, 0x0, 0x0, 0xff, 0xb1, 0x0, 0x0,
    0x2, 0xea, 0x4a, 0x1, 0xfb, 0x2, 0x81, 0xec,
    0x3, 0xf9, 0x6f, 0x42, 0xf9, 0x9, 0xf3, 0xfb,
    0x5, 0xf7, 0x1f, 0xa4, 0xf7, 0x2f, 0xa3, 0xfa,
    0x7, 0xf5, 0xc, 0xaa, 0xf6, 0xbf, 0x25, 0xf8,
    0x9, 0xf4, 0x0, 0x6f, 0xfc, 0x15, 0x7, 0xf6,
    0xa, 0xf2, 0x3, 0xff, 0xff, 0x50, 0x8, 0xf4,
    0xc, 0xf0, 0x3e, 0xec, 0xfd, 0xe0, 0xa, 0xf3,
    0xe, 0xe4, 0xff, 0x3c, 0xf4, 0xf8, 0xc, 0xf1,
    0xf, 0xef, 0xf4, 0xe, 0xd0, 0xbf, 0x1e, 0xf0,
    0x1f, 0xb6, 0x31, 0xf, 0xb0, 0x3f, 0x8f, 0xd0,
    0x3f, 0xa1, 0xfa, 0x5f, 0x80, 0x7, 0x2f, 0xc0,
    0x5f, 0x80, 0xcf, 0xff, 0x20, 0x0, 0x3f, 0xa0,
    0x6f, 0x70, 0x18, 0xa4, 0x0, 0x0, 0x5f, 0x80,
    0x8f, 0x50, 0x0, 0x0, 0x0, 0x0, 0x7f, 0x60,
    0xaf, 0xdc, 0xcc, 0xcc, 0xcc, 0xcc, 0xef, 0x50,
    0xbf, 0xff, 0xff, 0xff, 0xff, 0xff, 0xff, 0x30,

    /* U+5206 "分" */
    0x0, 0x0, 0x0, 0x40, 0x0, 0x15, 0x0, 0x0,
    0x0, 0x0, 0x0, 0x4f, 0xe0, 0xe, 0xf2, 0x0,
    0x0, 0x0, 0x0, 0xa, 0xf9, 0x0, 0xaf, 0x60,
    0x0, 0x0, 0x0, 0x1, 0xff, 0x30, 0x6, 0xfc,
    0x0, 0x0, 0x0, 0x0, 0x9f, 0xc0, 0x0, 0x1f,
    0xf2, 0x0, 0x0, 0x0, 0x2f, 0xf4, 0x0, 0x0,
    0xaf, 0x90, 0x0, 0x0, 0xc, 0xfb, 0x0, 0x0,
    0x3, 0xff, 0x20, 0x0, 0x9, 0xff, 0x10, 0x0,
    0x0, 0xa, 0xfb, 0x0, 0x9, 0xff, 0x60, 0x0,
    0x0, 0x0, 0x2f, 0xf7, 0x2, 0xff, 0x8e, 0xff,
    0xff, 0xff, 0xfc, 0x7f, 0xf2, 0x5, 0x80, 0xee,
    0xff, 0xfe, 0xef, 0xf4, 0xb6, 0x0, 0x0, 0x0,
    0x8, 0xf7, 0x0, 0xdf, 0x30, 0x0, 0x0, 0x0,
    0x0, 0xdf, 0x30, 0xf, 0xf0, 0x0, 0x0, 0x0,
    0x0, 0x2f, 0xe0, 0x2, 0xfe, 0x0, 0x0, 0x0,
    0x0, 0x9, 0xf9, 0x0, 0x4f, 0xc0, 0x0, 0x0,
    0x0, 0x2, 0xff, 0x20, 0x6, 0xfa, 0x0, 0x0,
    0x0, 0x0, 0xbf, 0xa0, 0x0, 0x8f, 0x70, 0x0,
    0x0, 0x0, 0x7f, 0xe1, 0x0, 0xa, 0xf5, 0x0,
    0x0, 0x0, 0x6f, 0xf5, 0x1, 0x0, 0xdf, 0x20,
    0x0, 0x0, 0x8f, 0xf7, 0xd, 0xf2, 0x4f, 0xe0,
    0x0, 0x0, 0x7f, 0xf7, 0x0, 0xaf, 0xff, 0xf7,
    0x0, 0x0, 0x0, 0xb4, 0x0, 0x1, 0xaf, 0xe8,
    0x0, 0x0, 0x0,

    /* U+5207 "切" */
    0x0, 0xa, 0xf3, 0x0, 0x0, 0x0, 0x0, 0x0,
    0x0, 0xc, 0xf1, 0x3c, 0xcc, 0xcc, 0xcb, 0x60,
    0x0, 0xe, 0xf0, 0x5f, 0xff, 0xff, 0xff, 0xf1,
    0x0, 0xf, 0xe0, 0x13, 0x3f, 0xe3, 0x3e, 0xf1,
    0x0, 0x1f, 0xc0, 0x0, 0x2f, 0xc0, 0xf, 0xf0,
    0x1, 0x5f, 0xd5, 0x50, 0x3f, 0xb0, 0x1f, 0xe0,
    0x4f, 0xff, 0xff, 0xb0, 0x5f, 0x90, 0x2f, 0xd0,
    0x3d, 0xdf, 0xc8, 0x50, 0x8f, 0x70, 0x4f, 0xb0,
    0x0, 0x8f, 0x60, 0x0, 0xaf, 0x50, 0x6f, 0x90,
    0x0, 0x9f, 0x40, 0x0, 0xdf, 0x20, 0x7f, 0x80,
    0x0, 0xbf, 0x30, 0x1, 0xff, 0x0, 0x9f, 0x60,
    0x0, 0xcf, 0x10, 0x4, 0xfb, 0x0, 0xaf, 0x50,
    0x0, 0xef, 0x0, 0x8, 0xf7, 0x0, 0xcf, 0x30,
    0x0, 0xfe, 0x6a, 0xd, 0xf3, 0x0, 0xef, 0x20,
    0x1, 0xff, 0xfe, 0x4f, 0xe0, 0x0, 0xff, 0x0,
    0x3, 0xff, 0xe2, 0xaf, 0x80, 0x1, 0xfe, 0x0,
    0x2c, 0xfd, 0x22, 0xff, 0x10, 0x2, 0xfd, 0x0,
    0xcf, 0xb1, 0xb, 0xf9, 0x0, 0x4, 0xfb, 0x0,
    0x39, 0x0, 0x5f, 0xe2, 0xeb, 0x6, 0xf9, 0x0,
    0x0, 0x3, 0xff, 0x50, 0xee, 0x1c, 0xf5, 0x0,
    0x0, 0xe, 0xf9, 0x0, 0x8f, 0xff, 0xe0, 0x0,
    0x0, 0x5, 0xb0, 0x0, 0x9, 0xed, 0x40, 0x0,
    0x0, 0x0, 0x0, 0x0, 0x0, 0x0, 0x0, 0x0,

    /* U+5217 "列" */
    0x0, 0x0, 0x0, 0x0, 0x0, 0x0, 0x0, 0xa,
    0xf5, 0x0, 0xe, 0xff, 0xff, 0xff, 0xf2, 0x54,
    0xc, 0xf3, 0x0, 0xc, 0xcf, 0xfd, 0xcc, 0xc1,
    0xfd, 0xd, 0xf1, 0x0, 0x0, 0xe, 0xf0, 0x0,
    0x2, 0xfb, 0xf, 0xf0, 0x0, 0x0, 0x1f, 0xd0,
    0x0, 0x4, 0xf9, 0xf, 0xe0, 0x0, 0x0, 0x5f,
    0xfd, 0xd8, 0x6, 0xf8, 0x2f, 0xd0, 0x0, 0x0,
    0xaf, 0xff, 0xff, 0x28, 0xf6, 0x4f, 0xb0, 0x0,
    0x1, 0xff, 0x22, 0xdf, 0x19, 0xf4, 0x5f, 0x90,
    0x0, 0x8, 0xf9, 0x1, 0xfe, 0xb, 0xf3, 0x7f,
    0x80, 0x0, 0x1f, 0xf3, 0x5, 0xfa, 0xd, 0xf1,
    0x9f, 0x60, 0x0, 0xaf, 0xfd, 0x1a, 0xf5, 0xf,
    0xf0, 0xaf, 0x40, 0x5, 0xfe, 0x8f, 0xcf, 0xf1,
    0xf, 0xe0, 0xcf, 0x30, 0x3, 0xf4, 0x9, 0xff,
    0xb0, 0x2f, 0xc0, 0xef, 0x10, 0x0, 0x10, 0x1,
    0xff, 0x40, 0x4f, 0xa0, 0xff, 0x0, 0x0, 0x0,
    0x9, 0xfc, 0x0, 0x5f, 0x81, 0xfe, 0x0, 0x0,
    0x0, 0x3f, 0xf3, 0x0, 0x7f, 0x72, 0xfc, 0x0,
    0x0, 0x0, 0xdf, 0xa0, 0x0, 0x12, 0x4, 0xfb,
    0x0, 0x0, 0xb, 0xfe, 0x10, 0x0, 0x0, 0x6,
    0xf9, 0x0, 0x0, 0x9f, 0xf3, 0x0, 0x2, 0x74,
    0x8, 0xf7, 0x0, 0x8, 0xff, 0x50, 0x0, 0x4,
    0xfc, 0xc, 0xf4, 0x0, 0x4f, 0xf6, 0x0, 0x0,
    0x0, 0xdf, 0xff, 0xe0, 0x0, 0xb, 0x60, 0x0,
    0x0, 0x0, 0x2c, 0xfd, 0x30, 0x0, 0x0, 0x0,
    0x0, 0x0, 0x0, 0x0, 0x0, 0x0, 0x0,

    /* U+521B "创" */
    0x0, 0x0, 0x5, 0xb2, 0x0, 0x0, 0x0, 0x9f,
    0x50, 0x0, 0x0, 0xdf, 0x40, 0x0, 0x0, 0xa,
    0xf3, 0x0, 0x0, 0x4f, 0xf7, 0x0, 0x9, 0xd0,
    0xcf, 0x10, 0x0, 0xd, 0xff, 0xf3, 0x0, 0xdf,
    0xe, 0xf0, 0x0, 0x7, 0xfc, 0x5f, 0xd0, 0xe,
    0xd0, 0xfe, 0x0, 0x3, 0xff, 0x30, 0xaf, 0x80,
    0xfc, 0x1f, 0xd0, 0x1, 0xdf, 0x70, 0x1, 0xff,
    0x3f, 0xa2, 0xfb, 0x0, 0xcf, 0xe6, 0x66, 0x56,
    0x23, 0xf8, 0x4f, 0x90, 0x6f, 0xff, 0xff, 0xff,
    0xb0, 0x5f, 0x66, 0xf8, 0x0, 0x98, 0xf9, 0x66,
    0xfc, 0x7, 0xf5, 0x7f, 0x60, 0x0, 0x8f, 0x30,
    0xf, 0xb0, 0x8f, 0x39, 0xf4, 0x0, 0xa, 0xf2,
    0x2, 0xf9, 0xa, 0xf1, 0xbf, 0x30, 0x0, 0xcf,
    0x0, 0x4f, 0x70, 0xcf, 0xc, 0xf1, 0x0, 0xd,
    0xe0, 0x5b, 0xf5, 0xd, 0xe0, 0xef, 0x0, 0x0,
    0xfd, 0xd, 0xfe, 0x0, 0xfc, 0xf, 0xe0, 0x0,
    0xf, 0xb0, 0x66, 0x10, 0x1f, 0xa1, 0xfc, 0x0,
    0x2, 0xf9, 0x0, 0x2, 0x10, 0x32, 0x3f, 0xb0,
    0x0, 0x3f, 0x80, 0x0, 0xbe, 0x0, 0x4, 0xf9,
    0x0, 0x4, 0xf9, 0x0, 0xf, 0xa2, 0x60, 0x6f,
    0x70, 0x0, 0x2f, 0xe1, 0xa, 0xf4, 0x9f, 0x2b,
    0xf4, 0x0, 0x0, 0xbf, 0xfe, 0xfb, 0x4, 0xff,
    0xfe, 0x0, 0x0, 0x1, 0xaf, 0xe9, 0x0, 0x8,
    0xed, 0x30, 0x0,

    /* U+521D "初" */
    0x0, 0x0, 0x3f, 0xb0, 0x0, 0x0, 0x0, 0x0,
    0x0, 0x0, 0x5, 0xf9, 0x2, 0x99, 0x99, 0x99,
    0x70, 0x0, 0x0, 0x6f, 0x80, 0x5f, 0xff, 0xff,
    0xff, 0x70, 0x2, 0xde, 0xfe, 0x63, 0x9d, 0xfb,
    0x9c, 0xf8, 0x0, 0x4f, 0xff, 0xfe, 0x0, 0xaf,
    0x40, 0x8f, 0x60, 0x0, 0x0, 0x5f, 0xa0, 0xc,
    0xf3, 0xa, 0xf5, 0x0, 0x0, 0xc, 0xf3, 0x0,
    0xef, 0x10, 0xcf, 0x30, 0x0, 0x4, 0xfb, 0x0,
    0xf, 0xf0, 0xd, 0xf1, 0x0, 0x0, 0xdf, 0x31,
    0x1, 0xfd, 0x0, 0xff, 0x0, 0x0, 0x7f, 0xc6,
    0xe1, 0x3f, 0xc0, 0x1f, 0xe0, 0x0, 0x3f, 0xfd,
    0xe9, 0x6, 0xf9, 0x2, 0xfd, 0x0, 0x1d, 0xff,
    0xff, 0x10, 0x9f, 0x60, 0x4f, 0xb0, 0xc, 0xfd,
    0xff, 0xf4, 0xc, 0xf3, 0x6, 0xf9, 0x0, 0xc9,
    0x9f, 0x7e, 0xa1, 0xff, 0x0, 0x7f, 0x80, 0x1,
    0xa, 0xf3, 0x40, 0x5f, 0xc0, 0x9, 0xf6, 0x0,
    0x0, 0xcf, 0x20, 0xb, 0xf7, 0x0, 0xbf, 0x50,
    0x0, 0xe, 0xf0, 0x1, 0xff, 0x10, 0xc, 0xf3,
    0x0, 0x0, 0xfe, 0x0, 0x9f, 0xb0, 0x0, 0xef,
    0x10, 0x0, 0x1f, 0xd0, 0x2f, 0xf7, 0xe6, 0xf,
    0xf0, 0x0, 0x3, 0xfb, 0xc, 0xfa, 0x2f, 0xa5,
    0xfc, 0x0, 0x0, 0x4f, 0x98, 0xff, 0x20, 0xdf,
    0xff, 0x60, 0x0, 0x6, 0xf8, 0x6f, 0x50, 0x2,
    0xcf, 0xa0, 0x0, 0x0, 0x0, 0x0, 0x30, 0x0,
    0x0, 0x0, 0x0, 0x0,

    /* U+5220 "删" */
    0x0, 0x4, 0xff, 0xf5, 0xaf, 0xfd, 0x0, 0x6,
    0xf2, 0x0, 0x6, 0xfa, 0xf8, 0xbe, 0xcf, 0x25,
    0x48, 0xf1, 0x0, 0x7, 0xf2, 0xf7, 0xc9, 0x7f,
    0xd, 0x9a, 0xf0, 0x0, 0x9, 0xf3, 0xf6, 0xe8,
    0x9f, 0xe, 0x8b, 0xe0, 0x0, 0xa, 0xe4, 0xf4,
    0xf7, 0xad, 0xf, 0x6d, 0xc0, 0x0, 0xc, 0xd5,
    0xf3, 0xf5, 0xcc, 0x1f, 0x5e, 0xa0, 0x0, 0xd,
    0xb7, 0xf3, 0xf4, 0xea, 0x3f, 0x3f, 0x90, 0x0,
    0xf, 0x98, 0xf3, 0xf2, 0xf9, 0x4f, 0x3f, 0x70,
    0x0, 0x1f, 0x8a, 0xe5, 0xf3, 0xf7, 0x6f, 0x4f,
    0x60, 0x6, 0xff, 0xff, 0xff, 0xff, 0xff, 0xae,
    0x5f, 0x40, 0x3, 0xaf, 0xae, 0xdc, 0xea, 0xf9,
    0xad, 0x6f, 0x30, 0x0, 0x5f, 0x3f, 0x9a, 0xc5,
    0xf2, 0xbb, 0x8f, 0x10, 0x0, 0x8f, 0x1f, 0x7c,
    0xa7, 0xf1, 0xca, 0xaf, 0x0, 0x0, 0xae, 0x2f,
    0x5e, 0x89, 0xf0, 0xe8, 0xbe, 0x0, 0x0, 0xdc,
    0x4f, 0x5f, 0x6a, 0xd0, 0xf6, 0xdc, 0x0, 0x1,
    0xf8, 0x5f, 0x6f, 0x3c, 0xc0, 0x41, 0xeb, 0x0,
    0x5, 0xf5, 0x7f, 0x7f, 0xd, 0xa0, 0x10, 0xf9,
    0x0, 0x9, 0xf1, 0x8f, 0x9d, 0xf, 0x9c, 0xb2,
    0xf7, 0x0, 0xe, 0xd0, 0xad, 0xda, 0x1f, 0x7b,
    0xd5, 0xf4, 0x0, 0x3f, 0x78, 0xfd, 0xf7, 0xdf,
    0x47, 0xff, 0xf0, 0x0, 0x2c, 0x2b, 0xe9, 0xf4,
    0xfb, 0x0, 0xbf, 0x60, 0x0, 0x0, 0x0, 0x0,
    0x20, 0x0, 0x0, 0x0, 0x0, 0x0,

    /* U+5229 "利" */
    0x0, 0x0, 0x0, 0x4, 0x8c, 0x0, 0x0, 0xa,
    0xf5, 0x0, 0x6, 0xbd, 0xff, 0xff, 0x50, 0x0,
    0xc, 0xf3, 0x0, 0x8, 0xff, 0xff, 0x62, 0x2,
    0xc9, 0xd, 0xf2, 0x0, 0x1, 0x20, 0xee, 0x0,
    0x4, 0xfa, 0xf, 0xf0, 0x0, 0x0, 0x0, 0xfd,
    0x0, 0x6, 0xf8, 0x1f, 0xe0, 0x0, 0x0, 0x1,
    0xfb, 0x0, 0x7, 0xf7, 0x2f, 0xd0, 0x0, 0x3e,
    0xee, 0xff, 0xee, 0x59, 0xf5, 0x4f, 0xb0, 0x0,
    0x4e, 0xef, 0xff, 0xee, 0x4b, 0xf3, 0x6f, 0x90,
    0x0, 0x0, 0x3f, 0xf6, 0x0, 0xc, 0xf2, 0x8f,
    0x80, 0x0, 0x0, 0xaf, 0xfb, 0x0, 0xe, 0xf0,
    0x9f, 0x60, 0x0, 0x1, 0xff, 0xff, 0x60, 0xf,
    0xe0, 0xbf, 0x40, 0x0, 0x9, 0xfc, 0xfd, 0xf1,
    0x2f, 0xd0, 0xdf, 0x20, 0x0, 0x2f, 0x8d, 0xf4,
    0xfa, 0x3f, 0xb0, 0xef, 0x10, 0x0, 0xcf, 0x1f,
    0xd0, 0xce, 0x5f, 0x90, 0xff, 0x0, 0x6, 0xf9,
    0x1f, 0xb0, 0x42, 0x7f, 0x72, 0xfd, 0x0, 0xe,
    0xe1, 0x2f, 0xa0, 0x0, 0x8f, 0x54, 0xfc, 0x0,
    0x6, 0x60, 0x4f, 0x80, 0x0, 0x0, 0x5, 0xfa,
    0x0, 0x0, 0x0, 0x6f, 0x60, 0x0, 0x43, 0x7,
    0xf8, 0x0, 0x0, 0x0, 0x7f, 0x50, 0x3, 0xfc,
    0x1c, 0xf5, 0x0, 0x0, 0x0, 0x9f, 0x30, 0x0,
    0xdf, 0xff, 0xe0, 0x0, 0x0, 0x0, 0x8c, 0x10,
    0x0, 0x2b, 0xfd, 0x30, 0x0,

    /* U+522B "别" */
    0x0, 0x1, 0x88, 0x88, 0x87, 0x20, 0x0, 0x3,
    0xfb, 0x0, 0x4, 0xff, 0xff, 0xff, 0xc0, 0x0,
    0x5, 0xfa, 0x0, 0x5, 0xfa, 0x55, 0x5f, 0xc0,
    0xaf, 0x27, 0xf8, 0x0, 0x7, 0xf6, 0x0, 0x2f,
    0xb0, 0xcf, 0x18, 0xf7, 0x0, 0x8, 0xf4, 0x0,
    0x3f, 0x90, 0xef, 0xa, 0xf5, 0x0, 0xa, 0xf3,
    0x0, 0x5f, 0x70, 0xfd, 0xc, 0xf3, 0x0, 0xb,
    0xfd, 0xcc, 0xdf, 0x61, 0xfc, 0xd, 0xf2, 0x0,
    0xc, 0xff, 0xff, 0xff, 0x43, 0xfa, 0xf, 0xf0,
    0x0, 0x0, 0xb, 0xf1, 0x0, 0x4, 0xf9, 0xf,
    0xe0, 0x0, 0x0, 0xd, 0xf0, 0x0, 0x6, 0xf7,
    0x2f, 0xd0, 0x0, 0xae, 0xef, 0xfe, 0xda, 0x7,
    0xf6, 0x4f, 0xb0, 0x0, 0xce, 0xef, 0xfe, 0xff,
    0x49, 0xf4, 0x5f, 0xa0, 0x0, 0x0, 0x4f, 0x90,
    0x8f, 0x3b, 0xf2, 0x7f, 0x80, 0x0, 0x0, 0x8f,
    0x50, 0xaf, 0x1c, 0xf1, 0x9f, 0x60, 0x0, 0x0,
    0xdf, 0x10, 0xcf, 0xe, 0xf0, 0xaf, 0x50, 0x0,
    0x4, 0xfa, 0x0, 0xee, 0xf, 0xe0, 0xcf, 0x30,
    0x0, 0xd, 0xf3, 0x0, 0xfc, 0x8, 0x60, 0xef,
    0x10, 0x0, 0x9f, 0xa0, 0x1, 0xfa, 0x0, 0x0,
    0xff, 0x0, 0x7, 0xfd, 0x4a, 0x24, 0xf8, 0x7b,
    0x25, 0xfc, 0x0, 0x6f, 0xe2, 0x4f, 0xee, 0xf3,
    0x7f, 0xff, 0xf6, 0x0, 0xb, 0x20, 0x7, 0xed,
    0x50, 0x8, 0xef, 0x90, 0x0,

    /* U+5230 "到" */
    0x0, 0x0, 0x0, 0x0, 0x0, 0x0, 0x0, 0x7f,
    0x50, 0xb, 0xff, 0xff, 0xff, 0xf5, 0x0, 0x9,
    0xf4, 0x0, 0xbe, 0xff, 0xee, 0xee, 0x3a, 0xa0,
    0xaf, 0x20, 0x0, 0xb, 0xf2, 0x0, 0x0, 0xfb,
    0xc, 0xf1, 0x0, 0x2, 0xfb, 0x19, 0x50, 0x1f,
    0xa0, 0xdf, 0x0, 0x0, 0x9f, 0x40, 0xfb, 0x3,
    0xf8, 0xf, 0xd0, 0x0, 0x2f, 0xb0, 0xc, 0xf0,
    0x5f, 0x61, 0xfc, 0x0, 0x2b, 0xfc, 0xdf, 0xff,
    0x36, 0xf5, 0x2f, 0xa0, 0x8, 0xff, 0xfe, 0xa9,
    0xf6, 0x8f, 0x34, 0xf8, 0x0, 0x37, 0x42, 0x10,
    0x9, 0x2a, 0xf1, 0x6f, 0x70, 0x0, 0x0, 0x9f,
    0x30, 0x0, 0xcf, 0x7, 0xf5, 0x0, 0x0, 0xb,
    0xf2, 0x0, 0xd, 0xe0, 0x9f, 0x40, 0x8, 0xaa,
    0xef, 0xba, 0x50, 0xfc, 0xb, 0xf2, 0x0, 0xef,
    0xff, 0xff, 0xf6, 0x1f, 0xb0, 0xcf, 0x0, 0x3,
    0x33, 0xfd, 0x33, 0x12, 0xf9, 0xe, 0xf0, 0x0,
    0x0, 0x1f, 0xb0, 0x0, 0x4f, 0x70, 0xfd, 0x0,
    0x0, 0x3, 0xf9, 0x0, 0x0, 0x0, 0x1f, 0xb0,
    0x0, 0x0, 0x5f, 0x80, 0x52, 0x14, 0x3, 0xfa,
    0x0, 0x0, 0x7, 0xfd, 0xff, 0x78, 0xf2, 0x5f,
    0x80, 0x6, 0xad, 0xff, 0xff, 0xc5, 0x6f, 0x6a,
    0xf4, 0x0, 0xaf, 0xfc, 0x95, 0x10, 0x1, 0xff,
    0xfe, 0x0, 0x3, 0x30, 0x0, 0x0, 0x0, 0x6,
    0xfe, 0x40, 0x0,

    /* U+5236 "制" */
    0x0, 0x2, 0x1, 0xfb, 0x0, 0x0, 0x0, 0x7f,
    0x50, 0x0, 0xfc, 0x3f, 0xa0, 0x0, 0x0, 0x9,
    0xf3, 0x0, 0x2f, 0x94, 0xf8, 0x0, 0x4, 0x80,
    0xaf, 0x10, 0x6, 0xfd, 0xdf, 0xdc, 0xc3, 0xaf,
    0xc, 0xf0, 0x0, 0xbf, 0xff, 0xff, 0xff, 0x3c,
    0xe0, 0xde, 0x0, 0x1f, 0xb0, 0x9f, 0x40, 0x0,
    0xdd, 0xf, 0xd0, 0x1, 0x84, 0xa, 0xf2, 0x0,
    0xf, 0xb1, 0xfb, 0x0, 0x2, 0x22, 0xcf, 0x32,
    0x21, 0xf9, 0x2f, 0x90, 0x5, 0xff, 0xff, 0xff,
    0xff, 0x2f, 0x84, 0xf8, 0x0, 0x4a, 0xaa, 0xff,
    0xaa, 0x94, 0xf6, 0x6f, 0x60, 0x0, 0x0, 0x1f,
    0xc0, 0x0, 0x6f, 0x47, 0xf4, 0x0, 0x1, 0x14,
    0xfa, 0x10, 0x7, 0xf3, 0x9f, 0x30, 0x6, 0xff,
    0xff, 0xff, 0xf3, 0x9f, 0x1b, 0xf1, 0x0, 0x8f,
    0xbc, 0xfc, 0xbf, 0x7b, 0xf0, 0xcf, 0x0, 0xa,
    0xf1, 0x8f, 0x55, 0xf5, 0xce, 0xe, 0xe0, 0x0,
    0xbf, 0x9, 0xf3, 0x7f, 0x3e, 0xc0, 0xfc, 0x0,
    0xd, 0xe0, 0xbf, 0x2a, 0xf2, 0x21, 0x1f, 0xb0,
    0x0, 0xfc, 0xd, 0xfd, 0xff, 0x16, 0x23, 0xf9,
    0x0, 0xf, 0xb0, 0xee, 0xef, 0x73, 0xf6, 0x5f,
    0x70, 0x0, 0x53, 0xf, 0xc0, 0x10, 0xf, 0x99,
    0xf4, 0x0, 0x0, 0x2, 0xfb, 0x0, 0x0, 0xcf,
    0xfe, 0x0, 0x0, 0x0, 0x3f, 0x90, 0x0, 0x2,
    0xee, 0x50, 0x0,

    /* U+5237 "刷" */
    0x0, 0x0, 0x0, 0x0, 0x0, 0x0, 0x0, 0x6,
    0xf5, 0x0, 0x9, 0xff, 0xff, 0xff, 0xe4, 0x0,
    0x8, 0xf3, 0x0, 0xb, 0xfc, 0xbb, 0xbc, 0xfa,
    0x2a, 0x4a, 0xf1, 0x0, 0xc, 0xf0, 0x0, 0x4,
    0xf9, 0x5f, 0x5b, 0xf0, 0x0, 0xe, 0xe5, 0x55,
    0x58, 0xf7, 0x7f, 0x3d, 0xe0, 0x0, 0xf, 0xff,
    0xff, 0xff, 0xf5, 0x9f, 0x1f, 0xd0, 0x0, 0x1f,
    0xd7, 0x77, 0x77, 0x72, 0xaf, 0x1f, 0xb0, 0x0,
    0x3f, 0x90, 0xa, 0xe0, 0x0, 0xce, 0x2f, 0x90,
    0x0, 0x4f, 0x73, 0x3e, 0xe2, 0x0, 0xec, 0x4f,
    0x80, 0x0, 0x6f, 0x8f, 0xff, 0xff, 0xc0, 0xfa,
    0x5f, 0x60, 0x0, 0x8f, 0x8f, 0x9f, 0xcd, 0xe1,
    0xf9, 0x7f, 0x40, 0x0, 0xaf, 0x8f, 0x3f, 0x8b,
    0xd3, 0xf7, 0x9f, 0x30, 0x0, 0xcf, 0x7f, 0x3f,
    0x6d, 0xb5, 0xf5, 0xaf, 0x10, 0x0, 0xfd, 0x9e,
    0x4f, 0x5f, 0x96, 0xf4, 0xcf, 0x0, 0x2, 0xfa,
    0xac, 0x6f, 0x4f, 0x78, 0xf2, 0xee, 0x0, 0x5,
    0xf7, 0xcb, 0x7f, 0x4f, 0x6a, 0xf1, 0xfc, 0x0,
    0x9, 0xf3, 0xe9, 0x9f, 0x4f, 0x40, 0x1, 0xfb,
    0x0, 0xc, 0xf0, 0xf7, 0xbe, 0x8f, 0x24, 0x23,
    0xf9, 0x0, 0x1f, 0xc1, 0xf6, 0xcc, 0xed, 0x1f,
    0x75, 0xf7, 0x0, 0x5f, 0x81, 0x72, 0xeb, 0x51,
    0xf, 0xa9, 0xf4, 0x0, 0xaf, 0x30, 0x0, 0xf9,
    0x0, 0xa, 0xff, 0xe0, 0x0, 0x7c, 0x0, 0x1,
    0xf7, 0x0, 0x2, 0xde, 0x50, 0x0,

    /* U+5239 "刹" */
    0x0, 0x0, 0x0, 0x0, 0x0, 0x0, 0x0, 0x0,
    0x0, 0x0, 0x0, 0x60, 0x0, 0x9, 0x40, 0x0,
    0x7, 0xf4, 0x0, 0x8, 0xf8, 0x0, 0x3f, 0xe0,
    0x0, 0x9, 0xf3, 0x0, 0x5, 0xff, 0x70, 0xdf,
    0x40, 0x5a, 0x1a, 0xf1, 0x0, 0x0, 0x4f, 0xfd,
    0xf8, 0x0, 0xaf, 0xc, 0xf0, 0x0, 0x0, 0x4,
    0xff, 0xd0, 0x0, 0xce, 0xe, 0xe0, 0x0, 0x0,
    0x2d, 0xff, 0xf6, 0x0, 0xdc, 0xf, 0xc0, 0x0,
    0x7, 0xff, 0x93, 0xff, 0x40, 0xfb, 0x1f, 0xb0,
    0x0, 0x5f, 0xf6, 0x0, 0x4f, 0xd1, 0xf9, 0x3f,
    0x90, 0x0, 0x8, 0x10, 0xdc, 0x5, 0x22, 0xf8,
    0x4f, 0x80, 0x0, 0x0, 0x0, 0xfb, 0x0, 0x4,
    0xf6, 0x6f, 0x60, 0x0, 0x5b, 0xbc, 0xfe, 0xbb,
    0x66, 0xf4, 0x8f, 0x40, 0x0, 0x9f, 0xff, 0xff,
    0xff, 0x78, 0xf3, 0x9f, 0x30, 0x0, 0x0, 0x5,
    0xf7, 0x0, 0x9, 0xf1, 0xbf, 0x10, 0x0, 0xb,
    0x66, 0xf5, 0x86, 0xb, 0xf0, 0xcf, 0x0, 0x0,
    0x4f, 0x88, 0xf3, 0xfb, 0xd, 0xe0, 0xee, 0x0,
    0x0, 0xbf, 0x2a, 0xf1, 0xdd, 0xe, 0xc0, 0xfc,
    0x0, 0x2, 0xfc, 0xb, 0xf0, 0xcf, 0x0, 0x1,
    0xfb, 0x0, 0xb, 0xf4, 0xd, 0xe0, 0x9f, 0x13,
    0x13, 0xf9, 0x0, 0x5f, 0xc0, 0xe, 0xc0, 0x7f,
    0x7f, 0x65, 0xf7, 0x0, 0x3d, 0x6d, 0x2f, 0xa0,
    0x4f, 0x6f, 0x99, 0xf4, 0x0, 0x0, 0x3f, 0xff,
    0x70, 0x1, 0xc, 0xff, 0xe0, 0x0, 0x0, 0x9,
    0xfa, 0x0, 0x0, 0x3, 0xee, 0x40, 0x0,

    /* U+524D "前" */
    0x0, 0x0, 0x1, 0x10, 0x0, 0x0, 0x10, 0x0,
    0x0, 0x0, 0x4, 0xf8, 0x0, 0x0, 0x7f, 0x80,
    0x0, 0x0, 0x0, 0xf, 0xe0, 0x0, 0xe, 0xf3,
    0x0, 0x0, 0x1, 0x11, 0xbd, 0x21, 0x19, 0xfb,
    0x11, 0x10, 0x4, 0xff, 0xff, 0xff, 0xff, 0xff,
    0xff, 0xff, 0x20, 0x3b, 0xbb, 0xbb, 0xbb, 0xbb,
    0xbb, 0xbb, 0xb0, 0x0, 0x24, 0x44, 0x42, 0x0,
    0x0, 0x6, 0x60, 0x0, 0xa, 0xff, 0xff, 0xf6,
    0x2f, 0x80, 0xfd, 0x0, 0x0, 0xce, 0x44, 0x7f,
    0x94, 0xf7, 0x1f, 0xc0, 0x0, 0xe, 0xc0, 0x5,
    0xf7, 0x5f, 0x62, 0xfa, 0x0, 0x0, 0xfd, 0x77,
    0xaf, 0x67, 0xf4, 0x4f, 0x80, 0x0, 0x1f, 0xff,
    0xff, 0xf4, 0x8f, 0x25, 0xf7, 0x0, 0x3, 0xf8,
    0x22, 0xbf, 0x2a, 0xf1, 0x7f, 0x50, 0x0, 0x4f,
    0x50, 0xb, 0xf1, 0xbf, 0x9, 0xf3, 0x0, 0x6,
    0xfb, 0xaa, 0xef, 0xd, 0xe0, 0xaf, 0x20, 0x0,
    0x8f, 0xff, 0xff, 0xe0, 0xfc, 0xc, 0xf0, 0x0,
    0x9, 0xf0, 0x0, 0xfc, 0xf, 0xb0, 0xee, 0x0,
    0x0, 0xbf, 0x0, 0x1f, 0xb0, 0x64, 0xf, 0xd0,
    0x0, 0xd, 0xd0, 0x3, 0xf9, 0x0, 0x1, 0xfb,
    0x0, 0x0, 0xec, 0x87, 0x4f, 0x73, 0xe5, 0x4f,
    0x80, 0x0, 0xf, 0xad, 0xfe, 0xf3, 0x1f, 0xfe,
    0xf3, 0x0, 0x1, 0xc7, 0x3d, 0xe8, 0x0, 0x6e,
    0xe7, 0x0, 0x0,

    /* U+5269 "剩" */
    0x0, 0x0, 0x0, 0x0, 0x0, 0x0, 0x0, 0x0,
    0x0, 0x0, 0x0, 0x1, 0x24, 0x69, 0xd8, 0x0,
    0x6, 0xf3, 0x0, 0x8, 0xff, 0xff, 0xff, 0xfa,
    0x0, 0x7, 0xf1, 0x0, 0x4, 0x98, 0xbf, 0xc8,
    0x52, 0x9, 0x69, 0xf0, 0x0, 0x0, 0x0, 0x7f,
    0x40, 0x0, 0xf, 0x8b, 0xe0, 0x0, 0x6a, 0xaa,
    0xdf, 0xba, 0xaa, 0x3f, 0x7c, 0xd0, 0x0, 0xbf,
    0xff, 0xff, 0xff, 0xff, 0x4f, 0x5e, 0xb0, 0x0,
    0x0, 0x0, 0xcf, 0x0, 0x0, 0x4f, 0x3f, 0x90,
    0x0, 0x0, 0xf8, 0xdd, 0x9d, 0x0, 0x6f, 0x3f,
    0x80, 0x0, 0x79, 0xf6, 0xfb, 0xbd, 0xa9, 0x7f,
    0x3f, 0x60, 0x0, 0xef, 0xf5, 0xfa, 0xdf, 0xf7,
    0x9e, 0x4f, 0x50, 0x0, 0x4, 0xf5, 0xf8, 0xec,
    0x20, 0xbc, 0x6f, 0x30, 0x0, 0x4d, 0xf5, 0xf7,
    0xf7, 0x66, 0xcb, 0x8f, 0x10, 0x6, 0xff, 0xf7,
    0xf5, 0xf8, 0xd8, 0xe9, 0x9f, 0x0, 0x2, 0x79,
    0xee, 0xf8, 0xcf, 0xf2, 0xf7, 0xbe, 0x0, 0x0,
    0x2, 0xaf, 0xff, 0x36, 0x21, 0xf6, 0xcd, 0x0,
    0x0, 0x2, 0xff, 0xfe, 0xa0, 0x3, 0xf4, 0xeb,
    0x0, 0x0, 0xc, 0xcc, 0xe8, 0xf2, 0x0, 0x10,
    0xfa, 0x0, 0x0, 0xaf, 0x3e, 0xc1, 0xf9, 0x2,
    0x21, 0xf8, 0x0, 0x9, 0xf8, 0xf, 0xb0, 0xaf,
    0x1e, 0x93, 0xf6, 0x0, 0x4f, 0xb0, 0x1f, 0x90,
    0x48, 0xc, 0xc7, 0xf3, 0x0, 0x8, 0x0, 0x3f,
    0x80, 0x0, 0x8, 0xff, 0xe0, 0x0, 0x0, 0x0,
    0x4f, 0x60, 0x0, 0x1, 0xdf, 0x50, 0x0, 0x0,
    0x0, 0x0, 0x0, 0x0, 0x0, 0x0, 0x0, 0x0,

    /* U+526F "副" */
    0x0, 0x0, 0x0, 0x0, 0x0, 0x0, 0x0, 0x9f,
    0x50, 0xc, 0xff, 0xff, 0xff, 0xf5, 0x34, 0xa,
    0xf3, 0x0, 0xbc, 0xcc, 0xcc, 0xcc, 0x2c, 0xf1,
    0xcf, 0x10, 0x0, 0x0, 0x0, 0x0, 0x0, 0xef,
    0xe, 0xf0, 0x0, 0x3a, 0xaa, 0xaa, 0x60, 0xf,
    0xe0, 0xfe, 0x0, 0x7, 0xff, 0xff, 0xff, 0x11,
    0xfc, 0x1f, 0xd0, 0x0, 0x9f, 0x30, 0xb, 0xf0,
    0x3f, 0xa2, 0xfb, 0x0, 0xa, 0xf1, 0x0, 0xdf,
    0x4, 0xf9, 0x4f, 0x90, 0x0, 0xcf, 0xbb, 0xbf,
    0xd0, 0x6f, 0x76, 0xf8, 0x0, 0xd, 0xff, 0xff,
    0xfb, 0x8, 0xf5, 0x7f, 0x60, 0x0, 0x0, 0x0,
    0x0, 0x0, 0x9f, 0x49, 0xf4, 0x0, 0xbf, 0xff,
    0xff, 0xfb, 0xb, 0xf2, 0xbf, 0x30, 0xd, 0xfb,
    0xef, 0xbe, 0xf2, 0xdf, 0xc, 0xf1, 0x0, 0xfc,
    0xc, 0xd0, 0xaf, 0x1e, 0xe0, 0xef, 0x0, 0xf,
    0xa0, 0xeb, 0xc, 0xf0, 0xfd, 0xf, 0xe0, 0x2,
    0xfc, 0x8f, 0xd8, 0xee, 0x2f, 0xb1, 0xfc, 0x0,
    0x4f, 0xff, 0xff, 0xff, 0xc0, 0x21, 0x3f, 0xb0,
    0x5, 0xf5, 0x3f, 0x61, 0xfb, 0x0, 0x5, 0xf9,
    0x0, 0x7f, 0x44, 0xf5, 0x2f, 0x90, 0x10, 0x6f,
    0x70, 0x8, 0xf3, 0x5f, 0x44, 0xf7, 0x5f, 0x49,
    0xf4, 0x0, 0xaf, 0xbd, 0xfb, 0xcf, 0x61, 0xfe,
    0xff, 0x0, 0xb, 0xff, 0xff, 0xff, 0xf4, 0x5,
    0xee, 0x50, 0x0,

    /* U+529F "功" */
    0x0, 0x0, 0x0, 0x0, 0x0, 0xcf, 0x40, 0x0,
    0x0, 0x0, 0x0, 0x0, 0x0, 0xef, 0x20, 0x0,
    0x0, 0x66, 0x66, 0x62, 0x0, 0xff, 0x10, 0x0,
    0x2, 0xff, 0xff, 0xf5, 0x1, 0xff, 0x0, 0x0,
    0x3, 0xee, 0xff, 0xe3, 0x4, 0xfd, 0x0, 0x0,
    0x0, 0x5, 0xf8, 0x6, 0xff, 0xff, 0xff, 0xf5,
    0x0, 0x7, 0xf7, 0x8, 0xff, 0xff, 0xff, 0xfb,
    0x0, 0x9, 0xf5, 0x0, 0x9, 0xf7, 0x5, 0xfa,
    0x0, 0xa, 0xf3, 0x0, 0xc, 0xf4, 0x7, 0xf9,
    0x0, 0xc, 0xf2, 0x0, 0xe, 0xf2, 0x8, 0xf7,
    0x0, 0xe, 0xf0, 0x0, 0x1f, 0xe0, 0xa, 0xf5,
    0x0, 0xf, 0xe0, 0x0, 0x5f, 0xb0, 0xc, 0xf4,
    0x0, 0x1f, 0xd0, 0x0, 0xaf, 0x70, 0xd, 0xf2,
    0x0, 0x2f, 0xb2, 0x10, 0xef, 0x30, 0xf, 0xf0,
    0x0, 0x4f, 0xef, 0x83, 0xfd, 0x0, 0x1f, 0xe0,
    0x0, 0x8f, 0xff, 0x9a, 0xf8, 0x0, 0x3f, 0xd0,
    0x5d, 0xff, 0xd3, 0x3f, 0xf1, 0x0, 0x4f, 0xb0,
    0x9f, 0xe6, 0x0, 0xcf, 0x90, 0x0, 0x6f, 0x90,
    0x26, 0x0, 0x8, 0xfe, 0x18, 0xa0, 0x8f, 0x70,
    0x0, 0x0, 0x5f, 0xf5, 0xb, 0xf2, 0xdf, 0x40,
    0x0, 0x2, 0xff, 0xa0, 0x6, 0xff, 0xfd, 0x0,
    0x0, 0x0, 0x8c, 0x0, 0x0, 0x8e, 0xd3, 0x0,
    0x0, 0x0, 0x0, 0x0, 0x0, 0x0, 0x0, 0x0,

    /* U+52A0 "加" */
    0x0, 0x0, 0x3f, 0xa0, 0x0, 0x0, 0x0, 0x0,
    0x0, 0x0, 0x0, 0x5f, 0x80, 0x0, 0x0, 0x0,
    0x0, 0x0, 0x0, 0x0, 0x6f, 0x70, 0x0, 0x5,
    0x66, 0x66, 0x10, 0x0, 0x0, 0x8f, 0x60, 0x0,
    0xf, 0xff, 0xff, 0xc0, 0x0, 0x2f, 0xff, 0xff,
    0xf3, 0xf, 0xfc, 0xcf, 0xf0, 0x0, 0x3d, 0xff,
    0xde, 0xf8, 0x2f, 0xc0, 0x1f, 0xd0, 0x0, 0x0,
    0xdf, 0x6, 0xf7, 0x4f, 0xb0, 0x2f, 0xc0, 0x0,
    0x0, 0xfe, 0x8, 0xf6, 0x5f, 0x90, 0x4f, 0xa0,
    0x0, 0x1, 0xfc, 0x9, 0xf4, 0x7f, 0x70, 0x6f,
    0x80, 0x0, 0x3, 0xfa, 0xb, 0xf2, 0x8f, 0x60,
    0x7f, 0x70, 0x0, 0x5, 0xf8, 0xd, 0xf1, 0xaf,
    0x40, 0x9f, 0x50, 0x0, 0x8, 0xf6, 0xe, 0xf0,
    0xcf, 0x20, 0xbf, 0x30, 0x0, 0xa, 0xf3, 0xf,
    0xd0, 0xdf, 0x10, 0xcf, 0x20, 0x0, 0xd, 0xf1,
    0x2f, 0xb0, 0xff, 0x0, 0xef, 0x0, 0x0, 0xf,
    0xe0, 0x4f, 0xa1, 0xfe, 0x0, 0xfe, 0x0, 0x0,
    0x4f, 0xa0, 0x5f, 0x82, 0xfc, 0x1, 0xfd, 0x0,
    0x0, 0x8f, 0x70, 0x7f, 0x64, 0xfa, 0x3, 0xfb,
    0x0, 0x0, 0xdf, 0x20, 0x9f, 0x55, 0xf9, 0x4,
    0xf9, 0x0, 0x4, 0xfe, 0x0, 0xbf, 0x37, 0xf7,
    0x6, 0xf8, 0x0, 0xa, 0xfe, 0xf3, 0xdf, 0x19,
    0xf5, 0x8, 0xf6, 0x0, 0x3f, 0xf6, 0xff, 0xfd,
    0xa, 0xff, 0xff, 0xf5, 0x0, 0x2c, 0x90, 0x9f,
    0xd3, 0xc, 0xff, 0xff, 0xf3, 0x0, 0x0, 0x0,
    0x0, 0x0, 0x0, 0x0, 0x0, 0x0, 0x0,

    /* U+52A8 "动" */
    0x0, 0x0, 0x0, 0x0, 0x0, 0x1f, 0xb0, 0x0,
    0x0, 0x57, 0x77, 0x77, 0x30, 0x3f, 0xa0, 0x0,
    0x0, 0xcf, 0xff, 0xff, 0x60, 0x4f, 0x80, 0x0,
    0x0, 0x79, 0x99, 0x99, 0x30, 0x6f, 0x70, 0x0,
    0x0, 0x0, 0x0, 0x0, 0x3b, 0xdf, 0xcb, 0xa3,
    0x0, 0x0, 0x0, 0x0, 0x7f, 0xff, 0xff, 0xfc,
    0x0, 0x0, 0x0, 0x0, 0x13, 0xcf, 0x44, 0xfd,
    0x0, 0x0, 0x0, 0x0, 0x0, 0xdf, 0x2, 0xfb,
    0xb, 0xff, 0xff, 0xff, 0x60, 0xfd, 0x4, 0xf9,
    0xc, 0xef, 0xfe, 0xee, 0x41, 0xfb, 0x6, 0xf8,
    0x0, 0xd, 0xf0, 0x0, 0x4, 0xf9, 0x7, 0xf6,
    0x0, 0x2f, 0xb0, 0x10, 0x7, 0xf7, 0x9, 0xf4,
    0x0, 0x7f, 0x7d, 0xa0, 0x9, 0xf3, 0xb, 0xf2,
    0x0, 0xcf, 0x2d, 0xf0, 0xd, 0xf0, 0xc, 0xf1,
    0x2, 0xfc, 0x9, 0xf4, 0x1f, 0xc0, 0xe, 0xf0,
    0x8, 0xf6, 0x9, 0xf8, 0x5f, 0x90, 0xf, 0xd0,
    0xe, 0xf9, 0xef, 0xfb, 0xbf, 0x40, 0x1f, 0xc0,
    0x8f, 0xff, 0xe8, 0xef, 0xfe, 0x0, 0x3f, 0xa0,
    0xcf, 0xc6, 0x0, 0x5a, 0xf9, 0x31, 0x5f, 0x80,
    0x42, 0x0, 0x0, 0x1f, 0xf4, 0xf8, 0x7f, 0x60,
    0x0, 0x0, 0x0, 0x8f, 0xa0, 0xdf, 0xff, 0x10,
    0x0, 0x0, 0x0, 0x2c, 0x20, 0x3d, 0xe6, 0x0,
    0x0, 0x0, 0x0, 0x0, 0x0, 0x0, 0x0, 0x0,

    /* U+52A9 "助" */
    0x0, 0x0, 0x0, 0x0, 0x0, 0x0, 0xfd, 0x0,
    0x0, 0x0, 0x5f, 0xff, 0xf9, 0x0, 0x1f, 0xc0,
    0x0, 0x0, 0x7, 0xff, 0xff, 0xf0, 0x3, 0xfa,
    0x0, 0x0, 0x0, 0x8f, 0x30, 0xdf, 0x0, 0x4f,
    0x90, 0x0, 0x0, 0xa, 0xf2, 0xf, 0xd3, 0xbd,
    0xfd, 0xba, 0x30, 0x0, 0xcf, 0x10, 0xfc, 0x5f,
    0xff, 0xff, 0xfc, 0x0, 0xd, 0xf1, 0x3f, 0xa4,
    0xad, 0xfb, 0xaf, 0xc0, 0x0, 0xff, 0xff, 0xf8,
    0x0, 0xaf, 0x32, 0xfa, 0x0, 0x1f, 0xe9, 0xbf,
    0x70, 0xc, 0xf1, 0x4f, 0x90, 0x2, 0xfa, 0x6,
    0xf5, 0x0, 0xfe, 0x5, 0xf7, 0x0, 0x4f, 0x80,
    0x8f, 0x30, 0x1f, 0xb0, 0x7f, 0x50, 0x5, 0xfd,
    0xae, 0xf2, 0x4, 0xf8, 0x9, 0xf4, 0x0, 0x7f,
    0xff, 0xff, 0x0, 0x7f, 0x40, 0xaf, 0x20, 0x9,
    0xf4, 0xd, 0xe0, 0xc, 0xf0, 0xc, 0xf0, 0x0,
    0xaf, 0x10, 0xfd, 0x1, 0xfc, 0x0, 0xef, 0x0,
    0xc, 0xf0, 0x1f, 0xb0, 0x7f, 0x70, 0xf, 0xd0,
    0x0, 0xee, 0x2, 0xfe, 0x9e, 0xf1, 0x1, 0xfc,
    0x0, 0xf, 0xe8, 0xdf, 0xff, 0xfa, 0x0, 0x3f,
    0xa0, 0x9, 0xff, 0xff, 0xc8, 0xff, 0x57, 0x5,
    0xf8, 0x0, 0xdf, 0xc8, 0x20, 0xbf, 0x98, 0xf2,
    0x8f, 0x50, 0x4, 0x10, 0x0, 0x7f, 0xe0, 0x2f,
    0xef, 0xf1, 0x0, 0x0, 0x0, 0x4, 0xf3, 0x0,
    0x6e, 0xe5, 0x0, 0x0, 0x0, 0x0, 0x1, 0x0,
    0x0, 0x0, 0x0, 0x0,

    /* U+5305 "包" */
    0x0, 0x0, 0x2, 0x10, 0x0, 0x0, 0x0, 0x0,
    0x0, 0x0, 0xe, 0xf1, 0x0, 0x0, 0x0, 0x0,
    0x0, 0x0, 0x5f, 0xc0, 0x0, 0x0, 0x0, 0x0,
    0x0, 0x0, 0xdf, 0xff, 0xff, 0xff, 0xfa, 0x0,
    0x0, 0x7, 0xff, 0xee, 0xee, 0xee, 0xff, 0x10,
    0x0, 0x3f, 0xf2, 0x0, 0x0, 0x0, 0xdf, 0x0,
    0x1, 0xef, 0xdb, 0xbb, 0x92, 0x0, 0xfe, 0x0,
    0xd, 0xff, 0xff, 0xff, 0xfc, 0x1, 0xfd, 0x0,
    0xb, 0xbd, 0xf4, 0x24, 0xfc, 0x3, 0xfb, 0x0,
    0x0, 0xe, 0xf0, 0x3, 0xfb, 0x4, 0xf9, 0x0,
    0x0, 0xf, 0xe0, 0x5, 0xf9, 0x6, 0xf7, 0x0,
    0x0, 0x1f, 0xd0, 0x7, 0xf7, 0x8, 0xf6, 0x0,
    0x0, 0x3f, 0xe8, 0x8c, 0xf6, 0xa, 0xf4, 0x0,
    0x0, 0x4f, 0xff, 0xff, 0xf4, 0xb, 0xf2, 0x0,
    0x0, 0x6f, 0xb6, 0x66, 0x61, 0xe, 0xf0, 0x0,
    0x0, 0x8f, 0x60, 0x0, 0xa, 0xff, 0xb0, 0x0,
    0x0, 0x9f, 0x50, 0x0, 0x9, 0xea, 0x18, 0xa2,
    0x0, 0x9f, 0x50, 0x0, 0x0, 0x0, 0x1f, 0xf0,
    0x0, 0x8f, 0x80, 0x0, 0x0, 0x0, 0xcf, 0x80,
    0x0, 0x3f, 0xf5, 0x0, 0x0, 0x4c, 0xfd, 0x0,
    0x0, 0x8, 0xff, 0xfd, 0xef, 0xff, 0xc1, 0x0,
    0x0, 0x0, 0x4a, 0xef, 0xfd, 0xa4, 0x0, 0x0,

    /* U+5308 "匈" */
    0x0, 0x0, 0x7, 0x30, 0x0, 0x0, 0x0, 0x0,
    0x0, 0x0, 0x4f, 0xa0, 0x0, 0x0, 0x0, 0x0,
    0x0, 0x0, 0xaf, 0x40, 0x0, 0x0, 0x0, 0x0,
    0x0, 0x2, 0xff, 0xff, 0xff, 0xff, 0xff, 0xe5,
    0x0, 0xa, 0xfe, 0xee, 0xee, 0xee, 0xee, 0xfb,
    0x0, 0x3f, 0xb0, 0x0, 0x12, 0x0, 0x3, 0xfa,
    0x0, 0xdf, 0x4d, 0x50, 0x8f, 0x20, 0x5, 0xf8,
    0x9, 0xfa, 0x1d, 0xd0, 0xdc, 0x13, 0x7, 0xf7,
    0x3f, 0xff, 0x75, 0xf9, 0xf6, 0xbf, 0x18, 0xf5,
    0x4, 0x9f, 0x50, 0xef, 0xe0, 0xdf, 0xa, 0xf3,
    0x0, 0x9f, 0x30, 0x8f, 0x80, 0xfe, 0xc, 0xf2,
    0x0, 0xbf, 0x10, 0xdf, 0x80, 0xfc, 0xd, 0xf0,
    0x0, 0xcf, 0x9, 0xfe, 0xe2, 0xfa, 0xf, 0xe0,
    0x0, 0xee, 0x6f, 0xa5, 0xf8, 0xf8, 0xf, 0xd0,
    0x0, 0xfc, 0x3b, 0x0, 0x97, 0xf7, 0x2f, 0xb0,
    0x1, 0xfb, 0x0, 0x0, 0x8, 0xf5, 0x4f, 0x90,
    0x3, 0xff, 0xff, 0xff, 0xff, 0xf3, 0x5f, 0x80,
    0x4, 0xff, 0xff, 0xff, 0xff, 0xf1, 0x7f, 0x60,
    0x0, 0x0, 0x0, 0x0, 0x3, 0x0, 0x9f, 0x40,
    0x0, 0x0, 0x0, 0x0, 0xaf, 0x20, 0xef, 0x10,
    0x0, 0x0, 0x0, 0x0, 0x4f, 0xfe, 0xfb, 0x0,
    0x0, 0x0, 0x0, 0x0, 0x6, 0xef, 0xa1, 0x0,

    /* U+5316 "化" */
    0x0, 0x0, 0x0, 0x20, 0x0, 0x0, 0x0, 0x0,
    0x0, 0x0, 0x4, 0xf8, 0x3, 0xfc, 0x0, 0x0,
    0x0, 0x0, 0xa, 0xf6, 0x5, 0xfa, 0x0, 0x0,
    0x0, 0x0, 0x2f, 0xf0, 0x6, 0xf9, 0x0, 0x0,
    0x0, 0x0, 0xaf, 0x80, 0x8, 0xf7, 0x0, 0x0,
    0x0, 0x3, 0xfe, 0x10, 0x9, 0xf5, 0x3, 0xd2,
    0x0, 0xc, 0xfa, 0x0, 0xb, 0xf4, 0x2e, 0xf7,
    0x0, 0x7f, 0xf8, 0x0, 0xd, 0xf6, 0xef, 0x80,
    0x2, 0xff, 0xf7, 0x0, 0xe, 0xff, 0xf9, 0x0,
    0xd, 0xff, 0xf5, 0x0, 0xf, 0xff, 0x70, 0x0,
    0x9f, 0xdc, 0xf4, 0x2, 0xcf, 0xf5, 0x0, 0x0,
    0x1d, 0x3c, 0xf2, 0x7f, 0xff, 0xc0, 0x0, 0x0,
    0x0, 0xe, 0xf6, 0xff, 0xdf, 0xa0, 0x0, 0x0,
    0x0, 0xf, 0xf0, 0xa3, 0x7f, 0x80, 0x0, 0x0,
    0x0, 0x1f, 0xd0, 0x0, 0x8f, 0x70, 0x0, 0x0,
    0x0, 0x3f, 0xb0, 0x0, 0xaf, 0x50, 0x6, 0xb3,
    0x0, 0x5f, 0xa0, 0x0, 0xcf, 0x30, 0xa, 0xf4,
    0x0, 0x7f, 0x80, 0x0, 0xdf, 0x20, 0xd, 0xf1,
    0x0, 0x8f, 0x60, 0x0, 0xdf, 0x30, 0x2f, 0xc0,
    0x0, 0xaf, 0x50, 0x0, 0xbf, 0x80, 0xaf, 0x70,
    0x0, 0xcf, 0x30, 0x0, 0x5f, 0xff, 0xfd, 0x0,
    0x0, 0xdf, 0x20, 0x0, 0x7, 0xff, 0xb2, 0x0,
    0x0, 0x0, 0x0, 0x0, 0x0, 0x0, 0x0, 0x0,

    /* U+5339 "匹" */
    0x0, 0x2f, 0xff, 0xff, 0xff, 0xff, 0xff, 0xff,
    0x20, 0x4, 0xff, 0xff, 0xff, 0xff, 0xff, 0xff,
    0xf0, 0x0, 0x6f, 0xa0, 0xd, 0xf0, 0x5f, 0x80,
    0x0, 0x0, 0x7, 0xf8, 0x0, 0xff, 0x7, 0xf6,
    0x0, 0x0, 0x0, 0x9f, 0x70, 0x1f, 0xd0, 0x8f,
    0x40, 0x0, 0x0, 0xb, 0xf5, 0x3, 0xfb, 0xa,
    0xf3, 0x0, 0x0, 0x0, 0xcf, 0x40, 0x5f, 0x90,
    0xbf, 0x10, 0x0, 0x0, 0xe, 0xf2, 0x7, 0xf7,
    0xd, 0xf0, 0x0, 0x0, 0x0, 0xff, 0x0, 0xaf,
    0x40, 0xfd, 0x0, 0x0, 0x0, 0x1f, 0xf0, 0xe,
    0xf1, 0xf, 0xc0, 0x0, 0x0, 0x3, 0xfd, 0x3,
    0xfc, 0x2, 0xfa, 0xb, 0xc0, 0x0, 0x4f, 0xb0,
    0x9f, 0x70, 0x4f, 0x80, 0xed, 0x0, 0x6, 0xfa,
    0x2f, 0xf2, 0x4, 0xf8, 0x2f, 0x90, 0x0, 0x8f,
    0x8b, 0xfa, 0x0, 0x3f, 0xed, 0xf3, 0x0, 0x9,
    0xf6, 0x9f, 0x20, 0x0, 0xaf, 0xf8, 0x0, 0x0,
    0xbf, 0x50, 0x30, 0x0, 0x0, 0x10, 0x0, 0x0,
    0xd, 0xf3, 0x0, 0x0, 0x0, 0x0, 0x0, 0x0,
    0x0, 0xef, 0x10, 0x0, 0x0, 0x0, 0x0, 0x0,
    0x0, 0xf, 0xf0, 0x0, 0x0, 0x0, 0x0, 0x0,
    0x0, 0x2, 0xff, 0xff, 0xff, 0xff, 0xff, 0xff,
    0xf3, 0x0, 0x3f, 0xff, 0xff, 0xff, 0xff, 0xff,
    0xff, 0x20, 0x0,

    /* U+533A "区" */
    0x0, 0x4f, 0xff, 0xff, 0xff, 0xff, 0xff, 0xff,
    0x20, 0x6, 0xff, 0xff, 0xff, 0xff, 0xff, 0xff,
    0xf0, 0x0, 0x7f, 0x80, 0x0, 0x0, 0x0, 0x0,
    0x0, 0x0, 0x9, 0xf7, 0x3, 0x0, 0x0, 0x7,
    0x91, 0x0, 0x0, 0xbf, 0x55, 0xf7, 0x0, 0x0,
    0xef, 0x10, 0x0, 0xc, 0xf4, 0x2f, 0xf2, 0x0,
    0x6f, 0xa0, 0x0, 0x0, 0xef, 0x20, 0x8f, 0xa0,
    0xd, 0xf3, 0x0, 0x0, 0xf, 0xf0, 0x0, 0xef,
    0x35, 0xfc, 0x0, 0x0, 0x1, 0xff, 0x0, 0x6,
    0xfc, 0xdf, 0x40, 0x0, 0x0, 0x3f, 0xd0, 0x0,
    0xd, 0xff, 0xb0, 0x0, 0x0, 0x4, 0xfb, 0x0,
    0x0, 0x6f, 0xf3, 0x0, 0x0, 0x0, 0x6f, 0xa0,
    0x0, 0xb, 0xff, 0x50, 0x0, 0x0, 0x8, 0xf8,
    0x0, 0x8, 0xff, 0xfd, 0x0, 0x0, 0x0, 0x9f,
    0x70, 0x4, 0xff, 0x3d, 0xf5, 0x0, 0x0, 0xb,
    0xf5, 0x3, 0xff, 0x60, 0x6f, 0xc0, 0x0, 0x0,
    0xdf, 0x33, 0xff, 0x80, 0x0, 0xef, 0x30, 0x0,
    0xe, 0xf2, 0xdf, 0x80, 0x0, 0x8, 0xf9, 0x0,
    0x0, 0xff, 0x2, 0x70, 0x0, 0x0, 0x28, 0x10,
    0x0, 0x1f, 0xe0, 0x0, 0x0, 0x0, 0x0, 0x0,
    0x0, 0x3, 0xff, 0xff, 0xff, 0xff, 0xff, 0xff,
    0xf3, 0x0, 0x5f, 0xff, 0xff, 0xff, 0xff, 0xff,
    0xff, 0x20, 0x0,

    /* U+5347 "升" */
    0x0, 0x0, 0x0, 0x0, 0x38, 0x60, 0xdf, 0x20,
    0x0, 0x0, 0x1, 0x48, 0xdf, 0xfc, 0xf, 0xf1,
    0x0, 0x0, 0xc, 0xff, 0xff, 0xe8, 0x20, 0xff,
    0x0, 0x0, 0x0, 0xae, 0xbf, 0xf2, 0x0, 0x2f,
    0xe0, 0x0, 0x0, 0x0, 0x0, 0xef, 0x10, 0x4,
    0xfc, 0x0, 0x0, 0x0, 0x0, 0xf, 0xf0, 0x0,
    0x5f, 0xa0, 0x0, 0x0, 0x0, 0x1, 0xfe, 0x0,
    0x7, 0xf9, 0x0, 0x0, 0x0, 0x0, 0x3f, 0xc0,
    0x0, 0x9f, 0x70, 0x0, 0x0, 0x0, 0x4, 0xfb,
    0x0, 0xa, 0xf5, 0x0, 0x0, 0xc, 0xff, 0xff,
    0xff, 0xff, 0xff, 0xff, 0xf9, 0x0, 0xef, 0xff,
    0xff, 0xff, 0xff, 0xff, 0xff, 0x80, 0x1, 0x22,
    0xcf, 0x62, 0x22, 0xff, 0x22, 0x20, 0x0, 0x0,
    0xe, 0xf2, 0x0, 0xf, 0xf0, 0x0, 0x0, 0x0,
    0x2, 0xfe, 0x0, 0x2, 0xfd, 0x0, 0x0, 0x0,
    0x0, 0x7f, 0xa0, 0x0, 0x4f, 0xc0, 0x0, 0x0,
    0x0, 0xd, 0xf5, 0x0, 0x5, 0xfa, 0x0, 0x0,
    0x0, 0x3, 0xff, 0x0, 0x0, 0x7f, 0x80, 0x0,
    0x0, 0x0, 0xcf, 0x90, 0x0, 0x9, 0xf7, 0x0,
    0x0, 0x0, 0x5f, 0xf1, 0x0, 0x0, 0xaf, 0x50,
    0x0, 0x0, 0x2f, 0xf7, 0x0, 0x0, 0xc, 0xf3,
    0x0, 0x0, 0xd, 0xfc, 0x0, 0x0, 0x0, 0xef,
    0x20, 0x0, 0x0, 0x5d, 0x10, 0x0, 0x0, 0xf,
    0xf0, 0x0, 0x0, 0x0, 0x0, 0x0, 0x0, 0x0,
    0x0, 0x0, 0x0, 0x0,

    /* U+534A "半" */
    0x0, 0x0, 0x10, 0x0, 0xbf, 0x40, 0x1, 0x0,
    0x0, 0x2d, 0x90, 0x0, 0xdf, 0x20, 0xb, 0xc1,
    0x0, 0x1f, 0xe0, 0x0, 0xef, 0x10, 0x2f, 0xe0,
    0x0, 0xb, 0xf3, 0x0, 0xff, 0x0, 0x9f, 0x70,
    0x0, 0x6, 0xfa, 0x1, 0xfd, 0x2, 0xfe, 0x0,
    0x0, 0x0, 0xff, 0x3, 0xfc, 0xa, 0xf6, 0x0,
    0x0, 0x0, 0x51, 0x5, 0xfa, 0x0, 0x70, 0x0,
    0x0, 0x0, 0x0, 0x6, 0xf9, 0x0, 0x0, 0x0,
    0x1, 0xff, 0xff, 0xff, 0xff, 0xff, 0xff, 0xf1,
    0x2, 0xff, 0xff, 0xff, 0xff, 0xff, 0xff, 0xf0,
    0x0, 0x0, 0x0, 0xb, 0xf4, 0x0, 0x0, 0x0,
    0x0, 0x0, 0x0, 0xd, 0xf2, 0x0, 0x0, 0x0,
    0x0, 0x0, 0x0, 0xe, 0xf1, 0x0, 0x0, 0x0,
    0x0, 0x0, 0x0, 0x1f, 0xf0, 0x0, 0x0, 0x0,
    0x8f, 0xff, 0xff, 0xff, 0xff, 0xff, 0xff, 0xf5,
    0x9f, 0xff, 0xff, 0xff, 0xff, 0xff, 0xff, 0xf3,
    0x0, 0x0, 0x0, 0x5f, 0xa0, 0x0, 0x0, 0x0,
    0x0, 0x0, 0x0, 0x7f, 0x80, 0x0, 0x0, 0x0,
    0x0, 0x0, 0x0, 0x8f, 0x70, 0x0, 0x0, 0x0,
    0x0, 0x0, 0x0, 0xaf, 0x50, 0x0, 0x0, 0x0,
    0x0, 0x0, 0x0, 0xbf, 0x30, 0x0, 0x0, 0x0,
    0x0, 0x0, 0x0, 0xdf, 0x20, 0x0, 0x0, 0x0,

    /* U+534F "协" */
    0x0, 0x9, 0xd1, 0x0, 0x8, 0xf4, 0x0, 0x0,
    0x0, 0x0, 0xcf, 0x0, 0x0, 0x9f, 0x30, 0x0,
    0x0, 0x0, 0xe, 0xe0, 0x0, 0xb, 0xf1, 0x0,
    0x0, 0x0, 0x0, 0xfc, 0x0, 0x0, 0xcf, 0x0,
    0x0, 0x0, 0x0, 0x1f, 0xb0, 0x4f, 0xff, 0xff,
    0xff, 0xa0, 0x0, 0x6d, 0xfe, 0xa6, 0xff, 0xff,
    0xff, 0xff, 0x0, 0xa, 0xff, 0xfc, 0x0, 0x2f,
    0xa0, 0xe, 0xf0, 0x0, 0x7, 0xf6, 0x15, 0x15,
    0xf7, 0x0, 0xfd, 0x40, 0x0, 0x8f, 0x45, 0xf4,
    0x7f, 0x50, 0x1f, 0xff, 0x0, 0xa, 0xf2, 0x8f,
    0x1a, 0xf2, 0x3, 0xff, 0xf2, 0x0, 0xcf, 0x1b,
    0xe0, 0xdf, 0x0, 0x5f, 0xdf, 0x50, 0xe, 0xf0,
    0xfa, 0x1f, 0xb0, 0x7, 0xf8, 0xf7, 0x0, 0xfd,
    0x3f, 0x65, 0xf7, 0x0, 0x9f, 0x4f, 0x90, 0x1f,
    0xb9, 0xf1, 0xaf, 0x30, 0xb, 0xf1, 0xeb, 0x3,
    0xfa, 0x38, 0xe, 0xe0, 0x0, 0xdf, 0xc, 0xa0,
    0x4f, 0x80, 0x5, 0xf8, 0x0, 0xf, 0xd0, 0x0,
    0x6, 0xf6, 0x0, 0xcf, 0x20, 0x1, 0xfb, 0x0,
    0x0, 0x8f, 0x40, 0x2f, 0xc0, 0x0, 0x3f, 0x90,
    0x0, 0xa, 0xf3, 0xb, 0xf5, 0x2, 0x5, 0xf7,
    0x0, 0x0, 0xbf, 0x15, 0xfd, 0x5, 0xf4, 0x8f,
    0x40, 0x0, 0xd, 0xf0, 0xef, 0x40, 0x1f, 0xff,
    0xe0, 0x0, 0x0, 0xfd, 0x7, 0x90, 0x0, 0x5e,
    0xd4, 0x0, 0x0, 0x0, 0x0, 0x0, 0x0, 0x0,
    0x0, 0x0, 0x0, 0x0,

    /* U+5355 "单" */
    0x0, 0x0, 0x0, 0x0, 0x0, 0x0, 0x0, 0x0,
    0x0, 0x0, 0x9, 0xf3, 0x0, 0x9, 0xe3, 0x0,
    0x0, 0x0, 0x7, 0xf6, 0x0, 0xe, 0xe0, 0x0,
    0x0, 0x2, 0x36, 0xfb, 0x33, 0x7f, 0xa2, 0x0,
    0x0, 0xc, 0xff, 0xff, 0xff, 0xff, 0xff, 0xc0,
    0x0, 0xd, 0xfb, 0xaa, 0xff, 0xaa, 0xaf, 0xf0,
    0x0, 0xf, 0xf0, 0x0, 0xff, 0x0, 0xf, 0xe0,
    0x0, 0x1f, 0xfa, 0xaa, 0xff, 0xaa, 0xbf, 0xd0,
    0x0, 0x2f, 0xff, 0xff, 0xff, 0xff, 0xff, 0xb0,
    0x0, 0x4f, 0xb1, 0x15, 0xfa, 0x11, 0x6f, 0x90,
    0x0, 0x6f, 0x90, 0x6, 0xf8, 0x0, 0x7f, 0x70,
    0x0, 0x7f, 0xec, 0xce, 0xfe, 0xcc, 0xef, 0x60,
    0x0, 0x9f, 0xff, 0xff, 0xff, 0xff, 0xff, 0x40,
    0x0, 0x12, 0x22, 0x2b, 0xf5, 0x22, 0x22, 0x0,
    0x0, 0x0, 0x0, 0xc, 0xf2, 0x0, 0x0, 0x0,
    0x5c, 0xcc, 0xcc, 0xcf, 0xfd, 0xcc, 0xcc, 0xc7,
    0x8f, 0xff, 0xff, 0xff, 0xff, 0xff, 0xff, 0xf8,
    0x0, 0x0, 0x0, 0x1f, 0xd0, 0x0, 0x0, 0x0,
    0x0, 0x0, 0x0, 0x2f, 0xc0, 0x0, 0x0, 0x0,
    0x0, 0x0, 0x0, 0x3f, 0xa0, 0x0, 0x0, 0x0,
    0x0, 0x0, 0x0, 0x5f, 0x90, 0x0, 0x0, 0x0,
    0x0, 0x0, 0x0, 0x6f, 0x70, 0x0, 0x0, 0x0,

    /* U+5361 "卡" */
    0x0, 0x0, 0x0, 0xbf, 0x50, 0x0, 0x0, 0x0,
    0x0, 0x0, 0xc, 0xf3, 0x0, 0x0, 0x0, 0x0,
    0x0, 0x0, 0xef, 0x20, 0x0, 0x0, 0x0, 0x0,
    0x0, 0xf, 0xfd, 0xdd, 0xdd, 0xb0, 0x0, 0x0,
    0x1, 0xff, 0xff, 0xff, 0xfb, 0x0, 0x0, 0x0,
    0x3f, 0xd1, 0x11, 0x11, 0x0, 0x0, 0x0, 0x4,
    0xfb, 0x0, 0x0, 0x0, 0x0, 0x0, 0x0, 0x6f,
    0xa0, 0x0, 0x0, 0x0, 0x0, 0x0, 0x7, 0xf8,
    0x0, 0x0, 0x0, 0xc, 0xff, 0xff, 0xff, 0xff,
    0xff, 0xff, 0xf9, 0xff, 0xff, 0xff, 0xff, 0xff,
    0xff, 0xff, 0x80, 0x0, 0x0, 0xcf, 0x40, 0x0,
    0x0, 0x0, 0x0, 0x0, 0xe, 0xf2, 0x2, 0x0,
    0x0, 0x0, 0x0, 0x0, 0xff, 0x1c, 0xd1, 0x0,
    0x0, 0x0, 0x0, 0x1f, 0xf0, 0xcf, 0xd1, 0x0,
    0x0, 0x0, 0x2, 0xfd, 0x1, 0xdf, 0xc0, 0x0,
    0x0, 0x0, 0x4f, 0xb0, 0x2, 0xef, 0x90, 0x0,
    0x0, 0x5, 0xfa, 0x0, 0x4, 0xff, 0x50, 0x0,
    0x0, 0x7f, 0x80, 0x0, 0x8, 0xf4, 0x0, 0x0,
    0x9, 0xf7, 0x0, 0x0, 0x2, 0x0, 0x0, 0x0,
    0xaf, 0x50, 0x0, 0x0, 0x0, 0x0, 0x0, 0xc,
    0xf4, 0x0, 0x0, 0x0, 0x0,

    /* U+536B "卫" */
    0x0, 0x1, 0x11, 0x11, 0x11, 0x11, 0x11, 0x0,
    0x0, 0x6f, 0xff, 0xff, 0xff, 0xff, 0xff, 0xd0,
    0x0, 0x7f, 0xff, 0xff, 0xff, 0xff, 0xff, 0xf4,
    0x0, 0x0, 0x0, 0xf, 0xf0, 0x0, 0xc, 0xf3,
    0x0, 0x0, 0x0, 0x1f, 0xe0, 0x0, 0xd, 0xf1,
    0x0, 0x0, 0x0, 0x3f, 0xd0, 0x0, 0xf, 0xf0,
    0x0, 0x0, 0x0, 0x5f, 0xb0, 0x0, 0x1f, 0xd0,
    0x0, 0x0, 0x0, 0x6f, 0x90, 0x0, 0x3f, 0xb0,
    0x0, 0x0, 0x0, 0x8f, 0x80, 0x0, 0x4f, 0x90,
    0x0, 0x0, 0x0, 0xaf, 0x60, 0x0, 0x6f, 0x80,
    0x0, 0x0, 0x0, 0xbf, 0x40, 0x10, 0x8f, 0x60,
    0x0, 0x0, 0x0, 0xdf, 0x3d, 0xc0, 0xbf, 0x30,
    0x0, 0x0, 0x0, 0xef, 0x19, 0xfb, 0xfe, 0x0,
    0x0, 0x0, 0x0, 0xff, 0x1, 0xcf, 0xf4, 0x0,
    0x0, 0x0, 0x2, 0xfe, 0x0, 0x1, 0x0, 0x0,
    0x0, 0x0, 0x3, 0xfc, 0x0, 0x0, 0x0, 0x0,
    0x0, 0x0, 0x5, 0xfa, 0x0, 0x0, 0x0, 0x0,
    0x0, 0x0, 0x7, 0xf9, 0x0, 0x0, 0x0, 0x0,
    0x0, 0x0, 0x8, 0xf7, 0x0, 0x0, 0x0, 0x0,
    0x7f, 0xff, 0xff, 0xff, 0xff, 0xff, 0xff, 0x40,
    0x9f, 0xff, 0xff, 0xff, 0xff, 0xff, 0xff, 0x20,

    /* U+5382 "厂" */
    0x0, 0x0, 0x8f, 0xff, 0xff, 0xff, 0xff, 0xff,
    0xf0, 0x0, 0x0, 0x9f, 0xff, 0xff, 0xff, 0xff,
    0xff, 0xd0, 0x0, 0x0, 0xbf, 0x50, 0x0, 0x0,
    0x0, 0x0, 0x0, 0x0, 0x0, 0xcf, 0x40, 0x0,
    0x0, 0x0, 0x0, 0x0, 0x0, 0x0, 0xef, 0x20,
    0x0, 0x0, 0x0, 0x0, 0x0, 0x0, 0x0, 0xff,
    0x10, 0x0, 0x0, 0x0, 0x0, 0x0, 0x0, 0x1,
    0xff, 0x0, 0x0, 0x0, 0x0, 0x0, 0x0, 0x0,
    0x3, 0xfd, 0x0, 0x0, 0x0, 0x0, 0x0, 0x0,
    0x0, 0x5, 0xfb, 0x0, 0x0, 0x0, 0x0, 0x0,
    0x0, 0x0, 0x7, 0xfa, 0x0, 0x0, 0x0, 0x0,
    0x0, 0x0, 0x0, 0x9, 0xf8, 0x0, 0x0, 0x0,
    0x0, 0x0, 0x0, 0x0, 0xc, 0xf5, 0x0, 0x0,
    0x0, 0x0, 0x0, 0x0, 0x0, 0xf, 0xf2, 0x0,
    0x0, 0x0, 0x0, 0x0, 0x0, 0x0, 0x2f, 0xf0,
    0x0, 0x0, 0x0, 0x0, 0x0, 0x0, 0x0, 0x7f,
    0xb0, 0x0, 0x0, 0x0, 0x0, 0x0, 0x0, 0x0,
    0xcf, 0x60, 0x0, 0x0, 0x0, 0x0, 0x0, 0x0,
    0x2, 0xff, 0x10, 0x0, 0x0, 0x0, 0x0, 0x0,
    0x0, 0x9, 0xfb, 0x0, 0x0, 0x0, 0x0, 0x0,
    0x0, 0x0, 0x1f, 0xf4, 0x0, 0x0, 0x0, 0x0,
    0x0, 0x0, 0x0, 0x6f, 0xc0, 0x0, 0x0, 0x0,
    0x0, 0x0, 0x0, 0x0, 0x4, 0x30, 0x0, 0x0,
    0x0, 0x0, 0x0, 0x0, 0x0,

    /* U+538B "压" */
    0x0, 0x3, 0xff, 0xff, 0xff, 0xff, 0xff, 0xff,
    0xf6, 0x0, 0x5, 0xff, 0xff, 0xff, 0xff, 0xff,
    0xff, 0xf4, 0x0, 0x7, 0xf8, 0x0, 0x0, 0x0,
    0x0, 0x0, 0x0, 0x0, 0x8, 0xf7, 0x0, 0x0,
    0x69, 0x20, 0x0, 0x0, 0x0, 0xa, 0xf5, 0x0,
    0x0, 0xcf, 0x30, 0x0, 0x0, 0x0, 0xb, 0xf3,
    0x0, 0x0, 0xdf, 0x10, 0x0, 0x0, 0x0, 0xd,
    0xf2, 0x0, 0x0, 0xff, 0x0, 0x0, 0x0, 0x0,
    0xf, 0xf0, 0x0, 0x1, 0xfe, 0x0, 0x0, 0x0,
    0x0, 0xf, 0xf0, 0xff, 0xff, 0xff, 0xff, 0xff,
    0x0, 0x0, 0x2f, 0xd1, 0xff, 0xff, 0xff, 0xff,
    0xfe, 0x0, 0x0, 0x4f, 0xb0, 0x11, 0x16, 0xf9,
    0x11, 0x11, 0x0, 0x0, 0x6f, 0x90, 0x0, 0x7,
    0xf7, 0x0, 0x0, 0x0, 0x0, 0x8f, 0x70, 0x0,
    0x9, 0xf6, 0x2b, 0x40, 0x0, 0x0, 0xbf, 0x40,
    0x0, 0xa, 0xf4, 0x3f, 0xa0, 0x0, 0x0, 0xef,
    0x10, 0x0, 0xc, 0xf3, 0xd, 0xf0, 0x0, 0x1,
    0xfe, 0x0, 0x0, 0xd, 0xf1, 0x7, 0xf5, 0x0,
    0x5, 0xfb, 0x0, 0x0, 0xf, 0xf0, 0x3, 0xb2,
    0x0, 0x9, 0xf7, 0x0, 0x0, 0xf, 0xe0, 0x0,
    0x0, 0x0, 0xd, 0xf3, 0x0, 0x0, 0x2f, 0xd0,
    0x0, 0x0, 0x0, 0x3f, 0xe0, 0xff, 0xff, 0xff,
    0xff, 0xff, 0xfd, 0x0, 0x8f, 0x81, 0xff, 0xff,
    0xff, 0xff, 0xff, 0xfb, 0x0, 0x18, 0x20, 0x0,
    0x0, 0x0, 0x0, 0x0, 0x0, 0x0,

    /* U+539F "原" */
    0x0, 0x1, 0xff, 0xff, 0xff, 0xff, 0xff, 0xff,
    0xf6, 0x0, 0x3, 0xff, 0xee, 0xee, 0xff, 0xfe,
    0xee, 0xe4, 0x0, 0x5, 0xfa, 0x0, 0x0, 0xaf,
    0x40, 0x0, 0x0, 0x0, 0x6, 0xf9, 0x0, 0x0,
    0xee, 0x0, 0x0, 0x0, 0x0, 0x8, 0xf7, 0xd,
    0xff, 0xff, 0xff, 0xe6, 0x0, 0x0, 0xa, 0xf5,
    0xf, 0xfd, 0xdd, 0xdd, 0xfc, 0x0, 0x0, 0xb,
    0xf4, 0x1f, 0xc0, 0x0, 0x2, 0xfb, 0x0, 0x0,
    0xd, 0xf2, 0x3f, 0xea, 0xaa, 0xab, 0xfa, 0x0,
    0x0, 0xf, 0xf0, 0x4f, 0xff, 0xff, 0xff, 0xf8,
    0x0, 0x0, 0x1f, 0xe0, 0x6f, 0x70, 0x0, 0x6,
    0xf6, 0x0, 0x0, 0x3f, 0xc0, 0x8f, 0x72, 0x22,
    0x29, 0xf5, 0x0, 0x0, 0x5f, 0xa0, 0x9f, 0xff,
    0xff, 0xff, 0xf3, 0x0, 0x0, 0x7f, 0x80, 0x7a,
    0xab, 0xfd, 0xaa, 0xa1, 0x0, 0x0, 0xaf, 0x50,
    0x24, 0x5, 0xf7, 0x4, 0x20, 0x0, 0x0, 0xdf,
    0x20, 0xaf, 0x27, 0xf5, 0x3f, 0x80, 0x0, 0x1,
    0xff, 0x1, 0xfc, 0x9, 0xf3, 0x1f, 0xb0, 0x0,
    0x5, 0xfb, 0xa, 0xf4, 0xa, 0xf2, 0xe, 0xd0,
    0x0, 0x9, 0xf7, 0x5f, 0xc0, 0xc, 0xf0, 0xc,
    0xf1, 0x0, 0xe, 0xf4, 0xff, 0x46, 0x1e, 0xe0,
    0x8, 0xf6, 0x0, 0x5f, 0xc0, 0x76, 0x5f, 0xff,
    0xa0, 0x4, 0xf9, 0x0, 0x3c, 0x70, 0x0, 0x9,
    0xfb, 0x10, 0x0, 0x20, 0x0, 0x0, 0x0, 0x0,
    0x0, 0x0, 0x0, 0x0, 0x0, 0x0,

    /* U+53C2 "参" */
    0x0, 0x0, 0x0, 0x39, 0x20, 0x0, 0x0, 0x0,
    0x0, 0x0, 0x1, 0xef, 0x40, 0x4d, 0x20, 0x0,
    0x0, 0x0, 0xb, 0xf8, 0x0, 0x6f, 0xc0, 0x0,
    0x0, 0x0, 0xaf, 0xb1, 0x12, 0x4d, 0xf7, 0x0,
    0x0, 0xe, 0xff, 0xff, 0xff, 0xff, 0xff, 0x10,
    0x0, 0xc, 0xdd, 0xce, 0xfc, 0x87, 0x9f, 0x80,
    0x0, 0x0, 0x0, 0x1f, 0xf1, 0x0, 0x7, 0x10,
    0x1, 0xbb, 0xbb, 0xdf, 0xeb, 0xbb, 0xbb, 0xb6,
    0x3, 0xff, 0xff, 0xff, 0xff, 0xff, 0xff, 0xf7,
    0x0, 0x11, 0x5f, 0xf4, 0x15, 0xfc, 0x11, 0x10,
    0x0, 0x4, 0xff, 0x60, 0x30, 0xbf, 0x70, 0x0,
    0x0, 0x5f, 0xf7, 0x7, 0xf9, 0x1f, 0xf5, 0x0,
    0x9, 0xff, 0x88, 0xef, 0xc2, 0x14, 0xff, 0x70,
    0x2f, 0xe4, 0x2f, 0xd6, 0x8, 0xf5, 0x4f, 0xd0,
    0x4, 0x10, 0x2, 0x5, 0xdf, 0xd2, 0x3, 0x30,
    0x0, 0x0, 0x38, 0xef, 0xf8, 0x4, 0x80, 0x0,
    0x0, 0x5f, 0xff, 0xf9, 0x20, 0x7f, 0xf3, 0x0,
    0x0, 0x1d, 0x95, 0x0, 0x4c, 0xfe, 0x40, 0x0,
    0x0, 0x0, 0x2, 0x8d, 0xff, 0xa1, 0x0, 0x0,
    0x4, 0x8b, 0xef, 0xff, 0xa2, 0x0, 0x0, 0x0,
    0x8, 0xff, 0xfb, 0x61, 0x0, 0x0, 0x0, 0x0,
    0x2, 0x52, 0x0, 0x0, 0x0, 0x0, 0x0, 0x0,

    /* U+53C9 "叉" */
    0x0, 0x9, 0xff, 0xff, 0xff, 0xff, 0xff, 0xd2,
    0x0, 0xb, 0xff, 0xff, 0xff, 0xff, 0xff, 0xf8,
    0x0, 0x0, 0x0, 0x0, 0x0, 0x0, 0xb, 0xf6,
    0x0, 0x2, 0xa7, 0x6, 0xe2, 0x0, 0xf, 0xf1,
    0x0, 0x2, 0xfc, 0x6, 0xf9, 0x0, 0x4f, 0xc0,
    0x0, 0x0, 0xef, 0x0, 0xef, 0x0, 0x9f, 0x70,
    0x0, 0x0, 0xaf, 0x50, 0x9f, 0x40, 0xff, 0x10,
    0x0, 0x0, 0x5f, 0xa0, 0x3b, 0x37, 0xfa, 0x0,
    0x0, 0x0, 0xf, 0xf1, 0x0, 0xe, 0xf3, 0x0,
    0x0, 0x0, 0xa, 0xf7, 0x0, 0x8f, 0xa0, 0x0,
    0x0, 0x0, 0x3, 0xfe, 0x2, 0xff, 0x20, 0x0,
    0x0, 0x0, 0x0, 0xbf, 0x8d, 0xf8, 0x0, 0x0,
    0x0, 0x0, 0x0, 0x2f, 0xff, 0xc0, 0x0, 0x0,
    0x0, 0x0, 0x0, 0xb, 0xff, 0x20, 0x0, 0x0,
    0x0, 0x0, 0x0, 0x7f, 0xff, 0xa0, 0x0, 0x0,
    0x0, 0x0, 0x8, 0xff, 0x8f, 0xf9, 0x0, 0x0,
    0x0, 0x0, 0xaf, 0xf6, 0x4, 0xff, 0xa0, 0x0,
    0x0, 0x3d, 0xff, 0x50, 0x0, 0x4f, 0xfc, 0x20,
    0x8, 0xff, 0xd2, 0x0, 0x0, 0x3, 0xef, 0xf7,
    0xc, 0xf8, 0x0, 0x0, 0x0, 0x0, 0x1b, 0xf7,
    0x2, 0x30, 0x0, 0x0, 0x0, 0x0, 0x0, 0x50,

    /* U+53CA "及" */
    0x0, 0x6, 0xff, 0xff, 0xff, 0xff, 0xff, 0x60,
    0x0, 0x0, 0x8f, 0xff, 0xff, 0xff, 0xff, 0xfb,
    0x0, 0x0, 0x0, 0x0, 0xef, 0x0, 0x0, 0xcf,
    0x50, 0x0, 0x0, 0x0, 0xf, 0xe0, 0x0, 0x4f,
    0xd0, 0x0, 0x0, 0x0, 0x2, 0xfc, 0x0, 0xc,
    0xf5, 0x0, 0x0, 0x0, 0x0, 0x4f, 0xa0, 0x5,
    0xfc, 0x0, 0x0, 0x0, 0x0, 0x7, 0xf9, 0x0,
    0xdf, 0xed, 0xc7, 0x0, 0x0, 0x0, 0x9f, 0xd0,
    0x5f, 0xff, 0xff, 0xe0, 0x0, 0x0, 0xc, 0xff,
    0x13, 0xb3, 0x7, 0xfa, 0x0, 0x0, 0x0, 0xff,
    0xf6, 0x0, 0x0, 0xdf, 0x40, 0x0, 0x0, 0x4f,
    0xef, 0xc0, 0x0, 0x4f, 0xd0, 0x0, 0x0, 0x8,
    0xf8, 0xbf, 0x40, 0xc, 0xf6, 0x0, 0x0, 0x0,
    0xdf, 0x35, 0xfd, 0x7, 0xfd, 0x0, 0x0, 0x0,
    0x3f, 0xe0, 0xc, 0xf9, 0xff, 0x40, 0x0, 0x0,
    0xa, 0xf8, 0x0, 0x3f, 0xff, 0x90, 0x0, 0x0,
    0x1, 0xff, 0x20, 0x0, 0xdf, 0xf2, 0x0, 0x0,
    0x0, 0xaf, 0xa0, 0x0, 0xbf, 0xff, 0xe2, 0x0,
    0x0, 0x3f, 0xf2, 0x2, 0xcf, 0xd2, 0xbf, 0xe3,
    0x0, 0xd, 0xf9, 0x6, 0xff, 0xc1, 0x0, 0xbf,
    0xf6, 0x7, 0xfd, 0x4, 0xff, 0x80, 0x0, 0x0,
    0xaf, 0xb0, 0x8, 0x20, 0x7, 0x30, 0x0, 0x0,
    0x0, 0x71, 0x0,

    /* U+53CC "双" */
    0x0, 0x1, 0x11, 0x11, 0x0, 0x11, 0x11, 0x11,
    0x0, 0x1, 0xff, 0xff, 0xff, 0x3e, 0xff, 0xff,
    0xfa, 0x0, 0x1b, 0xbb, 0xbe, 0xf5, 0xbb, 0xbb,
    0xcf, 0xc0, 0x0, 0x24, 0x0, 0xcf, 0x33, 0x20,
    0x6, 0xf9, 0x0, 0xd, 0xf0, 0xe, 0xf4, 0xf8,
    0x0, 0xaf, 0x60, 0x0, 0xcf, 0x1, 0xfc, 0x3f,
    0x90, 0xd, 0xf2, 0x0, 0xa, 0xf2, 0x4f, 0x92,
    0xfa, 0x1, 0xff, 0x0, 0x0, 0x8f, 0x47, 0xf6,
    0xf, 0xb0, 0x4f, 0xa0, 0x0, 0x6, 0xf7, 0xbf,
    0x20, 0xfe, 0x9, 0xf6, 0x0, 0x0, 0x4f, 0xaf,
    0xe0, 0xd, 0xf1, 0xef, 0x10, 0x0, 0x0, 0xff,
    0xfa, 0x0, 0xaf, 0x8f, 0xc0, 0x0, 0x0, 0xd,
    0xff, 0x50, 0x7, 0xff, 0xf6, 0x0, 0x0, 0x0,
    0x8f, 0xf0, 0x0, 0x3f, 0xfe, 0x0, 0x0, 0x0,
    0x7, 0xfc, 0x0, 0x0, 0xef, 0x70, 0x0, 0x0,
    0x1, 0xef, 0xf2, 0x0, 0x4f, 0xf7, 0x0, 0x0,
    0x0, 0xaf, 0xef, 0x90, 0x1e, 0xff, 0xe0, 0x0,
    0x0, 0x6f, 0xe1, 0xef, 0x2b, 0xfa, 0xcf, 0x60,
    0x0, 0x3f, 0xf4, 0x7, 0x98, 0xfd, 0x4, 0xfe,
    0x0, 0x3f, 0xf7, 0x0, 0x7, 0xff, 0x20, 0xc,
    0xf9, 0xc, 0xf9, 0x0, 0x2, 0xff, 0x40, 0x0,
    0x2f, 0xf2, 0x39, 0x0, 0x0, 0x8, 0x50, 0x0,
    0x0, 0x89, 0x0, 0x0, 0x0, 0x0, 0x0, 0x0,
    0x0, 0x0, 0x0,

    /* U+53CD "反" */
    0x0, 0x0, 0x0, 0x0, 0x0, 0x0, 0x0, 0x34,
    0x0, 0x0, 0x0, 0x13, 0x45, 0x78, 0xbd, 0xff,
    0xf0, 0x0, 0x0, 0x8f, 0xff, 0xff, 0xff, 0xff,
    0xeb, 0x10, 0x0, 0xa, 0xff, 0xdc, 0xa8, 0x74,
    0x10, 0x0, 0x0, 0x0, 0xcf, 0x40, 0x0, 0x0,
    0x0, 0x0, 0x0, 0x0, 0xd, 0xf2, 0x0, 0x0,
    0x0, 0x0, 0x0, 0x0, 0x0, 0xff, 0x0, 0x0,
    0x0, 0x0, 0x0, 0x0, 0x0, 0x1f, 0xff, 0xff,
    0xff, 0xff, 0xec, 0x10, 0x0, 0x3, 0xff, 0xff,
    0xff, 0xff, 0xff, 0xf5, 0x0, 0x0, 0x5f, 0xa7,
    0xf8, 0x0, 0x0, 0xef, 0x20, 0x0, 0x8, 0xf7,
    0x4f, 0xc0, 0x0, 0x4f, 0xb0, 0x0, 0x0, 0xaf,
    0x50, 0xff, 0x0, 0xc, 0xf4, 0x0, 0x0, 0xd,
    0xf2, 0xb, 0xf5, 0x5, 0xfc, 0x0, 0x0, 0x0,
    0xff, 0x0, 0x5f, 0xc1, 0xef, 0x30, 0x0, 0x0,
    0x4f, 0xb0, 0x0, 0xef, 0xdf, 0x90, 0x0, 0x0,
    0x9, 0xf7, 0x0, 0x5, 0xff, 0xd0, 0x0, 0x0,
    0x0, 0xef, 0x20, 0x0, 0x8f, 0xfa, 0x0, 0x0,
    0x0, 0x5f, 0xd0, 0x0, 0xaf, 0xee, 0xf9, 0x0,
    0x0, 0xd, 0xf6, 0x4, 0xdf, 0xd2, 0x3e, 0xfa,
    0x0, 0x7, 0xfe, 0x3c, 0xff, 0xb1, 0x0, 0x3e,
    0xfd, 0x40, 0xaf, 0x61, 0xfe, 0x50, 0x0, 0x0,
    0x1b, 0xf7, 0x0, 0x50, 0x4, 0x0, 0x0, 0x0,
    0x0, 0x5, 0x0,

    /* U+53D1 "发" */
    0x0, 0x0, 0x0, 0x0, 0x29, 0x60, 0x2, 0x0,
    0x0, 0x0, 0x5, 0x50, 0x6, 0xf9, 0xa, 0xf6,
    0x0, 0x0, 0x0, 0xdf, 0x10, 0x9f, 0x60, 0x7f,
    0xf9, 0x0, 0x0, 0x1f, 0xe0, 0xd, 0xf3, 0x0,
    0x3e, 0xc0, 0x0, 0x6, 0xf9, 0x1, 0xff, 0x0,
    0x0, 0x22, 0x0, 0x0, 0xbf, 0xff, 0xff, 0xff,
    0xff, 0xff, 0xf9, 0x0, 0x1f, 0xff, 0xff, 0xff,
    0xff, 0xff, 0xff, 0x80, 0x0, 0x45, 0x1, 0xef,
    0x30, 0x0, 0x0, 0x0, 0x0, 0x0, 0x0, 0x5f,
    0xd0, 0x0, 0x0, 0x0, 0x0, 0x0, 0x0, 0xa,
    0xff, 0xdd, 0xdd, 0xb1, 0x0, 0x0, 0x0, 0x1,
    0xff, 0xff, 0xff, 0xff, 0x70, 0x0, 0x0, 0x0,
    0x8f, 0xf6, 0x11, 0x1b, 0xf4, 0x0, 0x0, 0x0,
    0x1f, 0xff, 0xb0, 0x2, 0xfe, 0x0, 0x0, 0x0,
    0x7, 0xfc, 0xcf, 0x30, 0xaf, 0x60, 0x0, 0x0,
    0x2, 0xff, 0x35, 0xfc, 0x5f, 0xd0, 0x0, 0x0,
    0x0, 0xbf, 0xa0, 0xc, 0xff, 0xf2, 0x0, 0x0,
    0x0, 0x5f, 0xf1, 0x0, 0x4f, 0xf9, 0x0, 0x0,
    0x0, 0x3f, 0xf6, 0x0, 0x4f, 0xff, 0xf5, 0x0,
    0x0, 0x1e, 0xfa, 0x0, 0x7f, 0xf7, 0x6f, 0xf7,
    0x0, 0x8, 0xfc, 0x5, 0xdf, 0xe4, 0x0, 0x5f,
    0xfc, 0x10, 0x8, 0x10, 0xaf, 0x91, 0x0, 0x0,
    0x2c, 0xe1, 0x0, 0x0, 0x1, 0x20, 0x0, 0x0,
    0x0, 0x3, 0x0,

    /* U+53D6 "取" */
    0x0, 0xdf, 0xff, 0xff, 0xf0, 0x11, 0x11, 0x0,
    0x0, 0xe, 0xff, 0xff, 0xfd, 0x9f, 0xff, 0xff,
    0x90, 0x0, 0x1f, 0xb0, 0xcf, 0xa, 0xff, 0xff,
    0xfd, 0x0, 0x3, 0xfa, 0xe, 0xf0, 0x1, 0x0,
    0x1f, 0xb0, 0x0, 0x5f, 0x80, 0xfd, 0x8, 0xf3,
    0x4, 0xf8, 0x0, 0x6, 0xfd, 0xcf, 0xb0, 0x7f,
    0x40, 0x8f, 0x40, 0x0, 0x8f, 0xff, 0xfa, 0x6,
    0xf4, 0xb, 0xf1, 0x0, 0xa, 0xf3, 0x4f, 0x80,
    0x5f, 0x50, 0xec, 0x0, 0x0, 0xbf, 0x26, 0xf7,
    0x4, 0xf7, 0x4f, 0x80, 0x0, 0xd, 0xf2, 0x8f,
    0x50, 0x3f, 0x99, 0xf3, 0x0, 0x0, 0xef, 0xff,
    0xf3, 0x1, 0xfb, 0xee, 0x0, 0x0, 0xf, 0xea,
    0xef, 0x20, 0xe, 0xff, 0x80, 0x0, 0x2, 0xfb,
    0xc, 0xf0, 0x0, 0xbf, 0xf2, 0x0, 0x0, 0x3f,
    0x90, 0xee, 0x20, 0x7, 0xfc, 0x0, 0x0, 0x5,
    0xf7, 0x1f, 0xff, 0x0, 0xbf, 0xa0, 0x0, 0x0,
    0x7f, 0xdf, 0xff, 0xc1, 0x4f, 0xff, 0x0, 0x0,
    0x8f, 0xff, 0xff, 0xa0, 0xd, 0xfd, 0xf6, 0x0,
    0x7, 0xd8, 0x35, 0xf8, 0x7, 0xfa, 0x3f, 0xc0,
    0x0, 0x0, 0x0, 0x7f, 0x63, 0xff, 0x10, 0xdf,
    0x40, 0x0, 0x0, 0x8, 0xf5, 0xef, 0x50, 0x5,
    0xfc, 0x0, 0x0, 0x0, 0xaf, 0x36, 0x90, 0x0,
    0xc, 0x70, 0x0, 0x0, 0x0, 0x0, 0x0, 0x0,
    0x0, 0x0, 0x0,

    /* U+53D8 "变" */
    0x0, 0x0, 0x0, 0x0, 0xc, 0xf3, 0x0, 0x0,
    0x0, 0x0, 0x0, 0x0, 0x0, 0xe, 0xf1, 0x0,
    0x0, 0x0, 0x0, 0x1e, 0xee, 0xee, 0xef, 0xfe,
    0xee, 0xee, 0xe5, 0x0, 0x3f, 0xff, 0xff, 0xff,
    0xff, 0xff, 0xff, 0xf4, 0x0, 0x1, 0x11, 0x1e,
    0xf2, 0x8f, 0x81, 0x11, 0x10, 0x0, 0x2, 0xe8,
    0xf, 0xf0, 0x9f, 0x65, 0xe7, 0x0, 0x0, 0x8,
    0xf8, 0x2f, 0xd0, 0xbf, 0x45, 0xfa, 0x0, 0x0,
    0xe, 0xf2, 0x3f, 0xb0, 0xdf, 0x23, 0xfc, 0x0,
    0x0, 0x7f, 0xb0, 0x5f, 0x90, 0xef, 0x0, 0xff,
    0x0, 0x0, 0xdf, 0x30, 0x7f, 0x70, 0xff, 0x0,
    0xbf, 0x40, 0x0, 0x5, 0x0, 0x1, 0x0, 0x11,
    0x0, 0x31, 0x0, 0x0, 0x0, 0xad, 0xdd, 0xdd,
    0xdd, 0xb2, 0x0, 0x0, 0x0, 0x0, 0xef, 0xff,
    0xff, 0xff, 0xf7, 0x0, 0x0, 0x0, 0x0, 0x14,
    0x21, 0x11, 0x2f, 0xf3, 0x0, 0x0, 0x0, 0x0,
    0x9f, 0x80, 0x0, 0x8f, 0xc0, 0x0, 0x0, 0x0,
    0x0, 0x2f, 0xf3, 0x6, 0xff, 0x20, 0x0, 0x0,
    0x0, 0x0, 0x8, 0xfe, 0x8f, 0xf6, 0x0, 0x0,
    0x0, 0x0, 0x0, 0x0, 0xbf, 0xff, 0x60, 0x0,
    0x0, 0x0, 0x0, 0x0, 0x39, 0xff, 0xff, 0xc5,
    0x0, 0x0, 0x0, 0x17, 0xae, 0xff, 0xf9, 0x6e,
    0xff, 0xfb, 0x83, 0x0, 0x2f, 0xff, 0xd8, 0x20,
    0x0, 0x6c, 0xff, 0xf8, 0x0, 0x8, 0x52, 0x0,
    0x0, 0x0, 0x0, 0x15, 0x73, 0x0,

    /* U+53E0 "叠" */
    0x0, 0x0, 0xcf, 0xff, 0xff, 0xff, 0xff, 0xf4,
    0x0, 0x0, 0x5, 0xbc, 0xa7, 0x66, 0x8e, 0xfe,
    0x30, 0x0, 0x0, 0xa, 0xef, 0xfe, 0xcf, 0xf8,
    0x0, 0x0, 0x0, 0x27, 0x9c, 0xff, 0xec, 0xff,
    0xfc, 0x70, 0x0, 0x1, 0xba, 0x85, 0x20, 0x0,
    0x26, 0xa9, 0x0, 0x9, 0xee, 0xee, 0xed, 0x4e,
    0xee, 0xee, 0xe6, 0x0, 0x4b, 0x66, 0x7f, 0xf4,
    0xb9, 0x66, 0xdf, 0x80, 0x4, 0xef, 0xae, 0xf4,
    0x1d, 0xfd, 0xdf, 0x80, 0x3, 0xad, 0xff, 0xfd,
    0x48, 0xcf, 0xff, 0xf9, 0x20, 0x2c, 0x95, 0x3,
    0xa5, 0x9b, 0x72, 0x17, 0xe4, 0x0, 0x9c, 0xcc,
    0xcc, 0xcc, 0xcc, 0xcc, 0xb8, 0x0, 0xe, 0xfe,
    0xee, 0xee, 0xee, 0xee, 0xef, 0xf1, 0x0, 0xfb,
    0x24, 0x44, 0x44, 0x44, 0x20, 0xbf, 0x0, 0x9,
    0x5c, 0xff, 0xff, 0xff, 0xff, 0x77, 0x80, 0x0,
    0x0, 0xde, 0x44, 0x44, 0x45, 0xfa, 0x0, 0x0,
    0x0, 0xf, 0xff, 0xff, 0xff, 0xff, 0x90, 0x0,
    0x0, 0x0, 0xfc, 0x44, 0x44, 0x48, 0xf8, 0x0,
    0x0, 0x0, 0x2f, 0xff, 0xff, 0xff, 0xff, 0x60,
    0x0, 0x0, 0x3, 0xf8, 0x0, 0x0, 0x8, 0xf5,
    0x0, 0x0, 0xaa, 0xcf, 0xda, 0xaa, 0xaa, 0xdf,
    0xca, 0x70, 0x2f, 0xff, 0xff, 0xff, 0xff, 0xff,
    0xff, 0xf9, 0x0,

    /* U+53E3 "口" */
    0x0, 0xcf, 0xff, 0xff, 0xff, 0xff, 0xf9, 0x0,
    0xe, 0xff, 0xff, 0xff, 0xff, 0xff, 0xf1, 0x0,
    0xff, 0x20, 0x0, 0x0, 0x1, 0xff, 0x10, 0x1f,
    0xf0, 0x0, 0x0, 0x0, 0x2f, 0xf0, 0x2, 0xff,
    0x0, 0x0, 0x0, 0x4, 0xfe, 0x0, 0x4f, 0xd0,
    0x0, 0x0, 0x0, 0x6f, 0xc0, 0x6, 0xfc, 0x0,
    0x0, 0x0, 0x7, 0xfa, 0x0, 0x7f, 0xa0, 0x0,
    0x0, 0x0, 0x9f, 0x90, 0x9, 0xf8, 0x0, 0x0,
    0x0, 0xa, 0xf7, 0x0, 0xaf, 0x70, 0x0, 0x0,
    0x0, 0xcf, 0x60, 0xc, 0xf5, 0x0, 0x0, 0x0,
    0xd, 0xf4, 0x0, 0xef, 0x40, 0x0, 0x0, 0x0,
    0xff, 0x20, 0xf, 0xf2, 0x0, 0x0, 0x0, 0x1f,
    0xf1, 0x1, 0xff, 0x10, 0x0, 0x0, 0x2, 0xff,
    0x0, 0x2f, 0xf0, 0x0, 0x0, 0x0, 0x4f, 0xd0,
    0x4, 0xfe, 0x0, 0x0, 0x0, 0x5, 0xfc, 0x0,
    0x6f, 0xc0, 0x0, 0x0, 0x0, 0x7f, 0xa0, 0x7,
    0xfb, 0x0, 0x0, 0x0, 0x8, 0xf9, 0x0, 0x9f,
    0x90, 0x0, 0x0, 0x0, 0xaf, 0x70, 0xa, 0xff,
    0xff, 0xff, 0xff, 0xff, 0xf5, 0x0, 0xcf, 0xff,
    0xff, 0xff, 0xff, 0xff, 0x40, 0x0,

    /* U+53E6 "另" */
    0x0, 0x2, 0xff, 0xff, 0xff, 0xff, 0xfe, 0x40,
    0x0, 0x4f, 0xfe, 0xee, 0xee, 0xee, 0xfa, 0x0,
    0x5, 0xf8, 0x0, 0x0, 0x0, 0x5f, 0x90, 0x0,
    0x7f, 0x70, 0x0, 0x0, 0x6, 0xf8, 0x0, 0x8,
    0xf5, 0x0, 0x0, 0x0, 0x8f, 0x60, 0x0, 0xaf,
    0x40, 0x0, 0x0, 0x9, 0xf4, 0x0, 0xc, 0xff,
    0xff, 0xff, 0xff, 0xff, 0x30, 0x0, 0xce, 0xef,
    0xff, 0xee, 0xee, 0xe1, 0x0, 0x0, 0x0, 0x9f,
    0x60, 0x0, 0x0, 0x0, 0x0, 0x0, 0xc, 0xf3,
    0x0, 0x0, 0x0, 0x3, 0xbb, 0xbb, 0xff, 0xcb,
    0xbb, 0xba, 0x10, 0x6f, 0xff, 0xff, 0xff, 0xff,
    0xff, 0xfa, 0x2, 0x44, 0x4b, 0xfa, 0x44, 0x44,
    0x8f, 0xa0, 0x0, 0x0, 0xef, 0x30, 0x0, 0x7,
    0xf8, 0x0, 0x0, 0x6f, 0xd0, 0x0, 0x0, 0x9f,
    0x60, 0x0, 0x1e, 0xf5, 0x0, 0x0, 0xb, 0xf4,
    0x0, 0xb, 0xfc, 0x0, 0x0, 0x0, 0xdf, 0x10,
    0xa, 0xff, 0x20, 0x4e, 0x70, 0xf, 0xe0, 0xa,
    0xff, 0x40, 0x2, 0xfc, 0x7, 0xfa, 0xb, 0xff,
    0x40, 0x0, 0xc, 0xff, 0xff, 0x30, 0x5d, 0x20,
    0x0, 0x0, 0x1b, 0xfe, 0x60, 0x0, 0x0, 0x0,
    0x0, 0x0, 0x0, 0x0, 0x0,

    /* U+53EA "只" */
    0x0, 0x0, 0x1f, 0xff, 0xff, 0xff, 0xff, 0xc0,
    0x0, 0x0, 0x3f, 0xff, 0xff, 0xff, 0xff, 0xf4,
    0x0, 0x0, 0x4f, 0xb0, 0x0, 0x0, 0xc, 0xf4,
    0x0, 0x0, 0x6f, 0x90, 0x0, 0x0, 0xe, 0xf2,
    0x0, 0x0, 0x8f, 0x80, 0x0, 0x0, 0xf, 0xf0,
    0x0, 0x0, 0x9f, 0x60, 0x0, 0x0, 0x1f, 0xf0,
    0x0, 0x0, 0xbf, 0x40, 0x0, 0x0, 0x3f, 0xd0,
    0x0, 0x0, 0xdf, 0x30, 0x0, 0x0, 0x4f, 0xb0,
    0x0, 0x0, 0xef, 0x20, 0x0, 0x0, 0x6f, 0x90,
    0x0, 0x0, 0xff, 0xff, 0xff, 0xff, 0xff, 0x80,
    0x0, 0x1, 0xee, 0xee, 0xee, 0xee, 0xee, 0x50,
    0x0, 0x0, 0x0, 0x0, 0x0, 0x0, 0x0, 0x0,
    0x0, 0x0, 0xa, 0x80, 0x0, 0x18, 0x70, 0x0,
    0x0, 0x0, 0x3f, 0xe0, 0x0, 0x3f, 0xe0, 0x0,
    0x0, 0x0, 0xaf, 0x80, 0x0, 0xe, 0xf3, 0x0,
    0x0, 0x3, 0xff, 0x10, 0x0, 0x8, 0xf9, 0x0,
    0x0, 0xc, 0xf8, 0x0, 0x0, 0x2, 0xff, 0x10,
    0x0, 0x7f, 0xe0, 0x0, 0x0, 0x0, 0xbf, 0x80,
    0x3, 0xff, 0x40, 0x0, 0x0, 0x0, 0x3f, 0xf1,
    0xc, 0xf9, 0x0, 0x0, 0x0, 0x0, 0xb, 0xf7,
    0x1, 0x90, 0x0, 0x0, 0x0, 0x0, 0x3, 0x60,

    /* U+53EF "可" */
    0x0, 0x0, 0x0, 0x0, 0x0, 0x0, 0x0, 0x0,
    0x3f, 0xff, 0xff, 0xff, 0xff, 0xff, 0xff, 0xf3,
    0x5f, 0xff, 0xff, 0xff, 0xff, 0xff, 0xff, 0xf1,
    0x0, 0x0, 0x0, 0x0, 0x0, 0xa, 0xf7, 0x0,
    0x0, 0x0, 0x0, 0x0, 0x0, 0xb, 0xf5, 0x0,
    0x0, 0x11, 0x11, 0x10, 0x0, 0xd, 0xf3, 0x0,
    0x5, 0xff, 0xff, 0xff, 0x60, 0xe, 0xf2, 0x0,
    0x6, 0xfe, 0xdd, 0xef, 0xc0, 0xf, 0xf0, 0x0,
    0x8, 0xf6, 0x0, 0x5f, 0xa0, 0x2f, 0xe0, 0x0,
    0xa, 0xf4, 0x0, 0x7f, 0x90, 0x3f, 0xd0, 0x0,
    0xb, 0xf2, 0x0, 0x9f, 0x70, 0x5f, 0xb0, 0x0,
    0xd, 0xf1, 0x0, 0xbf, 0x50, 0x7f, 0x90, 0x0,
    0xf, 0xf1, 0x11, 0xcf, 0x30, 0x8f, 0x80, 0x0,
    0xf, 0xff, 0xff, 0xff, 0x20, 0xaf, 0x60, 0x0,
    0x2f, 0xfe, 0xee, 0xee, 0x0, 0xcf, 0x50, 0x0,
    0x4f, 0xa0, 0x0, 0x0, 0x0, 0xef, 0x30, 0x0,
    0x26, 0x30, 0x0, 0x0, 0x0, 0xff, 0x10, 0x0,
    0x0, 0x0, 0x5, 0x70, 0x2, 0xfe, 0x0, 0x0,
    0x0, 0x0, 0x2f, 0xf6, 0x3b, 0xfa, 0x0, 0x0,
    0x0, 0x0, 0x9, 0xff, 0xff, 0xf2, 0x0, 0x0,
    0x0, 0x0, 0x0, 0x8e, 0xfc, 0x40, 0x0, 0x0,

    /* U+53F0 "台" */
    0x0, 0x0, 0x0, 0x40, 0x0, 0x0, 0x0, 0x0,
    0x0, 0x0, 0x4f, 0xc0, 0x0, 0x0, 0x0, 0x0,
    0x0, 0xb, 0xf6, 0x0, 0x0, 0x0, 0x0, 0x0,
    0x3, 0xfe, 0x0, 0x2c, 0x90, 0x0, 0x0, 0x0,
    0xcf, 0x60, 0x0, 0xef, 0x20, 0x0, 0x0, 0x6f,
    0xc0, 0x0, 0x7, 0xf9, 0x0, 0x0, 0x2f, 0xf2,
    0x0, 0x0, 0x1f, 0xf1, 0x0, 0x2d, 0xf9, 0x56,
    0x79, 0xac, 0xff, 0x70, 0x4f, 0xff, 0xff, 0xff,
    0xff, 0xff, 0xfc, 0x3, 0xcb, 0xa9, 0x87, 0x64,
    0x32, 0xe, 0xf0, 0x0, 0x0, 0x0, 0x0, 0x0,
    0x0, 0x31, 0x0, 0x0, 0x0, 0x0, 0x0, 0x0,
    0x0, 0x0, 0x1, 0xff, 0xff, 0xff, 0xff, 0xfc,
    0x0, 0x0, 0x3f, 0xff, 0xff, 0xff, 0xff, 0xf5,
    0x0, 0x5, 0xfb, 0x0, 0x0, 0x0, 0xcf, 0x40,
    0x0, 0x7f, 0x90, 0x0, 0x0, 0xd, 0xf3, 0x0,
    0x8, 0xf7, 0x0, 0x0, 0x0, 0xff, 0x10, 0x0,
    0xaf, 0x60, 0x0, 0x0, 0x1f, 0xf0, 0x0, 0xc,
    0xf4, 0x0, 0x0, 0x3, 0xfd, 0x0, 0x0, 0xdf,
    0x20, 0x0, 0x0, 0x4f, 0xc0, 0x0, 0xf, 0xff,
    0xff, 0xff, 0xff, 0xfa, 0x0, 0x1, 0xff, 0xff,
    0xff, 0xff, 0xff, 0x80, 0x0,

    /* U+53F3 "右" */
    0x0, 0x0, 0x0, 0x0, 0x0, 0x0, 0x0, 0x0,
    0x0, 0x0, 0x0, 0x0, 0xa, 0xf5, 0x0, 0x0,
    0x0, 0x0, 0x0, 0x0, 0x0, 0xdf, 0x20, 0x0,
    0x0, 0x0, 0x0, 0x1, 0x11, 0x2f, 0xf1, 0x11,
    0x11, 0x11, 0x0, 0xb, 0xff, 0xff, 0xff, 0xff,
    0xff, 0xff, 0xd0, 0x0, 0xcf, 0xff, 0xff, 0xff,
    0xff, 0xff, 0xfb, 0x0, 0x0, 0x0, 0xe, 0xf2,
    0x0, 0x0, 0x0, 0x0, 0x0, 0x0, 0x5, 0xfc,
    0x0, 0x0, 0x0, 0x0, 0x0, 0x0, 0x0, 0xbf,
    0x70, 0x0, 0x0, 0x0, 0x0, 0x0, 0x0, 0x2f,
    0xf0, 0x0, 0x0, 0x0, 0x0, 0x0, 0x0, 0xa,
    0xf8, 0x0, 0x0, 0x0, 0x0, 0x0, 0x0, 0x3,
    0xff, 0xff, 0xff, 0xff, 0xfa, 0x0, 0x0, 0x0,
    0xcf, 0xff, 0xff, 0xff, 0xff, 0xf2, 0x0, 0x0,
    0x7f, 0xff, 0xa0, 0x0, 0x1, 0xff, 0x20, 0x0,
    0x3f, 0xfd, 0xf8, 0x0, 0x0, 0x2f, 0xf0, 0x0,
    0x2e, 0xf8, 0xbf, 0x60, 0x0, 0x4, 0xfe, 0x0,
    0x1d, 0xfc, 0xc, 0xf5, 0x0, 0x0, 0x5f, 0xd0,
    0x4, 0xfd, 0x10, 0xef, 0x30, 0x0, 0x7, 0xfb,
    0x0, 0x5, 0x20, 0xf, 0xf1, 0x0, 0x0, 0x8f,
    0x90, 0x0, 0x0, 0x1, 0xff, 0x0, 0x0, 0xa,
    0xf7, 0x0, 0x0, 0x0, 0x3f, 0xff, 0xff, 0xff,
    0xff, 0x60, 0x0, 0x0, 0x4, 0xff, 0xff, 0xff,
    0xff, 0xf4, 0x0,

    /* U+53F6 "叶" */
    0x0, 0x0, 0x0, 0x0, 0x0, 0x7, 0xf7, 0x0,
    0x0, 0x1, 0x10, 0x0, 0x0, 0x9, 0xf5, 0x0,
    0x0, 0xbf, 0xff, 0xd1, 0x0, 0xa, 0xf4, 0x0,
    0x0, 0xdf, 0xde, 0xf4, 0x0, 0xc, 0xf2, 0x0,
    0x0, 0xee, 0xa, 0xf2, 0x0, 0xe, 0xf1, 0x0,
    0x0, 0xfd, 0xc, 0xf1, 0x0, 0xf, 0xf0, 0x0,
    0x2, 0xfb, 0xe, 0xf0, 0x0, 0x1f, 0xe0, 0x0,
    0x3, 0xf9, 0xf, 0xd0, 0x0, 0x2f, 0xc0, 0x0,
    0x5, 0xf7, 0x1f, 0xb2, 0x33, 0x6f, 0xc3, 0x32,
    0x7, 0xf6, 0x3f, 0xab, 0xff, 0xff, 0xff, 0xfb,
    0x9, 0xf4, 0x5f, 0x89, 0xbb, 0xdf, 0xdb, 0xb6,
    0xa, 0xf2, 0x7f, 0x60, 0x0, 0x9f, 0x60, 0x0,
    0xc, 0xf1, 0x9f, 0x40, 0x0, 0xbf, 0x40, 0x0,
    0xe, 0xf0, 0xaf, 0x30, 0x0, 0xcf, 0x20, 0x0,
    0xf, 0xd0, 0xcf, 0x10, 0x0, 0xef, 0x10, 0x0,
    0x1f, 0xb0, 0xef, 0x0, 0x0, 0xff, 0x0, 0x0,
    0x3f, 0xfd, 0xfd, 0x0, 0x1, 0xfd, 0x0, 0x0,
    0x4f, 0xff, 0xfc, 0x0, 0x3, 0xfc, 0x0, 0x0,
    0x6f, 0x70, 0x0, 0x0, 0x5, 0xfa, 0x0, 0x0,
    0x8f, 0x50, 0x0, 0x0, 0x6, 0xf8, 0x0, 0x0,
    0x13, 0x0, 0x0, 0x0, 0x8, 0xf6, 0x0, 0x0,
    0x0, 0x0, 0x0, 0x0, 0xa, 0xf5, 0x0, 0x0,

    /* U+53F7 "号" */
    0x0, 0xe, 0xff, 0xff, 0xff, 0xff, 0xd1, 0x0,
    0x0, 0xff, 0xee, 0xee, 0xee, 0xff, 0x60, 0x0,
    0x1f, 0xd0, 0x0, 0x0, 0x9, 0xf6, 0x0, 0x3,
    0xfb, 0x0, 0x0, 0x0, 0xaf, 0x40, 0x0, 0x4f,
    0xa0, 0x0, 0x0, 0xc, 0xf2, 0x0, 0x6, 0xff,
    0xff, 0xff, 0xff, 0xff, 0x10, 0x0, 0x6d, 0xdd,
    0xdd, 0xdd, 0xdd, 0xd0, 0x0, 0x0, 0x0, 0x0,
    0x0, 0x0, 0x0, 0x0, 0x7d, 0xdd, 0xdd, 0xdd,
    0xdd, 0xdd, 0xdd, 0x5a, 0xff, 0xff, 0xff, 0xff,
    0xff, 0xff, 0xf5, 0x11, 0x1e, 0xf2, 0x11, 0x11,
    0x11, 0x11, 0x0, 0x3, 0xfc, 0x0, 0x0, 0x0,
    0x0, 0x0, 0x0, 0x8f, 0xed, 0xdd, 0xdd, 0xca,
    0x10, 0x0, 0xd, 0xff, 0xff, 0xff, 0xff, 0xf7,
    0x0, 0x0, 0x0, 0x0, 0x0, 0x0, 0x9f, 0x70,
    0x0, 0x0, 0x0, 0x0, 0x0, 0xb, 0xf5, 0x0,
    0x0, 0x0, 0x0, 0x0, 0x0, 0xdf, 0x30, 0x0,
    0x0, 0x7, 0xe7, 0x0, 0x1f, 0xf0, 0x0, 0x0,
    0x0, 0x7f, 0xe3, 0x1a, 0xfb, 0x0, 0x0, 0x0,
    0x0, 0xdf, 0xff, 0xff, 0x30, 0x0, 0x0, 0x0,
    0x1, 0x9e, 0xfc, 0x40, 0x0, 0x0,

    /* U+5408 "合" */
    0x0, 0x0, 0x0, 0x0, 0xa, 0x60, 0x0, 0x0,
    0x0, 0x0, 0x0, 0x0, 0x0, 0x4f, 0xe0, 0x0,
    0x0, 0x0, 0x0, 0x0, 0x0, 0x1, 0xef, 0xf1,
    0x0, 0x0, 0x0, 0x0, 0x0, 0x0, 0xb, 0xff,
    0xfa, 0x0, 0x0, 0x0, 0x0, 0x0, 0x0, 0x9f,
    0xe2, 0xef, 0x60, 0x0, 0x0, 0x0, 0x0, 0x8,
    0xff, 0x40, 0x4f, 0xf4, 0x0, 0x0, 0x0, 0x0,
    0x8f, 0xf6, 0x0, 0x8, 0xff, 0x30, 0x0, 0x0,
    0xa, 0xff, 0x60, 0x0, 0x0, 0xaf, 0xe4, 0x0,
    0x1, 0xcf, 0xfe, 0xcc, 0xcc, 0xcc, 0xcd, 0xff,
    0x60, 0xc, 0xfe, 0x4d, 0xff, 0xff, 0xff, 0xf1,
    0xaf, 0xf4, 0x4, 0xc1, 0x2, 0x33, 0x33, 0x33,
    0x30, 0x9, 0xc0, 0x0, 0x0, 0x0, 0x0, 0x0,
    0x0, 0x0, 0x0, 0x10, 0x0, 0x0, 0x0, 0x0,
    0x0, 0x0, 0x0, 0x0, 0x0, 0x0, 0x6, 0xff,
    0xff, 0xff, 0xff, 0xfc, 0x0, 0x0, 0x0, 0x7,
    0xff, 0xee, 0xee, 0xee, 0xff, 0x40, 0x0, 0x0,
    0x9, 0xf6, 0x0, 0x0, 0x0, 0xcf, 0x30, 0x0,
    0x0, 0xb, 0xf5, 0x0, 0x0, 0x0, 0xef, 0x20,
    0x0, 0x0, 0xc, 0xf3, 0x0, 0x0, 0x0, 0xff,
    0x0, 0x0, 0x0, 0xe, 0xf2, 0x0, 0x0, 0x1,
    0xfe, 0x0, 0x0, 0x0, 0xf, 0xf0, 0x0, 0x0,
    0x3, 0xfc, 0x0, 0x0, 0x0, 0x1f, 0xff, 0xff,
    0xff, 0xff, 0xfb, 0x0, 0x0, 0x0, 0x3f, 0xff,
    0xff, 0xff, 0xff, 0xf9, 0x0, 0x0,

    /* U+540C "同" */
    0x0, 0x5f, 0xff, 0xff, 0xff, 0xff, 0xff, 0xe5,
    0x0, 0x6f, 0xff, 0xff, 0xff, 0xff, 0xff, 0xfb,
    0x0, 0x8f, 0x81, 0x11, 0x11, 0x11, 0x16, 0xfa,
    0x0, 0xaf, 0x60, 0x0, 0x0, 0x0, 0x7, 0xf8,
    0x0, 0xbf, 0x4b, 0xdd, 0xdd, 0xdd, 0x89, 0xf7,
    0x0, 0xdf, 0x3f, 0xff, 0xff, 0xff, 0x8b, 0xf5,
    0x0, 0xef, 0x10, 0x0, 0x0, 0x0, 0xc, 0xf3,
    0x0, 0xff, 0x0, 0x0, 0x0, 0x0, 0xe, 0xf2,
    0x2, 0xfe, 0xa, 0xff, 0xff, 0xf4, 0xf, 0xf0,
    0x3, 0xfd, 0xb, 0xfb, 0xac, 0xf8, 0x1f, 0xe0,
    0x5, 0xfb, 0xd, 0xf0, 0x7, 0xf6, 0x3f, 0xd0,
    0x6, 0xfa, 0xf, 0xd0, 0x9, 0xf5, 0x5f, 0xb0,
    0x8, 0xf8, 0x1f, 0xc0, 0xb, 0xf3, 0x6f, 0x90,
    0xa, 0xf6, 0x2f, 0xea, 0xae, 0xf1, 0x8f, 0x80,
    0xb, 0xf5, 0x4f, 0xff, 0xff, 0xf0, 0xaf, 0x60,
    0xd, 0xf3, 0x6f, 0x81, 0x11, 0x10, 0xbf, 0x40,
    0xe, 0xf2, 0x38, 0x30, 0x0, 0x0, 0xdf, 0x30,
    0xf, 0xf0, 0x0, 0x0, 0x2, 0x0, 0xff, 0x10,
    0x2f, 0xf0, 0x0, 0x0, 0xdf, 0x23, 0xfe, 0x0,
    0x3f, 0xd0, 0x0, 0x0, 0xcf, 0xff, 0xf9, 0x0,
    0x5f, 0xc0, 0x0, 0x0, 0x2d, 0xff, 0xb1, 0x0,
    0x0, 0x0, 0x0, 0x0, 0x0, 0x21, 0x0, 0x0,

    /* U+540D "名" */
    0x0, 0x0, 0x0, 0x1, 0x50, 0x0, 0x0, 0x0,
    0x0, 0x0, 0x0, 0xaf, 0x80, 0x0, 0x0, 0x0,
    0x0, 0x0, 0x7f, 0xd0, 0x0, 0x0, 0x0, 0x0,
    0x0, 0x7f, 0xfe, 0xdd, 0xdd, 0xb2, 0x0, 0x0,
    0x7f, 0xff, 0xff, 0xff, 0xff, 0x80, 0x0, 0xaf,
    0xf8, 0x0, 0x0, 0xe, 0xf4, 0x2, 0xdf, 0xef,
    0xf5, 0x0, 0xa, 0xfb, 0x0, 0x1e, 0xc2, 0x3f,
    0xf5, 0x9, 0xfe, 0x10, 0x0, 0x20, 0x0, 0x3f,
    0xfb, 0xfe, 0x20, 0x0, 0x0, 0x0, 0x0, 0x8f,
    0xfd, 0x20, 0x0, 0x0, 0x0, 0x3, 0xbf, 0xfa,
    0x0, 0x0, 0x0, 0x0, 0x5b, 0xff, 0xe5, 0x0,
    0x0, 0x0, 0x18, 0xef, 0xff, 0xff, 0xff, 0xff,
    0xfa, 0x1, 0xff, 0xbf, 0xfd, 0xdd, 0xdd, 0xdf,
    0xf1, 0x4, 0x11, 0xfe, 0x0, 0x0, 0x0, 0xff,
    0x0, 0x0, 0x2f, 0xc0, 0x0, 0x0, 0x1f, 0xe0,
    0x0, 0x4, 0xfb, 0x0, 0x0, 0x2, 0xfd, 0x0,
    0x0, 0x6f, 0x90, 0x0, 0x0, 0x4f, 0xb0, 0x0,
    0x7, 0xf8, 0x0, 0x0, 0x5, 0xf9, 0x0, 0x0,
    0x9f, 0x60, 0x0, 0x0, 0x7f, 0x80, 0x0, 0xa,
    0xfe, 0xee, 0xee, 0xef, 0xf6, 0x0, 0x0, 0xcf,
    0xff, 0xff, 0xff, 0xff, 0x40,

    /* U+540E "后" */
    0x0, 0x0, 0x0, 0x0, 0x0, 0x0, 0x2, 0x55,
    0x0, 0x0, 0x0, 0x0, 0x13, 0x58, 0xbe, 0xff,
    0xd0, 0x0, 0x0, 0x7e, 0xff, 0xff, 0xff, 0xff,
    0xb7, 0x0, 0x0, 0x9, 0xff, 0xec, 0xa8, 0x62,
    0x0, 0x0, 0x0, 0x0, 0xbf, 0x60, 0x0, 0x0,
    0x0, 0x0, 0x0, 0x0, 0xc, 0xf4, 0x0, 0x0,
    0x0, 0x0, 0x0, 0x0, 0x0, 0xef, 0x30, 0x0,
    0x0, 0x0, 0x0, 0x0, 0x0, 0xf, 0xff, 0xff,
    0xff, 0xff, 0xff, 0xf7, 0x0, 0x1, 0xff, 0xff,
    0xff, 0xff, 0xff, 0xff, 0x60, 0x0, 0x3f, 0xe0,
    0x0, 0x0, 0x0, 0x0, 0x0, 0x0, 0x5, 0xfb,
    0x0, 0x0, 0x0, 0x0, 0x0, 0x0, 0x0, 0x7f,
    0x90, 0x11, 0x11, 0x11, 0x0, 0x0, 0x0, 0xa,
    0xf6, 0x7f, 0xff, 0xff, 0xff, 0xc0, 0x0, 0x0,
    0xef, 0x39, 0xff, 0xff, 0xff, 0xff, 0x30, 0x0,
    0x2f, 0xf0, 0xbf, 0x50, 0x0, 0xe, 0xf3, 0x0,
    0x6, 0xfb, 0xc, 0xf3, 0x0, 0x0, 0xff, 0x10,
    0x0, 0xbf, 0x70, 0xef, 0x10, 0x0, 0x1f, 0xf0,
    0x0, 0x1f, 0xf2, 0xf, 0xf0, 0x0, 0x3, 0xfe,
    0x0, 0x7, 0xfc, 0x1, 0xfe, 0x0, 0x0, 0x4f,
    0xc0, 0x0, 0xef, 0x60, 0x3f, 0xd0, 0x0, 0x6,
    0xfb, 0x0, 0x6f, 0xf0, 0x5, 0xff, 0xff, 0xff,
    0xff, 0x90, 0x7, 0xf8, 0x0, 0x6f, 0xff, 0xff,
    0xff, 0xf7, 0x0, 0x2, 0x10, 0x0, 0x0, 0x0,
    0x0, 0x0, 0x0, 0x0,

    /* U+5411 "向" */
    0x0, 0x0, 0x0, 0x3, 0x94, 0x0, 0x0, 0x0,
    0x0, 0x0, 0x0, 0x9, 0xf6, 0x0, 0x0, 0x0,
    0x0, 0x0, 0x0, 0x1f, 0xf1, 0x0, 0x0, 0x0,
    0x0, 0x6b, 0xbb, 0xcf, 0xeb, 0xbb, 0xbb, 0x80,
    0x0, 0xaf, 0xff, 0xff, 0xff, 0xff, 0xff, 0xf7,
    0x0, 0xcf, 0x63, 0x33, 0x33, 0x33, 0x39, 0xf8,
    0x0, 0xdf, 0x10, 0x0, 0x0, 0x0, 0x8, 0xf6,
    0x0, 0xff, 0x0, 0x11, 0x10, 0x0, 0xa, 0xf5,
    0x1, 0xfe, 0x5, 0xff, 0xff, 0xf3, 0xb, 0xf3,
    0x2, 0xfc, 0x7, 0xfc, 0xbd, 0xf6, 0xd, 0xf1,
    0x4, 0xfb, 0x8, 0xf3, 0x7, 0xf5, 0xf, 0xf0,
    0x5, 0xf9, 0xa, 0xf1, 0x9, 0xf3, 0xf, 0xe0,
    0x7, 0xf7, 0xc, 0xf0, 0xb, 0xf1, 0x2f, 0xc0,
    0x9, 0xf6, 0xe, 0xd0, 0xc, 0xf0, 0x4f, 0xb0,
    0xa, 0xf4, 0xf, 0xe9, 0x9f, 0xd0, 0x5f, 0x90,
    0xc, 0xf2, 0x1f, 0xff, 0xff, 0xb0, 0x7f, 0x70,
    0xe, 0xf1, 0x2, 0x22, 0x22, 0x10, 0x9f, 0x60,
    0xf, 0xf0, 0x0, 0x0, 0x0, 0x0, 0xaf, 0x40,
    0x1f, 0xd0, 0x0, 0x0, 0x13, 0x0, 0xdf, 0x20,
    0x3f, 0xc0, 0x0, 0x0, 0xcf, 0x12, 0xff, 0x0,
    0x4f, 0xa0, 0x0, 0x0, 0x6f, 0xff, 0xf8, 0x0,
    0x5f, 0x80, 0x0, 0x0, 0x7, 0xee, 0x90, 0x0,

    /* U+5417 "吗" */
    0x0, 0x0, 0x0, 0x0, 0xff, 0xff, 0xff, 0x90,
    0x0, 0xcf, 0xff, 0x71, 0xdd, 0xdd, 0xdf, 0xf0,
    0x0, 0xef, 0xdf, 0xc0, 0x0, 0x0, 0x1f, 0xd0,
    0x0, 0xfb, 0xf, 0xa0, 0x5b, 0x20, 0x4f, 0xa0,
    0x1, 0xf9, 0x2f, 0x90, 0xbf, 0x0, 0x6f, 0x80,
    0x3, 0xf8, 0x3f, 0x70, 0xed, 0x0, 0x9f, 0x50,
    0x4, 0xf6, 0x5f, 0x51, 0xfa, 0x0, 0xcf, 0x20,
    0x6, 0xf4, 0x7f, 0x34, 0xf7, 0x0, 0xef, 0x0,
    0x8, 0xf3, 0x9f, 0x27, 0xf5, 0x1, 0xfd, 0x0,
    0x9, 0xf1, 0xbf, 0xa, 0xff, 0xff, 0xff, 0xd1,
    0xb, 0xf0, 0xce, 0xa, 0xdd, 0xdd, 0xde, 0xf4,
    0xd, 0xd0, 0xed, 0x0, 0x0, 0x0, 0xa, 0xf3,
    0xe, 0xc0, 0xfb, 0x24, 0x44, 0x44, 0x1c, 0xf1,
    0xf, 0xa2, 0xf9, 0x8f, 0xff, 0xff, 0x4e, 0xf0,
    0x2f, 0x83, 0xf7, 0x58, 0x88, 0x88, 0x1f, 0xe0,
    0x3f, 0xed, 0xf6, 0x0, 0x0, 0x0, 0x1f, 0xc0,
    0x5f, 0xff, 0xf4, 0x0, 0x22, 0x0, 0x3f, 0xa0,
    0x7f, 0x51, 0x10, 0x5, 0xfa, 0x0, 0x6f, 0x70,
    0x8f, 0x20, 0x0, 0x1, 0xff, 0x42, 0xdf, 0x30,
    0x0, 0x0, 0x0, 0x0, 0x9f, 0xff, 0xfc, 0x0,
    0x0, 0x0, 0x0, 0x0, 0x9, 0xee, 0xa1, 0x0,

    /* U+5426 "否" */
    0x9, 0xff, 0xff, 0xff, 0xff, 0xff, 0xff, 0xf0,
    0xb, 0xff, 0xff, 0xff, 0xff, 0xff, 0xff, 0xf0,
    0x0, 0x0, 0x0, 0x4f, 0xe0, 0x0, 0x0, 0x0,
    0x0, 0x0, 0x2, 0xff, 0xb0, 0x0, 0x0, 0x0,
    0x0, 0x0, 0x3e, 0xff, 0x92, 0xd7, 0x0, 0x0,
    0x0, 0x4, 0xff, 0xdf, 0x73, 0xff, 0x50, 0x0,
    0x0, 0x8f, 0xf5, 0xaf, 0x60, 0x5f, 0xf2, 0x0,
    0x4d, 0xfe, 0x40, 0xcf, 0x40, 0x8, 0xfd, 0x0,
    0x8f, 0xb1, 0x0, 0xdf, 0x20, 0x0, 0xcf, 0x60,
    0x6, 0x0, 0x0, 0xff, 0x0, 0x0, 0x27, 0x0,
    0x0, 0x0, 0x0, 0xcc, 0x0, 0x0, 0x0, 0x0,
    0x0, 0x0, 0x0, 0x0, 0x0, 0x0, 0x0, 0x0,
    0x5, 0xcc, 0xcc, 0xcc, 0xcc, 0xca, 0x20, 0x0,
    0x9, 0xff, 0xff, 0xff, 0xff, 0xff, 0xa0, 0x0,
    0xa, 0xf5, 0x0, 0x0, 0x0, 0x6f, 0xa0, 0x0,
    0xc, 0xf3, 0x0, 0x0, 0x0, 0x7f, 0x80, 0x0,
    0xd, 0xf2, 0x0, 0x0, 0x0, 0x9f, 0x70, 0x0,
    0xf, 0xf0, 0x0, 0x0, 0x0, 0xbf, 0x50, 0x0,
    0x1f, 0xf0, 0x0, 0x0, 0x0, 0xcf, 0x30, 0x0,
    0x2f, 0xfd, 0xdd, 0xdd, 0xdd, 0xff, 0x20, 0x0,
    0x4f, 0xff, 0xff, 0xff, 0xff, 0xff, 0x0, 0x0,

    /* U+542B "含" */
    0x0, 0x0, 0x0, 0x0, 0x94, 0x0, 0x0, 0x0,
    0x0, 0x0, 0x0, 0x0, 0x9f, 0xd0, 0x0, 0x0,
    0x0, 0x0, 0x0, 0x1, 0xbf, 0xff, 0x70, 0x0,
    0x0, 0x0, 0x0, 0x4, 0xef, 0xd6, 0xff, 0xc3,
    0x0, 0x0, 0x0, 0x2a, 0xff, 0xa1, 0x42, 0xdf,
    0xfa, 0x20, 0x1, 0xbf, 0xfe, 0x50, 0xcf, 0x20,
    0x7e, 0xff, 0xc1, 0xf, 0xe7, 0x0, 0x4, 0xfb,
    0x0, 0x17, 0xee, 0x0, 0x30, 0x0, 0x0, 0xa,
    0x60, 0x0, 0x0, 0x20, 0x0, 0x5, 0x99, 0x99,
    0x99, 0x99, 0x70, 0x0, 0x0, 0x0, 0xaf, 0xff,
    0xff, 0xff, 0xff, 0x40, 0x0, 0x0, 0x0, 0x11,
    0x11, 0x11, 0x9f, 0xe1, 0x0, 0x0, 0x0, 0x0,
    0x0, 0x2, 0xcf, 0xf4, 0x0, 0x0, 0x0, 0x0,
    0x0, 0x29, 0xff, 0xe3, 0x0, 0x0, 0x0, 0x0,
    0x0, 0xb, 0xff, 0x91, 0x0, 0x0, 0x0, 0x0,
    0xcf, 0xff, 0xff, 0xff, 0xff, 0xe2, 0x0, 0x0,
    0xe, 0xfb, 0xaa, 0xaa, 0xaa, 0xdf, 0x70, 0x0,
    0x0, 0xff, 0x0, 0x0, 0x0, 0x9, 0xf6, 0x0,
    0x0, 0x1f, 0xf0, 0x0, 0x0, 0x0, 0xbf, 0x50,
    0x0, 0x3, 0xfd, 0x0, 0x0, 0x0, 0xc, 0xf3,
    0x0, 0x0, 0x5f, 0xb0, 0x0, 0x0, 0x0, 0xef,
    0x10, 0x0, 0x6, 0xfe, 0xbb, 0xbb, 0xbb, 0xbf,
    0xf0, 0x0, 0x0, 0x8f, 0xff, 0xff, 0xff, 0xff,
    0xfe, 0x0, 0x0,

    /* U+542F "启" */
    0x0, 0x0, 0x0, 0x0, 0x8, 0xf6, 0x0, 0x0,
    0x0, 0x0, 0x0, 0x0, 0x0, 0xaf, 0x40, 0x0,
    0x0, 0x0, 0x0, 0x7b, 0xbb, 0xbe, 0xfc, 0xbb,
    0xa7, 0x0, 0x0, 0xc, 0xff, 0xff, 0xff, 0xff,
    0xff, 0xf3, 0x0, 0x0, 0xef, 0x43, 0x33, 0x33,
    0x33, 0xdf, 0x40, 0x0, 0xf, 0xf0, 0x0, 0x0,
    0x0, 0xd, 0xf2, 0x0, 0x1, 0xfd, 0x0, 0x0,
    0x0, 0x0, 0xff, 0x0, 0x0, 0x3f, 0xc0, 0x0,
    0x0, 0x0, 0x1f, 0xe0, 0x0, 0x5, 0xff, 0xff,
    0xff, 0xff, 0xff, 0xfc, 0x0, 0x0, 0x7f, 0xfe,
    0xee, 0xee, 0xee, 0xee, 0xa0, 0x0, 0x9, 0xf6,
    0x0, 0x0, 0x0, 0x0, 0x0, 0x0, 0x0, 0xbf,
    0x40, 0x0, 0x0, 0x0, 0x0, 0x0, 0x0, 0xd,
    0xf2, 0x22, 0x22, 0x22, 0x22, 0x0, 0x0, 0x0,
    0xff, 0xd, 0xff, 0xff, 0xff, 0xff, 0x30, 0x0,
    0x4f, 0xc0, 0xef, 0xbb, 0xbb, 0xbd, 0xf7, 0x0,
    0x7, 0xf8, 0xf, 0xe0, 0x0, 0x0, 0x8f, 0x60,
    0x0, 0xbf, 0x41, 0xfc, 0x0, 0x0, 0xa, 0xf4,
    0x0, 0x1f, 0xf0, 0x3f, 0xb0, 0x0, 0x0, 0xbf,
    0x30, 0x7, 0xfa, 0x5, 0xf9, 0x0, 0x0, 0xd,
    0xf1, 0x0, 0xdf, 0x40, 0x6f, 0x80, 0x0, 0x0,
    0xff, 0x0, 0x6f, 0xd0, 0x8, 0xfe, 0xee, 0xee,
    0xef, 0xe0, 0x6, 0xf4, 0x0, 0x9f, 0xff, 0xff,
    0xff, 0xfc, 0x0, 0x2, 0x0, 0x0, 0x0, 0x0,
    0x0, 0x0, 0x0, 0x0,

    /* U+544A "告" */
    0x0, 0x2, 0x30, 0x6, 0xfa, 0x0, 0x0, 0x0,
    0x0, 0xaf, 0x50, 0x7f, 0x80, 0x0, 0x0, 0x0,
    0x1f, 0xf0, 0x9, 0xf6, 0x0, 0x0, 0x0, 0x9,
    0xfe, 0xbb, 0xef, 0xdb, 0xbb, 0xb7, 0x2, 0xff,
    0xff, 0xff, 0xff, 0xff, 0xff, 0x90, 0xbf, 0x82,
    0x22, 0xef, 0x42, 0x22, 0x21, 0x6f, 0xd0, 0x0,
    0xf, 0xf0, 0x0, 0x0, 0x0, 0x94, 0x0, 0x1,
    0xfe, 0x0, 0x0, 0x0, 0x0, 0x0, 0x0, 0x3f,
    0xd0, 0x0, 0x0, 0x8, 0xff, 0xff, 0xff, 0xff,
    0xff, 0xff, 0xf8, 0x8e, 0xee, 0xee, 0xee, 0xee,
    0xee, 0xee, 0x60, 0x0, 0x0, 0x0, 0x0, 0x0,
    0x0, 0x0, 0x0, 0x0, 0x0, 0x0, 0x0, 0x0,
    0x0, 0x0, 0x8f, 0xff, 0xff, 0xff, 0xff, 0xf4,
    0x0, 0xa, 0xfe, 0xdd, 0xdd, 0xdd, 0xef, 0xb0,
    0x0, 0xbf, 0x50, 0x0, 0x0, 0x6, 0xfa, 0x0,
    0xd, 0xf3, 0x0, 0x0, 0x0, 0x7f, 0x90, 0x0,
    0xef, 0x20, 0x0, 0x0, 0x9, 0xf7, 0x0, 0xf,
    0xf0, 0x0, 0x0, 0x0, 0xaf, 0x60, 0x1, 0xff,
    0x0, 0x0, 0x0, 0xc, 0xf4, 0x0, 0x3f, 0xfe,
    0xee, 0xee, 0xee, 0xff, 0x30, 0x5, 0xff, 0xff,
    0xff, 0xff, 0xff, 0xf1, 0x0,

    /* U+5468 "周" */
    0x0, 0x0, 0x6f, 0xff, 0xff, 0xff, 0xff, 0xff,
    0x70, 0x0, 0x0, 0x8f, 0xee, 0xee, 0xee, 0xee,
    0xef, 0xe0, 0x0, 0x0, 0xaf, 0x30, 0x0, 0x0,
    0x0, 0x1f, 0xd0, 0x0, 0x0, 0xcf, 0x10, 0x7,
    0xd3, 0x0, 0x3f, 0xb0, 0x0, 0x0, 0xef, 0x0,
    0xa, 0xf2, 0x0, 0x5f, 0xa0, 0x0, 0x0, 0xfd,
    0xf, 0xff, 0xff, 0xf5, 0x6f, 0x80, 0x0, 0x1,
    0xfb, 0x8, 0x8e, 0xf8, 0x81, 0x8f, 0x70, 0x0,
    0x4, 0xf9, 0x0, 0xf, 0xd0, 0x0, 0xaf, 0x50,
    0x0, 0x6, 0xf7, 0x79, 0x9f, 0xe9, 0x95, 0xbf,
    0x30, 0x0, 0x8, 0xf5, 0xdf, 0xff, 0xff, 0xf7,
    0xdf, 0x20, 0x0, 0xa, 0xf3, 0x0, 0x0, 0x0,
    0x0, 0xff, 0x0, 0x0, 0xd, 0xf0, 0x47, 0x77,
    0x77, 0x10, 0xfe, 0x0, 0x0, 0x1f, 0xd0, 0xbf,
    0xff, 0xff, 0xa2, 0xfd, 0x0, 0x0, 0x5f, 0xa0,
    0xdd, 0x0, 0x1f, 0x94, 0xfb, 0x0, 0x0, 0x9f,
    0x50, 0xec, 0x11, 0x4f, 0x85, 0xf9, 0x0, 0x0,
    0xef, 0x10, 0xff, 0xff, 0xff, 0x67, 0xf8, 0x0,
    0x5, 0xfb, 0x0, 0x66, 0x66, 0x66, 0x19, 0xf6,
    0x0, 0xc, 0xf5, 0x0, 0x0, 0x2, 0x50, 0xb,
    0xf4, 0x0, 0x4f, 0xe0, 0x0, 0x0, 0xf, 0xf3,
    0x2f, 0xf1, 0x0, 0xbf, 0x70, 0x0, 0x0, 0x9,
    0xff, 0xff, 0xa0, 0x0, 0x1b, 0x0, 0x0, 0x0,
    0x0, 0x9e, 0xea, 0x10, 0x0,

    /* U+547D "命" */
    0x0, 0x0, 0x0, 0x0, 0x49, 0x10, 0x0, 0x0,
    0x0, 0x0, 0x0, 0x0, 0x2e, 0xf6, 0x0, 0x0,
    0x0, 0x0, 0x0, 0x0, 0x1d, 0xff, 0x70, 0x0,
    0x0, 0x0, 0x0, 0x0, 0x2e, 0xfc, 0xff, 0x60,
    0x0, 0x0, 0x0, 0x0, 0x5f, 0xfc, 0x4, 0xff,
    0x80, 0x0, 0x0, 0x2, 0xbf, 0xf9, 0x0, 0x4,
    0xff, 0xd4, 0x0, 0xa, 0xff, 0xee, 0xdd, 0xdd,
    0xde, 0xef, 0xfc, 0x30, 0xcf, 0x80, 0xef, 0xff,
    0xff, 0xf1, 0x8f, 0xf2, 0x2, 0x10, 0x0, 0x0,
    0x0, 0x0, 0x0, 0x16, 0x0, 0x0, 0x0, 0x0,
    0x0, 0x11, 0x11, 0x0, 0x0, 0x0, 0xdf, 0xff,
    0xd2, 0x6f, 0xff, 0xff, 0x40, 0x0, 0xf, 0xeb,
    0xcf, 0x68, 0xfb, 0xab, 0xf8, 0x0, 0x1, 0xfb,
    0x7, 0xf4, 0xaf, 0x30, 0x4f, 0x60, 0x0, 0x2f,
    0x90, 0x9f, 0x3b, 0xf1, 0x6, 0xf5, 0x0, 0x4,
    0xf7, 0xa, 0xf1, 0xdf, 0x0, 0x8f, 0x30, 0x0,
    0x6f, 0x60, 0xcf, 0xf, 0xd0, 0xa, 0xf1, 0x0,
    0x8, 0xf9, 0x6e, 0xd0, 0xfc, 0x0, 0xbf, 0x0,
    0x0, 0x9f, 0xff, 0xfc, 0x2f, 0xdf, 0x7e, 0xd0,
    0x0, 0xb, 0xf5, 0x55, 0x34, 0xf9, 0xef, 0xf7,
    0x0, 0x0, 0x9b, 0x0, 0x0, 0x5f, 0x73, 0xa7,
    0x0, 0x0, 0x0, 0x0, 0x0, 0x7, 0xf5, 0x0,
    0x0, 0x0, 0x0, 0x0, 0x0, 0x0, 0x9f, 0x30,
    0x0, 0x0, 0x0,

    /* U+548C "和" */
    0x0, 0x0, 0x0, 0x0, 0x11, 0x0, 0x0, 0x0,
    0x0, 0x0, 0x1, 0x46, 0x9d, 0xf8, 0x0, 0x0,
    0x0, 0x0, 0x0, 0xf, 0xff, 0xff, 0xa5, 0x7f,
    0xff, 0xfe, 0x80, 0x0, 0x9, 0x9a, 0xf8, 0x0,
    0x9f, 0xff, 0xff, 0xf0, 0x0, 0x0, 0x7, 0xf6,
    0x0, 0xbf, 0x30, 0xf, 0xf0, 0x0, 0x0, 0x9,
    0xf4, 0x0, 0xdf, 0x10, 0x1f, 0xe0, 0x0, 0x8c,
    0xce, 0xfd, 0xc4, 0xef, 0x0, 0x3f, 0xc0, 0x0,
    0xcf, 0xff, 0xff, 0xf4, 0xfe, 0x0, 0x4f, 0xa0,
    0x0, 0x1, 0xdf, 0xe1, 0x12, 0xfc, 0x0, 0x6f,
    0x90, 0x0, 0x2, 0xff, 0xc0, 0x3, 0xfa, 0x0,
    0x7f, 0x70, 0x0, 0x8, 0xff, 0xe2, 0x5, 0xf9,
    0x0, 0x9f, 0x50, 0x0, 0xd, 0xff, 0xfe, 0x16,
    0xf7, 0x0, 0xbf, 0x40, 0x0, 0x4f, 0xbf, 0xdf,
    0xc8, 0xf5, 0x0, 0xcf, 0x20, 0x0, 0xbf, 0x8f,
    0x6a, 0x8a, 0xf4, 0x0, 0xef, 0x0, 0x2, 0xfb,
    0x8f, 0x40, 0xb, 0xf2, 0x0, 0xff, 0x0, 0xa,
    0xf4, 0xaf, 0x30, 0xd, 0xf1, 0x1, 0xfd, 0x0,
    0x3f, 0xc0, 0xcf, 0x10, 0xf, 0xf0, 0x3, 0xfb,
    0x0, 0x1a, 0x50, 0xef, 0x0, 0xf, 0xd0, 0x4,
    0xfa, 0x0, 0x0, 0x0, 0xfe, 0x0, 0x2f, 0xc0,
    0x6, 0xf8, 0x0, 0x0, 0x1, 0xfc, 0x0, 0x3f,
    0xff, 0xff, 0xf6, 0x0, 0x0, 0x3, 0xfa, 0x0,
    0x5f, 0xff, 0xff, 0xf4, 0x0, 0x0, 0x5, 0xf9,
    0x0, 0x0, 0x0, 0x0, 0x0, 0x0,

    /* U+54CD "响" */
    0x0, 0x0, 0x0, 0x0, 0x0, 0x68, 0x10, 0x0,
    0x0, 0x0, 0x0, 0x0, 0x0, 0xdf, 0x10, 0x0,
    0x0, 0x9b, 0xb8, 0x0, 0x2, 0xfb, 0x0, 0x0,
    0x0, 0xef, 0xff, 0x3b, 0xbd, 0xfd, 0xbb, 0xa4,
    0x0, 0xfa, 0x9f, 0x4f, 0xff, 0xff, 0xff, 0xfd,
    0x1, 0xf8, 0xaf, 0x4f, 0x93, 0x33, 0x33, 0xed,
    0x3, 0xf6, 0xce, 0x5f, 0x50, 0x0, 0x0, 0xfb,
    0x4, 0xf5, 0xdc, 0x7f, 0x48, 0xaa, 0x61, 0xfa,
    0x6, 0xf3, 0xfa, 0x9f, 0x2e, 0xff, 0xe3, 0xf8,
    0x8, 0xf3, 0xf9, 0xaf, 0x1f, 0x7a, 0xd4, 0xf7,
    0x9, 0xf3, 0xf7, 0xcf, 0x1f, 0x6c, 0xb6, 0xf5,
    0xb, 0xe4, 0xf5, 0xed, 0x3f, 0x4e, 0xa7, 0xf3,
    0xd, 0xc6, 0xf4, 0xfc, 0x5f, 0x2f, 0x89, 0xf2,
    0xe, 0xb8, 0xf3, 0xfa, 0x7f, 0x2f, 0x6b, 0xf0,
    0xf, 0x99, 0xf3, 0xf8, 0x8f, 0x7f, 0x4c, 0xe0,
    0x1f, 0x7b, 0xe4, 0xf7, 0xaf, 0xff, 0x2e, 0xd0,
    0x3f, 0xde, 0xd6, 0xf5, 0x23, 0x33, 0xf, 0xb0,
    0x5f, 0xff, 0xb7, 0xf3, 0x0, 0x0, 0x1f, 0x90,
    0x6f, 0x41, 0x19, 0xf2, 0x4, 0x30, 0x3f, 0x80,
    0x7d, 0x10, 0xb, 0xf0, 0x1f, 0xa0, 0x7f, 0x50,
    0x0, 0x0, 0xc, 0xe0, 0xb, 0xfc, 0xfe, 0x0,
    0x0, 0x0, 0xd, 0xc0, 0x1, 0xbf, 0xc3, 0x0,

    /* U+5668 "器" */
    0x0, 0xf, 0xff, 0xff, 0x51, 0xff, 0xff, 0xe3,
    0x0, 0x1f, 0xeb, 0xcf, 0x93, 0xfd, 0xbc, 0xf7,
    0x0, 0x3f, 0x80, 0x4f, 0x85, 0xf6, 0x5, 0xf6,
    0x0, 0x4f, 0x60, 0x5f, 0x66, 0xf5, 0x7, 0xf4,
    0x0, 0x6f, 0xca, 0xcf, 0x48, 0xfb, 0xad, 0xf2,
    0x0, 0x8f, 0xff, 0xff, 0x2a, 0xff, 0xff, 0xf1,
    0x0, 0x0, 0x0, 0x6, 0x82, 0x1, 0x30, 0x0,
    0x0, 0x0, 0x0, 0xd, 0xf1, 0xe, 0xe0, 0x0,
    0x8, 0xbb, 0xbb, 0xbf, 0xfb, 0xbe, 0xfb, 0xb3,
    0xd, 0xff, 0xff, 0xff, 0xff, 0xff, 0xff, 0xf4,
    0x0, 0x0, 0x3e, 0xf7, 0x1e, 0xf5, 0x0, 0x0,
    0x0, 0x18, 0xff, 0x70, 0x3, 0xff, 0x80, 0x0,
    0x39, 0xff, 0xc3, 0x0, 0x0, 0x2c, 0xfe, 0x81,
    0x8f, 0xfe, 0xaa, 0x80, 0x5a, 0xaa, 0xff, 0xf3,
    0x17, 0xff, 0xff, 0xf4, 0x9f, 0xff, 0xff, 0x40,
    0x5, 0xf6, 0x7, 0xf5, 0xbf, 0x11, 0xbf, 0x0,
    0x7, 0xf4, 0x8, 0xf3, 0xcf, 0x0, 0xde, 0x0,
    0x8, 0xf3, 0x9, 0xf2, 0xee, 0x0, 0xed, 0x0,
    0xa, 0xf1, 0xa, 0xf0, 0xfc, 0x0, 0xfb, 0x0,
    0xb, 0xfb, 0xbe, 0xf1, 0xfe, 0xbb, 0xfa, 0x0,
    0xd, 0xff, 0xff, 0xd2, 0xff, 0xff, 0xf8, 0x0,

    /* U+566A "噪" */
    0x0, 0x0, 0x0, 0x0, 0xcf, 0xff, 0xff, 0xb0,
    0x0, 0xef, 0xfd, 0x10, 0xee, 0x88, 0x8e, 0xf0,
    0x0, 0xff, 0xff, 0x40, 0xfb, 0x0, 0xd, 0xe0,
    0x1, 0xf8, 0x8f, 0x21, 0xfc, 0x66, 0x6e, 0xc0,
    0x3, 0xf6, 0x9f, 0x12, 0xff, 0xff, 0xff, 0xb0,
    0x5, 0xf5, 0xbf, 0x0, 0x22, 0x22, 0x22, 0x10,
    0x6, 0xf3, 0xdd, 0x6f, 0xfe, 0x49, 0xff, 0xe2,
    0x8, 0xf2, 0xec, 0x8f, 0x8f, 0x7c, 0xda, 0xf4,
    0xa, 0xf1, 0xfa, 0x9d, 0x2f, 0x5d, 0x94, 0xf2,
    0xb, 0xe2, 0xf8, 0xbd, 0x8f, 0x3f, 0xba, 0xf0,
    0xd, 0xd3, 0xf7, 0xdf, 0xff, 0x3f, 0xff, 0xf0,
    0xf, 0xb5, 0xf5, 0x11, 0x13, 0x32, 0x11, 0x10,
    0xf, 0x97, 0xf3, 0x0, 0x9, 0xf2, 0x0, 0x0,
    0x2f, 0x88, 0xf6, 0xcc, 0xce, 0xfc, 0xcc, 0xc0,
    0x4f, 0x8b, 0xf7, 0xff, 0xff, 0xff, 0xff, 0xf0,
    0x5f, 0xff, 0xe0, 0x9, 0xee, 0xef, 0x70, 0x0,
    0x7f, 0xcb, 0x90, 0x3f, 0x8f, 0xca, 0xe0, 0x0,
    0x9f, 0x10, 0x1, 0xde, 0x2f, 0xa4, 0xf7, 0x0,
    0x12, 0x0, 0x1d, 0xf5, 0x3f, 0x80, 0xcf, 0x30,
    0x0, 0x0, 0xaf, 0x90, 0x4f, 0x70, 0x3f, 0xb0,
    0x0, 0x0, 0x17, 0x0, 0x6f, 0x50, 0x5, 0x10,

    /* U+56DE "回" */
    0x0, 0x9f, 0xff, 0xff, 0xff, 0xff, 0xff, 0xf7,
    0x0, 0xb, 0xff, 0xff, 0xff, 0xff, 0xff, 0xff,
    0xe0, 0x0, 0xcf, 0x30, 0x0, 0x0, 0x0, 0x1,
    0xfe, 0x0, 0xe, 0xf2, 0x0, 0x0, 0x0, 0x0,
    0x3f, 0xc0, 0x0, 0xff, 0x0, 0x0, 0x0, 0x0,
    0x4, 0xfa, 0x0, 0x1f, 0xe0, 0x9b, 0xbb, 0xbb,
    0x70, 0x6f, 0x90, 0x3, 0xfd, 0xf, 0xff, 0xff,
    0xff, 0x38, 0xf7, 0x0, 0x4f, 0xb0, 0xfe, 0x0,
    0xb, 0xf3, 0x9f, 0x50, 0x6, 0xf9, 0x2f, 0xc0,
    0x0, 0xdf, 0x1b, 0xf4, 0x0, 0x8f, 0x84, 0xfa,
    0x0, 0xf, 0xf0, 0xdf, 0x20, 0x9, 0xf6, 0x6f,
    0x90, 0x1, 0xfd, 0xe, 0xf1, 0x0, 0xbf, 0x48,
    0xf7, 0x0, 0x3f, 0xb0, 0xff, 0x0, 0xd, 0xf3,
    0x9f, 0x50, 0x4, 0xf9, 0x2f, 0xd0, 0x0, 0xef,
    0x1b, 0xf4, 0x11, 0x7f, 0x83, 0xfc, 0x0, 0xf,
    0xf0, 0xdf, 0xff, 0xff, 0xf6, 0x5f, 0xa0, 0x2,
    0xfe, 0xa, 0xaa, 0xaa, 0xaa, 0x37, 0xf8, 0x0,
    0x3f, 0xc0, 0x0, 0x0, 0x0, 0x0, 0x8f, 0x70,
    0x5, 0xfa, 0x0, 0x0, 0x0, 0x0, 0xa, 0xf5,
    0x0, 0x7f, 0x90, 0x0, 0x0, 0x0, 0x0, 0xbf,
    0x30, 0x8, 0xff, 0xff, 0xff, 0xff, 0xff, 0xff,
    0xf2, 0x0, 0xaf, 0xff, 0xff, 0xff, 0xff, 0xff,
    0xff, 0x0, 0x0,

    /* U+56E0 "因" */
    0x0, 0xcf, 0xff, 0xff, 0xff, 0xff, 0xff, 0xfb,
    0x0, 0xd, 0xff, 0xff, 0xff, 0xff, 0xff, 0xff,
    0xf2, 0x0, 0xff, 0x21, 0x11, 0x11, 0x11, 0x11,
    0xef, 0x20, 0x1f, 0xf0, 0x0, 0xf, 0xe0, 0x0,
    0xf, 0xf0, 0x2, 0xfe, 0x0, 0x1, 0xfb, 0x0,
    0x1, 0xfe, 0x0, 0x4f, 0xc0, 0x0, 0x3f, 0x90,
    0x0, 0x3f, 0xd0, 0x5, 0xfa, 0x6b, 0xbc, 0xfd,
    0xbb, 0x95, 0xfb, 0x0, 0x7f, 0x9b, 0xff, 0xff,
    0xff, 0xfc, 0x6f, 0x90, 0x9, 0xf7, 0x23, 0x3c,
    0xf5, 0x33, 0x28, 0xf8, 0x0, 0xaf, 0x50, 0x0,
    0xff, 0x60, 0x0, 0xaf, 0x60, 0xc, 0xf4, 0x0,
    0x4f, 0xfd, 0x0, 0xb, 0xf4, 0x0, 0xef, 0x20,
    0xb, 0xfd, 0xf4, 0x0, 0xdf, 0x30, 0xf, 0xf0,
    0x3, 0xfd, 0x3f, 0xb0, 0xf, 0xf1, 0x1, 0xff,
    0x0, 0xcf, 0x60, 0xdf, 0x20, 0xff, 0x0, 0x3f,
    0xd0, 0x8f, 0xd0, 0x7, 0xf8, 0x2f, 0xe0, 0x4,
    0xfc, 0x5f, 0xf3, 0x0, 0x2f, 0xd4, 0xfc, 0x0,
    0x6f, 0xa5, 0xf7, 0x0, 0x0, 0xca, 0x6f, 0xa0,
    0x8, 0xf8, 0x3, 0x0, 0x0, 0x0, 0x7, 0xf9,
    0x0, 0x9f, 0x81, 0x11, 0x11, 0x11, 0x11, 0x9f,
    0x70, 0xb, 0xff, 0xff, 0xff, 0xff, 0xff, 0xff,
    0xf5, 0x0, 0xcf, 0xff, 0xff, 0xff, 0xff, 0xff,
    0xff, 0x40, 0x0,

    /* U+56F4 "围" */
    0x0, 0xbf, 0xff, 0xff, 0xff, 0xff, 0xff, 0xfa,
    0x0, 0xc, 0xfd, 0xdd, 0xdd, 0xdd, 0xdd, 0xdf,
    0xf1, 0x0, 0xef, 0x0, 0x0, 0x54, 0x0, 0x0,
    0xef, 0x0, 0xf, 0xe0, 0x0, 0xf, 0xa0, 0x0,
    0xf, 0xe0, 0x1, 0xfc, 0x4b, 0xbb, 0xfd, 0xbb,
    0xa2, 0xfc, 0x0, 0x3f, 0xb7, 0xff, 0xff, 0xff,
    0xfe, 0x3f, 0xb0, 0x5, 0xf9, 0x0, 0x5, 0xf6,
    0x0, 0x5, 0xf9, 0x0, 0x6f, 0x83, 0xaa, 0xcf,
    0xba, 0xa2, 0x6f, 0x70, 0x8, 0xf6, 0x7f, 0xff,
    0xff, 0xff, 0x28, 0xf6, 0x0, 0xaf, 0x40, 0x0,
    0xaf, 0x10, 0x0, 0xaf, 0x40, 0xb, 0xf5, 0x99,
    0x9e, 0xf9, 0x96, 0xb, 0xf2, 0x0, 0xdf, 0x6f,
    0xff, 0xff, 0xff, 0xf3, 0xdf, 0x10, 0xe, 0xf0,
    0x11, 0x1f, 0xb1, 0x8f, 0x3f, 0xf0, 0x0, 0xfe,
    0x0, 0x0, 0xfa, 0x8, 0xf1, 0xfd, 0x0, 0x2f,
    0xc0, 0x0, 0x2f, 0xd0, 0xce, 0x2f, 0xb0, 0x3,
    0xfb, 0x0, 0x4, 0xff, 0xff, 0x94, 0xfa, 0x0,
    0x5f, 0x90, 0x0, 0x5f, 0x8a, 0x80, 0x5f, 0x80,
    0x7, 0xf7, 0x0, 0x6, 0xe2, 0x0, 0x7, 0xf6,
    0x0, 0x8f, 0x60, 0x0, 0x0, 0x0, 0x0, 0x9f,
    0x50, 0xa, 0xfe, 0xee, 0xee, 0xee, 0xee, 0xef,
    0xf3, 0x0, 0xcf, 0xff, 0xff, 0xff, 0xff, 0xff,
    0xff, 0x10, 0x0,

    /* U+56FA "固" */
    0x0, 0xaf, 0xff, 0xff, 0xff, 0xff, 0xff, 0xf9,
    0x0, 0xc, 0xff, 0xff, 0xff, 0xff, 0xff, 0xff,
    0xf0, 0x0, 0xdf, 0x10, 0x0, 0x0, 0x0, 0x0,
    0xff, 0x0, 0xf, 0xf0, 0x0, 0xa, 0x80, 0x0,
    0x1f, 0xe0, 0x1, 0xfd, 0x0, 0x1, 0xfb, 0x0,
    0x3, 0xfc, 0x0, 0x3f, 0xc0, 0x0, 0x3f, 0x90,
    0x0, 0x4f, 0xb0, 0x4, 0xfa, 0x6f, 0xff, 0xff,
    0xff, 0xa6, 0xf9, 0x0, 0x6f, 0x95, 0xcc, 0xef,
    0xdc, 0xc6, 0x8f, 0x70, 0x8, 0xf7, 0x0, 0x8,
    0xf4, 0x0, 0x9, 0xf6, 0x0, 0x9f, 0x50, 0x0,
    0x9f, 0x20, 0x0, 0xbf, 0x40, 0xb, 0xf4, 0xb,
    0xbe, 0xfb, 0x80, 0xd, 0xf2, 0x0, 0xdf, 0x21,
    0xff, 0xff, 0xff, 0x40, 0xef, 0x10, 0xe, 0xf0,
    0x3f, 0x80, 0x9, 0xf3, 0xf, 0xf0, 0x0, 0xff,
    0x5, 0xf6, 0x0, 0xaf, 0x11, 0xfd, 0x0, 0x2f,
    0xd0, 0x7f, 0x40, 0xc, 0xf0, 0x3f, 0xb0, 0x3,
    0xfb, 0x9, 0xff, 0xff, 0xfd, 0x5, 0xfa, 0x0,
    0x5f, 0xa0, 0x8c, 0xcc, 0xcc, 0x90, 0x6f, 0x80,
    0x7, 0xf8, 0x0, 0x0, 0x0, 0x0, 0x8, 0xf6,
    0x0, 0x8f, 0x70, 0x0, 0x0, 0x0, 0x0, 0xaf,
    0x50, 0xa, 0xff, 0xff, 0xff, 0xff, 0xff, 0xff,
    0xf3, 0x0, 0xcf, 0xff, 0xff, 0xff, 0xff, 0xff,
    0xff, 0x10, 0x0,

    /* U+56FD "国" */
    0x0, 0xbf, 0xff, 0xff, 0xff, 0xff, 0xff, 0xf9,
    0x0, 0xc, 0xff, 0xff, 0xff, 0xff, 0xff, 0xff,
    0xf0, 0x0, 0xef, 0x10, 0x0, 0x0, 0x0, 0x0,
    0xff, 0x0, 0xf, 0xf0, 0x0, 0x0, 0x0, 0x0,
    0x1f, 0xe0, 0x1, 0xfd, 0xe, 0xff, 0xff, 0xff,
    0x93, 0xfc, 0x0, 0x3f, 0xc0, 0xbc, 0xdf, 0xdc,
    0xc5, 0x4f, 0xb0, 0x5, 0xfa, 0x0, 0x8, 0xf6,
    0x0, 0x6, 0xf9, 0x0, 0x6f, 0x90, 0x0, 0x9f,
    0x40, 0x0, 0x8f, 0x70, 0x8, 0xf7, 0x2, 0x2b,
    0xf5, 0x21, 0x9, 0xf6, 0x0, 0xaf, 0x50, 0xff,
    0xff, 0xff, 0x80, 0xbf, 0x40, 0xb, 0xf4, 0x1a,
    0xaf, 0xfa, 0xa4, 0xd, 0xf2, 0x0, 0xdf, 0x20,
    0x0, 0xfe, 0x3a, 0x10, 0xef, 0x10, 0xe, 0xf0,
    0x0, 0x1f, 0xc4, 0xf6, 0xf, 0xf0, 0x0, 0xff,
    0x0, 0x3, 0xfb, 0xf, 0xa1, 0xfd, 0x0, 0x2f,
    0xd0, 0x11, 0x5f, 0xa1, 0x41, 0x3f, 0xb0, 0x3,
    0xfb, 0x5f, 0xff, 0xff, 0xff, 0xd5, 0xfa, 0x0,
    0x5f, 0xa5, 0xcc, 0xcc, 0xcc, 0xc9, 0x6f, 0x80,
    0x7, 0xf8, 0x0, 0x0, 0x0, 0x0, 0x8, 0xf6,
    0x0, 0x8f, 0x70, 0x0, 0x0, 0x0, 0x0, 0xaf,
    0x50, 0xa, 0xff, 0xff, 0xff, 0xff, 0xff, 0xff,
    0xf3, 0x0, 0xcf, 0xff, 0xff, 0xff, 0xff, 0xff,
    0xff, 0x10, 0x0,

    /* U+56FE "图" */
    0x0, 0xdf, 0xff, 0xff, 0xff, 0xff, 0xff, 0xfb,
    0x0, 0xe, 0xfe, 0xee, 0xee, 0xee, 0xee, 0xef,
    0xf2, 0x0, 0xfe, 0x0, 0x6, 0x50, 0x0, 0x0,
    0xdf, 0x10, 0x2f, 0xc0, 0x2, 0xfb, 0x0, 0x0,
    0xf, 0xf0, 0x3, 0xfb, 0x0, 0xdf, 0xff, 0xfd,
    0x10, 0xfd, 0x0, 0x5f, 0x90, 0xbf, 0xdb, 0xbe,
    0xf4, 0x2f, 0xc0, 0x6, 0xf8, 0xbf, 0xfd, 0x3,
    0xfc, 0x4, 0xfa, 0x0, 0x8f, 0x6b, 0x87, 0xf9,
    0xfe, 0x10, 0x6f, 0x80, 0xa, 0xf4, 0x0, 0xe,
    0xfe, 0x20, 0x7, 0xf7, 0x0, 0xbf, 0x30, 0x5d,
    0xff, 0xf9, 0x0, 0x9f, 0x50, 0xd, 0xf7, 0xff,
    0xf7, 0x1a, 0xfe, 0x8b, 0xf3, 0x0, 0xff, 0x2d,
    0x71, 0x93, 0x5, 0xd8, 0xcf, 0x20, 0xf, 0xe0,
    0x0, 0x4f, 0xf9, 0x0, 0xe, 0xf0, 0x2, 0xfc,
    0x0, 0x20, 0x2b, 0xf6, 0x0, 0xfe, 0x0, 0x4f,
    0xa0, 0x4f, 0xc4, 0x5, 0x0, 0x1f, 0xd0, 0x5,
    0xf9, 0x3, 0xbf, 0xfb, 0x10, 0x3, 0xfb, 0x0,
    0x7f, 0x70, 0x0, 0x3c, 0xff, 0x60, 0x5f, 0x90,
    0x9, 0xf6, 0x0, 0x0, 0x7, 0xf8, 0x7, 0xf8,
    0x0, 0xaf, 0x40, 0x0, 0x0, 0x2, 0x0, 0x8f,
    0x60, 0xc, 0xfe, 0xee, 0xee, 0xee, 0xee, 0xef,
    0xf4, 0x0, 0xdf, 0xff, 0xff, 0xff, 0xff, 0xff,
    0xff, 0x30, 0x0,

    /* U+5706 "圆" */
    0x0, 0xf, 0xff, 0xff, 0xff, 0xff, 0xff, 0xff,
    0xb0, 0x0, 0xf, 0xfc, 0xcc, 0xcc, 0xcc, 0xcc,
    0xcf, 0xf3, 0x0, 0x2f, 0xc0, 0x0, 0x0, 0x0,
    0x0, 0xc, 0xf1, 0x0, 0x4f, 0xa0, 0x8f, 0xff,
    0xff, 0xe1, 0xe, 0xf0, 0x0, 0x5f, 0x90, 0xaf,
    0x87, 0x7c, 0xf3, 0xf, 0xe0, 0x0, 0x7f, 0x70,
    0xcf, 0x22, 0x2b, 0xf2, 0x2f, 0xc0, 0x0, 0x9f,
    0x50, 0xdf, 0xff, 0xff, 0xf0, 0x3f, 0xb0, 0x0,
    0xaf, 0x40, 0x55, 0x55, 0x55, 0x50, 0x5f, 0x90,
    0x0, 0xcf, 0x26, 0xaa, 0xaa, 0xaa, 0x80, 0x7f,
    0x70, 0x0, 0xef, 0xb, 0xff, 0xff, 0xff, 0xf4,
    0x8f, 0x60, 0x0, 0xff, 0xc, 0xf0, 0x0, 0x7,
    0xf3, 0xaf, 0x40, 0x1, 0xfd, 0xe, 0xd0, 0x8b,
    0x9, 0xf2, 0xcf, 0x20, 0x3, 0xfb, 0xf, 0xb0,
    0xee, 0xb, 0xf0, 0xdf, 0x10, 0x4, 0xfa, 0x1f,
    0xa2, 0xfa, 0xd, 0xe0, 0xff, 0x0, 0x6, 0xf8,
    0x2c, 0x6b, 0xfc, 0x1b, 0xa1, 0xfd, 0x0, 0x8,
    0xf7, 0x1, 0xcf, 0xdf, 0xe4, 0x2, 0xfc, 0x0,
    0x9, 0xf5, 0x9f, 0xfb, 0x5, 0xff, 0x54, 0xfa,
    0x0, 0xb, 0xf3, 0xbe, 0x60, 0x0, 0x3f, 0xa6,
    0xf8, 0x0, 0xd, 0xf2, 0x10, 0x0, 0x0, 0x2,
    0x7, 0xf7, 0x0, 0xe, 0xfd, 0xdd, 0xdd, 0xdd,
    0xdd, 0xde, 0xf5, 0x0, 0xf, 0xff, 0xff, 0xff,
    0xff, 0xff, 0xff, 0xf3, 0x0,

    /* U+5728 "在" */
    0x0, 0x0, 0x0, 0x8, 0xa3, 0x0, 0x0, 0x0,
    0x0, 0x0, 0x0, 0x0, 0xef, 0x20, 0x0, 0x0,
    0x0, 0x0, 0x0, 0x0, 0x3f, 0xd0, 0x0, 0x0,
    0x0, 0x0, 0xa, 0xee, 0xee, 0xff, 0xee, 0xee,
    0xee, 0xe1, 0x0, 0xdf, 0xff, 0xff, 0xff, 0xff,
    0xff, 0xff, 0x0, 0x1, 0x11, 0x9f, 0xb1, 0x11,
    0x11, 0x11, 0x10, 0x0, 0x0, 0x1f, 0xf3, 0x0,
    0x0, 0x0, 0x0, 0x0, 0x0, 0x8, 0xfb, 0x0,
    0xe, 0xf2, 0x0, 0x0, 0x0, 0x2, 0xff, 0x20,
    0x0, 0xff, 0x0, 0x0, 0x0, 0x0, 0xcf, 0xc0,
    0x0, 0x1f, 0xe0, 0x0, 0x0, 0x0, 0x8f, 0xfa,
    0x0, 0x3, 0xfd, 0x0, 0x0, 0x0, 0x5f, 0xff,
    0x82, 0x33, 0x7f, 0xc3, 0x33, 0x0, 0x4f, 0xff,
    0xf7, 0xaf, 0xff, 0xff, 0xff, 0xd0, 0x3, 0xf9,
    0xaf, 0x58, 0xbb, 0xdf, 0xdb, 0xb8, 0x0, 0x3,
    0xc, 0xf3, 0x0, 0xa, 0xf6, 0x0, 0x0, 0x0,
    0x0, 0xef, 0x10, 0x0, 0xbf, 0x40, 0x0, 0x0,
    0x0, 0xf, 0xf0, 0x0, 0xd, 0xf2, 0x0, 0x0,
    0x0, 0x1, 0xfe, 0x0, 0x0, 0xff, 0x0, 0x0,
    0x0, 0x0, 0x3f, 0xc0, 0x0, 0x1f, 0xf0, 0x0,
    0x0, 0x0, 0x5, 0xfa, 0xaf, 0xff, 0xff, 0xff,
    0xfd, 0x0, 0x0, 0x7f, 0x9a, 0xdd, 0xdd, 0xdd,
    0xdd, 0xa0, 0x0, 0x8, 0xf7, 0x0, 0x0, 0x0,
    0x0, 0x0, 0x0,

    /* U+5730 "地" */
    0x0, 0x0, 0xcf, 0x0, 0x0, 0x0, 0xc7, 0x0,
    0x0, 0x0, 0xe, 0xf0, 0x0, 0x0, 0x2f, 0x80,
    0x0, 0x0, 0x0, 0xfd, 0x0, 0x6d, 0x44, 0xf7,
    0x0, 0x0, 0x0, 0x1f, 0xc0, 0x9, 0xf3, 0x5f,
    0x50, 0x0, 0x0, 0x2, 0xfa, 0x0, 0xaf, 0x17,
    0xf4, 0x1, 0x0, 0x0, 0x4f, 0x90, 0xc, 0xf0,
    0x8f, 0x8d, 0xf7, 0x0, 0xdf, 0xff, 0xf0, 0xee,
    0x2c, 0xff, 0xff, 0xc0, 0xc, 0xef, 0xeb, 0xf,
    0xff, 0xff, 0xb6, 0xfa, 0x0, 0x9, 0xf4, 0x4b,
    0xff, 0xef, 0xe0, 0x4f, 0x90, 0x0, 0xaf, 0x4f,
    0xff, 0xb0, 0xec, 0x6, 0xf7, 0x0, 0xc, 0xf0,
    0x88, 0xf7, 0xf, 0xa0, 0x7f, 0x50, 0x0, 0xee,
    0x0, 0x6f, 0x62, 0xf9, 0x9, 0xf4, 0x0, 0xf,
    0xd0, 0x8, 0xf4, 0x3f, 0x70, 0xbf, 0x20, 0x1,
    0xfb, 0x0, 0x9f, 0x35, 0xf6, 0x3e, 0xf0, 0x0,
    0x3f, 0x90, 0xb, 0xf1, 0x6f, 0x7f, 0xfb, 0x0,
    0x5, 0xfc, 0xd2, 0xdf, 0x8, 0xf4, 0xa8, 0x10,
    0x0, 0x8f, 0xff, 0x5e, 0xe0, 0x8d, 0x0, 0x66,
    0x11, 0xdf, 0xfb, 0x20, 0xfd, 0x0, 0x0, 0xe,
    0xf2, 0xd, 0xb4, 0x0, 0xf, 0xf0, 0x0, 0x6,
    0xfd, 0x0, 0x0, 0x0, 0x0, 0xcf, 0x80, 0x6,
    0xff, 0x50, 0x0, 0x0, 0x0, 0x5, 0xff, 0xff,
    0xff, 0x90, 0x0, 0x0, 0x0, 0x0, 0x5, 0xdf,
    0xfc, 0x50, 0x0,

    /* U+5740 "址" */
    0x0, 0x0, 0x9f, 0x40, 0x0, 0x0, 0x8f, 0x50,
    0x0, 0x0, 0xa, 0xf3, 0x0, 0x0, 0x9, 0xf3,
    0x0, 0x0, 0x0, 0xbf, 0x20, 0x0, 0x0, 0xbf,
    0x20, 0x0, 0x0, 0xd, 0xf0, 0x0, 0x0, 0xd,
    0xf0, 0x0, 0x0, 0x0, 0xef, 0x0, 0x36, 0x20,
    0xee, 0x0, 0x0, 0x0, 0xf, 0xd0, 0x9, 0xf3,
    0xf, 0xd0, 0x0, 0x0, 0x68, 0xfe, 0x82, 0xbf,
    0x22, 0xfb, 0x0, 0x0, 0xd, 0xff, 0xff, 0x3c,
    0xf0, 0x3f, 0xa1, 0x10, 0x0, 0x59, 0xfb, 0x61,
    0xee, 0x5, 0xff, 0xff, 0x10, 0x0, 0x6f, 0x70,
    0xf, 0xd0, 0x7f, 0xff, 0xe0, 0x0, 0x8, 0xf5,
    0x1, 0xfb, 0x9, 0xf5, 0x0, 0x0, 0x0, 0x9f,
    0x30, 0x3f, 0x90, 0xaf, 0x30, 0x0, 0x0, 0xb,
    0xf2, 0x5, 0xf8, 0xc, 0xf1, 0x0, 0x0, 0x0,
    0xdf, 0x0, 0x6f, 0x60, 0xef, 0x0, 0x0, 0x0,
    0xf, 0xe0, 0x8, 0xf4, 0xf, 0xe0, 0x0, 0x0,
    0x0, 0xfd, 0x11, 0xaf, 0x31, 0xfc, 0x0, 0x0,
    0x0, 0x2f, 0xef, 0xab, 0xf1, 0x3f, 0xa0, 0x0,
    0x0, 0x3a, 0xff, 0xf8, 0xdf, 0x4, 0xf8, 0x0,
    0x0, 0x1f, 0xff, 0x91, 0xf, 0xe0, 0x6f, 0x70,
    0x0, 0x0, 0xa8, 0x13, 0xff, 0xff, 0xff, 0xff,
    0xff, 0x80, 0x0, 0x0, 0x5f, 0xff, 0xff, 0xff,
    0xff, 0xf7, 0x0,

    /* U+5747 "均" */
    0x0, 0x0, 0x0, 0x0, 0x0, 0x0, 0x0, 0x0,
    0x0, 0x0, 0x0, 0x8f, 0x60, 0x0, 0x8d, 0x30,
    0x0, 0x0, 0x0, 0x0, 0x9f, 0x50, 0x0, 0xcf,
    0x20, 0x0, 0x0, 0x0, 0x0, 0xbf, 0x30, 0x1,
    0xfd, 0x0, 0x0, 0x0, 0x0, 0x0, 0xcf, 0x20,
    0x6, 0xfd, 0x88, 0x88, 0x20, 0x0, 0x0, 0xef,
    0x0, 0xc, 0xff, 0xff, 0xff, 0xd0, 0x0, 0x0,
    0xff, 0x0, 0x3f, 0xd7, 0x77, 0x7f, 0xe0, 0x0,
    0x9f, 0xff, 0xf4, 0xbf, 0x50, 0x0, 0x1f, 0xc0,
    0x0, 0x9d, 0xff, 0xd7, 0xfd, 0x0, 0x0, 0x2f,
    0xb0, 0x0, 0x4, 0xfa, 0xd, 0xf6, 0xe3, 0x0,
    0x4f, 0x90, 0x0, 0x6, 0xf8, 0x3, 0x73, 0xfe,
    0x10, 0x6f, 0x70, 0x0, 0x7, 0xf7, 0x0, 0x0,
    0x7f, 0xa0, 0x7f, 0x60, 0x0, 0x9, 0xf5, 0x0,
    0x0, 0xb, 0x30, 0x9f, 0x40, 0x0, 0xb, 0xf3,
    0x0, 0x0, 0x0, 0xa3, 0xbf, 0x20, 0x0, 0xc,
    0xf2, 0x0, 0x0, 0x3d, 0xfb, 0xcf, 0x10, 0x0,
    0xe, 0xf0, 0x0, 0x9, 0xff, 0xb1, 0xef, 0x0,
    0x0, 0xf, 0xfa, 0xa5, 0xef, 0xf7, 0x0, 0xfd,
    0x0, 0x0, 0x2f, 0xff, 0xc4, 0xfb, 0x20, 0x1,
    0xfc, 0x0, 0xa, 0xff, 0xe6, 0x0, 0x40, 0x0,
    0x3, 0xfa, 0x0, 0xa, 0xe6, 0x0, 0x0, 0x0,
    0x42, 0x6, 0xf8, 0x0, 0x1, 0x0, 0x0, 0x0,
    0x5, 0xf9, 0xb, 0xf4, 0x0, 0x0, 0x0, 0x0,
    0x0, 0x0, 0xdf, 0xff, 0xd0, 0x0, 0x0, 0x0,
    0x0, 0x0, 0x0, 0x2c, 0xfc, 0x20, 0x0,

    /* U+5757 "块" */
    0x0, 0x6, 0xf7, 0x0, 0x1, 0xfd, 0x0, 0x0,
    0x0, 0x8, 0xf5, 0x0, 0x3, 0xfb, 0x0, 0x0,
    0x0, 0x9, 0xf4, 0x0, 0x4, 0xfa, 0x0, 0x0,
    0x0, 0xb, 0xf2, 0x7, 0x8a, 0xfc, 0x87, 0x20,
    0x0, 0xd, 0xf1, 0x1f, 0xff, 0xff, 0xff, 0xe0,
    0x0, 0xe, 0xf0, 0x19, 0x9d, 0xfb, 0x9e, 0xf0,
    0x9, 0xff, 0xff, 0x50, 0xa, 0xf4, 0xd, 0xf0,
    0xa, 0xef, 0xfe, 0x40, 0xb, 0xf3, 0xf, 0xd0,
    0x0, 0x3f, 0xa0, 0x0, 0xd, 0xf1, 0xf, 0xc0,
    0x0, 0x5f, 0x80, 0x0, 0xf, 0xf0, 0x2f, 0xa0,
    0x0, 0x7f, 0x70, 0x0, 0x2f, 0xd0, 0x4f, 0x90,
    0x0, 0x8f, 0x5a, 0xff, 0xff, 0xff, 0xff, 0xfc,
    0x0, 0xaf, 0x3a, 0xdd, 0xff, 0xfe, 0xdd, 0xd8,
    0x0, 0xcf, 0x20, 0x0, 0xef, 0xf9, 0x0, 0x0,
    0x0, 0xdf, 0x41, 0x4, 0xfd, 0xfc, 0x0, 0x0,
    0x0, 0xff, 0xf8, 0xb, 0xf6, 0xbf, 0x10, 0x0,
    0x39, 0xff, 0xd3, 0x4f, 0xe0, 0x7f, 0x70, 0x0,
    0xcf, 0xe7, 0x0, 0xdf, 0x70, 0x1f, 0xe1, 0x0,
    0x55, 0x0, 0xa, 0xfd, 0x0, 0xa, 0xf9, 0x0,
    0x0, 0x0, 0x9f, 0xf2, 0x0, 0x1, 0xff, 0x50,
    0x0, 0x9, 0xff, 0x40, 0x0, 0x0, 0x6f, 0xf0,
    0x0, 0x3, 0xd3, 0x0, 0x0, 0x0, 0x9, 0x60,
    0x0, 0x0, 0x0, 0x0, 0x0, 0x0, 0x0, 0x0,

    /* U+5766 "坦" */
    0x0, 0x0, 0x3f, 0xb0, 0x0, 0x0, 0x0, 0x0,
    0x0, 0x0, 0x4, 0xfa, 0x0, 0x0, 0x0, 0x0,
    0x0, 0x0, 0x0, 0x6f, 0x80, 0xf, 0xff, 0xff,
    0xff, 0x60, 0x0, 0x7, 0xf7, 0x2, 0xfe, 0xcc,
    0xcd, 0xfb, 0x0, 0x0, 0x9f, 0x50, 0x4f, 0x90,
    0x0, 0x4f, 0xa0, 0x0, 0xa, 0xf4, 0x6, 0xf8,
    0x0, 0x5, 0xf8, 0x0, 0x13, 0xcf, 0x52, 0x7f,
    0x60, 0x0, 0x7f, 0x60, 0x7, 0xff, 0xff, 0x99,
    0xf4, 0x0, 0x9, 0xf5, 0x0, 0x6a, 0xff, 0xa5,
    0xbf, 0xcb, 0xbb, 0xef, 0x30, 0x0, 0x1f, 0xd0,
    0xc, 0xff, 0xff, 0xff, 0xf1, 0x0, 0x3, 0xfb,
    0x0, 0xef, 0x0, 0x0, 0xef, 0x0, 0x0, 0x4f,
    0xa0, 0xf, 0xe0, 0x0, 0xf, 0xe0, 0x0, 0x6,
    0xf8, 0x1, 0xfc, 0x0, 0x1, 0xfc, 0x0, 0x0,
    0x8f, 0x60, 0x3f, 0xa0, 0x0, 0x3f, 0xa0, 0x0,
    0x9, 0xf5, 0x5, 0xf9, 0x0, 0x5, 0xf9, 0x0,
    0x0, 0xbf, 0x32, 0x6f, 0xff, 0xff, 0xff, 0x70,
    0x0, 0xc, 0xfd, 0xe6, 0xcc, 0xcc, 0xcc, 0xc4,
    0x0, 0x0, 0xef, 0xfc, 0x10, 0x0, 0x0, 0x0,
    0x0, 0x7, 0xef, 0xe6, 0x0, 0x0, 0x0, 0x0,
    0x0, 0x2, 0xff, 0x81, 0x1, 0x11, 0x11, 0x11,
    0x11, 0x0, 0x6, 0x10, 0x6, 0xff, 0xff, 0xff,
    0xff, 0xfd, 0x0, 0x0, 0x0, 0x8f, 0xff, 0xff,
    0xff, 0xff, 0xb0,

    /* U+578B "型" */
    0x0, 0x0, 0x0, 0x0, 0x0, 0x0, 0x0, 0xaf,
    0x40, 0x5, 0xff, 0xff, 0xff, 0xf4, 0xbf, 0xc,
    0xf2, 0x0, 0x4b, 0xfe, 0xbf, 0xfb, 0x2d, 0xe0,
    0xef, 0x0, 0x0, 0x2f, 0x90, 0xed, 0x0, 0xfc,
    0xf, 0xf0, 0x0, 0x4, 0xf8, 0xf, 0xc0, 0xf,
    0xb1, 0xfd, 0x0, 0x0, 0x5f, 0x61, 0xfa, 0x2,
    0xf9, 0x3f, 0xb0, 0x0, 0xff, 0xff, 0xff, 0xff,
    0x5f, 0x74, 0xfa, 0x0, 0x1c, 0xef, 0xcd, 0xfd,
    0xb6, 0xf6, 0x6f, 0x80, 0x0, 0xe, 0xf0, 0x7f,
    0x50, 0x5b, 0x37, 0xf6, 0x0, 0x4, 0xfb, 0x8,
    0xf4, 0x0, 0x0, 0x9f, 0x50, 0x0, 0xbf, 0x50,
    0xaf, 0x22, 0xc7, 0xc, 0xf2, 0x0, 0x5f, 0xd0,
    0xc, 0xf0, 0xe, 0xfb, 0xfd, 0x0, 0x9, 0xf4,
    0x0, 0xdf, 0x0, 0x4e, 0xfe, 0x30, 0x0, 0x3,
    0x0, 0x0, 0x98, 0x0, 0x1, 0x0, 0x0, 0x0,
    0x0, 0x0, 0x1f, 0xd0, 0x0, 0x0, 0x0, 0x0,
    0x1c, 0xcc, 0xcc, 0xff, 0xcc, 0xcc, 0xb0, 0x0,
    0x3, 0xff, 0xff, 0xff, 0xff, 0xff, 0xfd, 0x0,
    0x0, 0x1, 0x11, 0x16, 0xf9, 0x11, 0x11, 0x0,
    0x0, 0x0, 0x0, 0x0, 0x7f, 0x70, 0x0, 0x0,
    0x0, 0x0, 0x0, 0x0, 0x8, 0xf6, 0x0, 0x0,
    0x0, 0x0, 0x6d, 0xdd, 0xdd, 0xef, 0xed, 0xdd,
    0xdd, 0x30, 0x9, 0xff, 0xff, 0xff, 0xff, 0xff,
    0xff, 0xf2, 0x0,

    /* U+57FA "基" */
    0x0, 0x0, 0xf, 0xe0, 0x0, 0x3, 0xfa, 0x0,
    0x0, 0x0, 0x1f, 0xd0, 0x0, 0x4, 0xf9, 0x0,
    0x0, 0x6c, 0xcf, 0xfc, 0xcc, 0xcd, 0xfe, 0xc9,
    0x0, 0x9f, 0xff, 0xff, 0xff, 0xff, 0xff, 0xfa,
    0x0, 0x0, 0x5f, 0x80, 0x0, 0x9, 0xf4, 0x0,
    0x0, 0x0, 0x7f, 0xda, 0xaa, 0xae, 0xf3, 0x0,
    0x0, 0x0, 0x9f, 0xff, 0xff, 0xff, 0xf1, 0x0,
    0x0, 0x0, 0xaf, 0x30, 0x0, 0xe, 0xf0, 0x0,
    0x0, 0x0, 0xcf, 0xff, 0xff, 0xff, 0xd0, 0x0,
    0x0, 0x0, 0xef, 0xaa, 0xaa, 0xbf, 0xc0, 0x0,
    0x0, 0x0, 0xfd, 0x0, 0x0, 0x3f, 0xa0, 0x0,
    0x8, 0xbc, 0xff, 0xbb, 0xbb, 0xdf, 0xeb, 0xb0,
    0xd, 0xff, 0xff, 0xff, 0xff, 0xff, 0xff, 0xf0,
    0x0, 0x2, 0xef, 0x10, 0x0, 0xbf, 0x30, 0x0,
    0x0, 0x2e, 0xf5, 0xd, 0xf0, 0x3f, 0xd1, 0x0,
    0x6, 0xef, 0x70, 0xf, 0xe0, 0x7, 0xfe, 0x40,
    0x2f, 0xfd, 0xff, 0xff, 0xff, 0xff, 0xcf, 0xd0,
    0x5, 0x18, 0xcc, 0xdf, 0xec, 0xcc, 0x34, 0x30,
    0x0, 0x0, 0x0, 0x4f, 0xa0, 0x0, 0x0, 0x0,
    0x0, 0x0, 0x0, 0x6f, 0x80, 0x0, 0x0, 0x0,
    0xd, 0xdd, 0xdd, 0xef, 0xed, 0xdd, 0xd8, 0x0,
    0x2f, 0xff, 0xff, 0xff, 0xff, 0xff, 0xf9, 0x0,

    /* U+586B "填" */
    0x0, 0xa, 0xf3, 0x0, 0x0, 0x5f, 0x60, 0x0,
    0x0, 0x0, 0xbf, 0x10, 0x0, 0x7, 0xf5, 0x0,
    0x0, 0x0, 0xd, 0xf0, 0x2f, 0xff, 0xff, 0xff,
    0xff, 0x10, 0x0, 0xee, 0x3, 0xbb, 0xbe, 0xfc,
    0xbb, 0xb0, 0x0, 0xf, 0xd0, 0x0, 0x0, 0xcf,
    0x0, 0x0, 0x0, 0x1, 0xfb, 0x0, 0xaf, 0xff,
    0xff, 0xe5, 0x0, 0x9, 0xef, 0xfd, 0xc, 0xfa,
    0xaa, 0xbf, 0xa0, 0x0, 0xbf, 0xff, 0xd0, 0xec,
    0x11, 0x13, 0xf9, 0x0, 0x0, 0x6f, 0x60, 0xf,
    0xff, 0xff, 0xff, 0x70, 0x0, 0x8, 0xf5, 0x2,
    0xfb, 0x55, 0x59, 0xf6, 0x0, 0x0, 0xaf, 0x30,
    0x3f, 0xa5, 0x55, 0x9f, 0x40, 0x0, 0xb, 0xf1,
    0x5, 0xff, 0xff, 0xff, 0xf2, 0x0, 0x0, 0xdf,
    0x0, 0x7f, 0x51, 0x11, 0xbf, 0x0, 0x0, 0xf,
    0xe0, 0x8, 0xf8, 0x77, 0x7d, 0xf0, 0x0, 0x0,
    0xfc, 0x10, 0xaf, 0xff, 0xff, 0xfd, 0x0, 0x0,
    0x2f, 0xfe, 0xc, 0xf0, 0x0, 0xf, 0xb0, 0x0,
    0x2a, 0xff, 0xdf, 0xff, 0xff, 0xff, 0xff, 0xd0,
    0xc, 0xfe, 0x62, 0xbb, 0xbb, 0xbb, 0xbb, 0xb9,
    0x0, 0x66, 0x0, 0x0, 0x1b, 0x40, 0x4c, 0x10,
    0x0, 0x0, 0x0, 0x0, 0x3d, 0xf8, 0x8, 0xfd,
    0x20, 0x0, 0x0, 0x0, 0x5f, 0xf6, 0x0, 0x7,
    0xff, 0x20, 0x0, 0x0, 0x0, 0xa2, 0x0, 0x0,
    0x4, 0x70, 0x0,

    /* U+589E "增" */
    0x0, 0x0, 0x0, 0x0, 0x0, 0x0, 0x0, 0x0,
    0x0, 0x8, 0xf5, 0x0, 0x7b, 0x0, 0x2e, 0x50,
    0x0, 0x9, 0xf4, 0x0, 0x9f, 0x20, 0x7f, 0x50,
    0x0, 0xb, 0xf2, 0x0, 0x3f, 0x50, 0xee, 0x0,
    0x0, 0xc, 0xf0, 0x3f, 0xff, 0xff, 0xff, 0xf9,
    0x0, 0xe, 0xf0, 0x5f, 0xcb, 0xef, 0xbb, 0xfd,
    0x0, 0xf, 0xd0, 0x7f, 0x74, 0xbe, 0x24, 0xec,
    0x5, 0xdf, 0xfc, 0x8f, 0xb8, 0xcd, 0x8a, 0xfa,
    0x8, 0xff, 0xfd, 0xaf, 0x7b, 0xeb, 0xe7, 0xf8,
    0x0, 0x5f, 0x90, 0xce, 0x37, 0xfa, 0xa4, 0xf7,
    0x0, 0x6f, 0x60, 0xee, 0x77, 0xfb, 0x79, 0xf5,
    0x0, 0x8f, 0x50, 0xff, 0xff, 0xff, 0xff, 0xf3,
    0x0, 0xaf, 0x30, 0x44, 0x44, 0x44, 0x44, 0x40,
    0x0, 0xbf, 0x10, 0x5b, 0xbb, 0xbb, 0xa8, 0x0,
    0x0, 0xdf, 0x0, 0x9f, 0xff, 0xff, 0xff, 0x50,
    0x0, 0xfe, 0x30, 0xbf, 0x20, 0x0, 0x8f, 0x50,
    0x0, 0xff, 0xf6, 0xcf, 0x0, 0x0, 0x9f, 0x30,
    0x7, 0xff, 0xe4, 0xef, 0xff, 0xff, 0xff, 0x20,
    0x9f, 0xf9, 0x10, 0xfe, 0xaa, 0xaa, 0xff, 0x0,
    0x59, 0x10, 0x1, 0xfb, 0x0, 0x0, 0xee, 0x0,
    0x0, 0x0, 0x3, 0xfa, 0x0, 0x0, 0xfd, 0x0,
    0x0, 0x0, 0x4, 0xfe, 0xcc, 0xcc, 0xfb, 0x0,
    0x0, 0x0, 0x6, 0xff, 0xff, 0xff, 0xfa, 0x0,

    /* U+58F0 "声" */
    0x0, 0x0, 0x0, 0x0, 0x3, 0xfb, 0x0, 0x0,
    0x0, 0x0, 0x0, 0x0, 0x0, 0x5, 0xfa, 0x0,
    0x0, 0x0, 0x0, 0x8, 0xff, 0xff, 0xff, 0xff,
    0xff, 0xff, 0xf0, 0x0, 0x9, 0xee, 0xee, 0xef,
    0xfe, 0xee, 0xee, 0xd0, 0x0, 0x0, 0x0, 0x0,
    0x9, 0xf5, 0x0, 0x0, 0x0, 0x0, 0x0, 0x13,
    0x33, 0x3b, 0xf6, 0x33, 0x32, 0x0, 0x0, 0x0,
    0xaf, 0xff, 0xff, 0xff, 0xff, 0xfe, 0x0, 0x0,
    0x0, 0x8a, 0xaa, 0xaa, 0xaa, 0xaa, 0xa8, 0x0,
    0x0, 0x0, 0x0, 0x0, 0x0, 0x0, 0x0, 0x0,
    0x0, 0x0, 0x0, 0xdf, 0xff, 0xff, 0xff, 0xff,
    0xe4, 0x0, 0x0, 0x0, 0xff, 0xcc, 0xdf, 0xec,
    0xce, 0xf9, 0x0, 0x0, 0x1, 0xfb, 0x0, 0x6f,
    0x60, 0x7, 0xf8, 0x0, 0x0, 0x2, 0xf9, 0x0,
    0x7f, 0x40, 0x8, 0xf7, 0x0, 0x0, 0x4, 0xf8,
    0x0, 0x9f, 0x30, 0xa, 0xf5, 0x0, 0x0, 0x7,
    0xff, 0xff, 0xff, 0xff, 0xff, 0xf3, 0x0, 0x0,
    0xa, 0xfd, 0xcc, 0xcc, 0xcc, 0xcc, 0xc1, 0x0,
    0x0, 0xe, 0xe0, 0x0, 0x0, 0x0, 0x0, 0x0,
    0x0, 0x0, 0x3f, 0xa0, 0x0, 0x0, 0x0, 0x0,
    0x0, 0x0, 0x0, 0xaf, 0x40, 0x0, 0x0, 0x0,
    0x0, 0x0, 0x0, 0x2, 0xfd, 0x0, 0x0, 0x0,
    0x0, 0x0, 0x0, 0x0, 0xc, 0xf4, 0x0, 0x0,
    0x0, 0x0, 0x0, 0x0, 0x0, 0x4, 0x80, 0x0,
    0x0, 0x0, 0x0, 0x0, 0x0, 0x0,

    /* U+5907 "备" */
    0x0, 0x0, 0x1, 0x83, 0x0, 0x0, 0x0, 0x0,
    0x0, 0x0, 0xaf, 0x90, 0x0, 0x0, 0x0, 0x0,
    0x0, 0x7f, 0xfc, 0xbb, 0xbb, 0x80, 0x0, 0x0,
    0x6f, 0xff, 0xff, 0xff, 0xff, 0x20, 0x0, 0x6f,
    0xfc, 0x11, 0x11, 0x8f, 0xe0, 0x0, 0x9f, 0xfe,
    0xf6, 0x0, 0x6f, 0xf3, 0x0, 0xe, 0xf5, 0x4f,
    0xf6, 0x9f, 0xf5, 0x0, 0x0, 0x32, 0x0, 0x6f,
    0xff, 0xf4, 0x0, 0x0, 0x0, 0x0, 0x5c, 0xff,
    0xfe, 0x50, 0x0, 0x0, 0x49, 0xef, 0xff, 0x8c,
    0xff, 0xd7, 0x20, 0xbf, 0xff, 0xd7, 0x10, 0x5,
    0xef, 0xff, 0x85, 0xb7, 0x30, 0x0, 0x0, 0x1,
    0x4a, 0xf3, 0x3, 0xff, 0xff, 0xff, 0xff, 0xff,
    0x40, 0x0, 0x5f, 0xec, 0xcf, 0xfc, 0xcd, 0xf9,
    0x0, 0x6, 0xf6, 0x0, 0xed, 0x0, 0x5f, 0x80,
    0x0, 0x8f, 0x50, 0xf, 0xc0, 0x8, 0xf6, 0x0,
    0xa, 0xff, 0xff, 0xff, 0xff, 0xff, 0x50, 0x0,
    0xbf, 0x99, 0xaf, 0xc9, 0x9e, 0xf3, 0x0, 0xd,
    0xf0, 0x4, 0xf6, 0x0, 0xcf, 0x10, 0x0, 0xff,
    0x0, 0x6f, 0x50, 0xe, 0xf0, 0x0, 0xf, 0xfd,
    0xde, 0xfd, 0xdd, 0xfe, 0x0, 0x2, 0xff, 0xff,
    0xff, 0xff, 0xff, 0xc0, 0x0,

    /* U+590D "复" */
    0x0, 0x0, 0x7, 0x40, 0x0, 0x0, 0x0, 0x0,
    0x0, 0x0, 0x5f, 0xd0, 0x0, 0x0, 0x0, 0x0,
    0x0, 0x0, 0xef, 0xed, 0xdd, 0xdd, 0xdd, 0xdb,
    0x0, 0xa, 0xff, 0xff, 0xff, 0xff, 0xff, 0xfc,
    0x0, 0x7f, 0xe2, 0x0, 0x0, 0x0, 0x0, 0x0,
    0x6, 0xff, 0xdb, 0xbb, 0xbb, 0xbb, 0xa5, 0x0,
    0x8, 0xfa, 0xff, 0xff, 0xff, 0xff, 0xfe, 0x0,
    0x0, 0x45, 0xf8, 0x0, 0x0, 0x0, 0xfe, 0x0,
    0x0, 0x7, 0xfc, 0xaa, 0xaa, 0xaa, 0xfd, 0x0,
    0x0, 0x9, 0xff, 0xff, 0xff, 0xff, 0xfb, 0x0,
    0x0, 0xa, 0xf4, 0x0, 0x0, 0x4, 0xf9, 0x0,
    0x0, 0xc, 0xff, 0xff, 0xff, 0xff, 0xf8, 0x0,
    0x0, 0x9, 0xbf, 0xfc, 0xbb, 0xbb, 0xb4, 0x0,
    0x0, 0x0, 0x5f, 0xd1, 0x0, 0x0, 0x0, 0x0,
    0x0, 0x4, 0xff, 0xff, 0xff, 0xff, 0xb0, 0x0,
    0x0, 0x4f, 0xfe, 0xbb, 0xbb, 0xef, 0xd0, 0x0,
    0x8, 0xff, 0xff, 0x30, 0x6, 0xff, 0x30, 0x0,
    0xc, 0xe4, 0x5f, 0xf6, 0xaf, 0xf4, 0x0, 0x0,
    0x1, 0x10, 0x7, 0xff, 0xfe, 0x20, 0x0, 0x0,
    0x1, 0x37, 0xcf, 0xff, 0xff, 0xd8, 0x41, 0x0,
    0xbf, 0xff, 0xfc, 0x60, 0x4b, 0xff, 0xff, 0x70,
    0x6c, 0xa6, 0x20, 0x0, 0x0, 0x15, 0x9c, 0x20,

    /* U+5916 "外" */
    0x0, 0x0, 0xb, 0xc0, 0x0, 0x8, 0xf6, 0x0,
    0x0, 0x0, 0x0, 0xfe, 0x0, 0x0, 0x9f, 0x50,
    0x0, 0x0, 0x0, 0x2f, 0xc0, 0x0, 0xb, 0xf3,
    0x0, 0x0, 0x0, 0x6, 0xfa, 0x0, 0x0, 0xcf,
    0x20, 0x0, 0x0, 0x0, 0xaf, 0xff, 0xfc, 0xd,
    0xf1, 0x0, 0x0, 0x0, 0xe, 0xfe, 0xef, 0xf2,
    0xff, 0x0, 0x0, 0x0, 0x3, 0xfd, 0x0, 0xcf,
    0x1f, 0xe2, 0x50, 0x0, 0x0, 0x9f, 0x70, 0xf,
    0xe2, 0xfc, 0xbf, 0x10, 0x0, 0xf, 0xf1, 0x3,
    0xfb, 0x3f, 0xb7, 0xf6, 0x0, 0x7, 0xff, 0x20,
    0x7f, 0x74, 0xfa, 0x2f, 0xa0, 0x1, 0xef, 0xfd,
    0xc, 0xf3, 0x6f, 0x80, 0xee, 0x0, 0x7f, 0xa7,
    0xfb, 0xfd, 0x7, 0xf7, 0xa, 0xf2, 0x1, 0xa1,
    0xb, 0xff, 0x80, 0x9f, 0x50, 0x7f, 0x50, 0x0,
    0x0, 0x2f, 0xf1, 0xa, 0xf4, 0x4, 0xf9, 0x0,
    0x0, 0x8, 0xfa, 0x0, 0xbf, 0x30, 0xf, 0xc0,
    0x0, 0x2, 0xff, 0x20, 0xd, 0xf1, 0x0, 0x95,
    0x0, 0x0, 0xbf, 0x80, 0x0, 0xef, 0x0, 0x0,
    0x0, 0x0, 0x7f, 0xd0, 0x0, 0xf, 0xe0, 0x0,
    0x0, 0x0, 0x4f, 0xf3, 0x0, 0x1, 0xfd, 0x0,
    0x0, 0x0, 0x3f, 0xf7, 0x0, 0x0, 0x3f, 0xc0,
    0x0, 0x0, 0xe, 0xf9, 0x0, 0x0, 0x4, 0xfa,
    0x0, 0x0, 0x0, 0x5a, 0x0, 0x0, 0x0, 0x5f,
    0x90, 0x0, 0x0, 0x0, 0x0, 0x0, 0x0, 0x0,
    0x0, 0x0, 0x0, 0x0,

    /* U+591A "多" */
    0x0, 0x0, 0x0, 0x0, 0x72, 0x0, 0x0, 0x0,
    0x0, 0x0, 0x0, 0x6, 0xfb, 0x0, 0x0, 0x0,
    0x0, 0x0, 0x0, 0x5f, 0xfc, 0xbb, 0xbb, 0x60,
    0x0, 0x0, 0x7, 0xff, 0xff, 0xff, 0xff, 0xe0,
    0x0, 0x1, 0xaf, 0xf2, 0x0, 0x0, 0xcf, 0x70,
    0x0, 0x6f, 0xfe, 0xfb, 0x10, 0x1c, 0xf9, 0x0,
    0x0, 0x3e, 0x50, 0x9f, 0xd4, 0xef, 0x90, 0x0,
    0x0, 0x0, 0x0, 0x9, 0xff, 0xf7, 0x0, 0x0,
    0x0, 0x0, 0x0, 0x5d, 0xff, 0xc1, 0x0, 0x0,
    0x0, 0x2, 0x7e, 0xff, 0xad, 0xf7, 0x0, 0x0,
    0x5, 0xdf, 0xff, 0xa3, 0xcf, 0xb0, 0x0, 0x0,
    0x2, 0xfd, 0x71, 0x2d, 0xff, 0xff, 0xff, 0xf5,
    0x0, 0x10, 0x5, 0xff, 0xca, 0xaa, 0xae, 0xf8,
    0x0, 0x2, 0xbf, 0xf7, 0x0, 0x0, 0x5f, 0xe1,
    0x0, 0xaf, 0xff, 0xf8, 0x0, 0x4, 0xff, 0x40,
    0x0, 0x9e, 0x62, 0xdf, 0x90, 0x6f, 0xf6, 0x0,
    0x0, 0x1, 0x0, 0x1d, 0xfc, 0xff, 0x60, 0x0,
    0x0, 0x0, 0x0, 0x7, 0xff, 0xe3, 0x0, 0x0,
    0x0, 0x0, 0x7, 0xef, 0xfa, 0x10, 0x0, 0x0,
    0x1, 0x6b, 0xff, 0xfc, 0x30, 0x0, 0x0, 0x0,
    0x3f, 0xff, 0xf9, 0x30, 0x0, 0x0, 0x0, 0x0,
    0xb, 0x95, 0x0, 0x0, 0x0, 0x0, 0x0, 0x0,

    /* U+5927 "大" */
    0x0, 0x0, 0x0, 0x0, 0xf, 0xf2, 0x0, 0x0,
    0x0, 0x0, 0x0, 0x0, 0x0, 0xf, 0xf1, 0x0,
    0x0, 0x0, 0x0, 0x0, 0x0, 0x0, 0x1f, 0xf0,
    0x0, 0x0, 0x0, 0x0, 0x0, 0x0, 0x0, 0x3f,
    0xe0, 0x0, 0x0, 0x0, 0x0, 0x0, 0x0, 0x0,
    0x4f, 0xc0, 0x0, 0x0, 0x0, 0x0, 0x0, 0x0,
    0x0, 0x6f, 0xb0, 0x0, 0x0, 0x0, 0x0, 0x12,
    0x22, 0x22, 0x8f, 0xb2, 0x22, 0x22, 0x20, 0x0,
    0xaf, 0xff, 0xff, 0xff, 0xff, 0xff, 0xff, 0xf1,
    0x0, 0x9d, 0xdd, 0xdd, 0xff, 0xed, 0xdd, 0xdd,
    0xd0, 0x0, 0x0, 0x0, 0x0, 0xef, 0xa0, 0x0,
    0x0, 0x0, 0x0, 0x0, 0x0, 0x2, 0xff, 0xb0,
    0x0, 0x0, 0x0, 0x0, 0x0, 0x0, 0x7, 0xff,
    0xe0, 0x0, 0x0, 0x0, 0x0, 0x0, 0x0, 0xd,
    0xfe, 0xf2, 0x0, 0x0, 0x0, 0x0, 0x0, 0x0,
    0x4f, 0xe8, 0xf7, 0x0, 0x0, 0x0, 0x0, 0x0,
    0x0, 0xcf, 0x73, 0xfd, 0x0, 0x0, 0x0, 0x0,
    0x0, 0x8, 0xfe, 0x0, 0xdf, 0x60, 0x0, 0x0,
    0x0, 0x0, 0x4f, 0xf5, 0x0, 0x6f, 0xe1, 0x0,
    0x0, 0x0, 0x3, 0xff, 0xa0, 0x0, 0xd, 0xfa,
    0x0, 0x0, 0x0, 0x4f, 0xfc, 0x0, 0x0, 0x3,
    0xff, 0x70, 0x0, 0x6, 0xff, 0xc0, 0x0, 0x0,
    0x0, 0x7f, 0xf5, 0x0, 0x2f, 0xfb, 0x0, 0x0,
    0x0, 0x0, 0x9, 0xfd, 0x0, 0x7, 0x80, 0x0,
    0x0, 0x0, 0x0, 0x0, 0x92, 0x0,

    /* U+5929 "天" */
    0x0, 0x0, 0x0, 0x0, 0x0, 0x0, 0x0, 0x0,
    0x0, 0x0, 0xc, 0xff, 0xff, 0xff, 0xff, 0xff,
    0xf2, 0x0, 0x0, 0xce, 0xee, 0xef, 0xfe, 0xee,
    0xee, 0x0, 0x0, 0x0, 0x0, 0x0, 0xff, 0x0,
    0x0, 0x0, 0x0, 0x0, 0x0, 0x0, 0x1f, 0xf0,
    0x0, 0x0, 0x0, 0x0, 0x0, 0x0, 0x2, 0xfd,
    0x0, 0x0, 0x0, 0x0, 0x0, 0x0, 0x0, 0x4f,
    0xc0, 0x0, 0x0, 0x0, 0x0, 0x0, 0x0, 0x6,
    0xfa, 0x0, 0x0, 0x0, 0x0, 0xaf, 0xff, 0xff,
    0xff, 0xff, 0xff, 0xff, 0x90, 0xb, 0xff, 0xff,
    0xff, 0xff, 0xff, 0xff, 0xf7, 0x0, 0x0, 0x0,
    0x0, 0xff, 0xb0, 0x0, 0x0, 0x0, 0x0, 0x0,
    0x0, 0x4f, 0xff, 0x0, 0x0, 0x0, 0x0, 0x0,
    0x0, 0xb, 0xfe, 0xf5, 0x0, 0x0, 0x0, 0x0,
    0x0, 0x3, 0xff, 0x5f, 0xd0, 0x0, 0x0, 0x0,
    0x0, 0x0, 0xdf, 0x70, 0xef, 0x50, 0x0, 0x0,
    0x0, 0x0, 0xaf, 0xd0, 0x7, 0xfe, 0x10, 0x0,
    0x0, 0x0, 0x9f, 0xf3, 0x0, 0xd, 0xfc, 0x0,
    0x0, 0x0, 0xbf, 0xf5, 0x0, 0x0, 0x3f, 0xfb,
    0x0, 0x4, 0xef, 0xf5, 0x0, 0x0, 0x0, 0x6f,
    0xfb, 0x0, 0xef, 0xe3, 0x0, 0x0, 0x0, 0x0,
    0x6f, 0xf2, 0x6, 0x90, 0x0, 0x0, 0x0, 0x0,
    0x0, 0x65, 0x0,

    /* U+592A "太" */
    0x0, 0x0, 0x0, 0x0, 0xf, 0xf1, 0x0, 0x0,
    0x0, 0x0, 0x0, 0x0, 0x0, 0xff, 0x0, 0x0,
    0x0, 0x0, 0x0, 0x0, 0x0, 0x1f, 0xf0, 0x0,
    0x0, 0x0, 0x0, 0x0, 0x0, 0x3, 0xfd, 0x0,
    0x0, 0x0, 0x0, 0x0, 0x0, 0x0, 0x4f, 0xc0,
    0x0, 0x0, 0x0, 0x0, 0x22, 0x22, 0x27, 0xfc,
    0x22, 0x22, 0x21, 0x0, 0xd, 0xff, 0xff, 0xff,
    0xff, 0xff, 0xff, 0x80, 0x0, 0xde, 0xee, 0xef,
    0xff, 0xee, 0xee, 0xe6, 0x0, 0x0, 0x0, 0x0,
    0xdf, 0xc0, 0x0, 0x0, 0x0, 0x0, 0x0, 0x0,
    0xf, 0xfe, 0x0, 0x0, 0x0, 0x0, 0x0, 0x0,
    0x4, 0xff, 0xf2, 0x0, 0x0, 0x0, 0x0, 0x0,
    0x0, 0xaf, 0xff, 0x60, 0x0, 0x0, 0x0, 0x0,
    0x0, 0xe, 0xf7, 0xfb, 0x0, 0x0, 0x0, 0x0,
    0x0, 0x6, 0xfd, 0xf, 0xf0, 0x0, 0x0, 0x0,
    0x0, 0x0, 0xdf, 0x60, 0xbf, 0x50, 0x0, 0x0,
    0x0, 0x0, 0x6f, 0xe0, 0x6, 0xfc, 0x0, 0x0,
    0x0, 0x0, 0x1f, 0xfd, 0x0, 0xf, 0xf3, 0x0,
    0x0, 0x0, 0xc, 0xff, 0xf6, 0x0, 0x8f, 0xb0,
    0x0, 0x0, 0xa, 0xfe, 0x5f, 0xe0, 0x2, 0xff,
    0x40, 0x0, 0xb, 0xff, 0x30, 0xbf, 0x40, 0x9,
    0xfe, 0x10, 0xd, 0xff, 0x50, 0x2, 0x30, 0x0,
    0x1e, 0xf8, 0x0, 0x7e, 0x40, 0x0, 0x0, 0x0,
    0x0, 0x3c, 0x0, 0x0, 0x10, 0x0, 0x0, 0x0,
    0x0, 0x0, 0x0, 0x0,

    /* U+5931 "失" */
    0x0, 0x0, 0x0, 0x0, 0x9, 0xf6, 0x0, 0x0,
    0x0, 0x0, 0x0, 0xed, 0x10, 0xaf, 0x50, 0x0,
    0x0, 0x0, 0x0, 0x2f, 0xd0, 0xc, 0xf3, 0x0,
    0x0, 0x0, 0x0, 0x7, 0xf9, 0x0, 0xdf, 0x20,
    0x0, 0x0, 0x0, 0x0, 0xdf, 0xff, 0xff, 0xff,
    0xff, 0xfd, 0x0, 0x0, 0x4f, 0xff, 0xff, 0xff,
    0xff, 0xff, 0xc0, 0x0, 0xc, 0xf6, 0x0, 0x2f,
    0xd0, 0x0, 0x0, 0x0, 0x5, 0xfd, 0x0, 0x3,
    0xfc, 0x0, 0x0, 0x0, 0x0, 0x8, 0x50, 0x0,
    0x5f, 0xa0, 0x0, 0x0, 0x0, 0x0, 0x0, 0x0,
    0x7, 0xf8, 0x0, 0x0, 0x0, 0x0, 0x0, 0x0,
    0x0, 0xaf, 0x60, 0x0, 0x0, 0x0, 0xb, 0xff,
    0xff, 0xff, 0xff, 0xff, 0xff, 0xf7, 0x0, 0xcf,
    0xff, 0xff, 0xff, 0xff, 0xff, 0xff, 0x50, 0x0,
    0x0, 0x0, 0xbf, 0xfe, 0x0, 0x0, 0x0, 0x0,
    0x0, 0x0, 0x3f, 0xfb, 0xf6, 0x0, 0x0, 0x0,
    0x0, 0x0, 0xc, 0xf8, 0x3f, 0xd0, 0x0, 0x0,
    0x0, 0x0, 0x8, 0xfe, 0x10, 0xcf, 0x70, 0x0,
    0x0, 0x0, 0x5, 0xff, 0x40, 0x3, 0xff, 0x20,
    0x0, 0x0, 0x5, 0xff, 0x80, 0x0, 0x9, 0xfd,
    0x10, 0x0, 0x9, 0xff, 0x80, 0x0, 0x0, 0xc,
    0xfd, 0x10, 0xc, 0xff, 0x70, 0x0, 0x0, 0x0,
    0x1e, 0xfc, 0x0, 0x8d, 0x30, 0x0, 0x0, 0x0,
    0x0, 0x2d, 0x20, 0x0, 0x0, 0x0, 0x0, 0x0,
    0x0, 0x0, 0x0, 0x0,

    /* U+5939 "夹" */
    0x0, 0x0, 0x0, 0x0, 0x9, 0xf6, 0x0, 0x0,
    0x0, 0x0, 0x0, 0x0, 0x0, 0xaf, 0x50, 0x0,
    0x0, 0x0, 0x0, 0x0, 0x0, 0xc, 0xf3, 0x0,
    0x0, 0x0, 0x0, 0x7e, 0xee, 0xee, 0xff, 0xee,
    0xee, 0xe7, 0x0, 0x9, 0xff, 0xff, 0xff, 0xff,
    0xff, 0xff, 0x60, 0x0, 0x11, 0x11, 0x12, 0xff,
    0x11, 0x11, 0x10, 0x0, 0x0, 0x6b, 0x0, 0x2f,
    0xd0, 0x4, 0x92, 0x0, 0x0, 0xa, 0xf1, 0x3,
    0xfc, 0x0, 0xbf, 0x30, 0x0, 0x0, 0x7f, 0x40,
    0x5f, 0xa0, 0x2f, 0xc0, 0x0, 0x0, 0x5, 0xf7,
    0x8, 0xf8, 0x9, 0xf5, 0x0, 0x0, 0x0, 0x12,
    0x0, 0xbf, 0x40, 0x5, 0x0, 0x0, 0x9, 0xbb,
    0xbb, 0xbf, 0xfc, 0xbb, 0xbb, 0xb4, 0x0, 0xef,
    0xff, 0xff, 0xff, 0xff, 0xff, 0xff, 0x40, 0x3,
    0x44, 0x44, 0xdf, 0xfe, 0x44, 0x44, 0x40, 0x0,
    0x0, 0x0, 0x4f, 0xec, 0xf4, 0x0, 0x0, 0x0,
    0x0, 0x0, 0x1d, 0xf7, 0x4f, 0xd0, 0x0, 0x0,
    0x0, 0x0, 0xb, 0xfc, 0x0, 0xcf, 0x80, 0x0,
    0x0, 0x0, 0xa, 0xfe, 0x20, 0x3, 0xff, 0x50,
    0x0, 0x0, 0x1b, 0xff, 0x30, 0x0, 0x7, 0xff,
    0x30, 0x0, 0x5e, 0xfe, 0x30, 0x0, 0x0, 0xb,
    0xff, 0x50, 0xd, 0xfc, 0x10, 0x0, 0x0, 0x0,
    0xc, 0xf8, 0x0, 0x46, 0x0, 0x0, 0x0, 0x0,
    0x0, 0x7, 0x0,

    /* U+597D "好" */
    0x0, 0x0, 0x7c, 0x30, 0x0, 0x0, 0x0, 0x0,
    0x0, 0x0, 0xb, 0xf2, 0x0, 0x8f, 0xff, 0xff,
    0xf7, 0x0, 0x0, 0xdf, 0x0, 0x9, 0xee, 0xee,
    0xff, 0xb0, 0x0, 0xf, 0xe0, 0x0, 0x0, 0x0,
    0xd, 0xf4, 0x0, 0xce, 0xff, 0xda, 0x0, 0x0,
    0x7, 0xfa, 0x0, 0xf, 0xff, 0xff, 0xf3, 0x0,
    0x2, 0xff, 0x10, 0x0, 0x7, 0xf6, 0xaf, 0x20,
    0x0, 0xbf, 0x60, 0x0, 0x0, 0xaf, 0x2d, 0xe0,
    0x0, 0xf, 0xf0, 0x0, 0x0, 0xe, 0xf1, 0xfb,
    0x0, 0x1, 0xfe, 0x0, 0x0, 0x1, 0xfb, 0x4f,
    0x88, 0xcc, 0xcf, 0xfc, 0xc8, 0x0, 0x6f, 0x78,
    0xf5, 0xcf, 0xff, 0xff, 0xff, 0xa0, 0xa, 0xf2,
    0xdf, 0x12, 0x22, 0x7f, 0xa2, 0x21, 0x0, 0xff,
    0x2f, 0xc0, 0x0, 0x7, 0xf7, 0x0, 0x0, 0xb,
    0xfe, 0xf7, 0x0, 0x0, 0x9f, 0x60, 0x0, 0x0,
    0xd, 0xff, 0x10, 0x0, 0xa, 0xf4, 0x0, 0x0,
    0x0, 0x6f, 0xf3, 0x0, 0x0, 0xcf, 0x30, 0x0,
    0x0, 0xd, 0xff, 0xd0, 0x0, 0xd, 0xf1, 0x0,
    0x0, 0x6, 0xfb, 0xbf, 0x60, 0x0, 0xff, 0x0,
    0x0, 0x1, 0xef, 0x22, 0x91, 0x63, 0x1f, 0xd0,
    0x0, 0x0, 0xcf, 0x80, 0x0, 0x4f, 0x96, 0xfa,
    0x0, 0x0, 0x5f, 0xc0, 0x0, 0x0, 0xef, 0xff,
    0x40, 0x0, 0x0, 0x91, 0x0, 0x0, 0x4, 0xdf,
    0x80, 0x0, 0x0,

    /* U+59CB "始" */
    0x0, 0x0, 0x45, 0x0, 0x0, 0x0, 0x62, 0x0,
    0x0, 0x0, 0x0, 0xbf, 0x10, 0x0, 0x4, 0xf9,
    0x0, 0x0, 0x0, 0x0, 0xef, 0x0, 0x0, 0x8,
    0xf4, 0x0, 0x0, 0x0, 0x0, 0xfd, 0x0, 0x0,
    0xe, 0xf0, 0x0, 0x0, 0x0, 0x6e, 0xff, 0xda,
    0x0, 0x4f, 0xa0, 0xb9, 0x0, 0x0, 0x8f, 0xff,
    0xff, 0x30, 0xaf, 0x30, 0xce, 0x0, 0x0, 0x8,
    0xf5, 0xaf, 0x22, 0xfb, 0x0, 0x7f, 0x30, 0x0,
    0xb, 0xf2, 0xdf, 0xa, 0xf4, 0x2, 0x7f, 0x80,
    0x0, 0xe, 0xe0, 0xfe, 0x5f, 0xfc, 0xff, 0xff,
    0xb0, 0x0, 0x1f, 0xb2, 0xfa, 0xcf, 0xff, 0xda,
    0x7d, 0xd0, 0x0, 0x5f, 0x76, 0xf7, 0x44, 0x20,
    0x0, 0x7, 0x90, 0x0, 0xaf, 0x3a, 0xf3, 0x0,
    0x0, 0x0, 0x0, 0x0, 0x0, 0xef, 0x1f, 0xe0,
    0x6d, 0xdd, 0xdd, 0xc5, 0x0, 0x0, 0xbf, 0xdf,
    0xa0, 0x9f, 0xff, 0xff, 0xfa, 0x0, 0x0, 0x1e,
    0xff, 0x40, 0xbf, 0x10, 0x5, 0xf9, 0x0, 0x0,
    0x6, 0xff, 0x10, 0xcf, 0x0, 0x6, 0xf7, 0x0,
    0x0, 0xb, 0xff, 0x90, 0xee, 0x0, 0x7, 0xf6,
    0x0, 0x0, 0x4f, 0xef, 0xf3, 0xfc, 0x0, 0x9,
    0xf4, 0x0, 0x0, 0xdf, 0x58, 0xf8, 0xfa, 0x0,
    0xb, 0xf2, 0x0, 0xa, 0xfb, 0x0, 0x53, 0xf9,
    0x0, 0xc, 0xf1, 0x0, 0x3f, 0xe1, 0x0, 0x5,
    0xff, 0xee, 0xef, 0xf0, 0x0, 0x8, 0x30, 0x0,
    0x7, 0xff, 0xff, 0xff, 0xd0, 0x0,

    /* U+5B50 "子" */
    0x0, 0x8f, 0xff, 0xff, 0xff, 0xff, 0xf6, 0x0,
    0x8, 0xee, 0xee, 0xee, 0xee, 0xff, 0xa0, 0x0,
    0x0, 0x0, 0x0, 0x0, 0x9f, 0xf2, 0x0, 0x0,
    0x0, 0x0, 0x0, 0x8f, 0xf3, 0x0, 0x0, 0x0,
    0x0, 0x0, 0x8f, 0xf4, 0x0, 0x0, 0x0, 0x0,
    0x0, 0x7f, 0xf4, 0x0, 0x0, 0x0, 0x0, 0x0,
    0x3f, 0xf5, 0x0, 0x0, 0x0, 0x0, 0x0, 0x5,
    0xfb, 0x0, 0x0, 0x0, 0x0, 0x0, 0x0, 0x6f,
    0xa0, 0x0, 0x0, 0xd, 0xff, 0xff, 0xff, 0xff,
    0xff, 0xff, 0xf9, 0xde, 0xee, 0xee, 0xff, 0xee,
    0xee, 0xee, 0x70, 0x0, 0x0, 0xa, 0xf5, 0x0,
    0x0, 0x0, 0x0, 0x0, 0x0, 0xcf, 0x40, 0x0,
    0x0, 0x0, 0x0, 0x0, 0xd, 0xf3, 0x0, 0x0,
    0x0, 0x0, 0x0, 0x0, 0xef, 0x20, 0x0, 0x0,
    0x0, 0x0, 0x0, 0xf, 0xf0, 0x0, 0x0, 0x0,
    0x0, 0x0, 0x1, 0xff, 0x0, 0x0, 0x0, 0x0,
    0x5c, 0x50, 0x3f, 0xd0, 0x0, 0x0, 0x0, 0x7,
    0xfc, 0x2a, 0xf9, 0x0, 0x0, 0x0, 0x0, 0x1f,
    0xff, 0xff, 0x20, 0x0, 0x0, 0x0, 0x0, 0x3c,
    0xfd, 0x50, 0x0, 0x0, 0x0, 0x0,

    /* U+5B57 "字" */
    0x0, 0x0, 0x0, 0x0, 0xbf, 0x50, 0x0, 0x0,
    0x0, 0x0, 0x0, 0x0, 0xc, 0xf3, 0x0, 0x0,
    0x0, 0x0, 0x0, 0x0, 0x0, 0xef, 0x30, 0x0,
    0x0, 0x0, 0x2f, 0xff, 0xff, 0xff, 0xff, 0xff,
    0xff, 0xb0, 0x3, 0xff, 0xee, 0xee, 0xee, 0xee,
    0xee, 0xff, 0x20, 0x5f, 0xa0, 0x0, 0x0, 0x0,
    0x0, 0xe, 0xf2, 0x6, 0xf9, 0x0, 0x0, 0x0,
    0x0, 0x0, 0xff, 0x0, 0x48, 0x49, 0xff, 0xff,
    0xff, 0xfb, 0x8, 0x70, 0x0, 0x0, 0x9e, 0xee,
    0xee, 0xff, 0xe0, 0x0, 0x0, 0x0, 0x0, 0x0,
    0x0, 0x6f, 0xf4, 0x0, 0x0, 0x0, 0x0, 0x0,
    0x0, 0x5f, 0xf5, 0x0, 0x0, 0x0, 0x0, 0x0,
    0x0, 0x2f, 0xf5, 0x0, 0x0, 0x0, 0x1, 0x11,
    0x11, 0x16, 0xfb, 0x11, 0x11, 0x10, 0x2, 0xff,
    0xff, 0xff, 0xff, 0xff, 0xff, 0xff, 0x40, 0x2c,
    0xcc, 0xcc, 0xce, 0xfd, 0xcc, 0xcc, 0xc2, 0x0,
    0x0, 0x0, 0x0, 0x9f, 0x60, 0x0, 0x0, 0x0,
    0x0, 0x0, 0x0, 0xb, 0xf4, 0x0, 0x0, 0x0,
    0x0, 0x0, 0x0, 0x0, 0xcf, 0x30, 0x0, 0x0,
    0x0, 0x0, 0x17, 0x70, 0xe, 0xf2, 0x0, 0x0,
    0x0, 0x0, 0x0, 0xff, 0x24, 0xfe, 0x0, 0x0,
    0x0, 0x0, 0x0, 0x9, 0xff, 0xff, 0x80, 0x0,
    0x0, 0x0, 0x0, 0x0, 0x9, 0xee, 0x90, 0x0,
    0x0, 0x0, 0x0,

    /* U+5B58 "存" */
    0x0, 0x0, 0x0, 0x9, 0x50, 0x0, 0x0, 0x0,
    0x0, 0x0, 0x0, 0x4f, 0xd0, 0x0, 0x0, 0x0,
    0x0, 0x0, 0x0, 0x9f, 0x80, 0x0, 0x0, 0x0,
    0x0, 0x7f, 0xff, 0xff, 0xff, 0xff, 0xff, 0xfe,
    0x0, 0x9f, 0xff, 0xff, 0xff, 0xff, 0xff, 0xfd,
    0x0, 0x0, 0xc, 0xf7, 0x0, 0x0, 0x0, 0x0,
    0x0, 0x0, 0x3f, 0xf0, 0x0, 0x0, 0x0, 0x0,
    0x0, 0x0, 0xbf, 0x88, 0xee, 0xee, 0xed, 0x60,
    0x0, 0x4, 0xff, 0x1a, 0xff, 0xff, 0xff, 0xc0,
    0x0, 0xd, 0xfa, 0x0, 0x0, 0x2, 0xef, 0x50,
    0x0, 0x9f, 0xf8, 0x0, 0x0, 0x1d, 0xf8, 0x0,
    0x5, 0xff, 0xf6, 0x0, 0x0, 0xaf, 0x90, 0x0,
    0x4f, 0xff, 0xf5, 0x33, 0x33, 0xcf, 0x53, 0x31,
    0x3f, 0x9b, 0xf3, 0xff, 0xff, 0xff, 0xff, 0xf4,
    0x2, 0xd, 0xf2, 0xbb, 0xbb, 0xff, 0xbb, 0xb2,
    0x0, 0xf, 0xf0, 0x0, 0x0, 0xfe, 0x0, 0x0,
    0x0, 0xf, 0xe0, 0x0, 0x1, 0xfd, 0x0, 0x0,
    0x0, 0x2f, 0xc0, 0x0, 0x3, 0xfb, 0x0, 0x0,
    0x0, 0x4f, 0xb0, 0x3, 0x4, 0xfa, 0x0, 0x0,
    0x0, 0x6f, 0x90, 0xef, 0x18, 0xf7, 0x0, 0x0,
    0x0, 0x7f, 0x70, 0x9f, 0xff, 0xf2, 0x0, 0x0,
    0x0, 0x9f, 0x60, 0x9, 0xee, 0x50, 0x0, 0x0,

    /* U+5B66 "学" */
    0x0, 0x0, 0x40, 0x5, 0x80, 0x0, 0x7, 0x20,
    0x0, 0xa, 0xf3, 0xc, 0xf2, 0x0, 0x3f, 0xc0,
    0x0, 0x4, 0xfa, 0x5, 0xf8, 0x0, 0xcf, 0x30,
    0x0, 0x0, 0xdf, 0x10, 0xfc, 0x6, 0xf9, 0x0,
    0x0, 0xbc, 0xef, 0xcc, 0xfd, 0xcf, 0xfd, 0xb3,
    0x0, 0xff, 0xff, 0xff, 0xff, 0xff, 0xff, 0xfb,
    0x1, 0xfd, 0x0, 0x0, 0x0, 0x0, 0x4, 0xfb,
    0x3, 0xfb, 0x0, 0x0, 0x0, 0x0, 0x5, 0xf9,
    0x2, 0x85, 0x4f, 0xff, 0xff, 0xfe, 0x53, 0x84,
    0x0, 0x0, 0x4c, 0xcc, 0xcc, 0xff, 0x80, 0x0,
    0x0, 0x0, 0x0, 0x0, 0xa, 0xfb, 0x0, 0x0,
    0x0, 0x0, 0x0, 0x0, 0xcf, 0x90, 0x0, 0x0,
    0x0, 0x0, 0x0, 0x3, 0xfd, 0x0, 0x0, 0x0,
    0xf, 0xff, 0xff, 0xff, 0xff, 0xff, 0xff, 0xf3,
    0xd, 0xdd, 0xdd, 0xde, 0xfe, 0xdd, 0xdd, 0xd1,
    0x0, 0x0, 0x0, 0x8, 0xf7, 0x0, 0x0, 0x0,
    0x0, 0x0, 0x0, 0x9, 0xf6, 0x0, 0x0, 0x0,
    0x0, 0x0, 0x0, 0xb, 0xf4, 0x0, 0x0, 0x0,
    0x0, 0x2, 0x40, 0xd, 0xf3, 0x0, 0x0, 0x0,
    0x0, 0xd, 0xf2, 0x2f, 0xf0, 0x0, 0x0, 0x0,
    0x0, 0x7, 0xff, 0xff, 0x90, 0x0, 0x0, 0x0,
    0x0, 0x0, 0x8e, 0xf9, 0x0, 0x0, 0x0, 0x0,

    /* U+5B83 "它" */
    0x0, 0x0, 0x0, 0xb, 0xf5, 0x0, 0x0, 0x0,
    0x0, 0x0, 0x0, 0xcf, 0x40, 0x0, 0x0, 0x0,
    0x11, 0x11, 0x1e, 0xf4, 0x11, 0x10, 0x0, 0xaf,
    0xff, 0xff, 0xff, 0xff, 0xff, 0xf7, 0xc, 0xfe,
    0xee, 0xee, 0xee, 0xee, 0xef, 0xd0, 0xef, 0x10,
    0x0, 0x0, 0x0, 0x3, 0xfc, 0xf, 0xf0, 0x0,
    0x0, 0x0, 0x0, 0x5f, 0xa0, 0x76, 0x0, 0x0,
    0x0, 0x0, 0x3, 0x74, 0x0, 0xb, 0xc1, 0x0,
    0x0, 0x0, 0x0, 0x0, 0x0, 0xff, 0x0, 0x0,
    0x3, 0x80, 0x0, 0x0, 0x2f, 0xe0, 0x0, 0x6,
    0xff, 0x50, 0x0, 0x4, 0xfc, 0x0, 0x2b, 0xff,
    0xa0, 0x0, 0x0, 0x6f, 0xa1, 0x8f, 0xff, 0x60,
    0x0, 0x0, 0x7, 0xfe, 0xff, 0xfa, 0x10, 0x0,
    0x0, 0x0, 0x9f, 0xff, 0xa2, 0x0, 0x0, 0x0,
    0x0, 0xb, 0xf9, 0x10, 0x0, 0x0, 0x0, 0x0,
    0x0, 0xcf, 0x40, 0x0, 0x0, 0xa, 0xb2, 0x0,
    0xd, 0xf4, 0x0, 0x0, 0x2, 0xff, 0x10, 0x0,
    0xcf, 0x60, 0x0, 0x0, 0xbf, 0xb0, 0x0, 0x8,
    0xfe, 0x40, 0x13, 0xcf, 0xf2, 0x0, 0x0, 0x1e,
    0xff, 0xff, 0xff, 0xf5, 0x0, 0x0, 0x0, 0x19,
    0xdf, 0xfd, 0x92, 0x0, 0x0,

    /* U+5B89 "安" */
    0x0, 0x0, 0x0, 0x0, 0xbf, 0x50, 0x0, 0x0,
    0x0, 0x0, 0x0, 0x0, 0xc, 0xf4, 0x0, 0x0,
    0x0, 0x0, 0x23, 0x33, 0x33, 0xdf, 0x53, 0x33,
    0x20, 0x0, 0xe, 0xff, 0xff, 0xff, 0xff, 0xff,
    0xff, 0xd0, 0x0, 0xff, 0xbb, 0xbb, 0xbb, 0xbb,
    0xbb, 0xff, 0x20, 0x1f, 0xe0, 0x0, 0x10, 0x0,
    0x0, 0xe, 0xf1, 0x3, 0xfc, 0x0, 0xd, 0xe3,
    0x0, 0x0, 0xff, 0x0, 0x2, 0x20, 0x4, 0xfe,
    0x0, 0x0, 0x2, 0x20, 0x0, 0x0, 0x0, 0xbf,
    0x80, 0x0, 0x0, 0x0, 0x0, 0xff, 0xff, 0xff,
    0xff, 0xff, 0xff, 0xff, 0xf4, 0x1e, 0xee, 0xef,
    0xfe, 0xee, 0xef, 0xfe, 0xee, 0x20, 0x0, 0x4,
    0xff, 0x10, 0x4, 0xfe, 0x0, 0x0, 0x0, 0x0,
    0xdf, 0x80, 0x0, 0xcf, 0x90, 0x0, 0x0, 0x0,
    0x8f, 0xd0, 0x0, 0x4f, 0xf2, 0x0, 0x0, 0x0,
    0x3f, 0xfe, 0x50, 0x1e, 0xf8, 0x0, 0x0, 0x0,
    0x0, 0x6d, 0xff, 0xdc, 0xfd, 0x0, 0x0, 0x0,
    0x0, 0x0, 0x6, 0xdf, 0xff, 0x50, 0x0, 0x0,
    0x0, 0x0, 0x0, 0x5e, 0xff, 0xff, 0x70, 0x0,
    0x0, 0x0, 0x5, 0xdf, 0xfc, 0x3b, 0xff, 0xd3,
    0x0, 0x4, 0xae, 0xff, 0xf7, 0x0, 0x5, 0xef,
    0xf7, 0x0, 0xaf, 0xfe, 0x71, 0x0, 0x0, 0x1,
    0xcf, 0xa0, 0x4, 0x84, 0x0, 0x0, 0x0, 0x0,
    0x0, 0x81, 0x0,

    /* U+5B8C "完" */
    0x0, 0x0, 0x0, 0x0, 0x3f, 0xd0, 0x0, 0x0,
    0x0, 0x0, 0x0, 0x0, 0x4, 0xfb, 0x0, 0x0,
    0x0, 0x0, 0x2, 0x22, 0x22, 0x7f, 0xb2, 0x22,
    0x21, 0x0, 0x2, 0xff, 0xff, 0xff, 0xff, 0xff,
    0xff, 0xf6, 0x0, 0x4f, 0xec, 0xcc, 0xcc, 0xcc,
    0xcc, 0xdf, 0xb0, 0x6, 0xf8, 0x0, 0x0, 0x0,
    0x0, 0x4, 0xfa, 0x0, 0x8f, 0x60, 0x0, 0x0,
    0x0, 0x0, 0x6f, 0x80, 0x2, 0x32, 0xff, 0xff,
    0xff, 0xff, 0xf2, 0x31, 0x0, 0x0, 0x2d, 0xdd,
    0xdd, 0xdd, 0xdc, 0x0, 0x0, 0x0, 0x0, 0x0,
    0x0, 0x0, 0x0, 0x0, 0x0, 0x0, 0x0, 0x0,
    0x0, 0x0, 0x0, 0x0, 0x0, 0x0, 0xb, 0xdd,
    0xdd, 0xdd, 0xdd, 0xdd, 0xdd, 0xc0, 0x0, 0xef,
    0xff, 0xff, 0xff, 0xff, 0xff, 0xfc, 0x0, 0x0,
    0x0, 0x4f, 0xe0, 0x5f, 0xb0, 0x0, 0x0, 0x0,
    0x0, 0x8, 0xfa, 0x6, 0xf9, 0x0, 0x0, 0x0,
    0x0, 0x0, 0xdf, 0x50, 0x7f, 0x80, 0x0, 0x0,
    0x0, 0x0, 0x4f, 0xf0, 0x9, 0xf6, 0x0, 0x0,
    0x0, 0x0, 0xd, 0xf9, 0x0, 0xaf, 0x50, 0x9,
    0xf4, 0x0, 0xb, 0xfe, 0x10, 0xb, 0xf5, 0x0,
    0xcf, 0x20, 0x4d, 0xff, 0x30, 0x0, 0x9f, 0xb1,
    0x6f, 0xe0, 0x7f, 0xfe, 0x30, 0x0, 0x3, 0xff,
    0xff, 0xf6, 0x2, 0xf9, 0x10, 0x0, 0x0, 0x5,
    0xdf, 0xd6, 0x0, 0x1, 0x0, 0x0, 0x0, 0x0,
    0x0, 0x0, 0x0, 0x0,

    /* U+5B9A "定" */
    0x0, 0x0, 0x0, 0x0, 0x9, 0xf7, 0x0, 0x0,
    0x0, 0x0, 0x0, 0x0, 0x0, 0xaf, 0x50, 0x0,
    0x0, 0x0, 0x0, 0x0, 0x0, 0xb, 0xf4, 0x0,
    0x0, 0x0, 0x0, 0xce, 0xee, 0xee, 0xff, 0xfe,
    0xee, 0xd6, 0x0, 0xf, 0xff, 0xff, 0xff, 0xff,
    0xff, 0xff, 0xe0, 0x1, 0xfd, 0x0, 0x0, 0x0,
    0x0, 0x1, 0xfd, 0x0, 0x2f, 0xb0, 0x0, 0x0,
    0x0, 0x0, 0x3f, 0xb0, 0x4, 0xff, 0xdd, 0xdd,
    0xdd, 0xdd, 0xde, 0xf9, 0x0, 0x0, 0xdf, 0xff,
    0xff, 0xff, 0xff, 0xf4, 0x0, 0x0, 0x0, 0x0,
    0x2, 0xfd, 0x0, 0x0, 0x0, 0x0, 0x0, 0x24,
    0x10, 0x3f, 0xb0, 0x0, 0x0, 0x0, 0x0, 0x8,
    0xf5, 0x5, 0xf9, 0x0, 0x0, 0x0, 0x0, 0x0,
    0xaf, 0x30, 0x7f, 0x80, 0x0, 0x0, 0x0, 0x0,
    0xd, 0xf0, 0x8, 0xff, 0xff, 0xf7, 0x0, 0x0,
    0x1, 0xfd, 0x0, 0xaf, 0xed, 0xdd, 0x40, 0x0,
    0x0, 0x6f, 0xd0, 0xb, 0xf3, 0x0, 0x0, 0x0,
    0x0, 0xb, 0xff, 0x20, 0xdf, 0x10, 0x0, 0x0,
    0x0, 0x2, 0xff, 0xfa, 0xf, 0xf0, 0x0, 0x0,
    0x0, 0x0, 0x9f, 0x6c, 0xf6, 0xfe, 0x0, 0x0,
    0x0, 0x0, 0x2f, 0xe0, 0x3f, 0xff, 0xc0, 0x2,
    0x6e, 0x60, 0xc, 0xf6, 0x0, 0x5f, 0xff, 0xff,
    0xff, 0xf9, 0x0, 0x9b, 0x0, 0x0, 0x29, 0xdf,
    0xfd, 0x94, 0x0, 0x0, 0x0, 0x0, 0x0, 0x0,
    0x0, 0x0, 0x0, 0x0,

    /* U+5B9E "实" */
    0x0, 0x0, 0x0, 0x0, 0xdf, 0x30, 0x0, 0x0,
    0x0, 0x0, 0x0, 0x0, 0xef, 0x10, 0x0, 0x0,
    0x0, 0x0, 0x0, 0x0, 0xff, 0x10, 0x0, 0x0,
    0x0, 0xcf, 0xff, 0xff, 0xff, 0xff, 0xff, 0xf5,
    0x0, 0xef, 0xdd, 0xdd, 0xdd, 0xdd, 0xde, 0xfb,
    0x0, 0xff, 0x5, 0x0, 0x3, 0x40, 0x5, 0xfb,
    0x1, 0xfe, 0x4f, 0xc0, 0xf, 0xe0, 0x6, 0xf9,
    0x0, 0x0, 0x8, 0xfc, 0x2f, 0xc0, 0x0, 0x0,
    0x0, 0x9, 0x80, 0x8c, 0x4f, 0xa0, 0x0, 0x0,
    0x0, 0xc, 0xf9, 0x0, 0x5f, 0x80, 0x0, 0x0,
    0x0, 0x0, 0xbf, 0x80, 0x8f, 0x50, 0x0, 0x0,
    0x0, 0x0, 0xc, 0x30, 0xbf, 0x30, 0x0, 0x0,
    0x1, 0x11, 0x11, 0x11, 0xff, 0x21, 0x11, 0x10,
    0xf, 0xff, 0xff, 0xff, 0xff, 0xff, 0xff, 0xf0,
    0xc, 0xcc, 0xcc, 0xcf, 0xfc, 0xcc, 0xcc, 0xb0,
    0x0, 0x0, 0x0, 0x7f, 0xf2, 0x0, 0x0, 0x0,
    0x0, 0x0, 0x4, 0xff, 0xff, 0x50, 0x0, 0x0,
    0x0, 0x0, 0x5f, 0xf5, 0x8f, 0xf9, 0x0, 0x0,
    0x0, 0x9, 0xff, 0x60, 0x5, 0xff, 0xb0, 0x0,
    0x6, 0xef, 0xe4, 0x0, 0x0, 0x2e, 0xfc, 0x0,
    0xbf, 0xfa, 0x10, 0x0, 0x0, 0x2, 0xef, 0x90,
    0x5a, 0x20, 0x0, 0x0, 0x0, 0x0, 0x2a, 0x0,

    /* U+5BB9 "容" */
    0x0, 0x0, 0x0, 0x0, 0xbf, 0x40, 0x0, 0x0,
    0x0, 0x0, 0x0, 0x0, 0xdf, 0x30, 0x0, 0x0,
    0x0, 0x7c, 0xcc, 0xcc, 0xff, 0xdc, 0xcc, 0xb4,
    0x0, 0xbf, 0xff, 0xff, 0xff, 0xff, 0xff, 0xfe,
    0x0, 0xcf, 0x30, 0x0, 0x0, 0x0, 0x2, 0xfe,
    0x0, 0xce, 0x2, 0x90, 0x0, 0x86, 0x2, 0xea,
    0x0, 0x0, 0x2e, 0xf4, 0x1, 0xef, 0x90, 0x0,
    0x0, 0x4, 0xef, 0x70, 0x40, 0x1d, 0xf9, 0x0,
    0x1, 0x9f, 0xf7, 0x5, 0xfa, 0x1, 0xdf, 0x90,
    0x1, 0xee, 0x40, 0x3f, 0xf9, 0x0, 0x1e, 0x90,
    0x0, 0x31, 0x4, 0xff, 0xff, 0x50, 0x1, 0x0,
    0x0, 0x0, 0x6f, 0xf8, 0x3f, 0xf6, 0x0, 0x0,
    0x0, 0x1a, 0xff, 0x70, 0x5, 0xff, 0xa1, 0x0,
    0x19, 0xff, 0xe4, 0x0, 0x0, 0x4e, 0xff, 0x81,
    0x5f, 0xff, 0xff, 0xff, 0xff, 0xff, 0xff, 0xf6,
    0x6, 0x1f, 0xfd, 0xdd, 0xdd, 0xdf, 0xd2, 0x90,
    0x0, 0xf, 0xf0, 0x0, 0x0, 0x3f, 0xd0, 0x0,
    0x0, 0x2f, 0xe0, 0x0, 0x0, 0x5f, 0xb0, 0x0,
    0x0, 0x3f, 0xc0, 0x0, 0x0, 0x6f, 0xa0, 0x0,
    0x0, 0x5f, 0xb0, 0x0, 0x0, 0x8f, 0x80, 0x0,
    0x0, 0x7f, 0xfd, 0xdd, 0xdd, 0xff, 0x60, 0x0,
    0x0, 0x8f, 0xff, 0xff, 0xff, 0xff, 0x50, 0x0,

    /* U+5BBD "宽" */
    0x0, 0x0, 0x0, 0x0, 0xa, 0xf3, 0x0, 0x0,
    0x0, 0x0, 0x0, 0x0, 0x0, 0xb, 0xf2, 0x0,
    0x0, 0x0, 0x0, 0x8, 0xdd, 0xdd, 0xdf, 0xfe,
    0xdd, 0xdd, 0x70, 0x0, 0xa, 0xff, 0xff, 0xff,
    0xff, 0xff, 0xff, 0xf0, 0x0, 0xc, 0xf0, 0x2,
    0x10, 0x1, 0x20, 0xd, 0xe0, 0x0, 0x8, 0x80,
    0x4f, 0x70, 0x7, 0xf4, 0x8, 0x70, 0x0, 0x1,
    0xcc, 0xdf, 0xdc, 0xce, 0xfd, 0xcb, 0x0, 0x0,
    0x3, 0xff, 0xff, 0xff, 0xff, 0xff, 0xfc, 0x0,
    0x0, 0x0, 0x0, 0x9f, 0x20, 0xd, 0xf0, 0x0,
    0x0, 0x0, 0x0, 0x0, 0x57, 0x10, 0x6, 0x60,
    0x0, 0x0, 0x0, 0x0, 0xcf, 0xff, 0xff, 0xff,
    0xfe, 0x10, 0x0, 0x0, 0x0, 0xdf, 0xcc, 0xcc,
    0xcc, 0xef, 0x50, 0x0, 0x0, 0x0, 0xfd, 0x0,
    0x44, 0x0, 0x8f, 0x40, 0x0, 0x0, 0x1, 0xfb,
    0x0, 0xfd, 0x0, 0xaf, 0x20, 0x0, 0x0, 0x3,
    0xf9, 0x3, 0xfb, 0x0, 0xcf, 0x0, 0x0, 0x0,
    0x4, 0xf8, 0x7, 0xfa, 0x30, 0xdf, 0x0, 0x0,
    0x0, 0x6, 0xf6, 0x1e, 0xff, 0xc0, 0xfd, 0x0,
    0x0, 0x0, 0x1, 0x31, 0xcf, 0xbf, 0xb0, 0x32,
    0x0, 0x0, 0x0, 0x0, 0x2c, 0xfd, 0x4f, 0xa0,
    0x3, 0xf8, 0x0, 0x0, 0x4a, 0xff, 0xc1, 0x2f,
    0xd0, 0xa, 0xf6, 0x0, 0xc, 0xff, 0xf7, 0x0,
    0xd, 0xfd, 0xdf, 0xd0, 0x0, 0x5, 0xb6, 0x10,
    0x0, 0x1, 0xae, 0xfb, 0x20, 0x0,

    /* U+5BF8 "寸" */
    0x0, 0x0, 0x0, 0x0, 0x0, 0x5f, 0xa0, 0x0,
    0x0, 0x0, 0x0, 0x0, 0x0, 0x7f, 0x90, 0x0,
    0x0, 0x0, 0x0, 0x0, 0x0, 0x8f, 0x70, 0x0,
    0x0, 0x0, 0x0, 0x0, 0x0, 0xaf, 0x60, 0x0,
    0x3e, 0xee, 0xee, 0xee, 0xee, 0xff, 0xee, 0xe2,
    0x5f, 0xff, 0xff, 0xff, 0xff, 0xff, 0xff, 0xf1,
    0x13, 0x33, 0x33, 0x33, 0x33, 0xff, 0x43, 0x30,
    0x0, 0x0, 0x0, 0x0, 0x0, 0xff, 0x0, 0x0,
    0x0, 0x26, 0x0, 0x0, 0x2, 0xfe, 0x0, 0x0,
    0x1, 0xff, 0x20, 0x0, 0x4, 0xfc, 0x0, 0x0,
    0x0, 0x9f, 0xc0, 0x0, 0x5, 0xfa, 0x0, 0x0,
    0x0, 0x1e, 0xf6, 0x0, 0x7, 0xf9, 0x0, 0x0,
    0x0, 0x7, 0xfe, 0x0, 0x9, 0xf7, 0x0, 0x0,
    0x0, 0x0, 0xef, 0x50, 0xa, 0xf6, 0x0, 0x0,
    0x0, 0x0, 0x68, 0x0, 0xc, 0xf4, 0x0, 0x0,
    0x0, 0x0, 0x0, 0x0, 0xe, 0xf2, 0x0, 0x0,
    0x0, 0x0, 0x0, 0x0, 0xf, 0xf1, 0x0, 0x0,
    0x0, 0x0, 0x11, 0x0, 0x1f, 0xf0, 0x0, 0x0,
    0x0, 0x8, 0xf6, 0x0, 0x4f, 0xc0, 0x0, 0x0,
    0x0, 0x4, 0xfe, 0x21, 0xcf, 0x80, 0x0, 0x0,
    0x0, 0x0, 0xcf, 0xff, 0xfe, 0x10, 0x0, 0x0,
    0x0, 0x0, 0x1a, 0xef, 0xb2, 0x0, 0x0, 0x0,

    /* U+5BF9 "对" */
    0x0, 0x0, 0x0, 0x0, 0x0, 0x0, 0x0, 0xcf,
    0x20, 0x0, 0x6, 0x66, 0x63, 0x0, 0x0, 0x0,
    0xef, 0x10, 0x0, 0x1f, 0xff, 0xff, 0x50, 0x0,
    0x0, 0xff, 0x0, 0x0, 0x2f, 0xff, 0xff, 0x80,
    0x0, 0x0, 0xfe, 0x0, 0x0, 0x0, 0x0, 0x7f,
    0x6c, 0xff, 0xff, 0xff, 0xf2, 0x0, 0x0, 0x0,
    0xaf, 0x3e, 0xff, 0xff, 0xff, 0xf0, 0x0, 0x29,
    0x50, 0xcf, 0x0, 0x0, 0x6, 0xf9, 0x0, 0x0,
    0x2f, 0xc0, 0xfd, 0x0, 0x0, 0x7, 0xf7, 0x0,
    0x0, 0xc, 0xf6, 0xf9, 0x4, 0x50, 0x9, 0xf6,
    0x0, 0x0, 0x6, 0xfe, 0xf5, 0x1f, 0xd0, 0xa,
    0xf4, 0x0, 0x0, 0x1, 0xff, 0xf1, 0xd, 0xf2,
    0xc, 0xf2, 0x0, 0x0, 0x0, 0xbf, 0xc0, 0x8,
    0xf6, 0xe, 0xf1, 0x0, 0x0, 0x0, 0x9f, 0x80,
    0x5, 0xf8, 0xf, 0xf0, 0x0, 0x0, 0x0, 0xff,
    0xc0, 0x2, 0xfb, 0x1f, 0xd0, 0x0, 0x0, 0x7,
    0xff, 0xf1, 0x0, 0x40, 0x3f, 0xc0, 0x0, 0x0,
    0xe, 0xfb, 0xf5, 0x0, 0x0, 0x4f, 0xa0, 0x0,
    0x0, 0x6f, 0xc3, 0xfa, 0x0, 0x0, 0x6f, 0x80,
    0x0, 0x1, 0xef, 0x40, 0xee, 0x0, 0x0, 0x8f,
    0x70, 0x0, 0xa, 0xfb, 0x0, 0x63, 0x48, 0x10,
    0xaf, 0x50, 0x0, 0x4f, 0xf1, 0x0, 0x0, 0xaf,
    0x82, 0xef, 0x20, 0x0, 0xc, 0x60, 0x0, 0x0,
    0x4f, 0xff, 0xfb, 0x0, 0x0, 0x0, 0x0, 0x0,
    0x0, 0x5, 0xdf, 0xb1, 0x0, 0x0,

    /* U+5BFC "导" */
    0x0, 0x1f, 0xff, 0xff, 0xff, 0xff, 0xf6, 0x0,
    0x0, 0x2f, 0xfd, 0xdd, 0xdd, 0xdd, 0xfd, 0x0,
    0x0, 0x4f, 0xa0, 0x0, 0x0, 0x2, 0xfc, 0x0,
    0x0, 0x6f, 0x90, 0x0, 0x0, 0x4, 0xfa, 0x0,
    0x0, 0x8f, 0xff, 0xff, 0xff, 0xff, 0xf9, 0x0,
    0x0, 0x9f, 0xed, 0xdd, 0xdd, 0xdd, 0xd6, 0x0,
    0x0, 0x9f, 0x70, 0x0, 0x0, 0x0, 0x0, 0x50,
    0x0, 0x6f, 0xf6, 0x32, 0x22, 0x46, 0xae, 0xf4,
    0x0, 0xb, 0xff, 0xff, 0xff, 0xff, 0xff, 0xb3,
    0x0, 0x0, 0x48, 0xbc, 0xcb, 0xa8, 0x51, 0x0,
    0x0, 0x0, 0x0, 0x0, 0x0, 0x56, 0x0, 0x0,
    0x0, 0x0, 0x0, 0x0, 0x0, 0xff, 0x10, 0x0,
    0x4f, 0xff, 0xff, 0xff, 0xff, 0xff, 0xff, 0xf1,
    0x5d, 0xdf, 0xfd, 0xdd, 0xde, 0xff, 0xdd, 0xd0,
    0x0, 0xa, 0xf6, 0x0, 0x4, 0xfb, 0x0, 0x0,
    0x0, 0x2, 0xfd, 0x0, 0x6, 0xf9, 0x0, 0x0,
    0x0, 0x0, 0xba, 0x0, 0x8, 0xf7, 0x0, 0x0,
    0x0, 0x0, 0x1, 0x0, 0xa, 0xf5, 0x0, 0x0,
    0x0, 0x0, 0x8f, 0x60, 0x2f, 0xf1, 0x0, 0x0,
    0x0, 0x0, 0x2f, 0xfe, 0xff, 0x90, 0x0, 0x0,
    0x0, 0x0, 0x4, 0xcf, 0xe9, 0x0, 0x0, 0x0,

    /* U+5C04 "射" */
    0x0, 0x0, 0x1, 0xe7, 0x0, 0x0, 0x0, 0x7f,
    0x70, 0x0, 0x0, 0x5, 0xf7, 0x0, 0x0, 0x0,
    0x8f, 0x50, 0x0, 0x0, 0x2b, 0xf4, 0x0, 0x0,
    0x0, 0x9f, 0x40, 0x0, 0x7, 0xff, 0xff, 0xe1,
    0x0, 0x0, 0xbf, 0x20, 0x0, 0x9, 0xfc, 0xad,
    0xf4, 0x0, 0x0, 0xcf, 0x10, 0x0, 0xa, 0xf2,
    0xa, 0xf2, 0xee, 0xee, 0xff, 0xe0, 0x0, 0xc,
    0xfa, 0xae, 0xf2, 0xff, 0xff, 0xff, 0xd0, 0x0,
    0xe, 0xff, 0xff, 0xf0, 0x0, 0x1, 0xfc, 0x0,
    0x0, 0xf, 0xd0, 0xf, 0xd0, 0x1, 0x3, 0xfa,
    0x0, 0x0, 0x1f, 0xe8, 0x9f, 0xb1, 0xfa, 0x5,
    0xf9, 0x0, 0x0, 0x3f, 0xff, 0xff, 0xa0, 0xfc,
    0x6, 0xf7, 0x0, 0x0, 0x4f, 0x80, 0x5f, 0x80,
    0xdd, 0x8, 0xf5, 0x0, 0x0, 0x6f, 0x60, 0x6f,
    0x60, 0xbf, 0xa, 0xf4, 0x0, 0x8, 0xff, 0xff,
    0xff, 0x50, 0xbf, 0xb, 0xf2, 0x0, 0x7, 0xcc,
    0xdf, 0xff, 0x30, 0xbf, 0xd, 0xf0, 0x0, 0x0,
    0x0, 0xbf, 0xef, 0x10, 0x22, 0xf, 0xe0, 0x0,
    0x0, 0x7, 0xf9, 0xdf, 0x0, 0x0, 0xf, 0xd0,
    0x0, 0x0, 0x6f, 0xd0, 0xee, 0x0, 0x0, 0x2f,
    0xb0, 0x0, 0x7, 0xfe, 0x10, 0xfc, 0x1, 0x60,
    0x4f, 0x90, 0x0, 0x7f, 0xed, 0x83, 0xf9, 0x8,
    0xf5, 0x7f, 0x60, 0x0, 0x1b, 0x1a, 0xfe, 0xf5,
    0x3, 0xff, 0xff, 0x20, 0x0, 0x0, 0x1, 0xce,
    0x80, 0x0, 0x5d, 0xd5, 0x0, 0x0,

    /* U+5C06 "将" */
    0x0, 0x0, 0x0, 0x0, 0x0, 0x0, 0x0, 0x0,
    0x0, 0x0, 0x0, 0xa, 0xf4, 0x0, 0xd, 0xe0,
    0x0, 0x0, 0x0, 0x0, 0xb, 0xf3, 0x0, 0x6f,
    0xb0, 0x0, 0x0, 0x0, 0x25, 0xd, 0xf1, 0x2,
    0xff, 0xff, 0xfe, 0x80, 0x0, 0xde, 0xe, 0xf0,
    0x2e, 0xfb, 0xbb, 0xbf, 0xe0, 0x0, 0x8f, 0x2f,
    0xe3, 0xef, 0xf2, 0x0, 0x8f, 0x90, 0x0, 0x4f,
    0x7f, 0xc2, 0xfa, 0xfd, 0x4, 0xff, 0x10, 0x0,
    0x1f, 0xcf, 0xa0, 0x10, 0x9f, 0xaf, 0xf5, 0x0,
    0x0, 0xe, 0xff, 0x90, 0x0, 0x1f, 0xff, 0x60,
    0x0, 0x0, 0x4, 0x7f, 0x70, 0x6, 0xdf, 0xf5,
    0x0, 0x0, 0x0, 0x0, 0x8f, 0x68, 0xff, 0xfb,
    0x26, 0x92, 0x0, 0x0, 0x0, 0xaf, 0x44, 0xfb,
    0x40, 0xb, 0xf3, 0x0, 0x0, 0x1, 0xff, 0x20,
    0x10, 0x0, 0xd, 0xf2, 0x0, 0x0, 0xc, 0xff,
    0x6f, 0xff, 0xff, 0xff, 0xff, 0x50, 0x0, 0x9f,
    0xff, 0x5c, 0xcc, 0xcc, 0xcf, 0xfc, 0x20, 0x9,
    0xfc, 0xfd, 0x0, 0x42, 0x0, 0x2f, 0xc0, 0x0,
    0x2f, 0xd3, 0xfc, 0x2, 0xfd, 0x10, 0x3f, 0xa0,
    0x0, 0x6, 0x14, 0xfa, 0x0, 0x6f, 0x90, 0x5f,
    0x80, 0x0, 0x0, 0x5, 0xf9, 0x0, 0xb, 0x80,
    0x7f, 0x70, 0x0, 0x0, 0x7, 0xf7, 0x0, 0x1,
    0x0, 0x9f, 0x50, 0x0, 0x0, 0x9, 0xf5, 0x0,
    0xaf, 0x10, 0xcf, 0x20, 0x0, 0x0, 0xa, 0xf4,
    0x0, 0x5f, 0xec, 0xfc, 0x0, 0x0, 0x0, 0xc,
    0xf2, 0x0, 0x6, 0xef, 0xb1, 0x0, 0x0, 0x0,
    0x0, 0x0, 0x0, 0x0, 0x0, 0x0, 0x0, 0x0,

    /* U+5C0F "小" */
    0x0, 0x0, 0x0, 0x0, 0xa, 0xf7, 0x0, 0x0,
    0x0, 0x0, 0x0, 0x0, 0x0, 0xbf, 0x50, 0x0,
    0x0, 0x0, 0x0, 0x0, 0x0, 0xd, 0xf4, 0x0,
    0x0, 0x0, 0x0, 0x0, 0x0, 0x0, 0xef, 0x20,
    0x0, 0x0, 0x0, 0x0, 0x6d, 0x60, 0xf, 0xf1,
    0x7, 0x90, 0x0, 0x0, 0xa, 0xf7, 0x1, 0xff,
    0x0, 0xff, 0x0, 0x0, 0x0, 0xef, 0x30, 0x2f,
    0xe0, 0xe, 0xf1, 0x0, 0x0, 0x2f, 0xf0, 0x4,
    0xfd, 0x0, 0xdf, 0x20, 0x0, 0x7, 0xfb, 0x0,
    0x5f, 0xb0, 0xc, 0xf3, 0x0, 0x0, 0xbf, 0x60,
    0x7, 0xfa, 0x0, 0xbf, 0x40, 0x0, 0x1f, 0xf1,
    0x0, 0x8f, 0x90, 0xa, 0xf6, 0x0, 0x7, 0xfc,
    0x0, 0x9, 0xf7, 0x0, 0x8f, 0x80, 0x0, 0xdf,
    0x60, 0x0, 0xbf, 0x60, 0x6, 0xfa, 0x0, 0x4f,
    0xf1, 0x0, 0xc, 0xf5, 0x0, 0x4f, 0xc0, 0xb,
    0xf9, 0x0, 0x0, 0xef, 0x30, 0x2, 0xfe, 0x0,
    0x6e, 0x20, 0x0, 0xf, 0xf2, 0x0, 0xf, 0xf1,
    0x0, 0x0, 0x0, 0x0, 0xff, 0x0, 0x0, 0x75,
    0x0, 0x0, 0x0, 0x0, 0x2f, 0xf0, 0x0, 0x0,
    0x0, 0x0, 0x3, 0xb6, 0x4, 0xfd, 0x0, 0x0,
    0x0, 0x0, 0x0, 0x3f, 0xd1, 0x9f, 0xa0, 0x0,
    0x0, 0x0, 0x0, 0x0, 0xcf, 0xff, 0xf3, 0x0,
    0x0, 0x0, 0x0, 0x0, 0x1, 0xbf, 0xe6, 0x0,
    0x0, 0x0, 0x0,

    /* U+5C3A "尺" */
    0x0, 0x0, 0xf, 0xff, 0xff, 0xff, 0xff, 0xe6,
    0x0, 0x0, 0x1f, 0xff, 0xff, 0xff, 0xff, 0xfd,
    0x0, 0x0, 0x2f, 0xd0, 0x0, 0x0, 0x4, 0xfd,
    0x0, 0x0, 0x4f, 0xb0, 0x0, 0x0, 0x5, 0xfb,
    0x0, 0x0, 0x6f, 0x90, 0x0, 0x0, 0x7, 0xf9,
    0x0, 0x0, 0x7f, 0x80, 0x0, 0x0, 0x9, 0xf8,
    0x0, 0x0, 0x9f, 0x71, 0x11, 0x11, 0x1b, 0xf6,
    0x0, 0x0, 0xbf, 0xff, 0xff, 0xff, 0xff, 0xf4,
    0x0, 0x0, 0xdf, 0xff, 0xff, 0xff, 0xff, 0xf2,
    0x0, 0x0, 0xff, 0x10, 0xc, 0xf3, 0x0, 0x0,
    0x0, 0x1, 0xfe, 0x0, 0xa, 0xf5, 0x0, 0x0,
    0x0, 0x4, 0xfb, 0x0, 0x8, 0xf8, 0x0, 0x0,
    0x0, 0x8, 0xf9, 0x0, 0x4, 0xfc, 0x0, 0x0,
    0x0, 0xc, 0xf4, 0x0, 0x1, 0xff, 0x10, 0x0,
    0x0, 0x1f, 0xf0, 0x0, 0x0, 0xbf, 0x70, 0x0,
    0x0, 0x7f, 0xb0, 0x0, 0x0, 0x5f, 0xd0, 0x0,
    0x0, 0xef, 0x50, 0x0, 0x0, 0xe, 0xf7, 0x0,
    0x7, 0xfd, 0x0, 0x0, 0x0, 0x6, 0xff, 0x20,
    0x2f, 0xf6, 0x0, 0x0, 0x0, 0x0, 0xcf, 0xc0,
    0x9f, 0xb0, 0x0, 0x0, 0x0, 0x0, 0x2f, 0xf8,
    0xa, 0x10, 0x0, 0x0, 0x0, 0x0, 0x5, 0xa0,
    0x0, 0x0, 0x0, 0x0, 0x0, 0x0, 0x0, 0x0,

    /* U+5C3E "尾" */
    0x0, 0x0, 0xff, 0xff, 0xff, 0xff, 0xff, 0xfd,
    0x30, 0x0, 0x1f, 0xfd, 0xdd, 0xdd, 0xdd, 0xde,
    0xf9, 0x0, 0x3, 0xfc, 0x0, 0x0, 0x0, 0x0,
    0x7f, 0x80, 0x0, 0x5f, 0xb0, 0x0, 0x0, 0x0,
    0x9, 0xf7, 0x0, 0x6, 0xfe, 0xdd, 0xdd, 0xdd,
    0xdd, 0xef, 0x50, 0x0, 0x8f, 0xff, 0xff, 0xff,
    0xff, 0xff, 0xf4, 0x0, 0xa, 0xf6, 0x0, 0x0,
    0x0, 0x24, 0x50, 0x0, 0x0, 0xbf, 0x48, 0xac,
    0xde, 0xff, 0xff, 0x30, 0x0, 0xd, 0xf2, 0xcf,
    0xff, 0xfc, 0x96, 0x40, 0x0, 0x0, 0xff, 0x1,
    0x10, 0xaf, 0x40, 0x0, 0x0, 0x0, 0x1f, 0xe0,
    0x1, 0x3c, 0xfa, 0xab, 0xc0, 0x0, 0x3, 0xfc,
    0x2f, 0xff, 0xff, 0xff, 0xff, 0x0, 0x0, 0x6f,
    0x91, 0xcb, 0x9f, 0xf4, 0x31, 0x0, 0x0, 0x9,
    0xf6, 0x0, 0x0, 0xfe, 0x0, 0x1, 0x30, 0x0,
    0xcf, 0x43, 0x56, 0x9f, 0xfd, 0xef, 0xff, 0x10,
    0x1f, 0xf8, 0xff, 0xff, 0xff, 0xfe, 0xcb, 0x91,
    0x5, 0xfb, 0x49, 0x76, 0x8f, 0xa0, 0x0, 0x0,
    0x0, 0xaf, 0x70, 0x0, 0x4, 0xfb, 0x0, 0xb,
    0xd1, 0x1f, 0xf2, 0x0, 0x0, 0x1f, 0xf2, 0x5,
    0xfe, 0x7, 0xfb, 0x0, 0x0, 0x0, 0xaf, 0xfe,
    0xff, 0x40, 0x2a, 0x40, 0x0, 0x0, 0x0, 0x8e,
    0xfc, 0x40, 0x0,

    /* U+5C40 "局" */
    0x0, 0x0, 0x7f, 0xff, 0xff, 0xff, 0xff, 0xfd,
    0x30, 0x0, 0x9, 0xff, 0xff, 0xff, 0xff, 0xff,
    0xfa, 0x0, 0x0, 0xaf, 0x50, 0x0, 0x0, 0x0,
    0x7f, 0x90, 0x0, 0xc, 0xf4, 0x0, 0x0, 0x0,
    0x9, 0xf8, 0x0, 0x0, 0xef, 0xee, 0xee, 0xee,
    0xee, 0xff, 0x60, 0x0, 0xf, 0xff, 0xff, 0xff,
    0xff, 0xff, 0xf4, 0x0, 0x1, 0xff, 0x11, 0x11,
    0x11, 0x11, 0x11, 0x0, 0x0, 0x2f, 0xd0, 0x0,
    0x0, 0x0, 0x0, 0x0, 0x0, 0x4, 0xff, 0xff,
    0xff, 0xff, 0xff, 0xfe, 0x40, 0x0, 0x6f, 0xff,
    0xff, 0xff, 0xff, 0xff, 0xfa, 0x0, 0x8, 0xf8,
    0x0, 0x0, 0x0, 0x0, 0x9f, 0x90, 0x0, 0xaf,
    0x56, 0xaa, 0xaa, 0x81, 0xa, 0xf7, 0x0, 0xd,
    0xf3, 0xcf, 0xff, 0xff, 0x70, 0xcf, 0x50, 0x0,
    0xff, 0x1e, 0xf0, 0x5, 0xf8, 0xe, 0xf4, 0x0,
    0x3f, 0xd0, 0xfd, 0x0, 0x6f, 0x60, 0xff, 0x20,
    0x8, 0xf9, 0x1f, 0xe9, 0x9c, 0xf4, 0x1f, 0xf0,
    0x0, 0xdf, 0x53, 0xff, 0xff, 0xff, 0x23, 0xfe,
    0x0, 0x2f, 0xf0, 0x4d, 0x60, 0x0, 0x10, 0x5f,
    0xd0, 0x8, 0xfa, 0x0, 0x0, 0x2, 0xcd, 0x2b,
    0xf9, 0x0, 0xef, 0x40, 0x0, 0x0, 0xe, 0xff,
    0xff, 0x30, 0x1a, 0xd0, 0x0, 0x0, 0x0, 0x3c,
    0xfd, 0x40, 0x0, 0x0, 0x0, 0x0, 0x0, 0x0,
    0x0, 0x0, 0x0,

    /* U+5C4F "屏" */
    0x0, 0x0, 0x9f, 0xff, 0xff, 0xff, 0xff, 0xff,
    0x70, 0x0, 0xb, 0xfd, 0xdd, 0xdd, 0xdd, 0xdd,
    0xfd, 0x0, 0x0, 0xcf, 0x10, 0x0, 0x0, 0x0,
    0xf, 0xd0, 0x0, 0xe, 0xf0, 0x0, 0x0, 0x0,
    0x2, 0xfb, 0x0, 0x0, 0xff, 0xcc, 0xcc, 0xcc,
    0xcc, 0xdf, 0x90, 0x0, 0x1f, 0xff, 0xff, 0xff,
    0xff, 0xff, 0xf8, 0x0, 0x3, 0xfb, 0x11, 0x32,
    0x11, 0x13, 0x11, 0x0, 0x0, 0x5f, 0x90, 0x3f,
    0x80, 0x0, 0xde, 0x0, 0x0, 0x6, 0xf7, 0x0,
    0xfc, 0x0, 0x3f, 0xa0, 0x0, 0x0, 0x8f, 0x5a,
    0xdf, 0xfd, 0xde, 0xfe, 0xd2, 0x0, 0xb, 0xf3,
    0xdf, 0xff, 0xff, 0xff, 0xff, 0x10, 0x0, 0xdf,
    0x10, 0xf, 0xd0, 0xd, 0xf0, 0x0, 0x0, 0xf,
    0xe0, 0x1, 0xfc, 0x0, 0xee, 0x0, 0x0, 0x2,
    0xfb, 0x0, 0x4f, 0xa0, 0x1f, 0xc0, 0x0, 0x0,
    0x6f, 0x8c, 0xff, 0xff, 0xff, 0xff, 0xff, 0x20,
    0x9, 0xf5, 0xac, 0xff, 0xcc, 0xdf, 0xec, 0xc0,
    0x0, 0xef, 0x10, 0x1f, 0xe0, 0x5, 0xf7, 0x0,
    0x0, 0x3f, 0xc0, 0x9, 0xf7, 0x0, 0x7f, 0x50,
    0x0, 0x9, 0xf7, 0x4, 0xfe, 0x0, 0x9, 0xf4,
    0x0, 0x0, 0xff, 0x14, 0xff, 0x40, 0x0, 0xaf,
    0x20, 0x0, 0x2c, 0xa0, 0xc, 0x60, 0x0, 0xc,
    0xf0, 0x0, 0x0, 0x0, 0x0, 0x0, 0x0, 0x0,
    0x0, 0x0, 0x0,

    /* U+5C55 "展" */
    0x0, 0x0, 0xdf, 0xff, 0xff, 0xff, 0xff, 0xfe,
    0x30, 0x0, 0xf, 0xff, 0xff, 0xff, 0xff, 0xff,
    0xfb, 0x0, 0x0, 0xff, 0x0, 0x0, 0x0, 0x0,
    0x5f, 0xb0, 0x0, 0x2f, 0xd0, 0x0, 0x0, 0x0,
    0x7, 0xf9, 0x0, 0x4, 0xff, 0xff, 0xff, 0xff,
    0xff, 0xff, 0x70, 0x0, 0x5f, 0xfe, 0xee, 0xee,
    0xee, 0xee, 0xe5, 0x0, 0x7, 0xf8, 0x2, 0xc8,
    0x1, 0xc7, 0x0, 0x0, 0x0, 0x8f, 0x60, 0x5f,
    0x90, 0x3f, 0x80, 0x0, 0x0, 0xa, 0xff, 0xff,
    0xff, 0xff, 0xff, 0xf9, 0x0, 0x0, 0xcf, 0xba,
    0xdf, 0xca, 0xdf, 0xca, 0x60, 0x0, 0xe, 0xf0,
    0x9, 0xf4, 0x8, 0xf4, 0x0, 0x0, 0x0, 0xfe,
    0x0, 0xbf, 0x30, 0xaf, 0x30, 0x0, 0x0, 0x3f,
    0xff, 0xff, 0xff, 0xff, 0xff, 0xff, 0x10, 0x6,
    0xfc, 0x8f, 0xf8, 0xaf, 0xc8, 0x88, 0x80, 0x0,
    0xaf, 0x60, 0xfe, 0x2, 0xfa, 0x1, 0xb3, 0x0,
    0xe, 0xf2, 0x2f, 0xc0, 0xf, 0xe4, 0xdf, 0x60,
    0x2, 0xfe, 0x4, 0xfa, 0x0, 0xbf, 0xff, 0x50,
    0x0, 0x7f, 0x90, 0x6f, 0xa8, 0xa3, 0xff, 0x70,
    0x0, 0xd, 0xf3, 0x2a, 0xff, 0xff, 0x17, 0xff,
    0xa3, 0x3, 0xfd, 0xd, 0xff, 0xe7, 0x10, 0x6,
    0xef, 0xe0, 0x3d, 0x70, 0x77, 0x30, 0x0, 0x0,
    0x0, 0x67, 0x0, 0x0, 0x0, 0x0, 0x0, 0x0,
    0x0, 0x0, 0x0,

    /* U+5CF0 "峰" */
    0x0, 0x0, 0x0, 0x0, 0x0, 0x4, 0x10, 0x0,
    0x0, 0x0, 0x0, 0xf, 0x60, 0x0, 0xf, 0xf0,
    0x0, 0x0, 0x0, 0x0, 0x2f, 0x50, 0x0, 0x5f,
    0xb0, 0x0, 0x0, 0x0, 0x0, 0x3f, 0x30, 0x0,
    0xdf, 0xd9, 0x97, 0x0, 0x0, 0x0, 0x5f, 0x10,
    0x6, 0xff, 0xff, 0xff, 0x40, 0x0, 0x14, 0x7f,
    0x26, 0x2f, 0xf6, 0x1, 0xee, 0x0, 0x0, 0x7f,
    0x8e, 0x7f, 0xdf, 0xfd, 0x1c, 0xf6, 0x0, 0x0,
    0x9d, 0xac, 0x9d, 0xc8, 0x6f, 0xff, 0x90, 0x0,
    0x0, 0xac, 0xbb, 0xab, 0x0, 0x5f, 0xff, 0x40,
    0x0, 0x0, 0xca, 0xd9, 0xca, 0x6d, 0xfe, 0x9f,
    0xfb, 0x30, 0x0, 0xe8, 0xf8, 0xee, 0xff, 0x81,
    0x1, 0xaf, 0xf0, 0x0, 0xf7, 0xf6, 0xf7, 0x50,
    0x9, 0xe3, 0x2, 0x60, 0x2, 0xf7, 0xf6, 0xf4,
    0xab, 0xbe, 0xfc, 0xbb, 0x10, 0x4, 0xf7, 0xf6,
    0xf2, 0xff, 0xff, 0xff, 0xff, 0x10, 0x6, 0xf7,
    0xf6, 0xf0, 0x0, 0xf, 0xf0, 0x0, 0x0, 0x7,
    0xf7, 0xf6, 0xe1, 0xff, 0xff, 0xff, 0xf9, 0x0,
    0x9, 0xe8, 0xe8, 0xc1, 0xaa, 0xbf, 0xea, 0xa5,
    0x0, 0xc, 0xca, 0xfe, 0xa0, 0x0, 0x3f, 0xb0,
    0x0, 0x0, 0x2f, 0xff, 0xff, 0x98, 0xaa, 0xbf,
    0xda, 0xaa, 0x0, 0x7, 0x64, 0x33, 0x1e, 0xff,
    0xff, 0xff, 0xfd, 0x0, 0x0, 0x0, 0x0, 0x0,
    0x0, 0x7f, 0x70, 0x0, 0x0, 0x0, 0x0, 0x0,
    0x0, 0x0, 0x9f, 0x50, 0x0, 0x0, 0x0, 0x0,
    0x0, 0x0, 0x0, 0xaf, 0x40, 0x0, 0x0,

    /* U+5DE5 "工" */
    0x0, 0x1, 0x11, 0x11, 0x11, 0x11, 0x11, 0x11,
    0x0, 0xf, 0xff, 0xff, 0xff, 0xff, 0xff, 0xf8,
    0x0, 0x1e, 0xee, 0xee, 0xff, 0xee, 0xee, 0xe6,
    0x0, 0x0, 0x0, 0x4, 0xfe, 0x0, 0x0, 0x0,
    0x0, 0x0, 0x0, 0x5, 0xfd, 0x0, 0x0, 0x0,
    0x0, 0x0, 0x0, 0x7, 0xfb, 0x0, 0x0, 0x0,
    0x0, 0x0, 0x0, 0x9, 0xfa, 0x0, 0x0, 0x0,
    0x0, 0x0, 0x0, 0xa, 0xf8, 0x0, 0x0, 0x0,
    0x0, 0x0, 0x0, 0xc, 0xf6, 0x0, 0x0, 0x0,
    0x0, 0x0, 0x0, 0xd, 0xf5, 0x0, 0x0, 0x0,
    0x0, 0x0, 0x0, 0xf, 0xf3, 0x0, 0x0, 0x0,
    0x0, 0x0, 0x0, 0x1f, 0xf2, 0x0, 0x0, 0x0,
    0x0, 0x0, 0x0, 0x2f, 0xf0, 0x0, 0x0, 0x0,
    0x0, 0x0, 0x0, 0x4f, 0xe0, 0x0, 0x0, 0x0,
    0x0, 0x0, 0x0, 0x6f, 0xd0, 0x0, 0x0, 0x0,
    0x0, 0x0, 0x0, 0x7f, 0xb0, 0x0, 0x0, 0x0,
    0x0, 0x0, 0x0, 0x9f, 0xa0, 0x0, 0x0, 0x0,
    0x0, 0x0, 0x0, 0xaf, 0x80, 0x0, 0x0, 0x0,
    0x0, 0x0, 0x0, 0xcf, 0x60, 0x0, 0x0, 0x0,
    0x6f, 0xff, 0xff, 0xff, 0xff, 0xff, 0xff, 0x30,
    0x8f, 0xff, 0xff, 0xff, 0xff, 0xff, 0xff, 0x10,

    /* U+5DE6 "左" */
    0x0, 0x0, 0x0, 0x0, 0x10, 0x0, 0x0, 0x0,
    0x0, 0x0, 0x0, 0x0, 0xc, 0xf4, 0x0, 0x0,
    0x0, 0x0, 0x0, 0x0, 0x0, 0xff, 0x10, 0x0,
    0x0, 0x0, 0x0, 0x34, 0x44, 0x6f, 0xf4, 0x44,
    0x44, 0x44, 0x0, 0xc, 0xff, 0xff, 0xff, 0xff,
    0xff, 0xff, 0xe0, 0x0, 0xac, 0xcc, 0xff, 0xdc,
    0xcc, 0xcc, 0xca, 0x0, 0x0, 0x0, 0x1f, 0xf1,
    0x0, 0x0, 0x0, 0x0, 0x0, 0x0, 0x6, 0xfc,
    0x0, 0x0, 0x0, 0x0, 0x0, 0x0, 0x0, 0xcf,
    0x50, 0x0, 0x0, 0x0, 0x0, 0x0, 0x0, 0x3f,
    0xd0, 0x0, 0x0, 0x0, 0x0, 0x0, 0x0, 0xb,
    0xfe, 0xdd, 0xdd, 0xdd, 0xd1, 0x0, 0x0, 0x3,
    0xff, 0xff, 0xff, 0xff, 0xff, 0x0, 0x0, 0x0,
    0xcf, 0x62, 0x2f, 0xf5, 0x22, 0x20, 0x0, 0x0,
    0x7f, 0xb0, 0x0, 0xff, 0x20, 0x0, 0x0, 0x0,
    0x2f, 0xf2, 0x0, 0x1f, 0xf0, 0x0, 0x0, 0x0,
    0x1d, 0xf9, 0x0, 0x2, 0xff, 0x0, 0x0, 0x0,
    0xb, 0xfd, 0x0, 0x0, 0x3f, 0xe0, 0x0, 0x0,
    0x4, 0xff, 0x30, 0x0, 0x4, 0xfd, 0x0, 0x0,
    0x0, 0x6, 0x40, 0x0, 0x0, 0x5f, 0xc0, 0x0,
    0x0, 0x0, 0x0, 0x0, 0x0, 0x7, 0xfa, 0x0,
    0x0, 0x0, 0x0, 0x5f, 0xff, 0xff, 0xff, 0xff,
    0xff, 0xfa, 0x0, 0x7, 0xff, 0xff, 0xff, 0xff,
    0xff, 0xff, 0x90,

    /* U+5DEE "差" */
    0x0, 0x0, 0x0, 0x16, 0x0, 0x0, 0x24, 0x0,
    0x0, 0x0, 0x0, 0x8, 0xf4, 0x0, 0x9, 0xf2,
    0x0, 0x0, 0x0, 0x11, 0x2f, 0x91, 0x11, 0xfc,
    0x11, 0x10, 0x0, 0x2f, 0xff, 0xff, 0xff, 0xff,
    0xff, 0xfd, 0x0, 0x3, 0xcc, 0xcc, 0xef, 0xec,
    0xcc, 0xcc, 0x90, 0x0, 0x0, 0x0, 0xa, 0xf4,
    0x0, 0x0, 0x0, 0x0, 0x0, 0xbc, 0xcc, 0xff,
    0xcc, 0xcc, 0xca, 0x0, 0x0, 0xf, 0xff, 0xff,
    0xff, 0xff, 0xff, 0xc0, 0x0, 0x0, 0x0, 0x9,
    0xf6, 0x0, 0x0, 0x0, 0x0, 0x0, 0x0, 0x0,
    0xef, 0x10, 0x0, 0x0, 0x0, 0x0, 0x4d, 0xdd,
    0xdf, 0xfd, 0xdd, 0xdd, 0xdd, 0x50, 0x6, 0xff,
    0xff, 0xff, 0xff, 0xff, 0xff, 0xf5, 0x0, 0x0,
    0x7, 0xfb, 0x0, 0x0, 0x0, 0x0, 0x0, 0x0,
    0x1, 0xef, 0x20, 0x0, 0x0, 0x0, 0x0, 0x0,
    0x0, 0xaf, 0xfe, 0xee, 0xee, 0xee, 0xc0, 0x0,
    0x0, 0x5f, 0xff, 0xff, 0xff, 0xff, 0xfc, 0x0,
    0x0, 0x3f, 0xe2, 0x0, 0x2f, 0xd0, 0x0, 0x0,
    0x0, 0x3e, 0xf4, 0x0, 0x3, 0xfb, 0x0, 0x0,
    0x0, 0x2f, 0xf8, 0x0, 0x0, 0x4f, 0xa0, 0x0,
    0x0, 0x0, 0xa9, 0x0, 0x0, 0x6, 0xf8, 0x0,
    0x0, 0x0, 0x0, 0xd, 0xee, 0xee, 0xff, 0xfe,
    0xee, 0xe6, 0x0, 0x0, 0xff, 0xff, 0xff, 0xff,
    0xff, 0xff, 0x50,

    /* U+5DF2 "已" */
    0x5f, 0xff, 0xff, 0xff, 0xff, 0xfe, 0x50, 0x7f,
    0xff, 0xff, 0xff, 0xff, 0xff, 0xd0, 0x0, 0x0,
    0x0, 0x0, 0x0, 0x4f, 0xc0, 0x0, 0x0, 0x0,
    0x0, 0x0, 0x5f, 0xb0, 0x4, 0x51, 0x0, 0x0,
    0x0, 0x7f, 0x90, 0xd, 0xf3, 0x0, 0x0, 0x0,
    0x8f, 0x80, 0xf, 0xf1, 0x0, 0x0, 0x0, 0xaf,
    0x60, 0x1f, 0xf0, 0x0, 0x0, 0x0, 0xcf, 0x40,
    0x3f, 0xff, 0xff, 0xff, 0xff, 0xff, 0x30, 0x4f,
    0xff, 0xff, 0xff, 0xff, 0xff, 0x10, 0x6f, 0xa0,
    0x0, 0x0, 0x0, 0x0, 0x0, 0x8f, 0x90, 0x0,
    0x0, 0x0, 0x0, 0x0, 0x9f, 0x70, 0x0, 0x0,
    0x0, 0x0, 0x0, 0xbf, 0x50, 0x0, 0x0, 0x0,
    0x0, 0x0, 0xcf, 0x40, 0x0, 0x0, 0x0, 0xc,
    0xd2, 0xdf, 0x40, 0x0, 0x0, 0x0, 0x2f, 0xf0,
    0xbf, 0x60, 0x0, 0x0, 0x0, 0xbf, 0xa0, 0x9f,
    0xc0, 0x0, 0x0, 0x8, 0xff, 0x20, 0x3f, 0xfa,
    0x42, 0x25, 0xcf, 0xf6, 0x0, 0x9, 0xff, 0xff,
    0xff, 0xff, 0x60, 0x0, 0x0, 0x5b, 0xef, 0xec,
    0x81, 0x0, 0x0,

    /* U+5E03 "布" */
    0x0, 0x0, 0x0, 0x4, 0x10, 0x0, 0x0, 0x0,
    0x0, 0x0, 0x0, 0x2, 0xfc, 0x0, 0x0, 0x0,
    0x0, 0x0, 0x0, 0x0, 0x8f, 0x70, 0x0, 0x0,
    0x0, 0x0, 0x9, 0xff, 0xff, 0xff, 0xff, 0xff,
    0xff, 0xf1, 0x0, 0x8d, 0xde, 0xfe, 0xdd, 0xdd,
    0xdd, 0xdc, 0x0, 0x0, 0x0, 0xdf, 0x31, 0x31,
    0x0, 0x0, 0x0, 0x0, 0x0, 0x7f, 0xa0, 0x9f,
    0x60, 0x0, 0x0, 0x0, 0x0, 0x3f, 0xe1, 0xa,
    0xf4, 0x0, 0x0, 0x0, 0x0, 0x1d, 0xfe, 0xcc,
    0xef, 0xcc, 0xcb, 0x50, 0x0, 0xc, 0xff, 0xff,
    0xff, 0xff, 0xff, 0xff, 0x0, 0x1c, 0xff, 0xf7,
    0x0, 0xff, 0x10, 0xd, 0xf0, 0x9, 0xfc, 0x8f,
    0x50, 0xf, 0xe0, 0x0, 0xfe, 0x0, 0x9, 0x19,
    0xf3, 0x2, 0xfd, 0x0, 0x1f, 0xc0, 0x0, 0x0,
    0xbf, 0x10, 0x3f, 0xb0, 0x2, 0xfa, 0x0, 0x0,
    0xc, 0xf0, 0x5, 0xfa, 0x0, 0x4f, 0x90, 0x0,
    0x0, 0xee, 0x0, 0x6f, 0x80, 0x5, 0xf7, 0x0,
    0x0, 0xf, 0xc0, 0x8, 0xf7, 0x21, 0x7f, 0x50,
    0x0, 0x1, 0xfb, 0x0, 0x9f, 0x7f, 0xce, 0xf2,
    0x0, 0x0, 0x3f, 0x90, 0xb, 0xf4, 0x6f, 0xf8,
    0x0, 0x0, 0x0, 0x10, 0x0, 0xcf, 0x30, 0x0,
    0x0, 0x0, 0x0, 0x0, 0x0, 0xe, 0xf1, 0x0,
    0x0, 0x0, 0x0, 0x0, 0x0, 0x0, 0xff, 0x0,
    0x0, 0x0, 0x0,

    /* U+5E0C "希" */
    0x0, 0x0, 0x2, 0x0, 0x0, 0x0, 0x0, 0x30,
    0x0, 0x0, 0x3, 0xfc, 0x61, 0x0, 0x1, 0xaf,
    0x60, 0x0, 0x0, 0x3b, 0xff, 0xfa, 0x37, 0xff,
    0xc2, 0x0, 0x0, 0x0, 0x1, 0x8e, 0xff, 0xff,
    0x70, 0x0, 0x0, 0x0, 0x0, 0x4a, 0xff, 0xff,
    0xfc, 0x30, 0x0, 0x0, 0x4a, 0xff, 0xfd, 0x71,
    0x4c, 0xff, 0xa1, 0x0, 0x8, 0xfe, 0x94, 0x63,
    0x0, 0x5, 0xde, 0x10, 0x0, 0x12, 0x0, 0x2f,
    0xe0, 0x0, 0x0, 0x30, 0x0, 0x6a, 0xaa, 0xad,
    0xfd, 0xaa, 0xaa, 0xaa, 0x80, 0xb, 0xff, 0xff,
    0xff, 0xff, 0xff, 0xff, 0xfb, 0x0, 0x0, 0x3,
    0xff, 0x30, 0x0, 0x0, 0x0, 0x0, 0x0, 0x1,
    0xef, 0x70, 0x9d, 0x20, 0x0, 0x0, 0x0, 0x1,
    0xdf, 0xb0, 0xc, 0xf2, 0x0, 0x0, 0x0, 0x1,
    0xdf, 0xff, 0xff, 0xff, 0xff, 0xfe, 0x20, 0x3,
    0xef, 0xff, 0xdc, 0xcf, 0xfc, 0xcd, 0xf6, 0x0,
    0xef, 0x96, 0xf6, 0x1, 0xfd, 0x0, 0x7f, 0x50,
    0x5, 0x60, 0x7f, 0x40, 0x2f, 0xb0, 0x9, 0xf4,
    0x0, 0x0, 0x9, 0xf3, 0x4, 0xfa, 0x32, 0xbf,
    0x20, 0x0, 0x0, 0xbf, 0x10, 0x5f, 0xaf, 0xef,
    0xe0, 0x0, 0x0, 0x8, 0xa0, 0x6, 0xf7, 0x6e,
    0xc3, 0x0, 0x0, 0x0, 0x0, 0x0, 0x8f, 0x50,
    0x0, 0x0, 0x0, 0x0, 0x0, 0x0, 0x9, 0xf4,
    0x0, 0x0, 0x0,

    /* U+5E26 "带" */
    0x0, 0x7, 0xf6, 0x8, 0xf5, 0x9, 0xf5, 0x0,
    0x1, 0x19, 0xf5, 0x1a, 0xf5, 0x1a, 0xf4, 0x11,
    0x2f, 0xff, 0xff, 0xff, 0xff, 0xff, 0xff, 0xfc,
    0x2b, 0xbf, 0xfb, 0xbf, 0xfb, 0xbf, 0xfb, 0xb7,
    0x0, 0xe, 0xf0, 0xe, 0xf0, 0xf, 0xe0, 0x0,
    0x0, 0x8, 0x80, 0x9, 0x80, 0x9, 0x70, 0x0,
    0x1c, 0xcc, 0xcc, 0xcc, 0xcc, 0xcc, 0xcc, 0x40,
    0x3f, 0xff, 0xff, 0xff, 0xff, 0xff, 0xff, 0xc0,
    0x5f, 0x80, 0x0, 0x0, 0x0, 0x0, 0x2f, 0xb0,
    0x6f, 0x70, 0x0, 0x6f, 0x70, 0x0, 0x4f, 0xa0,
    0x0, 0x11, 0x11, 0x8f, 0x61, 0x11, 0x0, 0x0,
    0x0, 0xff, 0xff, 0xff, 0xff, 0xff, 0xd0, 0x0,
    0x1, 0xfe, 0xbb, 0xef, 0xbb, 0xbe, 0xf3, 0x0,
    0x2, 0xfa, 0x0, 0xcf, 0x10, 0xb, 0xf1, 0x0,
    0x4, 0xf9, 0x0, 0xef, 0x0, 0xd, 0xf0, 0x0,
    0x6, 0xf7, 0x0, 0xfe, 0x0, 0xf, 0xe0, 0x0,
    0x7, 0xf6, 0x1, 0xfc, 0x5a, 0x3f, 0xc0, 0x0,
    0x9, 0xf4, 0x2, 0xfb, 0x8f, 0xff, 0x60, 0x0,
    0x6, 0x91, 0x4, 0xf9, 0x7, 0xa6, 0x0, 0x0,
    0x0, 0x0, 0x5, 0xf8, 0x0, 0x0, 0x0, 0x0,
    0x0, 0x0, 0x7, 0xf6, 0x0, 0x0, 0x0, 0x0,

    /* U+5E27 "帧" */
    0x0, 0x0, 0xbf, 0x0, 0x0, 0x7, 0xf5, 0x0,
    0x0, 0x0, 0xc, 0xf0, 0x0, 0x0, 0x9f, 0x40,
    0x0, 0x0, 0x0, 0xee, 0x0, 0x0, 0xa, 0xfc,
    0xcc, 0x40, 0x0, 0xf, 0xc0, 0x0, 0x0, 0xcf,
    0xff, 0xf4, 0x1, 0xee, 0xff, 0xd3, 0x0, 0xd,
    0xf0, 0x0, 0x0, 0x3f, 0xff, 0xff, 0x90, 0x0,
    0xfd, 0x0, 0x0, 0x4, 0xf5, 0xf5, 0xf7, 0x9d,
    0xdf, 0xfd, 0xc3, 0x0, 0x6f, 0x5f, 0x5f, 0x6d,
    0xff, 0xff, 0xff, 0xb0, 0x8, 0xe6, 0xf5, 0xf4,
    0xed, 0x0, 0x2, 0xfa, 0x0, 0x9d, 0x8f, 0x5f,
    0x3f, 0xb1, 0xa5, 0x3f, 0x80, 0xb, 0xb9, 0xf6,
    0xf3, 0xf9, 0x4f, 0x74, 0xf6, 0x0, 0xd9, 0xbd,
    0x8f, 0x3f, 0x86, 0xf5, 0x6f, 0x50, 0xe, 0x8d,
    0xc9, 0xd5, 0xf6, 0x8f, 0x38, 0xf3, 0x0, 0xf6,
    0xea, 0xbc, 0x7f, 0x4a, 0xf1, 0xaf, 0x10, 0x2f,
    0x5f, 0x8d, 0xa9, 0xf2, 0xcf, 0xb, 0xf0, 0x3,
    0xf5, 0xf7, 0xe8, 0xaf, 0x1f, 0xc0, 0xde, 0x0,
    0x5f, 0x5f, 0x9f, 0x6a, 0xc5, 0xff, 0x3c, 0xa0,
    0x7, 0xf5, 0xfb, 0xe1, 0x0, 0xdf, 0xfd, 0x0,
    0x0, 0x23, 0x7f, 0x31, 0x1, 0xcf, 0x88, 0xf9,
    0x0, 0x0, 0x8, 0xf0, 0x4, 0xef, 0xc0, 0xe,
    0xf3, 0x0, 0x0, 0xae, 0x0, 0xef, 0xa0, 0x0,
    0x6f, 0xb0, 0x0, 0xc, 0xd0, 0x5, 0x50, 0x0,
    0x0, 0xc4, 0x0, 0x0, 0x0, 0x0, 0x0, 0x0,
    0x0, 0x0, 0x0, 0x0,

    /* U+5E38 "常" */
    0x0, 0x29, 0x60, 0xe, 0xf1, 0x4, 0x82, 0x0,
    0x0, 0x3f, 0xa0, 0xf, 0xf0, 0xb, 0xf3, 0x0,
    0x0, 0xf, 0xd0, 0x1f, 0xe0, 0x2f, 0xd0, 0x0,
    0x3d, 0xdf, 0xfd, 0xdf, 0xfd, 0xef, 0xec, 0x50,
    0x5f, 0xff, 0xff, 0xff, 0xff, 0xff, 0xff, 0xf0,
    0x7f, 0x81, 0x11, 0x11, 0x11, 0x11, 0x1f, 0xf0,
    0x8f, 0x67, 0x88, 0x88, 0x88, 0x84, 0x1f, 0xe0,
    0x58, 0x2f, 0xff, 0xff, 0xff, 0xff, 0x38, 0x60,
    0x0, 0xf, 0xd0, 0x0, 0x0, 0xbf, 0x20, 0x0,
    0x0, 0x2f, 0xb0, 0x0, 0x0, 0xdf, 0x10, 0x0,
    0x0, 0x4f, 0xff, 0xff, 0xff, 0xff, 0x0, 0x0,
    0x0, 0x39, 0x99, 0xff, 0xa9, 0x98, 0x0, 0x0,
    0x0, 0x0, 0x0, 0xff, 0x0, 0x0, 0x0, 0x0,
    0x1c, 0xcc, 0xcc, 0xff, 0xcc, 0xcc, 0x80, 0x0,
    0x3f, 0xff, 0xff, 0xff, 0xff, 0xff, 0xf3, 0x0,
    0x5f, 0x80, 0x4, 0xfb, 0x0, 0xb, 0xf2, 0x0,
    0x7f, 0x60, 0x5, 0xfa, 0x0, 0xc, 0xf0, 0x0,
    0x8f, 0x50, 0x7, 0xf9, 0x27, 0xe, 0xf0, 0x0,
    0xaf, 0x30, 0x8, 0xf7, 0x7f, 0xff, 0xa0, 0x0,
    0xcf, 0x10, 0x9, 0xf6, 0xb, 0xfb, 0x10, 0x0,
    0x0, 0x0, 0xb, 0xf4, 0x0, 0x0, 0x0, 0x0,
    0x0, 0x0, 0xc, 0xf3, 0x0, 0x0, 0x0, 0x0,

    /* U+5E3D "帽" */
    0x0, 0x0, 0xbf, 0x0, 0x0, 0x0, 0x0, 0x0,
    0x0, 0x0, 0xc, 0xf0, 0x7, 0xff, 0xff, 0xff,
    0xb0, 0x0, 0x0, 0xed, 0x0, 0x9f, 0xee, 0xee,
    0xff, 0x20, 0x0, 0xf, 0xc0, 0xb, 0xf1, 0x0,
    0xb, 0xf1, 0x1, 0xee, 0xff, 0xd3, 0xcf, 0x4a,
    0xa6, 0xcf, 0x0, 0x3f, 0xff, 0xff, 0x8e, 0xe8,
    0xff, 0x8e, 0xe0, 0x5, 0xf5, 0xf5, 0xf7, 0xfc,
    0x0, 0x0, 0xfc, 0x0, 0x6f, 0x5f, 0x5f, 0x7f,
    0xaa, 0xff, 0x6f, 0xa0, 0x8, 0xe6, 0xf5, 0xf6,
    0x95, 0x8a, 0xa4, 0x95, 0x0, 0xad, 0x8f, 0x5f,
    0x20, 0x0, 0x0, 0x0, 0x0, 0xb, 0xba, 0xe6,
    0xf0, 0xef, 0xff, 0xff, 0xa0, 0x0, 0xd9, 0xbd,
    0x8f, 0xf, 0xe9, 0x99, 0xef, 0x0, 0xf, 0x8d,
    0xba, 0xd1, 0xfa, 0x0, 0xe, 0xd0, 0x0, 0xf6,
    0xf9, 0xbb, 0x3f, 0xff, 0xff, 0xfc, 0x0, 0x2f,
    0x5f, 0x8d, 0xa4, 0xfb, 0x99, 0xaf, 0xa0, 0x4,
    0xf5, 0xf6, 0xf8, 0x6f, 0x50, 0x4, 0xf9, 0x0,
    0x5f, 0x5f, 0x8f, 0x57, 0xfb, 0x99, 0xbf, 0x70,
    0x7, 0xf5, 0xfb, 0xf1, 0x9f, 0xff, 0xff, 0xf5,
    0x0, 0x24, 0x7f, 0x31, 0xb, 0xf0, 0x0, 0x8f,
    0x40, 0x0, 0x8, 0xf0, 0x0, 0xcf, 0x0, 0x9,
    0xf2, 0x0, 0x0, 0xae, 0x0, 0xe, 0xfa, 0xaa,
    0xef, 0x10, 0x0, 0xc, 0xc0, 0x0, 0xff, 0xff,
    0xff, 0xf0, 0x0,

    /* U+5E45 "幅" */
    0x0, 0x0, 0xde, 0x0, 0x0, 0x0, 0x0, 0x0,
    0x0, 0x0, 0xe, 0xc0, 0xb, 0xff, 0xff, 0xff,
    0xf5, 0x0, 0x0, 0xfb, 0x0, 0xac, 0xcc, 0xcc,
    0xcc, 0x30, 0x0, 0x1f, 0x90, 0x0, 0x0, 0x0,
    0x0, 0x0, 0x1, 0xff, 0xff, 0xd1, 0x3a, 0xaa,
    0xaa, 0x60, 0x0, 0x3f, 0xff, 0xff, 0x46, 0xff,
    0xff, 0xff, 0x20, 0x4, 0xf6, 0xf6, 0xf2, 0x8f,
    0x30, 0xa, 0xf1, 0x0, 0x6f, 0x6f, 0x6f, 0x1a,
    0xf2, 0x0, 0xcf, 0x0, 0x8, 0xe8, 0xf7, 0xf0,
    0xbf, 0xbb, 0xbf, 0xe0, 0x0, 0x9c, 0x9d, 0x8d,
    0xc, 0xff, 0xff, 0xfb, 0x0, 0xb, 0xab, 0xca,
    0xc0, 0x0, 0x0, 0x0, 0x0, 0x0, 0xd9, 0xda,
    0xca, 0xaf, 0xff, 0xff, 0xfc, 0x0, 0xe, 0x7e,
    0x8d, 0x8c, 0xfd, 0xef, 0xde, 0xf3, 0x0, 0xf6,
    0xf7, 0xf7, 0xeb, 0xb, 0xd0, 0x8f, 0x20, 0x1f,
    0x6f, 0x6f, 0x5f, 0xa0, 0xcb, 0xa, 0xf0, 0x3,
    0xf6, 0xf6, 0xf5, 0xfd, 0x9f, 0xd9, 0xef, 0x0,
    0x5f, 0x6f, 0x8f, 0x5f, 0xff, 0xff, 0xff, 0xd0,
    0x6, 0xf7, 0xfb, 0xe4, 0xf5, 0x1f, 0x70, 0xfb,
    0x0, 0x47, 0x8e, 0x52, 0x6f, 0x42, 0xf5, 0xf,
    0xa0, 0x0, 0xa, 0xd0, 0x7, 0xf2, 0x4f, 0x41,
    0xf8, 0x0, 0x0, 0xcb, 0x0, 0x9f, 0xcd, 0xfc,
    0xcf, 0x70, 0x0, 0xd, 0xa0, 0xa, 0xff, 0xff,
    0xff, 0xf5, 0x0,

    /* U+5E55 "幕" */
    0x0, 0x0, 0x5, 0xf8, 0x0, 0x1f, 0xb0, 0x0,
    0x0, 0x2f, 0xff, 0xff, 0xff, 0xff, 0xff, 0xff,
    0xf4, 0x1, 0x88, 0x8c, 0xfa, 0x88, 0xbf, 0xc8,
    0x88, 0x20, 0x0, 0x0, 0x9f, 0x40, 0x6, 0xf7,
    0x0, 0x0, 0x0, 0x4, 0x8d, 0xfa, 0x88, 0xbf,
    0xb4, 0x0, 0x0, 0x0, 0x9f, 0xff, 0xff, 0xff,
    0xff, 0xf0, 0x0, 0x0, 0xb, 0xf2, 0x11, 0x11,
    0x11, 0xdf, 0x0, 0x0, 0x0, 0xcf, 0xff, 0xff,
    0xff, 0xff, 0xd0, 0x0, 0x0, 0xe, 0xe4, 0x44,
    0x44, 0x45, 0xfb, 0x0, 0x0, 0x0, 0xfe, 0x88,
    0x88, 0x88, 0x9f, 0xa0, 0x0, 0x0, 0x1f, 0xff,
    0xff, 0xff, 0xff, 0xf7, 0x0, 0x0, 0x0, 0x0,
    0xb, 0xf4, 0x0, 0x0, 0x0, 0x0, 0xd, 0xff,
    0xff, 0xff, 0xff, 0xff, 0xff, 0xe0, 0x0, 0x9a,
    0xaf, 0xfc, 0xaa, 0xcf, 0xda, 0xa8, 0x0, 0x0,
    0x2d, 0xfa, 0xd, 0xb0, 0xcf, 0x60, 0x0, 0x1,
    0xaf, 0xfd, 0x88, 0xfe, 0x89, 0xff, 0xa2, 0x0,
    0x1f, 0xcf, 0xff, 0xff, 0xff, 0xff, 0xef, 0xb0,
    0x0, 0x21, 0xfa, 0x4, 0xf8, 0x2, 0xf9, 0x32,
    0x0, 0x0, 0x3f, 0x80, 0x6f, 0x82, 0x4f, 0x70,
    0x0, 0x0, 0x5, 0xf7, 0x7, 0xff, 0xfd, 0xf3,
    0x0, 0x0, 0x0, 0x5c, 0x40, 0x9f, 0x5b, 0xd7,
    0x0, 0x0, 0x0, 0x0, 0x0, 0xa, 0xf2, 0x0,
    0x0, 0x0, 0x0,

    /* U+5E73 "平" */
    0x0, 0x9f, 0xff, 0xff, 0xff, 0xff, 0xff, 0xff,
    0x10, 0xa, 0xff, 0xff, 0xff, 0xff, 0xff, 0xff,
    0xf0, 0x0, 0x0, 0x0, 0x0, 0xfe, 0x0, 0x0,
    0x0, 0x0, 0x0, 0x8e, 0x0, 0x2f, 0xd0, 0x4,
    0xd5, 0x0, 0x0, 0x9, 0xf4, 0x4, 0xfb, 0x0,
    0xaf, 0x40, 0x0, 0x0, 0x6f, 0x70, 0x5f, 0xa0,
    0x1f, 0xe0, 0x0, 0x0, 0x2, 0xfc, 0x7, 0xf8,
    0x8, 0xf9, 0x0, 0x0, 0x0, 0xe, 0xf1, 0x8f,
    0x61, 0xff, 0x10, 0x0, 0x0, 0x0, 0x64, 0xa,
    0xf5, 0x6, 0x70, 0x0, 0x0, 0x22, 0x22, 0x22,
    0xcf, 0x52, 0x22, 0x22, 0x10, 0x2f, 0xff, 0xff,
    0xff, 0xff, 0xff, 0xff, 0xfb, 0x3, 0xff, 0xff,
    0xff, 0xff, 0xff, 0xff, 0xff, 0x90, 0x0, 0x0,
    0x0, 0x1f, 0xe0, 0x0, 0x0, 0x0, 0x0, 0x0,
    0x0, 0x2, 0xfc, 0x0, 0x0, 0x0, 0x0, 0x0,
    0x0, 0x0, 0x4f, 0xb0, 0x0, 0x0, 0x0, 0x0,
    0x0, 0x0, 0x6, 0xf9, 0x0, 0x0, 0x0, 0x0,
    0x0, 0x0, 0x0, 0x7f, 0x70, 0x0, 0x0, 0x0,
    0x0, 0x0, 0x0, 0x9, 0xf6, 0x0, 0x0, 0x0,
    0x0, 0x0, 0x0, 0x0, 0xbf, 0x40, 0x0, 0x0,
    0x0, 0x0, 0x0, 0x0, 0xc, 0xf2, 0x0, 0x0,
    0x0, 0x0, 0x0, 0x0, 0x0, 0xef, 0x10, 0x0,
    0x0, 0x0, 0x0,

    /* U+5E76 "并" */
    0x0, 0x0, 0x16, 0x50, 0x0, 0x1, 0x82, 0x0,
    0x0, 0x0, 0x2f, 0xd0, 0x0, 0x8, 0xf9, 0x0,
    0x0, 0x0, 0xc, 0xf3, 0x0, 0xe, 0xf3, 0x0,
    0x0, 0x0, 0x7, 0xa2, 0x0, 0x6f, 0xb0, 0x0,
    0x0, 0x1d, 0xdd, 0xdd, 0xdd, 0xff, 0xed, 0xd4,
    0x0, 0x3f, 0xff, 0xff, 0xff, 0xff, 0xff, 0xf3,
    0x0, 0x0, 0xc, 0xf5, 0x0, 0x9f, 0x80, 0x0,
    0x0, 0x0, 0xd, 0xf2, 0x0, 0xaf, 0x60, 0x0,
    0x0, 0x0, 0xf, 0xf1, 0x0, 0xcf, 0x40, 0x0,
    0x0, 0x0, 0x1f, 0xf0, 0x0, 0xdf, 0x30, 0x0,
    0x0, 0x0, 0x3f, 0xd0, 0x0, 0xff, 0x10, 0x0,
    0x7, 0xdd, 0xef, 0xfd, 0xdd, 0xff, 0xdd, 0xd4,
    0xa, 0xff, 0xff, 0xff, 0xff, 0xff, 0xff, 0xf3,
    0x0, 0x0, 0xdf, 0x40, 0x4, 0xfc, 0x0, 0x0,
    0x0, 0x2, 0xff, 0x0, 0x5, 0xfa, 0x0, 0x0,
    0x0, 0x7, 0xfb, 0x0, 0x7, 0xf9, 0x0, 0x0,
    0x0, 0xe, 0xf5, 0x0, 0x8, 0xf7, 0x0, 0x0,
    0x0, 0x7f, 0xe0, 0x0, 0xa, 0xf6, 0x0, 0x0,
    0x1, 0xff, 0x60, 0x0, 0xc, 0xf4, 0x0, 0x0,
    0xc, 0xfd, 0x0, 0x0, 0xd, 0xf3, 0x0, 0x0,
    0x7f, 0xf2, 0x0, 0x0, 0xf, 0xf1, 0x0, 0x0,
    0xa, 0x50, 0x0, 0x0, 0xf, 0xf0, 0x0, 0x0,

    /* U+5E8F "序" */
    0x0, 0x0, 0x0, 0x0, 0x0, 0xbf, 0x50, 0x0,
    0x0, 0x0, 0x0, 0x0, 0x0, 0x0, 0xcf, 0x30,
    0x0, 0x0, 0x0, 0x0, 0xbd, 0xdd, 0xdd, 0xff,
    0xdd, 0xdd, 0xd2, 0x0, 0x0, 0xff, 0xff, 0xff,
    0xff, 0xff, 0xff, 0xf1, 0x0, 0x1, 0xff, 0x0,
    0x0, 0x0, 0x0, 0x0, 0x0, 0x0, 0x2, 0xfd,
    0xb, 0xbb, 0xbb, 0xbb, 0xa3, 0x0, 0x0, 0x4,
    0xfb, 0x2f, 0xff, 0xff, 0xff, 0xf9, 0x0, 0x0,
    0x5, 0xfa, 0x0, 0x0, 0x0, 0x2e, 0xf4, 0x0,
    0x0, 0x7, 0xf8, 0x0, 0x79, 0x2, 0xef, 0x60,
    0x0, 0x0, 0x9, 0xf6, 0x0, 0xbf, 0xdf, 0xf6,
    0x0, 0x0, 0x0, 0xb, 0xf4, 0x0, 0x8, 0xff,
    0x40, 0x0, 0x0, 0x0, 0xd, 0xf4, 0x99, 0x99,
    0xef, 0xd9, 0x97, 0x0, 0x0, 0xf, 0xf4, 0xff,
    0xff, 0xff, 0xff, 0xff, 0x50, 0x0, 0x2f, 0xe0,
    0x22, 0x22, 0xdf, 0x32, 0xdf, 0x20, 0x0, 0x5f,
    0xb0, 0x0, 0x0, 0xef, 0x3, 0xfc, 0x0, 0x0,
    0x9f, 0x70, 0x0, 0x0, 0xfe, 0xc, 0xf4, 0x0,
    0x0, 0xdf, 0x30, 0x0, 0x1, 0xfd, 0x7, 0xb0,
    0x0, 0x2, 0xfe, 0x0, 0x0, 0x2, 0xfc, 0x0,
    0x0, 0x0, 0x8, 0xfa, 0x2, 0xc8, 0x4, 0xfa,
    0x0, 0x0, 0x0, 0xe, 0xf4, 0x0, 0xfe, 0x19,
    0xf7, 0x0, 0x0, 0x0, 0x5f, 0xe0, 0x0, 0x9f,
    0xff, 0xf1, 0x0, 0x0, 0x0, 0x7, 0x60, 0x0,
    0xa, 0xfe, 0x50, 0x0, 0x0, 0x0,

    /* U+5E94 "应" */
    0x0, 0x0, 0x0, 0x0, 0x0, 0xff, 0x0, 0x0,
    0x0, 0x0, 0x0, 0x0, 0x0, 0x1, 0xfe, 0x0,
    0x0, 0x0, 0x0, 0x0, 0x0, 0x0, 0x3, 0xfd,
    0x0, 0x0, 0x0, 0x0, 0x0, 0xdf, 0xff, 0xff,
    0xff, 0xff, 0xff, 0xf2, 0x0, 0x0, 0xff, 0xee,
    0xee, 0xee, 0xee, 0xee, 0xe1, 0x0, 0x1, 0xfe,
    0x0, 0x0, 0x0, 0x0, 0x0, 0x0, 0x0, 0x3,
    0xfc, 0x0, 0x0, 0x10, 0x0, 0x0, 0x0, 0x0,
    0x4, 0xfa, 0x0, 0xb, 0xf1, 0x0, 0x62, 0x0,
    0x0, 0x6, 0xf9, 0x0, 0xb, 0xf3, 0x2, 0xfe,
    0x0, 0x0, 0x8, 0xf7, 0xaf, 0x9, 0xf4, 0x5,
    0xfa, 0x0, 0x0, 0xa, 0xf5, 0xbf, 0x17, 0xf6,
    0x9, 0xf5, 0x0, 0x0, 0xc, 0xf3, 0x8f, 0x36,
    0xf7, 0xd, 0xf1, 0x0, 0x0, 0xf, 0xf0, 0x7f,
    0x56, 0xf7, 0x2f, 0xd0, 0x0, 0x0, 0x2f, 0xd0,
    0x5f, 0x75, 0xf8, 0x6f, 0x90, 0x0, 0x0, 0x5f,
    0xa0, 0x4f, 0x85, 0xf8, 0xbf, 0x50, 0x0, 0x0,
    0x8f, 0x70, 0x3f, 0x91, 0x42, 0xff, 0x0, 0x0,
    0x0, 0xdf, 0x30, 0x2f, 0xa0, 0x6, 0xfa, 0x0,
    0x0, 0x2, 0xfe, 0x0, 0x1f, 0xb0, 0xb, 0xf4,
    0x0, 0x0, 0x7, 0xfa, 0x0, 0x9, 0x40, 0x2f,
    0xe0, 0x0, 0x0, 0xd, 0xf5, 0x0, 0x0, 0x0,
    0x8f, 0x70, 0x0, 0x0, 0x4f, 0xe0, 0xcf, 0xff,
    0xff, 0xff, 0xff, 0xfa, 0x0, 0x7f, 0x80, 0xff,
    0xff, 0xff, 0xff, 0xff, 0xf9, 0x0, 0x3, 0x10,
    0x0, 0x0, 0x0, 0x0, 0x0, 0x0, 0x0,

    /* U+5EA6 "度" */
    0x0, 0x0, 0x0, 0x0, 0x2, 0xfe, 0x0, 0x0,
    0x0, 0x0, 0x0, 0x0, 0x0, 0x3, 0xfd, 0x0,
    0x0, 0x0, 0x0, 0x1, 0xff, 0xff, 0xff, 0xff,
    0xff, 0xff, 0xf4, 0x0, 0x3, 0xfe, 0xbb, 0xbb,
    0xbb, 0xbb, 0xbb, 0xb2, 0x0, 0x4, 0xf9, 0x0,
    0x53, 0x0, 0x5, 0x30, 0x0, 0x0, 0x6, 0xf7,
    0x4, 0xf9, 0x0, 0x2f, 0xb0, 0x0, 0x0, 0x8,
    0xfe, 0xde, 0xfe, 0xdd, 0xdf, 0xed, 0xa0, 0x0,
    0x9, 0xff, 0xff, 0xff, 0xff, 0xff, 0xff, 0xa0,
    0x0, 0xb, 0xf2, 0x8, 0xf4, 0x0, 0x7f, 0x60,
    0x0, 0x0, 0xd, 0xf1, 0xa, 0xf3, 0x0, 0x9f,
    0x40, 0x0, 0x0, 0xf, 0xf0, 0xc, 0xff, 0xff,
    0xff, 0x20, 0x0, 0x0, 0x1f, 0xc0, 0xa, 0xbb,
    0xbb, 0xbb, 0x0, 0x0, 0x0, 0x3f, 0xa0, 0x0,
    0x0, 0x0, 0x0, 0x0, 0x0, 0x0, 0x6f, 0x8a,
    0xff, 0xff, 0xff, 0xfe, 0x80, 0x0, 0x0, 0x9f,
    0x5a, 0xef, 0xdd, 0xdd, 0xef, 0xc0, 0x0, 0x0,
    0xcf, 0x20, 0x6f, 0xb0, 0x0, 0xdf, 0x50, 0x0,
    0x0, 0xfe, 0x0, 0xc, 0xf7, 0x1c, 0xf9, 0x0,
    0x0, 0x4, 0xfa, 0x0, 0x1, 0xdf, 0xef, 0x90,
    0x0, 0x0, 0x8, 0xf6, 0x0, 0x3, 0xbf, 0xfe,
    0x30, 0x0, 0x0, 0xd, 0xf2, 0x37, 0xcf, 0xfb,
    0xaf, 0xfb, 0x50, 0x0, 0x3f, 0xc2, 0xff, 0xfb,
    0x30, 0x4, 0xcf, 0xf8, 0x0, 0x6, 0x40, 0x85,
    0x0, 0x0, 0x0, 0x3, 0x82, 0x0,

    /* U+5EF6 "延" */
    0x0, 0x0, 0x0, 0x0, 0x0, 0x0, 0x0, 0x37,
    0x50, 0x0, 0xdf, 0xff, 0xd1, 0x35, 0x8b, 0xef,
    0xfd, 0x0, 0xc, 0xdd, 0xff, 0x5f, 0xff, 0xff,
    0xe8, 0x30, 0x0, 0x0, 0x7f, 0xc0, 0xb8, 0x6b,
    0xf4, 0x0, 0x0, 0x0, 0xe, 0xf4, 0x0, 0x0,
    0xaf, 0x30, 0x0, 0x0, 0x8, 0xfb, 0x0, 0x0,
    0xc, 0xf1, 0x0, 0x0, 0x1, 0xff, 0x30, 0x9,
    0x60, 0xef, 0x0, 0x0, 0x0, 0x8f, 0xa0, 0x2,
    0xfa, 0xf, 0xe0, 0x0, 0x0, 0x1f, 0xff, 0xf8,
    0x4f, 0x81, 0xff, 0xff, 0x40, 0x4, 0xfd, 0xcf,
    0xd5, 0xf6, 0x3f, 0xfd, 0xd2, 0x0, 0x1, 0x12,
    0xfb, 0x7f, 0x54, 0xf9, 0x0, 0x0, 0x0, 0x20,
    0x5f, 0x89, 0xf3, 0x6f, 0x80, 0x0, 0x0, 0xcf,
    0x9, 0xf4, 0xbf, 0x17, 0xf6, 0x0, 0x0, 0xa,
    0xf3, 0xef, 0xc, 0xf0, 0x9f, 0x40, 0x0, 0x0,
    0x7f, 0xbf, 0xa0, 0xee, 0xb, 0xf2, 0x0, 0x0,
    0x2, 0xff, 0xf4, 0xf, 0xfd, 0xff, 0xdd, 0xb0,
    0x0, 0xc, 0xfc, 0x1, 0xff, 0xff, 0xff, 0xfc,
    0x0, 0x0, 0xdf, 0xc0, 0x0, 0x0, 0x0, 0x0,
    0x0, 0x0, 0x8f, 0xff, 0x90, 0x0, 0x0, 0x0,
    0x1, 0x0, 0x4f, 0xf4, 0xdf, 0xd7, 0x31, 0x12,
    0x6c, 0xa0, 0x1f, 0xf5, 0x1, 0xbf, 0xff, 0xff,
    0xff, 0xff, 0x0, 0x88, 0x0, 0x0, 0x49, 0xdf,
    0xfe, 0xb7, 0x10, 0x0, 0x0, 0x0, 0x0, 0x0,
    0x0, 0x0, 0x0, 0x0,

    /* U+5EFA "建" */
    0x0, 0x0, 0x0, 0x0, 0x0, 0x6, 0xf7, 0x0,
    0x0, 0x0, 0xd, 0xff, 0xfc, 0x0, 0x7, 0xf6,
    0x0, 0x0, 0x0, 0xa, 0xbc, 0xff, 0xd, 0xff,
    0xff, 0xff, 0x40, 0x0, 0x0, 0x6, 0xf9, 0x8,
    0x9d, 0xfa, 0xaf, 0x70, 0x0, 0x0, 0xe, 0xf1,
    0x0, 0xc, 0xf0, 0x4f, 0x60, 0x0, 0x0, 0x8f,
    0x94, 0xff, 0xff, 0xff, 0xff, 0xf4, 0x0, 0x1,
    0xff, 0x13, 0xbb, 0xbf, 0xfb, 0xdf, 0xb2, 0x0,
    0x9, 0xf8, 0x0, 0x0, 0x1f, 0xb0, 0xaf, 0x0,
    0x0, 0x2f, 0xff, 0xe2, 0x59, 0xaf, 0xd9, 0xef,
    0x0, 0x0, 0x4e, 0xcd, 0xf5, 0xaf, 0xff, 0xff,
    0xfd, 0x0, 0x0, 0x1, 0x9, 0xf2, 0x0, 0x6f,
    0x60, 0x0, 0x0, 0x0, 0x34, 0xc, 0xf0, 0x99,
    0xcf, 0xb9, 0x96, 0x0, 0x0, 0xcf, 0xf, 0xc2,
    0xff, 0xff, 0xff, 0xf8, 0x0, 0x0, 0xaf, 0x5f,
    0x90, 0x0, 0xcf, 0x20, 0x0, 0x0, 0x0, 0x7f,
    0xdf, 0x40, 0x0, 0xdf, 0x0, 0x0, 0x0, 0x0,
    0x2f, 0xfe, 0x4f, 0xff, 0xff, 0xff, 0xfd, 0x0,
    0x0, 0xd, 0xf8, 0x3a, 0xaa, 0xfe, 0xaa, 0xa8,
    0x0, 0x0, 0xe, 0xf9, 0x0, 0x2, 0xfa, 0x0,
    0x0, 0x0, 0x0, 0x8f, 0xef, 0x70, 0x4, 0xf9,
    0x0, 0x0, 0x0, 0x5, 0xfd, 0x1d, 0xfc, 0x51,
    0x10, 0x4, 0xac, 0x0, 0x1f, 0xf3, 0x1, 0xcf,
    0xff, 0xff, 0xff, 0xff, 0x0, 0x9, 0x60, 0x0,
    0x4, 0x9d, 0xff, 0xeb, 0x71, 0x0, 0x0, 0x0,
    0x0, 0x0, 0x0, 0x0, 0x0, 0x0, 0x0,

    /* U+5F00 "开" */
    0x0, 0x2, 0xff, 0xff, 0xff, 0xff, 0xff, 0xff,
    0xb0, 0x0, 0x3f, 0xff, 0xff, 0xff, 0xff, 0xff,
    0xf9, 0x0, 0x0, 0x0, 0x7f, 0x90, 0x0, 0xef,
    0x10, 0x0, 0x0, 0x0, 0x9, 0xf7, 0x0, 0xf,
    0xf0, 0x0, 0x0, 0x0, 0x0, 0xbf, 0x50, 0x1,
    0xfe, 0x0, 0x0, 0x0, 0x0, 0xd, 0xf3, 0x0,
    0x3f, 0xc0, 0x0, 0x0, 0x0, 0x0, 0xff, 0x10,
    0x4, 0xfb, 0x0, 0x0, 0x0, 0x0, 0x1f, 0xf0,
    0x0, 0x6f, 0x90, 0x0, 0x0, 0x9d, 0xdd, 0xff,
    0xdd, 0xde, 0xfe, 0xdd, 0x80, 0xc, 0xff, 0xff,
    0xff, 0xff, 0xff, 0xff, 0xf8, 0x0, 0x12, 0x2a,
    0xf9, 0x22, 0x2b, 0xf6, 0x22, 0x0, 0x0, 0x0,
    0xdf, 0x40, 0x0, 0xcf, 0x30, 0x0, 0x0, 0x0,
    0x1f, 0xf0, 0x0, 0xd, 0xf2, 0x0, 0x0, 0x0,
    0x6, 0xfc, 0x0, 0x0, 0xff, 0x0, 0x0, 0x0,
    0x0, 0xcf, 0x70, 0x0, 0x1f, 0xf0, 0x0, 0x0,
    0x0, 0x3f, 0xf1, 0x0, 0x2, 0xfd, 0x0, 0x0,
    0x0, 0xb, 0xfa, 0x0, 0x0, 0x4f, 0xb0, 0x0,
    0x0, 0x5, 0xff, 0x30, 0x0, 0x5, 0xfa, 0x0,
    0x0, 0x1, 0xef, 0x90, 0x0, 0x0, 0x7f, 0x80,
    0x0, 0x0, 0xcf, 0xe0, 0x0, 0x0, 0x8, 0xf7,
    0x0, 0x0, 0x4, 0xe3, 0x0, 0x0, 0x0, 0xaf,
    0x50, 0x0, 0x0, 0x1, 0x0, 0x0, 0x0, 0x0,
    0x0, 0x0, 0x0,

    /* U+5F02 "异" */
    0x0, 0x0, 0x9f, 0xff, 0xff, 0xff, 0xff, 0xe5,
    0x0, 0x0, 0xb, 0xfe, 0xdd, 0xdd, 0xdd, 0xdf,
    0xc0, 0x0, 0x0, 0xcf, 0x20, 0x0, 0x0, 0x3,
    0xfb, 0x0, 0x0, 0xe, 0xf0, 0x0, 0x0, 0x0,
    0x5f, 0xa0, 0x0, 0x0, 0xff, 0xee, 0xee, 0xee,
    0xef, 0xf8, 0x0, 0x0, 0x2f, 0xff, 0xff, 0xff,
    0xff, 0xff, 0x60, 0x0, 0x2, 0xfd, 0x0, 0x0,
    0x0, 0x0, 0x0, 0x0, 0x0, 0x1f, 0xf6, 0x0,
    0x0, 0x1, 0x49, 0xe2, 0x0, 0x0, 0xbf, 0xff,
    0xdd, 0xef, 0xff, 0xfe, 0x50, 0x0, 0x0, 0x8d,
    0xff, 0xff, 0xfe, 0xa6, 0x0, 0x0, 0x0, 0x0,
    0x0, 0x12, 0x10, 0x0, 0x0, 0x0, 0x0, 0x0,
    0xf, 0xf0, 0x0, 0xaf, 0x30, 0x0, 0x0, 0x0,
    0x1, 0xfe, 0x0, 0xc, 0xf2, 0x0, 0x0, 0x6e,
    0xee, 0xef, 0xfe, 0xee, 0xff, 0xee, 0xe3, 0x8,
    0xff, 0xff, 0xff, 0xff, 0xff, 0xff, 0xff, 0x10,
    0x0, 0x0, 0xdf, 0x40, 0x2, 0xfd, 0x0, 0x0,
    0x0, 0x0, 0x5f, 0xd0, 0x0, 0x3f, 0xb0, 0x0,
    0x0, 0x0, 0x4f, 0xf4, 0x0, 0x5, 0xfa, 0x0,
    0x0, 0x0, 0x8f, 0xf8, 0x0, 0x0, 0x6f, 0x80,
    0x0, 0x0, 0xef, 0xf7, 0x0, 0x0, 0x8, 0xf6,
    0x0, 0x0, 0x9, 0xa2, 0x0, 0x0, 0x0, 0xaf,
    0x50, 0x0, 0x0, 0x0, 0x0, 0x0, 0x0, 0x0,
    0x0, 0x0, 0x0,

    /* U+5F0F "式" */
    0x0, 0x0, 0x0, 0x0, 0x0, 0x9f, 0x84, 0xc0,
    0x0, 0x0, 0x0, 0x0, 0x0, 0x0, 0xaf, 0x76,
    0xf6, 0x0, 0x0, 0x0, 0x0, 0x0, 0x0, 0xbf,
    0x60, 0xeb, 0x0, 0x0, 0x0, 0x0, 0x0, 0x0,
    0xcf, 0x50, 0x52, 0x0, 0x0, 0xcf, 0xff, 0xff,
    0xff, 0xff, 0xff, 0xff, 0xe0, 0x0, 0xff, 0xff,
    0xff, 0xff, 0xff, 0xff, 0xff, 0xe0, 0x0, 0x11,
    0x11, 0x11, 0x11, 0xef, 0x31, 0x11, 0x10, 0x0,
    0x0, 0x0, 0x0, 0x0, 0xef, 0x20, 0x0, 0x0,
    0x0, 0x0, 0x0, 0x0, 0x0, 0xff, 0x20, 0x0,
    0x0, 0x0, 0xbb, 0xbb, 0xbb, 0xb3, 0xff, 0x10,
    0x0, 0x0, 0x0, 0xff, 0xff, 0xff, 0xf3, 0xef,
    0x20, 0x0, 0x0, 0x0, 0x33, 0xaf, 0x83, 0x30,
    0xef, 0x20, 0x0, 0x0, 0x0, 0x0, 0xaf, 0x50,
    0x0, 0xdf, 0x30, 0x0, 0x0, 0x0, 0x0, 0xcf,
    0x30, 0x0, 0xcf, 0x40, 0x0, 0x0, 0x0, 0x0,
    0xdf, 0x20, 0x0, 0xbf, 0x50, 0x0, 0x0, 0x0,
    0x0, 0xff, 0x0, 0x0, 0x9f, 0x70, 0x3, 0x0,
    0x0, 0x1, 0xfe, 0x5, 0xc5, 0x7f, 0xa0, 0x2f,
    0xb0, 0x0, 0x3, 0xff, 0xff, 0xf8, 0x4f, 0xd0,
    0x4f, 0x90, 0x28, 0xcf, 0xff, 0xfe, 0x71, 0xf,
    0xf1, 0x6f, 0x70, 0x3f, 0xff, 0xe9, 0x40, 0x0,
    0xb, 0xf9, 0xbf, 0x40, 0x9, 0x62, 0x0, 0x0,
    0x0, 0x4, 0xff, 0xff, 0x0, 0x0, 0x0, 0x0,
    0x0, 0x0, 0x0, 0x6e, 0xe5, 0x0,

    /* U+5F15 "引" */
    0x0, 0x0, 0x0, 0x0, 0x0, 0x0, 0xdf, 0x20,
    0x5f, 0xff, 0xff, 0xfb, 0x0, 0xf, 0xf1, 0x6,
    0xff, 0xff, 0xff, 0xf4, 0x0, 0xff, 0x0, 0x0,
    0x0, 0x0, 0xbf, 0x40, 0x2f, 0xe0, 0x0, 0x0,
    0x0, 0xd, 0xf2, 0x3, 0xfc, 0x0, 0x0, 0x0,
    0x0, 0xff, 0x10, 0x4f, 0xb0, 0x0, 0x0, 0x0,
    0x1f, 0xf0, 0x6, 0xfa, 0x0, 0x6f, 0xff, 0xff,
    0xfe, 0x0, 0x7f, 0x80, 0x8, 0xff, 0xee, 0xee,
    0xb0, 0x9, 0xf7, 0x0, 0xbf, 0x40, 0x0, 0x0,
    0x0, 0xaf, 0x50, 0xe, 0xf1, 0x0, 0x0, 0x0,
    0xc, 0xf4, 0x0, 0xfe, 0x0, 0x0, 0x0, 0x0,
    0xdf, 0x20, 0x3f, 0xff, 0xff, 0xfd, 0x10, 0xf,
    0xf1, 0x5, 0xff, 0xff, 0xff, 0xf7, 0x0, 0xff,
    0x0, 0x0, 0x0, 0x0, 0x9f, 0x60, 0x1f, 0xe0,
    0x0, 0x0, 0x0, 0xb, 0xf4, 0x3, 0xfd, 0x0,
    0x0, 0x0, 0x0, 0xdf, 0x30, 0x4f, 0xb0, 0x0,
    0x42, 0x0, 0xf, 0xf1, 0x6, 0xfa, 0x0, 0x9f,
    0x90, 0x2, 0xfe, 0x0, 0x7f, 0x80, 0x5, 0xff,
    0x41, 0xbf, 0x90, 0x9, 0xf7, 0x0, 0xc, 0xff,
    0xff, 0xf1, 0x0, 0xaf, 0x50, 0x0, 0x8, 0xef,
    0xc3, 0x0, 0xc, 0xf4, 0x0,

    /* U+5F31 "弱" */
    0x0, 0xbf, 0xff, 0xfd, 0x16, 0xff, 0xff, 0xf7,
    0x0, 0xad, 0xdd, 0xef, 0x67, 0xdd, 0xdd, 0xfe,
    0x0, 0x0, 0x0, 0x8f, 0x50, 0x0, 0x0, 0xfd,
    0x0, 0x0, 0x0, 0xaf, 0x40, 0x0, 0x2, 0xfb,
    0x0, 0x0, 0x0, 0xbf, 0x20, 0x0, 0x4, 0xfa,
    0x0, 0x9f, 0xff, 0xff, 0x16, 0xff, 0xff, 0xf8,
    0x0, 0xcf, 0xcc, 0xcc, 0x9, 0xfd, 0xcc, 0xc5,
    0x0, 0xff, 0x0, 0x0, 0xc, 0xf2, 0x0, 0x0,
    0x2, 0xfc, 0x0, 0x0, 0xf, 0xe0, 0x0, 0x0,
    0x5, 0xff, 0xff, 0xe6, 0x2f, 0xff, 0xff, 0xc0,
    0x7, 0xdd, 0xdd, 0xfd, 0x4d, 0xdd, 0xde, 0xf4,
    0x0, 0x21, 0x1, 0xfc, 0x1, 0x40, 0xa, 0xf3,
    0x0, 0xea, 0x3, 0xfa, 0x9, 0xf1, 0xb, 0xf2,
    0x0, 0x7f, 0x18, 0xf8, 0x1, 0xf7, 0x4f, 0xf0,
    0x0, 0x15, 0xbf, 0xf7, 0x0, 0x48, 0xff, 0xe0,
    0x0, 0x7e, 0xfd, 0xf5, 0x5, 0xdf, 0xbf, 0xc0,
    0x1e, 0xfd, 0x39, 0xf3, 0xaf, 0xe5, 0x2f, 0xb0,
    0xb, 0x60, 0xb, 0xf1, 0x67, 0x0, 0x3f, 0x90,
    0x6, 0xb0, 0x1e, 0xe0, 0x1a, 0x60, 0x8f, 0x60,
    0x7, 0xfe, 0xef, 0x80, 0xe, 0xfc, 0xff, 0x10,
    0x0, 0x9e, 0xe9, 0x0, 0x4, 0xdf, 0xc3, 0x0,

    /* U+5F39 "弹" */
    0x0, 0x0, 0x0, 0x0, 0x8, 0x70, 0x4, 0x71,
    0x0, 0xdf, 0xff, 0x70, 0xe, 0xc0, 0xa, 0xf1,
    0x0, 0xde, 0xef, 0xe0, 0xc, 0xf0, 0x1f, 0xb0,
    0x0, 0x0, 0xf, 0xd3, 0xdf, 0xfd, 0xef, 0xd5,
    0x0, 0x0, 0x1f, 0xb5, 0xff, 0xff, 0xff, 0xfd,
    0x0, 0x0, 0x3f, 0xa7, 0xf5, 0x2f, 0x70, 0xfc,
    0x0, 0x0, 0x5f, 0x88, 0xf3, 0x4f, 0x51, 0xfb,
    0x0, 0xdf, 0xff, 0x6a, 0xfa, 0xbf, 0xba, 0xf9,
    0x0, 0xff, 0xdd, 0x4c, 0xff, 0xff, 0xff, 0xf7,
    0x3, 0xf9, 0x0, 0xd, 0xe0, 0x9f, 0x6, 0xf6,
    0x5, 0xf6, 0x0, 0xf, 0xd0, 0xae, 0x8, 0xf4,
    0x8, 0xf4, 0x0, 0x1f, 0xd7, 0xde, 0x7c, 0xf2,
    0xb, 0xff, 0xf7, 0x3f, 0xff, 0xff, 0xff, 0xf0,
    0xc, 0xee, 0xfd, 0x15, 0x57, 0xfd, 0x55, 0x50,
    0x0, 0x0, 0xfc, 0x0, 0x3, 0xfa, 0x0, 0x0,
    0x0, 0x2, 0xfb, 0x0, 0x5, 0xf9, 0x0, 0x0,
    0x0, 0x3, 0xf9, 0xcf, 0xff, 0xff, 0xff, 0xf0,
    0x0, 0x5, 0xf7, 0xbd, 0xde, 0xfe, 0xdd, 0xb0,
    0x44, 0x7, 0xf5, 0x0, 0x9, 0xf4, 0x0, 0x0,
    0xcd, 0xb, 0xf3, 0x0, 0xb, 0xf2, 0x0, 0x0,
    0x7f, 0xff, 0xd0, 0x0, 0xd, 0xf0, 0x0, 0x0,
    0x9, 0xec, 0x20, 0x0, 0xe, 0xf0, 0x0, 0x0,

    /* U+5F3A "强" */
    0x0, 0xef, 0xff, 0x90, 0x5f, 0xff, 0xff, 0xe3,
    0x0, 0xee, 0xef, 0xf0, 0x7f, 0xba, 0xac, 0xf6,
    0x0, 0x0, 0xe, 0xf0, 0x8f, 0x10, 0x5, 0xf4,
    0x0, 0x0, 0xf, 0xd0, 0xaf, 0x0, 0x7, 0xf3,
    0x0, 0x0, 0x1f, 0xb0, 0xcf, 0xff, 0xff, 0xf1,
    0x0, 0x0, 0x4f, 0x90, 0x9b, 0xdf, 0xdb, 0xb0,
    0x0, 0xff, 0xff, 0x70, 0x0, 0x7f, 0x50, 0x0,
    0x2, 0xfe, 0xdd, 0x56, 0x99, 0xcf, 0xa8, 0x70,
    0x4, 0xf7, 0x0, 0xc, 0xff, 0xff, 0xff, 0xf3,
    0x7, 0xf5, 0x0, 0xd, 0xc0, 0xbf, 0x7, 0xf3,
    0x9, 0xf2, 0x0, 0xf, 0xa0, 0xcd, 0x8, 0xf1,
    0xc, 0xff, 0xf8, 0x1f, 0x90, 0xec, 0xa, 0xf0,
    0xe, 0xff, 0xff, 0x2f, 0xda, 0xfe, 0xae, 0xe0,
    0x0, 0x0, 0xee, 0x4f, 0xff, 0xff, 0xff, 0xc0,
    0x0, 0x0, 0xfd, 0x0, 0x4, 0xf7, 0x0, 0x0,
    0x0, 0x1, 0xfb, 0x0, 0x6, 0xf5, 0x15, 0x0,
    0x0, 0x2, 0xf9, 0x0, 0x7, 0xf4, 0x8f, 0x20,
    0x46, 0x5, 0xf8, 0x0, 0x9, 0xf2, 0x4f, 0x70,
    0xdf, 0x19, 0xf5, 0x13, 0x5c, 0xfd, 0xff, 0xb0,
    0x8f, 0xff, 0xe3, 0xff, 0xff, 0xfe, 0xbd, 0xe0,
    0xa, 0xed, 0x30, 0xa8, 0x64, 0x10, 0x7, 0xb0,

    /* U+5F52 "归" */
    0x0, 0x0, 0x7, 0xf8, 0x0, 0x0, 0x0, 0x0,
    0x0, 0x0, 0x0, 0x8f, 0x62, 0x77, 0x77, 0x76,
    0x10, 0x0, 0x0, 0xa, 0xf5, 0x6f, 0xff, 0xff,
    0xfc, 0x0, 0xf, 0xe0, 0xcf, 0x36, 0xdd, 0xdd,
    0xdf, 0xf0, 0x2, 0xfc, 0xd, 0xf2, 0x0, 0x0,
    0x1, 0xfe, 0x0, 0x3f, 0xa0, 0xff, 0x0, 0x0,
    0x0, 0x3f, 0xc0, 0x5, 0xf9, 0xf, 0xe0, 0x0,
    0x0, 0x4, 0xfa, 0x0, 0x7f, 0x72, 0xfd, 0x0,
    0x0, 0x0, 0x6f, 0x90, 0x8, 0xf5, 0x4f, 0xb0,
    0x0, 0x0, 0x8, 0xf7, 0x0, 0xaf, 0x45, 0xfa,
    0x4, 0x66, 0x66, 0xcf, 0x50, 0xc, 0xf2, 0x7f,
    0x80, 0xcf, 0xff, 0xff, 0xf4, 0x0, 0xdf, 0x9,
    0xf6, 0x8, 0xaa, 0xaa, 0xff, 0x20, 0xf, 0xe0,
    0xcf, 0x30, 0x0, 0x0, 0xf, 0xf0, 0x1, 0xfd,
    0xf, 0xf0, 0x0, 0x0, 0x0, 0xff, 0x0, 0x2f,
    0xb4, 0xfc, 0x0, 0x0, 0x0, 0x2f, 0xd0, 0x1,
    0x64, 0x9f, 0x80, 0x0, 0x0, 0x4, 0xfb, 0x0,
    0x0, 0xe, 0xf3, 0x0, 0x0, 0x0, 0x5f, 0xa0,
    0x0, 0x7, 0xfc, 0x0, 0x0, 0x0, 0x7, 0xf8,
    0x0, 0x3, 0xff, 0x40, 0x1, 0x11, 0x11, 0x9f,
    0x70, 0x2, 0xef, 0xa0, 0x6, 0xff, 0xff, 0xff,
    0xf5, 0x0, 0x2d, 0xd0, 0x0, 0x7f, 0xff, 0xff,
    0xff, 0x30, 0x0, 0x11, 0x0, 0x0, 0x0, 0x0,
    0x0, 0x0, 0x0,

    /* U+5F53 "当" */
    0x0, 0x0, 0x0, 0x0, 0xaf, 0x50, 0x0, 0x0,
    0x0, 0x4f, 0x80, 0x0, 0xcf, 0x40, 0x2, 0xf8,
    0x0, 0x3f, 0xc0, 0x0, 0xdf, 0x20, 0x9, 0xf8,
    0x0, 0xf, 0xf0, 0x0, 0xff, 0x0, 0x1f, 0xf1,
    0x0, 0xb, 0xf4, 0x1, 0xff, 0x0, 0xaf, 0x90,
    0x0, 0x7, 0xf8, 0x2, 0xfd, 0x2, 0xfe, 0x10,
    0x0, 0x2, 0x40, 0x4, 0xfc, 0x0, 0x34, 0x0,
    0x0, 0x0, 0x0, 0x5, 0xfa, 0x0, 0x0, 0x0,
    0x0, 0xac, 0xcc, 0xce, 0xfe, 0xcc, 0xcb, 0x30,
    0x0, 0xef, 0xff, 0xff, 0xff, 0xff, 0xff, 0xc0,
    0x0, 0x23, 0x33, 0x33, 0x33, 0x33, 0x6f, 0xc0,
    0x0, 0x0, 0x0, 0x0, 0x0, 0x0, 0x5f, 0xa0,
    0x0, 0x0, 0x0, 0x0, 0x0, 0x0, 0x7f, 0x90,
    0x0, 0x12, 0x22, 0x22, 0x22, 0x22, 0x9f, 0x70,
    0x0, 0xaf, 0xff, 0xff, 0xff, 0xff, 0xff, 0x50,
    0x0, 0x9c, 0xcc, 0xcc, 0xcc, 0xcc, 0xff, 0x40,
    0x0, 0x0, 0x0, 0x0, 0x0, 0x0, 0xdf, 0x20,
    0x0, 0x0, 0x0, 0x0, 0x0, 0x0, 0xff, 0x0,
    0x0, 0x0, 0x0, 0x0, 0x0, 0x1, 0xff, 0x0,
    0x4f, 0xff, 0xff, 0xff, 0xff, 0xff, 0xfd, 0x0,
    0x6f, 0xff, 0xff, 0xff, 0xff, 0xff, 0xfc, 0x0,
    0x0, 0x0, 0x0, 0x0, 0x0, 0x0, 0x0, 0x0,

    /* U+5F55 "录" */
    0x0, 0x0, 0xaf, 0xff, 0xff, 0xff, 0xff, 0x90,
    0x0, 0x0, 0xa, 0xee, 0xee, 0xee, 0xee, 0xff,
    0x10, 0x0, 0x0, 0x0, 0x0, 0x0, 0x0, 0xe,
    0xf0, 0x0, 0x0, 0x0, 0x0, 0x0, 0x0, 0x1,
    0xfe, 0x0, 0x0, 0x0, 0x8f, 0xff, 0xff, 0xff,
    0xff, 0xc0, 0x0, 0x0, 0x5, 0xaa, 0xaa, 0xaa,
    0xab, 0xfa, 0x0, 0x0, 0x0, 0x0, 0x0, 0x0,
    0x0, 0x6f, 0x90, 0x0, 0xd, 0xff, 0xff, 0xff,
    0xff, 0xff, 0xff, 0xf9, 0x0, 0xcd, 0xdd, 0xdd,
    0xef, 0xed, 0xdd, 0xdd, 0x70, 0x0, 0x30, 0x0,
    0x8, 0xf7, 0x0, 0x1, 0x0, 0x0, 0x2f, 0xd3,
    0x0, 0xaf, 0x50, 0x2, 0xe9, 0x0, 0x0, 0x9f,
    0xf6, 0xb, 0xf8, 0x2, 0xef, 0x60, 0x0, 0x0,
    0x4e, 0xe1, 0xcf, 0xe7, 0xff, 0x60, 0x0, 0x0,
    0x0, 0x23, 0xe, 0xff, 0xfd, 0x30, 0x0, 0x0,
    0x0, 0x7, 0x60, 0xff, 0xdf, 0x60, 0x0, 0x0,
    0x0, 0x3d, 0xfd, 0xf, 0xe3, 0xff, 0x50, 0x0,
    0x5, 0xcf, 0xf9, 0x2, 0xfd, 0x5, 0xff, 0xa1,
    0x2, 0xff, 0xb3, 0x20, 0x3f, 0xc0, 0x4, 0xef,
    0xf3, 0x7, 0x20, 0x9f, 0x58, 0xf9, 0x0, 0x1,
    0x9f, 0x0, 0x0, 0x7, 0xff, 0xff, 0x40, 0x0,
    0x0, 0x10, 0x0, 0x0, 0x9, 0xfd, 0x60, 0x0,
    0x0, 0x0, 0x0,

    /* U+5F62 "形" */
    0x0, 0x0, 0x0, 0x0, 0x0, 0x0, 0x0, 0x3,
    0x40, 0x0, 0xb, 0xff, 0xff, 0xff, 0xf7, 0x0,
    0xd, 0xf3, 0x0, 0xd, 0xff, 0xff, 0xff, 0xf5,
    0x0, 0xaf, 0xb0, 0x0, 0x0, 0x4f, 0x90, 0xde,
    0x0, 0x7, 0xfe, 0x10, 0x0, 0x0, 0x6f, 0x70,
    0xfd, 0x0, 0x8f, 0xf3, 0x0, 0x0, 0x0, 0x8f,
    0x51, 0xfb, 0x8, 0xff, 0x40, 0x0, 0x0, 0x0,
    0xaf, 0x32, 0xfa, 0x2, 0xe3, 0x6, 0x60, 0x0,
    0x0, 0xbf, 0x24, 0xf8, 0x0, 0x0, 0x1f, 0xf2,
    0x0, 0x0, 0xdf, 0x6, 0xf6, 0x0, 0x0, 0xbf,
    0x80, 0x0, 0xaf, 0xff, 0xff, 0xff, 0xe0, 0x7,
    0xfd, 0x0, 0x0, 0xcf, 0xff, 0xff, 0xff, 0xe0,
    0x6f, 0xe2, 0x0, 0x0, 0x4, 0xfa, 0xb, 0xf2,
    0x6, 0xff, 0x40, 0x0, 0x0, 0x6, 0xf7, 0xc,
    0xf0, 0x7f, 0xf5, 0x0, 0x0, 0x0, 0xa, 0xf4,
    0xe, 0xe0, 0x1e, 0x40, 0x6, 0x0, 0x0, 0xe,
    0xf0, 0xf, 0xc0, 0x0, 0x0, 0x6f, 0xa0, 0x0,
    0x2f, 0xc0, 0x1f, 0xb0, 0x0, 0x1, 0xef, 0x30,
    0x0, 0x8f, 0x70, 0x3f, 0x90, 0x0, 0xc, 0xfa,
    0x0, 0x0, 0xef, 0x20, 0x5f, 0x70, 0x0, 0xaf,
    0xd0, 0x0, 0x5, 0xfb, 0x0, 0x6f, 0x60, 0xa,
    0xfe, 0x20, 0x0, 0xe, 0xf4, 0x0, 0x8f, 0x42,
    0xcf, 0xe3, 0x0, 0x0, 0x6f, 0xb0, 0x0, 0xaf,
    0x27, 0xfd, 0x20, 0x0, 0x0, 0x9, 0x20, 0x0,
    0xbf, 0x10, 0x70, 0x0, 0x0, 0x0,

    /* U+5F71 "影" */
    0x0, 0x0, 0x0, 0x0, 0x0, 0x0, 0x0, 0x6,
    0x0, 0x0, 0x3f, 0xff, 0xff, 0xf7, 0x0, 0x6,
    0xf8, 0x0, 0x5, 0xfb, 0x88, 0x8f, 0xb0, 0x1,
    0xef, 0x10, 0x0, 0x6f, 0x74, 0x44, 0xfa, 0x0,
    0xbf, 0x70, 0x0, 0x8, 0xff, 0xff, 0xff, 0x80,
    0x8f, 0xb0, 0x0, 0x0, 0x9f, 0x32, 0x26, 0xf6,
    0x7f, 0xd1, 0x0, 0x0, 0xb, 0xff, 0xff, 0xff,
    0x51, 0xb1, 0x3, 0x0, 0x0, 0x45, 0x7f, 0xb5,
    0x51, 0x0, 0x7, 0xf5, 0x0, 0x48, 0x8a, 0xfc,
    0x88, 0x80, 0x2, 0xff, 0x10, 0xa, 0xff, 0xff,
    0xff, 0xfd, 0x0, 0xcf, 0x70, 0x0, 0x0, 0x0,
    0x0, 0x0, 0x0, 0x8f, 0xb0, 0x0, 0x0, 0x99,
    0x99, 0x99, 0x30, 0x7f, 0xe1, 0x0, 0x0, 0x1f,
    0xff, 0xff, 0xfa, 0x6f, 0xf3, 0x0, 0x0, 0x3,
    0xf8, 0x0, 0x1f, 0x90, 0xa3, 0x0, 0x0, 0x0,
    0x5f, 0xb8, 0x8a, 0xf8, 0x0, 0x0, 0xdb, 0x0,
    0x6, 0xff, 0xff, 0xff, 0x60, 0x0, 0x5f, 0xa0,
    0x0, 0x14, 0xd, 0xd0, 0x20, 0x0, 0x1e, 0xf2,
    0x0, 0x8, 0xf3, 0xec, 0x8f, 0x0, 0xb, 0xf7,
    0x0, 0x1, 0xed, 0xf, 0xa5, 0xf4, 0xa, 0xfb,
    0x0, 0x0, 0xbf, 0x52, 0xf8, 0x1f, 0x9b, 0xfd,
    0x10, 0x0, 0x1d, 0xbf, 0xef, 0x50, 0x9c, 0xfd,
    0x20, 0x0, 0x0, 0x0, 0x8f, 0xa0, 0x0, 0x9,
    0x10, 0x0, 0x0,

    /* U+5F84 "径" */
    0x0, 0x0, 0x8, 0x10, 0x0, 0x0, 0x0, 0x0,
    0x0, 0x0, 0x7f, 0xc2, 0xff, 0xff, 0xff, 0xb0,
    0x0, 0x3, 0xff, 0x24, 0xff, 0xff, 0xff, 0xf1,
    0x0, 0x2e, 0xf6, 0x0, 0x0, 0x0, 0x5f, 0xd0,
    0x1, 0xdf, 0x90, 0x0, 0x0, 0x1, 0xef, 0x40,
    0xb, 0xfb, 0x4, 0x10, 0x0, 0x1d, 0xf8, 0x0,
    0x1, 0x90, 0x2f, 0xd0, 0x3, 0xef, 0xf0, 0x0,
    0x0, 0x0, 0xdf, 0x80, 0x5f, 0xfe, 0xfa, 0x0,
    0x0, 0x9, 0xfc, 0x1a, 0xff, 0x80, 0xcf, 0x70,
    0x0, 0x7f, 0xf4, 0xef, 0xe5, 0x0, 0x1e, 0xf3,
    0x6, 0xff, 0xf1, 0xaa, 0x10, 0x0, 0x5, 0xb1,
    0x6f, 0xff, 0xf0, 0x0, 0x0, 0x0, 0x0, 0x0,
    0x2e, 0x5f, 0xd0, 0x6d, 0xdd, 0xdd, 0xdd, 0x80,
    0x0, 0x2f, 0xc0, 0x9f, 0xff, 0xff, 0xff, 0x80,
    0x0, 0x3f, 0xa0, 0x0, 0xb, 0xf5, 0x0, 0x0,
    0x0, 0x5f, 0x80, 0x0, 0xc, 0xf3, 0x0, 0x0,
    0x0, 0x7f, 0x70, 0x0, 0xd, 0xf1, 0x0, 0x0,
    0x0, 0x8f, 0x50, 0x0, 0xf, 0xf0, 0x0, 0x0,
    0x0, 0xaf, 0x40, 0x0, 0xf, 0xe0, 0x0, 0x0,
    0x0, 0xcf, 0x20, 0x0, 0x2f, 0xd0, 0x0, 0x0,
    0x0, 0xdf, 0xd, 0xee, 0xef, 0xfe, 0xee, 0x60,
    0x0, 0xff, 0xf, 0xff, 0xff, 0xff, 0xff, 0x50,

    /* U+5F85 "待" */
    0x0, 0x0, 0x88, 0x0, 0x0, 0x3f, 0x90, 0x0,
    0x0, 0x2, 0xfe, 0x10, 0x0, 0x5f, 0x80, 0x0,
    0x0, 0xc, 0xf6, 0x0, 0x0, 0x7f, 0x70, 0x0,
    0x0, 0x7f, 0xc0, 0xf, 0xff, 0xff, 0xff, 0xfc,
    0x4, 0xff, 0x20, 0x1d, 0xdd, 0xff, 0xdd, 0xd9,
    0xd, 0xf5, 0x10, 0x0, 0x0, 0xbf, 0x10, 0x0,
    0x2, 0x50, 0xcc, 0x0, 0x0, 0xdf, 0x0, 0x0,
    0x0, 0x6, 0xfb, 0xbb, 0xbb, 0xff, 0xbb, 0xba,
    0x0, 0x1f, 0xf3, 0xff, 0xff, 0xff, 0xff, 0xfc,
    0x0, 0xbf, 0x80, 0x22, 0x22, 0x22, 0x22, 0x21,
    0x9, 0xff, 0x50, 0x0, 0x0, 0x0, 0x9c, 0x10,
    0x8f, 0xff, 0x40, 0x0, 0x0, 0x0, 0xef, 0x0,
    0x7e, 0xdf, 0x22, 0xff, 0xff, 0xff, 0xff, 0xf3,
    0x2, 0xcf, 0x3, 0xdd, 0xdd, 0xdd, 0xff, 0xd1,
    0x0, 0xef, 0x0, 0x6, 0x10, 0x3, 0xfb, 0x0,
    0x0, 0xfd, 0x0, 0x4f, 0xd0, 0x5, 0xf9, 0x0,
    0x2, 0xfc, 0x0, 0x9, 0xf7, 0x6, 0xf7, 0x0,
    0x3, 0xfa, 0x0, 0x0, 0xd7, 0x8, 0xf6, 0x0,
    0x5, 0xf8, 0x0, 0x3, 0x10, 0xa, 0xf4, 0x0,
    0x7, 0xf7, 0x0, 0x7f, 0x70, 0x1e, 0xf1, 0x0,
    0x8, 0xf5, 0x0, 0x1e, 0xfc, 0xef, 0x90, 0x0,
    0xa, 0xf3, 0x0, 0x2, 0xbf, 0xf9, 0x0, 0x0,
    0x0, 0x0, 0x0, 0x0, 0x0, 0x0, 0x0, 0x0,

    /* U+5F88 "很" */
    0x0, 0x0, 0x26, 0x0, 0x0, 0x0, 0x0, 0x0,
    0x0, 0x0, 0xcf, 0x67, 0xff, 0xff, 0xff, 0xe4,
    0x0, 0x7, 0xfc, 0x8, 0xfe, 0xdd, 0xde, 0xf9,
    0x0, 0x4f, 0xf2, 0xa, 0xf3, 0x0, 0x5, 0xf9,
    0x3, 0xff, 0x50, 0xc, 0xf2, 0x0, 0x6, 0xf7,
    0xb, 0xf7, 0x3, 0xd, 0xfa, 0xaa, 0xad, 0xf5,
    0x1, 0x60, 0x8f, 0x5f, 0xff, 0xff, 0xff, 0xf4,
    0x0, 0x3, 0xfe, 0x2f, 0xd2, 0x22, 0x2c, 0xf2,
    0x0, 0xd, 0xf5, 0x2f, 0xb0, 0x0, 0xd, 0xf1,
    0x0, 0x9f, 0xb0, 0x4f, 0xa0, 0x0, 0xe, 0xf0,
    0x6, 0xff, 0x90, 0x5f, 0xff, 0xff, 0xff, 0xe0,
    0x5f, 0xff, 0x70, 0x7f, 0xed, 0xfe, 0xcc, 0xa0,
    0x6f, 0xcf, 0x60, 0x9f, 0x53, 0xf9, 0x0, 0x20,
    0x2, 0x8f, 0x40, 0xaf, 0x31, 0xfb, 0x7, 0xf3,
    0x0, 0xaf, 0x30, 0xcf, 0x20, 0xfe, 0x8f, 0xd1,
    0x0, 0xcf, 0x10, 0xef, 0x0, 0xcf, 0xfd, 0x10,
    0x0, 0xdf, 0x0, 0xfe, 0x0, 0x7f, 0xc0, 0x0,
    0x0, 0xfe, 0x1, 0xfd, 0x0, 0x3f, 0xe0, 0x0,
    0x1, 0xfc, 0x3, 0xfc, 0xaa, 0xc, 0xfa, 0x0,
    0x3, 0xfa, 0x6, 0xff, 0xfd, 0x3, 0xff, 0x80,
    0x4, 0xf9, 0x9f, 0xfe, 0x60, 0x0, 0x7f, 0xf6,
    0x6, 0xf7, 0x5b, 0x50, 0x0, 0x0, 0x6, 0xb0,
    0x0, 0x0, 0x0, 0x0, 0x0, 0x0, 0x0, 0x0,

    /* U+5FAA "循" */
    0x0, 0x0, 0x41, 0x0, 0x0, 0x0, 0x1, 0x42,
    0x0, 0x1, 0xee, 0x5, 0x79, 0xac, 0xff, 0xfa,
    0x0, 0xa, 0xf7, 0x2f, 0xff, 0xff, 0xfb, 0x84,
    0x0, 0x5f, 0xd0, 0x4f, 0xb3, 0x1a, 0xf2, 0x0,
    0x3, 0xff, 0x30, 0x5f, 0x70, 0xb, 0xf1, 0x0,
    0xd, 0xf5, 0x0, 0x7f, 0xff, 0xff, 0xff, 0xfc,
    0x3, 0x70, 0xd8, 0x9f, 0xcb, 0xbf, 0xfb, 0xb7,
    0x0, 0x7, 0xf9, 0xaf, 0x20, 0xf, 0xc0, 0x0,
    0x0, 0x2f, 0xe1, 0xcf, 0x0, 0x2f, 0xb0, 0x0,
    0x0, 0xcf, 0x60, 0xee, 0x4f, 0xff, 0xff, 0x80,
    0x9, 0xff, 0x40, 0xfc, 0x6f, 0xdb, 0xbf, 0xd0,
    0x8f, 0xff, 0x22, 0xfa, 0x8f, 0x50, 0xf, 0xc0,
    0x7d, 0xdf, 0x4, 0xf8, 0x9f, 0x98, 0x9f, 0xb0,
    0x1, 0xdf, 0x7, 0xf6, 0xbf, 0xff, 0xff, 0x90,
    0x0, 0xfd, 0xa, 0xf3, 0xcf, 0x0, 0x6f, 0x80,
    0x0, 0xfb, 0xc, 0xf1, 0xee, 0x0, 0x7f, 0x60,
    0x2, 0xfa, 0xf, 0xd0, 0xff, 0xff, 0xff, 0x40,
    0x4, 0xf8, 0x3f, 0xa1, 0xfd, 0x88, 0xef, 0x30,
    0x5, 0xf6, 0x7f, 0x73, 0xf9, 0x0, 0xcf, 0x10,
    0x7, 0xf5, 0xbf, 0x34, 0xf8, 0x0, 0xef, 0x0,
    0x9, 0xf4, 0xff, 0x6, 0xfd, 0xbb, 0xfe, 0x0,
    0xa, 0xf5, 0xfa, 0x7, 0xff, 0xff, 0xfc, 0x0,
    0x0, 0x0, 0x23, 0x0, 0x0, 0x0, 0x0, 0x0,

    /* U+5FAE "微" */
    0x0, 0x1, 0x10, 0x0, 0x0, 0x0, 0x14, 0x10,
    0x0, 0x0, 0x8f, 0x30, 0x4f, 0x40, 0x6, 0xf6,
    0x0, 0x0, 0xd, 0xe0, 0x5, 0xf2, 0x0, 0x9f,
    0x40, 0x0, 0x3, 0xf9, 0x8d, 0x6f, 0x3f, 0x3b,
    0xf1, 0x0, 0x0, 0xbf, 0x29, 0xc8, 0xf4, 0xf1,
    0xef, 0x0, 0x0, 0x4f, 0xa0, 0xba, 0x9e, 0x5f,
    0x1f, 0xff, 0xf5, 0xb, 0xf1, 0xd, 0x8b, 0xd8,
    0xe4, 0xff, 0xff, 0x30, 0x14, 0x74, 0xff, 0xff,
    0xfc, 0x8f, 0x5f, 0x90, 0x0, 0x2f, 0xa9, 0x99,
    0x99, 0x6c, 0xf4, 0xf6, 0x0, 0x9, 0xf3, 0x0,
    0x0, 0x0, 0xfb, 0x5f, 0x40, 0x3, 0xfe, 0x5f,
    0xff, 0xff, 0x8f, 0x88, 0xf1, 0x0, 0xcf, 0xc4,
    0xaa, 0xaa, 0xab, 0xf9, 0xbe, 0x0, 0x9f, 0xfb,
    0x0, 0x0, 0x0, 0xbf, 0xaf, 0xa0, 0x5, 0xbf,
    0x90, 0xef, 0xfe, 0x40, 0xbe, 0xf6, 0x0, 0x2,
    0xf7, 0xf, 0xdb, 0xf8, 0x9, 0xff, 0x20, 0x0,
    0x4f, 0x61, 0xf6, 0x2f, 0x70, 0x6f, 0xc0, 0x0,
    0x6, 0xf4, 0x3f, 0x53, 0xf5, 0x6, 0xf7, 0x0,
    0x0, 0x7f, 0x26, 0xf2, 0x5f, 0x74, 0xdf, 0x90,
    0x0, 0x9, 0xf1, 0xaf, 0x7, 0xff, 0xef, 0xfe,
    0x0, 0x0, 0xbf, 0xe, 0xb2, 0xff, 0xcf, 0xd7,
    0xf3, 0x0, 0xc, 0xd5, 0xf7, 0x9, 0x3d, 0xf3,
    0x1f, 0xa0, 0x0, 0xec, 0xbf, 0x10, 0x8, 0xf8,
    0x0, 0xbf, 0x10, 0xf, 0xa1, 0x50, 0x0, 0x1a,
    0x0, 0x4, 0xc1, 0x0, 0x0, 0x0, 0x0, 0x0,
    0x0, 0x0, 0x0, 0x0,

    /* U+5FB7 "德" */
    0x0, 0x0, 0xa7, 0x0, 0x0, 0x7f, 0x50, 0x0,
    0x0, 0x0, 0x3f, 0xd0, 0x0, 0x9, 0xf3, 0x0,
    0x0, 0x0, 0xc, 0xf4, 0xad, 0xdd, 0xef, 0xdd,
    0xdd, 0x40, 0x8, 0xfa, 0xd, 0xff, 0xff, 0xff,
    0xff, 0xf3, 0x4, 0xfe, 0x10, 0x0, 0x0, 0xee,
    0x0, 0x0, 0x0, 0xef, 0x30, 0x5, 0x88, 0x8f,
    0xe8, 0x87, 0x0, 0x2, 0x50, 0xd9, 0xbf, 0xff,
    0xff, 0xff, 0xf5, 0x0, 0x0, 0x9f, 0x8d, 0xd2,
    0xf4, 0xd8, 0x6f, 0x40, 0x0, 0x3f, 0xe0, 0xfb,
    0x4f, 0x1f, 0x67, 0xf3, 0x0, 0x1e, 0xf6, 0x1f,
    0xca, 0xf7, 0xfa, 0xcf, 0x10, 0xc, 0xff, 0x42,
    0xff, 0xff, 0xff, 0xff, 0xf0, 0xa, 0xff, 0xf2,
    0x1, 0x11, 0x11, 0x11, 0x11, 0x0, 0x4b, 0xcf,
    0xa, 0xdd, 0xdd, 0xdd, 0xdd, 0xd5, 0x0, 0xd,
    0xf0, 0xef, 0xff, 0xff, 0xff, 0xff, 0x40, 0x0,
    0xfd, 0x0, 0x0, 0x4, 0x0, 0x0, 0x0, 0x0,
    0x1f, 0xb0, 0x83, 0x4, 0xf5, 0x0, 0x61, 0x0,
    0x2, 0xfa, 0x2f, 0xa9, 0x4e, 0xc0, 0x6f, 0x40,
    0x0, 0x4f, 0x85, 0xf9, 0xf6, 0x7c, 0x2, 0xf8,
    0x0, 0x6, 0xf6, 0x9f, 0x5f, 0x70, 0xc, 0x7e,
    0xb0, 0x0, 0x7f, 0x5e, 0xc2, 0xfa, 0x3, 0xf8,
    0xbe, 0x0, 0x9, 0xf4, 0xd7, 0xd, 0xfa, 0xef,
    0x28, 0xf0, 0x0, 0xaf, 0x10, 0x0, 0x3e, 0xff,
    0x60, 0x20, 0x0, 0x0, 0x0, 0x0, 0x0, 0x2,
    0x0, 0x0, 0x0, 0x0,

    /* U+5FC3 "心" */
    0x0, 0x0, 0x0, 0x0, 0x4, 0x0, 0x0, 0x0,
    0x0, 0x0, 0x0, 0x0, 0xa, 0xf4, 0x0, 0x0,
    0x0, 0x0, 0x0, 0x0, 0x0, 0x5f, 0x90, 0x0,
    0x0, 0x0, 0x0, 0x0, 0x0, 0x0, 0xfe, 0x0,
    0x0, 0x0, 0x0, 0x0, 0x0, 0x14, 0x2b, 0xf3,
    0x0, 0x0, 0x0, 0x0, 0x0, 0x8, 0xf8, 0x7f,
    0x70, 0x0, 0x0, 0x0, 0x0, 0x10, 0x9f, 0x63,
    0xfb, 0x0, 0x10, 0x0, 0x0, 0x5f, 0x9b, 0xf4,
    0xf, 0xe1, 0xfc, 0x0, 0x0, 0x8, 0xf7, 0xdf,
    0x20, 0xdf, 0x1f, 0xf0, 0x0, 0x0, 0xbf, 0x4f,
    0xf0, 0xa, 0xf4, 0xcf, 0x20, 0x0, 0xe, 0xf2,
    0xfe, 0x0, 0x57, 0x19, 0xf5, 0x0, 0x1, 0xfe,
    0x3f, 0xc0, 0x0, 0x0, 0x7f, 0x70, 0x0, 0x5f,
    0xb5, 0xfa, 0x0, 0x0, 0x5, 0xf9, 0x0, 0x9,
    0xf8, 0x7f, 0x80, 0x0, 0x0, 0x3f, 0xb0, 0x0,
    0xdf, 0x39, 0xf6, 0x0, 0x0, 0x2, 0xfc, 0x0,
    0x1f, 0xf0, 0xaf, 0x50, 0x0, 0x7c, 0x5f, 0xd0,
    0x6, 0xfb, 0xc, 0xf3, 0x0, 0xb, 0xf4, 0xfe,
    0x0, 0xcf, 0x50, 0xcf, 0x30, 0x0, 0xef, 0x1f,
    0xf0, 0x2f, 0xf0, 0xb, 0xf4, 0x0, 0x4f, 0xc0,
    0xff, 0x2, 0xa9, 0x0, 0x9f, 0xb1, 0x3e, 0xf5,
    0xe, 0xd0, 0x0, 0x0, 0x2, 0xff, 0xff, 0xfc,
    0x0, 0x0, 0x0, 0x0, 0x0, 0x4, 0xdf, 0xe9,
    0x0, 0x0, 0x0,

    /* U+5FC5 "必" */
    0x0, 0x0, 0x0, 0x0, 0x20, 0x0, 0x0, 0x0,
    0x0, 0x0, 0x0, 0x0, 0x4f, 0xa0, 0x0, 0x4,
    0x0, 0x0, 0x0, 0x0, 0x0, 0xdf, 0x70, 0x3,
    0xfc, 0x0, 0x0, 0x0, 0x0, 0x2, 0xff, 0x20,
    0x9f, 0x70, 0x0, 0x0, 0x0, 0x14, 0x26, 0xfc,
    0xe, 0xf1, 0x0, 0x0, 0x0, 0x8, 0xf8, 0xc,
    0x75, 0xfb, 0x0, 0x0, 0x0, 0x0, 0x9f, 0x60,
    0x0, 0xdf, 0x40, 0x0, 0x0, 0x6e, 0x6b, 0xf4,
    0x0, 0x4f, 0xd0, 0x0, 0x0, 0x9, 0xf5, 0xdf,
    0x20, 0xc, 0xf5, 0x0, 0x0, 0x0, 0xdf, 0x2f,
    0xf0, 0x5, 0xfd, 0x26, 0x20, 0x0, 0xf, 0xf1,
    0xfe, 0x0, 0xef, 0x47, 0xf6, 0x0, 0x3, 0xfc,
    0x3f, 0xc0, 0x8f, 0xb0, 0x6f, 0x80, 0x0, 0x8f,
    0x85, 0xfa, 0x4f, 0xf1, 0x4, 0xfa, 0x0, 0xd,
    0xf4, 0x7f, 0xae, 0xf6, 0x0, 0x2f, 0xb0, 0x2,
    0xff, 0x9, 0xff, 0xfa, 0x0, 0x1, 0xfd, 0x0,
    0x5f, 0xa0, 0xaf, 0xfd, 0x0, 0x7c, 0x4f, 0xe0,
    0x0, 0x12, 0xd, 0xfe, 0x10, 0xb, 0xf4, 0xff,
    0x0, 0x0, 0x1c, 0xff, 0x40, 0x0, 0xef, 0x1e,
    0xf0, 0x0, 0x4e, 0xff, 0xf4, 0x0, 0x5f, 0xc0,
    0xdf, 0x11, 0xaf, 0xfa, 0xaf, 0xb1, 0x3e, 0xf5,
    0x5, 0x30, 0x1f, 0xe6, 0x3, 0xff, 0xff, 0xfb,
    0x0, 0x0, 0x0, 0x41, 0x0, 0x5, 0xcf, 0xe9,
    0x0, 0x0, 0x0,

    /* U+5FD7 "志" */
    0x0, 0x0, 0x0, 0x0, 0x8, 0xf8, 0x0, 0x0,
    0x0, 0x0, 0x0, 0x0, 0x0, 0xa, 0xf6, 0x0,
    0x0, 0x0, 0x0, 0x0, 0x0, 0x0, 0xb, 0xf5,
    0x0, 0x0, 0x0, 0x0, 0x1, 0x22, 0x22, 0x2d,
    0xf5, 0x22, 0x22, 0x20, 0x0, 0xe, 0xff, 0xff,
    0xff, 0xff, 0xff, 0xff, 0xf0, 0x0, 0xe, 0xee,
    0xee, 0xef, 0xfe, 0xee, 0xee, 0xd0, 0x0, 0x0,
    0x0, 0x0, 0x2f, 0xe0, 0x0, 0x0, 0x0, 0x0,
    0x0, 0x0, 0x0, 0x3f, 0xc0, 0x0, 0x0, 0x0,
    0x0, 0x0, 0x11, 0x11, 0x6f, 0xb1, 0x11, 0x10,
    0x0, 0x0, 0xb, 0xff, 0xff, 0xff, 0xff, 0xff,
    0xfa, 0x0, 0x0, 0xb, 0xff, 0xff, 0xff, 0xff,
    0xff, 0xf8, 0x0, 0x0, 0x0, 0x0, 0x0, 0x0,
    0x0, 0x0, 0x0, 0x0, 0x0, 0x0, 0x0, 0x6,
    0xf3, 0x0, 0x0, 0x0, 0x0, 0x0, 0x2, 0x0,
    0x4, 0xfa, 0x0, 0x0, 0x0, 0x0, 0x0, 0x5f,
    0x74, 0x50, 0xdf, 0x10, 0x1c, 0xb0, 0x0, 0x0,
    0x8f, 0x4e, 0xf0, 0x8f, 0x60, 0xd, 0xf1, 0x0,
    0x0, 0xdf, 0xf, 0xe0, 0x3c, 0x42, 0x29, 0xf5,
    0x0, 0x2, 0xfb, 0xf, 0xf0, 0x0, 0xb, 0xf8,
    0xf9, 0x0, 0x8, 0xf6, 0xd, 0xf3, 0x0, 0x1f,
    0xf2, 0xfc, 0x0, 0xf, 0xf1, 0x9, 0xfb, 0x11,
    0xbf, 0xa0, 0xef, 0x0, 0x1a, 0x90, 0x2, 0xff,
    0xff, 0xfe, 0x10, 0xbb, 0x10, 0x0, 0x0, 0x0,
    0x3c, 0xff, 0xb2, 0x0, 0x0, 0x0,

    /* U+5FEB "快" */
    0x0, 0x0, 0x3f, 0x90, 0x0, 0x2f, 0xc0, 0x0,
    0x0, 0x0, 0x5, 0xf7, 0x0, 0x3, 0xfa, 0x0,
    0x0, 0x0, 0x0, 0x7f, 0x60, 0x0, 0x5f, 0x90,
    0x0, 0x0, 0x0, 0x8, 0xf4, 0x1, 0x17, 0xf9,
    0x10, 0x0, 0x0, 0x0, 0xaf, 0x32, 0xff, 0xff,
    0xff, 0xfa, 0x0, 0x6, 0xcc, 0xf1, 0x3d, 0xde,
    0xfe, 0xdf, 0xf0, 0x0, 0x9e, 0xdf, 0xb1, 0x0,
    0xaf, 0x30, 0xee, 0x0, 0xd, 0xbf, 0xff, 0xd0,
    0xc, 0xf2, 0xf, 0xc0, 0x0, 0xf8, 0xfc, 0x57,
    0x0, 0xef, 0x2, 0xfa, 0x0, 0x5f, 0x6f, 0xb0,
    0x0, 0xf, 0xe0, 0x3f, 0x90, 0x9, 0xf4, 0xf9,
    0x0, 0x3, 0xfc, 0x5, 0xf8, 0x0, 0xeb, 0x6f,
    0x7b, 0xff, 0xff, 0xff, 0xff, 0xf8, 0x5, 0x47,
    0xf6, 0xad, 0xdf, 0xff, 0xed, 0xdd, 0x60, 0x0,
    0x9f, 0x40, 0x0, 0xef, 0xfa, 0x0, 0x0, 0x0,
    0xa, 0xf2, 0x0, 0x3f, 0xdf, 0xd0, 0x0, 0x0,
    0x0, 0xcf, 0x10, 0x9, 0xf8, 0xcf, 0x10, 0x0,
    0x0, 0xe, 0xf0, 0x1, 0xff, 0x28, 0xf7, 0x0,
    0x0, 0x0, 0xfd, 0x0, 0x9f, 0xa0, 0x2f, 0xd0,
    0x0, 0x0, 0x1f, 0xb0, 0x3f, 0xf2, 0x0, 0xcf,
    0x70, 0x0, 0x3, 0xfa, 0x1d, 0xf8, 0x0, 0x3,
    0xff, 0x20, 0x0, 0x4f, 0x8c, 0xfc, 0x0, 0x0,
    0x9, 0xfd, 0x0, 0x6, 0xf6, 0x7d, 0x10, 0x0,
    0x0, 0xc, 0x70, 0x0, 0x0, 0x0, 0x0, 0x0,
    0x0, 0x0, 0x0, 0x0,

    /* U+5FFD "忽" */
    0x0, 0x0, 0x0, 0x30, 0x0, 0x0, 0x0, 0x0,
    0x0, 0x0, 0x6, 0xf9, 0x0, 0x0, 0x0, 0x0,
    0x0, 0x0, 0xb, 0xf5, 0x0, 0x0, 0x0, 0x0,
    0x0, 0x0, 0x2f, 0xff, 0xff, 0xff, 0xff, 0xf6,
    0x0, 0x0, 0x9f, 0xcb, 0xfd, 0xbf, 0xdb, 0xfb,
    0x0, 0x3, 0xfe, 0x16, 0xf6, 0x6f, 0x53, 0xf9,
    0x0, 0xd, 0xf6, 0xc, 0xf1, 0xaf, 0x15, 0xf7,
    0x0, 0xbf, 0xa0, 0x6f, 0x90, 0xed, 0x8, 0xf5,
    0x0, 0x3b, 0x3, 0xfe, 0x16, 0xf6, 0xa, 0xf2,
    0x0, 0x0, 0x4f, 0xf3, 0x2f, 0xe0, 0xc, 0xf0,
    0x0, 0x9, 0xfe, 0x32, 0xef, 0x67, 0x1f, 0xd0,
    0x0, 0x1e, 0xc2, 0x5f, 0xf5, 0x9f, 0xff, 0x70,
    0x0, 0x2, 0x0, 0x7e, 0x30, 0xa, 0xd9, 0x0,
    0x0, 0x0, 0x0, 0x0, 0x20, 0x0, 0x0, 0x0,
    0x0, 0x69, 0x20, 0x9, 0xf3, 0x0, 0x6, 0x40,
    0x0, 0xbf, 0x59, 0x63, 0xfe, 0x10, 0x4f, 0xb0,
    0x0, 0xfe, 0x4f, 0xb0, 0x7f, 0x50, 0xe, 0xf0,
    0x5, 0xf9, 0x4f, 0xb0, 0x4, 0xb, 0x89, 0xf4,
    0xb, 0xf4, 0x1f, 0xe0, 0x0, 0x3f, 0xb5, 0xf8,
    0x3f, 0xd0, 0xc, 0xf8, 0x2, 0xdf, 0x62, 0xfb,
    0x2c, 0x60, 0x4, 0xff, 0xff, 0xfc, 0x0, 0xfa,
    0x0, 0x0, 0x0, 0x4c, 0xfe, 0x91, 0x0, 0x0,

    /* U+6001 "态" */
    0x0, 0x0, 0x0, 0x0, 0xf, 0xf0, 0x0, 0x0,
    0x0, 0x0, 0x0, 0x0, 0x0, 0xff, 0x0, 0x0,
    0x0, 0x0, 0x0, 0x0, 0x0, 0x2f, 0xd0, 0x0,
    0x0, 0x0, 0x0, 0xae, 0xee, 0xee, 0xff, 0xee,
    0xee, 0xed, 0x0, 0xd, 0xff, 0xff, 0xff, 0xff,
    0xff, 0xff, 0xd0, 0x0, 0x0, 0x0, 0x1f, 0xff,
    0x60, 0x0, 0x0, 0x0, 0x0, 0x0, 0x8, 0xfc,
    0xfc, 0x0, 0x0, 0x0, 0x0, 0x0, 0x2, 0xff,
    0x1c, 0xf4, 0x0, 0x0, 0x0, 0x0, 0x0, 0xdf,
    0x70, 0x4f, 0xd0, 0x0, 0x0, 0x0, 0x0, 0xcf,
    0xf4, 0x0, 0xaf, 0x90, 0x0, 0x0, 0x2, 0xcf,
    0xef, 0xf3, 0x1, 0xef, 0x80, 0x0, 0x7, 0xff,
    0xc1, 0x5f, 0xb0, 0x2, 0xff, 0xa0, 0x1, 0xef,
    0x90, 0x0, 0x61, 0x0, 0x3, 0xee, 0x10, 0x3,
    0x30, 0x0, 0x6, 0x0, 0x0, 0x2, 0x30, 0x0,
    0x34, 0x0, 0x9, 0xf8, 0x0, 0x1, 0x30, 0x0,
    0xb, 0xf3, 0xb9, 0xd, 0xf3, 0x1, 0xfe, 0x0,
    0x0, 0xfe, 0x1f, 0xc0, 0x3f, 0x70, 0xb, 0xf3,
    0x0, 0x4f, 0xa1, 0xfd, 0x0, 0x20, 0xca, 0x7f,
    0x70, 0xa, 0xf6, 0xf, 0xf0, 0x0, 0x3f, 0xd3,
    0xfb, 0x1, 0xff, 0x0, 0xbf, 0x80, 0x2c, 0xf7,
    0xf, 0xe0, 0x1a, 0x90, 0x4, 0xff, 0xff, 0xfd,
    0x0, 0xcc, 0x10, 0x0, 0x0, 0x5, 0xcf, 0xea,
    0x10, 0x0, 0x0,

    /* U+6020 "怠" */
    0x0, 0x0, 0x0, 0x0, 0x50, 0x0, 0x0, 0x0,
    0x0, 0x0, 0x0, 0x0, 0x5f, 0xd0, 0x1, 0x20,
    0x0, 0x0, 0x0, 0x0, 0x4f, 0xf3, 0x1, 0xed,
    0x0, 0x0, 0x0, 0x0, 0x5f, 0xe3, 0x0, 0xa,
    0xfa, 0x0, 0x0, 0x2, 0x8f, 0xf6, 0x45, 0x67,
    0x9f, 0xf6, 0x0, 0x0, 0xdf, 0xff, 0xff, 0xff,
    0xff, 0xff, 0xf1, 0x0, 0x9, 0xba, 0x98, 0x76,
    0x54, 0x21, 0x8f, 0x70, 0x0, 0x0, 0x0, 0x0,
    0x0, 0x0, 0x0, 0x40, 0x0, 0x0, 0xef, 0xff,
    0xff, 0xff, 0xfe, 0x70, 0x0, 0x0, 0x1f, 0xfd,
    0xdd, 0xdd, 0xdd, 0xfe, 0x0, 0x0, 0x3, 0xfd,
    0x0, 0x0, 0x0, 0x2f, 0xd0, 0x0, 0x0, 0x4f,
    0xb0, 0x0, 0x0, 0x4, 0xfb, 0x0, 0x0, 0x6,
    0xfe, 0xdd, 0xdd, 0xdd, 0xef, 0xa0, 0x0, 0x0,
    0x8f, 0xff, 0xff, 0xff, 0xff, 0xf8, 0x0, 0x0,
    0x0, 0x0, 0x1, 0x60, 0x0, 0x0, 0x0, 0x0,
    0x5, 0x50, 0x0, 0xaf, 0x60, 0x0, 0x25, 0x0,
    0x0, 0xdf, 0x4e, 0x91, 0xef, 0x30, 0xf, 0xe0,
    0x0, 0x2f, 0xc4, 0xf9, 0x4, 0xc2, 0x41, 0xaf,
    0x40, 0x8, 0xf7, 0x3f, 0xc0, 0x0, 0x1f, 0xe5,
    0xf9, 0x1, 0xff, 0x10, 0xef, 0x40, 0x1b, 0xf8,
    0x1f, 0xd0, 0x1b, 0x90, 0x7, 0xff, 0xef, 0xfd,
    0x0, 0xdd, 0x0, 0x0, 0x0, 0x6, 0xdf, 0xea,
    0x10, 0x1, 0x0,

    /* U+6025 "急" */
    0x0, 0x0, 0x0, 0x25, 0x0, 0x0, 0x0, 0x0,
    0x0, 0x0, 0x0, 0xb, 0xf6, 0x0, 0x0, 0x0,
    0x0, 0x0, 0x0, 0x8, 0xff, 0xaa, 0xaa, 0xa3,
    0x0, 0x0, 0x0, 0x6, 0xff, 0xff, 0xff, 0xff,
    0x90, 0x0, 0x0, 0x7, 0xff, 0x40, 0x0, 0x3f,
    0xf2, 0x0, 0x0, 0xb, 0xff, 0x40, 0x0, 0x1d,
    0xf6, 0x0, 0x0, 0x0, 0x9e, 0xff, 0xff, 0xff,
    0xff, 0xff, 0xc0, 0x0, 0x1, 0x2c, 0xcc, 0xcc,
    0xcc, 0xcc, 0xef, 0x30, 0x0, 0x0, 0x0, 0x0,
    0x0, 0x0, 0xc, 0xf2, 0x0, 0x0, 0xa, 0xbb,
    0xbb, 0xbb, 0xbb, 0xff, 0x0, 0x0, 0x0, 0xff,
    0xff, 0xff, 0xff, 0xff, 0xf0, 0x0, 0x0, 0x0,
    0x0, 0x0, 0x0, 0x1, 0xfd, 0x0, 0x0, 0x2b,
    0xbb, 0xbb, 0xbb, 0xbb, 0xcf, 0xb0, 0x0, 0x5,
    0xff, 0xff, 0xff, 0xff, 0xff, 0xf9, 0x0, 0x0,
    0x1, 0x11, 0x11, 0x51, 0x11, 0x11, 0x0, 0x0,
    0x3, 0x30, 0x0, 0xaf, 0x40, 0x0, 0x14, 0x0,
    0x0, 0xcf, 0x5c, 0x72, 0xfe, 0x10, 0xf, 0xe0,
    0x0, 0x2f, 0xc4, 0xf9, 0x7, 0xd2, 0x30, 0xbf,
    0x40, 0x8, 0xf7, 0x3f, 0xb0, 0x1, 0x1f, 0xe5,
    0xf9, 0x1, 0xff, 0x10, 0xff, 0x30, 0xb, 0xf8,
    0x1f, 0xd0, 0x2c, 0x90, 0x8, 0xff, 0xef, 0xfd,
    0x0, 0xdd, 0x0, 0x0, 0x0, 0x7, 0xdf, 0xea,
    0x10, 0x1, 0x0,

    /* U+603B "总" */
    0x0, 0x0, 0x0, 0x20, 0x0, 0x0, 0x0, 0x0,
    0x0, 0x0, 0x0, 0x8f, 0x50, 0x0, 0x9, 0xe5,
    0x0, 0x0, 0x0, 0x3, 0xfc, 0x0, 0x1, 0xff,
    0x30, 0x0, 0x0, 0x0, 0xb, 0xf2, 0x0, 0x9f,
    0xa0, 0x0, 0x0, 0x0, 0x11, 0x55, 0x11, 0x3f,
    0xf2, 0x0, 0x0, 0x0, 0xc, 0xff, 0xff, 0xff,
    0xff, 0xfc, 0x0, 0x0, 0x0, 0xef, 0xcc, 0xcc,
    0xcc, 0xcf, 0xf1, 0x0, 0x0, 0xf, 0xe0, 0x0,
    0x0, 0x0, 0xff, 0x0, 0x0, 0x1, 0xfc, 0x0,
    0x0, 0x0, 0xf, 0xe0, 0x0, 0x0, 0x3f, 0xb0,
    0x0, 0x0, 0x2, 0xfc, 0x0, 0x0, 0x5, 0xfa,
    0x22, 0x22, 0x22, 0x6f, 0xa0, 0x0, 0x0, 0x6f,
    0xff, 0xff, 0xff, 0xff, 0xf9, 0x0, 0x0, 0x6,
    0xbb, 0xbb, 0xbb, 0xbb, 0xbb, 0x50, 0x0, 0x0,
    0x0, 0x0, 0x7, 0x0, 0x0, 0x0, 0x0, 0x0,
    0x35, 0x10, 0x8, 0xfa, 0x0, 0x2, 0x40, 0x0,
    0xb, 0xf3, 0xca, 0xb, 0xf6, 0x1, 0xfe, 0x0,
    0x0, 0xfe, 0x1f, 0xd0, 0x1e, 0x80, 0xb, 0xf3,
    0x0, 0x4f, 0xa0, 0xfe, 0x0, 0x10, 0xdb, 0x6f,
    0x70, 0xa, 0xf5, 0xf, 0xf1, 0x0, 0x3f, 0xd2,
    0xfb, 0x1, 0xff, 0x0, 0xbf, 0x90, 0x2d, 0xf7,
    0xf, 0xe0, 0x1a, 0x80, 0x3, 0xff, 0xff, 0xfd,
    0x0, 0xbb, 0x10, 0x0, 0x0, 0x4, 0xcf, 0xea,
    0x10, 0x0, 0x0,

    /* U+6062 "恢" */
    0x0, 0x0, 0x0, 0x0, 0x0, 0x0, 0x0, 0x0,
    0x0, 0x0, 0xf, 0xb0, 0x7, 0xf3, 0x0, 0x0,
    0x0, 0x0, 0x2, 0xfa, 0x0, 0x9f, 0x10, 0x0,
    0x0, 0x0, 0x0, 0x4f, 0x80, 0xb, 0xf1, 0x0,
    0x0, 0x0, 0x0, 0x5, 0xf7, 0xcf, 0xff, 0xff,
    0xff, 0xff, 0x20, 0x0, 0x7f, 0x5b, 0xdf, 0xfd,
    0xdd, 0xdd, 0xd0, 0x4, 0xfc, 0xf5, 0x3, 0xf7,
    0x0, 0x0, 0x0, 0x0, 0x7f, 0xbf, 0xf7, 0x7f,
    0x40, 0xaf, 0x10, 0x0, 0xa, 0xdc, 0xfd, 0xba,
    0xf7, 0xc, 0xf0, 0x51, 0x0, 0xea, 0xef, 0x2,
    0xef, 0xf2, 0xed, 0x1f, 0x70, 0x2f, 0x6f, 0xd0,
    0x2f, 0xdf, 0x3f, 0xb4, 0xf3, 0x7, 0xf3, 0xfb,
    0x7, 0xf9, 0xf5, 0xfa, 0x9f, 0x0, 0xbd, 0x3f,
    0xa0, 0xcf, 0x5f, 0x8f, 0xae, 0xa0, 0x1, 0x34,
    0xf8, 0x2f, 0xb3, 0xaa, 0xfb, 0xc4, 0x0, 0x0,
    0x6f, 0x67, 0xf5, 0x0, 0xef, 0xb0, 0x0, 0x0,
    0x7, 0xf5, 0xee, 0x0, 0x4f, 0xfd, 0x0, 0x0,
    0x0, 0x9f, 0xaf, 0x80, 0xa, 0xfc, 0xf0, 0x0,
    0x0, 0xb, 0xfe, 0xf1, 0x2, 0xfd, 0x5f, 0x30,
    0x0, 0x0, 0xcf, 0x26, 0x0, 0xbf, 0x52, 0xf8,
    0x0, 0x0, 0xe, 0xe0, 0x0, 0x7f, 0xc0, 0xe,
    0xd0, 0x0, 0x0, 0xfc, 0x0, 0x5f, 0xf2, 0x0,
    0x9f, 0x40, 0x0, 0x1f, 0xa0, 0x4f, 0xf5, 0x0,
    0x2, 0xfc, 0x0, 0x3, 0xf9, 0x0, 0xb4, 0x0,
    0x0, 0x9, 0x40, 0x0, 0x0, 0x0, 0x0, 0x0,
    0x0, 0x0, 0x0, 0x0,

    /* U+606F "息" */
    0x0, 0x0, 0x0, 0x0, 0x6, 0x71, 0x0, 0x0,
    0x0, 0x0, 0x0, 0x0, 0x0, 0xef, 0x10, 0x0,
    0x0, 0x0, 0x0, 0x3b, 0xbb, 0xcf, 0xfb, 0xba,
    0x60, 0x0, 0x0, 0x6, 0xff, 0xff, 0xff, 0xff,
    0xff, 0x20, 0x0, 0x0, 0x8f, 0x70, 0x0, 0x0,
    0xd, 0xf2, 0x0, 0x0, 0x9, 0xfc, 0xaa, 0xaa,
    0xaa, 0xff, 0x0, 0x0, 0x0, 0xbf, 0xff, 0xff,
    0xff, 0xff, 0xf0, 0x0, 0x0, 0xd, 0xf3, 0x0,
    0x0, 0x3, 0xfd, 0x0, 0x0, 0x0, 0xef, 0x20,
    0x0, 0x0, 0x4f, 0xb0, 0x0, 0x0, 0xf, 0xff,
    0xff, 0xff, 0xff, 0xfa, 0x0, 0x0, 0x2, 0xfe,
    0x99, 0x99, 0x99, 0xcf, 0x80, 0x0, 0x0, 0x4f,
    0xc0, 0x0, 0x0, 0x9, 0xf6, 0x0, 0x0, 0x5,
    0xff, 0xff, 0xff, 0xff, 0xff, 0x50, 0x0, 0x0,
    0x4b, 0xbb, 0xbb, 0xbb, 0xbb, 0xb2, 0x0, 0x0,
    0x0, 0x0, 0x0, 0x60, 0x0, 0x0, 0x0, 0x0,
    0x5, 0x40, 0x0, 0xaf, 0x70, 0x0, 0x24, 0x0,
    0x0, 0xef, 0x4d, 0x71, 0xef, 0x30, 0x1f, 0xd0,
    0x0, 0x3f, 0xb4, 0xf9, 0x4, 0xd2, 0x41, 0xcf,
    0x30, 0xa, 0xf6, 0x3f, 0xb0, 0x0, 0x2f, 0xc6,
    0xf8, 0x1, 0xfe, 0x0, 0xff, 0x40, 0x1c, 0xf7,
    0x2f, 0xc0, 0x2c, 0x80, 0x8, 0xff, 0xef, 0xfc,
    0x0, 0xec, 0x0, 0x0, 0x0, 0x7, 0xdf, 0xe9,
    0x10, 0x1, 0x0,

    /* U+60AC "悬" */
    0x0, 0x0, 0xa, 0xff, 0xff, 0xff, 0xff, 0xd2,
    0x0, 0x0, 0x0, 0xcf, 0xcc, 0xcc, 0xcc, 0xef,
    0x60, 0x0, 0x0, 0xe, 0xf0, 0x0, 0x0, 0x9,
    0xf5, 0x0, 0x0, 0x0, 0xff, 0xff, 0xff, 0xff,
    0xff, 0x30, 0x0, 0x0, 0x1f, 0xea, 0xaa, 0xaa,
    0xaf, 0xf1, 0x0, 0x0, 0x3, 0xfb, 0x0, 0x0,
    0x0, 0xff, 0x0, 0x0, 0x0, 0x4f, 0xff, 0xff,
    0xff, 0xff, 0xe0, 0x0, 0x0, 0x6, 0xfc, 0xaa,
    0xaa, 0xab, 0xfc, 0x0, 0x0, 0x0, 0x8f, 0x60,
    0x0, 0x0, 0x4f, 0xa0, 0x0, 0x8, 0xff, 0xff,
    0xff, 0xff, 0xff, 0xff, 0xf5, 0x0, 0x7c, 0xcd,
    0xff, 0xcc, 0xcc, 0xcc, 0xcc, 0x30, 0x0, 0x0,
    0xcf, 0x60, 0x0, 0x2c, 0x80, 0x0, 0x0, 0x1,
    0xaf, 0xa4, 0x45, 0x79, 0xff, 0x40, 0x0, 0x4,
    0xff, 0xff, 0xff, 0xff, 0xff, 0xfe, 0x0, 0x0,
    0x2a, 0x98, 0x76, 0x64, 0x21, 0x9, 0xf4, 0x0,
    0x3, 0x10, 0x0, 0x7f, 0x30, 0x0, 0x25, 0x0,
    0x0, 0xef, 0x7d, 0x53, 0xfe, 0x0, 0xe, 0xf0,
    0x0, 0x5f, 0xa7, 0xf6, 0x8, 0xa1, 0x96, 0xaf,
    0x60, 0xe, 0xf3, 0x3f, 0xd1, 0x0, 0x8f, 0xb3,
    0xfc, 0x2, 0xdb, 0x0, 0xcf, 0xfd, 0xef, 0xe2,
    0xe, 0xe0, 0x0, 0x10, 0x0, 0x9e, 0xfd, 0x91,
    0x0, 0x30, 0x0,

    /* U+60C5 "情" */
    0x0, 0x0, 0x5f, 0x50, 0x0, 0xa, 0xf2, 0x0,
    0x0, 0x0, 0x0, 0x7f, 0x45, 0x99, 0x9d, 0xf9,
    0x99, 0x90, 0x0, 0x0, 0x9f, 0x2b, 0xff, 0xff,
    0xff, 0xff, 0xf0, 0x0, 0x0, 0xaf, 0x13, 0x44,
    0x4f, 0xe4, 0x44, 0x30, 0x0, 0x23, 0xcf, 0x1,
    0x99, 0x9f, 0xe9, 0x99, 0x10, 0x0, 0x9e, 0xef,
    0x44, 0xff, 0xff, 0xff, 0xff, 0x10, 0x0, 0xbc,
    0xff, 0xf5, 0x11, 0x4f, 0x91, 0x11, 0x0, 0x0,
    0xfa, 0xfb, 0xcb, 0xaa, 0xcf, 0xda, 0xaa, 0x60,
    0x2, 0xf9, 0xf9, 0x8f, 0xff, 0xff, 0xff, 0xff,
    0x80, 0x6, 0xf7, 0xf7, 0x0, 0x0, 0x0, 0x0,
    0x0, 0x0, 0xb, 0xe6, 0xf5, 0x5, 0xbb, 0xbb,
    0xbb, 0x91, 0x0, 0xf, 0xa8, 0xf4, 0x9, 0xff,
    0xff, 0xff, 0xf6, 0x0, 0x3, 0x29, 0xf2, 0xb,
    0xf1, 0x0, 0x7, 0xf5, 0x0, 0x0, 0xb, 0xf0,
    0xc, 0xff, 0xff, 0xff, 0xf4, 0x0, 0x0, 0xc,
    0xe0, 0xe, 0xf9, 0x99, 0x9e, 0xf2, 0x0, 0x0,
    0xe, 0xd0, 0xf, 0xc0, 0x0, 0xc, 0xf0, 0x0,
    0x0, 0xf, 0xb0, 0x1f, 0xff, 0xff, 0xff, 0xf0,
    0x0, 0x0, 0x1f, 0x90, 0x3f, 0xd9, 0x99, 0x9f,
    0xd0, 0x0, 0x0, 0x3f, 0x80, 0x5f, 0x70, 0x0,
    0x1f, 0xb0, 0x0, 0x0, 0x5f, 0x60, 0x6f, 0x63,
    0xb2, 0x4f, 0x90, 0x0, 0x0, 0x6f, 0x40, 0x8f,
    0x45, 0xfd, 0xdf, 0x40, 0x0, 0x0, 0x8f, 0x30,
    0xaf, 0x30, 0x8f, 0xf9, 0x0, 0x0, 0x0, 0x0,
    0x0, 0x0, 0x0, 0x0, 0x0, 0x0, 0x0,

    /* U+610F "意" */
    0x0, 0x0, 0x0, 0x0, 0xc, 0xf3, 0x0, 0x0,
    0x0, 0x0, 0x0, 0x0, 0x0, 0xd, 0xf1, 0x0,
    0x0, 0x0, 0x0, 0x6, 0xff, 0xff, 0xff, 0xff,
    0xff, 0xff, 0x80, 0x0, 0x5, 0xbc, 0xfe, 0xbb,
    0xbb, 0xff, 0xbb, 0x40, 0x0, 0x0, 0x3, 0xfb,
    0x0, 0x1, 0xfe, 0x0, 0x0, 0x0, 0xbb, 0xbc,
    0xff, 0xbb, 0xbc, 0xfe, 0xbb, 0xb3, 0x0, 0xff,
    0xff, 0xff, 0xff, 0xff, 0xff, 0xff, 0xf4, 0x0,
    0x0, 0x0, 0x0, 0x0, 0x0, 0x0, 0x0, 0x0,
    0x0, 0x0, 0xaf, 0xff, 0xff, 0xff, 0xfd, 0x30,
    0x0, 0x0, 0x0, 0xcf, 0xbb, 0xbb, 0xbb, 0xdf,
    0x90, 0x0, 0x0, 0x0, 0xef, 0x0, 0x0, 0x0,
    0x6f, 0x80, 0x0, 0x0, 0x0, 0xff, 0xff, 0xff,
    0xff, 0xff, 0x60, 0x0, 0x0, 0x2, 0xfd, 0x77,
    0x77, 0x77, 0xcf, 0x40, 0x0, 0x0, 0x4, 0xfa,
    0x0, 0x0, 0x0, 0xbf, 0x30, 0x0, 0x0, 0x5,
    0xff, 0xff, 0xff, 0xff, 0xff, 0x10, 0x0, 0x0,
    0x4, 0xaa, 0xab, 0xfa, 0xaa, 0xaa, 0x0, 0x0,
    0x0, 0x76, 0x12, 0x9, 0xf7, 0x0, 0x5, 0x70,
    0x0, 0x0, 0xfe, 0x6f, 0x70, 0xdf, 0x20, 0xe,
    0xf1, 0x0, 0x6, 0xf9, 0x6f, 0x80, 0x36, 0xc,
    0x89, 0xf7, 0x0, 0xe, 0xf2, 0x3f, 0xe1, 0x0,
    0x9f, 0xa3, 0xfc, 0x0, 0x2d, 0xa0, 0xb, 0xff,
    0xdf, 0xfe, 0x10, 0xee, 0x0, 0x0, 0x10, 0x0,
    0x8e, 0xfd, 0x91, 0x0, 0x20, 0x0,

    /* U+611F "感" */
    0x0, 0x0, 0x0, 0x0, 0x0, 0x2, 0xfa, 0x4c,
    0x0, 0x0, 0x0, 0x0, 0x0, 0x0, 0x3, 0xf9,
    0x5f, 0x40, 0x0, 0x3, 0xff, 0xff, 0xff, 0xff,
    0xff, 0xff, 0xf3, 0x0, 0x5, 0xfe, 0xdd, 0xdd,
    0xde, 0xfe, 0xdd, 0xd2, 0x0, 0x6, 0xf5, 0x0,
    0x0, 0x6, 0xf5, 0x1, 0x0, 0x0, 0x8, 0xf5,
    0xff, 0xff, 0xe7, 0xf4, 0x2f, 0x70, 0x0, 0xa,
    0xf4, 0xcc, 0xcc, 0xa8, 0xf3, 0x7f, 0x40, 0x0,
    0xc, 0xf0, 0x0, 0x0, 0x8, 0xf3, 0xde, 0x0,
    0x0, 0xf, 0xd4, 0xff, 0xff, 0x58, 0xf8, 0xf7,
    0x0, 0x0, 0x2f, 0xa5, 0xfa, 0x9f, 0x88, 0xff,
    0xe0, 0x0, 0x0, 0x6f, 0x67, 0xf2, 0x2f, 0x77,
    0xff, 0x5a, 0xa0, 0x0, 0xbf, 0x29, 0xfa, 0xbf,
    0x58, 0xfb, 0xe, 0xb0, 0x1, 0xfd, 0xa, 0xff,
    0xff, 0xcf, 0xfc, 0x4f, 0x80, 0x7, 0xf6, 0x0,
    0x0, 0xb, 0xfb, 0xdf, 0xff, 0x30, 0xb, 0xe0,
    0x0, 0x0, 0x15, 0x80, 0x3e, 0xf9, 0x0, 0x0,
    0x41, 0x0, 0x9, 0xf3, 0x0, 0x0, 0x30, 0x0,
    0x0, 0xcf, 0x4a, 0x53, 0xfd, 0x0, 0xe, 0xd0,
    0x0, 0x1, 0xfd, 0x4f, 0x80, 0x7e, 0x32, 0xc,
    0xf4, 0x0, 0x8, 0xf8, 0x3f, 0xb0, 0x1, 0xf,
    0xd6, 0xf9, 0x0, 0x1f, 0xf1, 0xf, 0xf3, 0x0,
    0xaf, 0x91, 0xfd, 0x0, 0x2c, 0x90, 0x8, 0xff,
    0xef, 0xfe, 0x10, 0xdd, 0x0, 0x0, 0x0, 0x0,
    0x7d, 0xfe, 0xa1, 0x0, 0x10, 0x0,

    /* U+6162 "慢" */
    0x0, 0x0, 0x6f, 0x40, 0x0, 0x0, 0x0, 0x0,
    0x0, 0x0, 0x8, 0xf3, 0x2f, 0xff, 0xff, 0xff,
    0xc0, 0x0, 0x0, 0x9f, 0x14, 0xfc, 0x99, 0x99,
    0xdf, 0x20, 0x0, 0xb, 0xf0, 0x5f, 0xa5, 0x55,
    0x5c, 0xf1, 0x0, 0x0, 0xce, 0x7, 0xff, 0xff,
    0xff, 0xff, 0x0, 0x7, 0xee, 0xe1, 0x8f, 0x63,
    0x33, 0x3e, 0xd0, 0x0, 0xad, 0xff, 0xea, 0xff,
    0xff, 0xff, 0xfc, 0x0, 0xd, 0xbf, 0xb7, 0x34,
    0x44, 0x44, 0x44, 0x30, 0x1, 0xfa, 0xf7, 0x7f,
    0xff, 0xff, 0xff, 0xfc, 0x0, 0x5f, 0x8f, 0x59,
    0xfa, 0xee, 0xaf, 0xbd, 0xf3, 0x9, 0xe6, 0xf4,
    0xbf, 0x1c, 0xa3, 0xf3, 0xaf, 0x20, 0xea, 0x8f,
    0x2d, 0xf7, 0xec, 0xaf, 0x8d, 0xf0, 0x1, 0x2a,
    0xf0, 0xef, 0xff, 0xff, 0xff, 0xff, 0x0, 0x0,
    0xbf, 0x2, 0x33, 0x33, 0x33, 0x32, 0x20, 0x0,
    0xd, 0xd4, 0xff, 0xff, 0xff, 0xff, 0xf6, 0x0,
    0x0, 0xfb, 0x4b, 0xff, 0xaa, 0xaa, 0xef, 0x90,
    0x0, 0xf, 0xa0, 0xd, 0xf4, 0x0, 0x7f, 0xe1,
    0x0, 0x2, 0xf8, 0x0, 0x4f, 0xe4, 0xaf, 0xe2,
    0x0, 0x0, 0x4f, 0x60, 0x0, 0x6f, 0xff, 0xc1,
    0x0, 0x0, 0x5, 0xf5, 0x3, 0x8e, 0xff, 0xfd,
    0x61, 0x0, 0x0, 0x7f, 0x5f, 0xff, 0xf9, 0x39,
    0xff, 0xfb, 0x0, 0x8, 0xf1, 0xca, 0x51, 0x0,
    0x2, 0x8d, 0x80,

    /* U+620F "戏" */
    0x0, 0x0, 0x0, 0x0, 0x0, 0x5f, 0x90, 0x43,
    0x0, 0x0, 0x0, 0x0, 0x0, 0x6, 0xf8, 0x3f,
    0xa0, 0x0, 0xb, 0xee, 0xec, 0x10, 0x7f, 0x70,
    0xdf, 0x0, 0x0, 0xef, 0xff, 0xf6, 0x8, 0xf6,
    0x8, 0xf4, 0x0, 0x0, 0x0, 0x8f, 0x50, 0x9f,
    0x50, 0x25, 0x0, 0x0, 0x0, 0xa, 0xf2, 0xa,
    0xf4, 0x24, 0x74, 0x0, 0x18, 0x30, 0xcf, 0x4a,
    0xef, 0xff, 0xff, 0x90, 0x1, 0xfa, 0xf, 0xc8,
    0xff, 0xfd, 0xb9, 0x73, 0x0, 0xb, 0xf4, 0xf9,
    0x23, 0xdf, 0x10, 0x0, 0x0, 0x0, 0x6f, 0xcf,
    0x50, 0xd, 0xf1, 0x7, 0x20, 0x0, 0x0, 0xff,
    0xf0, 0x0, 0xdf, 0x2, 0xfc, 0x0, 0x0, 0xb,
    0xfc, 0x0, 0xe, 0xf0, 0x9f, 0x40, 0x0, 0x0,
    0x7f, 0x80, 0x0, 0xef, 0x2f, 0xc0, 0x0, 0x0,
    0xd, 0xfa, 0x0, 0xe, 0xfc, 0xf4, 0x0, 0x0,
    0x4, 0xff, 0xf0, 0x0, 0xdf, 0xf9, 0x0, 0x0,
    0x0, 0xcf, 0xbf, 0x40, 0xd, 0xfe, 0x0, 0x0,
    0x0, 0x4f, 0xc2, 0xf8, 0x1, 0xef, 0x40, 0x8e,
    0x10, 0x1e, 0xf4, 0xe, 0x90, 0xcf, 0xf2, 0xb,
    0xf0, 0x9, 0xfa, 0x0, 0x10, 0xbf, 0xff, 0x40,
    0xfc, 0x0, 0xdd, 0x0, 0x1, 0xcf, 0xb4, 0xfa,
    0x6f, 0x80, 0x1, 0x30, 0x0, 0x5f, 0xa0, 0xd,
    0xff, 0xf2, 0x0, 0x0, 0x0, 0x0, 0x40, 0x0,
    0x3d, 0xe5, 0x0,

    /* U+6210 "成" */
    0x0, 0x0, 0x0, 0x0, 0x0, 0x6f, 0x85, 0xd1,
    0x0, 0x0, 0x0, 0x0, 0x0, 0x8, 0xf7, 0x5f,
    0x50, 0x0, 0x0, 0x0, 0x0, 0x0, 0x9f, 0x61,
    0xf9, 0x0, 0x0, 0x0, 0x0, 0x0, 0xa, 0xf5,
    0x9, 0x40, 0x0, 0x0, 0xde, 0xee, 0xee, 0xff,
    0xee, 0xee, 0x80, 0x0, 0xf, 0xff, 0xff, 0xff,
    0xff, 0xff, 0xf8, 0x0, 0x1, 0xfd, 0x0, 0x0,
    0xbf, 0x40, 0x0, 0x0, 0x0, 0x3f, 0xb0, 0x0,
    0xb, 0xf3, 0x0, 0x0, 0x0, 0x4, 0xf9, 0x0,
    0x0, 0xbf, 0x30, 0x21, 0x0, 0x0, 0x5f, 0xdb,
    0xa8, 0xb, 0xf3, 0xb, 0xf1, 0x0, 0x7, 0xff,
    0xff, 0xf6, 0xaf, 0x41, 0xfd, 0x0, 0x0, 0x9f,
    0x50, 0x7f, 0x69, 0xf5, 0x7f, 0x80, 0x0, 0xb,
    0xf2, 0x9, 0xf4, 0x9f, 0x6e, 0xf2, 0x0, 0x0,
    0xef, 0x0, 0xaf, 0x38, 0xfe, 0xfb, 0x0, 0x0,
    0x1f, 0xd0, 0xc, 0xf1, 0x7f, 0xff, 0x40, 0x0,
    0x4, 0xfa, 0x0, 0xdf, 0x5, 0xff, 0xb0, 0x0,
    0x0, 0x8f, 0x60, 0xf, 0xe0, 0x6f, 0xf2, 0x18,
    0x30, 0xd, 0xf2, 0x0, 0xfc, 0x4f, 0xfe, 0x3,
    0xf8, 0x2, 0xfd, 0x0, 0x2f, 0xbe, 0xff, 0xf2,
    0x6f, 0x60, 0x8f, 0x89, 0x84, 0xf9, 0x69, 0xaf,
    0xab, 0xf3, 0x1f, 0xf2, 0xcf, 0xff, 0x40, 0x2,
    0xff, 0xfe, 0x6, 0xfa, 0x2, 0xdf, 0x80, 0x0,
    0x5, 0xee, 0x50, 0x4, 0x20, 0x0, 0x0, 0x0,
    0x0, 0x0, 0x0, 0x0,

    /* U+6216 "或" */
    0x0, 0x0, 0x0, 0x0, 0x5, 0xf9, 0x4d, 0x10,
    0x0, 0x0, 0x0, 0x0, 0x7, 0xf7, 0x4f, 0x60,
    0x0, 0x0, 0x0, 0x0, 0x8, 0xf6, 0xf, 0x90,
    0x0, 0x0, 0x0, 0x0, 0x9, 0xf5, 0x8, 0x40,
    0x7, 0xcc, 0xcc, 0xcc, 0xce, 0xfd, 0xcc, 0xcb,
    0xb, 0xff, 0xff, 0xff, 0xff, 0xff, 0xff, 0xfc,
    0x0, 0x0, 0x0, 0x0, 0xb, 0xf3, 0x0, 0x0,
    0x0, 0x0, 0x0, 0x0, 0xb, 0xf3, 0x0, 0x0,
    0x0, 0x9f, 0xff, 0xfc, 0xb, 0xf3, 0x0, 0x0,
    0x0, 0xbf, 0xbb, 0xef, 0x2b, 0xf3, 0xd, 0x90,
    0x0, 0xdf, 0x0, 0xcf, 0x1a, 0xf3, 0x4f, 0x90,
    0x0, 0xed, 0x0, 0xdf, 0xa, 0xf4, 0xaf, 0x30,
    0x0, 0xfc, 0x0, 0xfd, 0x9, 0xf8, 0xfd, 0x0,
    0x2, 0xff, 0xff, 0xfb, 0x8, 0xff, 0xf6, 0x0,
    0x3, 0xbb, 0xbb, 0xb7, 0x7, 0xff, 0xd0, 0x0,
    0x0, 0x0, 0x0, 0x1, 0x5, 0xff, 0x30, 0x0,
    0x0, 0x1, 0x6b, 0xf8, 0x1d, 0xfc, 0x1, 0xf8,
    0x6a, 0xef, 0xff, 0xe9, 0xdf, 0xfe, 0x3, 0xf8,
    0xbf, 0xfd, 0x94, 0x2d, 0xfc, 0xcf, 0x25, 0xf6,
    0x34, 0x0, 0x5, 0xff, 0xc1, 0x6f, 0xa9, 0xf3,
    0x0, 0x0, 0xc, 0xfa, 0x0, 0xe, 0xff, 0xe0,
    0x0, 0x0, 0x3, 0x60, 0x0, 0x3, 0xde, 0x50,

    /* U+622A "截" */
    0x0, 0x0, 0x5, 0xf6, 0x0, 0x3c, 0x72, 0x50,
    0x0, 0x0, 0x7, 0xf4, 0x0, 0x5f, 0x8c, 0xf0,
    0x0, 0x5a, 0xad, 0xfb, 0xa7, 0x6f, 0x76, 0xf6,
    0x0, 0xbf, 0xff, 0xff, 0xfa, 0x8f, 0x51, 0xfa,
    0x0, 0x0, 0xb, 0xf0, 0x0, 0x9f, 0x40, 0xbb,
    0x0, 0x0, 0xd, 0xe0, 0x0, 0xaf, 0x30, 0x0,
    0x8, 0xff, 0xff, 0xff, 0xff, 0xff, 0xff, 0xfe,
    0x7, 0xcc, 0xcc, 0xcc, 0xcc, 0xff, 0xcc, 0xca,
    0x0, 0x17, 0x24, 0x50, 0x0, 0xdf, 0x0, 0x0,
    0x0, 0x7f, 0x49, 0xf0, 0x0, 0xef, 0x5, 0x81,
    0x0, 0xef, 0xac, 0xfb, 0x90, 0xee, 0xb, 0xf1,
    0xa, 0xff, 0xff, 0xff, 0xd0, 0xfd, 0xf, 0xc0,
    0x8f, 0xf4, 0xe, 0xa0, 0x0, 0xfd, 0x7f, 0x70,
    0xaf, 0xff, 0xff, 0xff, 0x80, 0xfc, 0xef, 0x10,
    0x29, 0xf8, 0x9f, 0xb8, 0x30, 0xff, 0xfa, 0x0,
    0xa, 0xf0, 0x3f, 0x50, 0x0, 0xff, 0xf5, 0x20,
    0xc, 0xff, 0xff, 0xff, 0x30, 0xff, 0xaa, 0xf0,
    0xd, 0xe8, 0xcf, 0x98, 0x13, 0xff, 0x2c, 0xd0,
    0xf, 0xa0, 0x8f, 0x0, 0x1e, 0xfe, 0xe, 0xa0,
    0xf, 0xff, 0xff, 0xfd, 0xcf, 0xff, 0x6f, 0x70,
    0x2f, 0xc9, 0x99, 0x9b, 0xfb, 0x6f, 0xff, 0x20,
    0x3f, 0x60, 0x0, 0x0, 0xa0, 0xa, 0xf7, 0x0,

    /* U+6240 "所" */
    0x0, 0x0, 0x0, 0x0, 0x20, 0x0, 0x0, 0x1,
    0x10, 0x0, 0x0, 0x49, 0xfd, 0x0, 0x3, 0x7c,
    0xf9, 0x0, 0x7, 0xff, 0xff, 0xd1, 0xaf, 0xff,
    0xff, 0xa0, 0x0, 0xaf, 0xea, 0x40, 0xe, 0xff,
    0xb7, 0x10, 0x0, 0xc, 0xf1, 0x0, 0x0, 0xfe,
    0x0, 0x0, 0x0, 0x0, 0xef, 0x0, 0x0, 0x1f,
    0xc0, 0x0, 0x0, 0x0, 0xf, 0xfc, 0xca, 0x13,
    0xfa, 0x0, 0x0, 0x0, 0x1, 0xff, 0xff, 0xf8,
    0x5f, 0xff, 0xff, 0xfc, 0x0, 0x3f, 0xb1, 0x5f,
    0x86, 0xfe, 0xdf, 0xfd, 0x80, 0x5, 0xf9, 0x5,
    0xf6, 0x8f, 0x50, 0xef, 0x0, 0x0, 0x6f, 0x70,
    0x7f, 0x5a, 0xf3, 0xf, 0xe0, 0x0, 0x8, 0xf5,
    0x8, 0xf3, 0xcf, 0x2, 0xfd, 0x0, 0x0, 0xaf,
    0x40, 0xaf, 0x1f, 0xe0, 0x3f, 0xb0, 0x0, 0xd,
    0xff, 0xff, 0xf2, 0xfb, 0x5, 0xf9, 0x0, 0x0,
    0xff, 0xcc, 0xcb, 0x5f, 0x80, 0x7f, 0x80, 0x0,
    0x2f, 0xb0, 0x0, 0x9, 0xf4, 0x8, 0xf6, 0x0,
    0x5, 0xf8, 0x0, 0x0, 0xef, 0x10, 0xaf, 0x40,
    0x0, 0x9f, 0x50, 0x0, 0x4f, 0xb0, 0xc, 0xf3,
    0x0, 0xd, 0xf1, 0x0, 0xa, 0xf6, 0x0, 0xdf,
    0x10, 0x2, 0xfc, 0x0, 0x2, 0xff, 0x0, 0xf,
    0xf0, 0x0, 0x8f, 0x70, 0x0, 0xbf, 0x70, 0x1,
    0xfe, 0x0, 0x9, 0xf1, 0x0, 0x6, 0xd0, 0x0,
    0x2f, 0xc0, 0x0, 0x0, 0x0, 0x0, 0x0, 0x0,
    0x0, 0x0, 0x0, 0x0,

    /* U+6247 "扇" */
    0x0, 0x0, 0x0, 0x0, 0xd, 0xf2, 0x0, 0x0,
    0x0, 0x0, 0x0, 0x0, 0x0, 0xef, 0x0, 0x0,
    0x0, 0x0, 0x8, 0xcc, 0xcc, 0xcf, 0xfc, 0xcc,
    0xcb, 0x20, 0x0, 0xbf, 0xff, 0xff, 0xff, 0xff,
    0xff, 0xfa, 0x0, 0xd, 0xf1, 0x0, 0x0, 0x0,
    0x0, 0x5f, 0x90, 0x0, 0xef, 0x0, 0x0, 0x0,
    0x0, 0x6, 0xf7, 0x0, 0xf, 0xfc, 0xcc, 0xcc,
    0xcc, 0xcc, 0xef, 0x60, 0x2, 0xff, 0xff, 0xff,
    0xff, 0xff, 0xff, 0xf4, 0x0, 0x3f, 0xb0, 0x0,
    0x0, 0x0, 0x0, 0x0, 0x0, 0x5, 0xf9, 0x1,
    0x10, 0x0, 0x11, 0x10, 0x0, 0x0, 0x7f, 0x7d,
    0xff, 0xfd, 0x3f, 0xff, 0xfd, 0x0, 0x9, 0xf5,
    0xbc, 0xce, 0xf6, 0xcc, 0xce, 0xf2, 0x0, 0xbf,
    0x35, 0x20, 0xaf, 0x16, 0x10, 0xaf, 0x10, 0xd,
    0xf2, 0xff, 0x3b, 0xf2, 0xfe, 0x2c, 0xf0, 0x0,
    0xfe, 0x3, 0xe3, 0xde, 0x3, 0xe3, 0xde, 0x0,
    0x2f, 0xc0, 0x1, 0x8f, 0xc0, 0x1, 0x8f, 0xc0,
    0x5, 0xf9, 0x5, 0xdf, 0xfb, 0x6, 0xdf, 0xfa,
    0x0, 0x9f, 0x7d, 0xfd, 0x6f, 0x9b, 0xfd, 0x7f,
    0x80, 0xd, 0xf1, 0x96, 0x3, 0xf7, 0x35, 0x4,
    0xf6, 0x2, 0xfd, 0x6, 0xd1, 0x7f, 0x46, 0xd0,
    0x8f, 0x40, 0x7f, 0x80, 0x5f, 0xef, 0xe0, 0x5f,
    0xef, 0xe0, 0x9, 0xf2, 0x0, 0x8e, 0xd4, 0x0,
    0x9e, 0xd4, 0x0, 0x2, 0x0, 0x0, 0x0, 0x0,
    0x0, 0x0, 0x0, 0x0,

    /* U+624B "手" */
    0x0, 0x0, 0x0, 0x0, 0x0, 0x0, 0x0, 0x21,
    0x0, 0x2, 0x34, 0x56, 0x78, 0xac, 0xef, 0xf6,
    0x0, 0x5f, 0xff, 0xff, 0xff, 0xff, 0xff, 0xd5,
    0x0, 0x4d, 0xdc, 0xba, 0xdf, 0xa3, 0x10, 0x0,
    0x0, 0x0, 0x0, 0x0, 0xaf, 0x60, 0x0, 0x0,
    0x0, 0x0, 0x0, 0x0, 0xcf, 0x50, 0x0, 0x0,
    0x0, 0x0, 0x0, 0x0, 0xdf, 0x40, 0x0, 0x0,
    0x0, 0x4f, 0xff, 0xff, 0xff, 0xff, 0xff, 0xd0,
    0x0, 0x6f, 0xff, 0xff, 0xff, 0xff, 0xff, 0xb0,
    0x0, 0x0, 0x0, 0x1, 0xff, 0x0, 0x0, 0x0,
    0x0, 0x0, 0x0, 0x3, 0xfe, 0x0, 0x0, 0x0,
    0x0, 0x0, 0x0, 0x4, 0xfc, 0x0, 0x0, 0x0,
    0x2f, 0xff, 0xff, 0xff, 0xff, 0xff, 0xff, 0xf7,
    0x4f, 0xff, 0xff, 0xff, 0xff, 0xff, 0xff, 0xf5,
    0x1, 0x11, 0x11, 0x19, 0xf8, 0x11, 0x11, 0x10,
    0x0, 0x0, 0x0, 0xa, 0xf7, 0x0, 0x0, 0x0,
    0x0, 0x0, 0x0, 0xc, 0xf5, 0x0, 0x0, 0x0,
    0x0, 0x0, 0x0, 0xd, 0xf4, 0x0, 0x0, 0x0,
    0x0, 0x1a, 0xb0, 0xf, 0xf2, 0x0, 0x0, 0x0,
    0x0, 0xf, 0xf5, 0x5f, 0xe0, 0x0, 0x0, 0x0,
    0x0, 0x8, 0xff, 0xff, 0x80, 0x0, 0x0, 0x0,
    0x0, 0x0, 0x8e, 0xfa, 0x0, 0x0, 0x0, 0x0,

    /* U+6253 "打" */
    0x0, 0x0, 0xd, 0xf0, 0x0, 0x0, 0x0, 0x0,
    0x0, 0x0, 0x0, 0xef, 0x0, 0x34, 0x44, 0x44,
    0x44, 0x0, 0x0, 0xf, 0xd0, 0xc, 0xff, 0xff,
    0xff, 0xc0, 0x0, 0x1, 0xfc, 0x0, 0xbd, 0xdf,
    0xfd, 0xd9, 0x0, 0x7d, 0xdf, 0xfd, 0x80, 0x0,
    0xdf, 0x20, 0x0, 0xa, 0xff, 0xff, 0xf9, 0x0,
    0xf, 0xf0, 0x0, 0x0, 0x12, 0x8f, 0x82, 0x10,
    0x0, 0xff, 0x0, 0x0, 0x0, 0x8, 0xf5, 0x0,
    0x0, 0x2f, 0xd0, 0x0, 0x0, 0x0, 0xaf, 0x40,
    0x0, 0x3, 0xfc, 0x0, 0x0, 0x0, 0xb, 0xf2,
    0x0, 0x0, 0x5f, 0xa0, 0x0, 0x0, 0x0, 0xdf,
    0x5b, 0x40, 0x6, 0xf9, 0x0, 0x0, 0x0, 0x1e,
    0xff, 0xf8, 0x0, 0x8f, 0x70, 0x0, 0x7, 0xcf,
    0xff, 0xd6, 0x0, 0x9, 0xf6, 0x0, 0x0, 0xff,
    0xff, 0xd0, 0x0, 0x0, 0xbf, 0x40, 0x0, 0x7,
    0x43, 0xfb, 0x0, 0x0, 0xc, 0xf3, 0x0, 0x0,
    0x0, 0x5f, 0x90, 0x0, 0x0, 0xdf, 0x20, 0x0,
    0x0, 0x6, 0xf8, 0x0, 0x0, 0xf, 0xf0, 0x0,
    0x0, 0x0, 0x8f, 0x60, 0x0, 0x0, 0xff, 0x0,
    0x0, 0x0, 0x9, 0xf4, 0x38, 0x40, 0x3f, 0xc0,
    0x0, 0x6, 0xf5, 0xcf, 0x25, 0xfb, 0x8, 0xf9,
    0x0, 0x0, 0x3f, 0xff, 0xe0, 0x1f, 0xfe, 0xff,
    0x20, 0x0, 0x0, 0x9e, 0xd3, 0x0, 0x5e, 0xfe,
    0x60, 0x0, 0x0, 0x0, 0x0, 0x0, 0x0, 0x1,
    0x0, 0x0, 0x0, 0x0,

    /* U+6263 "扣" */
    0x0, 0x0, 0xb, 0xf2, 0x0, 0x0, 0x0, 0x0,
    0x0, 0x0, 0x0, 0xcf, 0x10, 0x6f, 0xff, 0xff,
    0xe5, 0x0, 0x0, 0xe, 0xf0, 0x7, 0xff, 0xee,
    0xff, 0xc0, 0x0, 0x0, 0xfd, 0x0, 0x9f, 0x60,
    0x4, 0xfb, 0x0, 0x2f, 0xff, 0xff, 0x6b, 0xf5,
    0x0, 0x6f, 0xa0, 0x3, 0xde, 0xfe, 0xd3, 0xcf,
    0x30, 0x7, 0xf8, 0x0, 0x0, 0x5f, 0x80, 0xe,
    0xf2, 0x0, 0x9f, 0x60, 0x0, 0x7, 0xf7, 0x0,
    0xff, 0x0, 0xa, 0xf5, 0x0, 0x0, 0x9f, 0x50,
    0x1f, 0xe0, 0x0, 0xcf, 0x30, 0x0, 0xa, 0xf3,
    0x2, 0xfd, 0x0, 0xd, 0xf2, 0x0, 0x0, 0xcf,
    0xa7, 0x4f, 0xb0, 0x0, 0xff, 0x0, 0x0, 0x2e,
    0xff, 0xb6, 0xfa, 0x0, 0x1f, 0xe0, 0x3, 0xcf,
    0xff, 0x60, 0x7f, 0x80, 0x2, 0xfd, 0x0, 0x2f,
    0xff, 0xc0, 0x9, 0xf7, 0x0, 0x4f, 0xb0, 0x0,
    0x43, 0xfa, 0x0, 0xaf, 0x50, 0x5, 0xfa, 0x0,
    0x0, 0x5f, 0x90, 0xc, 0xf3, 0x0, 0x7f, 0x80,
    0x0, 0x7, 0xf7, 0x0, 0xdf, 0x20, 0x8, 0xf6,
    0x0, 0x0, 0x8f, 0x50, 0xf, 0xf0, 0x0, 0xaf,
    0x50, 0x0, 0xa, 0xf3, 0x1, 0xff, 0x0, 0xc,
    0xf3, 0x2, 0x92, 0xcf, 0x10, 0x2f, 0xd0, 0x0,
    0xdf, 0x10, 0x2f, 0xcf, 0xd0, 0x4, 0xff, 0xff,
    0xff, 0xf0, 0x0, 0x8e, 0xd3, 0x0, 0x5f, 0xff,
    0xff, 0xfe, 0x0, 0x0, 0x0, 0x0, 0x0, 0x0,
    0x0, 0x0, 0x0, 0x0,

    /* U+6267 "执" */
    0x0, 0x0, 0x2f, 0x90, 0x0, 0x9f, 0x30, 0x0,
    0x0, 0x0, 0x4, 0xf8, 0x0, 0xa, 0xf2, 0x0,
    0x0, 0x0, 0x0, 0x5f, 0x60, 0x0, 0xcf, 0x0,
    0x0, 0x0, 0x0, 0x7, 0xf5, 0x0, 0xd, 0xf0,
    0x0, 0x0, 0x0, 0x0, 0x8f, 0x40, 0x35, 0xfe,
    0x54, 0x20, 0x0, 0x3, 0xff, 0xff, 0x7c, 0xff,
    0xff, 0xff, 0x40, 0x0, 0x4d, 0xff, 0xd5, 0x8b,
    0xfd, 0xac, 0xf6, 0x0, 0x0, 0xd, 0xe0, 0x0,
    0x4f, 0x80, 0x8f, 0x40, 0x0, 0x0, 0xfd, 0x0,
    0x7, 0xf6, 0xb, 0xf2, 0x0, 0x0, 0x1f, 0xb0,
    0x13, 0x9f, 0x40, 0xdf, 0x0, 0x0, 0x2, 0xfa,
    0x4c, 0xfe, 0xf1, 0xf, 0xd0, 0x0, 0x0, 0x5f,
    0xfd, 0x4f, 0xfe, 0x1, 0xfb, 0x0, 0x4, 0xdf,
    0xfe, 0x80, 0x6f, 0xf3, 0x2f, 0x90, 0x0, 0x5f,
    0xef, 0x40, 0x7, 0xff, 0xe5, 0xf7, 0x0, 0x1,
    0x19, 0xf3, 0x0, 0xcf, 0xbf, 0xef, 0x50, 0x0,
    0x0, 0xbf, 0x10, 0x2f, 0xd0, 0xdd, 0xf3, 0x0,
    0x0, 0xd, 0xf0, 0x8, 0xf7, 0x1, 0x9f, 0x21,
    0x0, 0x0, 0xed, 0x0, 0xef, 0x10, 0xa, 0xf1,
    0xe7, 0x0, 0xf, 0xc0, 0x7f, 0xa0, 0x0, 0xbf,
    0x1f, 0x61, 0xf7, 0xfa, 0x2f, 0xf2, 0x0, 0xb,
    0xf5, 0xf3, 0xe, 0xff, 0x6b, 0xf9, 0x0, 0x0,
    0x9f, 0xfe, 0x0, 0x6e, 0xa0, 0x3b, 0x0, 0x0,
    0x2, 0xde, 0x40,

    /* U+6269 "扩" */
    0x0, 0x0, 0x1f, 0xc0, 0x0, 0x0, 0x8f, 0x60,
    0x0, 0x0, 0x2, 0xfb, 0x0, 0x0, 0xa, 0xf5,
    0x0, 0x0, 0x0, 0x4f, 0x90, 0x0, 0x0, 0xbf,
    0x30, 0x0, 0x0, 0x6, 0xf7, 0x2, 0xcc, 0xcf,
    0xfd, 0xcc, 0x0, 0x1d, 0xef, 0xec, 0x4f, 0xff,
    0xff, 0xff, 0xd0, 0x3, 0xff, 0xff, 0xc5, 0xfa,
    0x11, 0x11, 0x11, 0x0, 0x1, 0xbf, 0x30, 0x6f,
    0x80, 0x0, 0x0, 0x0, 0x0, 0xd, 0xf1, 0x7,
    0xf6, 0x0, 0x0, 0x0, 0x0, 0x0, 0xef, 0x0,
    0x9f, 0x50, 0x0, 0x0, 0x0, 0x0, 0xf, 0xe1,
    0xa, 0xf3, 0x0, 0x0, 0x0, 0x0, 0x2, 0xff,
    0xf2, 0xcf, 0x10, 0x0, 0x0, 0x0, 0x2, 0x9f,
    0xfe, 0x4f, 0xf0, 0x0, 0x0, 0x0, 0x5, 0xff,
    0xfb, 0x11, 0xfd, 0x0, 0x0, 0x0, 0x0, 0x3e,
    0xcf, 0x70, 0x3f, 0xa0, 0x0, 0x0, 0x0, 0x0,
    0x8, 0xf5, 0x7, 0xf7, 0x0, 0x0, 0x0, 0x0,
    0x0, 0xaf, 0x40, 0xbf, 0x40, 0x0, 0x0, 0x0,
    0x0, 0xc, 0xf2, 0xf, 0xf0, 0x0, 0x0, 0x0,
    0x0, 0x0, 0xdf, 0x15, 0xfa, 0x0, 0x0, 0x0,
    0x0, 0x0, 0xf, 0xf0, 0xcf, 0x50, 0x0, 0x0,
    0x0, 0x4, 0xf6, 0xfd, 0x3f, 0xe0, 0x0, 0x0,
    0x0, 0x0, 0x1f, 0xff, 0x9b, 0xf7, 0x0, 0x0,
    0x0, 0x0, 0x0, 0x7f, 0xc1, 0xae, 0x0, 0x0,
    0x0, 0x0, 0x0, 0x0, 0x0, 0x0, 0x10, 0x0,
    0x0, 0x0, 0x0, 0x0,

    /* U+626B "扫" */
    0x0, 0x0, 0xf, 0xe0, 0x0, 0x0, 0x0, 0x0,
    0x0, 0x0, 0x0, 0xf, 0xc0, 0x0, 0x0, 0x0,
    0x0, 0x0, 0x0, 0x0, 0x2f, 0xb0, 0xe, 0xee,
    0xee, 0xed, 0x50, 0x0, 0x0, 0x3f, 0x90, 0x1f,
    0xff, 0xff, 0xff, 0xe0, 0x0, 0x0, 0x5f, 0x80,
    0x17, 0x77, 0x77, 0x8f, 0xe0, 0x0, 0x8f, 0xff,
    0xff, 0x30, 0x0, 0x0, 0x3f, 0xc0, 0x0, 0x9f,
    0xff, 0xff, 0x10, 0x0, 0x0, 0x4f, 0xa0, 0x0,
    0x0, 0xaf, 0x30, 0x0, 0x0, 0x0, 0x6f, 0x80,
    0x0, 0x0, 0xbf, 0x10, 0x0, 0x0, 0x0, 0x8f,
    0x70, 0x0, 0x0, 0xdf, 0x0, 0x0, 0x0, 0x0,
    0xaf, 0x50, 0x0, 0x0, 0xfe, 0x74, 0x6f, 0xff,
    0xff, 0xff, 0x30, 0x0, 0x4, 0xff, 0xfa, 0x8f,
    0xff, 0xff, 0xff, 0x20, 0x8, 0xef, 0xff, 0xa2,
    0x1, 0x11, 0x11, 0xff, 0x0, 0xa, 0xfd, 0xf9,
    0x0, 0x0, 0x0, 0x1, 0xfe, 0x0, 0x2, 0x16,
    0xf7, 0x0, 0x0, 0x0, 0x3, 0xfc, 0x0, 0x0,
    0x7, 0xf6, 0x0, 0x0, 0x0, 0x4, 0xfb, 0x0,
    0x0, 0x9, 0xf4, 0x0, 0x0, 0x0, 0x6, 0xf9,
    0x0, 0x0, 0xb, 0xf2, 0x0, 0x0, 0x0, 0x8,
    0xf7, 0x0, 0x14, 0x1c, 0xf1, 0x2, 0x22, 0x22,
    0x2a, 0xf5, 0x0, 0x5f, 0x8f, 0xf0, 0x1f, 0xff,
    0xff, 0xff, 0xf4, 0x0, 0x2f, 0xff, 0xb0, 0x3f,
    0xff, 0xff, 0xff, 0xf2, 0x0, 0x7, 0xec, 0x20,
    0x0, 0x0, 0x0, 0x0, 0x0, 0x0,

    /* U+627E "找" */
    0x0, 0x0, 0x9, 0xf4, 0x0, 0x3f, 0xa0, 0x30,
    0x0, 0x0, 0x0, 0xb, 0xf2, 0x0, 0x5f, 0x9a,
    0xf1, 0x0, 0x0, 0x0, 0xc, 0xf1, 0x0, 0x6f,
    0x76, 0xfa, 0x0, 0x0, 0x0, 0xe, 0xf0, 0x0,
    0x8f, 0x60, 0xdf, 0x30, 0x0, 0xa, 0xbf, 0xfb,
    0x50, 0x9f, 0x50, 0x4a, 0x0, 0x0, 0xf, 0xff,
    0xff, 0x60, 0xaf, 0x30, 0x0, 0x20, 0x0, 0x3,
    0x6f, 0xc3, 0x12, 0xcf, 0xab, 0xdf, 0xf0, 0x0,
    0x0, 0x5f, 0x97, 0xff, 0xff, 0xff, 0xfe, 0xb0,
    0x0, 0x0, 0x7f, 0x77, 0xdb, 0xff, 0x42, 0x0,
    0x0, 0x0, 0x0, 0x8f, 0x60, 0x0, 0xef, 0x0,
    0x66, 0x0, 0x0, 0x0, 0xaf, 0x53, 0x0, 0xef,
    0x1, 0xef, 0x10, 0x0, 0x0, 0xcf, 0xfd, 0x0,
    0xff, 0x9, 0xf8, 0x0, 0x0, 0x39, 0xff, 0xfa,
    0x0, 0xff, 0x4f, 0xe0, 0x0, 0x2, 0xff, 0xff,
    0x30, 0x0, 0xef, 0xef, 0x40, 0x0, 0x0, 0xa8,
    0xfe, 0x0, 0x0, 0xef, 0xf8, 0x0, 0x0, 0x0,
    0x3, 0xfc, 0x0, 0x1, 0xef, 0xa0, 0x0, 0x0,
    0x0, 0x4, 0xfa, 0x0, 0x2d, 0xff, 0x30, 0x8f,
    0x30, 0x0, 0x6, 0xf9, 0x5, 0xef, 0xff, 0x50,
    0xaf, 0x10, 0x1, 0x18, 0xf7, 0x9f, 0xf9, 0x6f,
    0x90, 0xde, 0x0, 0x3f, 0xac, 0xf5, 0x9f, 0x50,
    0x1f, 0xe4, 0xfa, 0x0, 0xe, 0xff, 0xf1, 0x11,
    0x0, 0xa, 0xff, 0xf4, 0x0, 0x5, 0xee, 0x50,
    0x0, 0x0, 0x1, 0xbf, 0x80, 0x0, 0x0, 0x0,
    0x0, 0x0, 0x0, 0x0, 0x0, 0x0, 0x0,

    /* U+6280 "技" */
    0x0, 0x0, 0x3f, 0x80, 0x0, 0x2, 0xe8, 0x0,
    0x0, 0x0, 0x5, 0xf7, 0x0, 0x0, 0x4f, 0x80,
    0x0, 0x0, 0x0, 0x6f, 0x50, 0x0, 0x5, 0xf6,
    0x0, 0x0, 0x0, 0x8, 0xf4, 0x3, 0x33, 0x9f,
    0x73, 0x32, 0x0, 0x0, 0x9f, 0x30, 0xff, 0xff,
    0xff, 0xff, 0xb0, 0x7, 0xff, 0xff, 0x8a, 0xaa,
    0xdf, 0xaa, 0xa6, 0x0, 0x7d, 0xff, 0xd5, 0x0,
    0xb, 0xf0, 0x0, 0x0, 0x0, 0xe, 0xe0, 0x0,
    0x0, 0xde, 0x0, 0x0, 0x0, 0x0, 0xfc, 0x2,
    0xbb, 0xbf, 0xfb, 0xb4, 0x0, 0x0, 0x1f, 0xa0,
    0x4f, 0xff, 0xff, 0xff, 0xc0, 0x0, 0x3, 0xfa,
    0x82, 0x7f, 0x50, 0x4, 0xfa, 0x0, 0x0, 0x7f,
    0xff, 0x63, 0xf8, 0x0, 0x9f, 0x50, 0x8, 0xff,
    0xfe, 0x71, 0xf, 0xc0, 0xf, 0xe0, 0x0, 0x9e,
    0xdf, 0x40, 0x0, 0xbf, 0x18, 0xf8, 0x0, 0x1,
    0xa, 0xf2, 0x0, 0x6, 0xf9, 0xfe, 0x10, 0x0,
    0x0, 0xbf, 0x10, 0x0, 0xe, 0xff, 0x60, 0x0,
    0x0, 0xd, 0xf0, 0x0, 0x0, 0xbf, 0xd0, 0x0,
    0x0, 0x0, 0xed, 0x0, 0x0, 0x9f, 0xff, 0x50,
    0x0, 0x0, 0xf, 0xc0, 0x1, 0xbf, 0xd4, 0xff,
    0x30, 0x2, 0xe6, 0xfa, 0x5, 0xef, 0xc1, 0x5,
    0xfe, 0x30, 0xf, 0xff, 0x69, 0xff, 0x90, 0x0,
    0x6, 0xff, 0x20, 0x7f, 0xb0, 0x5c, 0x30, 0x0,
    0x0, 0x5, 0xa0, 0x0, 0x0, 0x0, 0x0, 0x0,
    0x0, 0x0, 0x0, 0x0,

    /* U+62A4 "护" */
    0x0, 0x0, 0x3f, 0x80, 0x0, 0x1, 0xfd, 0x0,
    0x0, 0x0, 0x5, 0xf7, 0x0, 0x0, 0x2f, 0xb0,
    0x0, 0x0, 0x0, 0x6f, 0x50, 0x15, 0x57, 0xfc,
    0x54, 0x0, 0x0, 0x8, 0xf4, 0x5, 0xff, 0xff,
    0xff, 0xfb, 0x0, 0x5e, 0xff, 0xe8, 0x7f, 0xb9,
    0x99, 0x9f, 0xe0, 0x7, 0xff, 0xff, 0x78, 0xf4,
    0x0, 0x0, 0xfc, 0x0, 0x0, 0xde, 0x0, 0xaf,
    0x30, 0x0, 0x2f, 0xb0, 0x0, 0xf, 0xd0, 0xc,
    0xf1, 0x0, 0x3, 0xf9, 0x0, 0x0, 0xfb, 0x0,
    0xdf, 0x0, 0x0, 0x5f, 0x70, 0x0, 0x2f, 0xa2,
    0xf, 0xfc, 0xcc, 0xcd, 0xf6, 0x0, 0x4, 0xfe,
    0xf4, 0xff, 0xff, 0xff, 0xff, 0x40, 0x5, 0xcf,
    0xfe, 0x7f, 0xa0, 0x0, 0x0, 0x0, 0x9, 0xff,
    0xf9, 0x5, 0xf7, 0x0, 0x0, 0x0, 0x0, 0x5b,
    0xcf, 0x30, 0x8f, 0x50, 0x0, 0x0, 0x0, 0x0,
    0xa, 0xf2, 0xb, 0xf2, 0x0, 0x0, 0x0, 0x0,
    0x0, 0xcf, 0x0, 0xee, 0x0, 0x0, 0x0, 0x0,
    0x0, 0xe, 0xe0, 0x2f, 0xb0, 0x0, 0x0, 0x0,
    0x0, 0x0, 0xfd, 0x7, 0xf7, 0x0, 0x0, 0x0,
    0x0, 0x1, 0x2f, 0xb0, 0xcf, 0x20, 0x0, 0x0,
    0x0, 0x4, 0xf8, 0xf9, 0x2f, 0xd0, 0x0, 0x0,
    0x0, 0x0, 0x1f, 0xff, 0x59, 0xf6, 0x0, 0x0,
    0x0, 0x0, 0x0, 0x8f, 0xa0, 0x6d, 0x0, 0x0,
    0x0, 0x0, 0x0, 0x0, 0x0, 0x0, 0x0, 0x0,
    0x0, 0x0, 0x0, 0x0,

    /* U+62A5 "报" */
    0x0, 0x0, 0x2f, 0xa0, 0x0, 0x0, 0x0, 0x0,
    0x0, 0x0, 0x3, 0xf9, 0x0, 0xff, 0xff, 0xff,
    0xf6, 0x0, 0x0, 0x5f, 0x70, 0xf, 0xfe, 0xee,
    0xef, 0xd0, 0x0, 0x6, 0xf6, 0x2, 0xfb, 0x0,
    0x1, 0xfc, 0x0, 0x0, 0x8f, 0x50, 0x4f, 0xa0,
    0x0, 0x3f, 0xa0, 0xa, 0xff, 0xff, 0xf5, 0xf8,
    0x49, 0x5, 0xf8, 0x0, 0xaf, 0xff, 0xfd, 0x7f,
    0x67, 0xf7, 0xcf, 0x40, 0x0, 0xd, 0xf0, 0x9,
    0xf5, 0xd, 0xff, 0xa0, 0x0, 0x0, 0xed, 0x0,
    0xaf, 0x30, 0x4, 0x40, 0x0, 0x0, 0xf, 0xc0,
    0xc, 0xfd, 0xdd, 0xdd, 0x90, 0x0, 0x2, 0xfc,
    0xb2, 0xdf, 0xff, 0xff, 0xff, 0x30, 0x1, 0x8f,
    0xff, 0x6f, 0xea, 0xf1, 0xc, 0xf1, 0xb, 0xff,
    0xfc, 0x51, 0xfc, 0x9f, 0x10, 0xfd, 0x0, 0xbd,
    0xcf, 0x50, 0x2f, 0xb8, 0xf2, 0x4f, 0x90, 0x0,
    0x8, 0xf3, 0x4, 0xf9, 0x6f, 0x6b, 0xf3, 0x0,
    0x0, 0xaf, 0x20, 0x6f, 0x72, 0xfb, 0xfd, 0x0,
    0x0, 0xc, 0xf0, 0x7, 0xf6, 0xe, 0xff, 0x60,
    0x0, 0x0, 0xde, 0x0, 0x9f, 0x40, 0x9f, 0xd0,
    0x0, 0x0, 0xf, 0xd0, 0xb, 0xf3, 0x1e, 0xfe,
    0x10, 0x3, 0xf5, 0xfb, 0x0, 0xcf, 0x3d, 0xfd,
    0xfc, 0x10, 0x1f, 0xff, 0x70, 0xe, 0xfe, 0xf9,
    0xc, 0xfc, 0x0, 0x8f, 0xb0, 0x0, 0xfe, 0x97,
    0x0, 0xb, 0x50, 0x0, 0x0, 0x0, 0x1, 0x10,
    0x0, 0x0, 0x0, 0x0,

    /* U+62C9 "拉" */
    0x0, 0x0, 0xf, 0xc0, 0x0, 0x3, 0xfc, 0x0,
    0x0, 0x0, 0x1, 0xfb, 0x0, 0x0, 0x5f, 0xb0,
    0x0, 0x0, 0x0, 0x2f, 0x90, 0x0, 0x6, 0xf9,
    0x0, 0x0, 0x0, 0x4, 0xf7, 0x0, 0x0, 0x8f,
    0x70, 0x0, 0x0, 0x2d, 0xef, 0xeb, 0x6d, 0xdf,
    0xfe, 0xdd, 0x70, 0x4, 0xff, 0xff, 0xc9, 0xff,
    0xff, 0xff, 0xf7, 0x0, 0x2, 0xaf, 0x41, 0x0,
    0x0, 0x0, 0x0, 0x0, 0x0, 0xb, 0xf1, 0x2,
    0x84, 0x0, 0x4b, 0x40, 0x0, 0x0, 0xcf, 0x0,
    0x5f, 0x80, 0x7, 0xf6, 0x0, 0x0, 0xe, 0xe0,
    0x4, 0xf9, 0x0, 0xbf, 0x20, 0x0, 0x0, 0xfd,
    0xa3, 0x3f, 0xa0, 0xe, 0xe0, 0x0, 0x0, 0x1f,
    0xff, 0xa2, 0xfb, 0x2, 0xfb, 0x0, 0x0, 0x6e,
    0xff, 0x91, 0x2f, 0xb0, 0x6f, 0x70, 0x0, 0x6f,
    0xff, 0x80, 0x2, 0xfa, 0xa, 0xf3, 0x0, 0x1,
    0xdb, 0xf6, 0x0, 0x3f, 0xa0, 0xef, 0x0, 0x0,
    0x0, 0x8f, 0x40, 0x4, 0xf9, 0x3f, 0xb0, 0x0,
    0x0, 0x9, 0xf2, 0x0, 0x4f, 0x98, 0xf6, 0x0,
    0x0, 0x0, 0xbf, 0x10, 0x0, 0x21, 0xdf, 0x10,
    0x0, 0x0, 0xc, 0xf0, 0x0, 0x0, 0x4f, 0xb0,
    0x0, 0x0, 0x73, 0xed, 0x0, 0x0, 0xa, 0xf5,
    0x0, 0x0, 0xf, 0xdf, 0x90, 0x6e, 0xee, 0xff,
    0xee, 0xe5, 0x0, 0x6e, 0xc1, 0x9, 0xff, 0xff,
    0xff, 0xff, 0x50, 0x0, 0x0, 0x0, 0x0, 0x0,
    0x0, 0x0, 0x0, 0x0,

    /* U+62D2 "拒" */
    0x0, 0x0, 0xf, 0xd0, 0x0, 0x0, 0x0, 0x0,
    0x0, 0x0, 0x0, 0x1f, 0xb0, 0xc, 0xff, 0xff,
    0xff, 0xf1, 0x0, 0x0, 0x2f, 0xa0, 0xd, 0xfd,
    0xdd, 0xdd, 0xd0, 0x0, 0x0, 0x4f, 0x80, 0xf,
    0xe0, 0x0, 0x0, 0x0, 0x0, 0x3d, 0xef, 0xed,
    0x1f, 0xd0, 0x0, 0x0, 0x0, 0x0, 0x5f, 0xff,
    0xfe, 0x2f, 0xb0, 0x0, 0x0, 0x0, 0x0, 0x2,
    0xaf, 0x51, 0x4f, 0xea, 0xaa, 0x93, 0x0, 0x0,
    0x0, 0xbf, 0x20, 0x6f, 0xff, 0xff, 0xfc, 0x0,
    0x0, 0x0, 0xdf, 0x0, 0x7f, 0x72, 0x23, 0xfd,
    0x0, 0x0, 0x0, 0xee, 0x0, 0x9f, 0x40, 0x2,
    0xfb, 0x0, 0x0, 0x0, 0xff, 0xe5, 0xaf, 0x20,
    0x4, 0xf9, 0x0, 0x0, 0x7, 0xff, 0xf6, 0xcf,
    0x10, 0x5, 0xf8, 0x0, 0x3, 0xff, 0xfc, 0x10,
    0xef, 0x0, 0x7, 0xf6, 0x0, 0x1, 0xec, 0xf8,
    0x0, 0xff, 0xff, 0xff, 0xf5, 0x0, 0x0, 0x6,
    0xf6, 0x1, 0xff, 0xdd, 0xdd, 0xd2, 0x0, 0x0,
    0x8, 0xf5, 0x3, 0xfa, 0x0, 0x0, 0x0, 0x0,
    0x0, 0x9, 0xf3, 0x4, 0xf9, 0x0, 0x0, 0x0,
    0x0, 0x0, 0xb, 0xf1, 0x6, 0xf7, 0x0, 0x0,
    0x0, 0x0, 0x0, 0xc, 0xf0, 0x7, 0xf6, 0x0,
    0x0, 0x0, 0x0, 0x39, 0xe, 0xe0, 0x9, 0xf4,
    0x0, 0x0, 0x0, 0x0, 0x5f, 0xbf, 0x90, 0xb,
    0xfe, 0xee, 0xee, 0xe2, 0x0, 0xb, 0xfc, 0x10,
    0xc, 0xff, 0xff, 0xff, 0xf1, 0x0, 0x0, 0x0,
    0x0, 0x0, 0x0, 0x0, 0x0, 0x0, 0x0,

    /* U+62DF "拟" */
    0x0, 0x0, 0x5f, 0x60, 0x0, 0x0, 0x0, 0x3f,
    0xa0, 0x0, 0x7, 0xf4, 0x9, 0xf3, 0x0, 0x5,
    0xf8, 0x0, 0x0, 0x8f, 0x30, 0xbf, 0x10, 0x10,
    0x6f, 0x70, 0x0, 0xa, 0xf1, 0xc, 0xf1, 0xfb,
    0x8, 0xf5, 0x0, 0x0, 0xcf, 0x10, 0xee, 0xf,
    0xd0, 0x9f, 0x40, 0x6, 0xff, 0xff, 0x3f, 0xc0,
    0xdf, 0xa, 0xf2, 0x0, 0x7d, 0xff, 0xd3, 0xfb,
    0xc, 0xf0, 0xcf, 0x10, 0x0, 0x1f, 0xb0, 0x3f,
    0x90, 0xcf, 0xe, 0xf0, 0x0, 0x2, 0xf9, 0x4,
    0xf7, 0xb, 0xf1, 0xfd, 0x0, 0x0, 0x4f, 0x70,
    0x6f, 0x60, 0x20, 0x3f, 0xb0, 0x0, 0x6, 0xf8,
    0x28, 0xf4, 0x0, 0x7, 0xf7, 0x0, 0x0, 0x9f,
    0xf9, 0x9f, 0x30, 0x0, 0xaf, 0x40, 0x7, 0xef,
    0xfd, 0x5b, 0xf1, 0x0, 0xf, 0xf0, 0x0, 0x9f,
    0xff, 0x10, 0xdf, 0x6, 0x5, 0xfd, 0x0, 0x1,
    0xc, 0xf0, 0xe, 0xeb, 0xf5, 0xbf, 0xf0, 0x0,
    0x0, 0xed, 0x0, 0xff, 0xfb, 0x4f, 0xff, 0x50,
    0x0, 0xf, 0xc0, 0x5f, 0xfa, 0xb, 0xfd, 0xf9,
    0x0, 0x2, 0xfa, 0x6f, 0xf7, 0x6, 0xfe, 0x2f,
    0xd0, 0x0, 0x3f, 0x82, 0xd3, 0x2, 0xff, 0x40,
    0xef, 0x4, 0xe7, 0xf6, 0x0, 0x2, 0xef, 0x90,
    0xb, 0xf3, 0x2f, 0xff, 0x30, 0x2, 0xef, 0xb0,
    0x0, 0x8f, 0x50, 0x9f, 0x80, 0x0, 0x1d, 0xb0,
    0x0, 0x5, 0xb4, 0x0, 0x0, 0x0, 0x0, 0x10,
    0x0, 0x0, 0x0, 0x0,

    /* U+62E8 "拨" */
    0x0, 0x0, 0x5f, 0x70, 0x0, 0x2, 0xe8, 0x2,
    0x0, 0x0, 0x0, 0x6f, 0x60, 0x1e, 0x65, 0xf7,
    0x7f, 0x20, 0x0, 0x0, 0x8f, 0x40, 0x5f, 0x68,
    0xf4, 0x2f, 0x90, 0x0, 0x0, 0x9f, 0x30, 0x9f,
    0x2b, 0xf1, 0xb, 0xd0, 0x0, 0x13, 0xcf, 0x41,
    0xee, 0xf, 0xe0, 0x2, 0x0, 0x0, 0x8f, 0xff,
    0xf7, 0xff, 0xdf, 0xfd, 0xdd, 0xd0, 0x0, 0x7c,
    0xff, 0xca, 0xff, 0xff, 0xff, 0xff, 0xe0, 0x0,
    0x0, 0xfc, 0x4, 0x90, 0xcf, 0x10, 0x0, 0x0,
    0x0, 0x2, 0xfa, 0x0, 0x2, 0xfb, 0x0, 0x0,
    0x0, 0x0, 0x4, 0xf8, 0x0, 0x8, 0xfe, 0xcc,
    0xc6, 0x0, 0x0, 0x6, 0xfc, 0xd0, 0xe, 0xff,
    0xff, 0xfe, 0x0, 0x0, 0x2a, 0xff, 0xf3, 0x6f,
    0xf3, 0x25, 0xfc, 0x0, 0xa, 0xff, 0xfa, 0x20,
    0xdf, 0xf4, 0x9, 0xf6, 0x0, 0x8, 0xbd, 0xf2,
    0x5, 0xfe, 0xf8, 0x1f, 0xe0, 0x0, 0x0, 0xc,
    0xf0, 0xe, 0xf3, 0xfd, 0x9f, 0x70, 0x0, 0x0,
    0xe, 0xf0, 0x9f, 0x80, 0xcf, 0xfd, 0x0, 0x0,
    0x0, 0xf, 0xd4, 0xfe, 0x0, 0x5f, 0xf4, 0x0,
    0x0, 0x0, 0x1f, 0xb9, 0xf4, 0x1, 0xdf, 0xf6,
    0x0, 0x0, 0x1, 0x3f, 0xa0, 0x40, 0x2e, 0xfc,
    0xff, 0x30, 0x0, 0x3f, 0x9f, 0x80, 0x7, 0xff,
    0xa0, 0x7f, 0xe2, 0x0, 0x1f, 0xff, 0x40, 0x7f,
    0xf9, 0x0, 0xa, 0xfd, 0x0, 0x8, 0xf9, 0x0,
    0x1d, 0x40, 0x0, 0x0, 0xa4, 0x0, 0x0, 0x0,
    0x0, 0x0, 0x0, 0x0, 0x0, 0x0, 0x0,

    /* U+62E9 "择" */
    0x0, 0x0, 0x4f, 0x70, 0x0, 0x0, 0x0, 0x0,
    0x0, 0x0, 0x0, 0x6f, 0x61, 0xff, 0xff, 0xff,
    0xfd, 0x20, 0x0, 0x0, 0x7f, 0x42, 0xdf, 0xfd,
    0xdd, 0xff, 0x50, 0x0, 0x0, 0x9f, 0x30, 0xe,
    0xf0, 0x2, 0xfe, 0x0, 0x0, 0x0, 0xaf, 0x20,
    0x8, 0xf6, 0xc, 0xf5, 0x0, 0x0, 0x7f, 0xff,
    0xf7, 0x1, 0xee, 0xbf, 0xa0, 0x0, 0x0, 0x7d,
    0xff, 0xd5, 0x0, 0x7f, 0xfb, 0x0, 0x0, 0x0,
    0x0, 0xfc, 0x0, 0x7, 0xff, 0xfe, 0x60, 0x0,
    0x0, 0x1, 0xfb, 0x19, 0xef, 0xf6, 0x7f, 0xfd,
    0x80, 0x0, 0x3, 0xf9, 0xd, 0xf9, 0x11, 0x2,
    0xbf, 0xd0, 0x0, 0x5, 0xf9, 0x42, 0x0, 0x1f,
    0xb0, 0x1, 0x30, 0x0, 0x8, 0xff, 0xd0, 0x0,
    0x4f, 0xa0, 0x0, 0x0, 0x8, 0xef, 0xfe, 0x86,
    0xff, 0xff, 0xff, 0xf7, 0x0, 0x9, 0xff, 0xf2,
    0x6, 0xdd, 0xef, 0xed, 0xd5, 0x0, 0x1, 0xb,
    0xf1, 0x0, 0x0, 0x8f, 0x40, 0x0, 0x0, 0x0,
    0xd, 0xf0, 0x0, 0x0, 0xaf, 0x30, 0x0, 0x0,
    0x0, 0xf, 0xd0, 0xaf, 0xff, 0xff, 0xff, 0xfd,
    0x0, 0x0, 0xf, 0xc0, 0xad, 0xdd, 0xff, 0xdd,
    0xda, 0x0, 0x1, 0x2f, 0xa0, 0x0, 0x0, 0xfe,
    0x0, 0x0, 0x0, 0x4f, 0x6f, 0x80, 0x0, 0x1,
    0xfc, 0x0, 0x0, 0x0, 0x1f, 0xff, 0x50, 0x0,
    0x2, 0xfb, 0x0, 0x0, 0x0, 0x8, 0xfa, 0x0,
    0x0, 0x4, 0xf9, 0x0, 0x0, 0x0, 0x0, 0x0,
    0x0, 0x0, 0x0, 0x10, 0x0, 0x0, 0x0,

    /* U+62FE "拾" */
    0x0, 0x0, 0x0, 0x0, 0x0, 0x0, 0x0, 0x0,
    0x0, 0x0, 0x0, 0x3f, 0x90, 0x0, 0x5, 0xc4,
    0x0, 0x0, 0x0, 0x0, 0x5f, 0x70, 0x0, 0xb,
    0xf4, 0x0, 0x0, 0x0, 0x0, 0x6f, 0x60, 0x0,
    0x2f, 0xf6, 0x0, 0x0, 0x0, 0x0, 0x8f, 0x40,
    0x0, 0xaf, 0xfd, 0x0, 0x0, 0x0, 0x5c, 0xef,
    0xc9, 0x3, 0xfe, 0xaf, 0x50, 0x0, 0x0, 0x9f,
    0xff, 0xfa, 0xd, 0xf5, 0x2f, 0xe1, 0x0, 0x0,
    0x13, 0xdf, 0x31, 0xaf, 0xa0, 0x9, 0xfa, 0x0,
    0x0, 0x0, 0xed, 0x9, 0xfd, 0x0, 0x0, 0xdf,
    0x80, 0x0, 0x0, 0xfb, 0x5f, 0xfd, 0xcc, 0xcc,
    0xdf, 0xf6, 0x0, 0x2, 0xfa, 0x9, 0x5f, 0xff,
    0xff, 0xc3, 0xc0, 0x0, 0x3, 0xfc, 0xb0, 0x2,
    0x22, 0x22, 0x10, 0x0, 0x0, 0x18, 0xff, 0xf2,
    0x0, 0x0, 0x0, 0x0, 0x0, 0xb, 0xff, 0xfb,
    0x20, 0x22, 0x22, 0x22, 0x0, 0x0, 0xc, 0xfe,
    0xf3, 0x4, 0xff, 0xff, 0xff, 0xe1, 0x0, 0x2,
    0xa, 0xf1, 0x5, 0xfe, 0xcc, 0xce, 0xf4, 0x0,
    0x0, 0xc, 0xf0, 0x7, 0xf6, 0x0, 0xb, 0xf3,
    0x0, 0x0, 0xd, 0xe0, 0x9, 0xf4, 0x0, 0xc,
    0xf1, 0x0, 0x0, 0xf, 0xd0, 0xb, 0xf2, 0x0,
    0xe, 0xf0, 0x0, 0x0, 0x1f, 0xb0, 0xd, 0xf0,
    0x0, 0xf, 0xe0, 0x0, 0x3d, 0x6f, 0x90, 0xe,
    0xf1, 0x11, 0x3f, 0xc0, 0x0, 0x1f, 0xff, 0x50,
    0xf, 0xff, 0xff, 0xff, 0xa0, 0x0, 0x8, 0xf9,
    0x0, 0x1d, 0xdd, 0xdd, 0xdd, 0x70, 0x0, 0x0,
    0x0, 0x0, 0x0, 0x0, 0x0, 0x0, 0x0, 0x0,

    /* U+6301 "持" */
    0x0, 0x0, 0x2f, 0x90, 0x0, 0x2, 0xfb, 0x0,
    0x0, 0x0, 0x0, 0x3f, 0x80, 0x0, 0x4, 0xfa,
    0x0, 0x0, 0x0, 0x0, 0x5f, 0x60, 0x12, 0x27,
    0xfa, 0x22, 0x20, 0x0, 0x0, 0x6f, 0x50, 0x9f,
    0xff, 0xff, 0xff, 0xb0, 0x0, 0x6d, 0xef, 0xd6,
    0x9d, 0xde, 0xfe, 0xdd, 0x80, 0x0, 0x9f, 0xff,
    0xf6, 0x0, 0xa, 0xf4, 0x0, 0x0, 0x0, 0x12,
    0xcf, 0x20, 0x0, 0xb, 0xf3, 0x0, 0x0, 0x0,
    0x0, 0xde, 0x1, 0x22, 0x2d, 0xf3, 0x22, 0x20,
    0x0, 0x0, 0xfc, 0xe, 0xff, 0xff, 0xff, 0xff,
    0xf0, 0x0, 0x1, 0xfb, 0xa, 0xbb, 0xbb, 0xbb,
    0xbb, 0xa0, 0x0, 0x2, 0xfd, 0x90, 0x0, 0x0,
    0xe, 0xc0, 0x0, 0x0, 0x3a, 0xff, 0xf2, 0x0,
    0x0, 0x3f, 0xc0, 0x0, 0xb, 0xff, 0xfb, 0x2d,
    0xff, 0xff, 0xff, 0xff, 0x50, 0x8, 0xdc, 0xf4,
    0xb, 0xcc, 0xcc, 0xdf, 0xec, 0x20, 0x0, 0x9,
    0xf3, 0x0, 0x72, 0x0, 0x7f, 0x70, 0x0, 0x0,
    0xb, 0xf1, 0x3, 0xfd, 0x0, 0x8f, 0x60, 0x0,
    0x0, 0xc, 0xf0, 0x0, 0x8f, 0x90, 0xaf, 0x40,
    0x0, 0x0, 0xe, 0xe0, 0x0, 0xd, 0x80, 0xcf,
    0x30, 0x0, 0x0, 0xf, 0xc0, 0x0, 0x13, 0x0,
    0xef, 0x10, 0x0, 0x3f, 0x7f, 0xa0, 0x0, 0xee,
    0x2, 0xfd, 0x0, 0x0, 0x1f, 0xff, 0x60, 0x0,
    0x8f, 0xde, 0xf7, 0x0, 0x0, 0x7, 0xfa, 0x0,
    0x0, 0xa, 0xff, 0x90, 0x0, 0x0, 0x0, 0x0,
    0x0, 0x0, 0x0, 0x0, 0x0, 0x0, 0x0,

    /* U+6307 "指" */
    0x0, 0x0, 0xf, 0xc0, 0x1f, 0xc0, 0x0, 0x0,
    0x0, 0x0, 0x0, 0x1f, 0xa0, 0x2f, 0xb0, 0x0,
    0x8, 0x0, 0x0, 0x0, 0x2f, 0x90, 0x4f, 0x90,
    0x3, 0xdf, 0x70, 0x0, 0x0, 0x4f, 0x70, 0x5f,
    0x81, 0x9f, 0xfc, 0x30, 0x0, 0x0, 0x6f, 0x60,
    0x7f, 0xdf, 0xff, 0x60, 0x0, 0x0, 0x8f, 0xff,
    0xfc, 0x8f, 0xfe, 0x71, 0x0, 0x0, 0x0, 0x8e,
    0xff, 0xe9, 0x9f, 0x80, 0x0, 0x7, 0x60, 0x0,
    0x0, 0xbf, 0x10, 0x7f, 0x70, 0x0, 0x4f, 0xc0,
    0x0, 0x0, 0xcf, 0x0, 0x3f, 0xf8, 0x7a, 0xff,
    0x30, 0x0, 0x0, 0xed, 0x0, 0x7, 0xff, 0xff,
    0xd4, 0x0, 0x0, 0x0, 0xfd, 0x82, 0x0, 0x14,
    0x42, 0x0, 0x0, 0x0, 0x6, 0xff, 0xf8, 0xce,
    0xee, 0xee, 0xd5, 0x0, 0x8, 0xff, 0xfe, 0x82,
    0xff, 0xff, 0xff, 0xfc, 0x0, 0x6, 0xec, 0xf7,
    0x1, 0xfb, 0x0, 0x1, 0xfb, 0x0, 0x0, 0x7,
    0xf5, 0x3, 0xfa, 0x0, 0x2, 0xfa, 0x0, 0x0,
    0x9, 0xf3, 0x4, 0xfd, 0xaa, 0xab, 0xf8, 0x0,
    0x0, 0xa, 0xf2, 0x6, 0xff, 0xff, 0xff, 0xf7,
    0x0, 0x0, 0xc, 0xf0, 0x7, 0xf5, 0x0, 0x8,
    0xf5, 0x0, 0x0, 0xe, 0xe0, 0x9, 0xf3, 0x0,
    0x9, 0xf3, 0x0, 0x1f, 0x8f, 0xc0, 0xb, 0xf2,
    0x0, 0xb, 0xf2, 0x0, 0xe, 0xff, 0x90, 0xc,
    0xff, 0xff, 0xff, 0xf0, 0x0, 0x5, 0xec, 0x10,
    0xb, 0xdd, 0xdd, 0xdd, 0xc0, 0x0, 0x0, 0x0,
    0x0, 0x0, 0x0, 0x0, 0x0, 0x0, 0x0,

    /* U+6309 "按" */
    0x0, 0x0, 0x5f, 0x70, 0x0, 0x0, 0xdf, 0x0,
    0x0, 0x0, 0x0, 0x6f, 0x60, 0x0, 0x0, 0xef,
    0x0, 0x0, 0x0, 0x0, 0x8f, 0x40, 0x34, 0x44,
    0xfe, 0x44, 0x10, 0x0, 0x0, 0x9f, 0x30, 0xef,
    0xff, 0xff, 0xff, 0xe0, 0x0, 0x0, 0xbf, 0x20,
    0xff, 0xdd, 0xdd, 0xde, 0xf2, 0x0, 0x8f, 0xff,
    0xfa, 0xfb, 0x0, 0x0, 0xb, 0xf1, 0x0, 0x8d,
    0xff, 0xd9, 0xf9, 0x17, 0x30, 0xc, 0xf0, 0x0,
    0x0, 0xfc, 0x0, 0x31, 0x7f, 0x60, 0x2, 0x30,
    0x0, 0x2, 0xfb, 0x0, 0x0, 0xcf, 0x20, 0x0,
    0x0, 0x0, 0x3, 0xf9, 0xb, 0xee, 0xff, 0xee,
    0xee, 0xe0, 0x0, 0x5, 0xf8, 0x4e, 0xff, 0xff,
    0xff, 0xff, 0xe0, 0x0, 0x7, 0xff, 0xf1, 0xd,
    0xf2, 0xc, 0xf2, 0x0, 0x6, 0xbf, 0xff, 0xa1,
    0x4f, 0xb0, 0x1f, 0xc0, 0x0, 0xc, 0xff, 0xf3,
    0x0, 0xbf, 0x40, 0x7f, 0x70, 0x0, 0x4, 0x3c,
    0xf0, 0x3, 0xff, 0x0, 0xef, 0x20, 0x0, 0x0,
    0xe, 0xf0, 0x3, 0xef, 0xd9, 0xf9, 0x0, 0x0,
    0x0, 0xf, 0xd0, 0x0, 0x1b, 0xff, 0xf1, 0x0,
    0x0, 0x0, 0x1f, 0xb0, 0x0, 0x4, 0xff, 0xf5,
    0x0, 0x0, 0x0, 0x3f, 0xa0, 0x0, 0x5f, 0xfc,
    0xff, 0x60, 0x0, 0x3f, 0x8f, 0x80, 0x2b, 0xff,
    0x80, 0x6f, 0xf6, 0x0, 0x1f, 0xff, 0x44, 0xff,
    0xe5, 0x0, 0x5, 0xff, 0x20, 0x8, 0xf9, 0x1,
    0xe8, 0x10, 0x0, 0x0, 0x68, 0x0, 0x0, 0x0,
    0x0, 0x0, 0x0, 0x0, 0x0, 0x0, 0x0,

    /* U+632F "振" */
    0x0, 0x0, 0x4f, 0x60, 0x0, 0x0, 0x0, 0x0,
    0x0, 0x0, 0x0, 0x6f, 0x50, 0xef, 0xff, 0xff,
    0xff, 0xf2, 0x0, 0x0, 0x7f, 0x30, 0xff, 0xee,
    0xee, 0xee, 0xe1, 0x0, 0x0, 0x9f, 0x22, 0xfb,
    0x0, 0x0, 0x0, 0x0, 0x0, 0x0, 0xbf, 0x14,
    0xf9, 0x13, 0x33, 0x33, 0x0, 0x0, 0x4f, 0xff,
    0xf7, 0xf7, 0x9f, 0xff, 0xff, 0x30, 0x0, 0x4d,
    0xff, 0xd7, 0xf5, 0x69, 0x99, 0x99, 0x10, 0x0,
    0x0, 0xfb, 0x8, 0xf4, 0x0, 0x0, 0x0, 0x0,
    0x0, 0x1, 0xf9, 0xa, 0xfd, 0xdd, 0xdd, 0xdd,
    0x90, 0x0, 0x3, 0xf8, 0xc, 0xff, 0xff, 0xff,
    0xff, 0xa0, 0x0, 0x5, 0xfb, 0x4e, 0xf2, 0xfa,
    0x8f, 0x20, 0x0, 0x0, 0x9, 0xff, 0x9f, 0xd3,
    0xf8, 0x8f, 0x10, 0x0, 0x6, 0xff, 0xfa, 0x4f,
    0xb4, 0xf6, 0x8f, 0x5e, 0x10, 0x5, 0xde, 0xf1,
    0x4f, 0x86, 0xf5, 0x8f, 0xfe, 0x20, 0x0, 0xc,
    0xf0, 0x7f, 0x67, 0xf3, 0x8f, 0xd2, 0x0, 0x0,
    0xd, 0xe0, 0xaf, 0x39, 0xf1, 0x7f, 0x30, 0x0,
    0x0, 0xf, 0xc0, 0xdf, 0xb, 0xf0, 0x5f, 0x50,
    0x0, 0x0, 0x1f, 0xa1, 0xfc, 0xc, 0xe0, 0x3f,
    0x80, 0x0, 0x0, 0x2f, 0x95, 0xf8, 0xe, 0xd6,
    0x1f, 0xb0, 0x0, 0x2f, 0x7f, 0x7a, 0xf4, 0xf,
    0xff, 0x6c, 0xf0, 0x0, 0xf, 0xff, 0x4f, 0xe1,
    0xdf, 0xfa, 0x18, 0xf7, 0x0, 0x8, 0xf9, 0x19,
    0x90, 0xda, 0x30, 0x2, 0xd3, 0x0, 0x0, 0x0,
    0x0, 0x0, 0x0, 0x0, 0x0, 0x0, 0x0,

    /* U+6362 "换" */
    0x0, 0x0, 0x0, 0x0, 0x0, 0x0, 0x0, 0x0,
    0x0, 0x0, 0x6, 0xf5, 0x0, 0x5, 0xe5, 0x0,
    0x0, 0x0, 0x0, 0x8f, 0x40, 0x0, 0xcf, 0x50,
    0x0, 0x0, 0x0, 0x9, 0xf2, 0x0, 0x4f, 0xfa,
    0xa9, 0x10, 0x0, 0x0, 0xbf, 0x10, 0xd, 0xff,
    0xff, 0xf6, 0x0, 0x4, 0xae, 0xfa, 0x37, 0xfd,
    0x11, 0xdf, 0x10, 0x0, 0x8f, 0xff, 0xf7, 0xff,
    0x20, 0x7f, 0x70, 0x0, 0x2, 0x4f, 0xc3, 0x7f,
    0xfc, 0xcf, 0xfc, 0x60, 0x0, 0x2, 0xfa, 0x0,
    0xff, 0xff, 0xff, 0xff, 0x0, 0x0, 0x3f, 0x80,
    0x2f, 0x81, 0xfb, 0xc, 0xe0, 0x0, 0x5, 0xf7,
    0x13, 0xf6, 0x1f, 0x90, 0xed, 0x0, 0x0, 0x7f,
    0xea, 0x5f, 0x53, 0xf8, 0xf, 0xb0, 0x0, 0x3c,
    0xff, 0xd7, 0xf3, 0x5f, 0x61, 0xf9, 0x0, 0x6f,
    0xff, 0x80, 0x9f, 0x28, 0xf4, 0x3f, 0x80, 0x2,
    0xef, 0xf0, 0x8f, 0xff, 0xff, 0xff, 0xff, 0x30,
    0x0, 0xef, 0x7, 0xcc, 0xdf, 0xfd, 0xcc, 0xc1,
    0x0, 0xf, 0xd0, 0x0, 0x8, 0xff, 0x50, 0x0,
    0x0, 0x1, 0xfb, 0x0, 0x1, 0xef, 0xf9, 0x0,
    0x0, 0x0, 0x3f, 0xa0, 0x0, 0xaf, 0x7c, 0xf1,
    0x0, 0x0, 0x4, 0xf8, 0x0, 0x7f, 0xd0, 0x6f,
    0x80, 0x0, 0x7f, 0x8f, 0x60, 0x9f, 0xf2, 0x0,
    0xdf, 0x40, 0x5, 0xff, 0xf2, 0xbf, 0xf3, 0x0,
    0x4, 0xff, 0x50, 0xb, 0xf7, 0x5, 0xc2, 0x0,
    0x0, 0x6, 0xe2, 0x0, 0x0, 0x0, 0x0, 0x0,
    0x0, 0x0, 0x0, 0x0,

    /* U+636E "据" */
    0x0, 0x0, 0x6f, 0x50, 0x0, 0x0, 0x0, 0x0,
    0x0, 0x0, 0x8, 0xf4, 0xa, 0xff, 0xff, 0xff,
    0xf7, 0x0, 0x0, 0x9f, 0x20, 0xcf, 0xdd, 0xdd,
    0xdf, 0xd0, 0x0, 0xb, 0xf0, 0xe, 0xf0, 0x0,
    0x0, 0xfc, 0x0, 0x5c, 0xff, 0xc4, 0xfd, 0x0,
    0x0, 0x1f, 0xb0, 0x7, 0xff, 0xff, 0x5f, 0xfc,
    0xcc, 0xcd, 0xf9, 0x0, 0x12, 0xfc, 0x23, 0xff,
    0xff, 0xff, 0xff, 0x80, 0x0, 0x2f, 0xa0, 0x4f,
    0x91, 0x2f, 0xb1, 0x10, 0x0, 0x4, 0xf8, 0x5,
    0xf7, 0x3, 0xf9, 0x0, 0x0, 0x0, 0x5f, 0x70,
    0x7f, 0x60, 0x5f, 0x80, 0x0, 0x0, 0x7, 0xfd,
    0x89, 0xff, 0xff, 0xff, 0xff, 0x40, 0x4, 0xcf,
    0xfc, 0xbf, 0xbb, 0xdf, 0xcb, 0xb2, 0x7, 0xff,
    0xf8, 0xd, 0xf0, 0x9, 0xf2, 0x0, 0x0, 0x4d,
    0xef, 0x0, 0xfd, 0x0, 0xbf, 0x10, 0x0, 0x0,
    0xd, 0xf0, 0x3f, 0xa6, 0xcf, 0xfc, 0xa2, 0x0,
    0x0, 0xfd, 0x6, 0xf6, 0xaf, 0xff, 0xff, 0x80,
    0x0, 0x1f, 0xb0, 0x9f, 0x3b, 0xf0, 0x4, 0xf7,
    0x0, 0x2, 0xfa, 0xe, 0xf0, 0xde, 0x0, 0x5f,
    0x60, 0x0, 0x4f, 0x82, 0xfa, 0xe, 0xc0, 0x7,
    0xf4, 0x5, 0xb6, 0xf6, 0x7f, 0x50, 0xfb, 0x0,
    0x8f, 0x30, 0x5f, 0xef, 0x3d, 0xf0, 0x1f, 0xeb,
    0xbe, 0xf1, 0x0, 0xbf, 0x72, 0xe9, 0x3, 0xff,
    0xff, 0xff, 0x0, 0x0, 0x0, 0x0, 0x0, 0x0,
    0x0, 0x0, 0x0, 0x0,

    /* U+6377 "捷" */
    0x0, 0x0, 0x3f, 0x80, 0x0, 0x5, 0xd5, 0x0,
    0x0, 0x0, 0x0, 0x4f, 0x70, 0x0, 0x7, 0xf5,
    0x0, 0x0, 0x0, 0x0, 0x6f, 0x51, 0xaa, 0xad,
    0xfb, 0xaa, 0xa2, 0x0, 0x0, 0x8f, 0x44, 0xff,
    0xff, 0xff, 0xff, 0xf3, 0x0, 0x3, 0xaf, 0x51,
    0x0, 0xc, 0xf1, 0x0, 0x0, 0x0, 0x2f, 0xff,
    0xf4, 0x8a, 0xaf, 0xfa, 0xa7, 0x0, 0x0, 0x29,
    0xef, 0x91, 0xdf, 0xff, 0xff, 0xff, 0x30, 0x0,
    0x0, 0xed, 0x0, 0x0, 0x2f, 0xb0, 0x8f, 0x30,
    0x0, 0x0, 0xfb, 0x0, 0x0, 0x3f, 0xa0, 0x9f,
    0x20, 0x0, 0x1, 0xfa, 0xb, 0xff, 0xff, 0xff,
    0xff, 0xf2, 0x0, 0x3, 0xf9, 0x26, 0x88, 0xbf,
    0xb8, 0xef, 0x80, 0x0, 0x18, 0xff, 0x90, 0x0,
    0x8f, 0x50, 0xed, 0x0, 0x4, 0xff, 0xff, 0x78,
    0xff, 0xff, 0xff, 0xfb, 0x0, 0x4, 0xed, 0xf4,
    0x6, 0xaa, 0xef, 0xaa, 0xa6, 0x0, 0x0, 0xa,
    0xf2, 0x5, 0x50, 0xcf, 0x0, 0x0, 0x0, 0x0,
    0xb, 0xf0, 0xd, 0xd0, 0xef, 0x99, 0x91, 0x0,
    0x0, 0xd, 0xf0, 0x1f, 0xa0, 0xff, 0xff, 0xf0,
    0x0, 0x0, 0xf, 0xd0, 0x7f, 0xc1, 0xfb, 0x0,
    0x0, 0x0, 0x0, 0x1f, 0xb0, 0xdf, 0xf6, 0xf9,
    0x0, 0x0, 0x0, 0xf, 0x7f, 0x97, 0xfb, 0xff,
    0xf7, 0x0, 0x67, 0x0, 0xe, 0xff, 0x8f, 0xf1,
    0x7f, 0xff, 0xef, 0xfb, 0x0, 0x6, 0xfa, 0xa,
    0x50, 0x4, 0xad, 0xed, 0x81, 0x0, 0x0, 0x0,
    0x0, 0x0, 0x0, 0x0, 0x0, 0x0, 0x0,

    /* U+6392 "排" */
    0x0, 0x0, 0x6f, 0x50, 0x0, 0xdf, 0xa, 0xf3,
    0x0, 0x0, 0x0, 0x8f, 0x40, 0x0, 0xee, 0xb,
    0xf2, 0x0, 0x0, 0x0, 0x9f, 0x20, 0x0, 0xfd,
    0xd, 0xf0, 0x0, 0x0, 0x0, 0xbf, 0x11, 0x56,
    0xfb, 0xf, 0xf5, 0x50, 0x0, 0x0, 0xcf, 0x4,
    0xff, 0xf9, 0xf, 0xff, 0xf0, 0x0, 0x7f, 0xff,
    0xf6, 0xcd, 0xf8, 0x2f, 0xec, 0xb0, 0x0, 0x7d,
    0xff, 0xd1, 0x6, 0xf6, 0x3f, 0xa0, 0x0, 0x0,
    0x1, 0xfa, 0x0, 0x8, 0xf5, 0x5f, 0x80, 0x0,
    0x0, 0x3, 0xf8, 0x0, 0x3b, 0xf3, 0x7f, 0x60,
    0x0, 0x0, 0x5, 0xf7, 0x5, 0xff, 0xf1, 0x8f,
    0xfe, 0x50, 0x0, 0x6, 0xf9, 0x94, 0xbf, 0xf0,
    0xaf, 0xff, 0x40, 0x0, 0x9, 0xff, 0xf2, 0xf,
    0xe0, 0xcf, 0x20, 0x0, 0x5, 0xdf, 0xfc, 0x40,
    0x1f, 0xc0, 0xdf, 0x0, 0x0, 0x7, 0xff, 0xf0,
    0x0, 0x4f, 0x90, 0xfe, 0x0, 0x0, 0x1, 0x1d,
    0xf0, 0x48, 0xbf, 0x60, 0xfd, 0x11, 0x0, 0x0,
    0xf, 0xd0, 0xaf, 0xff, 0x32, 0xff, 0xff, 0x20,
    0x0, 0x1f, 0xb0, 0x57, 0xff, 0x4, 0xff, 0xee,
    0x10, 0x0, 0x3f, 0xa0, 0x5, 0xfa, 0x5, 0xf7,
    0x0, 0x0, 0x0, 0x4f, 0x80, 0xb, 0xf4, 0x7,
    0xf6, 0x0, 0x0, 0x7f, 0x7f, 0x60, 0x3f, 0xd0,
    0x9, 0xf4, 0x0, 0x0, 0x4f, 0xff, 0x20, 0xcf,
    0x60, 0xa, 0xf2, 0x0, 0x0, 0xa, 0xe8, 0x0,
    0x9c, 0x0, 0xc, 0xf1, 0x0, 0x0, 0x0, 0x0,
    0x0, 0x1, 0x0, 0x0, 0x0, 0x0, 0x0,

    /* U+63A5 "接" */
    0x0, 0x0, 0x6f, 0x60, 0x0, 0x5, 0xf7, 0x0,
    0x0, 0x0, 0x0, 0x7f, 0x40, 0x0, 0x6, 0xf6,
    0x0, 0x0, 0x0, 0x0, 0x9f, 0x30, 0xac, 0xcd,
    0xfd, 0xcc, 0xb0, 0x0, 0x0, 0xbf, 0x10, 0xff,
    0xff, 0xff, 0xff, 0xe0, 0x0, 0x15, 0xdf, 0x51,
    0x16, 0x51, 0x11, 0x61, 0x10, 0x0, 0x7f, 0xff,
    0xf3, 0xf, 0xa0, 0x6, 0xf5, 0x0, 0x0, 0x5b,
    0xfe, 0xb1, 0xd, 0xe0, 0xd, 0xf0, 0x0, 0x0,
    0x1, 0xfb, 0xa, 0xdf, 0xfd, 0xdf, 0xfd, 0xb0,
    0x0, 0x3, 0xf9, 0xd, 0xff, 0xff, 0xff, 0xff,
    0xc0, 0x0, 0x5, 0xf7, 0x0, 0x0, 0x8a, 0x10,
    0x0, 0x0, 0x0, 0x6, 0xfe, 0x80, 0x0, 0xef,
    0x0, 0x0, 0x0, 0x0, 0x5d, 0xff, 0xa2, 0x25,
    0xfb, 0x22, 0x22, 0x10, 0xa, 0xff, 0xf6, 0x4f,
    0xff, 0xff, 0xff, 0xff, 0x70, 0x7, 0xad, 0xf1,
    0x4c, 0xdf, 0xec, 0xcf, 0xfc, 0x40, 0x0, 0xd,
    0xf0, 0x0, 0xaf, 0x50, 0x2f, 0xc0, 0x0, 0x0,
    0xe, 0xd0, 0x3, 0xfc, 0x0, 0xaf, 0x50, 0x0,
    0x0, 0xf, 0xc0, 0xc, 0xfb, 0x15, 0xfd, 0x0,
    0x0, 0x0, 0x2f, 0xa0, 0x3, 0xcf, 0xef, 0xf3,
    0x0, 0x0, 0x0, 0x4f, 0x80, 0x0, 0xb, 0xff,
    0xd1, 0x0, 0x0, 0x3f, 0x7f, 0x60, 0x3, 0xbf,
    0xfd, 0xfe, 0x40, 0x0, 0x1f, 0xff, 0x33, 0xdf,
    0xfd, 0x30, 0x8f, 0xf6, 0x0, 0x8, 0xf8, 0x2,
    0xfc, 0x50, 0x0, 0x4, 0xe3, 0x0, 0x0, 0x0,
    0x0, 0x10, 0x0, 0x0, 0x0, 0x0, 0x0,

    /* U+63A7 "控" */
    0x0, 0x0, 0x1f, 0xb0, 0x0, 0x1, 0xda, 0x0,
    0x0, 0x0, 0x0, 0x3f, 0x90, 0x0, 0x3, 0xfb,
    0x0, 0x0, 0x0, 0x0, 0x4f, 0x80, 0x23, 0x37,
    0xfa, 0x32, 0x0, 0x0, 0x0, 0x6f, 0x60, 0xdf,
    0xff, 0xff, 0xff, 0xd0, 0x0, 0x0, 0x7f, 0x50,
    0xff, 0xee, 0xee, 0xef, 0xf1, 0x0, 0x2f, 0xff,
    0xf9, 0xfd, 0x0, 0x0, 0xd, 0xf0, 0x0, 0x3d,
    0xff, 0xd8, 0xfb, 0x0, 0x0, 0xf, 0xe0, 0x0,
    0x0, 0xcf, 0x0, 0x12, 0xd6, 0xc, 0xb1, 0x0,
    0x0, 0x0, 0xee, 0x0, 0x1d, 0xf9, 0x1d, 0xfb,
    0x0, 0x0, 0x0, 0xfc, 0x3, 0xef, 0xa0, 0x1,
    0xcf, 0x90, 0x0, 0x1, 0xfd, 0x71, 0xe8, 0x0,
    0x0, 0x1d, 0x60, 0x0, 0x18, 0xff, 0xf0, 0x10,
    0x0, 0x0, 0x0, 0x0, 0x5, 0xff, 0xfd, 0x53,
    0xdd, 0xdd, 0xdd, 0xd8, 0x0, 0x3, 0xbb, 0xf5,
    0x4, 0xff, 0xff, 0xff, 0xf8, 0x0, 0x0, 0x8,
    0xf4, 0x0, 0x0, 0x7f, 0x90, 0x0, 0x0, 0x0,
    0xa, 0xf2, 0x0, 0x0, 0x8f, 0x70, 0x0, 0x0,
    0x0, 0xc, 0xf0, 0x0, 0x0, 0x9f, 0x50, 0x0,
    0x0, 0x0, 0xd, 0xf0, 0x0, 0x0, 0xbf, 0x40,
    0x0, 0x0, 0x0, 0xf, 0xd0, 0x0, 0x0, 0xcf,
    0x20, 0x0, 0x0, 0x1a, 0x5f, 0xb0, 0x0, 0x0,
    0xdf, 0x10, 0x0, 0x0, 0x1f, 0xff, 0x70, 0x9e,
    0xee, 0xff, 0xee, 0xe7, 0x0, 0x8, 0xfb, 0x0,
    0xcf, 0xff, 0xff, 0xff, 0xf6, 0x0,

    /* U+63A8 "推" */
    0x0, 0x0, 0x0, 0x0, 0x0, 0x0, 0x0, 0x0,
    0x0, 0x0, 0x4, 0xf8, 0x0, 0x1e, 0x76, 0xd0,
    0x0, 0x0, 0x0, 0x5f, 0x60, 0x5, 0xf8, 0x6f,
    0x40, 0x0, 0x0, 0x7, 0xf5, 0x0, 0x9f, 0x44,
    0xf7, 0x0, 0x0, 0x0, 0x8f, 0x30, 0xe, 0xf0,
    0x1c, 0x40, 0x0, 0x0, 0xa, 0xf2, 0x5, 0xfd,
    0x88, 0x88, 0x84, 0x0, 0x3f, 0xff, 0xf5, 0xcf,
    0xff, 0xff, 0xff, 0x70, 0x4, 0xdf, 0xfd, 0x7f,
    0xf7, 0x6d, 0xf6, 0x62, 0x0, 0x0, 0xfd, 0xd,
    0xff, 0x0, 0xde, 0x0, 0x0, 0x0, 0x1f, 0xb8,
    0xff, 0xe0, 0xf, 0xc0, 0x0, 0x0, 0x2, 0xf9,
    0xbf, 0xff, 0xcc, 0xff, 0xcc, 0x0, 0x0, 0x4f,
    0x72, 0x6f, 0xff, 0xff, 0xff, 0xd0, 0x0, 0x6,
    0xfe, 0x92, 0xfa, 0x4, 0xf7, 0x0, 0x0, 0x3a,
    0xef, 0xf9, 0x4f, 0x80, 0x5f, 0x50, 0x0, 0x6,
    0xff, 0xf4, 0x5, 0xf6, 0x7, 0xf4, 0x0, 0x0,
    0x24, 0xbf, 0x10, 0x7f, 0xff, 0xff, 0xff, 0x60,
    0x0, 0xd, 0xf0, 0x9, 0xfc, 0xbe, 0xfb, 0xb4,
    0x0, 0x0, 0xed, 0x0, 0xaf, 0x10, 0xce, 0x0,
    0x0, 0x0, 0xf, 0xc0, 0xc, 0xf0, 0xe, 0xd0,
    0x0, 0x0, 0x12, 0xfa, 0x0, 0xee, 0x0, 0xfb,
    0x0, 0x0, 0x1f, 0x8f, 0x80, 0xf, 0xff, 0xff,
    0xff, 0xf7, 0x0, 0xef, 0xf4, 0x1, 0xfe, 0xcc,
    0xcc, 0xcc, 0x40, 0x5, 0xd8, 0x0, 0x3f, 0x90,
    0x0, 0x0, 0x0, 0x0,

    /* U+63CF "描" */
    0x0, 0x0, 0x5f, 0x60, 0x0, 0xda, 0x0, 0xda,
    0x0, 0x0, 0x0, 0x6f, 0x50, 0x1, 0xfb, 0x2,
    0xfa, 0x0, 0x0, 0x0, 0x8f, 0x41, 0x57, 0xfc,
    0x57, 0xfb, 0x52, 0x0, 0x0, 0x9f, 0x25, 0xff,
    0xff, 0xff, 0xff, 0xf5, 0x0, 0x0, 0xbf, 0x15,
    0xcd, 0xfd, 0xce, 0xfd, 0xc3, 0x0, 0x6f, 0xff,
    0xf5, 0x7, 0xf5, 0x8, 0xf4, 0x0, 0x0, 0x7e,
    0xff, 0xe3, 0x9, 0xf3, 0x9, 0xf3, 0x0, 0x0,
    0x0, 0xfc, 0x0, 0x1, 0x10, 0x1, 0x10, 0x0,
    0x0, 0x2, 0xfa, 0x5, 0xff, 0xff, 0xff, 0xfe,
    0x20, 0x0, 0x4, 0xf8, 0x7, 0xfc, 0xaf, 0xea,
    0xcf, 0x60, 0x0, 0x6, 0xfd, 0x88, 0xf5, 0xf,
    0xb0, 0x8f, 0x50, 0x0, 0x1b, 0xff, 0xda, 0xf3,
    0x2f, 0x90, 0xaf, 0x40, 0x6, 0xff, 0xf9, 0xc,
    0xf1, 0x4f, 0x70, 0xcf, 0x20, 0x3, 0xcd, 0xf2,
    0xd, 0xf7, 0xaf, 0xa7, 0xef, 0x0, 0x0, 0xc,
    0xf0, 0xf, 0xff, 0xff, 0xff, 0xff, 0x0, 0x0,
    0xe, 0xe0, 0xf, 0xc0, 0x9f, 0x31, 0xfd, 0x0,
    0x0, 0xf, 0xd0, 0x2f, 0xb0, 0xaf, 0x12, 0xfc,
    0x0, 0x0, 0x1f, 0xb0, 0x4f, 0x90, 0xcf, 0x4,
    0xfa, 0x0, 0x0, 0x3f, 0x90, 0x5f, 0x80, 0xde,
    0x5, 0xf8, 0x0, 0x4c, 0x5f, 0x70, 0x7f, 0x70,
    0xfc, 0x7, 0xf7, 0x0, 0x4f, 0xff, 0x40, 0x8f,
    0xca, 0xfe, 0xad, 0xf5, 0x0, 0xa, 0xf8, 0x0,
    0xaf, 0xff, 0xff, 0xff, 0xf4, 0x0, 0x0, 0x0,
    0x0, 0x0, 0x0, 0x0, 0x0, 0x0, 0x0,

    /* U+63D0 "提" */
    0x0, 0x0, 0x1f, 0xa0, 0x0, 0x0, 0x0, 0x0,
    0x0, 0x0, 0x3, 0xf9, 0x0, 0xaf, 0xff, 0xff,
    0xe2, 0x0, 0x0, 0x4f, 0x70, 0xb, 0xfa, 0xaa,
    0xcf, 0x50, 0x0, 0x6, 0xf5, 0x0, 0xdd, 0x0,
    0x7, 0xf4, 0x0, 0x3b, 0xdf, 0xda, 0xe, 0xfb,
    0xbb, 0xdf, 0x30, 0x6, 0xff, 0xff, 0xc0, 0xfe,
    0xdd, 0xdf, 0xf1, 0x0, 0x25, 0xcf, 0x53, 0x1f,
    0x90, 0x0, 0xbf, 0x0, 0x0, 0xd, 0xf0, 0x3,
    0xfd, 0xbb, 0xbf, 0xe0, 0x0, 0x0, 0xed, 0x0,
    0x4f, 0xff, 0xff, 0xfc, 0x0, 0x0, 0xf, 0xc0,
    0x0, 0x0, 0x0, 0x0, 0x0, 0x0, 0x2, 0xfe,
    0x97, 0xee, 0xee, 0xee, 0xee, 0x70, 0x3, 0xaf,
    0xfe, 0x9f, 0xff, 0xff, 0xff, 0xf6, 0x5, 0xff,
    0xfb, 0x10, 0x0, 0x2f, 0xb0, 0x0, 0x0, 0x2b,
    0xbf, 0x50, 0x47, 0x13, 0xf9, 0x0, 0x0, 0x0,
    0x9, 0xf3, 0x9, 0xf2, 0x5f, 0xdb, 0xb3, 0x0,
    0x0, 0xaf, 0x20, 0xdf, 0x7, 0xff, 0xff, 0x30,
    0x0, 0xc, 0xf0, 0x1f, 0xb0, 0x8f, 0x40, 0x0,
    0x0, 0x0, 0xef, 0x5, 0xfc, 0xa, 0xf2, 0x0,
    0x0, 0x1, 0xf, 0xd0, 0xbf, 0xf6, 0xcf, 0x0,
    0x0, 0x5, 0xf8, 0xfb, 0x1f, 0xde, 0xff, 0xe0,
    0x1, 0x40, 0x2f, 0xff, 0x89, 0xf7, 0x3f, 0xff,
    0xac, 0xfe, 0x0, 0x7f, 0xb1, 0x4d, 0x0, 0x2a,
    0xff, 0xfd, 0x80, 0x0, 0x0, 0x0, 0x0, 0x0,
    0x0, 0x10, 0x0, 0x0,

    /* U+63D2 "插" */
    0x0, 0x0, 0x2f, 0xa0, 0x0, 0x0, 0x0, 0x15,
    0x50, 0x0, 0x0, 0x3f, 0x80, 0x24, 0x69, 0xbe,
    0xff, 0xe0, 0x0, 0x0, 0x5f, 0x70, 0xcf, 0xff,
    0xff, 0xd9, 0x50, 0x0, 0x0, 0x6f, 0x50, 0x7a,
    0x87, 0xf9, 0x0, 0x0, 0x0, 0x13, 0x9f, 0x61,
    0x0, 0x3, 0xf8, 0x0, 0x0, 0x0, 0x6f, 0xff,
    0xf6, 0x0, 0x4, 0xf6, 0x0, 0x0, 0x0, 0x6c,
    0xff, 0xca, 0xff, 0xff, 0xff, 0xff, 0xf2, 0x0,
    0x0, 0xdf, 0x7, 0xee, 0xef, 0xfe, 0xee, 0xe0,
    0x0, 0x0, 0xed, 0x0, 0x0, 0x9, 0xf1, 0x0,
    0x0, 0x0, 0x0, 0xfc, 0x30, 0x0, 0xb, 0xf0,
    0x0, 0x0, 0x0, 0x2, 0xff, 0xd0, 0x4c, 0x3d,
    0xe5, 0x98, 0x0, 0x3, 0xbf, 0xff, 0xa7, 0xff,
    0x6e, 0xc9, 0xff, 0x50, 0x5, 0xfe, 0xf7, 0x8,
    0xf2, 0xf, 0xb1, 0x7f, 0x50, 0x1, 0x27, 0xf5,
    0xa, 0xf0, 0x1f, 0x90, 0x8f, 0x30, 0x0, 0x9,
    0xf4, 0xc, 0xd0, 0x3f, 0x80, 0x9f, 0x20, 0x0,
    0xa, 0xf2, 0xd, 0xff, 0x6f, 0x8f, 0xff, 0x0,
    0x0, 0xc, 0xf0, 0xf, 0xda, 0x6f, 0x6a, 0xfe,
    0x0, 0x0, 0xd, 0xf0, 0x1f, 0x80, 0x7f, 0x30,
    0xed, 0x0, 0x0, 0xf, 0xd0, 0x2f, 0x70, 0x9f,
    0x10, 0xfb, 0x0, 0xa, 0x6f, 0xb0, 0x4f, 0x60,
    0xbf, 0x1, 0xfa, 0x0, 0xd, 0xef, 0x70, 0x6f,
    0xdc, 0xff, 0xcc, 0xf8, 0x0, 0x5, 0xeb, 0x0,
    0x7f, 0xff, 0xff, 0xff, 0xf6, 0x0, 0x0, 0x0,
    0x0, 0x0, 0x0, 0x0, 0x0, 0x0, 0x0,

    /* U+63F4 "援" */
    0x0, 0x0, 0x6f, 0x40, 0x0, 0x13, 0x45, 0x79,
    0xa0, 0x0, 0x0, 0x8f, 0x32, 0xff, 0xff, 0xff,
    0xff, 0xf2, 0x0, 0x0, 0x9f, 0x10, 0xdd, 0xba,
    0x86, 0x42, 0x0, 0x0, 0x0, 0xbf, 0x0, 0x2,
    0x4, 0x50, 0x19, 0x20, 0x0, 0x1, 0xdf, 0x10,
    0x8f, 0xa, 0xe0, 0x6f, 0x30, 0x0, 0x5f, 0xff,
    0xf0, 0x6f, 0x38, 0xf1, 0xdd, 0x0, 0x0, 0x6e,
    0xff, 0xd6, 0xff, 0xff, 0xff, 0xff, 0x80, 0x0,
    0x2, 0xfa, 0x5, 0xaa, 0xff, 0xaa, 0xaa, 0x40,
    0x0, 0x3, 0xf8, 0x0, 0x1, 0xfb, 0x0, 0x0,
    0x0, 0x0, 0x5, 0xf6, 0xb, 0xbc, 0xfe, 0xbb,
    0xbb, 0x40, 0x0, 0x7, 0xfa, 0x3f, 0xff, 0xff,
    0xff, 0xff, 0x50, 0x0, 0x1a, 0xff, 0x60, 0xe,
    0xf0, 0x0, 0x0, 0x0, 0x7, 0xff, 0xf9, 0x10,
    0x3f, 0xa0, 0x0, 0x0, 0x0, 0x7, 0xce, 0xf0,
    0x0, 0x8f, 0xff, 0xff, 0xd3, 0x0, 0x0, 0xe,
    0xe0, 0x0, 0xef, 0xeb, 0xbd, 0xf6, 0x0, 0x0,
    0xf, 0xc0, 0x7, 0xff, 0xd0, 0xb, 0xf1, 0x0,
    0x0, 0x1f, 0xb0, 0xe, 0xf9, 0xf4, 0x5f, 0x90,
    0x0, 0x0, 0x3f, 0x90, 0x8f, 0x71, 0xfd, 0xfe,
    0x10, 0x0, 0x0, 0x4f, 0x73, 0xfe, 0x0, 0x9f,
    0xf4, 0x0, 0x0, 0x3f, 0x7f, 0x7e, 0xf4, 0x8,
    0xff, 0xfc, 0x10, 0x0, 0x1f, 0xff, 0x3e, 0x87,
    0xff, 0xd3, 0xaf, 0xf6, 0x0, 0x9, 0xf7, 0x2,
    0x4, 0xd6, 0x0, 0x5, 0xd3, 0x0, 0x0, 0x0,
    0x0, 0x0, 0x0, 0x0, 0x0, 0x0, 0x0,

    /* U+641C "搜" */
    0x0, 0x1, 0xfa, 0x0, 0x16, 0x2e, 0x80, 0x0,
    0x0, 0x2, 0xf9, 0x7, 0xff, 0x6f, 0x7f, 0xf9,
    0x0, 0x4, 0xf7, 0xb, 0xf6, 0x5f, 0x6a, 0xed,
    0x0, 0x6, 0xf6, 0xd, 0xc0, 0x6f, 0x40, 0xdc,
    0x0, 0x7, 0xf5, 0xe, 0xb0, 0x8f, 0x20, 0xea,
    0x0, 0xff, 0xff, 0x5f, 0xfc, 0xaf, 0x6f, 0xf9,
    0x1, 0xdf, 0xfd, 0x5f, 0xc5, 0xbf, 0x39, 0xf7,
    0x0, 0xc, 0xf0, 0x3f, 0x60, 0xdd, 0x3, 0xf5,
    0x0, 0xe, 0xd0, 0x4f, 0xca, 0xfe, 0xac, 0xf4,
    0x0, 0xf, 0xc0, 0x6f, 0xff, 0xff, 0xff, 0xf2,
    0x0, 0x1f, 0xb4, 0x0, 0x2, 0xf9, 0x0, 0x0,
    0x0, 0x5f, 0xfc, 0x0, 0x4, 0xf7, 0x0, 0x0,
    0x2e, 0xff, 0xe6, 0xbf, 0xff, 0xff, 0xff, 0x50,
    0x2f, 0xdf, 0x50, 0xaf, 0xfc, 0xcc, 0xef, 0x90,
    0x0, 0x8f, 0x30, 0xd, 0xf2, 0x0, 0xdf, 0x40,
    0x0, 0xaf, 0x20, 0x8, 0xf8, 0x7, 0xfb, 0x0,
    0x0, 0xbf, 0x0, 0x1, 0xff, 0x6f, 0xe2, 0x0,
    0x0, 0xde, 0x0, 0x0, 0x7f, 0xff, 0x40, 0x0,
    0x0, 0xfd, 0x0, 0x1, 0x9f, 0xfd, 0x10, 0x0,
    0xd7, 0xfb, 0x1, 0x7e, 0xfe, 0xcf, 0xe5, 0x0,
    0xcf, 0xf7, 0x5f, 0xff, 0x90, 0x9, 0xff, 0xd0,
    0x5e, 0xb0, 0xd, 0x92, 0x0, 0x0, 0x3b, 0x90,
    0x0, 0x0, 0x0, 0x0, 0x0, 0x0, 0x0, 0x0,

    /* U+6447 "摇" */
    0x0, 0x0, 0x5f, 0x60, 0x0, 0x0, 0x3, 0x69,
    0xa0, 0x0, 0x0, 0x6f, 0x55, 0xab, 0xde, 0xff,
    0xff, 0xf2, 0x0, 0x0, 0x8f, 0x37, 0xff, 0xff,
    0xeb, 0x85, 0x10, 0x0, 0x0, 0x9f, 0x22, 0x54,
    0x16, 0x50, 0x9, 0x50, 0x0, 0x5d, 0xff, 0xd4,
    0xad, 0xd, 0xd0, 0x3f, 0xa0, 0x0, 0x7f, 0xff,
    0xf4, 0x9f, 0x2a, 0xf0, 0xaf, 0x40, 0x0, 0x12,
    0xfd, 0x20, 0x5b, 0x25, 0x74, 0xfc, 0x0, 0x0,
    0x0, 0xfb, 0x0, 0x26, 0x0, 0x3, 0xc3, 0x0,
    0x0, 0x2, 0xfa, 0x0, 0xaf, 0x40, 0x0, 0x0,
    0x0, 0x0, 0x4, 0xf8, 0x2, 0xff, 0xff, 0xff,
    0xff, 0x30, 0x0, 0x5, 0xf7, 0x2d, 0xfb, 0xbf,
    0xfb, 0xbb, 0x10, 0x0, 0x7, 0xff, 0xad, 0x90,
    0xf, 0xd0, 0x0, 0x0, 0x2, 0x9f, 0xff, 0x71,
    0x10, 0x2f, 0xc0, 0x0, 0x0, 0x7, 0xff, 0xf3,
    0x3f, 0xff, 0xff, 0xff, 0xff, 0xa0, 0x3, 0x7d,
    0xf0, 0x3b, 0xbb, 0xcf, 0xdb, 0xbb, 0x60, 0x0,
    0xe, 0xe0, 0x0, 0x0, 0x6f, 0x70, 0x0, 0x0,
    0x0, 0xf, 0xd0, 0x7, 0x80, 0x8f, 0x50, 0x86,
    0x0, 0x0, 0x1f, 0xb0, 0xe, 0xd0, 0x9f, 0x41,
    0xfa, 0x0, 0x0, 0x2f, 0x90, 0xf, 0xb0, 0xbf,
    0x23, 0xf8, 0x0, 0x28, 0x4f, 0x70, 0x2f, 0xa0,
    0xcf, 0x14, 0xf7, 0x0, 0x4f, 0xcf, 0x40, 0x3f,
    0xec, 0xff, 0xcd, 0xf5, 0x0, 0xb, 0xf8, 0x0,
    0x5f, 0xff, 0xff, 0xff, 0xf3, 0x0, 0x0, 0x0,
    0x0, 0x0, 0x0, 0x0, 0x0, 0x0, 0x0,

    /* U+6458 "摘" */
    0x0, 0x0, 0x4f, 0x60, 0x0, 0x4, 0xf8, 0x0,
    0x0, 0x0, 0x0, 0x6f, 0x50, 0x0, 0x5, 0xf7,
    0x0, 0x0, 0x0, 0x0, 0x7f, 0x33, 0xcc, 0xcd,
    0xfd, 0xcc, 0xc1, 0x0, 0x0, 0x9f, 0x26, 0xff,
    0xff, 0xff, 0xff, 0xf0, 0x0, 0x4, 0xcf, 0x50,
    0x7, 0xf4, 0xb, 0xf1, 0x0, 0x0, 0x2f, 0xff,
    0xf0, 0x3, 0xf6, 0x2f, 0x90, 0x0, 0x0, 0x2b,
    0xff, 0xa5, 0xbb, 0xfd, 0xdf, 0xc9, 0x20, 0x0,
    0x0, 0xfb, 0x9, 0xff, 0xff, 0xff, 0xff, 0x90,
    0x0, 0x1, 0xfa, 0xa, 0xf0, 0x6, 0x40, 0x1f,
    0x90, 0x0, 0x3, 0xf8, 0xc, 0xe0, 0xf, 0x80,
    0x2f, 0x70, 0x0, 0x5, 0xf9, 0x2e, 0xcb, 0xff,
    0xff, 0x7f, 0x50, 0x0, 0x19, 0xff, 0x7f, 0xb6,
    0xaf, 0xa8, 0x7f, 0x40, 0x4, 0xff, 0xfc, 0x5f,
    0x90, 0x6f, 0x40, 0x7f, 0x20, 0x3, 0xde, 0xf2,
    0x3f, 0x7a, 0xff, 0xf7, 0x9f, 0x0, 0x0, 0xc,
    0xf0, 0x4f, 0x6b, 0xd7, 0xf8, 0xaf, 0x0, 0x0,
    0xd, 0xe0, 0x6f, 0x4d, 0x90, 0xf7, 0xcd, 0x0,
    0x0, 0xf, 0xd0, 0x8f, 0x2f, 0xc9, 0xf5, 0xec,
    0x0, 0x0, 0x1f, 0xb0, 0x9f, 0x2f, 0xff, 0xf3,
    0xfa, 0x0, 0x1, 0x3f, 0x90, 0xbf, 0x0, 0x0,
    0x1, 0xf8, 0x0, 0x1f, 0x8f, 0x70, 0xdd, 0x0,
    0x69, 0x5, 0xf6, 0x0, 0xe, 0xff, 0x40, 0xec,
    0x0, 0xaf, 0xae, 0xf1, 0x0, 0x6, 0xf9, 0x0,
    0xfa, 0x0, 0x1d, 0xff, 0x50, 0x0, 0x0, 0x0,
    0x0, 0x10, 0x0, 0x0, 0x10, 0x0, 0x0,

    /* U+6478 "摸" */
    0x0, 0x0, 0x6f, 0x50, 0x5, 0xe6, 0x6, 0xe5,
    0x0, 0x0, 0x0, 0x8f, 0x40, 0x7, 0xf5, 0x8,
    0xf4, 0x0, 0x0, 0x0, 0x9f, 0x27, 0xff, 0xff,
    0xff, 0xff, 0xf0, 0x0, 0x0, 0xbf, 0x17, 0xce,
    0xfc, 0xcf, 0xfc, 0xb0, 0x0, 0x4a, 0xef, 0xa3,
    0xc, 0xf0, 0xd, 0xf0, 0x0, 0x0, 0x7f, 0xff,
    0xf4, 0x4, 0x50, 0x5, 0x40, 0x0, 0x0, 0x25,
    0xfd, 0x51, 0xff, 0xff, 0xff, 0xfa, 0x0, 0x0,
    0x2, 0xfa, 0x1, 0xfd, 0xaa, 0xaa, 0xff, 0x0,
    0x0, 0x3, 0xf8, 0x3, 0xf9, 0x0, 0x0, 0xed,
    0x0, 0x0, 0x5, 0xf7, 0x4, 0xff, 0xff, 0xff,
    0xfb, 0x0, 0x0, 0x7, 0xfa, 0x46, 0xfa, 0x77,
    0x78, 0xfa, 0x0, 0x0, 0x3c, 0xff, 0xc8, 0xfb,
    0x99, 0x9a, 0xf8, 0x0, 0x7, 0xff, 0xfc, 0x39,
    0xff, 0xff, 0xff, 0xf6, 0x0, 0x2, 0xae, 0xf0,
    0x0, 0x0, 0xdf, 0x0, 0x0, 0x0, 0x0, 0xe,
    0xf0, 0x89, 0x99, 0xff, 0x99, 0x99, 0x0, 0x0,
    0xf, 0xd0, 0xff, 0xff, 0xff, 0xff, 0xff, 0x0,
    0x0, 0x1f, 0xb0, 0x11, 0x2e, 0xff, 0x81, 0x11,
    0x0, 0x0, 0x3f, 0xa0, 0x0, 0x9f, 0x9d, 0xe1,
    0x0, 0x0, 0x13, 0x5f, 0x80, 0x7, 0xfe, 0x15,
    0xfc, 0x0, 0x0, 0x7f, 0xaf, 0x61, 0xbf, 0xf3,
    0x0, 0xaf, 0xc1, 0x0, 0x4f, 0xff, 0x2d, 0xfe,
    0x30, 0x0, 0xc, 0xfd, 0x0, 0xa, 0xf7, 0x5,
    0xa1, 0x0, 0x0, 0x0, 0x95, 0x0, 0x0, 0x0,
    0x0, 0x0, 0x0, 0x0, 0x0, 0x0, 0x0,

    /* U+64AD "播" */
    0x0, 0x0, 0x6f, 0x50, 0x1, 0x23, 0x57, 0x9c,
    0x70, 0x0, 0x7, 0xf4, 0xf, 0xff, 0xff, 0xff,
    0xf9, 0x0, 0x0, 0x9f, 0x20, 0x99, 0x8a, 0xfa,
    0x41, 0x0, 0x0, 0xa, 0xf1, 0x0, 0xa6, 0x5f,
    0x4b, 0x80, 0x0, 0x25, 0xdf, 0x51, 0xf, 0xa7,
    0xf4, 0xf8, 0x0, 0x7, 0xff, 0xff, 0x30, 0xbd,
    0x8f, 0xaf, 0x20, 0x0, 0x6c, 0xff, 0xc8, 0xff,
    0xff, 0xff, 0xff, 0xc0, 0x0, 0x1f, 0xb0, 0x59,
    0xbf, 0xff, 0xfb, 0x96, 0x0, 0x2, 0xf9, 0x0,
    0xa, 0xee, 0xde, 0x90, 0x0, 0x0, 0x4f, 0x70,
    0x8, 0xf5, 0xfa, 0x8f, 0x30, 0x0, 0x6, 0xf9,
    0x3a, 0xfa, 0xf, 0x90, 0xde, 0x20, 0x3, 0xbf,
    0xf9, 0x9a, 0x2, 0xf7, 0x1, 0xe6, 0x9, 0xff,
    0xfc, 0x47, 0x99, 0x9c, 0xa9, 0x72, 0x0, 0x69,
    0xdf, 0x10, 0xef, 0xff, 0xff, 0xff, 0x60, 0x0,
    0xd, 0xf0, 0xf, 0xb0, 0xaf, 0x5, 0xf6, 0x0,
    0x0, 0xee, 0x1, 0xf9, 0xc, 0xd0, 0x6f, 0x50,
    0x0, 0xf, 0xc0, 0x2f, 0xff, 0xff, 0xff, 0xf3,
    0x0, 0x1, 0xfb, 0x4, 0xfa, 0x7f, 0xc7, 0xcf,
    0x20, 0x0, 0x3f, 0x90, 0x5f, 0x50, 0xf8, 0xb,
    0xf0, 0x3, 0xf7, 0xf7, 0x6, 0xf3, 0x2f, 0x70,
    0xcf, 0x0, 0x1f, 0xff, 0x30, 0x8f, 0xff, 0xfc,
    0xae, 0xd0, 0x0, 0x8f, 0x90, 0x9, 0xff, 0xff,
    0xff, 0xfc, 0x0, 0x0, 0x0, 0x0, 0x0, 0x0,
    0x0, 0x0, 0x0, 0x0,

    /* U+64CD "操" */
    0x0, 0x0, 0x4f, 0x70, 0x0, 0x0, 0x0, 0x0,
    0x0, 0x0, 0x6, 0xf6, 0x0, 0xff, 0xff, 0xff,
    0x90, 0x0, 0x0, 0x7f, 0x40, 0x1f, 0xc8, 0x88,
    0xfe, 0x0, 0x0, 0x9, 0xf3, 0x3, 0xf8, 0x0,
    0xf, 0xc0, 0x0, 0x14, 0xbf, 0x51, 0x4f, 0xc9,
    0x99, 0xfb, 0x0, 0x6, 0xff, 0xff, 0x55, 0xff,
    0xff, 0xff, 0x90, 0x0, 0x38, 0xfe, 0x82, 0x0,
    0x0, 0x0, 0x0, 0x0, 0x0, 0xf, 0xc0, 0x8f,
    0xff, 0x4a, 0xff, 0xf3, 0x0, 0x1, 0xfa, 0xa,
    0xd7, 0xf6, 0xcc, 0x8f, 0x40, 0x0, 0x3f, 0x90,
    0xba, 0x1f, 0x4e, 0x73, 0xf3, 0x0, 0x5, 0xf8,
    0x2d, 0xff, 0xf3, 0xff, 0xff, 0x10, 0x0, 0x7f,
    0xfc, 0x88, 0x88, 0x18, 0x88, 0x80, 0x3, 0xaf,
    0xfd, 0x60, 0x0, 0x8d, 0x10, 0x0, 0x0, 0x4f,
    0xff, 0x2b, 0xbb, 0xbe, 0xfb, 0xbb, 0xb4, 0x0,
    0x1c, 0xf2, 0xff, 0xff, 0xff, 0xff, 0xff, 0x50,
    0x0, 0xef, 0x0, 0xa, 0xff, 0xef, 0x70, 0x0,
    0x0, 0xf, 0xd0, 0x3, 0xf9, 0xfb, 0xce, 0x0,
    0x0, 0x1, 0xfb, 0x1, 0xee, 0x3f, 0x94, 0xf9,
    0x0, 0x0, 0x3f, 0xa1, 0xcf, 0x64, 0xf7, 0xb,
    0xf7, 0x5, 0xf8, 0xf8, 0xcf, 0x90, 0x5f, 0x60,
    0x1e, 0xf3, 0x3f, 0xff, 0x44, 0xa0, 0x7, 0xf4,
    0x0, 0x29, 0x0, 0x9f, 0x90, 0x0, 0x0, 0x9f,
    0x20, 0x0, 0x0, 0x0, 0x0, 0x0, 0x0, 0x0,
    0x10, 0x0, 0x0, 0x0,

    /* U+64E6 "擦" */
    0x0, 0x0, 0x8f, 0x10, 0x0, 0xb, 0xf1, 0x0,
    0x0, 0x0, 0xa, 0xf0, 0x0, 0x0, 0xcf, 0x0,
    0x0, 0x0, 0x0, 0xce, 0x7, 0xff, 0xff, 0xff,
    0xff, 0xa0, 0x0, 0xd, 0xd0, 0x8f, 0x88, 0x88,
    0x88, 0xed, 0x0, 0x0, 0xfc, 0x9, 0xfc, 0x10,
    0xa6, 0xd, 0xb0, 0x3, 0xff, 0xf9, 0x8, 0xf9,
    0x5d, 0xda, 0x80, 0x0, 0x4d, 0xfe, 0x51, 0xfd,
    0xed, 0xce, 0xcf, 0x10, 0x0, 0x4f, 0x60, 0x9f,
    0xbd, 0x8a, 0xca, 0xc0, 0x0, 0x6, 0xf5, 0x6f,
    0xac, 0xf2, 0x6f, 0xf6, 0x0, 0x0, 0x7f, 0x32,
    0x7e, 0xf8, 0x1, 0xfd, 0x0, 0x0, 0x9, 0xf5,
    0x3, 0xef, 0xff, 0xfe, 0xf4, 0x0, 0x0, 0xcf,
    0xf4, 0xfd, 0x49, 0x99, 0x5c, 0xf2, 0x7, 0xff,
    0xf9, 0x18, 0x0, 0x0, 0x0, 0x7, 0x0, 0x6d,
    0xfc, 0x4, 0xbb, 0xbb, 0xbb, 0xbb, 0x90, 0x0,
    0xf, 0xb0, 0x7f, 0xff, 0xff, 0xff, 0xfb, 0x0,
    0x1, 0xf9, 0x0, 0x0, 0xd, 0xe0, 0x0, 0x0,
    0x0, 0x3f, 0x80, 0xc, 0x50, 0xed, 0x2b, 0x40,
    0x0, 0x5, 0xf6, 0x7, 0xf7, 0xf, 0xb2, 0xf9,
    0x0, 0x0, 0x6f, 0x40, 0xef, 0x1, 0xf9, 0xe,
    0xd0, 0x3, 0xf8, 0xf2, 0x9f, 0x71, 0x3f, 0x80,
    0x9f, 0x30, 0x2f, 0xfe, 0xc, 0xc6, 0xfd, 0xf5,
    0x3, 0xf8, 0x0, 0x9e, 0x50, 0x1, 0xd, 0xfc,
    0x0, 0x3, 0x0, 0x0, 0x0, 0x0, 0x0, 0x2,
    0x0, 0x0, 0x0, 0x0,

    /* U+652F "支" */
    0x0, 0x0, 0x0, 0x0, 0xe, 0xf1, 0x0, 0x0,
    0x0, 0x0, 0x0, 0x0, 0x0, 0xf, 0xf0, 0x0,
    0x0, 0x0, 0x0, 0x0, 0x0, 0x0, 0xf, 0xf0,
    0x0, 0x0, 0x0, 0x0, 0x2, 0x22, 0x22, 0x3f,
    0xe2, 0x22, 0x22, 0x20, 0x0, 0x4f, 0xff, 0xff,
    0xff, 0xff, 0xff, 0xff, 0xf0, 0x0, 0x4d, 0xdd,
    0xdd, 0xef, 0xed, 0xdd, 0xdd, 0xb0, 0x0, 0x0,
    0x0, 0x0, 0x7f, 0x80, 0x0, 0x0, 0x0, 0x0,
    0x0, 0x0, 0x0, 0x9f, 0x70, 0x0, 0x0, 0x0,
    0x0, 0x0, 0x0, 0x0, 0xbf, 0x50, 0x0, 0x0,
    0x0, 0x0, 0xb, 0xff, 0xff, 0xff, 0xff, 0xff,
    0x80, 0x0, 0x0, 0xb, 0xee, 0xee, 0xee, 0xee,
    0xff, 0xd0, 0x0, 0x0, 0x0, 0x6, 0x0, 0x0,
    0x0, 0xbf, 0x90, 0x0, 0x0, 0x0, 0xaf, 0x70,
    0x0, 0x3, 0xff, 0x10, 0x0, 0x0, 0x0, 0x3f,
    0xf1, 0x0, 0xd, 0xf7, 0x0, 0x0, 0x0, 0x0,
    0xa, 0xfc, 0x0, 0xaf, 0xc0, 0x0, 0x0, 0x0,
    0x0, 0x1, 0xef, 0x9a, 0xfe, 0x10, 0x0, 0x0,
    0x0, 0x0, 0x0, 0x3f, 0xff, 0xe2, 0x0, 0x0,
    0x0, 0x0, 0x0, 0x0, 0x6f, 0xff, 0xb0, 0x0,
    0x0, 0x0, 0x0, 0x0, 0x5d, 0xff, 0xbf, 0xfd,
    0x50, 0x0, 0x0, 0x5, 0x9e, 0xff, 0xd5, 0x2,
    0xcf, 0xfd, 0x61, 0x0, 0x1f, 0xff, 0xd6, 0x0,
    0x0, 0x6, 0xef, 0xf8, 0x0, 0x9, 0x73, 0x0,
    0x0, 0x0, 0x0, 0x5, 0xa2, 0x0,

    /* U+6536 "收" */
    0x0, 0x0, 0x0, 0xf, 0xf0, 0x5, 0xa2, 0x0,
    0x0, 0x0, 0x0, 0x0, 0x1f, 0xd0, 0xa, 0xf6,
    0x0, 0x0, 0x0, 0x3, 0x51, 0x2f, 0xc0, 0xe,
    0xf2, 0x0, 0x0, 0x0, 0xa, 0xf2, 0x4f, 0xa0,
    0x3f, 0xe0, 0x0, 0x0, 0x0, 0xb, 0xf1, 0x5f,
    0x90, 0x9f, 0xff, 0xff, 0xf2, 0x0, 0xd, 0xf0,
    0x7f, 0x70, 0xef, 0xdd, 0xff, 0xe0, 0x0, 0xf,
    0xd0, 0x9f, 0x65, 0xfc, 0x0, 0xdf, 0x0, 0x0,
    0x1f, 0xb0, 0xaf, 0x4b, 0xf8, 0x0, 0xfd, 0x0,
    0x0, 0x2f, 0xa0, 0xcf, 0x6f, 0xf9, 0x3, 0xfa,
    0x0, 0x0, 0x4f, 0x80, 0xdf, 0xdf, 0xfa, 0x7,
    0xf6, 0x0, 0x0, 0x6f, 0x60, 0xff, 0xdc, 0xfc,
    0xb, 0xf2, 0x0, 0x0, 0x7f, 0x50, 0xfe, 0x12,
    0xee, 0x1f, 0xe0, 0x0, 0x0, 0x9f, 0x32, 0xfc,
    0x0, 0xbf, 0x8f, 0x90, 0x0, 0x0, 0xbf, 0x14,
    0xfa, 0x0, 0x8f, 0xff, 0x30, 0x0, 0x0, 0xcf,
    0x5e, 0xf9, 0x0, 0x3f, 0xfc, 0x0, 0x0, 0x0,
    0xef, 0xff, 0xf7, 0x0, 0xf, 0xf5, 0x0, 0x0,
    0xd, 0xff, 0xcc, 0xf5, 0x0, 0x8f, 0xf8, 0x0,
    0x0, 0xb, 0xc5, 0xb, 0xf4, 0x4, 0xff, 0xff,
    0x10, 0x0, 0x0, 0x0, 0xc, 0xf2, 0x3e, 0xf7,
    0x7f, 0xb0, 0x0, 0x0, 0x0, 0xe, 0xf3, 0xef,
    0xa0, 0xd, 0xf7, 0x0, 0x0, 0x0, 0xf, 0xfe,
    0xfc, 0x0, 0x2, 0xff, 0x20, 0x0, 0x0, 0x1f,
    0xd7, 0xc0, 0x0, 0x0, 0x5b, 0x0, 0x0, 0x0,
    0x0, 0x0, 0x0, 0x0, 0x0, 0x0, 0x0,

    /* U+6539 "改" */
    0x0, 0x0, 0x0, 0x0, 0x0, 0x2, 0x0, 0x0,
    0x0, 0x0, 0x0, 0x0, 0x0, 0x0, 0xef, 0x0,
    0x0, 0x0, 0xd, 0xdd, 0xd9, 0x0, 0x4f, 0xb0,
    0x0, 0x0, 0x1, 0xff, 0xff, 0xf3, 0x9, 0xf6,
    0x0, 0x0, 0x0, 0x1, 0x11, 0xcf, 0x20, 0xef,
    0xff, 0xff, 0xf0, 0x0, 0x0, 0xd, 0xf0, 0x5f,
    0xed, 0xef, 0xeb, 0x0, 0x0, 0x0, 0xfe, 0xc,
    0xf6, 0x9, 0xf5, 0x0, 0x0, 0x0, 0x1f, 0xd3,
    0xff, 0x60, 0xcf, 0x20, 0x0, 0x0, 0x3, 0xfb,
    0xcf, 0xf6, 0xf, 0xf0, 0x0, 0x6, 0xff, 0xff,
    0xdf, 0xdf, 0x74, 0xfb, 0x0, 0x0, 0x8f, 0xee,
    0xef, 0xf3, 0xf9, 0x8f, 0x60, 0x0, 0xa, 0xf3,
    0x0, 0x99, 0xf, 0xbe, 0xf2, 0x0, 0x0, 0xbf,
    0x20, 0x0, 0x0, 0xcf, 0xfc, 0x0, 0x0, 0xd,
    0xf0, 0x0, 0x0, 0x9, 0xff, 0x60, 0x0, 0x0,
    0xfe, 0x0, 0x0, 0x0, 0x6f, 0xe0, 0x0, 0x0,
    0xf, 0xc0, 0x1a, 0x10, 0xd, 0xfe, 0x0, 0x0,
    0x2, 0xfb, 0x5e, 0xf8, 0x9, 0xff, 0xf6, 0x0,
    0x0, 0x4f, 0xff, 0xf9, 0x8, 0xff, 0x4f, 0xe1,
    0x0, 0x1a, 0xff, 0xe4, 0x9, 0xff, 0x40, 0x8f,
    0xc0, 0x2, 0xff, 0x70, 0x1c, 0xff, 0x50, 0x0,
    0xdf, 0xa0, 0x5, 0x10, 0xa, 0xfe, 0x40, 0x0,
    0x2, 0xff, 0x20, 0x0, 0x0, 0x2b, 0x20, 0x0,
    0x0, 0x3, 0x50,

    /* U+653E "放" */
    0x0, 0x0, 0x3, 0xfb, 0x0, 0x7, 0x91, 0x0,
    0x0, 0x0, 0x0, 0x4, 0xfa, 0x0, 0xc, 0xf1,
    0x0, 0x0, 0x0, 0x0, 0x6, 0xf9, 0x0, 0xf,
    0xe0, 0x0, 0x0, 0x0, 0x3b, 0xbd, 0xfd, 0xbb,
    0x6f, 0xb0, 0x0, 0x0, 0x0, 0x6f, 0xff, 0xff,
    0xff, 0xaf, 0xff, 0xff, 0xfa, 0x0, 0x13, 0xfd,
    0x33, 0x33, 0xff, 0xdd, 0xff, 0xe7, 0x0, 0x1,
    0xfb, 0x0, 0x5, 0xfd, 0x0, 0xbf, 0x0, 0x0,
    0x3, 0xf9, 0x0, 0xd, 0xfd, 0x0, 0xed, 0x0,
    0x0, 0x5, 0xfe, 0xdd, 0xbf, 0xfd, 0x2, 0xfa,
    0x0, 0x0, 0x7, 0xff, 0xff, 0xff, 0xce, 0x5,
    0xf7, 0x0, 0x0, 0x9, 0xf4, 0xf, 0xd3, 0x8f,
    0x9, 0xf4, 0x0, 0x0, 0xb, 0xf1, 0xf, 0xb0,
    0x7f, 0x1e, 0xf0, 0x0, 0x0, 0xd, 0xf0, 0x2f,
    0x90, 0x5f, 0x9f, 0xa0, 0x0, 0x0, 0xf, 0xc0,
    0x4f, 0x80, 0x2f, 0xff, 0x50, 0x0, 0x0, 0x3f,
    0x90, 0x6f, 0x60, 0xe, 0xfd, 0x0, 0x0, 0x0,
    0x7f, 0x60, 0x8f, 0x40, 0xd, 0xf6, 0x0, 0x0,
    0x0, 0xbf, 0x20, 0xaf, 0x20, 0x7f, 0xfa, 0x0,
    0x0, 0x1, 0xfe, 0x0, 0xbf, 0x2, 0xff, 0xef,
    0x30, 0x0, 0x6, 0xf9, 0x0, 0xdf, 0x1e, 0xf7,
    0x4f, 0xc0, 0x0, 0xd, 0xf8, 0xb0, 0xfe, 0xdf,
    0xb0, 0xa, 0xfa, 0x0, 0x6f, 0xc5, 0xfd, 0xfc,
    0xfc, 0x0, 0x0, 0xdf, 0x60, 0x2b, 0x30, 0x9f,
    0xc1, 0x61, 0x0, 0x0, 0x2b, 0x0, 0x0, 0x0,
    0x0, 0x0, 0x0, 0x0, 0x0, 0x0, 0x0,

    /* U+6545 "故" */
    0x0, 0x0, 0x0, 0x0, 0x0, 0x0, 0x0, 0x0,
    0x0, 0x0, 0x9f, 0x50, 0x0, 0x6c, 0x40, 0x0,
    0x0, 0x0, 0xbf, 0x30, 0x0, 0xaf, 0x40, 0x0,
    0x0, 0x0, 0xcf, 0x20, 0x0, 0xff, 0x0, 0x0,
    0x0, 0x0, 0xef, 0x0, 0x3, 0xfe, 0x55, 0x54,
    0x0, 0x0, 0xff, 0x0, 0x9, 0xff, 0xff, 0xfc,
    0x7, 0xff, 0xff, 0xff, 0x2e, 0xfc, 0xcf, 0xf9,
    0x6, 0xcc, 0xfe, 0xcc, 0x5f, 0xd0, 0xf, 0xe0,
    0x0, 0x4, 0xfa, 0x0, 0xaf, 0x80, 0x2f, 0xb0,
    0x0, 0x6, 0xf8, 0x2, 0xff, 0x80, 0x5f, 0x80,
    0x0, 0x8, 0xf6, 0xa, 0xff, 0x90, 0x9f, 0x50,
    0x0, 0x9, 0xf5, 0xe, 0xee, 0xa0, 0xdf, 0x10,
    0x8, 0xff, 0xff, 0xb2, 0x4c, 0xd2, 0xfd, 0x0,
    0xa, 0xfe, 0xef, 0xf2, 0xa, 0xf8, 0xf7, 0x0,
    0xc, 0xf0, 0xb, 0xf1, 0x6, 0xff, 0xf2, 0x0,
    0xd, 0xe0, 0xd, 0xf0, 0x2, 0xff, 0xc0, 0x0,
    0xf, 0xd0, 0xe, 0xd0, 0x0, 0xff, 0x40, 0x0,
    0x1f, 0xb0, 0xf, 0xc0, 0x7, 0xff, 0x50, 0x0,
    0x2f, 0xa0, 0x2f, 0xa0, 0x3f, 0xff, 0xd0, 0x0,
    0x4f, 0xff, 0xff, 0x81, 0xef, 0x7a, 0xf5, 0x0,
    0x5f, 0xdc, 0xcc, 0x7d, 0xfb, 0x2, 0xfe, 0x10,
    0x7f, 0x40, 0x2, 0xef, 0xc1, 0x0, 0x9f, 0x90,
    0x8f, 0x30, 0x1, 0xdc, 0x0, 0x0, 0x1e, 0xa0,
    0x0, 0x0, 0x0, 0x10, 0x0, 0x0, 0x3, 0x0,

    /* U+6548 "效" */
    0x0, 0x0, 0x0, 0xfd, 0x0, 0x0, 0x49, 0x30,
    0x0, 0x0, 0x0, 0x1, 0xfb, 0x0, 0x0, 0x9f,
    0x50, 0x0, 0x0, 0x1, 0x13, 0xfb, 0x11, 0x10,
    0xdf, 0x20, 0x0, 0x0, 0x2f, 0xff, 0xff, 0xff,
    0x81, 0xfe, 0x0, 0x0, 0x0, 0x2d, 0xdd, 0xdd,
    0xdd, 0x56, 0xff, 0xff, 0xf2, 0x0, 0x0, 0x75,
    0x5, 0x60, 0xb, 0xfe, 0xef, 0xe0, 0x0, 0x2,
    0xfc, 0xd, 0xe0, 0x1f, 0xe0, 0x8f, 0x40, 0x0,
    0x8, 0xf6, 0x6, 0xf5, 0x7f, 0x90, 0xaf, 0x20,
    0x0, 0x2f, 0xe0, 0x1, 0xfa, 0xef, 0x80, 0xdf,
    0x0, 0x0, 0xcf, 0x60, 0x0, 0x69, 0xff, 0x80,
    0xfc, 0x0, 0x2, 0xfb, 0x0, 0xd, 0x7b, 0xff,
    0x94, 0xf8, 0x0, 0x0, 0x25, 0xe2, 0x4f, 0x80,
    0x5f, 0xa8, 0xf5, 0x0, 0x0, 0x5, 0xfc, 0xaf,
    0x30, 0xe, 0xcd, 0xf0, 0x0, 0x0, 0x0, 0xbf,
    0xfd, 0x0, 0xc, 0xff, 0xb0, 0x0, 0x0, 0x0,
    0x2f, 0xf7, 0x0, 0x9, 0xff, 0x50, 0x0, 0x0,
    0x0, 0x1f, 0xf6, 0x0, 0x5, 0xfe, 0x0, 0x0,
    0x0, 0x0, 0xbf, 0xfd, 0x0, 0xa, 0xfe, 0x0,
    0x0, 0x0, 0x6, 0xfd, 0x9f, 0x50, 0x5f, 0xff,
    0x60, 0x0, 0x0, 0x3f, 0xf2, 0x1f, 0xb2, 0xef,
    0x7f, 0xd0, 0x0, 0x3, 0xff, 0x60, 0x4, 0x1d,
    0xf8, 0xa, 0xf8, 0x0, 0xc, 0xf7, 0x0, 0x0,
    0xdf, 0xa0, 0x1, 0xef, 0x20, 0x2, 0x60, 0x0,
    0x0, 0x4a, 0x0, 0x0, 0x49, 0x0,

    /* U+654F "敏" */
    0x0, 0x0, 0x93, 0x0, 0x0, 0x1, 0x72, 0x0,
    0x0, 0x0, 0x5f, 0x80, 0x0, 0x0, 0x6f, 0x50,
    0x0, 0x0, 0xc, 0xfc, 0xbb, 0xba, 0xb, 0xf1,
    0x0, 0x0, 0x5, 0xff, 0xff, 0xff, 0xd0, 0xfe,
    0x55, 0x51, 0x1, 0xee, 0x21, 0x11, 0x10, 0x5f,
    0xff, 0xff, 0x20, 0xcf, 0x50, 0x0, 0x0, 0xb,
    0xfb, 0xdf, 0xd0, 0xd, 0xff, 0xff, 0xfe, 0x51,
    0xfd, 0x9, 0xf3, 0x0, 0x1b, 0xfb, 0xbb, 0xfa,
    0x8f, 0xc0, 0xbf, 0x10, 0x0, 0xde, 0x58, 0x2f,
    0xbf, 0xfc, 0xe, 0xe0, 0x0, 0xf, 0xb8, 0xf7,
    0xfc, 0xff, 0xc1, 0xfb, 0x0, 0x2, 0xf9, 0x15,
    0x7f, 0x53, 0xdd, 0x4f, 0x70, 0x3, 0xff, 0xff,
    0xff, 0xff, 0x4b, 0xf8, 0xf4, 0x0, 0x3d, 0xfc,
    0xbb, 0xef, 0xc2, 0xaf, 0xef, 0x0, 0x0, 0x9f,
    0x5a, 0xc, 0xf0, 0x7, 0xff, 0xa0, 0x0, 0xc,
    0xf5, 0xf6, 0xee, 0x0, 0x4f, 0xf4, 0x0, 0x0,
    0xed, 0x9, 0x4f, 0xc0, 0x1, 0xfe, 0x0, 0x0,
    0x1f, 0xea, 0xaa, 0xfe, 0x50, 0x8f, 0xf2, 0x0,
    0x3, 0xff, 0xff, 0xff, 0xf6, 0x3f, 0xff, 0x80,
    0x0, 0x0, 0x21, 0x7, 0xf7, 0x2e, 0xf4, 0xef,
    0x10, 0x0, 0x9f, 0x60, 0xbf, 0x4d, 0xf8, 0x7,
    0xfa, 0x0, 0x4, 0xff, 0xef, 0xd6, 0xfa, 0x0,
    0xd, 0xe0, 0x0, 0x5, 0xdf, 0xb2, 0x6, 0x0,
    0x0, 0x42, 0x0,

    /* U+6551 "救" */
    0x0, 0x0, 0x0, 0xdf, 0x7, 0x20, 0x6a, 0x20,
    0x0, 0x0, 0x0, 0x0, 0xfd, 0x3f, 0xb0, 0xaf,
    0x20, 0x0, 0x0, 0x0, 0x0, 0xfc, 0xa, 0xe1,
    0xdf, 0x0, 0x0, 0x0, 0x0, 0x2, 0xfa, 0x2,
    0x11, 0xfd, 0x33, 0x30, 0x0, 0x4d, 0xde, 0xff,
    0xdd, 0xb5, 0xff, 0xff, 0xf2, 0x0, 0x6f, 0xff,
    0xff, 0xff, 0xba, 0xfc, 0xef, 0xd0, 0x0, 0x0,
    0x7, 0xf6, 0x0, 0xe, 0xf0, 0xbf, 0x20, 0x0,
    0x6e, 0x8, 0xf4, 0x7c, 0x5f, 0xa0, 0xdf, 0x0,
    0x0, 0x5f, 0x3a, 0xf2, 0xdc, 0x9f, 0x80, 0xfd,
    0x0, 0x0, 0x2f, 0x6c, 0xf5, 0xf6, 0xef, 0x83,
    0xfa, 0x0, 0x0, 0xf, 0x7d, 0xf7, 0xd5, 0xff,
    0x87, 0xf6, 0x0, 0x0, 0x1, 0x1f, 0xf3, 0xd,
    0xff, 0xab, 0xf2, 0x0, 0x0, 0x0, 0xaf, 0xfa,
    0x1c, 0xae, 0xcf, 0xe0, 0x0, 0x0, 0x5, 0xff,
    0xff, 0x30, 0x1c, 0xff, 0x90, 0x0, 0x0, 0x3f,
    0xff, 0xbf, 0xa0, 0x9, 0xff, 0x30, 0x0, 0x3,
    0xee, 0x7f, 0x7c, 0xf1, 0x6, 0xfc, 0x0, 0x0,
    0x3f, 0xf4, 0x7f, 0x55, 0xf7, 0xc, 0xfc, 0x0,
    0x0, 0x4f, 0x50, 0x9f, 0x30, 0xc3, 0x7f, 0xff,
    0x30, 0x0, 0x3, 0x0, 0xaf, 0x20, 0x5, 0xff,
    0x7f, 0xa0, 0x0, 0x8, 0xe0, 0xdf, 0x0, 0x4f,
    0xf6, 0xc, 0xf4, 0x0, 0x6, 0xfe, 0xfb, 0x2,
    0xff, 0x80, 0x3, 0xfe, 0x0, 0x0, 0xaf, 0xc2,
    0x0, 0x88, 0x0, 0x0, 0x87, 0x0, 0x0, 0x0,
    0x0, 0x0, 0x0, 0x0, 0x0, 0x0, 0x0,

    /* U+6559 "教" */
    0x0, 0x0, 0xfd, 0x0, 0x0, 0x6, 0x92, 0x0,
    0x0, 0x0, 0xf, 0xc0, 0x1b, 0x40, 0xcf, 0x20,
    0x0, 0x0, 0x5a, 0xfd, 0x76, 0xf6, 0xf, 0xd0,
    0x0, 0x0, 0x9, 0xff, 0xfc, 0xcf, 0x15, 0xfc,
    0x66, 0x60, 0x0, 0x17, 0xf8, 0x4f, 0xa0, 0xbf,
    0xff, 0xff, 0x10, 0x0, 0x7f, 0x5a, 0xf3, 0x1f,
    0xea, 0xef, 0xa0, 0x6, 0xce, 0xfd, 0xff, 0x88,
    0xf7, 0xd, 0xf0, 0x0, 0x9f, 0xff, 0xff, 0xfa,
    0xff, 0x30, 0xfd, 0x0, 0x0, 0x0, 0x6f, 0x90,
    0xaf, 0xf3, 0x3f, 0xa0, 0x0, 0x25, 0x5e, 0xf6,
    0x2e, 0xff, 0x37, 0xf7, 0x0, 0x9, 0xff, 0xff,
    0xfc, 0x3c, 0xf4, 0xbf, 0x30, 0x0, 0x4e, 0xf9,
    0xcf, 0x90, 0x6f, 0x6f, 0xe0, 0x0, 0xb, 0xf9,
    0x3f, 0xe1, 0x4, 0xfc, 0xfa, 0x0, 0x8, 0xfa,
    0xd, 0xf4, 0x0, 0x2f, 0xff, 0x40, 0x0, 0x7,
    0x0, 0xfe, 0x8d, 0x0, 0xef, 0xe0, 0x0, 0x1,
    0x58, 0xbf, 0xff, 0xf3, 0xc, 0xf7, 0x0, 0x0,
    0x6f, 0xff, 0xfd, 0x50, 0x3, 0xff, 0x90, 0x0,
    0x3, 0x75, 0x7f, 0x80, 0x0, 0xdf, 0xff, 0x10,
    0x0, 0x0, 0x6, 0xf7, 0x0, 0xbf, 0xa8, 0xf9,
    0x0, 0x7, 0xf2, 0x9f, 0x40, 0xbf, 0xd0, 0x1f,
    0xf4, 0x0, 0x5f, 0xff, 0xf1, 0xaf, 0xd1, 0x0,
    0x6f, 0xd0, 0x0, 0x9e, 0xd4, 0x3, 0xc1, 0x0,
    0x0, 0xa5, 0x0, 0x0, 0x0, 0x0, 0x0, 0x0,
    0x0, 0x0, 0x0, 0x0,

    /* U+6570 "数" */
    0x0, 0x4, 0x90, 0x9f, 0x13, 0x80, 0x4a, 0x30,
    0x0, 0x0, 0x6, 0xf2, 0xaf, 0xa, 0xe0, 0xaf,
    0x50, 0x0, 0x0, 0x1, 0xf7, 0xce, 0x3f, 0x60,
    0xef, 0x10, 0x0, 0x0, 0x0, 0x51, 0xdd, 0x5,
    0x3, 0xfd, 0x44, 0x40, 0x0, 0x1b, 0xbb, 0xfe,
    0xbb, 0x38, 0xff, 0xff, 0xf2, 0x0, 0x3f, 0xff,
    0xff, 0xff, 0x3e, 0xfb, 0xdf, 0xc0, 0x0, 0x0,
    0x1e, 0xff, 0x40, 0x5f, 0xa0, 0xaf, 0x20, 0x0,
    0x0, 0xcf, 0xff, 0xe2, 0xdf, 0x80, 0xcf, 0x0,
    0x0, 0x2d, 0xf9, 0xf6, 0xee, 0xff, 0x80, 0xfd,
    0x0, 0x0, 0xdf, 0x47, 0xf3, 0x5d, 0xff, 0x82,
    0xfa, 0x0, 0x0, 0x42, 0x18, 0x50, 0x0, 0x5f,
    0x96, 0xf6, 0x0, 0x0, 0x0, 0x7f, 0x70, 0x0,
    0xf, 0xaa, 0xf3, 0x0, 0x0, 0xdf, 0xff, 0xff,
    0xd1, 0xe, 0xce, 0xe0, 0x0, 0x0, 0xbd, 0xfe,
    0xce, 0xf3, 0xc, 0xff, 0x90, 0x0, 0x0, 0xb,
    0xf2, 0xe, 0xe0, 0x8, 0xff, 0x30, 0x0, 0x0,
    0x4f, 0x90, 0x7f, 0x70, 0x5, 0xfc, 0x0, 0x0,
    0x0, 0xdf, 0xd6, 0xfe, 0x0, 0xb, 0xfd, 0x0,
    0x0, 0x0, 0x19, 0xff, 0xf4, 0x0, 0x7f, 0xff,
    0x50, 0x0, 0x0, 0x3, 0xef, 0xfc, 0x13, 0xff,
    0x4f, 0xd0, 0x0, 0x1, 0x8f, 0xf7, 0xcf, 0x6e,
    0xf5, 0x9, 0xf7, 0x0, 0x1f, 0xfe, 0x30, 0x5,
    0xef, 0x70, 0x1, 0xef, 0x20, 0x8, 0x60, 0x0,
    0x0, 0x77, 0x0, 0x0, 0x48, 0x0,

    /* U+6574 "整" */
    0x0, 0x0, 0x0, 0x0, 0x0, 0x0, 0x0, 0x0,
    0x0, 0x0, 0x0, 0xfa, 0x0, 0x0, 0xbd, 0x0,
    0x0, 0x0, 0xcf, 0xff, 0xff, 0xf6, 0x1f, 0xb1,
    0x11, 0x0, 0x7, 0x89, 0xfb, 0x88, 0x27, 0xff,
    0xff, 0xf2, 0x0, 0x0, 0x3f, 0x60, 0x0, 0xef,
    0xff, 0xff, 0x10, 0xd, 0xff, 0xff, 0xf8, 0x6f,
    0xb4, 0xdf, 0x40, 0x0, 0xfb, 0xaf, 0x8d, 0xce,
    0xfc, 0xf, 0xb0, 0x0, 0x1f, 0x57, 0xf0, 0xdd,
    0xfe, 0xf7, 0xf6, 0x0, 0x3, 0xff, 0xff, 0xff,
    0x84, 0x3f, 0xfe, 0x0, 0x0, 0x17, 0xcf, 0xf9,
    0x73, 0x0, 0xdf, 0x60, 0x0, 0x0, 0x7f, 0xff,
    0xf5, 0x0, 0x9f, 0xfc, 0x10, 0x1, 0xbf, 0x8e,
    0xab, 0xe4, 0xcf, 0xc7, 0xfe, 0x30, 0x1f, 0x70,
    0xf8, 0x3, 0x3f, 0x90, 0x7, 0xf2, 0x0, 0x10,
    0x16, 0x30, 0x0, 0x20, 0x0, 0x1, 0x0, 0x4,
    0xff, 0xff, 0xff, 0xff, 0xff, 0xfd, 0x0, 0x0,
    0x4c, 0xcc, 0xcc, 0xff, 0xcc, 0xcc, 0x90, 0x0,
    0x0, 0x0, 0x0, 0xe, 0xe0, 0x0, 0x0, 0x0,
    0x0, 0x0, 0x88, 0x0, 0xff, 0xaa, 0xaa, 0x10,
    0x0, 0x0, 0xf, 0xc0, 0x2f, 0xff, 0xff, 0xf0,
    0x0, 0x0, 0x1, 0xfb, 0x3, 0xf9, 0x0, 0x0,
    0x0, 0x0, 0x0, 0x3f, 0x90, 0x5f, 0x80, 0x0,
    0x0, 0x0, 0xa, 0xdd, 0xfe, 0xde, 0xfe, 0xdd,
    0xdd, 0xd4, 0x0, 0xef, 0xff, 0xff, 0xff, 0xff,
    0xff, 0xff, 0x40, 0x0,

    /* U+6587 "文" */
    0x0, 0x0, 0x0, 0x0, 0xc, 0xf4, 0x0, 0x0,
    0x0, 0x0, 0x0, 0x0, 0x0, 0xdf, 0x20, 0x0,
    0x0, 0x0, 0x0, 0x0, 0x0, 0xf, 0xf1, 0x0,
    0x0, 0x0, 0x0, 0xff, 0xff, 0xff, 0xff, 0xff,
    0xff, 0xfe, 0x0, 0x2f, 0xff, 0xff, 0xff, 0xff,
    0xff, 0xff, 0xd0, 0x0, 0x2, 0xff, 0x10, 0x0,
    0xb, 0xf8, 0x0, 0x0, 0x0, 0xd, 0xf4, 0x0,
    0x1, 0xff, 0x20, 0x0, 0x0, 0x0, 0x9f, 0x90,
    0x0, 0x7f, 0xc0, 0x0, 0x0, 0x0, 0x4, 0xfe,
    0x0, 0xd, 0xf6, 0x0, 0x0, 0x0, 0x0, 0xf,
    0xf4, 0x5, 0xfe, 0x0, 0x0, 0x0, 0x0, 0x0,
    0x9f, 0xb0, 0xdf, 0x70, 0x0, 0x0, 0x0, 0x0,
    0x2, 0xff, 0x9f, 0xe0, 0x0, 0x0, 0x0, 0x0,
    0x0, 0xa, 0xff, 0xf6, 0x0, 0x0, 0x0, 0x0,
    0x0, 0x0, 0x2f, 0xfc, 0x0, 0x0, 0x0, 0x0,
    0x0, 0x0, 0xa, 0xff, 0xe1, 0x0, 0x0, 0x0,
    0x0, 0x0, 0x9, 0xff, 0xef, 0xc0, 0x0, 0x0,
    0x0, 0x0, 0xa, 0xff, 0x62, 0xff, 0xa0, 0x0,
    0x0, 0x0, 0x2c, 0xff, 0x60, 0x5, 0xff, 0x90,
    0x0, 0x0, 0x6f, 0xff, 0x50, 0x0, 0x7, 0xff,
    0x90, 0x0, 0xcf, 0xfd, 0x20, 0x0, 0x0, 0x7,
    0xff, 0xa0, 0xa, 0xf9, 0x0, 0x0, 0x0, 0x0,
    0x6, 0xf6, 0x0, 0x23, 0x0, 0x0, 0x0, 0x0,
    0x0, 0x3, 0x0,

    /* U+659C "斜" */
    0x0, 0x0, 0x0, 0x0, 0x0, 0x0, 0x0, 0x0,
    0x0, 0x0, 0x0, 0x9, 0xa1, 0x0, 0x0, 0x8,
    0xf4, 0x0, 0x0, 0x1, 0xfe, 0x0, 0x6a, 0x0,
    0xaf, 0x30, 0x0, 0x0, 0x9f, 0xf1, 0xb, 0xf2,
    0xc, 0xf1, 0x0, 0x0, 0x3f, 0xff, 0xa0, 0x4f,
    0x90, 0xdf, 0x0, 0x0, 0xd, 0xf5, 0xdf, 0x30,
    0xee, 0xf, 0xe0, 0x0, 0xa, 0xfb, 0x5, 0xfb,
    0x9, 0xc2, 0xfc, 0x0, 0x8, 0xfe, 0x10, 0xd,
    0xf3, 0x0, 0x2f, 0xb0, 0x3, 0xff, 0xec, 0xcc,
    0xd9, 0x10, 0x4, 0xf9, 0x0, 0x9, 0x6f, 0xff,
    0xf8, 0x1a, 0x50, 0x5f, 0x70, 0x0, 0x0, 0xc,
    0xd0, 0x2, 0xfc, 0x7, 0xf6, 0x0, 0x0, 0x0,
    0xec, 0x0, 0xb, 0xf2, 0x8f, 0x40, 0x1, 0xbb,
    0xbf, 0xeb, 0xb3, 0x5f, 0x7a, 0xf2, 0x0, 0x3f,
    0xff, 0xff, 0xff, 0x40, 0x40, 0xcf, 0x10, 0x0,
    0x0, 0x4f, 0x70, 0x0, 0x0, 0xd, 0xf6, 0x20,
    0x9, 0xa5, 0xf6, 0xa5, 0x7a, 0xcf, 0xff, 0xf5,
    0x0, 0xea, 0x7f, 0x4f, 0x8e, 0xff, 0xff, 0xe8,
    0x20, 0x4f, 0x58, 0xf2, 0xf9, 0x54, 0x23, 0xfa,
    0x0, 0xc, 0xe0, 0xaf, 0xd, 0xb0, 0x0, 0x4f,
    0x90, 0x4, 0xf7, 0xb, 0xe0, 0xae, 0x0, 0x6,
    0xf7, 0x0, 0x7, 0x41, 0xdc, 0x6, 0x80, 0x0,
    0x7f, 0x50, 0x0, 0xf, 0xef, 0x90, 0x0, 0x0,
    0x9, 0xf4, 0x0, 0x0, 0x6f, 0xc1, 0x0, 0x0,
    0x0, 0xae, 0x20, 0x0,

    /* U+65AD "断" */
    0x0, 0x0, 0x0, 0x0, 0x0, 0x0, 0x0, 0x1,
    0x0, 0x0, 0x0, 0xe, 0xb0, 0x0, 0x2, 0x7c,
    0xf1, 0x0, 0xfc, 0x0, 0xf9, 0x0, 0x7e, 0xff,
    0xff, 0x30, 0x1f, 0xff, 0x1f, 0x86, 0xdd, 0xff,
    0xc6, 0x0, 0x2, 0xfd, 0xf4, 0xf7, 0xab, 0xfe,
    0x10, 0x0, 0x0, 0x4f, 0x9f, 0x7f, 0x6e, 0x7f,
    0xc0, 0x0, 0x0, 0x6, 0xf6, 0xfa, 0xf9, 0xf4,
    0xfb, 0x0, 0x0, 0x0, 0x7f, 0x39, 0x9f, 0x79,
    0x3f, 0x90, 0x0, 0x0, 0x9, 0xf4, 0x39, 0xf5,
    0x36, 0xf8, 0x0, 0x0, 0x0, 0xbf, 0xbf, 0xff,
    0xff, 0xaf, 0xff, 0xff, 0xf3, 0xc, 0xe5, 0x8f,
    0xf7, 0x79, 0xfc, 0xcf, 0xeb, 0x10, 0xed, 0x6,
    0xff, 0x20, 0xaf, 0x25, 0xf7, 0x0, 0xf, 0xb0,
    0xdf, 0xfa, 0xc, 0xf0, 0x6f, 0x60, 0x1, 0xf9,
    0x6f, 0xfe, 0xf2, 0xfe, 0x7, 0xf4, 0x0, 0x3f,
    0x9e, 0xaf, 0x8e, 0xbf, 0xb0, 0x9f, 0x30, 0x4,
    0xfe, 0xf4, 0xf6, 0x8f, 0xf8, 0xa, 0xf1, 0x0,
    0x6f, 0xf9, 0x3f, 0x50, 0x9f, 0x50, 0xcf, 0x0,
    0x8, 0xfb, 0x15, 0xf3, 0xd, 0xf1, 0xd, 0xf0,
    0x0, 0x9f, 0x10, 0x7f, 0x22, 0xfc, 0x0, 0xfd,
    0x0, 0xb, 0xf0, 0x3, 0x61, 0x8f, 0x70, 0xf,
    0xc0, 0x0, 0xdf, 0xff, 0xff, 0xee, 0xf2, 0x1,
    0xfa, 0x0, 0x9, 0xaa, 0xaa, 0xac, 0xfc, 0x0,
    0x3f, 0x90, 0x0, 0x0, 0x0, 0x0, 0x5e, 0x50,
    0x4, 0xf7, 0x0, 0x0, 0x0, 0x0, 0x0, 0x0,
    0x0, 0x0, 0x0, 0x0,

    /* U+65AF "斯" */
    0x0, 0x0, 0xec, 0x7, 0xf3, 0x0, 0x0, 0x5,
    0x90, 0x0, 0x0, 0xfa, 0x9, 0xf2, 0x3, 0x7b,
    0xff, 0xf1, 0x0, 0x1, 0xf9, 0xa, 0xf0, 0xf,
    0xff, 0xff, 0xc2, 0x0, 0x2c, 0xfe, 0xce, 0xfb,
    0xf, 0xfc, 0x83, 0x0, 0x0, 0x5f, 0xff, 0xff,
    0xfd, 0x2f, 0xa0, 0x0, 0x0, 0x0, 0x6, 0xf4,
    0xf, 0xb0, 0x3f, 0x90, 0x0, 0x0, 0x0, 0x8,
    0xf2, 0xf, 0xa0, 0x5f, 0x70, 0x0, 0x0, 0x0,
    0x9, 0xff, 0xff, 0x80, 0x7f, 0x84, 0x44, 0x30,
    0x0, 0xb, 0xf9, 0xbf, 0x60, 0x8f, 0xff, 0xff,
    0xe0, 0x0, 0xc, 0xd0, 0x5f, 0x50, 0xaf, 0xac,
    0xfc, 0x70, 0x0, 0xe, 0xe7, 0xbf, 0x30, 0xcf,
    0x7, 0xf4, 0x0, 0x0, 0xf, 0xff, 0xff, 0x20,
    0xee, 0x9, 0xf3, 0x0, 0x0, 0x1f, 0x90, 0xbf,
    0x0, 0xfc, 0xa, 0xf1, 0x0, 0x0, 0x3f, 0x70,
    0xce, 0x3, 0xf9, 0xc, 0xf0, 0x0, 0x1, 0x6f,
    0x72, 0xed, 0x25, 0xf6, 0xe, 0xe0, 0x0, 0x8,
    0xff, 0xff, 0xff, 0xe9, 0xf3, 0xf, 0xc0, 0x0,
    0x6, 0xaa, 0xaa, 0xaa, 0x8c, 0xf0, 0x1f, 0xb0,
    0x0, 0x0, 0x2a, 0x22, 0xa0, 0x1f, 0xc0, 0x3f,
    0x90, 0x0, 0x0, 0xbf, 0x45, 0xf8, 0x5f, 0x70,
    0x4f, 0x70, 0x0, 0x7, 0xfb, 0x0, 0xbe, 0xcf,
    0x20, 0x6f, 0x60, 0x0, 0x5f, 0xe1, 0x0, 0x24,
    0xfc, 0x0, 0x8f, 0x40, 0x0, 0x2c, 0x20, 0x0,
    0x2, 0xc6, 0x0, 0x9f, 0x20, 0x0, 0x0, 0x0,
    0x0, 0x0, 0x0, 0x0, 0x0, 0x0, 0x0,

    /* U+65B0 "新" */
    0x0, 0x0, 0x0, 0xee, 0x0, 0x0, 0x0, 0x4,
    0x90, 0x0, 0x0, 0x0, 0xfd, 0x0, 0x1, 0x59,
    0xef, 0xf4, 0x0, 0xa, 0xcc, 0xff, 0xcc, 0x3d,
    0xff, 0xff, 0xc3, 0x0, 0xf, 0xff, 0xff, 0xff,
    0x3e, 0xfd, 0x83, 0x0, 0x0, 0x1, 0x64, 0x3,
    0x51, 0xf, 0xc0, 0x0, 0x0, 0x0, 0x1, 0xf8,
    0x9, 0xf2, 0x1f, 0xb0, 0x0, 0x0, 0x0, 0x0,
    0xfa, 0xe, 0xd0, 0x3f, 0xa0, 0x0, 0x0, 0x0,
    0x47, 0xed, 0x8f, 0xb6, 0x4f, 0xa3, 0x33, 0x30,
    0x0, 0xaf, 0xff, 0xff, 0xfe, 0x6f, 0xff, 0xff,
    0xf3, 0x0, 0x46, 0x6d, 0xf6, 0x64, 0x7f, 0xdc,
    0xff, 0xc1, 0x0, 0x0, 0xd, 0xe0, 0x0, 0x9f,
    0x30, 0xfb, 0x0, 0x0, 0xbf, 0xff, 0xff, 0xf8,
    0xbf, 0x12, 0xfa, 0x0, 0x0, 0xbe, 0xef, 0xfe,
    0xe6, 0xdf, 0x4, 0xf8, 0x0, 0x0, 0x0, 0x1f,
    0xa0, 0x0, 0xfc, 0x5, 0xf6, 0x0, 0x0, 0x8c,
    0x4f, 0x89, 0x72, 0xf9, 0x7, 0xf5, 0x0, 0x0,
    0xed, 0x4f, 0x7d, 0xc6, 0xf6, 0x9, 0xf3, 0x0,
    0x6, 0xf7, 0x6f, 0x59, 0xfb, 0xf2, 0xa, 0xf2,
    0x0, 0xe, 0xf1, 0x7f, 0x45, 0xff, 0xe0, 0xc,
    0xf0, 0x0, 0x5f, 0x80, 0x9f, 0x21, 0xdf, 0xa0,
    0xe, 0xe0, 0x0, 0x4, 0x34, 0xbf, 0x10, 0xbf,
    0x50, 0xf, 0xd0, 0x0, 0x0, 0xff, 0xfd, 0x2,
    0xfe, 0x0, 0x1f, 0xb0, 0x0, 0x0, 0x7f, 0xf4,
    0x1, 0xa8, 0x0, 0x2f, 0x90, 0x0, 0x0, 0x0,
    0x0, 0x0, 0x0, 0x0, 0x0, 0x0, 0x0,

    /* U+65B9 "方" */
    0x0, 0x0, 0x0, 0x0, 0xd, 0xf3, 0x0, 0x0,
    0x0, 0x0, 0x0, 0x0, 0x0, 0xef, 0x10, 0x0,
    0x0, 0x0, 0x1, 0x11, 0x11, 0x1f, 0xf1, 0x11,
    0x11, 0x10, 0x1, 0xff, 0xff, 0xff, 0xff, 0xff,
    0xff, 0xfd, 0x0, 0x3f, 0xff, 0xff, 0xff, 0xff,
    0xff, 0xff, 0xc0, 0x0, 0x0, 0x4, 0xfb, 0x0,
    0x0, 0x0, 0x0, 0x0, 0x0, 0x0, 0x6f, 0x90,
    0x0, 0x0, 0x0, 0x0, 0x0, 0x0, 0x8, 0xf7,
    0x0, 0x0, 0x0, 0x0, 0x0, 0x0, 0x0, 0xbf,
    0xfe, 0xee, 0xed, 0x60, 0x0, 0x0, 0x0, 0xd,
    0xff, 0xff, 0xff, 0xff, 0x0, 0x0, 0x0, 0x0,
    0xff, 0x0, 0x0, 0x2f, 0xe0, 0x0, 0x0, 0x0,
    0x4f, 0xc0, 0x0, 0x3, 0xfc, 0x0, 0x0, 0x0,
    0x8, 0xf8, 0x0, 0x0, 0x5f, 0xa0, 0x0, 0x0,
    0x0, 0xdf, 0x30, 0x0, 0x8, 0xf8, 0x0, 0x0,
    0x0, 0x3f, 0xe0, 0x0, 0x0, 0xaf, 0x50, 0x0,
    0x0, 0xa, 0xf8, 0x0, 0x0, 0xc, 0xf3, 0x0,
    0x0, 0x3, 0xff, 0x20, 0x0, 0x0, 0xef, 0x10,
    0x0, 0x0, 0xcf, 0x90, 0x0, 0x0, 0xf, 0xf0,
    0x0, 0x0, 0x6f, 0xf1, 0x4, 0x80, 0x3, 0xfc,
    0x0, 0x0, 0x4f, 0xf6, 0x0, 0xaf, 0x50, 0xaf,
    0x80, 0x0, 0xe, 0xfa, 0x0, 0x3, 0xff, 0xff,
    0xf2, 0x0, 0x0, 0x4b, 0x0, 0x0, 0x5, 0xdf,
    0xc3, 0x0, 0x0,

    /* U+65CB "旋" */
    0x0, 0x0, 0x0, 0x0, 0x0, 0x0, 0x0, 0x0,
    0x0, 0x0, 0x0, 0x2f, 0xb0, 0x0, 0x1e, 0x80,
    0x0, 0x0, 0x0, 0x0, 0x3f, 0x90, 0x0, 0x5f,
    0x80, 0x0, 0x0, 0x0, 0x0, 0x5f, 0x80, 0x0,
    0xbf, 0x96, 0x66, 0x62, 0x0, 0xaf, 0xff, 0xff,
    0xa2, 0xff, 0xff, 0xff, 0xf4, 0x0, 0xcf, 0xff,
    0xff, 0x8a, 0xfb, 0x99, 0x99, 0x92, 0x0, 0xb,
    0xf1, 0x0, 0x4f, 0xd0, 0x0, 0x0, 0x0, 0x0,
    0xc, 0xf0, 0x0, 0xcf, 0x62, 0x22, 0x21, 0x0,
    0x0, 0xe, 0xd0, 0x0, 0x1e, 0xff, 0xff, 0xff,
    0x60, 0x0, 0xf, 0xfd, 0xd4, 0x9, 0xaa, 0xfe,
    0xaf, 0x90, 0x0, 0x1f, 0xff, 0xfa, 0x0, 0x2,
    0xf9, 0x4f, 0x70, 0x0, 0x3f, 0x82, 0xf9, 0x6,
    0x33, 0xf7, 0x8f, 0x30, 0x0, 0x5f, 0x64, 0xf7,
    0x2f, 0x75, 0xf6, 0xbe, 0x0, 0x0, 0x7f, 0x46,
    0xf6, 0x3f, 0x57, 0xf4, 0x0, 0x0, 0x0, 0x9f,
    0x27, 0xf4, 0x5f, 0x48, 0xfa, 0x94, 0x0, 0x0,
    0xcf, 0x19, 0xf2, 0x7f, 0x2a, 0xff, 0xf5, 0x0,
    0x0, 0xee, 0xb, 0xf1, 0x9f, 0xc, 0xf0, 0x0,
    0x0, 0x1, 0xfb, 0xc, 0xf0, 0xcf, 0xd, 0xd0,
    0x0, 0x0, 0x4, 0xf8, 0xe, 0xd0, 0xff, 0x4f,
    0xc0, 0x0, 0x0, 0x9, 0xf4, 0xf, 0xc3, 0xff,
    0xcf, 0xa0, 0x0, 0x0, 0xe, 0xfb, 0x3f, 0x99,
    0xf9, 0xff, 0x90, 0x13, 0x0, 0x5f, 0xdf, 0xdf,
    0x6e, 0xe0, 0xbf, 0xfe, 0xfc, 0x0, 0x1a, 0x47,
    0xfb, 0x18, 0x80, 0x6, 0xab, 0xa5, 0x0, 0x0,
    0x0, 0x0, 0x0, 0x0, 0x0, 0x0, 0x0, 0x0,

    /* U+65E0 "无" */
    0x0, 0x0, 0x11, 0x11, 0x11, 0x11, 0x11, 0x11,
    0x0, 0x0, 0xf, 0xff, 0xff, 0xff, 0xff, 0xff,
    0xf4, 0x0, 0x1, 0xdd, 0xdd, 0xdf, 0xfd, 0xdd,
    0xdd, 0x20, 0x0, 0x0, 0x0, 0x5, 0xfb, 0x0,
    0x0, 0x0, 0x0, 0x0, 0x0, 0x0, 0x7f, 0x90,
    0x0, 0x0, 0x0, 0x0, 0x0, 0x0, 0x9, 0xf7,
    0x0, 0x0, 0x0, 0x0, 0x0, 0x0, 0x0, 0xbf,
    0x50, 0x0, 0x0, 0x0, 0x5, 0xcc, 0xcc, 0xcf,
    0xfd, 0xcc, 0xcc, 0xc6, 0x0, 0x9f, 0xff, 0xff,
    0xff, 0xff, 0xff, 0xff, 0x60, 0x2, 0x33, 0x33,
    0x5f, 0xf3, 0x33, 0x33, 0x31, 0x0, 0x0, 0x0,
    0x5, 0xfd, 0x0, 0x0, 0x0, 0x0, 0x0, 0x0,
    0x0, 0x9f, 0xeb, 0x40, 0x0, 0x0, 0x0, 0x0,
    0x0, 0xe, 0xff, 0xf5, 0x0, 0x0, 0x0, 0x0,
    0x0, 0x6, 0xff, 0xcf, 0x30, 0x0, 0x0, 0x0,
    0x0, 0x0, 0xef, 0x8d, 0xf2, 0x0, 0x0, 0x0,
    0x0, 0x0, 0xaf, 0xe0, 0xff, 0x0, 0x0, 0x0,
    0x0, 0x0, 0x8f, 0xf4, 0x1f, 0xe0, 0x0, 0xbf,
    0x30, 0x0, 0xaf, 0xf6, 0x2, 0xfe, 0x0, 0xf,
    0xf1, 0x2, 0xcf, 0xf7, 0x0, 0x1f, 0xf3, 0x19,
    0xfb, 0x1, 0xff, 0xf4, 0x0, 0x0, 0xbf, 0xff,
    0xff, 0x30, 0x9, 0xb2, 0x0, 0x0, 0x1, 0xae,
    0xfc, 0x40, 0x0, 0x0, 0x0, 0x0, 0x0, 0x0,
    0x0, 0x0, 0x0,

    /* U+65E5 "日" */
    0x0, 0x1f, 0xff, 0xff, 0xff, 0xff, 0xe5, 0x0,
    0x2f, 0xff, 0xff, 0xff, 0xff, 0xfc, 0x0, 0x4f,
    0xc0, 0x0, 0x0, 0x5, 0xfc, 0x0, 0x6f, 0xb0,
    0x0, 0x0, 0x6, 0xfb, 0x0, 0x7f, 0x90, 0x0,
    0x0, 0x8, 0xf9, 0x0, 0x9f, 0x70, 0x0, 0x0,
    0x9, 0xf7, 0x0, 0xbf, 0x60, 0x0, 0x0, 0xb,
    0xf6, 0x0, 0xcf, 0x40, 0x0, 0x0, 0xc, 0xf4,
    0x0, 0xef, 0x30, 0x0, 0x0, 0xe, 0xf2, 0x0,
    0xff, 0xff, 0xff, 0xff, 0xff, 0xf1, 0x1, 0xff,
    0xcc, 0xcc, 0xcc, 0xdf, 0xf0, 0x3, 0xfe, 0x0,
    0x0, 0x0, 0x3f, 0xd0, 0x4, 0xfc, 0x0, 0x0,
    0x0, 0x5f, 0xc0, 0x6, 0xfb, 0x0, 0x0, 0x0,
    0x6f, 0xa0, 0x7, 0xf9, 0x0, 0x0, 0x0, 0x8f,
    0x80, 0x9, 0xf8, 0x0, 0x0, 0x0, 0xaf, 0x70,
    0xb, 0xf6, 0x0, 0x0, 0x0, 0xbf, 0x50, 0xc,
    0xf4, 0x0, 0x0, 0x0, 0xdf, 0x30, 0xe, 0xf4,
    0x0, 0x0, 0x0, 0xef, 0x20, 0xf, 0xff, 0xff,
    0xff, 0xff, 0xff, 0x0, 0x1f, 0xff, 0xff, 0xff,
    0xff, 0xfe, 0x0,

    /* U+65F6 "时" */
    0x0, 0x0, 0x0, 0x0, 0x0, 0x0, 0xb, 0xf4,
    0x0, 0x0, 0x0, 0x0, 0x0, 0x0, 0x0, 0xdf,
    0x20, 0x0, 0xbf, 0xff, 0xd0, 0x0, 0x0, 0xe,
    0xf1, 0x0, 0xd, 0xff, 0xff, 0x30, 0x0, 0x0,
    0xff, 0x0, 0x0, 0xfd, 0xa, 0xf3, 0x0, 0x0,
    0x2f, 0xe0, 0x0, 0xf, 0xb0, 0xbf, 0x2d, 0xdd,
    0xde, 0xff, 0xd3, 0x2, 0xf9, 0xd, 0xf3, 0xff,
    0xff, 0xff, 0xff, 0x20, 0x4f, 0x80, 0xfe, 0x0,
    0x0, 0x7, 0xf9, 0x0, 0x5, 0xf6, 0x1f, 0xc0,
    0x67, 0x0, 0x8f, 0x70, 0x0, 0x7f, 0xff, 0xfa,
    0xf, 0xd0, 0xa, 0xf6, 0x0, 0x9, 0xfd, 0xdf,
    0x80, 0xcf, 0x10, 0xbf, 0x40, 0x0, 0xaf, 0x15,
    0xf7, 0x9, 0xf5, 0xd, 0xf2, 0x0, 0xc, 0xf0,
    0x7f, 0x50, 0x6f, 0x80, 0xff, 0x10, 0x0, 0xee,
    0x9, 0xf3, 0x3, 0xfa, 0xf, 0xf0, 0x0, 0xf,
    0xc0, 0xaf, 0x20, 0x1f, 0xb2, 0xfd, 0x0, 0x1,
    0xfb, 0xc, 0xf0, 0x0, 0x10, 0x4f, 0xc0, 0x0,
    0x3f, 0x90, 0xee, 0x0, 0x0, 0x5, 0xfa, 0x0,
    0x4, 0xff, 0xff, 0xd0, 0x14, 0x0, 0x7f, 0x80,
    0x0, 0x6f, 0xff, 0xfa, 0xe, 0xf0, 0xa, 0xf5,
    0x0, 0x8, 0xf4, 0x0, 0x0, 0xbf, 0x73, 0xff,
    0x10, 0x0, 0x8e, 0x20, 0x0, 0x3, 0xff, 0xff,
    0xa0, 0x0, 0x0, 0x0, 0x0, 0x0, 0x6, 0xef,
    0xb1, 0x0, 0x0,

    /* U+660E "明" */
    0x0, 0x0, 0x0, 0x0, 0x1f, 0xff, 0xff, 0xf7,
    0x0, 0xbf, 0xff, 0xe2, 0x3f, 0xfe, 0xee, 0xfe,
    0x0, 0xdf, 0xee, 0xf7, 0x5f, 0x90, 0x1, 0xfd,
    0x0, 0xfd, 0x6, 0xf6, 0x7f, 0x70, 0x3, 0xfb,
    0x0, 0xfb, 0x7, 0xf4, 0x8f, 0x50, 0x4, 0xfa,
    0x2, 0xfa, 0x9, 0xf2, 0xaf, 0x63, 0x37, 0xf8,
    0x4, 0xf8, 0xb, 0xf1, 0xcf, 0xff, 0xff, 0xf6,
    0x5, 0xff, 0xff, 0xf0, 0xef, 0xaa, 0xad, 0xf5,
    0x7, 0xfc, 0xbf, 0xd0, 0xfe, 0x0, 0xb, 0xf3,
    0x9, 0xf3, 0xf, 0xc3, 0xfc, 0x0, 0xd, 0xf1,
    0xa, 0xf1, 0x2f, 0xa5, 0xfa, 0x0, 0xe, 0xf0,
    0xc, 0xf0, 0x4f, 0x87, 0xff, 0xff, 0xff, 0xe0,
    0xe, 0xe0, 0x5f, 0x6b, 0xfc, 0xbb, 0xcf, 0xc0,
    0xf, 0xfd, 0xef, 0x5e, 0xf0, 0x0, 0x4f, 0xb0,
    0x1f, 0xff, 0xff, 0x6f, 0xc0, 0x0, 0x5f, 0x90,
    0x3f, 0x90, 0x0, 0x8f, 0x70, 0x0, 0x7f, 0x80,
    0x5f, 0x70, 0x0, 0xdf, 0x30, 0x0, 0x8f, 0x60,
    0x0, 0x0, 0x4, 0xfd, 0x9, 0x90, 0xaf, 0x40,
    0x0, 0x0, 0xc, 0xf7, 0xe, 0xf2, 0xef, 0x10,
    0x0, 0x0, 0x3f, 0xe0, 0x9, 0xff, 0xfb, 0x0,
    0x0, 0x0, 0x7, 0x70, 0x0, 0xaf, 0xc1, 0x0,

    /* U+661F "星" */
    0x0, 0xb, 0xff, 0xff, 0xff, 0xff, 0xfe, 0x40,
    0x0, 0xdf, 0xcc, 0xcc, 0xcc, 0xcd, 0xf9, 0x0,
    0xe, 0xf0, 0x0, 0x0, 0x0, 0x5f, 0x80, 0x0,
    0xff, 0x99, 0x99, 0x99, 0x9c, 0xf7, 0x0, 0x2f,
    0xff, 0xff, 0xff, 0xff, 0xff, 0x50, 0x3, 0xfb,
    0x0, 0x0, 0x0, 0xa, 0xf3, 0x0, 0x5f, 0x90,
    0x0, 0x0, 0x0, 0xcf, 0x20, 0x6, 0xff, 0xff,
    0xff, 0xff, 0xff, 0xf0, 0x0, 0x6b, 0xbb, 0xbb,
    0xbb, 0xbb, 0xbb, 0x0, 0x0, 0xc7, 0x0, 0x4d,
    0x70, 0x0, 0x0, 0x0, 0x7f, 0xa0, 0x7, 0xf7,
    0x0, 0x0, 0x0, 0xe, 0xff, 0xff, 0xff, 0xff,
    0xff, 0xf5, 0xa, 0xfd, 0xcc, 0xce, 0xfd, 0xcc,
    0xcc, 0x35, 0xfc, 0x0, 0x0, 0xcf, 0x20, 0x0,
    0x0, 0x7, 0x5a, 0xaa, 0xaf, 0xfa, 0xaa, 0xa6,
    0x0, 0x7, 0xff, 0xff, 0xff, 0xff, 0xff, 0x80,
    0x0, 0x13, 0x33, 0x4f, 0xd3, 0x33, 0x31, 0x0,
    0x0, 0x0, 0x2, 0xfb, 0x0, 0x0, 0x0, 0x0,
    0x0, 0x0, 0x3f, 0xa0, 0x0, 0x0, 0x7, 0xdd,
    0xdd, 0xde, 0xff, 0xdd, 0xdd, 0xd5, 0xaf, 0xff,
    0xff, 0xff, 0xff, 0xff, 0xff, 0x50,

    /* U+6620 "映" */
    0x0, 0x0, 0x0, 0x0, 0x0, 0x5f, 0x70, 0x0,
    0x0, 0x24, 0x43, 0x0, 0x0, 0x6f, 0x60, 0x0,
    0x0, 0xbf, 0xff, 0x40, 0x0, 0x8f, 0x40, 0x0,
    0x0, 0xcf, 0xef, 0x76, 0xcc, 0xef, 0xdc, 0x70,
    0x0, 0xeb, 0x4f, 0x69, 0xff, 0xff, 0xff, 0xf1,
    0x0, 0xf9, 0x5f, 0x4b, 0xf1, 0xcf, 0xb, 0xf0,
    0x1, 0xf8, 0x7f, 0x3d, 0xe0, 0xee, 0xd, 0xf0,
    0x3, 0xf6, 0x9f, 0x1f, 0xd0, 0xfc, 0xf, 0xd0,
    0x4, 0xf6, 0xbf, 0xf, 0xb1, 0xfb, 0xf, 0xb0,
    0x6, 0xff, 0xfe, 0x2f, 0x93, 0xf9, 0x2f, 0x90,
    0x8, 0xfb, 0xfc, 0x4f, 0x85, 0xf7, 0x4f, 0x70,
    0x9, 0xf0, 0xff, 0xdf, 0xee, 0xfd, 0xdf, 0xe5,
    0xb, 0xe1, 0xff, 0xff, 0xff, 0xff, 0xff, 0xf4,
    0xd, 0xc3, 0xf7, 0x0, 0x2f, 0xfa, 0x0, 0x0,
    0xe, 0xb4, 0xf5, 0x0, 0x8f, 0xfd, 0x0, 0x0,
    0xf, 0x96, 0xf4, 0x0, 0xef, 0x9f, 0x30, 0x0,
    0x2f, 0x99, 0xf2, 0x8, 0xf8, 0x3f, 0x90, 0x0,
    0x3f, 0xff, 0xf0, 0x3f, 0xe1, 0xd, 0xf1, 0x0,
    0x5f, 0xed, 0xd1, 0xdf, 0x50, 0x7, 0xf8, 0x0,
    0x6f, 0x20, 0x1c, 0xfa, 0x0, 0x1, 0xff, 0x20,
    0x5a, 0x10, 0xaf, 0xc0, 0x0, 0x0, 0x8f, 0xb0,
    0x0, 0x0, 0x1b, 0x0, 0x0, 0x0, 0xd, 0x40,
    0x0, 0x0, 0x0, 0x0, 0x0, 0x0, 0x0, 0x0,

    /* U+662F "是" */
    0x0, 0x0, 0xb, 0xff, 0xff, 0xff, 0xff, 0xb0,
    0x0, 0x0, 0x0, 0xdf, 0xcc, 0xcc, 0xcc, 0xff,
    0x20, 0x0, 0x0, 0xe, 0xf0, 0x0, 0x0, 0xd,
    0xf1, 0x0, 0x0, 0x0, 0xff, 0x88, 0x88, 0x88,
    0xff, 0x0, 0x0, 0x0, 0x2f, 0xff, 0xff, 0xff,
    0xff, 0xe0, 0x0, 0x0, 0x4, 0xfa, 0x0, 0x0,
    0x2, 0xfc, 0x0, 0x0, 0x0, 0x5f, 0xeb, 0xbb,
    0xbb, 0xcf, 0xa0, 0x0, 0x0, 0x7, 0xff, 0xff,
    0xff, 0xff, 0xf9, 0x0, 0x0, 0x0, 0x0, 0x0,
    0x0, 0x0, 0x0, 0x0, 0x0, 0xa, 0xee, 0xee,
    0xee, 0xee, 0xee, 0xee, 0xe6, 0x0, 0xdf, 0xff,
    0xff, 0xff, 0xff, 0xff, 0xff, 0x50, 0x0, 0x1,
    0x0, 0xc, 0xf4, 0x0, 0x0, 0x0, 0x0, 0x0,
    0xed, 0x0, 0xef, 0x20, 0x0, 0x0, 0x0, 0x0,
    0x3f, 0xc0, 0xf, 0xf2, 0x22, 0x21, 0x0, 0x0,
    0x8, 0xf8, 0x1, 0xff, 0xff, 0xff, 0xb0, 0x0,
    0x0, 0xef, 0xd0, 0x3f, 0xea, 0xaa, 0xa6, 0x0,
    0x0, 0x6f, 0xff, 0x84, 0xfa, 0x0, 0x0, 0x0,
    0x0, 0xe, 0xf5, 0xff, 0xbf, 0x90, 0x0, 0x0,
    0x0, 0x7, 0xfc, 0x5, 0xff, 0xf8, 0x0, 0x3,
    0x95, 0x2, 0xff, 0x30, 0x5, 0xff, 0xff, 0xef,
    0xff, 0xc0, 0xb, 0x80, 0x0, 0x1, 0x7c, 0xef,
    0xec, 0x82, 0x0, 0x0, 0x0, 0x0, 0x0, 0x0,
    0x0, 0x0, 0x0,

    /* U+663E "显" */
    0x0, 0x0, 0x3f, 0xff, 0xff, 0xff, 0xff, 0xf7,
    0x0, 0x0, 0x4f, 0xec, 0xcc, 0xcc, 0xcc, 0xfc,
    0x0, 0x0, 0x6f, 0x70, 0x0, 0x0, 0x2, 0xfb,
    0x0, 0x0, 0x8f, 0x60, 0x0, 0x0, 0x4, 0xf9,
    0x0, 0x0, 0xaf, 0xff, 0xff, 0xff, 0xff, 0xf8,
    0x0, 0x0, 0xbf, 0xa9, 0x99, 0x99, 0x9c, 0xf6,
    0x0, 0x0, 0xdf, 0x10, 0x0, 0x0, 0x9, 0xf4,
    0x0, 0x0, 0xff, 0xbb, 0xbb, 0xbb, 0xbe, 0xf3,
    0x0, 0x0, 0xff, 0xff, 0xff, 0xff, 0xff, 0xf1,
    0x0, 0x0, 0x0, 0x0, 0x0, 0x0, 0x0, 0x0,
    0x0, 0x0, 0x0, 0x23, 0x0, 0x33, 0x0, 0x0,
    0x0, 0x26, 0x0, 0xaf, 0x30, 0xfd, 0x2, 0x51,
    0x0, 0x9f, 0x30, 0xcf, 0x12, 0xfb, 0x8, 0xf4,
    0x0, 0x6f, 0x60, 0xdf, 0x4, 0xf9, 0xc, 0xf0,
    0x0, 0x4f, 0x80, 0xfe, 0x5, 0xf8, 0x1f, 0xc0,
    0x0, 0x1f, 0xc1, 0xfc, 0x7, 0xf6, 0x6f, 0x70,
    0x0, 0xe, 0xf3, 0xfb, 0x9, 0xf4, 0xcf, 0x10,
    0x0, 0x9, 0x95, 0xf9, 0xa, 0xf3, 0xbb, 0x0,
    0x0, 0x0, 0x6, 0xf7, 0xc, 0xf1, 0x0, 0x0,
    0xc, 0xff, 0xff, 0xff, 0xff, 0xff, 0xff, 0xf8,
    0xf, 0xff, 0xff, 0xff, 0xff, 0xff, 0xff, 0xf7,

    /* U+666E "普" */
    0x0, 0x0, 0x9a, 0x0, 0x0, 0x69, 0x10, 0x0,
    0x0, 0xc, 0xf0, 0x0, 0xd, 0xe0, 0x0, 0x3,
    0xaa, 0xdf, 0xba, 0xab, 0xfd, 0xaa, 0x50, 0x7f,
    0xff, 0xff, 0xff, 0xff, 0xff, 0xf7, 0x1, 0x23,
    0x2d, 0xf3, 0x6f, 0xa2, 0x32, 0x10, 0x3e, 0x60,
    0xef, 0x5, 0xf8, 0xe, 0x80, 0x1, 0xfa, 0xf,
    0xe0, 0x7f, 0x65, 0xf6, 0x0, 0xd, 0xe1, 0xfc,
    0x8, 0xf5, 0xbf, 0x10, 0x0, 0x31, 0x3f, 0xa0,
    0xaf, 0x31, 0x40, 0x8, 0xcc, 0xcd, 0xfe, 0xce,
    0xfd, 0xcc, 0xc7, 0xcf, 0xff, 0xff, 0xff, 0xff,
    0xff, 0xff, 0x70, 0x0, 0x0, 0x0, 0x0, 0x0,
    0x0, 0x0, 0x3, 0xcc, 0xcc, 0xcc, 0xcc, 0xca,
    0x20, 0x0, 0x6f, 0xff, 0xff, 0xff, 0xff, 0xf9,
    0x0, 0x7, 0xf8, 0x0, 0x0, 0x0, 0x7f, 0x90,
    0x0, 0x9f, 0x60, 0x0, 0x0, 0x8, 0xf7, 0x0,
    0xb, 0xff, 0xff, 0xff, 0xff, 0xff, 0x50, 0x0,
    0xcf, 0xba, 0xaa, 0xaa, 0xae, 0xf4, 0x0, 0xe,
    0xf1, 0x0, 0x0, 0x0, 0xdf, 0x20, 0x0, 0xff,
    0x0, 0x0, 0x0, 0xe, 0xf1, 0x0, 0x1f, 0xfc,
    0xcc, 0xcc, 0xcc, 0xff, 0x0, 0x3, 0xff, 0xff,
    0xff, 0xff, 0xff, 0xd0, 0x0,

    /* U+666F "景" */
    0x0, 0x5, 0xff, 0xff, 0xff, 0xff, 0xfe, 0x40,
    0x0, 0x7, 0xfb, 0x88, 0x88, 0x88, 0xaf, 0x90,
    0x0, 0x9, 0xf6, 0x22, 0x22, 0x22, 0x6f, 0x80,
    0x0, 0xa, 0xff, 0xff, 0xff, 0xff, 0xff, 0x60,
    0x0, 0xc, 0xf5, 0x44, 0x44, 0x44, 0xbf, 0x50,
    0x0, 0xd, 0xf9, 0x99, 0x99, 0x99, 0xdf, 0x30,
    0x0, 0xe, 0xff, 0xff, 0xff, 0xff, 0xff, 0x10,
    0x0, 0x0, 0x0, 0xa, 0xf4, 0x0, 0x0, 0x0,
    0xa, 0xff, 0xff, 0xff, 0xff, 0xff, 0xff, 0xf5,
    0x9, 0xcc, 0xcc, 0xcc, 0xcc, 0xcc, 0xcc, 0xc2,
    0x0, 0x0, 0x0, 0x0, 0x0, 0x0, 0x0, 0x0,
    0x0, 0x2f, 0xff, 0xff, 0xff, 0xff, 0xe3, 0x0,
    0x0, 0x4f, 0xd9, 0x99, 0x99, 0x9c, 0xf6, 0x0,
    0x0, 0x5f, 0x90, 0x0, 0x0, 0x9, 0xf5, 0x0,
    0x0, 0x7f, 0xff, 0xff, 0xff, 0xff, 0xf3, 0x0,
    0x0, 0x59, 0x99, 0xaf, 0xe9, 0x99, 0x91, 0x0,
    0x0, 0x9, 0x70, 0x2f, 0x90, 0x88, 0x0, 0x0,
    0x0, 0x9f, 0xb0, 0x4f, 0x80, 0xdf, 0x40, 0x0,
    0x2c, 0xfc, 0x64, 0x7f, 0x50, 0x2f, 0xf3, 0x0,
    0xbf, 0x81, 0xff, 0xff, 0x20, 0x4, 0xfe, 0x10,
    0x24, 0x0, 0x5e, 0xe6, 0x0, 0x0, 0x55, 0x0,

    /* U+6682 "暂" */
    0x0, 0x1, 0x0, 0x0, 0x0, 0x0, 0x0, 0x0,
    0x0, 0x2f, 0x80, 0x0, 0x0, 0x2, 0x7b, 0x80,
    0xf, 0xff, 0xff, 0xfb, 0x3c, 0xff, 0xff, 0xc0,
    0x19, 0xfe, 0x99, 0x96, 0x6f, 0xfe, 0x94, 0x0,
    0x5, 0xf8, 0x74, 0x0, 0x8f, 0x60, 0x0, 0x0,
    0xb, 0xf4, 0xf9, 0x0, 0x9f, 0x30, 0x0, 0x0,
    0x4f, 0xe9, 0xfc, 0x82, 0xbf, 0xba, 0xaa, 0xa0,
    0x9f, 0xff, 0xff, 0xf3, 0xdf, 0xff, 0xff, 0xe0,
    0x3, 0x7, 0xf4, 0x0, 0xfd, 0x16, 0xf6, 0x0,
    0x0, 0x1a, 0xfc, 0xc3, 0xf9, 0x8, 0xf4, 0x0,
    0xbf, 0xff, 0xfe, 0xb8, 0xf6, 0x9, 0xf2, 0x0,
    0x99, 0x7e, 0xf0, 0xd, 0xf1, 0xb, 0xf0, 0x0,
    0x0, 0xe, 0xd0, 0x3f, 0xb0, 0xd, 0xf0, 0x0,
    0x0, 0x6, 0x50, 0x3, 0x20, 0x6, 0x60, 0x0,
    0xd, 0xee, 0xee, 0xee, 0xee, 0xed, 0x60, 0x0,
    0xf, 0xff, 0xff, 0xff, 0xff, 0xff, 0xd0, 0x0,
    0x2f, 0xd0, 0x0, 0x0, 0x0, 0x2f, 0xd0, 0x0,
    0x3f, 0xe9, 0x99, 0x99, 0x99, 0xbf, 0xb0, 0x0,
    0x5f, 0xff, 0xff, 0xff, 0xff, 0xff, 0x90, 0x0,
    0x7f, 0x81, 0x11, 0x11, 0x11, 0x8f, 0x80, 0x0,
    0x8f, 0x60, 0x0, 0x0, 0x0, 0x9f, 0x60, 0x0,
    0xaf, 0xed, 0xdd, 0xdd, 0xdd, 0xff, 0x40, 0x0,
    0xbf, 0xff, 0xff, 0xff, 0xff, 0xff, 0x30, 0x0,

    /* U+66F2 "曲" */
    0x0, 0x0, 0x0, 0x7f, 0x60, 0xdf, 0x0, 0x0,
    0x0, 0x0, 0x0, 0x8f, 0x50, 0xef, 0x0, 0x0,
    0x0, 0x0, 0x0, 0xaf, 0x30, 0xfd, 0x0, 0x0,
    0x0, 0x0, 0x0, 0xcf, 0x21, 0xfc, 0x0, 0x0,
    0x0, 0x8f, 0xff, 0xff, 0xff, 0xff, 0xff, 0xb0,
    0x0, 0xaf, 0xff, 0xff, 0xff, 0xff, 0xff, 0xf4,
    0x0, 0xcf, 0x41, 0xed, 0x17, 0xf5, 0x1b, 0xf4,
    0x0, 0xdf, 0x10, 0xfb, 0x8, 0xf3, 0xd, 0xf2,
    0x0, 0xff, 0x1, 0xfa, 0xa, 0xf1, 0xf, 0xf0,
    0x0, 0xfe, 0x3, 0xf8, 0xc, 0xf0, 0xf, 0xf0,
    0x2, 0xfc, 0x5, 0xf6, 0xd, 0xe0, 0x2f, 0xd0,
    0x4, 0xfe, 0xac, 0xfc, 0xaf, 0xea, 0xbf, 0xb0,
    0x5, 0xff, 0xff, 0xff, 0xff, 0xff, 0xff, 0xa0,
    0x7, 0xf9, 0x3b, 0xf4, 0x5f, 0xa3, 0x9f, 0x80,
    0x8, 0xf6, 0xb, 0xf0, 0x4f, 0x70, 0x8f, 0x70,
    0xa, 0xf4, 0xc, 0xe0, 0x5f, 0x60, 0xaf, 0x50,
    0xc, 0xf3, 0xe, 0xd0, 0x7f, 0x40, 0xbf, 0x30,
    0xd, 0xf1, 0xf, 0xc0, 0x8f, 0x30, 0xdf, 0x20,
    0xf, 0xf0, 0x1f, 0xa0, 0xaf, 0x10, 0xef, 0x0,
    0x1f, 0xe0, 0x3f, 0x90, 0xbf, 0x11, 0xfe, 0x0,
    0x2f, 0xff, 0xff, 0xff, 0xff, 0xff, 0xfd, 0x0,
    0x4f, 0xff, 0xff, 0xff, 0xff, 0xff, 0xfb, 0x0,

    /* U+66F4 "更" */
    0x0, 0xc, 0xff, 0xff, 0xff, 0xff, 0xff, 0xff,
    0xf0, 0x0, 0xc, 0xee, 0xee, 0xef, 0xfe, 0xee,
    0xee, 0xd0, 0x0, 0x0, 0x0, 0x0, 0xe, 0xf0,
    0x0, 0x0, 0x0, 0x0, 0x0, 0x0, 0x0, 0xf,
    0xf0, 0x0, 0x0, 0x0, 0x0, 0x0, 0xff, 0xff,
    0xff, 0xff, 0xff, 0xf6, 0x0, 0x0, 0x1, 0xff,
    0xcc, 0xdf, 0xfc, 0xcd, 0xfc, 0x0, 0x0, 0x2,
    0xfa, 0x0, 0x4f, 0xa0, 0x2, 0xfb, 0x0, 0x0,
    0x4, 0xfd, 0x99, 0xbf, 0xd9, 0x9b, 0xf9, 0x0,
    0x0, 0x6, 0xff, 0xff, 0xff, 0xff, 0xff, 0xf7,
    0x0, 0x0, 0x8, 0xf6, 0x22, 0xaf, 0x62, 0x29,
    0xf5, 0x0, 0x0, 0x9, 0xf3, 0x0, 0xaf, 0x40,
    0x9, 0xf4, 0x0, 0x0, 0xb, 0xfd, 0xdd, 0xff,
    0xdd, 0xde, 0xf2, 0x0, 0x0, 0xd, 0xff, 0xff,
    0xff, 0xff, 0xff, 0xf0, 0x0, 0x0, 0x0, 0x41,
    0x4, 0xfc, 0x0, 0x0, 0x0, 0x0, 0x0, 0x3,
    0xfd, 0x1b, 0xf7, 0x0, 0x0, 0x0, 0x0, 0x0,
    0x0, 0xcf, 0xef, 0xe1, 0x0, 0x0, 0x0, 0x0,
    0x0, 0x0, 0xd, 0xff, 0xb0, 0x0, 0x0, 0x0,
    0x0, 0x0, 0x1, 0xaf, 0xff, 0xfe, 0x71, 0x0,
    0x0, 0x0, 0x3, 0xaf, 0xff, 0x62, 0xbf, 0xff,
    0xd8, 0x51, 0x0, 0xe, 0xff, 0x91, 0x0, 0x3,
    0x9e, 0xff, 0xf5, 0x0, 0x7, 0x71, 0x0, 0x0,
    0x0, 0x0, 0x36, 0xa2, 0x0,

    /* U+66FF "替" */
    0x0, 0x0, 0xf, 0xb0, 0x0, 0x1, 0xfb, 0x0,
    0x0, 0x0, 0x1f, 0xa0, 0x0, 0x2, 0xf9, 0x0,
    0x0, 0x4c, 0xdf, 0xec, 0x65, 0xcd, 0xfe, 0xc8,
    0x0, 0x6f, 0xff, 0xff, 0x67, 0xff, 0xff, 0xf8,
    0x0, 0x0, 0x7f, 0x40, 0x0, 0x8, 0xf4, 0x0,
    0x0, 0x99, 0xdf, 0xa9, 0x39, 0x9d, 0xfa, 0x98,
    0x2, 0xff, 0xff, 0xff, 0x6f, 0xff, 0xff, 0xfc,
    0x0, 0x18, 0xff, 0x31, 0x1, 0x8f, 0xf8, 0x11,
    0x0, 0x1e, 0xee, 0xd1, 0x1, 0xfe, 0xee, 0x0,
    0x1, 0xcf, 0x54, 0xfb, 0x1c, 0xf5, 0x6f, 0x80,
    0x1d, 0xf9, 0x0, 0x8f, 0xcf, 0x90, 0xd, 0xf5,
    0xb, 0x90, 0x0, 0x6, 0x7, 0x0, 0x2, 0xe4,
    0x0, 0x3c, 0xcc, 0xcc, 0xcc, 0xcc, 0xb3, 0x0,
    0x0, 0x6f, 0xff, 0xff, 0xff, 0xff, 0xfc, 0x0,
    0x0, 0x7f, 0x70, 0x0, 0x0, 0x3, 0xfc, 0x0,
    0x0, 0x9f, 0x60, 0x0, 0x0, 0x4, 0xfa, 0x0,
    0x0, 0xbf, 0xcb, 0xbb, 0xbb, 0xbc, 0xf9, 0x0,
    0x0, 0xcf, 0xff, 0xff, 0xff, 0xff, 0xf7, 0x0,
    0x0, 0xef, 0x10, 0x0, 0x0, 0x9, 0xf6, 0x0,
    0x0, 0xff, 0x0, 0x0, 0x0, 0xa, 0xf4, 0x0,
    0x1, 0xff, 0xdd, 0xdd, 0xdd, 0xdf, 0xf2, 0x0,
    0x2, 0xff, 0xff, 0xff, 0xff, 0xff, 0xf1, 0x0,

    /* U+6700 "最" */
    0x0, 0x0, 0xff, 0xff, 0xff, 0xff, 0xfd, 0x20,
    0x0, 0x2, 0xfe, 0xaa, 0xaa, 0xaa, 0xcf, 0x50,
    0x0, 0x3, 0xfa, 0x33, 0x33, 0x33, 0xaf, 0x40,
    0x0, 0x5, 0xff, 0xff, 0xff, 0xff, 0xff, 0x20,
    0x0, 0x6, 0xf9, 0x55, 0x55, 0x55, 0xdf, 0x10,
    0x0, 0x8, 0xfc, 0xbb, 0xbb, 0xbb, 0xff, 0x0,
    0x0, 0x9, 0xff, 0xff, 0xff, 0xff, 0xfd, 0x0,
    0x0, 0x0, 0x0, 0x0, 0x0, 0x0, 0x0, 0x0,
    0xa, 0xff, 0xff, 0xff, 0xff, 0xff, 0xff, 0xf8,
    0x9, 0xef, 0xcc, 0xff, 0xcc, 0xcc, 0xcc, 0xc5,
    0x0, 0xbf, 0x10, 0xce, 0x0, 0x0, 0x0, 0x0,
    0x0, 0xdf, 0xff, 0xfd, 0x5f, 0xff, 0xff, 0x70,
    0x0, 0xfe, 0x88, 0xfb, 0x5f, 0xfc, 0xcf, 0xb0,
    0x0, 0xfb, 0x2, 0xf9, 0xc, 0xe0, 0x4f, 0x70,
    0x2, 0xff, 0xff, 0xf8, 0xa, 0xf0, 0x9f, 0x20,
    0x4, 0xfb, 0x8b, 0xf6, 0x7, 0xf6, 0xfc, 0x0,
    0x5, 0xf6, 0x8, 0xfc, 0x2, 0xff, 0xf4, 0x0,
    0x3a, 0xfd, 0xff, 0xff, 0x20, 0xcf, 0xc0, 0x0,
    0xbf, 0xfe, 0xbd, 0xf2, 0x9, 0xff, 0xf5, 0x0,
    0x33, 0x10, 0xb, 0xf2, 0xef, 0xe6, 0xff, 0x90,
    0x0, 0x0, 0xd, 0xe0, 0xb9, 0x10, 0x2b, 0x60,
    0x0, 0x0, 0x0, 0x0, 0x0, 0x0, 0x0, 0x0,

    /* U+6709 "有" */
    0x0, 0x0, 0x0, 0x2, 0x40, 0x0, 0x0, 0x0,
    0x0, 0x0, 0x0, 0xa, 0xf4, 0x0, 0x0, 0x0,
    0x0, 0x0, 0x0, 0x1f, 0xf1, 0x0, 0x0, 0x0,
    0x0, 0x8f, 0xff, 0xff, 0xff, 0xff, 0xff, 0xfe,
    0x0, 0x9e, 0xee, 0xff, 0xee, 0xee, 0xee, 0xeb,
    0x0, 0x0, 0x3, 0xfd, 0x0, 0x0, 0x0, 0x0,
    0x0, 0x0, 0xa, 0xf6, 0x0, 0x0, 0x0, 0x0,
    0x0, 0x0, 0x2f, 0xfc, 0xcc, 0xcc, 0xb8, 0x0,
    0x0, 0x0, 0xbf, 0xff, 0xff, 0xff, 0xff, 0x50,
    0x0, 0x4, 0xff, 0xb0, 0x0, 0x0, 0xaf, 0x50,
    0x0, 0x1e, 0xff, 0xa0, 0x0, 0x0, 0xbf, 0x30,
    0x0, 0xbf, 0xef, 0xff, 0xff, 0xff, 0xff, 0x20,
    0x9, 0xfd, 0x8f, 0xdb, 0xbb, 0xbb, 0xff, 0x0,
    0x6f, 0xf3, 0x9f, 0x50, 0x0, 0x0, 0xfe, 0x0,
    0x3f, 0x50, 0xbf, 0x40, 0x0, 0x2, 0xfc, 0x0,
    0x1, 0x0, 0xcf, 0xff, 0xff, 0xff, 0xfb, 0x0,
    0x0, 0x0, 0xef, 0xaa, 0xaa, 0xac, 0xf9, 0x0,
    0x0, 0x0, 0xfe, 0x0, 0x0, 0x6, 0xf7, 0x0,
    0x0, 0x1, 0xfd, 0x0, 0x10, 0x9, 0xf6, 0x0,
    0x0, 0x3, 0xfb, 0x9, 0xf4, 0xe, 0xf3, 0x0,
    0x0, 0x5, 0xf9, 0x4, 0xff, 0xef, 0xc0, 0x0,
    0x0, 0x6, 0xf7, 0x0, 0x6d, 0xfb, 0x10, 0x0,

    /* U+671F "期" */
    0x0, 0x0, 0xec, 0x4, 0xf7, 0x0, 0x0, 0x0,
    0x0, 0x0, 0x0, 0xfa, 0x5, 0xf5, 0xa, 0xff,
    0xff, 0xa0, 0x0, 0x1, 0xf9, 0x6, 0xf4, 0xc,
    0xff, 0xff, 0xf1, 0x0, 0x3c, 0xfe, 0xcd, 0xfd,
    0x2d, 0xe0, 0xd, 0xf0, 0x0, 0x5f, 0xff, 0xff,
    0xff, 0x1f, 0xd0, 0xf, 0xe0, 0x0, 0x6, 0xf4,
    0xb, 0xf0, 0x1f, 0xb0, 0xf, 0xc0, 0x0, 0x8,
    0xf3, 0xd, 0xd0, 0x2f, 0xa0, 0x2f, 0xb0, 0x0,
    0x9, 0xfc, 0xcf, 0xc0, 0x4f, 0xff, 0xff, 0x90,
    0x0, 0xb, 0xfb, 0xbf, 0xa0, 0x5f, 0xdb, 0xdf,
    0x80, 0x0, 0xc, 0xe0, 0x2f, 0x80, 0x7f, 0x50,
    0x6f, 0x60, 0x0, 0xe, 0xd4, 0x7f, 0x70, 0x9f,
    0x30, 0x8f, 0x40, 0x0, 0xf, 0xff, 0xff, 0x50,
    0xaf, 0x20, 0x9f, 0x30, 0x0, 0x1f, 0x92, 0x8f,
    0x40, 0xdf, 0xff, 0xff, 0x10, 0x0, 0x3f, 0x70,
    0x8f, 0x20, 0xff, 0xdd, 0xff, 0x0, 0x0, 0x6f,
    0x71, 0xaf, 0x23, 0xfb, 0x0, 0xee, 0x0, 0x8,
    0xff, 0xff, 0xff, 0xf8, 0xf7, 0x0, 0xfc, 0x0,
    0x6, 0xaa, 0xaa, 0xaa, 0xaa, 0xf4, 0x1, 0xfb,
    0x0, 0x0, 0x1b, 0x32, 0xb1, 0xd, 0xf0, 0x2,
    0xf9, 0x0, 0x0, 0xaf, 0x52, 0xfa, 0x3f, 0xc0,
    0x4, 0xf8, 0x0, 0x7, 0xfb, 0x0, 0x8e, 0xaf,
    0x7e, 0x96, 0xf6, 0x0, 0x4f, 0xe1, 0x0, 0x12,
    0xff, 0x1c, 0xff, 0xf2, 0x0, 0xa, 0x20, 0x0,
    0x0, 0x78, 0x2, 0xde, 0x60, 0x0,

    /* U+672A "未" */
    0x0, 0x0, 0x0, 0x0, 0xe, 0xf2, 0x0, 0x0,
    0x0, 0x0, 0x0, 0x0, 0x0, 0xff, 0x10, 0x0,
    0x0, 0x0, 0x0, 0x0, 0x0, 0xf, 0xf0, 0x0,
    0x0, 0x0, 0x0, 0x6f, 0xff, 0xff, 0xff, 0xff,
    0xff, 0xf1, 0x0, 0x9, 0xff, 0xff, 0xff, 0xff,
    0xff, 0xff, 0x0, 0x0, 0x0, 0x0, 0x5, 0xfa,
    0x0, 0x0, 0x0, 0x0, 0x0, 0x0, 0x0, 0x7f,
    0x90, 0x0, 0x0, 0x0, 0x0, 0x0, 0x0, 0x8,
    0xf7, 0x0, 0x0, 0x0, 0x0, 0xbd, 0xdd, 0xdd,
    0xff, 0xed, 0xdd, 0xdd, 0x60, 0xf, 0xff, 0xff,
    0xff, 0xff, 0xff, 0xff, 0xf5, 0x0, 0x11, 0x11,
    0x9f, 0xff, 0xfc, 0x11, 0x11, 0x0, 0x0, 0x0,
    0x1f, 0xdf, 0xfc, 0xf1, 0x0, 0x0, 0x0, 0x0,
    0x9, 0xf7, 0xff, 0x5f, 0x70, 0x0, 0x0, 0x0,
    0x3, 0xfe, 0x2f, 0xe1, 0xfe, 0x0, 0x0, 0x0,
    0x0, 0xdf, 0x53, 0xfc, 0x9, 0xf7, 0x0, 0x0,
    0x0, 0xbf, 0xb0, 0x5f, 0xa0, 0x2f, 0xf1, 0x0,
    0x0, 0x9f, 0xe1, 0x6, 0xf9, 0x0, 0x9f, 0xb0,
    0x0, 0x8f, 0xf3, 0x0, 0x8f, 0x70, 0x1, 0xef,
    0x70, 0x9f, 0xf6, 0x0, 0x9, 0xf6, 0x0, 0x5,
    0xff, 0x56, 0xf5, 0x0, 0x0, 0xbf, 0x40, 0x0,
    0x8, 0xf3, 0x3, 0x0, 0x0, 0xd, 0xf3, 0x0,
    0x0, 0x3, 0x0, 0x0, 0x0, 0x0, 0xef, 0x10,
    0x0, 0x0, 0x0,

    /* U+672C "本" */
    0x0, 0x0, 0x0, 0x0, 0x7, 0xf7, 0x0, 0x0,
    0x0, 0x0, 0x0, 0x0, 0x0, 0x9f, 0x50, 0x0,
    0x0, 0x0, 0x0, 0x0, 0x0, 0xa, 0xf4, 0x0,
    0x0, 0x0, 0x0, 0x0, 0x0, 0x0, 0xcf, 0x20,
    0x0, 0x0, 0x0, 0x1, 0x11, 0x11, 0x1d, 0xf2,
    0x11, 0x11, 0x10, 0x0, 0xef, 0xff, 0xff, 0xff,
    0xff, 0xff, 0xff, 0x0, 0xc, 0xcc, 0xcf, 0xff,
    0xff, 0xdc, 0xcc, 0xa0, 0x0, 0x0, 0x0, 0xee,
    0xfd, 0xf6, 0x0, 0x0, 0x0, 0x0, 0x0, 0x4f,
    0xbf, 0xaf, 0x90, 0x0, 0x0, 0x0, 0x0, 0x9,
    0xf8, 0xf8, 0xeb, 0x0, 0x0, 0x0, 0x0, 0x1,
    0xfc, 0x7f, 0x7b, 0xf0, 0x0, 0x0, 0x0, 0x0,
    0x9f, 0x68, 0xf5, 0x8f, 0x40, 0x0, 0x0, 0x0,
    0x2f, 0xe0, 0xaf, 0x44, 0xf9, 0x0, 0x0, 0x0,
    0xc, 0xf7, 0xc, 0xf2, 0xf, 0xe0, 0x0, 0x0,
    0x8, 0xfd, 0x0, 0xdf, 0x0, 0xaf, 0x70, 0x0,
    0x4, 0xff, 0x41, 0x1f, 0xf1, 0x14, 0xfe, 0x0,
    0x3, 0xff, 0x79, 0xff, 0xff, 0xff, 0x4c, 0xf8,
    0x1, 0xef, 0xb0, 0x8b, 0xcf, 0xeb, 0xb1, 0x4f,
    0xf3, 0xa, 0xc0, 0x0, 0x4, 0xf9, 0x0, 0x0,
    0x9c, 0x10, 0x0, 0x0, 0x0, 0x6f, 0x80, 0x0,
    0x0, 0x0, 0x0, 0x0, 0x0, 0x8, 0xf6, 0x0,
    0x0, 0x0, 0x0, 0x0, 0x0, 0x0, 0x9f, 0x50,
    0x0, 0x0, 0x0,

    /* U+673A "机" */
    0x0, 0x0, 0x8, 0xf5, 0x0, 0x0, 0x0, 0x0,
    0x0, 0x0, 0x0, 0x9f, 0x40, 0x5f, 0xff, 0xfb,
    0x0, 0x0, 0x0, 0xb, 0xf2, 0x7, 0xfd, 0xdf,
    0xf1, 0x0, 0x0, 0x0, 0xcf, 0x10, 0x9f, 0x20,
    0xcf, 0x0, 0x0, 0x0, 0xe, 0xf0, 0xb, 0xf0,
    0xe, 0xe0, 0x0, 0x5, 0xff, 0xff, 0xf6, 0xde,
    0x0, 0xfd, 0x0, 0x0, 0x5c, 0xff, 0xfc, 0x4f,
    0xc0, 0x1f, 0xb0, 0x0, 0x0, 0xd, 0xfa, 0x1,
    0xfb, 0x3, 0xf9, 0x0, 0x0, 0x1, 0xff, 0x90,
    0x3f, 0x90, 0x4f, 0x80, 0x0, 0x0, 0x6f, 0xff,
    0x34, 0xf7, 0x6, 0xf6, 0x0, 0x0, 0xb, 0xff,
    0xfe, 0x7f, 0x50, 0x8f, 0x40, 0x0, 0x1, 0xfc,
    0xf6, 0x69, 0xf3, 0x9, 0xf3, 0x0, 0x0, 0x7e,
    0xbf, 0x20, 0xbf, 0x10, 0xbf, 0x10, 0x0, 0xd,
    0xac, 0xf0, 0xd, 0xe0, 0xd, 0xf0, 0x0, 0x4,
    0xf4, 0xee, 0x0, 0xfc, 0x0, 0xee, 0x0, 0x0,
    0xbe, 0xf, 0xc0, 0x3f, 0x90, 0xf, 0xc0, 0x0,
    0xe, 0x82, 0xfb, 0x7, 0xf6, 0x2, 0xfa, 0x0,
    0x0, 0x22, 0x3f, 0x90, 0xbf, 0x20, 0x3f, 0x90,
    0xe8, 0x0, 0x5, 0xf7, 0x1f, 0xd0, 0x5, 0xf7,
    0x3f, 0x80, 0x0, 0x7f, 0x66, 0xf8, 0x0, 0x5f,
    0x88, 0xf4, 0x0, 0x8, 0xf4, 0xef, 0x20, 0x1,
    0xff, 0xfe, 0x0, 0x0, 0xaf, 0x37, 0x90, 0x0,
    0x6, 0xed, 0x30, 0x0, 0x0, 0x0, 0x0, 0x0,
    0x0, 0x0, 0x0, 0x0,

    /* U+6746 "杆" */
    0x0, 0x0, 0x6, 0xf6, 0x0, 0x0, 0x0, 0x0,
    0x0, 0x0, 0x0, 0x7, 0xf5, 0xa, 0xff, 0xff,
    0xff, 0xf3, 0x0, 0x0, 0x9, 0xf3, 0xb, 0xff,
    0xff, 0xff, 0xf1, 0x0, 0x0, 0xa, 0xf2, 0x0,
    0x0, 0xbf, 0x30, 0x0, 0x0, 0x0, 0xc, 0xf1,
    0x0, 0x0, 0xdf, 0x10, 0x0, 0x0, 0x6f, 0xff,
    0xff, 0xd0, 0x0, 0xef, 0x0, 0x0, 0x0, 0x6c,
    0xef, 0xfc, 0x90, 0x0, 0xfe, 0x0, 0x0, 0x0,
    0x0, 0xdf, 0xb0, 0x0, 0x1, 0xfd, 0x0, 0x0,
    0x0, 0x2, 0xff, 0xb0, 0x0, 0x2, 0xfc, 0x0,
    0x0, 0x0, 0x7, 0xff, 0xf2, 0xaf, 0xff, 0xff,
    0xff, 0xf0, 0x0, 0xe, 0xff, 0xfa, 0xcf, 0xff,
    0xff, 0xff, 0xf0, 0x0, 0x5f, 0xcf, 0xbf, 0x10,
    0x7, 0xf8, 0x0, 0x0, 0x0, 0xdd, 0xaf, 0x5f,
    0x40, 0x8, 0xf6, 0x0, 0x0, 0x6, 0xf7, 0xcf,
    0x13, 0x0, 0xa, 0xf4, 0x0, 0x0, 0x1e, 0xe0,
    0xdf, 0x0, 0x0, 0xb, 0xf3, 0x0, 0x0, 0x3e,
    0x70, 0xfe, 0x0, 0x0, 0xc, 0xf2, 0x0, 0x0,
    0x1, 0x0, 0xfc, 0x0, 0x0, 0xe, 0xf0, 0x0,
    0x0, 0x0, 0x2, 0xfa, 0x0, 0x0, 0xf, 0xf0,
    0x0, 0x0, 0x0, 0x4, 0xf9, 0x0, 0x0, 0x1f,
    0xd0, 0x0, 0x0, 0x0, 0x5, 0xf7, 0x0, 0x0,
    0x2f, 0xc0, 0x0, 0x0, 0x0, 0x7, 0xf5, 0x0,
    0x0, 0x4f, 0xa0, 0x0, 0x0, 0x0, 0x8, 0xf4,
    0x0, 0x0, 0x5f, 0x90, 0x0, 0x0,

    /* U+6761 "条" */
    0x0, 0x0, 0x0, 0x0, 0x85, 0x0, 0x0, 0x0,
    0x0, 0x0, 0x0, 0x0, 0x7f, 0xb0, 0x0, 0x0,
    0x0, 0x0, 0x0, 0x0, 0x4f, 0xfd, 0xcc, 0xcc,
    0x80, 0x0, 0x0, 0x0, 0x3f, 0xff, 0xff, 0xff,
    0xff, 0x30, 0x0, 0x0, 0x4f, 0xfd, 0x0, 0x0,
    0x8f, 0xe0, 0x0, 0x0, 0x7f, 0xff, 0xf7, 0x0,
    0x7f, 0xf3, 0x0, 0x0, 0xa, 0xf7, 0x3f, 0xf7,
    0xaf, 0xf5, 0x0, 0x0, 0x0, 0x13, 0x0, 0x5f,
    0xff, 0xe4, 0x0, 0x0, 0x0, 0x0, 0x1, 0x7e,
    0xff, 0xff, 0x91, 0x0, 0x0, 0x4, 0x8c, 0xff,
    0xfc, 0x6a, 0xff, 0xfb, 0x61, 0x0, 0xaf, 0xfe,
    0xa3, 0x13, 0x12, 0xaf, 0xff, 0x80, 0x3, 0x73,
    0x0, 0x8, 0xf6, 0x0, 0x16, 0xc1, 0x0, 0x12,
    0x22, 0x22, 0xaf, 0x62, 0x22, 0x21, 0x0, 0x6,
    0xff, 0xff, 0xff, 0xff, 0xff, 0xff, 0x50, 0x0,
    0x6c, 0xcc, 0xcc, 0xff, 0xcc, 0xcc, 0xc2, 0x0,
    0x0, 0x3, 0x0, 0xe, 0xf0, 0x2, 0x0, 0x0,
    0x0, 0x2, 0xfd, 0x0, 0xfd, 0x6, 0xf6, 0x0,
    0x0, 0x1, 0xef, 0x60, 0x2f, 0xc0, 0x2f, 0xe1,
    0x0, 0x2, 0xef, 0x90, 0x4, 0xfa, 0x0, 0x9f,
    0xa0, 0x0, 0xcf, 0x95, 0xd4, 0x7f, 0x70, 0x1,
    0xef, 0x40, 0x1, 0x70, 0x3f, 0xff, 0xf3, 0x0,
    0x5, 0xd3, 0x0, 0x0, 0x0, 0x7e, 0xe6, 0x0,
    0x0, 0x0, 0x0,

    /* U+6765 "来" */
    0x0, 0x0, 0x0, 0x0, 0xb, 0xf3, 0x0, 0x0,
    0x0, 0x0, 0x0, 0x0, 0x0, 0xcf, 0x20, 0x0,
    0x0, 0x0, 0x0, 0x0, 0x0, 0xd, 0xf0, 0x0,
    0x0, 0x0, 0x0, 0x8f, 0xff, 0xff, 0xff, 0xff,
    0xff, 0xfa, 0x0, 0x9, 0xff, 0xff, 0xff, 0xff,
    0xff, 0xff, 0x80, 0x0, 0x2, 0x82, 0x2, 0xfc,
    0x0, 0x73, 0x0, 0x0, 0x0, 0x6f, 0x80, 0x4f,
    0xa0, 0x2f, 0xd0, 0x0, 0x0, 0x0, 0xfe, 0x6,
    0xf8, 0xa, 0xf5, 0x0, 0x0, 0x0, 0xb, 0xf3,
    0x8f, 0x74, 0xfc, 0x0, 0x0, 0x0, 0x0, 0x46,
    0x19, 0xf5, 0x7, 0x30, 0x0, 0x0, 0xdf, 0xff,
    0xff, 0xff, 0xff, 0xff, 0xff, 0x80, 0xd, 0xee,
    0xef, 0xff, 0xff, 0xfe, 0xee, 0xe6, 0x0, 0x0,
    0x3, 0xfc, 0xef, 0xaf, 0x30, 0x0, 0x0, 0x0,
    0x0, 0xcf, 0x5f, 0xe5, 0xf9, 0x0, 0x0, 0x0,
    0x0, 0x7f, 0xc2, 0xfd, 0xf, 0xf2, 0x0, 0x0,
    0x0, 0x4f, 0xf3, 0x3f, 0xb0, 0x9f, 0xb0, 0x0,
    0x0, 0x3f, 0xf8, 0x5, 0xf9, 0x2, 0xff, 0x60,
    0x0, 0x4f, 0xfb, 0x0, 0x6f, 0x80, 0x8, 0xff,
    0x30, 0x6f, 0xfc, 0x0, 0x8, 0xf6, 0x0, 0xd,
    0xfe, 0x13, 0xfc, 0x10, 0x0, 0xaf, 0x40, 0x0,
    0x3f, 0xb0, 0x4, 0x0, 0x0, 0xb, 0xf3, 0x0,
    0x0, 0x50, 0x0, 0x0, 0x0, 0x0, 0xdf, 0x10,
    0x0, 0x0, 0x0,

    /* U+677F "板" */
    0x0, 0x0, 0xe, 0xe0, 0x0, 0x0, 0x2, 0x6a,
    0x50, 0x0, 0x0, 0xfc, 0x0, 0x7a, 0xce, 0xff,
    0xfa, 0x0, 0x0, 0x1f, 0xb0, 0x3f, 0xff, 0xff,
    0xc7, 0x20, 0x0, 0x2, 0xf9, 0x4, 0xfc, 0x63,
    0x0, 0x0, 0x0, 0x0, 0x4f, 0x80, 0x6f, 0x70,
    0x0, 0x0, 0x0, 0x3, 0xff, 0xff, 0xd8, 0xf5,
    0x0, 0x0, 0x0, 0x0, 0x3e, 0xff, 0xea, 0x9f,
    0x52, 0x22, 0x20, 0x0, 0x0, 0x4f, 0xf3, 0xb,
    0xff, 0xff, 0xff, 0xd0, 0x0, 0x8, 0xff, 0x20,
    0xdf, 0xef, 0xbb, 0xff, 0x10, 0x0, 0xcf, 0xf8,
    0xe, 0xea, 0xf1, 0xe, 0xd0, 0x0, 0x1f, 0xff,
    0xf7, 0xfc, 0x8f, 0x23, 0xf9, 0x0, 0x6, 0xef,
    0xdd, 0x8f, 0xa6, 0xf4, 0x8f, 0x40, 0x0, 0xbb,
    0xfb, 0x14, 0xf8, 0x4f, 0x7d, 0xf0, 0x0, 0x1f,
    0x8f, 0x90, 0x7f, 0x60, 0xfe, 0xfa, 0x0, 0x7,
    0xf5, 0xf7, 0xa, 0xf3, 0xc, 0xff, 0x30, 0x0,
    0xdb, 0x5f, 0x60, 0xef, 0x0, 0x8f, 0xc0, 0x0,
    0x4f, 0x57, 0xf4, 0x2f, 0xd0, 0xd, 0xfc, 0x0,
    0x0, 0x60, 0x9f, 0x26, 0xf9, 0x8, 0xff, 0xf4,
    0x0, 0x0, 0xb, 0xf1, 0xbf, 0x44, 0xfe, 0x5f,
    0xc0, 0x0, 0x0, 0xcf, 0x1f, 0xe3, 0xff, 0x40,
    0xaf, 0x70, 0x0, 0xe, 0xd9, 0xf9, 0xef, 0x60,
    0x1, 0xff, 0x10, 0x0, 0xfb, 0x5e, 0x17, 0x70,
    0x0, 0x5, 0x60, 0x0, 0x0, 0x0, 0x0, 0x0,
    0x0, 0x0, 0x0, 0x0,

    /* U+6781 "极" */
    0x0, 0x0, 0xf, 0xd0, 0x0, 0x0, 0x0, 0x0,
    0x0, 0x0, 0x1, 0xfc, 0xb, 0xff, 0xff, 0xff,
    0xd1, 0x0, 0x0, 0x2f, 0xa0, 0xcf, 0xff, 0xff,
    0xff, 0x30, 0x0, 0x4, 0xf9, 0x0, 0x7f, 0x40,
    0x2f, 0xd0, 0x0, 0x13, 0x7f, 0x93, 0x9, 0xf2,
    0x9, 0xf6, 0x0, 0x6, 0xff, 0xff, 0xf0, 0xbf,
    0x1, 0xff, 0x0, 0x0, 0x5c, 0xff, 0xb9, 0xd,
    0xf0, 0x7f, 0x80, 0x0, 0x0, 0x8f, 0xf2, 0x0,
    0xfe, 0xe, 0xfc, 0xa4, 0x0, 0xc, 0xff, 0x20,
    0x1f, 0xe5, 0xff, 0xff, 0xc0, 0x0, 0xff, 0xfd,
    0x13, 0xff, 0x17, 0x36, 0xf9, 0x0, 0x5f, 0xff,
    0xfc, 0x6f, 0xf1, 0x0, 0xaf, 0x50, 0xa, 0xcf,
    0xca, 0x89, 0xff, 0x40, 0xf, 0xf0, 0x0, 0xfa,
    0xfa, 0x0, 0xcf, 0xf7, 0x5, 0xfa, 0x0, 0x6f,
    0x7f, 0x80, 0xf, 0xdf, 0xd0, 0xcf, 0x40, 0xc,
    0xe5, 0xf6, 0x5, 0xf9, 0xaf, 0x7f, 0xd0, 0x2,
    0xf8, 0x7f, 0x50, 0xaf, 0x54, 0xff, 0xf6, 0x0,
    0x7f, 0x29, 0xf3, 0xf, 0xf0, 0xd, 0xfd, 0x0,
    0x0, 0x40, 0xaf, 0x15, 0xfb, 0x2, 0xff, 0xe1,
    0x0, 0x0, 0xc, 0xf0, 0xbf, 0x51, 0xdf, 0xff,
    0xc0, 0x0, 0x0, 0xee, 0x3f, 0xe1, 0xcf, 0xc1,
    0xef, 0xb0, 0x0, 0xf, 0xcb, 0xf7, 0xaf, 0xe1,
    0x3, 0xff, 0x70, 0x1, 0xfb, 0x8e, 0x2, 0xd2,
    0x0, 0x3, 0xc0, 0x0, 0x0, 0x0, 0x0, 0x0,
    0x0, 0x0, 0x0, 0x0,

    /* U+67B6 "架" */
    0x0, 0x0, 0x2f, 0x90, 0x0, 0x0, 0x0, 0x0,
    0x0, 0x0, 0x4, 0xf8, 0x0, 0x0, 0x11, 0x10,
    0x0, 0x0, 0xb, 0xcf, 0xdb, 0xa2, 0x5f, 0xff,
    0xfe, 0x30, 0x2, 0xff, 0xff, 0xff, 0xa6, 0xfe,
    0xde, 0xf7, 0x0, 0x1, 0xaf, 0x35, 0xfa, 0x8f,
    0x50, 0x7f, 0x60, 0x0, 0xd, 0xf0, 0x6f, 0x8a,
    0xf3, 0x9, 0xf4, 0x0, 0x2, 0xfb, 0x7, 0xf6,
    0xbf, 0x10, 0xaf, 0x30, 0x0, 0x9f, 0x50, 0x9f,
    0x5d, 0xf0, 0xc, 0xf1, 0x0, 0x4f, 0xfa, 0x4c,
    0xf2, 0xff, 0x88, 0xef, 0x0, 0x2f, 0xf4, 0xff,
    0xfe, 0x1f, 0xff, 0xff, 0xd0, 0x0, 0xb5, 0x4,
    0xba, 0x20, 0x55, 0x55, 0x54, 0x0, 0x0, 0x0,
    0x0, 0x8, 0xa1, 0x0, 0x0, 0x0, 0x0, 0x0,
    0x0, 0x0, 0xff, 0x10, 0x0, 0x0, 0x0, 0xd,
    0xff, 0xff, 0xff, 0xff, 0xff, 0xff, 0xb0, 0x0,
    0xab, 0xbb, 0xff, 0xff, 0xfd, 0xbb, 0xb7, 0x0,
    0x0, 0x0, 0x8f, 0xef, 0xdf, 0xc0, 0x0, 0x0,
    0x0, 0x0, 0x5f, 0xe7, 0xfa, 0xaf, 0x80, 0x0,
    0x0, 0x0, 0x5f, 0xf4, 0x7f, 0x81, 0xef, 0x60,
    0x0, 0x0, 0x7f, 0xf5, 0x9, 0xf6, 0x3, 0xff,
    0x80, 0x0, 0xcf, 0xf6, 0x0, 0xbf, 0x50, 0x4,
    0xff, 0xc0, 0x9, 0xe4, 0x0, 0xc, 0xf3, 0x0,
    0x4, 0xe8, 0x0, 0x11, 0x0, 0x0, 0xef, 0x10,
    0x0, 0x1, 0x0,

    /* U+67C4 "柄" */
    0x0, 0x0, 0xf, 0xb0, 0x0, 0x0, 0x0, 0x0,
    0x0, 0x0, 0x0, 0x1f, 0x90, 0xcf, 0xff, 0xff,
    0xff, 0xf6, 0x0, 0x0, 0x3f, 0x70, 0xce, 0xee,
    0xff, 0xee, 0xe4, 0x0, 0x0, 0x5f, 0x60, 0x0,
    0x1, 0xf9, 0x0, 0x0, 0x0, 0x3, 0x8f, 0x61,
    0x0, 0x3, 0xf7, 0x0, 0x0, 0x0, 0x1f, 0xff,
    0xf5, 0x0, 0x5, 0xf6, 0x0, 0x0, 0x0, 0x2b,
    0xff, 0xa2, 0xcd, 0xde, 0xfd, 0xdc, 0x40, 0x0,
    0x5, 0xff, 0x1, 0xff, 0xff, 0xff, 0xff, 0xb0,
    0x0, 0x9, 0xfe, 0x3, 0xf8, 0xc, 0xf0, 0x1f,
    0xa0, 0x0, 0xd, 0xff, 0x45, 0xf6, 0xf, 0xf0,
    0x3f, 0x80, 0x0, 0x1f, 0xff, 0xe8, 0xf5, 0x3f,
    0xf4, 0x4f, 0x70, 0x0, 0x6e, 0xfb, 0xd9, 0xf3,
    0x8f, 0xf8, 0x6f, 0x50, 0x0, 0xbb, 0xf7, 0xa,
    0xf2, 0xde, 0xcc, 0x8f, 0x30, 0x1, 0xf8, 0xf6,
    0xb, 0xf5, 0xf8, 0x8f, 0x9f, 0x20, 0x7, 0xf6,
    0xf4, 0xd, 0xed, 0xf1, 0x5f, 0xdf, 0x0, 0xd,
    0xa7, 0xf2, 0xf, 0xef, 0x70, 0x3f, 0xfe, 0x0,
    0x2f, 0x59, 0xf1, 0xf, 0xb3, 0x0, 0x2, 0xed,
    0x0, 0x4, 0xb, 0xf0, 0x2f, 0x90, 0x0, 0x0,
    0xfb, 0x0, 0x0, 0xc, 0xd0, 0x4f, 0x80, 0x74,
    0x2, 0xf9, 0x0, 0x0, 0xe, 0xc0, 0x5f, 0x60,
    0xfc, 0x6, 0xf6, 0x0, 0x0, 0xf, 0xa0, 0x7f,
    0x40, 0x9f, 0xcf, 0xf1, 0x0, 0x0, 0x2f, 0x90,
    0x9f, 0x30, 0xa, 0xfe, 0x40, 0x0, 0x0, 0x0,
    0x0, 0x0, 0x0, 0x0, 0x0, 0x0, 0x0,

    /* U+67E5 "查" */
    0x0, 0x0, 0x0, 0x0, 0xdf, 0x20, 0x0, 0x0,
    0x0, 0x0, 0x0, 0x0, 0xff, 0x10, 0x0, 0x0,
    0x0, 0x12, 0x22, 0x22, 0xff, 0x22, 0x22, 0x21,
    0x0, 0xef, 0xff, 0xff, 0xff, 0xff, 0xff, 0xfd,
    0x0, 0xab, 0xbb, 0xff, 0xff, 0xfd, 0xbb, 0xb8,
    0x0, 0x0, 0xa, 0xfc, 0xfc, 0xee, 0x20, 0x0,
    0x0, 0x4, 0xdf, 0x96, 0xf9, 0x4f, 0xf6, 0x0,
    0x2, 0xaf, 0xf8, 0x8, 0xf8, 0x4, 0xff, 0xc3,
    0xc, 0xfd, 0x40, 0xa, 0xf6, 0x0, 0x2d, 0xfb,
    0x3, 0x70, 0x0, 0x3, 0x42, 0x0, 0x0, 0x73,
    0x0, 0x9, 0xff, 0xff, 0xff, 0xff, 0xc0, 0x0,
    0x0, 0xb, 0xfb, 0xaa, 0xaa, 0xae, 0xf2, 0x0,
    0x0, 0xc, 0xf2, 0x0, 0x0, 0xe, 0xf1, 0x0,
    0x0, 0xe, 0xfa, 0xaa, 0xaa, 0xaf, 0xf0, 0x0,
    0x0, 0xf, 0xff, 0xff, 0xff, 0xff, 0xd0, 0x0,
    0x0, 0x1f, 0xd0, 0x0, 0x0, 0x3f, 0xc0, 0x0,
    0x0, 0x3f, 0xb1, 0x11, 0x11, 0x6f, 0xa0, 0x0,
    0x0, 0x5f, 0xff, 0xff, 0xff, 0xff, 0x80, 0x0,
    0x0, 0x39, 0x99, 0x99, 0x99, 0x99, 0x40, 0x0,
    0x0, 0x0, 0x0, 0x0, 0x0, 0x0, 0x0, 0x0,
    0xae, 0xee, 0xee, 0xee, 0xee, 0xee, 0xee, 0x60,
    0xdf, 0xff, 0xff, 0xff, 0xff, 0xff, 0xff, 0x50,

    /* U+6807 "标" */
    0x0, 0x0, 0xa, 0xf2, 0x0, 0x0, 0x0, 0x0,
    0x0, 0x0, 0x0, 0xcf, 0x0, 0x0, 0x0, 0x0,
    0x0, 0x0, 0x0, 0xd, 0xf0, 0xf, 0xff, 0xff,
    0xff, 0xa0, 0x0, 0x0, 0xfd, 0x0, 0xdd, 0xdd,
    0xdd, 0xd7, 0x0, 0x1, 0x2f, 0xc1, 0x0, 0x0,
    0x0, 0x0, 0x0, 0x7, 0xff, 0xff, 0xf0, 0x0,
    0x0, 0x0, 0x0, 0x0, 0x6b, 0xff, 0xda, 0x0,
    0x0, 0x0, 0x0, 0x0, 0x0, 0x4f, 0xf7, 0xe,
    0xee, 0xee, 0xee, 0xec, 0x0, 0x7, 0xff, 0x62,
    0xff, 0xff, 0xff, 0xff, 0xb0, 0x0, 0xcf, 0xff,
    0x30, 0x0, 0xaf, 0x20, 0x0, 0x0, 0x1f, 0xff,
    0xfe, 0x0, 0xb, 0xf0, 0x0, 0x0, 0x5, 0xfd,
    0xf6, 0xa7, 0xa0, 0xdf, 0x18, 0x40, 0x0, 0xbc,
    0xdf, 0x0, 0xce, 0xf, 0xd3, 0xf7, 0x0, 0x2f,
    0x7f, 0xd0, 0x1f, 0xa0, 0xfc, 0x2f, 0x80, 0x8,
    0xf3, 0xfb, 0x5, 0xf5, 0x2f, 0xa1, 0xf9, 0x0,
    0xec, 0x3f, 0xa0, 0xcf, 0x4, 0xf8, 0xf, 0xa0,
    0x4f, 0x64, 0xf8, 0x3f, 0xa0, 0x5f, 0x70, 0xec,
    0x0, 0x41, 0x6f, 0x68, 0xf3, 0x7, 0xf5, 0xc,
    0xe0, 0x0, 0x8, 0xf5, 0x2, 0x0, 0x8f, 0x40,
    0xbf, 0x0, 0x0, 0x9f, 0x30, 0x6c, 0xb, 0xf1,
    0x1, 0x0, 0x0, 0xb, 0xf1, 0x7, 0xfd, 0xfd,
    0x0, 0x0, 0x0, 0x0, 0xdf, 0x0, 0xc, 0xfe,
    0x30, 0x0, 0x0, 0x0, 0x0, 0x0, 0x0, 0x1,
    0x0, 0x0, 0x0, 0x0,

    /* U+680F "栏" */
    0x0, 0x0, 0x0, 0x0, 0x0, 0x0, 0x0, 0x0,
    0x0, 0x0, 0x0, 0xdf, 0x1, 0x98, 0x0, 0x3,
    0xc4, 0x0, 0x0, 0xe, 0xe0, 0x1f, 0xf0, 0x0,
    0x9f, 0x70, 0x0, 0x0, 0xfc, 0x0, 0x9f, 0x50,
    0xf, 0xf1, 0x0, 0x0, 0x1f, 0xb0, 0x3, 0xf8,
    0x8, 0xf9, 0x0, 0x0, 0x25, 0xfa, 0x20, 0x2,
    0x1, 0xff, 0x10, 0x0, 0x3f, 0xff, 0xfc, 0x6e,
    0xee, 0xef, 0xfe, 0x80, 0x3, 0xbf, 0xfc, 0x69,
    0xff, 0xff, 0xff, 0xf8, 0x0, 0x5, 0xff, 0x40,
    0x0, 0x0, 0x0, 0x0, 0x0, 0x0, 0x9f, 0xf4,
    0x0, 0x0, 0x0, 0x0, 0x0, 0x0, 0xd, 0xff,
    0xd1, 0x0, 0x0, 0x0, 0x0, 0x0, 0x1, 0xff,
    0xff, 0xb0, 0x0, 0x0, 0x0, 0x0, 0x0, 0x6e,
    0xed, 0x96, 0x0, 0x0, 0x0, 0x0, 0x0, 0xb,
    0xbf, 0xc0, 0xc, 0xff, 0xff, 0xff, 0x70, 0x1,
    0xf8, 0xfa, 0x0, 0xce, 0xee, 0xee, 0xe5, 0x0,
    0x7f, 0x5f, 0x80, 0x0, 0x0, 0x0, 0x0, 0x0,
    0xd, 0xc5, 0xf7, 0x0, 0x0, 0x0, 0x0, 0x0,
    0x3, 0xf6, 0x6f, 0x50, 0x0, 0x0, 0x0, 0x0,
    0x0, 0x18, 0x18, 0xf3, 0x0, 0x0, 0x0, 0x0,
    0x0, 0x0, 0x0, 0xaf, 0x20, 0x0, 0x0, 0x0,
    0x0, 0x0, 0x0, 0xc, 0xf0, 0x0, 0x0, 0x0,
    0x0, 0x0, 0x0, 0x0, 0xde, 0x9, 0xff, 0xff,
    0xff, 0xff, 0xa0, 0x0, 0xf, 0xd0, 0xbf, 0xff,
    0xff, 0xff, 0xf9, 0x0,

    /* U+6821 "校" */
    0x0, 0x0, 0xd, 0xe0, 0x0, 0x0, 0xef, 0x0,
    0x0, 0x0, 0x0, 0xf, 0xd0, 0x0, 0x0, 0xfe,
    0x0, 0x0, 0x0, 0x0, 0xf, 0xb0, 0x24, 0x45,
    0xfe, 0x44, 0x41, 0x0, 0x0, 0x2f, 0xa0, 0xaf,
    0xff, 0xff, 0xff, 0xf3, 0x0, 0x0, 0x4f, 0x80,
    0xad, 0xdd, 0xdd, 0xdd, 0xd1, 0x0, 0x3f, 0xff,
    0xfa, 0x0, 0x30, 0x0, 0x10, 0x0, 0x0, 0x3c,
    0xff, 0xc6, 0x4, 0xf6, 0xb, 0xe0, 0x0, 0x0,
    0x5, 0xff, 0x50, 0xb, 0xf2, 0x7, 0xf5, 0x0,
    0x0, 0x9, 0xff, 0xe2, 0x2f, 0xb0, 0x1, 0xfc,
    0x0, 0x0, 0xd, 0xff, 0xfa, 0xaf, 0x40, 0x1,
    0xaf, 0x10, 0x0, 0x2f, 0xfe, 0x67, 0xff, 0xd0,
    0xd, 0xff, 0x60, 0x0, 0x7e, 0xfc, 0xc, 0xfc,
    0xf0, 0x2f, 0xaf, 0xa0, 0x0, 0xca, 0xfb, 0x0,
    0x37, 0xf3, 0x7f, 0x44, 0x0, 0x2, 0xf7, 0xf9,
    0x0, 0x3, 0xf9, 0xee, 0x0, 0x0, 0x8, 0xf5,
    0xf7, 0x0, 0x0, 0xef, 0xf7, 0x0, 0x0, 0xe,
    0xa5, 0xf6, 0x0, 0x0, 0x8f, 0xe0, 0x0, 0x0,
    0x4f, 0x57, 0xf4, 0x0, 0x0, 0xcf, 0xd0, 0x0,
    0x0, 0x5, 0x9, 0xf2, 0x0, 0xb, 0xff, 0xf6,
    0x0, 0x0, 0x0, 0xa, 0xf1, 0x0, 0xaf, 0xc1,
    0xef, 0x20, 0x0, 0x0, 0xc, 0xf0, 0x2c, 0xfd,
    0x10, 0x4f, 0xd1, 0x0, 0x0, 0xe, 0xd1, 0xef,
    0xb1, 0x0, 0x8, 0xfc, 0x0, 0x0, 0xf, 0xc0,
    0xb8, 0x0, 0x0, 0x0, 0x96, 0x0, 0x0, 0x0,
    0x0, 0x0, 0x0, 0x0, 0x0, 0x0, 0x0,

    /* U+6837 "样" */
    0x0, 0x0, 0x7, 0xf6, 0x0, 0x76, 0x0, 0x49,
    0x20, 0x0, 0x0, 0x9f, 0x40, 0xe, 0xd0, 0xa,
    0xf4, 0x0, 0x0, 0xb, 0xf3, 0x0, 0x9f, 0x31,
    0xfd, 0x0, 0x0, 0x0, 0xcf, 0x10, 0x7a, 0xd8,
    0xaf, 0xc7, 0x0, 0x1c, 0xcf, 0xfc, 0x5f, 0xff,
    0xff, 0xff, 0xe0, 0x3, 0xff, 0xff, 0xf5, 0x55,
    0x8f, 0xc5, 0x54, 0x0, 0x0, 0xbf, 0xc0, 0x0,
    0x6, 0xf8, 0x0, 0x0, 0x0, 0xe, 0xfb, 0x0,
    0x0, 0x7f, 0x70, 0x0, 0x0, 0x3, 0xff, 0xa0,
    0x0, 0x9, 0xf6, 0x0, 0x0, 0x0, 0x8f, 0xff,
    0x44, 0xff, 0xff, 0xff, 0xf1, 0x0, 0xd, 0xcf,
    0xff, 0x6d, 0xdf, 0xfd, 0xdd, 0x0, 0x2, 0xfa,
    0xf8, 0xb0, 0x0, 0xef, 0x0, 0x0, 0x0, 0x9e,
    0x9f, 0x30, 0x0, 0xf, 0xe0, 0x0, 0x0, 0x1f,
    0x9b, 0xf1, 0x0, 0x2, 0xfc, 0x0, 0x0, 0x7,
    0xf2, 0xcf, 0x9, 0xcc, 0xdf, 0xfc, 0xcc, 0x10,
    0xdc, 0xe, 0xd0, 0xef, 0xff, 0xff, 0xff, 0xf0,
    0xa, 0x60, 0xfc, 0x0, 0x0, 0x7f, 0x70, 0x0,
    0x0, 0x0, 0x2f, 0xa0, 0x0, 0x9, 0xf6, 0x0,
    0x0, 0x0, 0x4, 0xf8, 0x0, 0x0, 0xaf, 0x40,
    0x0, 0x0, 0x0, 0x6f, 0x70, 0x0, 0xc, 0xf3,
    0x0, 0x0, 0x0, 0x8, 0xf5, 0x0, 0x0, 0xdf,
    0x10, 0x0, 0x0, 0x0, 0xaf, 0x30, 0x0, 0xf,
    0xf0, 0x0, 0x0,

    /* U+683C "格" */
    0x0, 0x0, 0x0, 0x0, 0x0, 0x0, 0x0, 0x0,
    0x0, 0x0, 0x0, 0xa, 0xf2, 0x0, 0xe, 0x80,
    0x0, 0x0, 0x0, 0x0, 0xc, 0xf0, 0x0, 0x5f,
    0x90, 0x0, 0x0, 0x0, 0x0, 0xd, 0xf0, 0x0,
    0xbf, 0x84, 0x42, 0x0, 0x0, 0x0, 0xf, 0xd0,
    0x2, 0xff, 0xff, 0xff, 0x30, 0x0, 0x0, 0x1f,
    0xc0, 0xa, 0xfb, 0x99, 0xdf, 0x30, 0x0, 0x2f,
    0xff, 0xff, 0x3f, 0xf2, 0x0, 0xfd, 0x0, 0x0,
    0x3c, 0xff, 0xeb, 0xef, 0xf8, 0x8, 0xf5, 0x0,
    0x0, 0x4, 0xff, 0xd3, 0xd9, 0xcf, 0x5f, 0xc0,
    0x0, 0x0, 0x8, 0xff, 0xfc, 0x20, 0x3f, 0xff,
    0x20, 0x0, 0x0, 0xc, 0xff, 0xbf, 0x30, 0x4f,
    0xfb, 0x0, 0x0, 0x0, 0x1f, 0xff, 0x24, 0x8,
    0xff, 0xdf, 0xa0, 0x0, 0x0, 0x7f, 0xcf, 0x6,
    0xdf, 0xe3, 0xb, 0xfb, 0x10, 0x0, 0xda, 0xde,
    0x8f, 0xf9, 0x10, 0x0, 0xaf, 0xe0, 0x4, 0xf6,
    0xfd, 0x1a, 0x8c, 0xcc, 0xcc, 0x76, 0x70, 0xa,
    0xf2, 0xfb, 0x0, 0x8f, 0xff, 0xff, 0xf0, 0x0,
    0x1f, 0xa3, 0xf9, 0x0, 0x9f, 0x21, 0x1c, 0xf0,
    0x0, 0x4f, 0x44, 0xf8, 0x0, 0xbf, 0x0, 0xd,
    0xe0, 0x0, 0x1, 0x6, 0xf6, 0x0, 0xce, 0x0,
    0xf, 0xd0, 0x0, 0x0, 0x8, 0xf4, 0x0, 0xed,
    0x0, 0xf, 0xb0, 0x0, 0x0, 0x9, 0xf3, 0x0,
    0xfc, 0x11, 0x3f, 0xa0, 0x0, 0x0, 0xb, 0xf1,
    0x1, 0xff, 0xff, 0xff, 0x80, 0x0, 0x0, 0xd,
    0xf0, 0x2, 0xcc, 0xcc, 0xcc, 0x50, 0x0,

    /* U+6846 "框" */
    0x0, 0x0, 0xe, 0xd0, 0x0, 0x0, 0x0, 0x0,
    0x0, 0x0, 0x0, 0xf, 0xb0, 0x2f, 0xff, 0xff,
    0xff, 0xf8, 0x0, 0x0, 0x1f, 0xa0, 0x4f, 0xeb,
    0xbb, 0xbb, 0xb5, 0x0, 0x0, 0x3f, 0x80, 0x5f,
    0x80, 0x0, 0x0, 0x0, 0x0, 0x0, 0x5f, 0x70,
    0x7f, 0x63, 0x44, 0x44, 0x20, 0x0, 0x5f, 0xff,
    0xfb, 0x9f, 0x5d, 0xff, 0xff, 0x90, 0x0, 0x5d,
    0xff, 0xd7, 0xaf, 0x37, 0x8f, 0xd7, 0x30, 0x0,
    0x4, 0xff, 0x20, 0xcf, 0x10, 0x2f, 0xa0, 0x0,
    0x0, 0x8, 0xff, 0x0, 0xef, 0x0, 0x4f, 0x80,
    0x0, 0x0, 0xc, 0xff, 0x50, 0xfe, 0x0, 0x5f,
    0x60, 0x0, 0x0, 0x1f, 0xff, 0xf5, 0xfc, 0x1b,
    0xdf, 0xc9, 0x0, 0x0, 0x6f, 0xfb, 0xd7, 0xfa,
    0x4f, 0xff, 0xfc, 0x0, 0x0, 0xcd, 0xf9, 0x4,
    0xf9, 0x0, 0xbf, 0x20, 0x0, 0x2, 0xf9, 0xf8,
    0x6, 0xf7, 0x0, 0xcf, 0x0, 0x0, 0x8, 0xf6,
    0xf6, 0x7, 0xf5, 0x0, 0xee, 0x0, 0x0, 0x1f,
    0xa7, 0xf4, 0x9, 0xf4, 0x0, 0xfc, 0x0, 0x0,
    0x2e, 0x39, 0xf3, 0xb, 0xf5, 0xbb, 0xfe, 0xb6,
    0x0, 0x1, 0xa, 0xf1, 0xc, 0xf6, 0xff, 0xff,
    0xf8, 0x0, 0x0, 0xc, 0xf0, 0xe, 0xf0, 0x0,
    0x0, 0x0, 0x0, 0x0, 0xe, 0xe0, 0xf, 0xd0,
    0x0, 0x0, 0x0, 0x0, 0x0, 0xf, 0xc0, 0x1f,
    0xfd, 0xdd, 0xdd, 0xdb, 0x0, 0x0, 0x1f, 0xa0,
    0x3e, 0xee, 0xee, 0xee, 0xea, 0x0,

    /* U+6868 "桨" */
    0x0, 0x0, 0x0, 0x0, 0x0, 0x0, 0x0, 0x0,
    0x0, 0x0, 0x0, 0x0, 0xcf, 0x10, 0x5, 0xf6,
    0x0, 0x0, 0x0, 0x1, 0x40, 0xef, 0x0, 0xb,
    0xf4, 0x0, 0x0, 0x0, 0xe, 0xe1, 0xfe, 0x0,
    0x4f, 0xff, 0xff, 0xc1, 0x0, 0x8, 0xfa, 0xfc,
    0x1, 0xef, 0xcc, 0xcf, 0xf4, 0x0, 0x0, 0xed,
    0xfa, 0x1c, 0xfc, 0x0, 0x2f, 0xe0, 0x0, 0x0,
    0x14, 0xf9, 0xaf, 0xff, 0x50, 0xcf, 0x60, 0x0,
    0x0, 0x1c, 0xf7, 0x16, 0x1e, 0xeb, 0xfb, 0x0,
    0x0, 0x4, 0xef, 0xf5, 0x0, 0x6, 0xff, 0xc0,
    0x0, 0x0, 0x8f, 0xed, 0xf4, 0x1, 0x8f, 0xfa,
    0x0, 0x0, 0x0, 0x6c, 0x1c, 0xf2, 0x9f, 0xfe,
    0x60, 0x0, 0x0, 0x0, 0x0, 0xd, 0xf0, 0x9e,
    0x81, 0x0, 0x0, 0x0, 0x0, 0x0, 0x7, 0x70,
    0x33, 0x0, 0x0, 0x0, 0x0, 0x0, 0x0, 0x0,
    0x0, 0xff, 0x0, 0x0, 0x0, 0x0, 0x0, 0xad,
    0xdd, 0xdd, 0xff, 0xdd, 0xdd, 0xd9, 0x0, 0x0,
    0xff, 0xff, 0xff, 0xff, 0xff, 0xff, 0xfa, 0x0,
    0x0, 0x0, 0x4, 0xff, 0xff, 0xf7, 0x0, 0x0,
    0x0, 0x0, 0x0, 0x1d, 0xfa, 0xfb, 0xff, 0x20,
    0x0, 0x0, 0x0, 0x1, 0xdf, 0x87, 0xf7, 0x7f,
    0xd1, 0x0, 0x0, 0x0, 0x3e, 0xfa, 0x8, 0xf6,
    0xb, 0xfe, 0x30, 0x0, 0x9, 0xff, 0x90, 0xa,
    0xf4, 0x0, 0xbf, 0xf7, 0x0, 0xc, 0xf7, 0x0,
    0xb, 0xf3, 0x0, 0x9, 0xf8, 0x0, 0x3, 0x20,
    0x0, 0xd, 0xf1, 0x0, 0x0, 0x41, 0x0,

    /* U+68C0 "检" */
    0x0, 0x0, 0x0, 0x0, 0x0, 0x0, 0x0, 0x0,
    0x0, 0x0, 0x0, 0xcf, 0x0, 0x0, 0x7e, 0x30,
    0x0, 0x0, 0x0, 0xd, 0xe0, 0x0, 0xd, 0xf2,
    0x0, 0x0, 0x0, 0x0, 0xfd, 0x0, 0x4, 0xff,
    0x50, 0x0, 0x0, 0x0, 0xf, 0xb0, 0x0, 0xcf,
    0xfb, 0x0, 0x0, 0x0, 0x2, 0xfa, 0x0, 0x4f,
    0xdb, 0xf2, 0x0, 0x0, 0x7f, 0xff, 0xfd, 0xd,
    0xf4, 0x4f, 0xa0, 0x0, 0x6, 0xbf, 0xfc, 0x89,
    0xfa, 0x0, 0xdf, 0x40, 0x0, 0x3, 0xff, 0x57,
    0xfd, 0x10, 0x4, 0xfe, 0x10, 0x0, 0x7f, 0xf6,
    0xfe, 0xef, 0xff, 0xfd, 0xfb, 0x0, 0xb, 0xff,
    0xa8, 0x29, 0xaa, 0xaa, 0x29, 0x20, 0x0, 0xff,
    0xff, 0x70, 0x0, 0x0, 0x0, 0x0, 0x0, 0x4f,
    0xee, 0xc5, 0x3, 0xd5, 0x2, 0x30, 0x0, 0x9,
    0xde, 0xc1, 0x34, 0x2f, 0x80, 0x7f, 0x50, 0x0,
    0xe9, 0xfa, 0xe, 0xc0, 0xfa, 0xb, 0xf1, 0x0,
    0x3f, 0x6f, 0x90, 0xbf, 0xd, 0xc0, 0xfc, 0x0,
    0xa, 0xe4, 0xf7, 0x8, 0xf2, 0xcd, 0x4f, 0x80,
    0x1, 0xf9, 0x5f, 0x50, 0x6f, 0x47, 0x7a, 0xf3,
    0x0, 0x18, 0x37, 0xf4, 0x4, 0xf5, 0x0, 0xfc,
    0x0, 0x0, 0x0, 0x9f, 0x20, 0x29, 0x30, 0x6f,
    0x60, 0x0, 0x0, 0xa, 0xf0, 0x0, 0x0, 0xd,
    0xf1, 0x0, 0x0, 0x0, 0xcf, 0xb, 0xdd, 0xdd,
    0xff, 0xdd, 0x70, 0x0, 0xe, 0xd0, 0xff, 0xff,
    0xff, 0xff, 0xf7, 0x0,

    /* U+6A21 "模" */
    0x0, 0x0, 0xe, 0xe0, 0x0, 0xbf, 0x0, 0xec,
    0x0, 0x0, 0x0, 0xf, 0xd0, 0x0, 0xde, 0x0,
    0xfb, 0x0, 0x0, 0x0, 0x1f, 0xb0, 0xdf, 0xff,
    0xff, 0xff, 0xf8, 0x0, 0x0, 0x2f, 0x90, 0xab,
    0xfe, 0xbc, 0xfd, 0xb4, 0x0, 0x1, 0x5f, 0x91,
    0x2, 0xf9, 0x4, 0xf7, 0x0, 0x0, 0x4f, 0xff,
    0xfb, 0x0, 0x42, 0x1, 0x41, 0x0, 0x0, 0x4c,
    0xff, 0xc6, 0x9f, 0xff, 0xff, 0xfd, 0x10, 0x0,
    0x6, 0xff, 0x30, 0xbf, 0xaa, 0xaa, 0xdf, 0x30,
    0x0, 0xa, 0xff, 0x60, 0xde, 0x22, 0x22, 0xaf,
    0x20, 0x0, 0xe, 0xff, 0xf4, 0xff, 0xff, 0xff,
    0xff, 0x0, 0x0, 0x3f, 0xfe, 0xe5, 0xfc, 0x55,
    0x55, 0xee, 0x0, 0x0, 0x8d, 0xfc, 0x12, 0xfd,
    0x99, 0x99, 0xfd, 0x0, 0x0, 0xda, 0xfa, 0x4,
    0xff, 0xff, 0xff, 0xfb, 0x0, 0x3, 0xf7, 0xf9,
    0x0, 0x0, 0x6f, 0x60, 0x0, 0x0, 0x9, 0xf5,
    0xf7, 0x0, 0x0, 0x8f, 0x40, 0x0, 0x0, 0xf,
    0x96, 0xf5, 0x2f, 0xff, 0xff, 0xff, 0xff, 0x0,
    0x5f, 0x47, 0xf4, 0x29, 0x9b, 0xff, 0xc9, 0x98,
    0x0, 0x5, 0x9, 0xf2, 0x0, 0xc, 0xff, 0xd0,
    0x0, 0x0, 0x0, 0xb, 0xf0, 0x0, 0xaf, 0xa8,
    0xf8, 0x0, 0x0, 0x0, 0xd, 0xf0, 0x4d, 0xfc,
    0x0, 0xdf, 0x90, 0x0, 0x0, 0xe, 0xd3, 0xff,
    0xa1, 0x0, 0x2d, 0xfb, 0x0, 0x0, 0xf, 0xc0,
    0xa5, 0x0, 0x0, 0x1, 0xb4, 0x0, 0x0, 0x0,
    0x0, 0x0, 0x0, 0x0, 0x0, 0x0, 0x0,

    /* U+6A2A "横" */
    0x0, 0x0, 0x2f, 0x80, 0x0, 0xec, 0x5, 0xf5,
    0x0, 0x0, 0x4, 0xf6, 0x0, 0xf, 0xb0, 0x7f,
    0x40, 0x0, 0x0, 0x5f, 0x50, 0x9a, 0xfd, 0xad,
    0xfb, 0x80, 0x0, 0x7, 0xf3, 0xf, 0xff, 0xff,
    0xff, 0xfc, 0x0, 0x1, 0x9f, 0x30, 0x5, 0xf7,
    0xc, 0xf0, 0x0, 0x3, 0xff, 0xff, 0x40, 0x7f,
    0x50, 0xde, 0x0, 0x0, 0x3c, 0xff, 0xb9, 0xff,
    0xff, 0xff, 0xff, 0xe0, 0x0, 0x8f, 0xd0, 0x6b,
    0xbb, 0xff, 0xbb, 0xb9, 0x0, 0xb, 0xfc, 0x0,
    0x0, 0xf, 0xd0, 0x0, 0x0, 0x0, 0xff, 0xf2,
    0x3f, 0xff, 0xff, 0xff, 0x90, 0x0, 0x4f, 0xff,
    0xd5, 0xfc, 0xbf, 0xdb, 0xef, 0x0, 0x8, 0xdf,
    0x9b, 0x7f, 0x41, 0xf7, 0xc, 0xe0, 0x0, 0xdb,
    0xf5, 0x8, 0xf9, 0x9f, 0xb8, 0xec, 0x0, 0x3f,
    0x8f, 0x30, 0xaf, 0xff, 0xff, 0xff, 0xb0, 0x9,
    0xd8, 0xf1, 0xc, 0xf0, 0x6f, 0x21, 0xf9, 0x0,
    0xe7, 0xaf, 0x0, 0xdd, 0x18, 0xf2, 0x4f, 0x70,
    0x4f, 0x2c, 0xe0, 0xf, 0xff, 0xff, 0xff, 0xf6,
    0x0, 0x50, 0xdc, 0x0, 0x99, 0x99, 0x99, 0x99,
    0x20, 0x0, 0xf, 0xb0, 0x0, 0x39, 0x0, 0x73,
    0x0, 0x0, 0x1, 0xf9, 0x0, 0x5f, 0xf3, 0x1f,
    0xf6, 0x0, 0x0, 0x2f, 0x70, 0xbf, 0xe3, 0x0,
    0x3e, 0xf9, 0x0, 0x4, 0xf6, 0x8, 0x91, 0x0,
    0x0, 0x1c, 0x60, 0x0, 0x0, 0x0, 0x0, 0x0,
    0x0, 0x0, 0x0, 0x0,

    /* U+6A59 "橙" */
    0x0, 0x0, 0x2f, 0x90, 0x0, 0x0, 0x58, 0x2,
    0x0, 0x0, 0x0, 0x3f, 0x73, 0xff, 0xfc, 0xaf,
    0x3f, 0x50, 0x0, 0x0, 0x5f, 0x62, 0x99, 0xdf,
    0x9f, 0xee, 0x10, 0x0, 0x0, 0x7f, 0x40, 0x40,
    0xdf, 0x4f, 0xf4, 0x0, 0x0, 0x0, 0x9f, 0x33,
    0xf8, 0xfa, 0x1f, 0xb1, 0xe3, 0x0, 0x4f, 0xff,
    0xf4, 0xcf, 0xf4, 0xb, 0xfc, 0xf3, 0x0, 0x3c,
    0xff, 0xa1, 0x4f, 0xc0, 0x5, 0xff, 0x50, 0x0,
    0x8, 0xfe, 0x2, 0xef, 0x96, 0x66, 0xff, 0x50,
    0x0, 0xb, 0xfc, 0x2f, 0xfe, 0xff, 0xff, 0xaf,
    0xf4, 0x0, 0xf, 0xff, 0x5a, 0x52, 0x33, 0x33,
    0x14, 0xf7, 0x0, 0x4f, 0xff, 0xf1, 0xaa, 0xaa,
    0xaa, 0x80, 0x20, 0x0, 0x8d, 0xf8, 0x91, 0xff,
    0xff, 0xff, 0xf6, 0x0, 0x0, 0xeb, 0xf5, 0x2,
    0xf9, 0x0, 0x8, 0xf6, 0x0, 0x4, 0xf8, 0xf3,
    0x4, 0xf7, 0x0, 0x9, 0xf4, 0x0, 0xa, 0xd8,
    0xf2, 0x6, 0xfd, 0xbb, 0xbe, 0xf2, 0x0, 0xf,
    0x7a, 0xf0, 0x7, 0xff, 0xff, 0xff, 0xf1, 0x0,
    0x5f, 0x2b, 0xe0, 0x0, 0x0, 0x0, 0x10, 0x0,
    0x0, 0x4, 0xd, 0xd0, 0x0, 0xbe, 0x0, 0x9d,
    0x10, 0x0, 0x0, 0xf, 0xb0, 0x0, 0xaf, 0x10,
    0xed, 0x0, 0x0, 0x0, 0xf, 0xa0, 0x0, 0x6f,
    0x56, 0xf6, 0x0, 0x0, 0x0, 0x2f, 0x80, 0xcc,
    0xdf, 0xee, 0xfd, 0xca, 0x0, 0x0, 0x4f, 0x62,
    0xff, 0xff, 0xff, 0xff, 0xfb, 0x0,

    /* U+6B21 "次" */
    0x0, 0x0, 0x0, 0x0, 0x3, 0x0, 0x0, 0x0,
    0x0, 0x4, 0xb7, 0x0, 0x5, 0xfa, 0x0, 0x0,
    0x0, 0x0, 0x5f, 0xd0, 0x0, 0x9f, 0x60, 0x0,
    0x0, 0x0, 0x0, 0xef, 0x30, 0xd, 0xfe, 0xdd,
    0xdd, 0xc2, 0x0, 0x9, 0xf8, 0x2, 0xff, 0xff,
    0xff, 0xff, 0x70, 0x0, 0x5f, 0xc0, 0x7f, 0x90,
    0x0, 0x8, 0xf6, 0x0, 0x1, 0xff, 0xd, 0xf4,
    0x36, 0x10, 0xbf, 0x30, 0x0, 0xa, 0x73, 0xfe,
    0xa, 0xf3, 0xe, 0xf0, 0x0, 0x0, 0x0, 0xaf,
    0x70, 0xcf, 0x14, 0xfb, 0x0, 0x0, 0x0, 0x2f,
    0xf1, 0xe, 0xf0, 0x9f, 0x60, 0x0, 0x0, 0x0,
    0x77, 0x0, 0xfe, 0x1, 0x51, 0x0, 0x0, 0xc,
    0x80, 0x0, 0x3f, 0xd0, 0x0, 0x0, 0x0, 0x6,
    0xfc, 0x0, 0x7, 0xff, 0x10, 0x0, 0x0, 0x0,
    0xbf, 0x70, 0x0, 0xcf, 0xf5, 0x0, 0x0, 0x0,
    0x1f, 0xf1, 0x0, 0x3f, 0xff, 0xc0, 0x0, 0x0,
    0x7, 0xfb, 0x0, 0xb, 0xf7, 0xef, 0x30, 0x0,
    0x0, 0xef, 0x40, 0x5, 0xfe, 0x18, 0xfb, 0x0,
    0x0, 0x7f, 0xd0, 0x2, 0xff, 0x60, 0x1f, 0xf5,
    0x0, 0x1f, 0xf5, 0x2, 0xef, 0xb0, 0x0, 0x7f,
    0xe1, 0x8, 0xfc, 0x4, 0xef, 0xc0, 0x0, 0x0,
    0xcf, 0xc0, 0x7, 0x20, 0xaf, 0xc1, 0x0, 0x0,
    0x1, 0xef, 0x30, 0x0, 0x1, 0x80, 0x0, 0x0,
    0x0, 0x3, 0x50,

    /* U+6B27 "欧" */
    0x0, 0x0, 0x0, 0x0, 0x0, 0x9, 0x50, 0x0,
    0x0, 0x1, 0x44, 0x44, 0x44, 0x33, 0xfa, 0x0,
    0x0, 0x0, 0x6f, 0xff, 0xff, 0xf9, 0x6f, 0x70,
    0x0, 0x0, 0x7, 0xfa, 0x88, 0x88, 0x49, 0xfd,
    0xcc, 0xb2, 0x0, 0x9f, 0x20, 0xa, 0x60, 0xef,
    0xff, 0xff, 0x90, 0xb, 0xfa, 0x61, 0xf9, 0x2f,
    0xb1, 0x16, 0xf7, 0x0, 0xce, 0xfc, 0x4f, 0x57,
    0xf7, 0x41, 0x9f, 0x30, 0xe, 0xda, 0xfb, 0xf1,
    0xef, 0x7f, 0x3d, 0xf0, 0x0, 0xfb, 0x4f, 0xfc,
    0x4f, 0xa7, 0xf6, 0xfb, 0x0, 0x2f, 0x90, 0xff,
    0x76, 0xf4, 0x9f, 0x4c, 0x50, 0x3, 0xf7, 0xb,
    0xf2, 0x1, 0xb, 0xf0, 0x0, 0x0, 0x5f, 0x60,
    0xef, 0x30, 0x0, 0xdf, 0x0, 0x0, 0x7, 0xf4,
    0x5f, 0xf6, 0x0, 0xf, 0xf1, 0x0, 0x0, 0x8f,
    0x2c, 0xff, 0xa0, 0x4, 0xff, 0x40, 0x0, 0xa,
    0xf6, 0xf8, 0xcd, 0x0, 0x8f, 0xf7, 0x0, 0x0,
    0xcf, 0xdf, 0x19, 0xf1, 0xe, 0xee, 0xd0, 0x0,
    0xd, 0xeb, 0x70, 0x5b, 0x15, 0xf8, 0xaf, 0x20,
    0x0, 0xfc, 0x0, 0x0, 0x0, 0xdf, 0x14, 0xf8,
    0x0, 0x1f, 0xfc, 0xcc, 0xc9, 0x7f, 0x90, 0xe,
    0xf1, 0x3, 0xff, 0xff, 0xff, 0xdf, 0xe1, 0x0,
    0x6f, 0xa0, 0x0, 0x0, 0x0, 0xc, 0xf5, 0x0,
    0x0, 0xdd, 0x0, 0x0, 0x0, 0x0, 0x16, 0x0,
    0x0, 0x3, 0x0,

    /* U+6B62 "止" */
    0x0, 0x0, 0x0, 0x0, 0x0, 0xbf, 0x40, 0x0,
    0x0, 0x0, 0x0, 0x0, 0x0, 0xd, 0xf3, 0x0,
    0x0, 0x0, 0x0, 0x0, 0x0, 0x0, 0xef, 0x10,
    0x0, 0x0, 0x0, 0x0, 0x0, 0x0, 0xf, 0xf0,
    0x0, 0x0, 0x0, 0x0, 0xc, 0xd1, 0x2, 0xfe,
    0x0, 0x0, 0x0, 0x0, 0x0, 0xff, 0x0, 0x3f,
    0xc0, 0x0, 0x0, 0x0, 0x0, 0x1f, 0xe0, 0x5,
    0xfa, 0x0, 0x0, 0x0, 0x0, 0x3, 0xfd, 0x0,
    0x6f, 0xfe, 0xee, 0xd0, 0x0, 0x0, 0x5f, 0xb0,
    0x8, 0xff, 0xff, 0xfe, 0x0, 0x0, 0x6, 0xf9,
    0x0, 0xaf, 0x72, 0x22, 0x10, 0x0, 0x0, 0x8f,
    0x80, 0xb, 0xf4, 0x0, 0x0, 0x0, 0x0, 0xa,
    0xf6, 0x0, 0xdf, 0x20, 0x0, 0x0, 0x0, 0x0,
    0xbf, 0x40, 0xe, 0xf1, 0x0, 0x0, 0x0, 0x0,
    0xd, 0xf2, 0x0, 0xff, 0x0, 0x0, 0x0, 0x0,
    0x0, 0xff, 0x10, 0x1f, 0xe0, 0x0, 0x0, 0x0,
    0x0, 0xf, 0xf0, 0x3, 0xfc, 0x0, 0x0, 0x0,
    0x0, 0x2, 0xfd, 0x0, 0x5f, 0xb0, 0x0, 0x0,
    0x0, 0x0, 0x4f, 0xc0, 0x6, 0xf9, 0x0, 0x0,
    0x0, 0x0, 0x5, 0xfa, 0x0, 0x8f, 0x80, 0x0,
    0x0, 0x0, 0x0, 0x7f, 0x80, 0x9, 0xf6, 0x0,
    0x0, 0x0, 0xe, 0xff, 0xff, 0xff, 0xff, 0xff,
    0xff, 0xfb, 0x0, 0xff, 0xff, 0xff, 0xff, 0xff,
    0xff, 0xff, 0x90,

    /* U+6B63 "正" */
    0x0, 0x0, 0x0, 0x0, 0x0, 0x0, 0x0, 0x0,
    0x0, 0x1, 0xff, 0xff, 0xff, 0xff, 0xff, 0xff,
    0xf1, 0x0, 0x2e, 0xee, 0xee, 0xef, 0xfe, 0xee,
    0xed, 0x0, 0x0, 0x0, 0x0, 0x1, 0xfe, 0x0,
    0x0, 0x0, 0x0, 0x0, 0x0, 0x0, 0x3f, 0xd0,
    0x0, 0x0, 0x0, 0x0, 0x0, 0x0, 0x4, 0xfb,
    0x0, 0x0, 0x0, 0x0, 0x0, 0x33, 0x0, 0x6f,
    0x90, 0x0, 0x0, 0x0, 0x0, 0x3f, 0xc0, 0x7,
    0xf8, 0x0, 0x0, 0x0, 0x0, 0x5, 0xfb, 0x0,
    0x9f, 0x72, 0x22, 0x10, 0x0, 0x0, 0x7f, 0x90,
    0xa, 0xff, 0xff, 0xfb, 0x0, 0x0, 0x9, 0xf7,
    0x0, 0xcf, 0xee, 0xee, 0x90, 0x0, 0x0, 0xbf,
    0x50, 0xe, 0xf1, 0x0, 0x0, 0x0, 0x0, 0xc,
    0xf3, 0x0, 0xff, 0x0, 0x0, 0x0, 0x0, 0x0,
    0xef, 0x20, 0x1f, 0xe0, 0x0, 0x0, 0x0, 0x0,
    0xf, 0xf0, 0x2, 0xfd, 0x0, 0x0, 0x0, 0x0,
    0x2, 0xfe, 0x0, 0x4f, 0xb0, 0x0, 0x0, 0x0,
    0x0, 0x3f, 0xc0, 0x6, 0xfa, 0x0, 0x0, 0x0,
    0x0, 0x5, 0xfb, 0x0, 0x7f, 0x80, 0x0, 0x0,
    0x0, 0x0, 0x7f, 0x90, 0x9, 0xf7, 0x0, 0x0,
    0x0, 0xc, 0xff, 0xff, 0xff, 0xff, 0xff, 0xff,
    0xfc, 0x0, 0xef, 0xff, 0xff, 0xff, 0xff, 0xff,
    0xff, 0xa0, 0x0,

    /* U+6B64 "此" */
    0x0, 0x0, 0x0, 0x4e, 0x90, 0x9, 0xf5, 0x0,
    0x0, 0x0, 0x0, 0x0, 0x6f, 0x80, 0xb, 0xf3,
    0x0, 0x0, 0x0, 0x0, 0x0, 0x8f, 0x60, 0xd,
    0xf1, 0x0, 0x0, 0x0, 0x1, 0x10, 0x9f, 0x50,
    0xe, 0xf0, 0x0, 0x0, 0x0, 0xe, 0xf0, 0xbf,
    0x30, 0xf, 0xe0, 0x0, 0x0, 0x0, 0xf, 0xe0,
    0xcf, 0x10, 0x2f, 0xc0, 0x3, 0x30, 0x0, 0x1f,
    0xc0, 0xef, 0x0, 0x3f, 0xb0, 0x2e, 0xf1, 0x0,
    0x3f, 0xb0, 0xff, 0xed, 0x5f, 0x94, 0xef, 0x80,
    0x0, 0x5f, 0x91, 0xff, 0xfe, 0x6f, 0xdf, 0xf8,
    0x0, 0x0, 0x6f, 0x73, 0xfb, 0x10, 0x8f, 0xff,
    0x60, 0x0, 0x0, 0x8f, 0x65, 0xf9, 0x0, 0xaf,
    0xd3, 0x0, 0x0, 0x0, 0xaf, 0x46, 0xf7, 0x0,
    0xbf, 0x30, 0x0, 0x0, 0x0, 0xbf, 0x28, 0xf6,
    0x0, 0xdf, 0x10, 0x0, 0x0, 0x0, 0xdf, 0x1a,
    0xf4, 0x0, 0xff, 0x0, 0x0, 0x0, 0x0, 0xef,
    0xb, 0xf3, 0x0, 0xfe, 0x0, 0x0, 0x0, 0x0,
    0xfe, 0xd, 0xf1, 0x2, 0xfc, 0x0, 0x0, 0x0,
    0x2, 0xfc, 0xe, 0xf0, 0x4, 0xfb, 0x0, 0x38,
    0x30, 0x3, 0xfa, 0xf, 0xe8, 0x95, 0xf9, 0x0,
    0x8f, 0x60, 0x5, 0xf9, 0x6f, 0xff, 0xf6, 0xf9,
    0x0, 0xcf, 0x30, 0x19, 0xff, 0xff, 0xfb, 0x44,
    0xfd, 0x15, 0xfe, 0x0, 0x5f, 0xff, 0xd7, 0x10,
    0x0, 0xef, 0xff, 0xf6, 0x0, 0x1c, 0x72, 0x0,
    0x0, 0x0, 0x3c, 0xfe, 0x70, 0x0,

    /* U+6B65 "步" */
    0x0, 0x0, 0x0, 0x0, 0x5f, 0xa0, 0x0, 0x0,
    0x0, 0x0, 0x32, 0x0, 0x7f, 0x90, 0x0, 0x0,
    0x0, 0x2, 0xfb, 0x0, 0x8f, 0x92, 0x22, 0x20,
    0x0, 0x4, 0xfa, 0x0, 0xaf, 0xff, 0xff, 0xf3,
    0x0, 0x6, 0xf8, 0x0, 0xcf, 0xdc, 0xcc, 0xc1,
    0x0, 0x7, 0xf6, 0x0, 0xdf, 0x30, 0x0, 0x0,
    0x0, 0x9, 0xf5, 0x0, 0xff, 0x10, 0x0, 0x0,
    0x8, 0xdf, 0xfe, 0xdd, 0xff, 0xdd, 0xdd, 0xd9,
    0xb, 0xff, 0xff, 0xff, 0xff, 0xff, 0xff, 0xf9,
    0x0, 0x0, 0x0, 0x5, 0xfb, 0x0, 0x0, 0x0,
    0x0, 0x0, 0x71, 0x6, 0xf9, 0x0, 0x0, 0x0,
    0x0, 0x7, 0xf9, 0x8, 0xf8, 0x0, 0x8d, 0x30,
    0x0, 0x3f, 0xf1, 0xa, 0xf6, 0x2, 0xff, 0x10,
    0x1, 0xef, 0x50, 0xb, 0xf4, 0xc, 0xf7, 0x0,
    0x2d, 0xf9, 0x0, 0xd, 0xf3, 0xaf, 0xc0, 0x0,
    0x7f, 0xb0, 0x0, 0xe, 0xfc, 0xfe, 0x10, 0x0,
    0x6, 0x0, 0x0, 0x8, 0xff, 0xd2, 0x0, 0x0,
    0x0, 0x0, 0x2, 0x9f, 0xfc, 0x10, 0x0, 0x0,
    0x0, 0x5, 0xbf, 0xff, 0x80, 0x0, 0x0, 0x0,
    0x6c, 0xff, 0xff, 0xb2, 0x0, 0x0, 0x0, 0x0,
    0x9f, 0xfd, 0x82, 0x0, 0x0, 0x0, 0x0, 0x0,
    0x35, 0x10, 0x0, 0x0, 0x0, 0x0, 0x0, 0x0,

    /* U+6B7B "死" */
    0x0, 0xe, 0xff, 0xff, 0xff, 0xff, 0xff, 0xff,
    0xf4, 0x0, 0xc, 0xde, 0xfe, 0xdd, 0xdf, 0xfd,
    0xdd, 0xd2, 0x0, 0x0, 0xb, 0xf3, 0x0, 0xf,
    0xe0, 0x0, 0x0, 0x0, 0x0, 0xe, 0xf0, 0x0,
    0x1f, 0xc0, 0x0, 0x0, 0x0, 0x0, 0x2f, 0xfb,
    0xa3, 0x3f, 0xa0, 0x0, 0x0, 0x0, 0x0, 0x6f,
    0xff, 0xfb, 0x5f, 0x90, 0x3, 0x0, 0x0, 0x0,
    0xcf, 0x44, 0xfb, 0x6f, 0x70, 0x4f, 0x60, 0x0,
    0x2, 0xfd, 0x5, 0xf8, 0x8f, 0x50, 0xdf, 0x40,
    0x0, 0x9, 0xfa, 0x8, 0xf5, 0xaf, 0x4b, 0xf9,
    0x0, 0x0, 0x1f, 0xff, 0x5c, 0xf2, 0xbf, 0xcf,
    0xc0, 0x0, 0x0, 0xaf, 0xaf, 0xef, 0xd0, 0xdf,
    0xfd, 0x10, 0x0, 0x5, 0xfe, 0x7, 0xff, 0x80,
    0xff, 0xd2, 0x0, 0x0, 0x0, 0xa4, 0x0, 0xff,
    0x20, 0xfe, 0x10, 0x0, 0x0, 0x0, 0x0, 0x5,
    0xfc, 0x2, 0xfb, 0x0, 0x0, 0x0, 0x0, 0x0,
    0xd, 0xf4, 0x4, 0xfa, 0x0, 0x0, 0x0, 0x0,
    0x0, 0x8f, 0xc0, 0x5, 0xf8, 0x0, 0xce, 0x0,
    0x0, 0x4, 0xff, 0x30, 0x7, 0xf6, 0x0, 0xfd,
    0x0, 0x0, 0x2f, 0xf8, 0x0, 0x8, 0xf6, 0x4,
    0xf9, 0x0, 0x3, 0xef, 0xb0, 0x0, 0x7, 0xf8,
    0xb, 0xf4, 0x0, 0xc, 0xfd, 0x10, 0x0, 0x2,
    0xff, 0xff, 0xc0, 0x0, 0x2, 0xb1, 0x0, 0x0,
    0x0, 0x6e, 0xfb, 0x10, 0x0,

    /* U+6B8A "殊" */
    0x0, 0x0, 0x0, 0x0, 0x0, 0x0, 0xfc, 0x0,
    0x0, 0x3, 0xff, 0xff, 0xf5, 0xae, 0x1f, 0xb0,
    0x0, 0x0, 0x3b, 0xff, 0xbb, 0x3d, 0xc2, 0xf9,
    0x0, 0x0, 0x0, 0xe, 0xb0, 0x0, 0xfd, 0x9f,
    0xb7, 0x72, 0x0, 0x1, 0xf9, 0x0, 0x2f, 0xff,
    0xff, 0xff, 0x40, 0x0, 0x4f, 0x70, 0x7, 0xff,
    0xff, 0xfe, 0xe2, 0x0, 0x6, 0xff, 0xf7, 0xbf,
    0x18, 0xf3, 0x0, 0x0, 0x0, 0xaf, 0xbf, 0xcf,
    0xd0, 0xaf, 0x10, 0x0, 0x0, 0xe, 0xc0, 0xfa,
    0x45, 0xb, 0xf0, 0x0, 0x0, 0x3, 0xf8, 0x1f,
    0x82, 0x22, 0xdf, 0x22, 0x20, 0x0, 0x7f, 0xc5,
    0xf8, 0xff, 0xff, 0xff, 0xff, 0x10, 0xd, 0xef,
    0xef, 0x5b, 0xef, 0xff, 0xfb, 0xb0, 0x4, 0xf7,
    0x7f, 0xd0, 0xb, 0xef, 0xef, 0x0, 0x0, 0x5e,
    0x11, 0xf8, 0x0, 0xfc, 0xfb, 0xf2, 0x0, 0x0,
    0x0, 0x7f, 0x40, 0x5f, 0x8f, 0x9f, 0x40, 0x0,
    0x0, 0xd, 0xe0, 0xc, 0xd7, 0xf5, 0xf7, 0x0,
    0x0, 0x5, 0xf8, 0x4, 0xf7, 0x9f, 0x2e, 0xa0,
    0x0, 0x0, 0xcf, 0x10, 0xcf, 0x1a, 0xf1, 0xaf,
    0x0, 0x0, 0x6f, 0x90, 0x7f, 0x90, 0xcf, 0x6,
    0xf5, 0x0, 0x1e, 0xe1, 0x2f, 0xe1, 0xe, 0xd0,
    0x1f, 0xc0, 0xb, 0xf6, 0x0, 0xa6, 0x0, 0xfc,
    0x0, 0x96, 0x0, 0x8b, 0x0, 0x0, 0x0, 0x1f,
    0xa0, 0x0, 0x0, 0x0, 0x0, 0x0, 0x0, 0x0,
    0x0, 0x0, 0x0, 0x0,

    /* U+6BB5 "段" */
    0x0, 0x0, 0x0, 0x24, 0x70, 0x0, 0x0, 0x0,
    0x0, 0x0, 0xf, 0xff, 0xff, 0x2e, 0xee, 0xeb,
    0x10, 0x0, 0x2, 0xfe, 0x97, 0x41, 0xff, 0xff,
    0xf5, 0x0, 0x0, 0x4f, 0xa0, 0x0, 0x3f, 0x91,
    0x8f, 0x40, 0x0, 0x5, 0xf8, 0x0, 0x5, 0xf7,
    0x9, 0xf2, 0x0, 0x0, 0x7f, 0xdb, 0xb3, 0x8f,
    0x40, 0xaf, 0x10, 0x0, 0x9, 0xff, 0xff, 0x3d,
    0xf0, 0xb, 0xf0, 0x0, 0x0, 0xaf, 0x52, 0x25,
    0xfa, 0x0, 0xbf, 0xb2, 0x0, 0xc, 0xf1, 0x0,
    0x5f, 0x20, 0x6, 0xff, 0x30, 0x0, 0xdf, 0x0,
    0x0, 0x10, 0x0, 0x1, 0x0, 0x0, 0xf, 0xfb,
    0xb8, 0x8f, 0xff, 0xff, 0xd1, 0x0, 0x1, 0xff,
    0xff, 0xa8, 0xff, 0xdd, 0xef, 0x50, 0x0, 0x2f,
    0xb0, 0x0, 0xc, 0xf0, 0xc, 0xf1, 0x0, 0x4,
    0xf9, 0x0, 0x0, 0xaf, 0x22, 0xfc, 0x0, 0x0,
    0x6f, 0x70, 0x1, 0x6, 0xf6, 0xaf, 0x50, 0x0,
    0x7, 0xfb, 0xae, 0xd0, 0x1f, 0xdf, 0xd0, 0x0,
    0x1d, 0xff, 0xff, 0xfc, 0x0, 0xbf, 0xf4, 0x0,
    0x0, 0xff, 0xf9, 0x40, 0x0, 0xb, 0xfd, 0x0,
    0x0, 0x0, 0xcf, 0x10, 0x0, 0xc, 0xff, 0xf9,
    0x0, 0x0, 0xe, 0xf0, 0x0, 0x4d, 0xfc, 0x2d,
    0xf9, 0x0, 0x0, 0xfe, 0x0, 0x3f, 0xfa, 0x0,
    0x2e, 0xf8, 0x0, 0x1f, 0xc0, 0x0, 0xa5, 0x0,
    0x0, 0x2c, 0x10, 0x0, 0x0, 0x0, 0x0, 0x0,
    0x0, 0x0, 0x0, 0x0,

    /* U+6BCF "每" */
    0x0, 0x0, 0x43, 0x0, 0x0, 0x0, 0x0, 0x0,
    0x0, 0x0, 0xef, 0x20, 0x0, 0x0, 0x0, 0x0,
    0x0, 0x6, 0xff, 0xdd, 0xdd, 0xdd, 0xdd, 0xd3,
    0x0, 0xe, 0xff, 0xff, 0xff, 0xff, 0xff, 0xf3,
    0x0, 0x8f, 0xc0, 0x0, 0x0, 0x0, 0x0, 0x0,
    0x3, 0xff, 0x72, 0x22, 0x22, 0x22, 0x20, 0x0,
    0xd, 0xfd, 0xff, 0xff, 0xff, 0xff, 0xfc, 0x0,
    0x3, 0xb7, 0xfd, 0xaa, 0xaa, 0xaa, 0xff, 0x0,
    0x0, 0x9, 0xf5, 0xb, 0x81, 0x0, 0xfe, 0x0,
    0x0, 0xc, 0xf2, 0x19, 0xfe, 0x23, 0xfc, 0x0,
    0x0, 0xf, 0xf0, 0x0, 0x27, 0x5, 0xfa, 0x0,
    0x7f, 0xff, 0xff, 0xff, 0xff, 0xff, 0xff, 0xfc,
    0x6a, 0xcf, 0xda, 0xaa, 0xaa, 0xad, 0xfc, 0xa6,
    0x0, 0x7f, 0x70, 0x89, 0x10, 0xb, 0xf4, 0x0,
    0x0, 0xaf, 0x40, 0x8f, 0xf4, 0xd, 0xf2, 0x0,
    0x0, 0xdf, 0x10, 0x2, 0xb2, 0xf, 0xf0, 0x0,
    0x0, 0xff, 0xbb, 0xbb, 0xbb, 0xbf, 0xfb, 0x0,
    0x3, 0xff, 0xff, 0xff, 0xff, 0xff, 0xff, 0x0,
    0x0, 0x0, 0x0, 0x2, 0x0, 0x6f, 0xa0, 0x0,
    0x0, 0x0, 0x0, 0xcf, 0x20, 0xbf, 0x60, 0x0,
    0x0, 0x0, 0x0, 0x8f, 0xfe, 0xfe, 0x10, 0x0,
    0x0, 0x0, 0x0, 0x8, 0xef, 0xb2, 0x0, 0x0,

    /* U+6BD4 "比" */
    0x0, 0x0, 0xef, 0x0, 0x0, 0x5f, 0x90, 0x0,
    0x0, 0x0, 0xf, 0xf0, 0x0, 0x7, 0xf8, 0x0,
    0x0, 0x0, 0x2, 0xfd, 0x0, 0x0, 0x9f, 0x60,
    0x0, 0x0, 0x0, 0x4f, 0xb0, 0x0, 0xa, 0xf5,
    0x0, 0x10, 0x0, 0x5, 0xfa, 0x0, 0x0, 0xcf,
    0x30, 0xd, 0x70, 0x0, 0x7f, 0x80, 0x0, 0xe,
    0xf2, 0x1c, 0xfa, 0x0, 0x9, 0xf7, 0x0, 0x0,
    0xff, 0x4e, 0xfb, 0x0, 0x0, 0xaf, 0xfe, 0xec,
    0x1f, 0xff, 0xf9, 0x0, 0x0, 0xc, 0xff, 0xff,
    0xb2, 0xff, 0xe5, 0x0, 0x0, 0x0, 0xdf, 0x20,
    0x0, 0x4f, 0xc1, 0x0, 0x0, 0x0, 0xf, 0xf0,
    0x0, 0x6, 0xf9, 0x0, 0x0, 0x0, 0x1, 0xfe,
    0x0, 0x0, 0x7f, 0x80, 0x0, 0x0, 0x0, 0x2f,
    0xd0, 0x0, 0x9, 0xf6, 0x0, 0x0, 0x0, 0x4,
    0xfb, 0x0, 0x0, 0xbf, 0x40, 0x0, 0x0, 0x0,
    0x6f, 0x90, 0x0, 0xc, 0xf3, 0x0, 0x0, 0x0,
    0x7, 0xf8, 0x0, 0x0, 0xef, 0x10, 0x0, 0x0,
    0x0, 0x9f, 0x60, 0x0, 0xf, 0xf0, 0x0, 0x65,
    0x10, 0xa, 0xf4, 0x8, 0x80, 0xfe, 0x0, 0xe,
    0xf1, 0x0, 0xcf, 0xae, 0xfe, 0x1f, 0xe0, 0x3,
    0xfe, 0x0, 0x3e, 0xff, 0xf9, 0x10, 0xff, 0x41,
    0xcf, 0x90, 0xe, 0xff, 0x92, 0x0, 0xa, 0xff,
    0xff, 0xe1, 0x0, 0x76, 0x0, 0x0, 0x0, 0x1a,
    0xff, 0xb2, 0x0,

    /* U+6C34 "水" */
    0x0, 0x0, 0x0, 0x0, 0x3, 0xfc, 0x0, 0x0,
    0x0, 0x0, 0x0, 0x0, 0x0, 0x5f, 0xa0, 0x0,
    0x0, 0x0, 0x0, 0x0, 0x0, 0x7, 0xf8, 0x0,
    0x0, 0x0, 0x0, 0x0, 0x0, 0x0, 0x9f, 0x70,
    0x0, 0x0, 0x0, 0x0, 0x0, 0x0, 0xa, 0xf6,
    0x0, 0x1a, 0x0, 0x2, 0xee, 0xed, 0x80, 0xcf,
    0x80, 0xb, 0xf7, 0x0, 0x4f, 0xff, 0xff, 0xe,
    0xfb, 0x9, 0xfd, 0x0, 0x0, 0x0, 0x1f, 0xe0,
    0xff, 0xeb, 0xfe, 0x10, 0x0, 0x0, 0x3, 0xfa,
    0x1f, 0xff, 0xfd, 0x10, 0x0, 0x0, 0x0, 0x7f,
    0x73, 0xff, 0xfa, 0x0, 0x0, 0x0, 0x0, 0xc,
    0xf2, 0x5f, 0xdf, 0x90, 0x0, 0x0, 0x0, 0x2,
    0xfd, 0x6, 0xf9, 0xed, 0x0, 0x0, 0x0, 0x0,
    0x8f, 0x80, 0x8f, 0x7a, 0xf3, 0x0, 0x0, 0x0,
    0x1f, 0xf1, 0xa, 0xf5, 0x6f, 0x90, 0x0, 0x0,
    0xa, 0xf9, 0x0, 0xcf, 0x41, 0xff, 0x10, 0x0,
    0x5, 0xff, 0x10, 0xd, 0xf2, 0xb, 0xf8, 0x0,
    0x4, 0xff, 0x50, 0x0, 0xff, 0x0, 0x3f, 0xf2,
    0x0, 0xff, 0x80, 0x0, 0x1f, 0xe0, 0x0, 0xbf,
    0xc0, 0x6, 0x81, 0x76, 0x3, 0xfd, 0x0, 0x2,
    0xfc, 0x0, 0x0, 0x2f, 0xe2, 0x7f, 0x90, 0x0,
    0x5, 0x0, 0x0, 0x0, 0xaf, 0xff, 0xf4, 0x0,
    0x0, 0x0, 0x0, 0x0, 0x0, 0xaf, 0xd6, 0x0,
    0x0, 0x0, 0x0,

    /* U+6C60 "池" */
    0x0, 0x1, 0xb0, 0x0, 0x0, 0x4, 0xf8, 0x0,
    0x0, 0x0, 0xcf, 0x60, 0x0, 0x0, 0x6f, 0x70,
    0x0, 0x0, 0x6, 0xfc, 0x0, 0xdc, 0x7, 0xf5,
    0x0, 0x0, 0x0, 0xf, 0xf1, 0x1f, 0xd0, 0x9f,
    0x40, 0x0, 0x0, 0x0, 0xbf, 0x62, 0xfb, 0xa,
    0xf2, 0x0, 0x0, 0x0, 0x5, 0x81, 0x4f, 0x90,
    0xbf, 0xad, 0xe3, 0x0, 0x2, 0x0, 0x6, 0xfb,
    0xbf, 0xff, 0xff, 0x80, 0x6, 0xf7, 0x7, 0xdf,
    0xff, 0xfe, 0x68, 0xf7, 0x0, 0x2f, 0xe0, 0xef,
    0xfa, 0x5f, 0xc0, 0x7f, 0x50, 0x0, 0xaf, 0x54,
    0xcf, 0x22, 0xfa, 0x9, 0xf4, 0x0, 0x4, 0xfa,
    0xc, 0xf1, 0x4f, 0x90, 0xbf, 0x20, 0x0, 0x6,
    0x0, 0xef, 0x5, 0xf7, 0xd, 0xf0, 0x0, 0x0,
    0x0, 0xf, 0xd0, 0x7f, 0x50, 0xef, 0x0, 0x0,
    0x3f, 0x82, 0xfc, 0x9, 0xf4, 0x4f, 0xc0, 0x0,
    0x8, 0xf7, 0x3f, 0xa0, 0xaf, 0x7f, 0xf7, 0x0,
    0x0, 0xdf, 0x35, 0xf8, 0xc, 0xf3, 0xa7, 0x0,
    0x0, 0x2f, 0xe0, 0x7f, 0x70, 0xbc, 0x0, 0x67,
    0x10, 0x7, 0xf9, 0x8, 0xf6, 0x0, 0x0, 0xe,
    0xf2, 0x0, 0xef, 0x30, 0x8f, 0x80, 0x0, 0x6,
    0xfc, 0x0, 0x5f, 0xd0, 0x5, 0xfe, 0x30, 0x7,
    0xff, 0x30, 0xd, 0xf5, 0x0, 0xc, 0xff, 0xff,
    0xff, 0x60, 0x0, 0x7c, 0x0, 0x0, 0x19, 0xef,
    0xea, 0x30, 0x0, 0x0, 0x0, 0x0, 0x0, 0x0,
    0x0, 0x0, 0x0, 0x0,

    /* U+6CA1 "没" */
    0x0, 0x1, 0x20, 0x0, 0x0, 0x0, 0x0, 0x0,
    0x0, 0x0, 0x3f, 0xd0, 0x0, 0x4f, 0xff, 0xff,
    0xd1, 0x0, 0x0, 0xd, 0xf8, 0x0, 0x5f, 0xff,
    0xff, 0xf5, 0x0, 0x0, 0x3, 0xff, 0x10, 0x7f,
    0x30, 0x8, 0xf4, 0x0, 0x0, 0x0, 0xbf, 0x60,
    0xaf, 0x10, 0xa, 0xf3, 0x0, 0x0, 0x0, 0x25,
    0x0, 0xee, 0x0, 0xb, 0xf1, 0x0, 0x0, 0x6,
    0x0, 0x8, 0xf8, 0x0, 0xd, 0xf0, 0x0, 0x0,
    0xcf, 0x60, 0x7f, 0xe1, 0x0, 0xc, 0xf8, 0xa0,
    0x0, 0x5f, 0xf1, 0x8f, 0x30, 0x0, 0x5, 0xff,
    0xf3, 0x0, 0xb, 0xf8, 0x2, 0x0, 0x0, 0x0,
    0x25, 0x20, 0x0, 0x2, 0xfd, 0xb, 0xff, 0xff,
    0xff, 0xc1, 0x0, 0x0, 0x0, 0x40, 0xc, 0xff,
    0xee, 0xef, 0xf4, 0x0, 0x0, 0x0, 0x0, 0x0,
    0xde, 0x0, 0xe, 0xf1, 0x0, 0x0, 0x2, 0xf9,
    0x0, 0x9f, 0x20, 0x7f, 0x90, 0x0, 0x0, 0x8,
    0xf9, 0x0, 0x5f, 0x92, 0xff, 0x20, 0x0, 0x0,
    0xe, 0xf4, 0x0, 0xd, 0xfc, 0xf7, 0x0, 0x0,
    0x0, 0x3f, 0xe0, 0x0, 0x6, 0xff, 0xc0, 0x0,
    0x0, 0x0, 0xaf, 0x80, 0x0, 0x2d, 0xff, 0xa0,
    0x0, 0x0, 0x2, 0xff, 0x10, 0x7, 0xff, 0xce,
    0xfb, 0x0, 0x0, 0xb, 0xf9, 0x18, 0xef, 0xf8,
    0x3, 0xef, 0xd4, 0x0, 0x4f, 0xe1, 0x2f, 0xfc,
    0x40, 0x0, 0x2c, 0xff, 0x20, 0x5, 0x50, 0x8,
    0x40, 0x0, 0x0, 0x0, 0x69, 0x0,

    /* U+6CB9 "油" */
    0x0, 0x1, 0x81, 0x0, 0x0, 0xa, 0xf5, 0x0,
    0x0, 0x0, 0xaf, 0x70, 0x0, 0x0, 0xbf, 0x30,
    0x0, 0x0, 0x3, 0xfd, 0x0, 0x0, 0xd, 0xf2,
    0x0, 0x0, 0x0, 0xd, 0xf3, 0x0, 0x0, 0xef,
    0x0, 0x0, 0x0, 0x0, 0x8f, 0x7d, 0xff, 0xff,
    0xff, 0xfe, 0x50, 0x0, 0x2, 0x40, 0xff, 0xff,
    0xff, 0xff, 0xfc, 0x0, 0x6, 0x0, 0x1f, 0xd0,
    0x1f, 0xa0, 0x2f, 0xc0, 0x8, 0xf7, 0x2, 0xfb,
    0x2, 0xf9, 0x3, 0xfa, 0x0, 0x2f, 0xe0, 0x4f,
    0x90, 0x4f, 0x70, 0x5f, 0x90, 0x0, 0xbf, 0x46,
    0xf8, 0x5, 0xf6, 0x6, 0xf7, 0x0, 0x6, 0xf9,
    0x7f, 0x60, 0x7f, 0x40, 0x8f, 0x50, 0x0, 0x17,
    0x19, 0xf5, 0x9, 0xf3, 0xa, 0xf4, 0x0, 0x0,
    0x0, 0xaf, 0xff, 0xff, 0xff, 0xff, 0x20, 0x0,
    0x9c, 0x2c, 0xfc, 0xcf, 0xfc, 0xcf, 0xf0, 0x0,
    0xe, 0xf2, 0xef, 0x0, 0xee, 0x0, 0xff, 0x0,
    0x2, 0xfe, 0xf, 0xe0, 0xf, 0xc0, 0xf, 0xd0,
    0x0, 0x6f, 0x91, 0xfc, 0x1, 0xfa, 0x2, 0xfb,
    0x0, 0xb, 0xf5, 0x3f, 0xb0, 0x3f, 0x90, 0x4f,
    0x90, 0x1, 0xff, 0x4, 0xf9, 0x4, 0xf7, 0x5,
    0xf8, 0x0, 0x7f, 0x90, 0x6f, 0x80, 0x6f, 0x50,
    0x7f, 0x60, 0xe, 0xf3, 0x8, 0xff, 0xff, 0xff,
    0xff, 0xf4, 0x1, 0xbb, 0x0, 0x9f, 0xff, 0xff,
    0xff, 0xff, 0x30, 0x0, 0x0, 0x0, 0x0, 0x0,
    0x0, 0x0, 0x0, 0x0,

    /* U+6CBF "沿" */
    0x0, 0x2, 0x10, 0x0, 0x0, 0x0, 0x0, 0x0,
    0x0, 0x0, 0x5f, 0x90, 0x0, 0x1f, 0xff, 0xff,
    0xf7, 0x0, 0x0, 0x1f, 0xf3, 0x0, 0x3f, 0xfe,
    0xee, 0xfd, 0x0, 0x0, 0x8, 0xfa, 0x0, 0x6f,
    0x80, 0x3, 0xfc, 0x0, 0x0, 0x1, 0xff, 0x10,
    0x9f, 0x50, 0x4, 0xfb, 0x0, 0x0, 0x0, 0x63,
    0x0, 0xcf, 0x20, 0x6, 0xf9, 0x0, 0x0, 0x14,
    0x0, 0x3, 0xfe, 0x0, 0x8, 0xf7, 0x0, 0x0,
    0xef, 0x20, 0xa, 0xf8, 0x0, 0x9, 0xf7, 0x0,
    0x0, 0x8f, 0xb0, 0x7f, 0xe1, 0x0, 0x8, 0xff,
    0xe5, 0x0, 0xe, 0xf3, 0xef, 0x50, 0x0, 0x1,
    0xcf, 0xf6, 0x0, 0x8, 0xf8, 0x35, 0x0, 0x0,
    0x0, 0x0, 0x0, 0x0, 0x1, 0x50, 0x0, 0x0,
    0x0, 0x0, 0x0, 0x0, 0x0, 0x0, 0x0, 0xc,
    0xff, 0xff, 0xff, 0xf6, 0x0, 0x0, 0x8, 0xd4,
    0xe, 0xfd, 0xdd, 0xdd, 0xfd, 0x0, 0x0, 0xd,
    0xf4, 0xf, 0xf0, 0x0, 0x4, 0xfc, 0x0, 0x0,
    0x2f, 0xf0, 0x1f, 0xe0, 0x0, 0x6, 0xfa, 0x0,
    0x0, 0x7f, 0xa0, 0x3f, 0xd0, 0x0, 0x8, 0xf9,
    0x0, 0x0, 0xdf, 0x50, 0x5f, 0xb0, 0x0, 0x9,
    0xf7, 0x0, 0x4, 0xfe, 0x0, 0x7f, 0x90, 0x0,
    0xb, 0xf5, 0x0, 0xc, 0xf7, 0x0, 0x9f, 0x80,
    0x0, 0xd, 0xf4, 0x0, 0x5f, 0xe1, 0x0, 0xaf,
    0xed, 0xdd, 0xdf, 0xf2, 0x0, 0x3d, 0x60, 0x0,
    0xcf, 0xff, 0xff, 0xff, 0xf0, 0x0, 0x0, 0x0,
    0x0, 0x0, 0x0, 0x0, 0x0, 0x0, 0x0,

    /* U+6CD5 "法" */
    0x0, 0x0, 0x53, 0x0, 0x0, 0x1, 0xfd, 0x0,
    0x0, 0x0, 0x6, 0xfc, 0x0, 0x0, 0x2, 0xfc,
    0x0, 0x0, 0x0, 0x1, 0xef, 0x40, 0x0, 0x4,
    0xfa, 0x0, 0x0, 0x0, 0x0, 0x8f, 0xa0, 0x0,
    0x5, 0xf9, 0x0, 0x0, 0x0, 0x0, 0x1f, 0xf0,
    0xce, 0xee, 0xff, 0xee, 0xe2, 0x0, 0x0, 0x7,
    0x30, 0xff, 0xff, 0xff, 0xff, 0xf1, 0x0, 0x0,
    0x40, 0x0, 0x0, 0xa, 0xf4, 0x0, 0x0, 0x0,
    0xd, 0xf2, 0x0, 0x0, 0xc, 0xf2, 0x0, 0x0,
    0x0, 0x9, 0xfa, 0x0, 0x0, 0xd, 0xf1, 0x0,
    0x0, 0x0, 0x1, 0xff, 0x10, 0x0, 0xf, 0xf0,
    0x0, 0x0, 0x0, 0x0, 0x9f, 0x7c, 0xee, 0xef,
    0xfe, 0xee, 0xe6, 0x0, 0x0, 0x26, 0xf, 0xff,
    0xff, 0xff, 0xff, 0xf6, 0x0, 0x0, 0x0, 0x0,
    0x1, 0xef, 0x20, 0x0, 0x0, 0x0, 0x0, 0xdd,
    0x10, 0x5, 0xfb, 0x0, 0x0, 0x0, 0x0, 0x3,
    0xfe, 0x0, 0xc, 0xf5, 0x5, 0xa0, 0x0, 0x0,
    0x8, 0xf9, 0x0, 0x3f, 0xe0, 0xc, 0xf4, 0x0,
    0x0, 0xe, 0xf3, 0x0, 0xcf, 0x60, 0x5, 0xfa,
    0x0, 0x0, 0x5f, 0xd0, 0x5, 0xfd, 0x0, 0x15,
    0xff, 0x10, 0x0, 0xdf, 0x60, 0x1e, 0xfa, 0x9d,
    0xff, 0xff, 0x60, 0x6, 0xfe, 0x4, 0xdf, 0xff,
    0xff, 0xeb, 0x9f, 0xb0, 0xd, 0xf5, 0x4, 0xff,
    0xc9, 0x62, 0x0, 0xf, 0xf0, 0x0, 0x70, 0x0,
    0x20, 0x0, 0x0, 0x0, 0x9, 0x81,

    /* U+6CE2 "波" */
    0x0, 0x2, 0x80, 0x0, 0x0, 0x3, 0xf9, 0x0,
    0x0, 0x0, 0xc, 0xf5, 0x0, 0x0, 0x5, 0xf7,
    0x0, 0x0, 0x0, 0x5, 0xfb, 0x0, 0x0, 0x6,
    0xf6, 0x0, 0x0, 0x0, 0x0, 0xef, 0x17, 0xdd,
    0xde, 0xfe, 0xdd, 0x80, 0x0, 0x0, 0xaf, 0x6a,
    0xff, 0xff, 0xff, 0xff, 0xf0, 0x0, 0x0, 0x34,
    0xc, 0xf1, 0xb, 0xf2, 0x1f, 0xd0, 0x0, 0x7,
    0x0, 0xe, 0xe0, 0xd, 0xf0, 0x5f, 0x80, 0x0,
    0x9f, 0x70, 0xf, 0xd0, 0xe, 0xd0, 0x4b, 0x20,
    0x0, 0x2f, 0xe0, 0x1f, 0xb0, 0xf, 0xc0, 0x0,
    0x0, 0x0, 0xb, 0xf5, 0x3f, 0xec, 0xdf, 0xfc,
    0xb3, 0x0, 0x0, 0x5, 0xf7, 0x5f, 0xff, 0xff,
    0xff, 0xf9, 0x0, 0x0, 0x0, 0x10, 0x7f, 0x8f,
    0xc2, 0x29, 0xf6, 0x0, 0x0, 0x3, 0x20, 0x9f,
    0x4d, 0xe0, 0xd, 0xf0, 0x0, 0x0, 0xb, 0xf4,
    0xcf, 0x19, 0xf3, 0x5f, 0x90, 0x0, 0x0, 0xf,
    0xf1, 0xfe, 0x3, 0xfa, 0xef, 0x20, 0x0, 0x0,
    0x4f, 0xc3, 0xfb, 0x0, 0xcf, 0xf9, 0x0, 0x0,
    0x0, 0x9f, 0x78, 0xf7, 0x0, 0x9f, 0xe0, 0x0,
    0x0, 0x0, 0xef, 0x2d, 0xf2, 0x7, 0xff, 0xf7,
    0x0, 0x0, 0x5, 0xfb, 0x3f, 0xd0, 0x9f, 0xf5,
    0xef, 0x50, 0x0, 0xc, 0xf5, 0xbf, 0x8c, 0xfe,
    0x30, 0x3f, 0xf7, 0x0, 0x3f, 0xd1, 0xfe, 0x3f,
    0xb1, 0x0, 0x3, 0xeb, 0x0, 0x2, 0x40, 0x24,
    0x4, 0x0, 0x0, 0x0, 0x21, 0x0,

    /* U+6CE8 "注" */
    0x0, 0x0, 0x0, 0x0, 0x0, 0x0, 0x0, 0x0,
    0x0, 0x0, 0x7f, 0x30, 0x0, 0x0, 0xff, 0x30,
    0x0, 0x0, 0x6, 0xfa, 0x0, 0x0, 0x2f, 0xf1,
    0x0, 0x0, 0x0, 0xe, 0xf1, 0x0, 0x4, 0xff,
    0x0, 0x0, 0x0, 0x0, 0x9f, 0x7e, 0xff, 0xff,
    0xff, 0xff, 0xa0, 0x0, 0x3, 0x71, 0xee, 0xee,
    0xff, 0xee, 0xe8, 0x0, 0x5, 0x0, 0x0, 0x0,
    0x7f, 0x80, 0x0, 0x0, 0x9, 0xf6, 0x0, 0x0,
    0x9, 0xf7, 0x0, 0x0, 0x0, 0x3f, 0xd0, 0x0,
    0x0, 0xaf, 0x50, 0x0, 0x0, 0x0, 0xbf, 0x40,
    0x0, 0xc, 0xf3, 0x0, 0x0, 0x0, 0x5, 0xf9,
    0x0, 0x0, 0xef, 0x20, 0x0, 0x0, 0x0, 0x5,
    0x5, 0xee, 0xef, 0xfe, 0xee, 0x70, 0x0, 0x1,
    0x0, 0x7f, 0xff, 0xff, 0xff, 0xf7, 0x0, 0x0,
    0xae, 0x30, 0x0, 0x3f, 0xd0, 0x0, 0x0, 0x0,
    0xf, 0xf1, 0x0, 0x5, 0xfb, 0x0, 0x0, 0x0,
    0x3, 0xfd, 0x0, 0x0, 0x6f, 0x90, 0x0, 0x0,
    0x0, 0x8f, 0x80, 0x0, 0x8, 0xf7, 0x0, 0x0,
    0x0, 0xd, 0xf3, 0x0, 0x0, 0xaf, 0x60, 0x0,
    0x0, 0x3, 0xfd, 0x0, 0x0, 0xb, 0xf4, 0x0,
    0x0, 0x0, 0xbf, 0x64, 0xff, 0xff, 0xff, 0xff,
    0xff, 0xc0, 0x2f, 0xe0, 0x5e, 0xee, 0xee, 0xee,
    0xee, 0xe9, 0x0, 0x66, 0x0, 0x0, 0x0, 0x0,
    0x0, 0x0, 0x0,

    /* U+6D1B "洛" */
    0x0, 0x0, 0x10, 0x0, 0x0, 0x41, 0x0, 0x0,
    0x0, 0x0, 0x7f, 0x40, 0x0, 0x1f, 0xe0, 0x0,
    0x0, 0x0, 0x6, 0xfc, 0x0, 0x7, 0xf9, 0x0,
    0x0, 0x0, 0x0, 0xd, 0xf3, 0x0, 0xef, 0xff,
    0xff, 0xc0, 0x0, 0x0, 0x7f, 0xa0, 0x9f, 0xca,
    0xaa, 0xff, 0x10, 0x0, 0x1, 0x92, 0x5f, 0xf4,
    0x0, 0x6f, 0xc0, 0x0, 0x2, 0x10, 0x4f, 0xff,
    0xb0, 0xd, 0xf4, 0x0, 0x5, 0xf9, 0xa, 0xf6,
    0xaf, 0x5a, 0xfa, 0x0, 0x0, 0x1f, 0xf2, 0x5,
    0x2, 0xff, 0xfe, 0x10, 0x0, 0x0, 0x8f, 0x80,
    0x0, 0xc, 0xff, 0x40, 0x0, 0x0, 0x2, 0xfe,
    0x0, 0x3d, 0xff, 0xfd, 0x20, 0x0, 0x0, 0x7,
    0x32, 0xaf, 0xfb, 0x19, 0xfe, 0x50, 0x0, 0x0,
    0x0, 0xff, 0xe6, 0x0, 0x8, 0xff, 0xa0, 0x0,
    0xc, 0x76, 0x73, 0x22, 0x22, 0x14, 0xd7, 0x0,
    0x5, 0xfb, 0x4, 0xff, 0xff, 0xff, 0x90, 0x0,
    0x0, 0xaf, 0x60, 0x5f, 0xdb, 0xbb, 0xfe, 0x0,
    0x0, 0xf, 0xf1, 0x7, 0xf6, 0x0, 0xf, 0xd0,
    0x0, 0x5, 0xfb, 0x0, 0x8f, 0x50, 0x2, 0xfb,
    0x0, 0x0, 0xdf, 0x50, 0xa, 0xf3, 0x0, 0x4f,
    0xa0, 0x0, 0x4f, 0xe0, 0x0, 0xcf, 0x20, 0x5,
    0xf8, 0x0, 0xd, 0xf6, 0x0, 0xd, 0xfe, 0xee,
    0xef, 0x60, 0x1, 0xbd, 0x0, 0x0, 0xff, 0xff,
    0xff, 0xf5, 0x0, 0x0, 0x10, 0x0, 0x0, 0x0,
    0x0, 0x0, 0x0, 0x0,

    /* U+6D32 "洲" */
    0x0, 0x0, 0x62, 0x0, 0x5f, 0x40, 0x0, 0x5,
    0xf5, 0x0, 0x6, 0xf8, 0x0, 0x7f, 0x30, 0xf9,
    0x7, 0xf3, 0x0, 0x1, 0xfd, 0x0, 0x8f, 0x22,
    0xf8, 0x8, 0xf1, 0x0, 0x0, 0xbf, 0x10, 0xaf,
    0x3, 0xf6, 0xa, 0xf0, 0x0, 0x0, 0x7f, 0x50,
    0xcf, 0x5, 0xf5, 0xc, 0xe0, 0x0, 0x0, 0x37,
    0x10, 0xdd, 0x7, 0xf3, 0xd, 0xc0, 0x0, 0x2,
    0x0, 0x33, 0xfc, 0x8, 0xf2, 0xf, 0xb0, 0x0,
    0x5f, 0x60, 0xab, 0xfb, 0x3a, 0xfc, 0x4f, 0x90,
    0x0, 0x2f, 0xc0, 0xd9, 0xfd, 0xdb, 0xfd, 0x7f,
    0x80, 0x0, 0xc, 0xf1, 0xf8, 0xfb, 0xdd, 0xdc,
    0x9f, 0x60, 0x0, 0x7, 0xf9, 0xf7, 0xf9, 0xee,
    0xbc, 0xbf, 0x40, 0x0, 0x1, 0x48, 0xc8, 0xf8,
    0xdf, 0xac, 0xdf, 0x30, 0x0, 0x0, 0xd, 0x7a,
    0xf6, 0xef, 0x8c, 0xff, 0x10, 0x0, 0x4, 0x65,
    0x1d, 0xe1, 0x4f, 0x77, 0xdf, 0x0, 0x0, 0xb,
    0xf1, 0xf, 0xc0, 0x4f, 0x50, 0xce, 0x0, 0x0,
    0xf, 0xd0, 0x4f, 0x80, 0x6f, 0x40, 0xec, 0x0,
    0x0, 0x4f, 0x80, 0x8f, 0x40, 0x8f, 0x20, 0xfa,
    0x0, 0x0, 0x9f, 0x40, 0xdf, 0x0, 0x9f, 0x1,
    0xf9, 0x0, 0x0, 0xef, 0x3, 0xfa, 0x0, 0xbf,
    0x3, 0xf7, 0x0, 0x4, 0xf9, 0xa, 0xf5, 0x0,
    0xcd, 0x4, 0xf6, 0x0, 0xb, 0xf3, 0x2f, 0xe0,
    0x0, 0xec, 0x6, 0xf4, 0x0, 0x2f, 0xc0, 0xbf,
    0x60, 0x0, 0xfa, 0x7, 0xf2, 0x0, 0x6, 0x40,
    0x2a, 0x0, 0x0, 0x0, 0x0, 0x0, 0x0,

    /* U+6D3B "活" */
    0x0, 0x0, 0x10, 0x0, 0x0, 0x0, 0x0, 0x3,
    0x0, 0x1, 0xcd, 0x0, 0x0, 0x2, 0x48, 0xcf,
    0xf2, 0x0, 0xc, 0xf8, 0x4, 0xdf, 0xff, 0xff,
    0xea, 0x20, 0x0, 0x2f, 0xf1, 0x4f, 0xec, 0xff,
    0x20, 0x0, 0x0, 0x0, 0xaf, 0x80, 0x0, 0xf,
    0xe0, 0x0, 0x0, 0x0, 0x2, 0x80, 0x0, 0x2,
    0xfc, 0x0, 0x0, 0x0, 0x4, 0x0, 0x0, 0x0,
    0x4f, 0xb0, 0x0, 0x0, 0x9, 0xf7, 0xa, 0xff,
    0xff, 0xff, 0xff, 0xff, 0x0, 0x3f, 0xf2, 0xae,
    0xee, 0xff, 0xfe, 0xee, 0xc0, 0x0, 0x9f, 0xa0,
    0x0, 0x9, 0xf6, 0x0, 0x0, 0x0, 0x1, 0xfe,
    0x0, 0x0, 0xaf, 0x40, 0x0, 0x0, 0x0, 0x4,
    0x0, 0x0, 0xc, 0xf2, 0x0, 0x0, 0x0, 0x0,
    0x10, 0xc, 0xcc, 0xff, 0xdc, 0x90, 0x0, 0x0,
    0x1f, 0xb0, 0xff, 0xff, 0xff, 0xff, 0x50, 0x0,
    0x6, 0xfb, 0x2f, 0xc0, 0x0, 0xa, 0xf5, 0x0,
    0x0, 0xbf, 0x73, 0xfb, 0x0, 0x0, 0xbf, 0x30,
    0x0, 0xf, 0xf1, 0x5f, 0x90, 0x0, 0xc, 0xf2,
    0x0, 0x5, 0xfc, 0x6, 0xf8, 0x0, 0x0, 0xef,
    0x0, 0x0, 0xcf, 0x60, 0x8f, 0x60, 0x0, 0xf,
    0xf0, 0x0, 0x4f, 0xe0, 0x9, 0xf5, 0x0, 0x0,
    0xfd, 0x0, 0xc, 0xf8, 0x0, 0xbf, 0xee, 0xee,
    0xef, 0xc0, 0x2, 0xfe, 0x0, 0xd, 0xff, 0xff,
    0xff, 0xfa, 0x0, 0x2, 0x40, 0x0, 0x0, 0x0,
    0x0, 0x0, 0x0, 0x0,

    /* U+6D41 "流" */
    0x0, 0x0, 0x30, 0x0, 0x0, 0x6, 0xf7, 0x0,
    0x0, 0x0, 0x7, 0xf5, 0x0, 0x0, 0x7, 0xf6,
    0x0, 0x0, 0x0, 0x5, 0xfe, 0x13, 0xdd, 0xde,
    0xfe, 0xdd, 0xd4, 0x0, 0x0, 0xaf, 0x85, 0xff,
    0xff, 0xff, 0xff, 0xf4, 0x0, 0x0, 0x1f, 0xf1,
    0x0, 0xbf, 0x70, 0x0, 0x0, 0x0, 0x0, 0x7,
    0x40, 0x5, 0xfd, 0x7, 0x80, 0x0, 0x0, 0x8,
    0x0, 0x0, 0x1e, 0xf3, 0xd, 0xf1, 0x0, 0x0,
    0xaf, 0x90, 0x0, 0xbf, 0x80, 0x18, 0xf8, 0x0,
    0x0, 0x2f, 0xf3, 0xb, 0xff, 0xef, 0xff, 0xfe,
    0x0, 0x0, 0x8, 0xfa, 0xd, 0xff, 0xfe, 0xcb,
    0xdf, 0x40, 0x0, 0x0, 0xff, 0x21, 0x10, 0x0,
    0x0, 0x5c, 0x30, 0x0, 0x0, 0x76, 0x0, 0x21,
    0x22, 0x1, 0x10, 0x0, 0x0, 0x0, 0x0, 0x7,
    0xf5, 0xdd, 0x5f, 0x70, 0x0, 0x0, 0x0, 0xa6,
    0x9, 0xf3, 0xfb, 0x7f, 0x60, 0x0, 0x0, 0x4,
    0xfc, 0xc, 0xf2, 0xf9, 0x9f, 0x40, 0x0, 0x0,
    0xa, 0xf7, 0xf, 0xd3, 0xf7, 0xbf, 0x20, 0x0,
    0x0, 0xf, 0xf1, 0x4f, 0x94, 0xf6, 0xcf, 0x8,
    0x50, 0x0, 0x5f, 0xa0, 0xbf, 0x46, 0xf4, 0xef,
    0xf, 0x80, 0x0, 0xdf, 0x33, 0xfd, 0x8, 0xf2,
    0xfe, 0x2f, 0x60, 0x6, 0xfc, 0x1d, 0xf5, 0x9,
    0xf1, 0xef, 0x8f, 0x30, 0x1f, 0xf3, 0xbf, 0xb0,
    0xb, 0xf0, 0xcf, 0xfe, 0x0, 0x1b, 0x90, 0x5d,
    0x10, 0xd, 0xd0, 0x4e, 0xe4, 0x0, 0x0, 0x0,
    0x0, 0x0, 0x0, 0x0, 0x0, 0x0, 0x0,

    /* U+6D4B "测" */
    0x0, 0x5, 0x50, 0x0, 0x0, 0x0, 0x0, 0x8,
    0xf5, 0x0, 0x4f, 0xb0, 0x9f, 0xff, 0xfe, 0x12,
    0x19, 0xf3, 0x0, 0xf, 0xf0, 0xbf, 0xdd, 0xdf,
    0x4f, 0x8b, 0xf1, 0x0, 0xc, 0xf2, 0xcb, 0x0,
    0x5f, 0x4f, 0x7c, 0xf0, 0x0, 0x9, 0xf5, 0xe9,
    0x33, 0x7f, 0x4f, 0x5e, 0xe0, 0x0, 0x5, 0xa3,
    0xf7, 0xcc, 0x8f, 0x5f, 0x4f, 0xc0, 0x0, 0x2,
    0x1, 0xf6, 0xea, 0xad, 0x7f, 0x3f, 0xb0, 0x0,
    0xcf, 0x3, 0xf4, 0xf8, 0xcb, 0x8f, 0x3f, 0x90,
    0x0, 0xaf, 0x45, 0xf4, 0xf7, 0xda, 0xae, 0x5f,
    0x80, 0x0, 0x5f, 0x86, 0xf4, 0xf5, 0xf8, 0xcd,
    0x6f, 0x60, 0x0, 0x2f, 0xc8, 0xf5, 0xf5, 0xf6,
    0xdb, 0x8f, 0x40, 0x0, 0x9, 0x59, 0xe6, 0xf4,
    0xf5, 0xf9, 0x9f, 0x30, 0x0, 0x0, 0xb, 0xc8,
    0xf4, 0xf4, 0xf8, 0xbf, 0x10, 0x0, 0x4e, 0x6d,
    0xaa, 0xe6, 0xf4, 0xf6, 0xdf, 0x0, 0x0, 0x7f,
    0x6e, 0x9d, 0xb7, 0xf4, 0xf4, 0xee, 0x0, 0x0,
    0xaf, 0x4b, 0x6f, 0x96, 0xa6, 0xf3, 0xfc, 0x0,
    0x0, 0xdf, 0x0, 0x6f, 0xe0, 0x1, 0x42, 0xfa,
    0x0, 0x1, 0xfd, 0x0, 0xde, 0xf7, 0x0, 0x3,
    0xf9, 0x0, 0x6, 0xf8, 0x6, 0xf5, 0xbe, 0x14,
    0x25, 0xf7, 0x0, 0xb, 0xf3, 0x2f, 0xc0, 0x5f,
    0x7f, 0x98, 0xf5, 0x0, 0x1f, 0xe1, 0xdf, 0x30,
    0xf, 0xac, 0xff, 0xf0, 0x0, 0x1b, 0x70, 0xd6,
    0x0, 0x4, 0x2, 0xde, 0x50, 0x0, 0x0, 0x0,
    0x0, 0x0, 0x0, 0x0, 0x0, 0x0, 0x0,

    /* U+6D88 "消" */
    0x0, 0x5, 0x70, 0x3, 0x60, 0x8, 0xf5, 0x1,
    0x50, 0x0, 0xe, 0xf1, 0xa, 0xf2, 0xa, 0xf3,
    0x7, 0xf5, 0x0, 0x7, 0xf7, 0x7, 0xf6, 0xc,
    0xf2, 0xd, 0xf0, 0x0, 0x1, 0xfc, 0x3, 0xfa,
    0xd, 0xf0, 0x5f, 0x90, 0x0, 0x0, 0xcf, 0x10,
    0xec, 0xf, 0xf0, 0xbf, 0x20, 0x0, 0x0, 0x21,
    0x0, 0x10, 0xf, 0xd0, 0x3, 0x0, 0x0, 0x18,
    0x0, 0xa, 0xcc, 0xcf, 0xfc, 0xb9, 0x0, 0x0,
    0x7f, 0x70, 0xf, 0xff, 0xff, 0xff, 0xff, 0x60,
    0x0, 0xe, 0xe0, 0xf, 0xd2, 0x22, 0x22, 0x9f,
    0x60, 0x0, 0x8, 0xf5, 0x2f, 0xc0, 0x0, 0x0,
    0xaf, 0x40, 0x0, 0x2, 0xf7, 0x4f, 0xeb, 0xbb,
    0xbb, 0xef, 0x30, 0x0, 0x0, 0x10, 0x5f, 0xff,
    0xff, 0xff, 0xff, 0x10, 0x0, 0x1, 0x20, 0x7f,
    0x71, 0x11, 0x11, 0xff, 0x0, 0x0, 0x6, 0xf6,
    0x9f, 0x50, 0x0, 0x0, 0xfe, 0x0, 0x0, 0xa,
    0xf3, 0xaf, 0xb9, 0x99, 0x9a, 0xfc, 0x0, 0x0,
    0xe, 0xf0, 0xcf, 0xff, 0xff, 0xff, 0xfa, 0x0,
    0x0, 0x3f, 0xa0, 0xef, 0x22, 0x22, 0x27, 0xf9,
    0x0, 0x0, 0x8f, 0x60, 0xfe, 0x0, 0x0, 0x6,
    0xf7, 0x0, 0x0, 0xef, 0x1, 0xfd, 0x0, 0x1,
    0x8, 0xf5, 0x0, 0x5, 0xfa, 0x3, 0xfb, 0x0,
    0xdb, 0xc, 0xf3, 0x0, 0xc, 0xf3, 0x4, 0xf9,
    0x0, 0xaf, 0xef, 0xe0, 0x0, 0x7, 0xa0, 0x5,
    0xf7, 0x0, 0x1b, 0xfc, 0x30, 0x0,

    /* U+6DF7 "混" */
    0x0, 0x0, 0x30, 0x0, 0x0, 0x0, 0x0, 0x0,
    0x0, 0x0, 0x9f, 0x50, 0x7f, 0xff, 0xff, 0xff,
    0xa0, 0x0, 0x4, 0xfb, 0x9, 0xfc, 0xbb, 0xbb,
    0xef, 0x0, 0x0, 0xe, 0xf1, 0xaf, 0x10, 0x0,
    0xc, 0xf0, 0x0, 0x0, 0x9f, 0x6c, 0xf8, 0x88,
    0x88, 0xfd, 0x0, 0x0, 0x3, 0x60, 0xdf, 0xff,
    0xff, 0xff, 0xc0, 0x0, 0x5, 0x0, 0xf, 0xc0,
    0x0, 0x2, 0xfa, 0x0, 0x9, 0xf6, 0x1, 0xfb,
    0x0, 0x0, 0x4f, 0x80, 0x0, 0x3f, 0xd0, 0x2f,
    0xff, 0xff, 0xff, 0xf6, 0x0, 0x0, 0xdf, 0x22,
    0xaa, 0xaa, 0xaa, 0xaa, 0x30, 0x0, 0x8, 0xf7,
    0x16, 0x30, 0x4, 0x71, 0x0, 0x0, 0x0, 0x24,
    0x5, 0xf7, 0x0, 0xaf, 0x20, 0x20, 0x0, 0x0,
    0x0, 0x7f, 0x50, 0xb, 0xf2, 0xce, 0x10, 0x0,
    0x7e, 0x59, 0xff, 0xf9, 0xdf, 0xdf, 0xb0, 0x0,
    0xb, 0xf3, 0xaf, 0xbb, 0x5f, 0xff, 0x90, 0x0,
    0x0, 0xff, 0xc, 0xf0, 0x0, 0xfe, 0x40, 0x0,
    0x0, 0x4f, 0xb0, 0xde, 0x0, 0x2f, 0xb0, 0x0,
    0x0, 0x9, 0xf6, 0xf, 0xd0, 0x4, 0xf9, 0x6,
    0x81, 0x0, 0xff, 0x11, 0xfb, 0x3b, 0x5f, 0x80,
    0xbf, 0x0, 0x7f, 0xa0, 0x2f, 0xff, 0xf9, 0xfa,
    0x1f, 0xc0, 0xe, 0xf3, 0x5e, 0xff, 0xc4, 0x1f,
    0xff, 0xf6, 0x2, 0xda, 0x2, 0xe8, 0x30, 0x0,
    0x6e, 0xe8, 0x0, 0x0, 0x0, 0x0, 0x0, 0x0,
    0x0, 0x0, 0x0, 0x0,

    /* U+6DFB "添" */
    0x0, 0x1, 0x50, 0x0, 0x0, 0x0, 0x0, 0x0,
    0x0, 0x0, 0xdf, 0x10, 0xef, 0xff, 0xff, 0xff,
    0xf2, 0x0, 0x7, 0xf8, 0xb, 0xbb, 0xef, 0xbb,
    0xbb, 0x0, 0x0, 0x1f, 0xd0, 0x0, 0xe, 0xf0,
    0x0, 0x0, 0x0, 0x0, 0xcf, 0x20, 0x2, 0xfc,
    0x0, 0x0, 0x0, 0x0, 0x4, 0x40, 0x0, 0x7f,
    0x80, 0x0, 0x0, 0x0, 0x5, 0x1, 0xee, 0xef,
    0xff, 0xee, 0xee, 0x90, 0xa, 0xf4, 0x2f, 0xff,
    0xff, 0xff, 0xff, 0xf8, 0x0, 0x3f, 0xb0, 0x0,
    0xcf, 0x40, 0xee, 0x0, 0x0, 0x0, 0xcf, 0x10,
    0x7f, 0xc0, 0x9, 0xf7, 0x0, 0x0, 0x7, 0xf6,
    0x4f, 0xf5, 0x93, 0x1e, 0xf3, 0x0, 0x0, 0x14,
    0x5f, 0xf4, 0x6f, 0x40, 0x4f, 0xe3, 0x0, 0x0,
    0x2, 0xe5, 0x8, 0xf2, 0x0, 0x7f, 0x50, 0x0,
    0xbd, 0x10, 0x0, 0x9f, 0x10, 0x3, 0x40, 0x0,
    0xf, 0xf0, 0xad, 0xb, 0xf4, 0xb6, 0xf3, 0x0,
    0x3, 0xfb, 0xf, 0xb0, 0xce, 0x4f, 0x6f, 0x60,
    0x0, 0x7f, 0x74, 0xf6, 0xd, 0xd2, 0xf6, 0xf9,
    0x0, 0xc, 0xf2, 0xbf, 0x10, 0xfb, 0xf, 0x9c,
    0xc0, 0x3, 0xfc, 0xe, 0xb0, 0xf, 0xa0, 0xdc,
    0x9f, 0x0, 0x9f, 0x60, 0x3, 0x62, 0xf8, 0x7,
    0x65, 0x90, 0x1f, 0xe0, 0x0, 0x6f, 0xef, 0x40,
    0x0, 0x0, 0x0, 0x86, 0x0, 0x0, 0xbf, 0x90,
    0x0, 0x0, 0x0,

    /* U+6E05 "清" */
    0x0, 0x0, 0x60, 0x0, 0x0, 0xa, 0xf3, 0x0,
    0x0, 0x0, 0xc, 0xf2, 0x0, 0x0, 0xc, 0xf2,
    0x0, 0x0, 0x0, 0x8, 0xf9, 0xf, 0xff, 0xff,
    0xff, 0xff, 0xf4, 0x0, 0x1, 0xff, 0x1a, 0xaa,
    0xaf, 0xfa, 0xaa, 0xa1, 0x0, 0x0, 0xbf, 0x50,
    0x0, 0x1f, 0xd0, 0x0, 0x0, 0x0, 0x0, 0x59,
    0x1a, 0xff, 0xff, 0xff, 0xff, 0x30, 0x0, 0x2,
    0x0, 0x7, 0x99, 0xbf, 0xd9, 0x99, 0x10, 0x0,
    0x8f, 0x40, 0x23, 0x33, 0x7f, 0xa3, 0x33, 0x20,
    0x0, 0x3f, 0xc0, 0xdf, 0xff, 0xff, 0xff, 0xff,
    0xc0, 0x0, 0xb, 0xf3, 0x67, 0x77, 0x77, 0x77,
    0x77, 0x50, 0x0, 0x5, 0xf9, 0x8, 0xaa, 0xaa,
    0xaa, 0x70, 0x0, 0x0, 0x0, 0x50, 0xf, 0xff,
    0xff, 0xff, 0xf3, 0x0, 0x0, 0x1, 0x10, 0xf,
    0xc0, 0x0, 0xb, 0xf3, 0x0, 0x0, 0x8, 0xf5,
    0x2f, 0xff, 0xff, 0xff, 0xf1, 0x0, 0x0, 0xd,
    0xf1, 0x4f, 0xd9, 0x99, 0x9f, 0xf0, 0x0, 0x0,
    0x1f, 0xd0, 0x5f, 0x80, 0x0, 0xf, 0xe0, 0x0,
    0x0, 0x6f, 0x90, 0x7f, 0xff, 0xff, 0xff, 0xc0,
    0x0, 0x0, 0xbf, 0x40, 0x9f, 0xa9, 0x99, 0xaf,
    0xb0, 0x0, 0x2, 0xfe, 0x0, 0xaf, 0x20, 0x0,
    0x3f, 0x90, 0x0, 0x9, 0xf7, 0x0, 0xcf, 0x15,
    0xd2, 0x6f, 0x70, 0x0, 0x2f, 0xf1, 0x0, 0xef,
    0x4, 0xfe, 0xff, 0x30, 0x0, 0x19, 0x80, 0x0,
    0xed, 0x0, 0x8e, 0xe7, 0x0, 0x0, 0x0, 0x0,
    0x0, 0x0, 0x0, 0x0, 0x0, 0x0, 0x0,

    /* U+6E10 "渐" */
    0x0, 0x0, 0x20, 0x0, 0x52, 0x0, 0x0, 0x0,
    0x40, 0x0, 0x1f, 0xc0, 0x2, 0xf8, 0x0, 0x2,
    0x7d, 0xf3, 0x0, 0xe, 0xf0, 0x6, 0xf5, 0x0,
    0xcf, 0xff, 0xb2, 0x0, 0xa, 0xf5, 0xff, 0xff,
    0xf6, 0xfe, 0x72, 0x0, 0x0, 0x8, 0xf8, 0xdf,
    0xfd, 0xd4, 0xfb, 0x0, 0x0, 0x0, 0x4, 0x82,
    0x2f, 0x80, 0x2, 0xf9, 0x0, 0x0, 0x0, 0x4,
    0x0, 0x6f, 0x30, 0x4, 0xf7, 0x0, 0x0, 0x0,
    0xbf, 0x20, 0xbe, 0xa9, 0x5, 0xfa, 0x66, 0x50,
    0x0, 0x7f, 0x70, 0xf9, 0xfa, 0x7, 0xff, 0xff,
    0xd0, 0x0, 0x3f, 0xa6, 0xf5, 0xf8, 0x9, 0xf8,
    0xef, 0x50, 0x0, 0xf, 0xdc, 0xfd, 0xfe, 0x7a,
    0xf0, 0xec, 0x0, 0x0, 0x7, 0x6f, 0xff, 0xff,
    0x8c, 0xf0, 0xfb, 0x0, 0x0, 0x0, 0x16, 0x27,
    0xf4, 0xe, 0xd2, 0xf9, 0x0, 0x0, 0x5f, 0x70,
    0x9, 0xf2, 0xf, 0xb3, 0xf7, 0x0, 0x0, 0x7f,
    0x50, 0xb, 0xf3, 0x3f, 0x95, 0xf6, 0x0, 0x0,
    0xaf, 0x43, 0x7e, 0xff, 0x7f, 0x77, 0xf4, 0x0,
    0x0, 0xdf, 0xaf, 0xff, 0xfb, 0xaf, 0x48, 0xf2,
    0x0, 0x0, 0xfd, 0x69, 0x6f, 0xb0, 0xbf, 0x1a,
    0xf1, 0x0, 0x4, 0xf9, 0x0, 0x1f, 0xa0, 0xee,
    0xc, 0xf0, 0x0, 0x8, 0xf5, 0x0, 0x3f, 0x81,
    0xfb, 0xd, 0xd0, 0x0, 0xd, 0xf1, 0x0, 0x5f,
    0x66, 0xf7, 0xf, 0xc0, 0x0, 0xa, 0xa0, 0x0,
    0x6f, 0x56, 0xf3, 0x1f, 0xa0, 0x0, 0x0, 0x0,
    0x0, 0x0, 0x0, 0x0, 0x0, 0x0, 0x0,

    /* U+6E29 "温" */
    0x0, 0x0, 0x40, 0x0, 0x0, 0x0, 0x0, 0x0,
    0x0, 0xe, 0xf2, 0x2, 0xff, 0xff, 0xff, 0xe3,
    0x0, 0x8, 0xf8, 0x4, 0xfd, 0xaa, 0xac, 0xf8,
    0x0, 0x2, 0xfd, 0x5, 0xf6, 0x0, 0x5, 0xf7,
    0x0, 0x0, 0xdf, 0x27, 0xfa, 0x88, 0x8b, 0xf5,
    0x0, 0x0, 0x43, 0x8, 0xff, 0xff, 0xff, 0xf4,
    0x0, 0x7, 0x0, 0xa, 0xf2, 0x0, 0x9, 0xf2,
    0x0, 0xbf, 0x50, 0xb, 0xf0, 0x0, 0xb, 0xf1,
    0x0, 0x5f, 0xc0, 0xd, 0xff, 0xff, 0xff, 0xf0,
    0x0, 0xe, 0xf2, 0xa, 0xbb, 0xbb, 0xbb, 0xa0,
    0x0, 0x8, 0xf6, 0x0, 0x0, 0x0, 0x0, 0x0,
    0x0, 0x2, 0x30, 0x9d, 0xdd, 0xdd, 0xdd, 0xb2,
    0x0, 0x1, 0x0, 0xcf, 0xff, 0xff, 0xff, 0xf9,
    0x0, 0xe, 0xd0, 0xdd, 0x2f, 0x6a, 0xc3, 0xf8,
    0x0, 0x3f, 0xc0, 0xfc, 0x3f, 0x4b, 0xb4, 0xf6,
    0x0, 0x7f, 0x80, 0xfa, 0x4f, 0x2d, 0xa6, 0xf5,
    0x0, 0xbf, 0x42, 0xf9, 0x5f, 0x1e, 0x87, 0xf3,
    0x1, 0xff, 0x3, 0xf7, 0x7f, 0xf, 0x79, 0xf2,
    0x6, 0xfa, 0x5, 0xf6, 0x8e, 0x1f, 0x6a, 0xf0,
    0xc, 0xf4, 0x7, 0xf4, 0xad, 0x2f, 0x4c, 0xe0,
    0x4f, 0xd0, 0xae, 0xfe, 0xff, 0xef, 0xef, 0xfa,
    0x4e, 0x60, 0xef, 0xff, 0xff, 0xff, 0xff, 0xfa,
    0x0, 0x0, 0x0, 0x0, 0x0, 0x0, 0x0, 0x0,

    /* U+6E38 "游" */
    0x0, 0x0, 0x0, 0x0, 0x0, 0x0, 0x0, 0x0,
    0x0, 0x0, 0x6, 0xa0, 0x0, 0xcf, 0x0, 0xc,
    0xb0, 0x0, 0x0, 0xb, 0xf1, 0x0, 0xdf, 0x0,
    0x1f, 0xa0, 0x0, 0x0, 0x7, 0xf4, 0x0, 0xed,
    0x0, 0x5f, 0xc8, 0x82, 0x0, 0x5, 0xf6, 0xac,
    0xff, 0xc5, 0xbf, 0xff, 0xf3, 0x0, 0x3, 0xf8,
    0xff, 0xff, 0xf8, 0xfd, 0x88, 0x80, 0x0, 0x1,
    0x73, 0x3f, 0x80, 0xa, 0xf4, 0x0, 0x0, 0x0,
    0x4, 0x10, 0x4f, 0x60, 0xe, 0xf5, 0x54, 0x0,
    0x0, 0x6f, 0x50, 0x5f, 0x62, 0x2, 0xff, 0xff,
    0x80, 0x0, 0x3f, 0x90, 0x7f, 0xff, 0x60, 0x88,
    0xbf, 0x60, 0x0, 0xf, 0xc0, 0x9f, 0xaf, 0xa0,
    0x0, 0xdd, 0x0, 0x0, 0xc, 0xf0, 0xbf, 0x1f,
    0x80, 0x8, 0xf3, 0x0, 0x0, 0x4, 0x30, 0xde,
    0x2f, 0x70, 0xd, 0xe0, 0x0, 0x0, 0x3, 0x10,
    0xfb, 0x4f, 0x9f, 0xff, 0xff, 0x40, 0x0, 0xc,
    0xf2, 0xf9, 0x6f, 0x8e, 0xef, 0xfe, 0x20, 0x0,
    0x1f, 0xb5, 0xf6, 0x8f, 0x20, 0x2f, 0x90, 0x0,
    0x0, 0x5f, 0x79, 0xf3, 0x9f, 0x0, 0x4f, 0x80,
    0x0, 0x0, 0x9f, 0x2c, 0xf0, 0xbe, 0x0, 0x5f,
    0x60, 0x0, 0x0, 0xee, 0xf, 0xb0, 0xdd, 0x0,
    0x7f, 0x50, 0x0, 0x4, 0xf9, 0x5f, 0x70, 0xfb,
    0x43, 0x8f, 0x30, 0x0, 0xa, 0xf3, 0xaf, 0xb2,
    0xf9, 0xe8, 0xbf, 0x0, 0x0, 0x1f, 0xd0, 0xfd,
    0xfd, 0xf5, 0xbf, 0xfc, 0x0, 0x0, 0x2b, 0x50,
    0x77, 0x5e, 0xb0, 0x2d, 0xe3, 0x0, 0x0,

    /* U+6E7E "湾" */
    0x0, 0x2, 0x80, 0x0, 0x0, 0x2f, 0xc0, 0x0,
    0x0, 0x0, 0xb, 0xf3, 0x0, 0x0, 0x4f, 0xb0,
    0x0, 0x0, 0x0, 0x7, 0xf8, 0x1d, 0xdd, 0xef,
    0xfd, 0xdd, 0xd3, 0x0, 0x2, 0xfb, 0x3f, 0xff,
    0xff, 0xff, 0xff, 0xf3, 0x0, 0x0, 0xff, 0x3,
    0xd, 0xf1, 0xfe, 0x2, 0x0, 0x0, 0x0, 0x74,
    0x3f, 0x6f, 0xe1, 0xfc, 0x7f, 0x10, 0x0, 0x5,
    0x10, 0xbf, 0x1f, 0xc2, 0xfa, 0x5f, 0x40, 0x0,
    0x7f, 0x74, 0xf7, 0x2f, 0xa4, 0xf8, 0x1f, 0x80,
    0x0, 0x2f, 0xc0, 0x40, 0x14, 0x21, 0x41, 0x4,
    0x0, 0x0, 0xd, 0xf1, 0x9f, 0xff, 0xff, 0xff,
    0xc1, 0x0, 0x0, 0x9, 0xf4, 0x9c, 0xcc, 0xcc,
    0xce, 0xf5, 0x0, 0x0, 0x2, 0x30, 0x0, 0x0,
    0x0, 0x8, 0xf4, 0x0, 0x0, 0x1, 0x0, 0x4b,
    0xbb, 0xbb, 0xbe, 0xf2, 0x0, 0x0, 0xa, 0xf2,
    0xaf, 0xff, 0xff, 0xff, 0xf0, 0x0, 0x0, 0xe,
    0xf0, 0xef, 0x0, 0x0, 0x0, 0x0, 0x0, 0x0,
    0x2f, 0xc1, 0xfe, 0xaa, 0xaa, 0xa9, 0x81, 0x0,
    0x0, 0x6f, 0x85, 0xff, 0xff, 0xff, 0xff, 0xf7,
    0x0, 0x0, 0xbf, 0x40, 0x11, 0x11, 0x11, 0x18,
    0xf7, 0x0, 0x1, 0xfe, 0x0, 0x0, 0x0, 0x0,
    0xa, 0xf5, 0x0, 0x7, 0xf8, 0x0, 0x0, 0x5f,
    0xb0, 0x1e, 0xf1, 0x0, 0xe, 0xf2, 0x0, 0x0,
    0xe, 0xfe, 0xef, 0xb0, 0x0, 0x6, 0x80, 0x0,
    0x0, 0x2, 0xbf, 0xea, 0x10, 0x0,

    /* U+6E90 "源" */
    0x0, 0x0, 0x40, 0x0, 0x0, 0x0, 0x0, 0x0,
    0x0, 0x0, 0xa, 0xf3, 0xb, 0xff, 0xff, 0xff,
    0xff, 0xf6, 0x0, 0x4, 0xfa, 0xd, 0xfc, 0xcc,
    0xef, 0xdc, 0xc3, 0x0, 0x0, 0xdf, 0xe, 0xf0,
    0x0, 0xde, 0x0, 0x0, 0x0, 0x0, 0x8f, 0x6f,
    0xd3, 0xaa, 0xfe, 0xa9, 0x10, 0x0, 0x0, 0x26,
    0x2f, 0xb7, 0xff, 0xff, 0xff, 0x70, 0x0, 0x4,
    0x0, 0x3f, 0xa8, 0xf2, 0x0, 0x3f, 0x70, 0x0,
    0x8f, 0x50, 0x5f, 0x8a, 0xf1, 0x0, 0x5f, 0x50,
    0x0, 0x2f, 0xc0, 0x6f, 0x6c, 0xff, 0xff, 0xff,
    0x30, 0x0, 0xa, 0xf3, 0x8f, 0x5d, 0xe8, 0x88,
    0xcf, 0x20, 0x0, 0x4, 0xf8, 0xaf, 0x3f, 0xb0,
    0x0, 0xaf, 0x0, 0x0, 0x0, 0x40, 0xcf, 0x2f,
    0xff, 0xff, 0xfe, 0x0, 0x0, 0x0, 0x0, 0xef,
    0x1b, 0xbd, 0xfc, 0xb9, 0x0, 0x0, 0x9, 0xe2,
    0xfc, 0x5, 0x9, 0xf3, 0x0, 0x0, 0x0, 0xd,
    0xf3, 0xfa, 0x3f, 0x7b, 0xf6, 0xf4, 0x0, 0x0,
    0x2f, 0xb6, 0xf6, 0x8f, 0x2d, 0xf3, 0xf5, 0x0,
    0x0, 0x6f, 0x79, 0xf3, 0xce, 0xf, 0xe1, 0xf7,
    0x0, 0x0, 0xbf, 0x2e, 0xf3, 0xf9, 0xf, 0xc0,
    0xfa, 0x0, 0x2, 0xfc, 0x2f, 0xb9, 0xf3, 0x2f,
    0xa0, 0xdd, 0x0, 0x8, 0xf6, 0x7f, 0x8f, 0xd5,
    0x5f, 0x80, 0xaf, 0x0, 0x1f, 0xe0, 0xcf, 0x14,
    0xaf, 0xff, 0x40, 0x69, 0x10, 0x8, 0x60, 0xac,
    0x0, 0xb, 0xe8, 0x0, 0x0, 0x0, 0x0, 0x0,
    0x0, 0x0, 0x0, 0x0, 0x0, 0x0, 0x0,

    /* U+6ED1 "滑" */
    0x0, 0x3, 0x0, 0x0, 0x0, 0x0, 0x0, 0x0,
    0x0, 0x7, 0xf8, 0x0, 0x5f, 0xff, 0xff, 0xfc,
    0x0, 0x0, 0x2f, 0xf1, 0x6, 0xfb, 0xaa, 0xad,
    0xf3, 0x0, 0x0, 0xaf, 0x70, 0x8f, 0x40, 0x0,
    0xaf, 0x20, 0x0, 0x3, 0xfd, 0xa, 0xff, 0xfe,
    0x1c, 0xf0, 0x0, 0x0, 0x9, 0x50, 0xbf, 0x6a,
    0xf2, 0xef, 0x0, 0x0, 0x40, 0x0, 0xd, 0xe0,
    0x8f, 0x1f, 0xd0, 0x0, 0x9f, 0x50, 0x4d, 0xff,
    0xde, 0xfd, 0xff, 0x90, 0x3, 0xfd, 0x6, 0xfd,
    0xcc, 0xcc, 0xcc, 0xef, 0x10, 0xb, 0xf4, 0x8f,
    0x40, 0x0, 0x0, 0xb, 0xf0, 0x0, 0x4f, 0xa9,
    0xff, 0xff, 0xff, 0xfe, 0xef, 0x0, 0x0, 0x92,
    0x48, 0xfd, 0xaa, 0xac, 0xfb, 0x50, 0x0, 0x4,
    0x10, 0x4f, 0x80, 0x0, 0x7f, 0x70, 0x0, 0x0,
    0xfe, 0x6, 0xff, 0xff, 0xff, 0xf5, 0x0, 0x0,
    0x4f, 0xb0, 0x8f, 0xa9, 0x99, 0xef, 0x30, 0x0,
    0x8, 0xf6, 0xa, 0xf2, 0x0, 0xc, 0xf2, 0x0,
    0x0, 0xef, 0x10, 0xbf, 0xff, 0xff, 0xff, 0x0,
    0x0, 0x4f, 0xc0, 0xd, 0xf9, 0x99, 0x9f, 0xe0,
    0x0, 0xa, 0xf6, 0x0, 0xfd, 0x0, 0x0, 0xfd,
    0x0, 0x2, 0xff, 0x0, 0xf, 0xc0, 0x87, 0x2f,
    0xb0, 0x0, 0xbf, 0x70, 0x2, 0xfa, 0xc, 0xfc,
    0xf7, 0x0, 0x4, 0xc0, 0x0, 0x4f, 0x90, 0x3e,
    0xfa, 0x0, 0x0, 0x0, 0x0, 0x0, 0x0, 0x0,
    0x0, 0x0, 0x0, 0x0,

    /* U+6EDA "滚" */
    0x0, 0x3, 0x60, 0x0, 0x0, 0xd, 0xf0, 0x0,
    0x0, 0x1, 0xff, 0x10, 0x0, 0x0, 0xef, 0x0,
    0x0, 0x0, 0x9, 0xf7, 0x2d, 0xdd, 0xdf, 0xfd,
    0xdd, 0xc0, 0x0, 0x2f, 0xd4, 0xff, 0xff, 0xff,
    0xff, 0xfd, 0x0, 0x0, 0xcf, 0x30, 0x52, 0x0,
    0x4, 0x10, 0x0, 0x0, 0x4, 0x20, 0x3f, 0xc0,
    0x3, 0xfb, 0x0, 0x0, 0x16, 0x0, 0xd, 0xf3,
    0x52, 0xb, 0xf7, 0x0, 0xc, 0xf3, 0x1c, 0xf7,
    0x2f, 0xd0, 0xd, 0xf2, 0x0, 0x5f, 0xb5, 0xf9,
    0xb, 0xf4, 0x65, 0x4f, 0x80, 0x0, 0xdf, 0x24,
    0x7, 0xf9, 0xd, 0xe0, 0x50, 0x0, 0x7, 0xf5,
    0x5, 0xfe, 0x68, 0xcf, 0x70, 0x0, 0x0, 0x12,
    0xe, 0xff, 0xff, 0xff, 0xfe, 0x0, 0x0, 0x2,
    0x0, 0x99, 0x7f, 0xff, 0x15, 0xa1, 0x0, 0x0,
    0xcf, 0x10, 0x9, 0xfd, 0xf3, 0x4, 0x0, 0x0,
    0x1f, 0xe0, 0xa, 0xfa, 0x5f, 0x65, 0xf9, 0x0,
    0x5, 0xfa, 0x4d, 0xff, 0x61, 0xfe, 0xfd, 0x10,
    0x0, 0xaf, 0xef, 0xfe, 0xf4, 0xc, 0xfb, 0x10,
    0x0, 0xf, 0xf8, 0xd4, 0x9f, 0x21, 0x5f, 0xd0,
    0x0, 0x6, 0xf9, 0x0, 0xb, 0xfa, 0xf3, 0xcf,
    0xa0, 0x0, 0xef, 0x20, 0x5, 0xef, 0xfd, 0x41,
    0xef, 0xb0, 0x6f, 0xa0, 0x5, 0xff, 0xc5, 0x0,
    0x2, 0xd5, 0x0, 0x62, 0x0, 0x7, 0x10, 0x0,
    0x0, 0x0, 0x0,

    /* U+6EDE "滞" */
    0x0, 0x4, 0x50, 0x0, 0xbf, 0xc, 0xf0, 0xde,
    0x0, 0x0, 0x3f, 0xd0, 0x0, 0xde, 0xd, 0xf0,
    0xfc, 0x0, 0x0, 0xe, 0xf3, 0x12, 0xee, 0x2e,
    0xe2, 0xfc, 0x20, 0x0, 0x7, 0xf9, 0x9f, 0xff,
    0xff, 0xff, 0xff, 0xf6, 0x0, 0x2, 0xfe, 0x6a,
    0xfd, 0xaf, 0xdb, 0xfd, 0xa2, 0x0, 0x0, 0xa6,
    0x3, 0xf8, 0x3f, 0x85, 0xf6, 0x0, 0x0, 0x2,
    0x0, 0x3, 0xb5, 0x3b, 0x54, 0xb3, 0x0, 0x0,
    0xbf, 0x20, 0x8b, 0xbb, 0xbb, 0xbb, 0xba, 0x10,
    0x0, 0x6f, 0xa0, 0xcf, 0xff, 0xff, 0xff, 0xff,
    0x70, 0x0, 0xe, 0xf1, 0xee, 0x0, 0x12, 0x0,
    0x5f, 0x60, 0x0, 0x8, 0xf7, 0xec, 0x0, 0xbf,
    0x0, 0x7f, 0x40, 0x0, 0x2, 0x60, 0x0, 0x0,
    0xde, 0x0, 0x0, 0x0, 0x0, 0x0, 0x0, 0x3f,
    0xff, 0xff, 0xff, 0xd1, 0x0, 0x0, 0x8, 0xb2,
    0x4f, 0xcb, 0xfe, 0xbd, 0xf3, 0x0, 0x0, 0xd,
    0xf2, 0x6f, 0x42, 0xf9, 0x8, 0xf2, 0x0, 0x0,
    0x2f, 0xe0, 0x8f, 0x23, 0xf8, 0xa, 0xf1, 0x0,
    0x0, 0x6f, 0x90, 0x9f, 0x15, 0xf6, 0xb, 0xf0,
    0x0, 0x0, 0xbf, 0x40, 0xbf, 0x7, 0xf4, 0x1e,
    0xd0, 0x0, 0x2, 0xfe, 0x0, 0xce, 0x8, 0xf3,
    0xff, 0x80, 0x0, 0x9, 0xf8, 0x0, 0xba, 0xa,
    0xf2, 0xd9, 0x0, 0x0, 0x1f, 0xf1, 0x0, 0x0,
    0xc, 0xf0, 0x0, 0x0, 0x0, 0x19, 0x80, 0x0,
    0x0, 0xd, 0xe0, 0x0, 0x0, 0x0, 0x0, 0x0,
    0x0, 0x0, 0x0, 0x0, 0x0, 0x0, 0x0,

    /* U+6EE1 "满" */
    0x0, 0x1, 0x60, 0x0, 0xd, 0xe0, 0x8, 0xf4,
    0x0, 0x0, 0xd, 0xf2, 0x0, 0xe, 0xd0, 0x9,
    0xf3, 0x0, 0x0, 0x8, 0xf8, 0x2f, 0xff, 0xff,
    0xff, 0xff, 0xf5, 0x0, 0x1, 0xfe, 0x2b, 0xcf,
    0xeb, 0xbf, 0xfb, 0xb2, 0x0, 0x0, 0xcf, 0x30,
    0x3f, 0x80, 0xe, 0xd0, 0x0, 0x0, 0x0, 0x56,
    0x10, 0x12, 0x10, 0x2, 0x10, 0x0, 0x0, 0x4,
    0x0, 0xff, 0xff, 0xff, 0xff, 0xff, 0xf1, 0x0,
    0x9f, 0x40, 0xbb, 0xbf, 0xdb, 0xfd, 0xbb, 0xb0,
    0x0, 0x3f, 0xc0, 0x0, 0x1f, 0x72, 0xf6, 0x0,
    0x0, 0x0, 0xb, 0xf3, 0x79, 0xaf, 0xcb, 0xfb,
    0x95, 0x0, 0x0, 0x5, 0xf6, 0xdf, 0xff, 0xff,
    0xff, 0xff, 0x0, 0x0, 0x0, 0x10, 0xfc, 0x8f,
    0x2b, 0xf2, 0xbf, 0x0, 0x0, 0x1, 0x0, 0xfa,
    0xaf, 0x4c, 0xf2, 0xbf, 0x0, 0x0, 0xb, 0xf4,
    0xf8, 0xdf, 0xce, 0xf5, 0xdd, 0x0, 0x0, 0xf,
    0xe4, 0xf8, 0xf8, 0xff, 0xf8, 0xeb, 0x0, 0x0,
    0x3f, 0xa5, 0xfb, 0xf2, 0xbf, 0xdb, 0xfa, 0x0,
    0x0, 0x7f, 0x67, 0xfe, 0xd0, 0x9f, 0x7f, 0xf8,
    0x0, 0x0, 0xcf, 0x28, 0xff, 0x80, 0xeb, 0x5f,
    0xf6, 0x0, 0x2, 0xfc, 0xa, 0xfa, 0x20, 0x64,
    0x16, 0xf4, 0x0, 0x9, 0xf6, 0xc, 0xe0, 0x0,
    0x5d, 0x8, 0xf2, 0x0, 0x1f, 0xe0, 0xd, 0xd0,
    0x0, 0x3f, 0xce, 0xe0, 0x0, 0x19, 0x70, 0xe,
    0xa0, 0x0, 0x8, 0xfd, 0x30, 0x0, 0x0, 0x0,
    0x0, 0x0, 0x0, 0x0, 0x0, 0x0, 0x0,

    /* U+6EE4 "滤" */
    0x0, 0x6, 0xa0, 0x0, 0x0, 0x1f, 0xa0, 0x0,
    0x0, 0x0, 0xc, 0xf2, 0x0, 0x0, 0x2f, 0xff,
    0xff, 0x90, 0x0, 0x8, 0xf7, 0x0, 0x0, 0x4f,
    0xb8, 0x88, 0x40, 0x0, 0x4, 0xfa, 0x0, 0x0,
    0x6f, 0x60, 0x0, 0x0, 0x0, 0x1, 0xfd, 0x4a,
    0xaa, 0xdf, 0xca, 0xaa, 0x50, 0x0, 0x0, 0x83,
    0x8f, 0xff, 0xff, 0xff, 0xff, 0xf0, 0x0, 0x15,
    0x0, 0xaf, 0x30, 0x9f, 0x20, 0xe, 0xd0, 0x0,
    0xcf, 0x20, 0xbf, 0x10, 0xaf, 0x47, 0x4f, 0x80,
    0x0, 0x7f, 0x70, 0xdf, 0x5c, 0xff, 0xff, 0x15,
    0x10, 0x0, 0x2f, 0xc0, 0xfd, 0x6b, 0xfd, 0x30,
    0x0, 0x0, 0x0, 0xe, 0xf2, 0xfb, 0x0, 0xec,
    0x0, 0xc7, 0x0, 0x0, 0x4, 0x23, 0xf9, 0x0,
    0xdf, 0xad, 0xf6, 0x0, 0x0, 0x2, 0x6, 0xf7,
    0x0, 0x4e, 0xfd, 0x50, 0x0, 0x0, 0xf, 0xc8,
    0xf4, 0x0, 0x5, 0x0, 0x0, 0x0, 0x0, 0x4f,
    0xac, 0xf6, 0x80, 0x5f, 0x42, 0x90, 0x0, 0x0,
    0x8f, 0x7e, 0xe9, 0xe7, 0x6d, 0xb6, 0xf2, 0x0,
    0x0, 0xcf, 0x5f, 0xac, 0xbd, 0xb7, 0xb3, 0xf4,
    0x0, 0x1, 0xfe, 0x7f, 0x7f, 0x8e, 0xb0, 0x65,
    0xf7, 0x0, 0x6, 0xf9, 0xbf, 0x8f, 0x4e, 0xb0,
    0xcb, 0xe9, 0x0, 0xc, 0xf5, 0xfe, 0x9f, 0xc,
    0xe1, 0xf8, 0xcb, 0x0, 0x3f, 0xc6, 0xf9, 0x59,
    0x7, 0xff, 0xf3, 0x98, 0x0, 0x18, 0x41, 0x93,
    0x0, 0x0, 0xbe, 0x70, 0x0, 0x0,

    /* U+6FC0 "激" */
    0x0, 0x1, 0x30, 0x0, 0x47, 0x10, 0x4, 0x50,
    0x0, 0x0, 0xf, 0xe0, 0x0, 0xbf, 0x10, 0xc,
    0xe0, 0x0, 0x0, 0xb, 0xf3, 0x6a, 0xfe, 0x81,
    0xe, 0xc0, 0x0, 0x0, 0x7, 0xf6, 0xbf, 0xff,
    0xf7, 0x1f, 0xa1, 0x10, 0x0, 0x4, 0xfa, 0xde,
    0x3, 0xf7, 0x5f, 0xff, 0xf5, 0x0, 0x1, 0x83,
    0xee, 0x8a, 0xf5, 0x9f, 0xef, 0xf3, 0x0, 0x15,
    0x0, 0xff, 0xff, 0xf3, 0xde, 0xf, 0x70, 0x0,
    0xcf, 0x21, 0xf9, 0x7, 0xf3, 0xfa, 0x2f, 0x50,
    0x0, 0x7f, 0x72, 0xfd, 0xad, 0xf7, 0xfa, 0x4f,
    0x40, 0x0, 0x2f, 0xb4, 0xff, 0xff, 0xed, 0xfa,
    0x7f, 0x10, 0x0, 0xe, 0xf0, 0x5, 0xa3, 0x4f,
    0xfb, 0xaf, 0x0, 0x0, 0x4, 0x13, 0x4a, 0xf6,
    0x5a, 0xcd, 0xdc, 0x0, 0x0, 0x13, 0xe, 0xff,
    0xff, 0xf2, 0x9f, 0xf8, 0x0, 0x0, 0x5f, 0x85,
    0xbf, 0x66, 0x60, 0x7f, 0xf4, 0x0, 0x0, 0x8f,
    0x50, 0xaf, 0x97, 0x0, 0x4f, 0xf0, 0x0, 0x0,
    0xbf, 0x20, 0xdf, 0xff, 0x60, 0x2f, 0xb0, 0x0,
    0x0, 0xef, 0x1, 0xf9, 0x4f, 0x70, 0x6f, 0xc0,
    0x0, 0x2, 0xfc, 0x6, 0xf4, 0x4f, 0x50, 0xdf,
    0xf1, 0x0, 0x7, 0xf8, 0xd, 0xe0, 0x6f, 0x45,
    0xfd, 0xf5, 0x0, 0xb, 0xf3, 0x5f, 0xa5, 0x8f,
    0x3e, 0xe2, 0xfa, 0x0, 0x1f, 0xd1, 0xee, 0x8f,
    0xee, 0x9f, 0x60, 0xbf, 0x0, 0x2b, 0x70, 0x95,
    0x1c, 0xe5, 0x5b, 0x0, 0x68, 0x0, 0x0, 0x0,
    0x0, 0x0, 0x0, 0x0, 0x0, 0x0, 0x0,

    /* U+706B "火" */
    0x0, 0x0, 0x0, 0x0, 0xb, 0xf4, 0x0, 0x0,
    0x0, 0x0, 0x0, 0x0, 0x0, 0xd, 0xf3, 0x0,
    0x0, 0x0, 0x0, 0x0, 0x0, 0x0, 0xf, 0xf1,
    0x0, 0x0, 0x0, 0x0, 0x1c, 0xd0, 0x0, 0xf,
    0xf0, 0x0, 0xa, 0x80, 0x0, 0xf, 0xf2, 0x0,
    0x2f, 0xe0, 0x0, 0x1f, 0xe0, 0x0, 0xa, 0xf7,
    0x0, 0x3f, 0xc0, 0x0, 0x8f, 0x80, 0x0, 0x5,
    0xfc, 0x0, 0x5f, 0xb0, 0x0, 0xef, 0x20, 0x0,
    0x1, 0xff, 0x0, 0x8f, 0x90, 0x8, 0xfb, 0x0,
    0x0, 0x0, 0xef, 0x30, 0xaf, 0xb0, 0x1f, 0xf3,
    0x0, 0x0, 0x0, 0xbf, 0x60, 0xef, 0xe0, 0x8f,
    0xa0, 0x0, 0x0, 0x0, 0x55, 0x2, 0xff, 0xf0,
    0x9, 0x10, 0x0, 0x0, 0x0, 0x0, 0x7, 0xff,
    0xf4, 0x0, 0x0, 0x0, 0x0, 0x0, 0x0, 0xe,
    0xfc, 0xf9, 0x0, 0x0, 0x0, 0x0, 0x0, 0x0,
    0x5f, 0xd3, 0xfe, 0x0, 0x0, 0x0, 0x0, 0x0,
    0x0, 0xef, 0x60, 0xff, 0x40, 0x0, 0x0, 0x0,
    0x0, 0x9, 0xfc, 0x0, 0x9f, 0xc0, 0x0, 0x0,
    0x0, 0x0, 0x6f, 0xf2, 0x0, 0x2f, 0xf5, 0x0,
    0x0, 0x0, 0x6, 0xff, 0x70, 0x0, 0x9, 0xfe,
    0x10, 0x0, 0x0, 0xaf, 0xf9, 0x0, 0x0, 0x0,
    0xef, 0xc0, 0x0, 0xe, 0xff, 0x80, 0x0, 0x0,
    0x0, 0x3f, 0xfb, 0x0, 0x9, 0xe5, 0x0, 0x0,
    0x0, 0x0, 0x5, 0xf3, 0x0, 0x1, 0x10, 0x0,
    0x0, 0x0, 0x0, 0x0, 0x10, 0x0,

    /* U+706F "灯" */
    0x0, 0x0, 0xd, 0xf0, 0x0, 0x0, 0x0, 0x0,
    0x0, 0x0, 0x0, 0xf, 0xd0, 0xd, 0xff, 0xff,
    0xff, 0xf3, 0x0, 0x0, 0x1f, 0xb0, 0xc, 0xee,
    0xef, 0xfe, 0xe1, 0x0, 0x23, 0x2f, 0xa7, 0x90,
    0x0, 0x1f, 0xf0, 0x0, 0x0, 0xcc, 0x4f, 0x8c,
    0xd0, 0x0, 0x2f, 0xd0, 0x0, 0x0, 0xbd, 0x6f,
    0x7f, 0x80, 0x0, 0x4f, 0xc0, 0x0, 0x0, 0xae,
    0x8f, 0xaf, 0x40, 0x0, 0x6f, 0xa0, 0x0, 0x0,
    0xae, 0xaf, 0xee, 0x0, 0x0, 0x7f, 0x80, 0x0,
    0x0, 0x9f, 0xcf, 0xf8, 0x0, 0x0, 0x9f, 0x70,
    0x0, 0x0, 0x9f, 0xef, 0x22, 0x0, 0x0, 0xbf,
    0x50, 0x0, 0x0, 0x22, 0xfd, 0x0, 0x0, 0x0,
    0xcf, 0x30, 0x0, 0x0, 0x3, 0xfa, 0x0, 0x0,
    0x0, 0xef, 0x20, 0x0, 0x0, 0x6, 0xfd, 0x0,
    0x0, 0x0, 0xff, 0x0, 0x0, 0x0, 0x9, 0xff,
    0x60, 0x0, 0x1, 0xfe, 0x0, 0x0, 0x0, 0xe,
    0xff, 0xe0, 0x0, 0x3, 0xfd, 0x0, 0x0, 0x0,
    0x3f, 0xb8, 0xf6, 0x0, 0x4, 0xfb, 0x0, 0x0,
    0x0, 0x8f, 0x61, 0xfd, 0x0, 0x6, 0xf9, 0x0,
    0x0, 0x0, 0xff, 0x10, 0x82, 0x0, 0x8, 0xf8,
    0x0, 0x0, 0x7, 0xf9, 0x0, 0x7, 0xa0, 0xa,
    0xf5, 0x0, 0x0, 0x2f, 0xf2, 0x0, 0xc, 0xf4,
    0x2f, 0xf1, 0x0, 0x0, 0x9f, 0x80, 0x0, 0x7,
    0xff, 0xff, 0xa0, 0x0, 0x0, 0x9, 0x0, 0x0,
    0x0, 0x9e, 0xfa, 0x0, 0x0, 0x0,

    /* U+7075 "灵" */
    0x0, 0x0, 0xcf, 0xff, 0xff, 0xff, 0xff, 0xf7,
    0x0, 0x0, 0xc, 0xdd, 0xdd, 0xdd, 0xdd, 0xdf,
    0xe0, 0x0, 0x0, 0x0, 0x0, 0x0, 0x0, 0x3,
    0xfd, 0x0, 0x0, 0x0, 0x0, 0x0, 0x0, 0x0,
    0x4f, 0xb0, 0x0, 0x0, 0xaf, 0xff, 0xff, 0xff,
    0xff, 0xfa, 0x0, 0x0, 0x9, 0xcc, 0xcc, 0xcc,
    0xcc, 0xef, 0x80, 0x0, 0x0, 0x0, 0x0, 0x0,
    0x0, 0x8, 0xf7, 0x0, 0x0, 0x6d, 0xdd, 0xdd,
    0xdd, 0xdd, 0xff, 0x50, 0x0, 0x8, 0xff, 0xff,
    0xff, 0xff, 0xff, 0xf3, 0x0, 0x0, 0x0, 0x0,
    0xa, 0xf5, 0x0, 0x0, 0x0, 0x0, 0x1, 0x40,
    0x0, 0xbf, 0x40, 0x2, 0x0, 0x0, 0x0, 0xef,
    0x10, 0xd, 0xf3, 0x0, 0xce, 0x20, 0x0, 0x8,
    0xf8, 0x0, 0xff, 0x40, 0x5f, 0xc0, 0x0, 0x0,
    0x2f, 0xd0, 0x4f, 0xf8, 0x1e, 0xf3, 0x0, 0x0,
    0x0, 0xcb, 0xb, 0xff, 0xe3, 0xd8, 0x0, 0x0,
    0x0, 0x0, 0x7, 0xfe, 0x8f, 0x80, 0x0, 0x0,
    0x0, 0x0, 0x7, 0xff, 0x40, 0xef, 0x60, 0x0,
    0x0, 0x0, 0x2b, 0xff, 0x50, 0x3, 0xff, 0x80,
    0x0, 0x2, 0x9f, 0xfe, 0x40, 0x0, 0x5, 0xff,
    0xb2, 0x0, 0xdf, 0xf9, 0x10, 0x0, 0x0, 0x4,
    0xef, 0xd0, 0x7, 0x92, 0x0, 0x0, 0x0, 0x0,
    0x1, 0xa5, 0x0, 0x0, 0x0, 0x0, 0x0, 0x0,
    0x0, 0x0, 0x0,

    /* U+70B9 "点" */
    0x0, 0x0, 0x0, 0x0, 0xf, 0xf1, 0x0, 0x0,
    0x0, 0x0, 0x0, 0x0, 0x0, 0xff, 0x0, 0x0,
    0x0, 0x0, 0x0, 0x0, 0x0, 0x2f, 0xf0, 0x0,
    0x0, 0x0, 0x0, 0x0, 0x0, 0x3, 0xff, 0xff,
    0xff, 0xf5, 0x0, 0x0, 0x0, 0x0, 0x5f, 0xfe,
    0xee, 0xee, 0x30, 0x0, 0x0, 0x0, 0x6, 0xfa,
    0x0, 0x0, 0x0, 0x0, 0x0, 0x0, 0x0, 0x8f,
    0x80, 0x0, 0x0, 0x0, 0x0, 0xb, 0xdd, 0xde,
    0xfe, 0xdd, 0xda, 0x10, 0x0, 0x0, 0xff, 0xff,
    0xff, 0xff, 0xff, 0xf7, 0x0, 0x0, 0x1f, 0xd0,
    0x0, 0x0, 0x0, 0x8f, 0x60, 0x0, 0x3, 0xfb,
    0x0, 0x0, 0x0, 0xa, 0xf5, 0x0, 0x0, 0x5f,
    0xa0, 0x0, 0x0, 0x0, 0xbf, 0x30, 0x0, 0x6,
    0xf8, 0x0, 0x0, 0x0, 0xd, 0xf1, 0x0, 0x0,
    0x8f, 0xed, 0xdd, 0xdd, 0xdd, 0xff, 0x0, 0x0,
    0xa, 0xff, 0xff, 0xff, 0xff, 0xff, 0xe0, 0x0,
    0x0, 0x0, 0x0, 0x0, 0x0, 0x0, 0x0, 0x0,
    0x0, 0xc, 0x90, 0x56, 0x2, 0x72, 0x19, 0x90,
    0x0, 0x3, 0xfc, 0xe, 0xf0, 0x7f, 0x71, 0xff,
    0x0, 0x0, 0xaf, 0x50, 0xcf, 0x23, 0xfb, 0xb,
    0xf5, 0x0, 0x4f, 0xe0, 0xb, 0xf3, 0xf, 0xe0,
    0x6f, 0x90, 0xd, 0xf5, 0x0, 0xbf, 0x30, 0xdf,
    0x12, 0xfd, 0x0, 0x39, 0x0, 0x3, 0x30, 0x3,
    0x20, 0x9, 0x40,

    /* U+7126 "焦" */
    0x0, 0x0, 0x2, 0x82, 0x1, 0x73, 0x0, 0x0,
    0x0, 0x0, 0x0, 0x8f, 0x60, 0x2f, 0xb0, 0x0,
    0x0, 0x0, 0x0, 0xd, 0xf1, 0x0, 0xcf, 0x0,
    0x0, 0x0, 0x0, 0x5, 0xff, 0xff, 0xff, 0xff,
    0xff, 0xf2, 0x0, 0x0, 0xdf, 0xdc, 0xcc, 0xfe,
    0xcc, 0xcc, 0x0, 0x0, 0x8f, 0xf3, 0x0, 0x3f,
    0xa0, 0x0, 0x0, 0x0, 0x4f, 0xff, 0x20, 0x5,
    0xf9, 0x0, 0x0, 0x0, 0x3f, 0xff, 0xff, 0xff,
    0xff, 0xff, 0xff, 0x70, 0x3, 0xf8, 0xfe, 0x77,
    0x7c, 0xfa, 0x77, 0x72, 0x0, 0x3, 0x2f, 0xc0,
    0x0, 0x9f, 0x40, 0x0, 0x0, 0x0, 0x3, 0xfe,
    0x99, 0x9e, 0xfa, 0x99, 0x90, 0x0, 0x0, 0x5f,
    0xff, 0xff, 0xff, 0xff, 0xff, 0x0, 0x0, 0x7,
    0xf7, 0x0, 0xf, 0xf0, 0x0, 0x0, 0x0, 0x0,
    0x8f, 0x60, 0x1, 0xfd, 0x0, 0x0, 0x0, 0x0,
    0xa, 0xff, 0xff, 0xff, 0xff, 0xff, 0xf8, 0x0,
    0x0, 0x7a, 0xaa, 0xaa, 0xaa, 0xaa, 0xaa, 0x40,
    0x0, 0x13, 0x0, 0x0, 0x0, 0x0, 0x2, 0x10,
    0x0, 0x8, 0xf5, 0x5d, 0x40, 0xbd, 0x5, 0xf7,
    0x0, 0x0, 0xef, 0x5, 0xf7, 0xb, 0xf2, 0x1f,
    0xd0, 0x0, 0x7f, 0x90, 0x3f, 0x80, 0x6f, 0x60,
    0xbf, 0x20, 0x1f, 0xf1, 0x3, 0xf9, 0x3, 0xf9,
    0x6, 0xf7, 0x0, 0x76, 0x0, 0x16, 0x20, 0x5,
    0x10, 0x29, 0x20,

    /* U+7136 "然" */
    0x0, 0x0, 0x7e, 0x30, 0x0, 0xf, 0xa0, 0x0,
    0x0, 0x0, 0xbf, 0x10, 0x0, 0x2f, 0x97, 0xf0,
    0x0, 0x0, 0xff, 0xaa, 0x40, 0x3f, 0x76, 0xf4,
    0x0, 0x5, 0xff, 0xff, 0xe0, 0x5f, 0x63, 0xf6,
    0x0, 0xb, 0xf3, 0x1f, 0xe0, 0x6f, 0x40, 0xe6,
    0x0, 0x2f, 0xf7, 0x3f, 0xb0, 0x8f, 0x30, 0x0,
    0x0, 0xaf, 0xef, 0xef, 0xff, 0xff, 0xff, 0xfc,
    0x4, 0xfd, 0x6, 0xff, 0xbb, 0xff, 0xbb, 0xb7,
    0x1e, 0xff, 0x53, 0xfa, 0x2, 0xff, 0x30, 0x0,
    0x1d, 0x8c, 0xfe, 0xf2, 0x8, 0xff, 0x50, 0x0,
    0x1, 0x0, 0xcf, 0x90, 0x1f, 0xff, 0xb0, 0x0,
    0x0, 0x6, 0xfd, 0x0, 0xaf, 0x7c, 0xf2, 0x0,
    0x0, 0x8f, 0xe2, 0x7, 0xfd, 0x5, 0xfd, 0x0,
    0x2c, 0xfe, 0x30, 0x8f, 0xe2, 0x0, 0xcf, 0xb0,
    0x7f, 0xc1, 0x8, 0xfe, 0x20, 0x0, 0x1e, 0xf3,
    0x6, 0x0, 0x2, 0xb1, 0x0, 0x0, 0x1, 0x70,
    0x0, 0x62, 0x0, 0x0, 0x0, 0x0, 0x3, 0x0,
    0x3, 0xfc, 0xd, 0xe0, 0x6f, 0x50, 0xef, 0x0,
    0x9, 0xf7, 0xe, 0xf0, 0x4f, 0xa0, 0xaf, 0x50,
    0x1f, 0xf1, 0xc, 0xf1, 0xf, 0xd0, 0x4f, 0xa0,
    0xaf, 0x90, 0xc, 0xf2, 0xd, 0xf1, 0xf, 0xf0,
    0x5d, 0x10, 0x6, 0x61, 0x6, 0x50, 0xa, 0x91,
    0x0, 0x0, 0x0, 0x0, 0x0, 0x0, 0x0, 0x0,

    /* U+7184 "熄" */
    0x0, 0x0, 0x0, 0x0, 0x0, 0x0, 0x4, 0x10,
    0x0, 0x0, 0x0, 0x1, 0xfa, 0x0, 0x0, 0xf,
    0xa0, 0x0, 0x0, 0x0, 0x2, 0xf9, 0x0, 0x0,
    0x4f, 0x60, 0x0, 0x0, 0x0, 0x4, 0xf7, 0x0,
    0x9a, 0xcf, 0xba, 0x81, 0x0, 0x0, 0x25, 0xf5,
    0x30, 0xff, 0xff, 0xff, 0xf7, 0x0, 0xa, 0xe7,
    0xf4, 0xfa, 0xfa, 0x0, 0x5, 0xf6, 0x0, 0x9,
    0xf8, 0xf6, 0xf6, 0xfc, 0x77, 0x7a, 0xf4, 0x0,
    0x8, 0xfa, 0xf9, 0xe5, 0xff, 0xff, 0xff, 0xf3,
    0x0, 0x7, 0xfc, 0xfe, 0x86, 0xf5, 0x0, 0xa,
    0xf1, 0x0, 0x7, 0xff, 0xff, 0x28, 0xf7, 0x55,
    0x5d, 0xf0, 0x0, 0x6, 0xef, 0xc6, 0xa, 0xff,
    0xff, 0xff, 0xe0, 0x0, 0x0, 0x2f, 0x90, 0xb,
    0xf2, 0x22, 0x2f, 0xc0, 0x0, 0x0, 0x5f, 0x60,
    0xd, 0xf0, 0x0, 0x1f, 0xa0, 0x0, 0x0, 0x8f,
    0x40, 0xf, 0xff, 0xff, 0xff, 0x90, 0x0, 0x0,
    0xcf, 0x90, 0x8, 0x88, 0x98, 0x88, 0x40, 0x0,
    0x0, 0xff, 0xf0, 0x33, 0x5, 0xf1, 0x2, 0x10,
    0x0, 0x5, 0xfa, 0xf5, 0xbd, 0x44, 0xf7, 0x3f,
    0x50, 0x0, 0xc, 0xf2, 0xeb, 0xeb, 0xf8, 0xbd,
    0xf, 0x80, 0x0, 0x3f, 0xb0, 0xaf, 0xf9, 0xf8,
    0x34, 0x3d, 0xb0, 0x0, 0xcf, 0x40, 0x26, 0xf5,
    0xf8, 0x9, 0xea, 0xe0, 0x7, 0xfb, 0x0, 0x9,
    0xf0, 0xfc, 0xe, 0xc8, 0xf0, 0x1f, 0xf2, 0x0,
    0x5, 0xa0, 0xaf, 0xef, 0x66, 0xc1, 0x5, 0x60,
    0x0, 0x0, 0x0, 0x2c, 0xf9, 0x0, 0x0,

    /* U+722C "爬" */
    0x0, 0x0, 0x0, 0x0, 0x39, 0xc0, 0x0, 0x0,
    0x0, 0x0, 0x0, 0x4, 0x8b, 0xef, 0xff, 0xbf,
    0xff, 0xff, 0x90, 0x0, 0x0, 0xdf, 0xff, 0xaf,
    0x7a, 0xfc, 0xfd, 0xef, 0x0, 0x0, 0xf, 0xb9,
    0xf3, 0xf6, 0xbe, 0x2f, 0x4c, 0xe0, 0x0, 0x1,
    0xf9, 0x9e, 0x5f, 0x4d, 0xd3, 0xf2, 0xed, 0x0,
    0x0, 0x2f, 0x7b, 0xc6, 0xf2, 0xfb, 0x5f, 0x1f,
    0xb0, 0x0, 0x4, 0xf5, 0xcb, 0x8f, 0x1f, 0x96,
    0xf1, 0xf9, 0x0, 0x0, 0x5f, 0x4e, 0x9a, 0xf2,
    0xf8, 0x8e, 0x2f, 0x80, 0x0, 0x7, 0xf2, 0xf7,
    0xbe, 0x4f, 0x79, 0xc4, 0xf6, 0x0, 0x0, 0x9f,
    0x2f, 0x6d, 0xc5, 0xff, 0xff, 0xff, 0x50, 0x0,
    0xb, 0xe3, 0xf4, 0xfa, 0x7f, 0xcb, 0xbb, 0xb2,
    0x0, 0x0, 0xdc, 0x4f, 0x3f, 0x98, 0xf2, 0x0,
    0x0, 0x0, 0x0, 0xf, 0xa6, 0xf3, 0xf7, 0xaf,
    0x0, 0x0, 0x0, 0x0, 0x2, 0xf7, 0x7f, 0x4f,
    0x5b, 0xf0, 0x0, 0x14, 0x10, 0x0, 0x5f, 0x59,
    0xe5, 0xf4, 0xaf, 0x0, 0x7, 0xf4, 0x0, 0x8,
    0xf2, 0xbc, 0x5f, 0x48, 0xf4, 0x3, 0xee, 0x0,
    0x0, 0xbf, 0xc, 0xb5, 0xf4, 0x2f, 0xfe, 0xff,
    0x50, 0x0, 0xe, 0xc0, 0xe9, 0x4f, 0x60, 0x3a,
    0xca, 0x30, 0x0, 0x2, 0xf8, 0xf, 0x81, 0xfb,
    0x0, 0x0, 0x0, 0x30, 0x0, 0x6f, 0x41, 0xf6,
    0xb, 0xf7, 0x0, 0x3, 0xbd, 0x0, 0xb, 0xf0,
    0x3f, 0x40, 0x2f, 0xfe, 0xde, 0xff, 0xd0, 0x0,
    0xec, 0x3, 0xd2, 0x0, 0x2b, 0xef, 0xeb, 0x50,
    0x0, 0x0, 0x10, 0x0, 0x0, 0x0, 0x0, 0x0,
    0x0, 0x0, 0x0,

    /* U+7247 "片" */
    0x0, 0x0, 0x0, 0x0, 0x0, 0x4, 0xfb, 0x0,
    0x0, 0x0, 0x0, 0x6f, 0x80, 0x0, 0x5f, 0xa0,
    0x0, 0x0, 0x0, 0x8, 0xf7, 0x0, 0x6, 0xf8,
    0x0, 0x0, 0x0, 0x0, 0xaf, 0x50, 0x0, 0x8f,
    0x70, 0x0, 0x0, 0x0, 0xc, 0xf4, 0x0, 0x9,
    0xf5, 0x0, 0x0, 0x0, 0x0, 0xdf, 0x20, 0x0,
    0xaf, 0x40, 0x0, 0x0, 0x0, 0xf, 0xf4, 0x33,
    0x3c, 0xf5, 0x33, 0x20, 0x0, 0x1, 0xff, 0xff,
    0xff, 0xff, 0xff, 0xfb, 0x0, 0x0, 0x3f, 0xfc,
    0xcc, 0xcc, 0xcc, 0xcc, 0x70, 0x0, 0x4, 0xfc,
    0x0, 0x0, 0x0, 0x0, 0x0, 0x0, 0x0, 0x7f,
    0x90, 0x0, 0x0, 0x0, 0x0, 0x0, 0x0, 0xa,
    0xf9, 0x33, 0x33, 0x31, 0x0, 0x0, 0x0, 0x0,
    0xdf, 0xff, 0xff, 0xff, 0xf6, 0x0, 0x0, 0x0,
    0xf, 0xfc, 0xcc, 0xcc, 0xdf, 0xb0, 0x0, 0x0,
    0x4, 0xfc, 0x0, 0x0, 0x6, 0xfa, 0x0, 0x0,
    0x0, 0x9f, 0x70, 0x0, 0x0, 0x8f, 0x90, 0x0,
    0x0, 0xf, 0xf2, 0x0, 0x0, 0x9, 0xf7, 0x0,
    0x0, 0x7, 0xfb, 0x0, 0x0, 0x0, 0xbf, 0x50,
    0x0, 0x0, 0xef, 0x40, 0x0, 0x0, 0xd, 0xf4,
    0x0, 0x0, 0x9f, 0xc0, 0x0, 0x0, 0x0, 0xef,
    0x20, 0x0, 0x3f, 0xf3, 0x0, 0x0, 0x0, 0xf,
    0xf0, 0x0, 0x2, 0xd8, 0x0, 0x0, 0x0, 0x2,
    0xff, 0x0, 0x0, 0x0, 0x0, 0x0, 0x0, 0x0,
    0x0, 0x0, 0x0, 0x0,

    /* U+7248 "版" */
    0x0, 0x0, 0x0, 0xbf, 0x0, 0x0, 0x0, 0x38,
    0x40, 0x0, 0x9f, 0x2d, 0xf0, 0x17, 0x9c, 0xff,
    0xf9, 0x0, 0xb, 0xf1, 0xed, 0x6, 0xff, 0xff,
    0xfb, 0x50, 0x0, 0xcf, 0xf, 0xc0, 0x8f, 0xb7,
    0x41, 0x0, 0x0, 0xe, 0xe1, 0xfa, 0xa, 0xf2,
    0x0, 0x0, 0x0, 0x0, 0xfc, 0x3f, 0x90, 0xcf,
    0x10, 0x0, 0x0, 0x0, 0x1f, 0xb6, 0xf8, 0x1d,
    0xf0, 0x0, 0x0, 0x0, 0x3, 0xff, 0xff, 0xf6,
    0xff, 0xff, 0xff, 0xc0, 0x0, 0x5f, 0xca, 0xaa,
    0x4f, 0xff, 0xec, 0xef, 0x40, 0x6, 0xf5, 0x0,
    0x3, 0xfb, 0xf8, 0xb, 0xf1, 0x0, 0x8f, 0xdb,
    0x60, 0x5f, 0x7f, 0xa0, 0xfc, 0x0, 0xa, 0xff,
    0xff, 0x17, 0xf5, 0xec, 0x4f, 0x70, 0x0, 0xcf,
    0xc, 0xf1, 0xaf, 0x2b, 0xfa, 0xf3, 0x0, 0xe,
    0xd0, 0xdf, 0xc, 0xf0, 0x8f, 0xfd, 0x0, 0x0,
    0xfb, 0xf, 0xe0, 0xfd, 0x4, 0xff, 0x60, 0x0,
    0x3f, 0x90, 0xfc, 0x2f, 0xa0, 0x1f, 0xf0, 0x0,
    0x5, 0xf6, 0x2f, 0xa6, 0xf6, 0x8, 0xff, 0x20,
    0x0, 0x8f, 0x34, 0xf9, 0xaf, 0x22, 0xff, 0xf8,
    0x0, 0xc, 0xf0, 0x5f, 0x8f, 0xe0, 0xcf, 0x5e,
    0xe0, 0x0, 0xfc, 0x7, 0xfc, 0xf9, 0x8f, 0xa0,
    0x7f, 0x80, 0x5f, 0x80, 0x8f, 0xff, 0x9f, 0xd1,
    0x0, 0xef, 0x23, 0xd4, 0xa, 0xfb, 0xd6, 0xe2,
    0x0, 0x5, 0xd1, 0x0, 0x0, 0x0, 0x1, 0x1,
    0x0, 0x0, 0x1, 0x0,

    /* U+7259 "牙" */
    0x0, 0x2, 0xff, 0xff, 0xff, 0xff, 0xff, 0xff,
    0xf0, 0x0, 0x4, 0xff, 0xff, 0xff, 0xff, 0xff,
    0xff, 0xd0, 0x0, 0x0, 0x0, 0x0, 0x0, 0x0,
    0xdf, 0x20, 0x0, 0x0, 0x0, 0x3, 0x63, 0x0,
    0x0, 0xff, 0x10, 0x0, 0x0, 0x0, 0xb, 0xf4,
    0x0, 0x0, 0xff, 0x0, 0x0, 0x0, 0x0, 0x1f,
    0xf0, 0x0, 0x2, 0xfd, 0x0, 0x0, 0x0, 0x0,
    0x6f, 0xa0, 0x0, 0x3, 0xfc, 0x0, 0x0, 0x0,
    0x0, 0xbf, 0x60, 0x0, 0x5, 0xfa, 0x0, 0x0,
    0x0, 0x0, 0xff, 0xff, 0xff, 0xff, 0xff, 0xff,
    0x60, 0x0, 0x5, 0xff, 0xff, 0xff, 0xff, 0xff,
    0xff, 0x40, 0x0, 0x0, 0x0, 0x0, 0x8f, 0x5a,
    0xf5, 0x0, 0x0, 0x0, 0x0, 0x0, 0x2, 0xfd,
    0xc, 0xf4, 0x0, 0x0, 0x0, 0x0, 0x0, 0xb,
    0xf5, 0xe, 0xf2, 0x0, 0x0, 0x0, 0x0, 0x0,
    0x7f, 0xb0, 0xf, 0xf0, 0x0, 0x0, 0x0, 0x0,
    0x4, 0xfe, 0x10, 0x1f, 0xf0, 0x0, 0x0, 0x0,
    0x0, 0x4f, 0xf4, 0x0, 0x3f, 0xd0, 0x0, 0x0,
    0x0, 0x4, 0xff, 0x50, 0x0, 0x4f, 0xb0, 0x0,
    0x0, 0x0, 0x7f, 0xf6, 0x39, 0x30, 0x7f, 0x90,
    0x0, 0x0, 0xa, 0xff, 0x50, 0x5f, 0xa0, 0xcf,
    0x60, 0x0, 0x0, 0x7, 0xd3, 0x0, 0xe, 0xff,
    0xfe, 0x0, 0x0, 0x0, 0x0, 0x0, 0x0, 0x2,
    0xcf, 0xd4, 0x0, 0x0, 0x0,

    /* U+7279 "特" */
    0x0, 0x0, 0x4, 0xf9, 0x0, 0x0, 0x5f, 0x80,
    0x0, 0x0, 0x0, 0x6, 0xf7, 0x0, 0x0, 0x7f,
    0x70, 0x0, 0x0, 0x8, 0x57, 0xf6, 0x0, 0x0,
    0x8f, 0x50, 0x0, 0x0, 0xf, 0x99, 0xf4, 0x7,
    0xdd, 0xef, 0xed, 0xd2, 0x0, 0x2f, 0x7b, 0xf2,
    0xa, 0xff, 0xff, 0xff, 0xf2, 0x0, 0x5f, 0xde,
    0xfc, 0x30, 0x0, 0xdf, 0x0, 0x0, 0x0, 0x7f,
    0xff, 0xff, 0x30, 0x0, 0xef, 0x0, 0x0, 0x0,
    0xaf, 0x4f, 0xe4, 0x22, 0x22, 0xfe, 0x22, 0x20,
    0x0, 0xec, 0x1f, 0xc0, 0xdf, 0xff, 0xff, 0xff,
    0xf3, 0x2, 0xf8, 0x3f, 0xa0, 0x99, 0x99, 0x99,
    0x99, 0x91, 0x3, 0xc3, 0x5f, 0x80, 0x0, 0x0,
    0x6, 0xa3, 0x0, 0x0, 0x0, 0x6f, 0x60, 0x12,
    0x22, 0x2c, 0xf5, 0x10, 0x0, 0x0, 0x8f, 0xb4,
    0xdf, 0xff, 0xff, 0xff, 0x70, 0x0, 0x3, 0xdf,
    0xfa, 0x9a, 0xaa, 0xaf, 0xfa, 0x40, 0x8, 0xdf,
    0xff, 0xa2, 0x3, 0x10, 0xf, 0xe0, 0x0, 0xf,
    0xfe, 0xff, 0x0, 0x3f, 0xa0, 0x2f, 0xd0, 0x0,
    0x6, 0x40, 0xfe, 0x0, 0xc, 0xf3, 0x3f, 0xb0,
    0x0, 0x0, 0x1, 0xfc, 0x0, 0x3, 0xb2, 0x5f,
    0xa0, 0x0, 0x0, 0x3, 0xfa, 0x0, 0x3, 0x0,
    0x7f, 0x80, 0x0, 0x0, 0x5, 0xf8, 0x0, 0xaf,
    0x81, 0xcf, 0x50, 0x0, 0x0, 0x6, 0xf7, 0x0,
    0x4f, 0xff, 0xfe, 0x0, 0x0, 0x0, 0x8, 0xf5,
    0x0, 0x6, 0xdf, 0xc2, 0x0, 0x0,

    /* U+72B6 "状" */
    0x0, 0x0, 0x7, 0xf6, 0x0, 0x8, 0xc2, 0x1,
    0x0, 0x0, 0x0, 0x9f, 0x40, 0x0, 0xbf, 0x1c,
    0xb0, 0x0, 0x0, 0xa, 0xf3, 0x0, 0xd, 0xf0,
    0xbf, 0x10, 0x6, 0xa0, 0xcf, 0x10, 0x0, 0xef,
    0x5, 0xf6, 0x0, 0xaf, 0x2d, 0xf0, 0x0, 0xf,
    0xd0, 0x1f, 0xa0, 0x5, 0xf7, 0xfe, 0x0, 0x1,
    0xfc, 0x0, 0xa6, 0x0, 0x1f, 0xbf, 0xc2, 0x33,
    0x5f, 0xc3, 0x33, 0x20, 0x0, 0xdf, 0xfb, 0xbf,
    0xff, 0xff, 0xff, 0xf8, 0x0, 0x4, 0x6f, 0x98,
    0xbb, 0xdf, 0xeb, 0xbb, 0x40, 0x0, 0x5, 0xf7,
    0x0, 0x8, 0xfd, 0x0, 0x0, 0x0, 0x0, 0x7f,
    0x60, 0x0, 0xbf, 0xf0, 0x0, 0x0, 0x0, 0x1d,
    0xf4, 0x0, 0xf, 0xff, 0x10, 0x0, 0x0, 0xb,
    0xff, 0x20, 0x3, 0xfe, 0xf4, 0x0, 0x0, 0x9,
    0xff, 0xf1, 0x0, 0x9f, 0x8f, 0x70, 0x0, 0x9,
    0xfc, 0xef, 0x0, 0xe, 0xe2, 0xfa, 0x0, 0x1,
    0xfd, 0x1f, 0xe0, 0x4, 0xfa, 0xf, 0xe0, 0x0,
    0x5, 0x11, 0xfc, 0x0, 0xbf, 0x40, 0xcf, 0x20,
    0x0, 0x0, 0x3f, 0xa0, 0x3f, 0xd0, 0x8, 0xf6,
    0x0, 0x0, 0x4, 0xf9, 0xb, 0xf6, 0x0, 0x3f,
    0xb0, 0x0, 0x0, 0x6f, 0x74, 0xfe, 0x0, 0x0,
    0xef, 0x10, 0x0, 0x8, 0xf6, 0xef, 0x60, 0x0,
    0x9, 0xf7, 0x0, 0x0, 0x9f, 0x5a, 0xc0, 0x0,
    0x0, 0x4c, 0x40, 0x0, 0x0, 0x0, 0x1, 0x0,
    0x0, 0x0, 0x0, 0x0,

    /* U+7387 "率" */
    0x0, 0x0, 0x0, 0x0, 0x9f, 0x60, 0x0, 0x0,
    0x0, 0x0, 0x0, 0x0, 0xa, 0xf4, 0x0, 0x0,
    0x0, 0x0, 0xac, 0xcc, 0xcc, 0xff, 0xdc, 0xcc,
    0xcc, 0x10, 0xe, 0xff, 0xff, 0xff, 0xff, 0xff,
    0xff, 0xf0, 0x0, 0x22, 0x22, 0x29, 0xf6, 0x22,
    0x22, 0x22, 0x0, 0xd, 0x80, 0x0, 0xed, 0x7,
    0x30, 0x4c, 0x10, 0x0, 0xaf, 0x30, 0x9f, 0x43,
    0xfd, 0x1d, 0xd0, 0x0, 0x0, 0xe9, 0x6f, 0xe9,
    0xdf, 0x3a, 0xf3, 0x0, 0x0, 0x2, 0xf, 0xff,
    0xff, 0x80, 0x25, 0x0, 0x0, 0x0, 0x40, 0x21,
    0x4f, 0xc0, 0x0, 0x0, 0x0, 0x0, 0x2f, 0x90,
    0x2f, 0xe4, 0x80, 0xbb, 0x0, 0x0, 0xc, 0xf2,
    0x2e, 0xe2, 0x8f, 0x28, 0xf3, 0x0, 0xa, 0xf8,
    0x4e, 0xfc, 0xcf, 0xf8, 0x1f, 0xb0, 0x1, 0xda,
    0x2f, 0xff, 0xff, 0xcf, 0xc0, 0xae, 0x0, 0x1,
    0x0, 0x75, 0x5f, 0xc0, 0xac, 0x1, 0x0, 0x0,
    0x0, 0x0, 0x3, 0xfa, 0x0, 0x0, 0x0, 0x0,
    0x3f, 0xff, 0xff, 0xff, 0xff, 0xff, 0xff, 0xb0,
    0x5, 0xff, 0xff, 0xff, 0xff, 0xff, 0xff, 0xf9,
    0x0, 0x0, 0x0, 0x0, 0x8f, 0x50, 0x0, 0x0,
    0x0, 0x0, 0x0, 0x0, 0xa, 0xf3, 0x0, 0x0,
    0x0, 0x0, 0x0, 0x0, 0x0, 0xbf, 0x20, 0x0,
    0x0, 0x0, 0x0, 0x0, 0x0, 0xd, 0xf0, 0x0,
    0x0, 0x0, 0x0,

    /* U+73AF "环" */
    0x0, 0x0, 0x0, 0x0, 0x0, 0x0, 0x0, 0x0,
    0x0, 0x0, 0xf, 0xff, 0xfd, 0x7f, 0xff, 0xff,
    0xff, 0xf0, 0x0, 0x1d, 0xff, 0xd9, 0x7e, 0xee,
    0xff, 0xee, 0xd0, 0x0, 0x0, 0xcf, 0x10, 0x0,
    0x4, 0xf8, 0x0, 0x0, 0x0, 0x0, 0xef, 0x0,
    0x0, 0x9, 0xf4, 0x0, 0x0, 0x0, 0x0, 0xfd,
    0x0, 0x0, 0xe, 0xf1, 0x0, 0x0, 0x0, 0x1,
    0xfb, 0x0, 0x0, 0x5f, 0xe0, 0x0, 0x0, 0x0,
    0x7c, 0xfe, 0xb1, 0x0, 0xcf, 0xd9, 0xc0, 0x0,
    0x0, 0xcf, 0xff, 0xf0, 0x5, 0xff, 0xca, 0xf3,
    0x0, 0x0, 0x28, 0xf8, 0x20, 0xe, 0xff, 0xa4,
    0xf9, 0x0, 0x0, 0x8, 0xf5, 0x0, 0x9f, 0xcf,
    0x90, 0xfe, 0x0, 0x0, 0xa, 0xf3, 0x5, 0xfd,
    0x6f, 0x80, 0xbf, 0x20, 0x0, 0xb, 0xf1, 0x3f,
    0xf3, 0x7f, 0x60, 0x6f, 0x60, 0x0, 0xd, 0xf0,
    0x4f, 0x70, 0x9f, 0x50, 0x2f, 0xa0, 0x0, 0xf,
    0xf7, 0x45, 0x0, 0xaf, 0x40, 0xf, 0xd0, 0x0,
    0x1f, 0xff, 0xc0, 0x0, 0xbf, 0x20, 0x3, 0x0,
    0x9, 0xff, 0xfa, 0x20, 0x0, 0xdf, 0x10, 0x0,
    0x0, 0xc, 0xf9, 0x20, 0x0, 0x0, 0xef, 0x0,
    0x0, 0x0, 0x2, 0x0, 0x0, 0x0, 0x0, 0xfe,
    0x0, 0x0, 0x0, 0x0, 0x0, 0x0, 0x0, 0x1,
    0xfd, 0x0, 0x0, 0x0, 0x0, 0x0, 0x0, 0x0,
    0x2, 0xfb, 0x0, 0x0, 0x0,

    /* U+73B0 "现" */
    0x0, 0x2f, 0xff, 0xff, 0x4f, 0xff, 0xff, 0xfc,
    0x0, 0x3, 0xef, 0xfe, 0xb6, 0xfe, 0xdd, 0xde,
    0xf4, 0x0, 0x0, 0xaf, 0x0, 0x8f, 0x40, 0x0,
    0x8f, 0x30, 0x0, 0xc, 0xf0, 0xa, 0xf2, 0x23,
    0xa, 0xf1, 0x0, 0x0, 0xdd, 0x0, 0xbf, 0xa,
    0xf2, 0xcf, 0x0, 0x0, 0xf, 0xc0, 0xd, 0xf0,
    0xcf, 0xe, 0xe0, 0x0, 0x0, 0xfb, 0x0, 0xfd,
    0xd, 0xe0, 0xfc, 0x0, 0x1, 0x3f, 0xa1, 0x1f,
    0xb0, 0xfd, 0x1f, 0xa0, 0x0, 0xef, 0xff, 0xf5,
    0xf9, 0x1f, 0xb3, 0xf9, 0x0, 0xc, 0xdf, 0xdc,
    0x5f, 0x83, 0xf9, 0x5f, 0x70, 0x0, 0x7, 0xf4,
    0x5, 0xf6, 0x6f, 0x76, 0xf5, 0x0, 0x0, 0x8f,
    0x30, 0x7f, 0x49, 0xf4, 0x8f, 0x30, 0x0, 0xa,
    0xf1, 0x2, 0x41, 0xdf, 0x2, 0x40, 0x0, 0x0,
    0xcf, 0x0, 0x0, 0x2f, 0xf9, 0x0, 0x0, 0x0,
    0xd, 0xe0, 0x50, 0xa, 0xff, 0xd0, 0x0, 0x0,
    0x0, 0xfe, 0xef, 0x24, 0xfe, 0xfc, 0x4, 0xd5,
    0x1, 0x7f, 0xff, 0x93, 0xef, 0x5f, 0xb0, 0x7f,
    0x42, 0xff, 0xfa, 0x21, 0xdf, 0x91, 0xfc, 0xa,
    0xf1, 0xc, 0x82, 0x3, 0xef, 0xb0, 0xf, 0xe3,
    0xfc, 0x0, 0x0, 0x3, 0xff, 0xa0, 0x0, 0xbf,
    0xff, 0x60, 0x0, 0x0, 0xc, 0x70, 0x0, 0x2,
    0xcf, 0x90, 0x0, 0x0, 0x0, 0x0, 0x0, 0x0,
    0x0, 0x0, 0x0,

    /* U+73ED "班" */
    0x0, 0x0, 0x0, 0x0, 0x0, 0xcd, 0x0, 0x0,
    0x0, 0x0, 0x1, 0x11, 0x11, 0x0, 0xeb, 0x1,
    0x11, 0x10, 0x0, 0x5f, 0xff, 0xf8, 0x0, 0xf9,
    0xbf, 0xff, 0xf0, 0x0, 0x4a, 0xfe, 0xa4, 0x1,
    0xf8, 0xad, 0xfd, 0xc0, 0x0, 0x0, 0xfa, 0x0,
    0x3, 0xf6, 0x7, 0xf5, 0x0, 0x0, 0x2, 0xf9,
    0x2, 0x45, 0xf5, 0x9, 0xf3, 0x0, 0x0, 0x4,
    0xf7, 0x9, 0xf6, 0xf3, 0xb, 0xf1, 0x0, 0x0,
    0x5, 0xf5, 0xb, 0xd8, 0xf1, 0xd, 0xf0, 0x0,
    0x0, 0x39, 0xf7, 0x1c, 0xb9, 0xf0, 0xf, 0xe0,
    0x0, 0x0, 0xff, 0xff, 0x5e, 0xab, 0xe0, 0x1f,
    0xc0, 0x0, 0x0, 0x7d, 0xf7, 0x2f, 0x7d, 0xc8,
    0xff, 0xff, 0x30, 0x0, 0xd, 0xe0, 0x4f, 0x5f,
    0xa8, 0xef, 0xed, 0x10, 0x0, 0xe, 0xc0, 0x8f,
    0x4f, 0x70, 0x6f, 0x60, 0x0, 0x0, 0xf, 0xb0,
    0x6a, 0x7f, 0x40, 0x8f, 0x50, 0x0, 0x0, 0x2f,
    0x90, 0x0, 0xcf, 0x0, 0xaf, 0x30, 0x0, 0x0,
    0x3f, 0xbd, 0x42, 0xfb, 0x0, 0xbf, 0x10, 0x0,
    0x0, 0x5f, 0xff, 0x7a, 0xf5, 0x0, 0xdf, 0x0,
    0x0, 0x8, 0xff, 0xe4, 0x3f, 0xc0, 0x0, 0xfd,
    0x0, 0x0, 0x1f, 0xf8, 0x11, 0xef, 0x40, 0x1,
    0xfc, 0x0, 0x0, 0x5, 0x10, 0x1d, 0xfa, 0x5,
    0xdd, 0xff, 0xd8, 0x0, 0x0, 0x0, 0x2e, 0xc0,
    0x7, 0xff, 0xff, 0xf8, 0x0, 0x0, 0x0, 0x2,
    0x10, 0x0, 0x0, 0x0, 0x0, 0x0,

    /* U+7406 "理" */
    0x0, 0x2f, 0xff, 0xf6, 0xbf, 0xff, 0xff, 0xff,
    0xa0, 0x0, 0x3e, 0xff, 0xe3, 0xdf, 0xde, 0xfe,
    0xdf, 0xf0, 0x0, 0x0, 0xec, 0x0, 0xfd, 0x6,
    0xf4, 0xe, 0xf0, 0x0, 0x0, 0xfb, 0x1, 0xfc,
    0x7, 0xf3, 0xf, 0xd0, 0x0, 0x1, 0xf9, 0x2,
    0xfa, 0x9, 0xf1, 0x1f, 0xb0, 0x0, 0x3, 0xf8,
    0x4, 0xff, 0xff, 0xff, 0xff, 0x90, 0x0, 0x4,
    0xf6, 0x6, 0xfc, 0x9e, 0xf9, 0xbf, 0x80, 0x0,
    0x49, 0xf8, 0x37, 0xf5, 0xe, 0xc0, 0x6f, 0x60,
    0x0, 0xdf, 0xff, 0x89, 0xf3, 0xf, 0xa0, 0x8f,
    0x40, 0x0, 0x5c, 0xf7, 0x2b, 0xfd, 0xcf, 0xec,
    0xef, 0x20, 0x0, 0xb, 0xf0, 0xd, 0xff, 0xff,
    0xff, 0xff, 0x10, 0x0, 0xd, 0xe0, 0x0, 0x11,
    0x7f, 0x71, 0x11, 0x0, 0x0, 0xe, 0xc0, 0x0,
    0x0, 0x8f, 0x50, 0x0, 0x0, 0x0, 0xf, 0xb0,
    0x0, 0x0, 0x9f, 0x40, 0x0, 0x0, 0x0, 0x1f,
    0x90, 0x2f, 0xff, 0xff, 0xff, 0xf9, 0x0, 0x0,
    0x3f, 0xdd, 0x3c, 0xcc, 0xff, 0xcc, 0xc6, 0x0,
    0x0, 0x8f, 0xff, 0x20, 0x0, 0xef, 0x0, 0x0,
    0x0, 0xf, 0xff, 0xa1, 0x0, 0x0, 0xfd, 0x0,
    0x0, 0x0, 0xa, 0x92, 0x0, 0x0, 0x1, 0xfc,
    0x0, 0x0, 0x0, 0x0, 0x0, 0x7, 0xdd, 0xdd,
    0xff, 0xdd, 0xd7, 0x0, 0x0, 0x0, 0xa, 0xff,
    0xff, 0xff, 0xff, 0xf7, 0x0,

    /* U+745E "瑞" */
    0x0, 0x0, 0x0, 0x0, 0x0, 0x1, 0xfd, 0x0,
    0x0, 0x0, 0x1f, 0xff, 0xf8, 0x9f, 0x32, 0xfb,
    0xc, 0xf0, 0x0, 0x2e, 0xff, 0xe6, 0xaf, 0x13,
    0xfa, 0xd, 0xe0, 0x0, 0x0, 0xde, 0x0, 0xcf,
    0x5, 0xf8, 0xf, 0xc0, 0x0, 0x0, 0xed, 0x0,
    0xde, 0x7, 0xf7, 0x1f, 0xb0, 0x0, 0x0, 0xfb,
    0x0, 0xff, 0xff, 0xff, 0xff, 0x90, 0x0, 0x1,
    0xfa, 0x0, 0xbb, 0xbb, 0xbb, 0xbb, 0x50, 0x0,
    0x3, 0xf8, 0x0, 0x0, 0x0, 0x0, 0x0, 0x0,
    0x0, 0x5, 0xf7, 0x9, 0xee, 0xee, 0xee, 0xee,
    0xa0, 0x0, 0xbf, 0xff, 0xbc, 0xff, 0xff, 0xff,
    0xff, 0x90, 0x0, 0xae, 0xfd, 0x80, 0x0, 0x9f,
    0x40, 0x0, 0x0, 0x0, 0x9, 0xf2, 0x1, 0x22,
    0xfe, 0x22, 0x10, 0x0, 0x0, 0xb, 0xf0, 0xc,
    0xff, 0xff, 0xff, 0xfc, 0x0, 0x0, 0xd, 0xf0,
    0xe, 0xec, 0xfb, 0xfd, 0xef, 0x0, 0x0, 0xe,
    0xd0, 0xf, 0xa6, 0xf2, 0xf5, 0xce, 0x0, 0x0,
    0xf, 0xb0, 0x1f, 0x98, 0xe3, 0xf3, 0xdc, 0x0,
    0x0, 0x2f, 0xdd, 0x4f, 0x79, 0xd4, 0xf2, 0xfa,
    0x0, 0x0, 0x7f, 0xff, 0xaf, 0x5b, 0xb6, 0xf1,
    0xf9, 0x0, 0xe, 0xff, 0xc3, 0x6f, 0x4c, 0xa8,
    0xe2, 0xf7, 0x0, 0xa, 0xa3, 0x0, 0x8f, 0x2e,
    0x89, 0xd4, 0xf5, 0x0, 0x0, 0x0, 0x0, 0x9f,
    0x1f, 0x6b, 0xbd, 0xf2, 0x0, 0x0, 0x0, 0x0,
    0xbf, 0x1f, 0x5d, 0xaf, 0xa0, 0x0, 0x0, 0x0,
    0x0, 0x0, 0x0, 0x0, 0x0, 0x0, 0x0,

    /* U+751F "生" */
    0x0, 0x0, 0x0, 0x0, 0x3f, 0xc0, 0x0, 0x0,
    0x0, 0x0, 0x97, 0x0, 0x5f, 0xb0, 0x0, 0x0,
    0x0, 0x1, 0xfe, 0x0, 0x6f, 0x90, 0x0, 0x0,
    0x0, 0x5, 0xfb, 0x0, 0x8f, 0x80, 0x0, 0x0,
    0x0, 0xb, 0xf7, 0x11, 0x9f, 0x71, 0x11, 0x10,
    0x0, 0x1f, 0xff, 0xff, 0xff, 0xff, 0xff, 0xf1,
    0x0, 0x8f, 0xed, 0xdd, 0xff, 0xed, 0xdd, 0xd0,
    0x0, 0xef, 0x30, 0x0, 0xef, 0x20, 0x0, 0x0,
    0x8, 0xfb, 0x0, 0x0, 0xff, 0x0, 0x0, 0x0,
    0x1f, 0xf2, 0x0, 0x1, 0xfe, 0x0, 0x0, 0x0,
    0x6, 0x70, 0x0, 0x3, 0xfc, 0x0, 0x0, 0x0,
    0x0, 0x4e, 0xee, 0xee, 0xff, 0xee, 0xee, 0x30,
    0x0, 0x6f, 0xff, 0xff, 0xff, 0xff, 0xff, 0x20,
    0x0, 0x0, 0x0, 0x8, 0xf8, 0x0, 0x0, 0x0,
    0x0, 0x0, 0x0, 0x9, 0xf6, 0x0, 0x0, 0x0,
    0x0, 0x0, 0x0, 0xb, 0xf5, 0x0, 0x0, 0x0,
    0x0, 0x0, 0x0, 0xc, 0xf3, 0x0, 0x0, 0x0,
    0x0, 0x0, 0x0, 0xd, 0xf2, 0x0, 0x0, 0x0,
    0x0, 0x0, 0x0, 0xf, 0xf1, 0x0, 0x0, 0x0,
    0x0, 0x0, 0x0, 0xf, 0xf0, 0x0, 0x0, 0x0,
    0x6f, 0xff, 0xff, 0xff, 0xff, 0xff, 0xff, 0xd0,
    0x8f, 0xff, 0xff, 0xff, 0xff, 0xff, 0xff, 0xc0,

    /* U+7528 "用" */
    0x0, 0x0, 0x5f, 0xff, 0xff, 0xff, 0xff, 0xfd,
    0x20, 0x0, 0x6, 0xff, 0xff, 0xff, 0xff, 0xff,
    0xf8, 0x0, 0x0, 0x8f, 0x60, 0xa, 0xf4, 0x0,
    0x8f, 0x70, 0x0, 0xa, 0xf5, 0x0, 0xcf, 0x20,
    0xa, 0xf6, 0x0, 0x0, 0xbf, 0x30, 0xe, 0xf0,
    0x0, 0xbf, 0x40, 0x0, 0xd, 0xf2, 0x0, 0xff,
    0x0, 0xd, 0xf2, 0x0, 0x0, 0xff, 0xff, 0xff,
    0xff, 0xff, 0xff, 0x10, 0x0, 0xf, 0xfc, 0xcd,
    0xfe, 0xcc, 0xdf, 0xf0, 0x0, 0x2, 0xfc, 0x0,
    0x5f, 0x90, 0x2, 0xfd, 0x0, 0x0, 0x4f, 0xa0,
    0x7, 0xf7, 0x0, 0x4f, 0xc0, 0x0, 0x7, 0xf7,
    0x0, 0x8f, 0x60, 0x5, 0xfa, 0x0, 0x0, 0x9f,
    0xdc, 0xce, 0xfd, 0xcc, 0xdf, 0x90, 0x0, 0xd,
    0xff, 0xff, 0xff, 0xff, 0xff, 0xf7, 0x0, 0x0,
    0xfe, 0x0, 0xe, 0xf1, 0x0, 0xaf, 0x50, 0x0,
    0x5f, 0x90, 0x0, 0xff, 0x0, 0xc, 0xf4, 0x0,
    0x9, 0xf5, 0x0, 0x1f, 0xd0, 0x0, 0xdf, 0x20,
    0x0, 0xef, 0x0, 0x2, 0xfc, 0x0, 0xf, 0xf0,
    0x0, 0x6f, 0x90, 0x0, 0x4f, 0xa0, 0x1, 0xff,
    0x0, 0xd, 0xf2, 0x0, 0x5, 0xf9, 0xcd, 0x5f,
    0xc0, 0x6, 0xfa, 0x0, 0x0, 0x7f, 0x7c, 0xff,
    0xf7, 0x0, 0x6e, 0x20, 0x0, 0x9, 0xf6, 0x2c,
    0xf9, 0x0, 0x0, 0x0, 0x0, 0x0, 0x0, 0x0,
    0x0, 0x0, 0x0,

    /* U+7535 "电" */
    0x0, 0x0, 0x0, 0x2f, 0xd0, 0x0, 0x0, 0x0,
    0x0, 0x0, 0x3, 0xfc, 0x0, 0x0, 0x0, 0x0,
    0x0, 0x0, 0x5f, 0xb0, 0x0, 0x0, 0x0, 0x7f,
    0xff, 0xff, 0xff, 0xff, 0xfe, 0x40, 0x9, 0xff,
    0xff, 0xff, 0xff, 0xff, 0xfb, 0x0, 0xaf, 0x30,
    0x9, 0xf6, 0x0, 0x4f, 0xb0, 0xc, 0xf1, 0x0,
    0xbf, 0x40, 0x6, 0xf9, 0x0, 0xef, 0x0, 0xc,
    0xf2, 0x0, 0x8f, 0x70, 0xf, 0xff, 0xff, 0xff,
    0xff, 0xff, 0xf6, 0x1, 0xff, 0xff, 0xff, 0xff,
    0xff, 0xff, 0x40, 0x3f, 0xa0, 0x2, 0xfe, 0x0,
    0xc, 0xf3, 0x4, 0xf8, 0x0, 0x3f, 0xc0, 0x0,
    0xef, 0x10, 0x6f, 0x60, 0x5, 0xfa, 0x0, 0xf,
    0xf0, 0x8, 0xfe, 0xdd, 0xef, 0xfd, 0xdd, 0xfe,
    0x0, 0xaf, 0xff, 0xff, 0xff, 0xff, 0xff, 0xc0,
    0xb, 0xf3, 0x22, 0xbf, 0x72, 0x22, 0x21, 0x0,
    0xdf, 0x0, 0xb, 0xf4, 0x0, 0x0, 0x6a, 0x4a,
    0xb0, 0x0, 0xcf, 0x30, 0x0, 0xb, 0xf5, 0x0,
    0x0, 0xc, 0xf5, 0x0, 0x2, 0xff, 0x10, 0x0,
    0x0, 0x9f, 0xd2, 0x4, 0xdf, 0xa0, 0x0, 0x0,
    0x2, 0xff, 0xff, 0xff, 0xd1, 0x0, 0x0, 0x0,
    0x3, 0xbf, 0xfd, 0x70, 0x0,

    /* U+754C "界" */
    0x0, 0x0, 0xbf, 0xff, 0xff, 0xff, 0xff, 0xf8,
    0x0, 0x0, 0xd, 0xfd, 0xdd, 0xff, 0xdd, 0xdf,
    0xe0, 0x0, 0x0, 0xfe, 0x0, 0xd, 0xe0, 0x0,
    0xfd, 0x0, 0x0, 0xf, 0xc0, 0x0, 0xfc, 0x0,
    0x1f, 0xc0, 0x0, 0x2, 0xff, 0xff, 0xff, 0xff,
    0xff, 0xfa, 0x0, 0x0, 0x4f, 0xc8, 0x8a, 0xfc,
    0x88, 0xaf, 0x80, 0x0, 0x5, 0xf7, 0x0, 0x5f,
    0x70, 0x6, 0xf6, 0x0, 0x0, 0x7f, 0xdc, 0xcd,
    0xfd, 0xcc, 0xdf, 0x50, 0x0, 0x9, 0xff, 0xff,
    0xff, 0xff, 0xff, 0xf3, 0x0, 0x0, 0x1, 0x1d,
    0xf6, 0x1b, 0xf6, 0x11, 0x0, 0x0, 0x0, 0x9,
    0xfc, 0x0, 0x3f, 0xe1, 0x0, 0x0, 0x0, 0xa,
    0xff, 0x20, 0x0, 0xaf, 0xc0, 0x0, 0x0, 0x4d,
    0xff, 0xe8, 0x0, 0x7d, 0xff, 0xd2, 0x0, 0xbf,
    0xfc, 0x7f, 0x90, 0xa, 0xf6, 0xcf, 0xf5, 0x9,
    0xd6, 0x8, 0xf6, 0x0, 0xbf, 0x30, 0x7f, 0x20,
    0x10, 0x0, 0xdf, 0x20, 0xd, 0xf2, 0x0, 0x0,
    0x0, 0x0, 0x4f, 0xd0, 0x0, 0xef, 0x0, 0x0,
    0x0, 0x0, 0x1e, 0xf5, 0x0, 0xf, 0xf0, 0x0,
    0x0, 0x0, 0x3e, 0xfa, 0x0, 0x1, 0xfe, 0x0,
    0x0, 0x0, 0x5f, 0xfa, 0x0, 0x0, 0x2f, 0xc0,
    0x0, 0x0, 0x1, 0xe7, 0x0, 0x0, 0x4, 0xfb,
    0x0, 0x0, 0x0, 0x0, 0x0, 0x0, 0x0, 0x0,
    0x0, 0x0, 0x0,

    /* U+7565 "略" */
    0x0, 0x0, 0x0, 0x0, 0x0, 0x0, 0x0, 0x0,
    0x0, 0x0, 0x0, 0x0, 0x0, 0x1, 0xe7, 0x0,
    0x0, 0x0, 0xcf, 0xff, 0xfc, 0x0, 0x6f, 0x80,
    0x0, 0x0, 0xe, 0xff, 0xff, 0xf3, 0xc, 0xf5,
    0x10, 0x0, 0x0, 0xfa, 0x9b, 0x8f, 0x23, 0xff,
    0xff, 0xf7, 0x0, 0x1f, 0x8a, 0x99, 0xf1, 0xbf,
    0xba, 0xbf, 0xb0, 0x3, 0xf7, 0xc8, 0xbf, 0x5f,
    0xf0, 0x7, 0xf5, 0x0, 0x4f, 0x5d, 0x6c, 0xff,
    0xff, 0x31, 0xee, 0x0, 0x6, 0xf4, 0xf5, 0xed,
    0xc7, 0xfc, 0xbf, 0x50, 0x0, 0x7f, 0x3f, 0x3f,
    0xa0, 0x9, 0xff, 0xa0, 0x0, 0x9, 0xfc, 0xfc,
    0xf9, 0x1, 0xcf, 0xf6, 0x0, 0x0, 0xaf, 0xff,
    0xff, 0x88, 0xff, 0xbf, 0xf7, 0x0, 0xc, 0xe6,
    0xe5, 0xff, 0xfe, 0x60, 0x2e, 0xfb, 0x0, 0xdc,
    0x7d, 0x6f, 0x66, 0x0, 0x0, 0x19, 0x80, 0xf,
    0xa9, 0xb8, 0xf2, 0x8c, 0xcc, 0xcb, 0x20, 0x1,
    0xf9, 0xaa, 0x9f, 0xc, 0xff, 0xff, 0xf9, 0x0,
    0x2f, 0x7c, 0x8b, 0xe0, 0xde, 0x0, 0x3f, 0x90,
    0x4, 0xf6, 0xe6, 0xdd, 0xf, 0xc0, 0x4, 0xf7,
    0x0, 0x5f, 0xff, 0xff, 0xb0, 0xfb, 0x0, 0x6f,
    0x60, 0x7, 0xff, 0xff, 0xf9, 0x2f, 0x90, 0x7,
    0xf4, 0x0, 0x8f, 0x10, 0x0, 0x3, 0xf8, 0x0,
    0x9f, 0x30, 0xa, 0xf0, 0x0, 0x0, 0x5f, 0xec,
    0xce, 0xf1, 0x0, 0x12, 0x0, 0x0, 0x6, 0xff,
    0xff, 0xff, 0x0, 0x0,

    /* U+767D "白" */
    0x0, 0x0, 0x0, 0x4, 0x94, 0x0, 0x0, 0x0,
    0x0, 0x0, 0xb, 0xf5, 0x0, 0x0, 0x0, 0x0,
    0x0, 0x2f, 0xe0, 0x0, 0x0, 0x0, 0x7e, 0xee,
    0xff, 0xfe, 0xee, 0xd2, 0x0, 0x9f, 0xff, 0xff,
    0xff, 0xff, 0xf9, 0x0, 0xbf, 0x61, 0x11, 0x11,
    0x17, 0xf9, 0x0, 0xcf, 0x30, 0x0, 0x0, 0x8,
    0xf8, 0x0, 0xef, 0x10, 0x0, 0x0, 0x9, 0xf6,
    0x0, 0xff, 0x0, 0x0, 0x0, 0xb, 0xf4, 0x1,
    0xfe, 0x0, 0x0, 0x0, 0xd, 0xf3, 0x3, 0xfd,
    0x0, 0x0, 0x0, 0xe, 0xf1, 0x4, 0xff, 0xff,
    0xff, 0xff, 0xff, 0xf0, 0x6, 0xff, 0xff, 0xff,
    0xff, 0xff, 0xe0, 0x7, 0xf8, 0x0, 0x0, 0x0,
    0x3f, 0xc0, 0x9, 0xf6, 0x0, 0x0, 0x0, 0x5f,
    0xa0, 0xb, 0xf5, 0x0, 0x0, 0x0, 0x6f, 0x90,
    0xc, 0xf3, 0x0, 0x0, 0x0, 0x8f, 0x70, 0xe,
    0xf2, 0x0, 0x0, 0x0, 0x9f, 0x60, 0xf, 0xf0,
    0x0, 0x0, 0x0, 0xbf, 0x40, 0x1f, 0xf0, 0x0,
    0x0, 0x0, 0xdf, 0x20, 0x3f, 0xff, 0xff, 0xff,
    0xff, 0xff, 0x10, 0x4f, 0xff, 0xff, 0xff, 0xff,
    0xff, 0x0,

    /* U+7684 "的" */
    0x0, 0x0, 0x16, 0x20, 0x0, 0x5, 0x40, 0x0,
    0x0, 0x0, 0x7f, 0x80, 0x0, 0xf, 0xf0, 0x0,
    0x0, 0x0, 0xcf, 0x20, 0x0, 0x5f, 0xa0, 0x0,
    0x0, 0x3, 0xfd, 0x0, 0x0, 0xbf, 0x40, 0x0,
    0x0, 0xff, 0xff, 0xfa, 0x1, 0xff, 0xff, 0xe5,
    0x2, 0xff, 0xdd, 0xff, 0x18, 0xfe, 0xee, 0xfd,
    0x3, 0xf9, 0x0, 0xcf, 0xe, 0xf1, 0x3, 0xfc,
    0x5, 0xf7, 0x0, 0xee, 0x7f, 0x90, 0x5, 0xfa,
    0x6, 0xf6, 0x0, 0xfc, 0x9f, 0x20, 0x6, 0xf9,
    0x8, 0xf4, 0x1, 0xfa, 0x1, 0x0, 0x8, 0xf7,
    0xa, 0xf3, 0x4, 0xf9, 0xb, 0xb0, 0xa, 0xf5,
    0xb, 0xff, 0xff, 0xf7, 0xe, 0xf0, 0xb, 0xf4,
    0xd, 0xfb, 0xbd, 0xf5, 0xa, 0xf4, 0xd, 0xf2,
    0xf, 0xe0, 0x8, 0xf3, 0x7, 0xf7, 0xf, 0xf0,
    0xf, 0xc0, 0xa, 0xf2, 0x5, 0xfa, 0xf, 0xf0,
    0x2f, 0xa0, 0xc, 0xf0, 0x2, 0xc6, 0x2f, 0xd0,
    0x4f, 0x90, 0xe, 0xe0, 0x0, 0x0, 0x4f, 0xb0,
    0x5f, 0x70, 0xf, 0xc0, 0x0, 0x0, 0x5f, 0xa0,
    0x7f, 0xff, 0xff, 0xb0, 0xab, 0x0, 0x8f, 0x70,
    0x8f, 0xdd, 0xdd, 0x70, 0xef, 0x31, 0xdf, 0x40,
    0xaf, 0x20, 0x0, 0x0, 0x8f, 0xff, 0xfc, 0x0,
    0xcf, 0x10, 0x0, 0x0, 0x8, 0xef, 0xa1, 0x0,

    /* U+76CA "益" */
    0x0, 0x0, 0x0, 0x40, 0x0, 0x0, 0x4, 0x10,
    0x0, 0x0, 0x0, 0xbf, 0x40, 0x0, 0x1, 0xfe,
    0x0, 0x0, 0x0, 0x4, 0xfc, 0x0, 0x0, 0x9f,
    0x70, 0x0, 0x0, 0x0, 0xd, 0xf2, 0x0, 0x3f,
    0xd0, 0x0, 0x0, 0x0, 0x0, 0x66, 0x10, 0xc,
    0xf5, 0x0, 0x0, 0x3, 0xff, 0xff, 0xff, 0xff,
    0xff, 0xff, 0xff, 0x0, 0x4e, 0xee, 0xee, 0xee,
    0xee, 0xee, 0xee, 0xc0, 0x0, 0x0, 0x4, 0x40,
    0x0, 0x32, 0x0, 0x0, 0x0, 0x0, 0x6, 0xff,
    0x10, 0x1e, 0xf5, 0x0, 0x0, 0x0, 0x9, 0xff,
    0x70, 0x0, 0x8f, 0xf8, 0x0, 0x0, 0x5e, 0xff,
    0x50, 0x0, 0x0, 0x5f, 0xf9, 0x0, 0x8, 0xfb,
    0x20, 0x0, 0x0, 0x0, 0x3e, 0xf3, 0x0, 0x15,
    0x11, 0x11, 0x11, 0x11, 0x10, 0x35, 0x0, 0x0,
    0x9f, 0xff, 0xff, 0xff, 0xff, 0xfb, 0x0, 0x0,
    0xa, 0xfc, 0xcf, 0xdb, 0xfe, 0xbe, 0xf1, 0x0,
    0x0, 0xcf, 0x16, 0xf6, 0x2f, 0xa0, 0xdf, 0x0,
    0x0, 0xd, 0xf0, 0x8f, 0x44, 0xf8, 0xe, 0xe0,
    0x0, 0x0, 0xfe, 0x9, 0xf3, 0x6f, 0x60, 0xfd,
    0x0, 0x0, 0x1f, 0xd0, 0xbf, 0x17, 0xf5, 0x1f,
    0xb0, 0x0, 0x2, 0xfb, 0xd, 0xf0, 0x9f, 0x33,
    0xf9, 0x0, 0xd, 0xef, 0xfd, 0xff, 0xdf, 0xfd,
    0xef, 0xed, 0x21, 0xff, 0xff, 0xff, 0xff, 0xff,
    0xff, 0xff, 0xf1,

    /* U+76D1 "监" */
    0x0, 0x0, 0x0, 0xe, 0xf0, 0x4, 0xa5, 0x0,
    0x0, 0x0, 0x8, 0xf5, 0xf, 0xd0, 0x9, 0xf6,
    0x0, 0x0, 0x0, 0x9, 0xf3, 0x2f, 0xc0, 0xd,
    0xf3, 0x0, 0x0, 0x0, 0xb, 0xf1, 0x3f, 0xa0,
    0x1f, 0xfe, 0xee, 0xe2, 0x0, 0xd, 0xf0, 0x5f,
    0x80, 0x7f, 0xff, 0xff, 0xf1, 0x0, 0xe, 0xe0,
    0x7f, 0x70, 0xdf, 0x50, 0x0, 0x0, 0x0, 0xf,
    0xc0, 0x8f, 0x54, 0xfe, 0x5d, 0x40, 0x0, 0x0,
    0x2f, 0xa0, 0xaf, 0x3d, 0xf6, 0x4f, 0xb0, 0x0,
    0x0, 0x3f, 0x90, 0xcf, 0x3d, 0xc0, 0xd, 0xf1,
    0x0, 0x0, 0x3c, 0x50, 0xdf, 0x0, 0x20, 0x7,
    0xf7, 0x0, 0x0, 0x0, 0x0, 0xfe, 0x0, 0x0,
    0x2, 0xb4, 0x0, 0x0, 0x0, 0x0, 0x0, 0x0,
    0x0, 0x0, 0x0, 0x0, 0x0, 0x1, 0x11, 0x11,
    0x11, 0x11, 0x10, 0x0, 0x0, 0x0, 0x2f, 0xff,
    0xff, 0xff, 0xff, 0xff, 0xa0, 0x0, 0x0, 0x4f,
    0xfe, 0xff, 0xee, 0xfe, 0xef, 0xf0, 0x0, 0x0,
    0x5f, 0x80, 0xcf, 0x6, 0xf4, 0xf, 0xe0, 0x0,
    0x0, 0x7f, 0x70, 0xed, 0x8, 0xf3, 0x1f, 0xc0,
    0x0, 0x0, 0x9f, 0x50, 0xfb, 0x9, 0xf1, 0x3f,
    0xb0, 0x0, 0x0, 0xaf, 0x41, 0xfa, 0xb, 0xf0,
    0x4f, 0x90, 0x0, 0x0, 0xcf, 0x23, 0xf8, 0xd,
    0xe0, 0x6f, 0x70, 0x0, 0x1e, 0xff, 0xee, 0xff,
    0xef, 0xfe, 0xff, 0xe9, 0x0, 0x2f, 0xff, 0xff,
    0xff, 0xff, 0xff, 0xff, 0xf9, 0x0,

    /* U+76D6 "盖" */
    0x0, 0x0, 0x0, 0x59, 0x10, 0x0, 0x67, 0x10,
    0x0, 0x0, 0x0, 0xa, 0xf4, 0x0, 0xe, 0xf1,
    0x0, 0x0, 0x3, 0xaa, 0xcf, 0xca, 0xab, 0xfe,
    0xaa, 0x40, 0x0, 0x6f, 0xff, 0xff, 0xff, 0xff,
    0xff, 0xf5, 0x0, 0x1, 0x33, 0x33, 0x3f, 0xd3,
    0x33, 0x33, 0x0, 0x0, 0x0, 0x0, 0x2, 0xfb,
    0x0, 0x0, 0x0, 0x0, 0x0, 0xcc, 0xcc, 0xdf,
    0xec, 0xcc, 0xc4, 0x0, 0x0, 0x1f, 0xff, 0xff,
    0xff, 0xff, 0xff, 0x30, 0x0, 0x0, 0x0, 0x0,
    0x7f, 0x70, 0x0, 0x0, 0x0, 0x0, 0x0, 0x0,
    0x8, 0xf5, 0x0, 0x0, 0x0, 0x0, 0x8c, 0xcc,
    0xcc, 0xef, 0xdc, 0xcc, 0xcc, 0x20, 0xc, 0xff,
    0xff, 0xff, 0xff, 0xff, 0xff, 0xf1, 0x0, 0x0,
    0x0, 0x0, 0x0, 0x0, 0x0, 0x0, 0x0, 0x0,
    0xbb, 0xbb, 0xbb, 0xbb, 0xbb, 0xa3, 0x0, 0x0,
    0x2f, 0xff, 0xff, 0xff, 0xff, 0xff, 0xd0, 0x0,
    0x4, 0xfb, 0x4c, 0xf4, 0x9f, 0x74, 0xfe, 0x0,
    0x0, 0x5f, 0x80, 0xde, 0x8, 0xf3, 0x2f, 0xc0,
    0x0, 0x7, 0xf7, 0xe, 0xc0, 0x9f, 0x13, 0xfa,
    0x0, 0x0, 0x8f, 0x50, 0xfb, 0xb, 0xf0, 0x4f,
    0x90, 0x0, 0xa, 0xf4, 0x1f, 0x90, 0xce, 0x6,
    0xf7, 0x0, 0xe, 0xff, 0xee, 0xff, 0xef, 0xfe,
    0xff, 0xea, 0x1, 0xff, 0xff, 0xff, 0xff, 0xff,
    0xff, 0xff, 0xa0,

    /* U+76D8 "盘" */
    0x0, 0x0, 0x0, 0x0, 0x3, 0x51, 0x0, 0x0,
    0x0, 0x0, 0x0, 0x0, 0x0, 0xaf, 0x40, 0x0,
    0x0, 0x0, 0x0, 0x4, 0xff, 0xff, 0xff, 0xff,
    0xd3, 0x0, 0x0, 0x0, 0x6f, 0xed, 0xdd, 0xdd,
    0xdf, 0x90, 0x0, 0x0, 0x8, 0xf6, 0x3b, 0x30,
    0x5, 0xf8, 0x0, 0x0, 0x0, 0xaf, 0x42, 0xbf,
    0x90, 0x7f, 0x70, 0x0, 0x0, 0xc, 0xf2, 0x0,
    0x44, 0x8, 0xf5, 0x0, 0x2, 0xcc, 0xff, 0xcc,
    0xcc, 0xcc, 0xef, 0xd9, 0x0, 0x4f, 0xff, 0xff,
    0xff, 0xff, 0xff, 0xff, 0xa0, 0x0, 0x9, 0xf6,
    0x7, 0x10, 0x0, 0xdf, 0x0, 0x0, 0x2, 0xff,
    0x13, 0xff, 0x60, 0xf, 0xe0, 0x0, 0x0, 0xcf,
    0x70, 0x1, 0xbd, 0x59, 0xfb, 0x0, 0x0, 0x9f,
    0xb0, 0x0, 0x0, 0x1c, 0xff, 0x40, 0x0, 0x0,
    0x80, 0x0, 0x0, 0x0, 0x56, 0x20, 0x0, 0x0,
    0x5e, 0xee, 0xee, 0xee, 0xee, 0xed, 0x60, 0x0,
    0x7, 0xff, 0xff, 0xff, 0xff, 0xff, 0xfe, 0x0,
    0x0, 0x8f, 0x60, 0xfc, 0x8, 0xf3, 0x1f, 0xd0,
    0x0, 0xa, 0xf4, 0xf, 0xa0, 0x9f, 0x12, 0xfb,
    0x0, 0x0, 0xbf, 0x22, 0xf9, 0xb, 0xf0, 0x3f,
    0xa0, 0x0, 0xd, 0xf1, 0x3f, 0x70, 0xde, 0x5,
    0xf8, 0x0, 0x1e, 0xff, 0xee, 0xff, 0xef, 0xfe,
    0xef, 0xf9, 0x2, 0xff, 0xff, 0xff, 0xff, 0xff,
    0xff, 0xff, 0x90,

    /* U+76EE "目" */
    0x0, 0x6f, 0xff, 0xff, 0xff, 0xff, 0xe5, 0x0,
    0x7f, 0xff, 0xff, 0xff, 0xff, 0xfd, 0x0, 0x9f,
    0x60, 0x0, 0x0, 0x2, 0xfd, 0x0, 0xbf, 0x50,
    0x0, 0x0, 0x4, 0xfc, 0x0, 0xcf, 0x30, 0x0,
    0x0, 0x5, 0xfa, 0x0, 0xef, 0x20, 0x0, 0x0,
    0x7, 0xf9, 0x0, 0xff, 0xdd, 0xdd, 0xdd, 0xde,
    0xf7, 0x1, 0xff, 0xff, 0xff, 0xff, 0xff, 0xf5,
    0x2, 0xfd, 0x11, 0x11, 0x11, 0x1c, 0xf4, 0x4,
    0xfb, 0x0, 0x0, 0x0, 0xe, 0xf2, 0x6, 0xf9,
    0x0, 0x0, 0x0, 0xf, 0xf1, 0x7, 0xf8, 0x0,
    0x0, 0x0, 0x1f, 0xf0, 0x9, 0xfe, 0xdd, 0xdd,
    0xdd, 0xdf, 0xd0, 0xa, 0xff, 0xff, 0xff, 0xff,
    0xff, 0xc0, 0xc, 0xf4, 0x0, 0x0, 0x0, 0x7f,
    0xa0, 0xd, 0xf2, 0x0, 0x0, 0x0, 0x8f, 0x90,
    0xf, 0xf0, 0x0, 0x0, 0x0, 0x9f, 0x70, 0x1f,
    0xf0, 0x0, 0x0, 0x0, 0xaf, 0x50, 0x2f, 0xe0,
    0x0, 0x0, 0x0, 0xcf, 0x40, 0x4f, 0xff, 0xff,
    0xff, 0xff, 0xff, 0x20, 0x5f, 0xff, 0xff, 0xff,
    0xff, 0xff, 0x10,

    /* U+76F4 "直" */
    0x0, 0x0, 0x0, 0x0, 0x7f, 0x80, 0x0, 0x0,
    0x0, 0x0, 0x0, 0x0, 0xaf, 0x50, 0x0, 0x0,
    0x0, 0x8f, 0xff, 0xff, 0xff, 0xff, 0xff, 0xfe,
    0x0, 0x9e, 0xee, 0xee, 0xff, 0xee, 0xee, 0xec,
    0x0, 0x0, 0x0, 0x4, 0xfb, 0x0, 0x0, 0x0,
    0x0, 0x0, 0x22, 0x28, 0xf9, 0x22, 0x10, 0x0,
    0x0, 0x7, 0xff, 0xff, 0xff, 0xff, 0xf9, 0x0,
    0x0, 0x9, 0xfc, 0xaa, 0xaa, 0xab, 0xfd, 0x0,
    0x0, 0xb, 0xf2, 0x0, 0x0, 0x2, 0xfb, 0x0,
    0x0, 0xc, 0xfc, 0xcc, 0xcc, 0xcd, 0xfa, 0x0,
    0x0, 0xe, 0xff, 0xff, 0xff, 0xff, 0xf8, 0x0,
    0x0, 0xf, 0xd0, 0x0, 0x0, 0x7, 0xf6, 0x0,
    0x0, 0x2f, 0xc1, 0x11, 0x11, 0x19, 0xf4, 0x0,
    0x0, 0x3f, 0xff, 0xff, 0xff, 0xff, 0xf3, 0x0,
    0x0, 0x5f, 0xda, 0xaa, 0xaa, 0xae, 0xf1, 0x0,
    0x0, 0x7f, 0x60, 0x0, 0x0, 0xe, 0xf0, 0x0,
    0x0, 0x8f, 0xca, 0xaa, 0xaa, 0xaf, 0xd0, 0x0,
    0x0, 0xaf, 0xff, 0xff, 0xff, 0xff, 0xc0, 0x0,
    0x0, 0xcf, 0x10, 0x0, 0x0, 0x4f, 0xa0, 0x0,
    0x0, 0xdf, 0x0, 0x0, 0x0, 0x5f, 0x80, 0x0,
    0x7d, 0xff, 0xdd, 0xdd, 0xdd, 0xef, 0xed, 0x30,
    0xbf, 0xff, 0xff, 0xff, 0xff, 0xff, 0xff, 0x20,

    /* U+76F8 "相" */
    0x0, 0x0, 0xa, 0xf2, 0x0, 0x0, 0x0, 0x0,
    0x0, 0x0, 0x0, 0xc, 0xf1, 0xb, 0xff, 0xff,
    0xff, 0xa0, 0x0, 0x0, 0xd, 0xf0, 0xd, 0xff,
    0xff, 0xff, 0xf1, 0x0, 0x0, 0xf, 0xe0, 0xe,
    0xf0, 0x0, 0xc, 0xf1, 0x0, 0x24, 0x4f, 0xd4,
    0x2f, 0xd0, 0x0, 0xe, 0xf0, 0x0, 0x9f, 0xff,
    0xff, 0x8f, 0xc0, 0x0, 0xf, 0xe0, 0x0, 0x6a,
    0xff, 0xc9, 0x6f, 0xa0, 0x0, 0x1f, 0xc0, 0x0,
    0x7, 0xff, 0x70, 0x5f, 0xec, 0xcc, 0xdf, 0xa0,
    0x0, 0xb, 0xff, 0xc0, 0x6f, 0xff, 0xff, 0xff,
    0x90, 0x0, 0xf, 0xff, 0xfc, 0x9f, 0x60, 0x0,
    0x7f, 0x70, 0x0, 0x4f, 0xef, 0xdf, 0xff, 0x40,
    0x0, 0x8f, 0x50, 0x0, 0x9f, 0xcf, 0x19, 0xbf,
    0x20, 0x0, 0xaf, 0x40, 0x0, 0xea, 0xef, 0x0,
    0xdf, 0x0, 0x0, 0xcf, 0x20, 0x5, 0xf6, 0xfd,
    0x0, 0xef, 0xcc, 0xcc, 0xff, 0x10, 0xb, 0xf2,
    0xfb, 0x0, 0xff, 0xff, 0xff, 0xff, 0x0, 0x2f,
    0xa3, 0xfa, 0x2, 0xfc, 0x11, 0x12, 0xfd, 0x0,
    0x6f, 0x44, 0xf8, 0x3, 0xfa, 0x0, 0x2, 0xfc,
    0x0, 0x3, 0x6, 0xf7, 0x5, 0xf9, 0x0, 0x3,
    0xfa, 0x0, 0x0, 0x8, 0xf5, 0x6, 0xf7, 0x0,
    0x5, 0xf9, 0x0, 0x0, 0x9, 0xf3, 0x8, 0xf6,
    0x0, 0x6, 0xf7, 0x0, 0x0, 0xb, 0xf2, 0x9,
    0xff, 0xff, 0xff, 0xf5, 0x0, 0x0, 0xc, 0xf0,
    0xb, 0xff, 0xff, 0xff, 0xf4, 0x0, 0x0, 0x2,
    0x20, 0x0, 0x0, 0x0, 0x0, 0x0, 0x0,

    /* U+770B "看" */
    0x0, 0x0, 0x1, 0x22, 0x34, 0x57, 0x8a, 0xb7,
    0x0, 0x2f, 0xff, 0xff, 0xff, 0xff, 0xff, 0xf9,
    0x0, 0x1c, 0xcb, 0xad, 0xfb, 0x64, 0x31, 0x0,
    0x0, 0x0, 0x0, 0xc, 0xf3, 0x0, 0x0, 0x0,
    0x0, 0x7, 0xaa, 0xaf, 0xfa, 0xaa, 0xaa, 0x90,
    0x0, 0xc, 0xff, 0xff, 0xff, 0xff, 0xff, 0xd0,
    0x0, 0x0, 0x1, 0xef, 0x20, 0x0, 0x0, 0x0,
    0x1, 0xaa, 0xac, 0xfe, 0xaa, 0xaa, 0xaa, 0xa6,
    0x4, 0xff, 0xff, 0xff, 0xff, 0xff, 0xff, 0xf8,
    0x0, 0x1, 0xdf, 0x40, 0x0, 0x0, 0x0, 0x0,
    0x0, 0xb, 0xfe, 0x99, 0x99, 0x99, 0x96, 0x0,
    0x0, 0xaf, 0xff, 0xff, 0xff, 0xff, 0xff, 0x30,
    0xb, 0xfe, 0xfc, 0x11, 0x11, 0x11, 0xbf, 0x40,
    0x1f, 0xd5, 0xfd, 0x77, 0x77, 0x77, 0xdf, 0x20,
    0x6, 0x15, 0xff, 0xff, 0xff, 0xff, 0xff, 0x10,
    0x0, 0x7, 0xf7, 0x0, 0x0, 0x0, 0xff, 0x0,
    0x0, 0x8, 0xfb, 0x77, 0x77, 0x78, 0xfe, 0x0,
    0x0, 0xa, 0xff, 0xff, 0xff, 0xff, 0xfc, 0x0,
    0x0, 0xb, 0xf3, 0x0, 0x0, 0x4, 0xfb, 0x0,
    0x0, 0xd, 0xf1, 0x0, 0x0, 0x5, 0xf9, 0x0,
    0x0, 0xe, 0xfb, 0xbb, 0xbb, 0xbc, 0xf8, 0x0,
    0x0, 0xf, 0xff, 0xff, 0xff, 0xff, 0xf6, 0x0,

    /* U+771F "真" */
    0x0, 0x0, 0x0, 0x0, 0xaf, 0x20, 0x0, 0x0,
    0x0, 0x0, 0x0, 0x0, 0xbf, 0x10, 0x0, 0x0,
    0x0, 0x7f, 0xff, 0xff, 0xff, 0xff, 0xff, 0xfb,
    0x0, 0x6b, 0xbb, 0xbb, 0xff, 0xbb, 0xbb, 0xb7,
    0x0, 0x0, 0x0, 0x0, 0xfc, 0x0, 0x0, 0x0,
    0x0, 0x5, 0xff, 0xff, 0xff, 0xff, 0xfb, 0x0,
    0x0, 0x7, 0xfc, 0xaa, 0xaa, 0xaa, 0xef, 0x20,
    0x0, 0x9, 0xf5, 0x11, 0x11, 0x11, 0xdf, 0x0,
    0x0, 0xb, 0xff, 0xff, 0xff, 0xff, 0xff, 0x0,
    0x0, 0xc, 0xf5, 0x55, 0x55, 0x55, 0xfd, 0x0,
    0x0, 0xe, 0xf7, 0x77, 0x77, 0x78, 0xfb, 0x0,
    0x0, 0xf, 0xff, 0xff, 0xff, 0xff, 0xfa, 0x0,
    0x0, 0x1f, 0xc0, 0x0, 0x0, 0x5, 0xf8, 0x0,
    0x0, 0x3f, 0xff, 0xff, 0xff, 0xff, 0xf6, 0x0,
    0x0, 0x4f, 0xb7, 0x77, 0x77, 0x7c, 0xf5, 0x0,
    0x0, 0x6f, 0x70, 0x0, 0x0, 0xa, 0xf4, 0x0,
    0x4f, 0xff, 0xff, 0xff, 0xff, 0xff, 0xff, 0xa0,
    0x3a, 0xaa, 0xaa, 0xaa, 0xaa, 0xaa, 0xaa, 0x50,
    0x0, 0x0, 0x67, 0x0, 0x4, 0x50, 0x0, 0x0,
    0x0, 0x5d, 0xfd, 0x0, 0xd, 0xfc, 0x30, 0x0,
    0x3e, 0xff, 0x70, 0x0, 0x0, 0x8f, 0xfc, 0x10,
    0xb, 0x70, 0x0, 0x0, 0x0, 0x1, 0x9b, 0x0,
    0x0, 0x0, 0x0, 0x0, 0x0, 0x0, 0x0, 0x0,

    /* U+77AC "瞬" */
    0x0, 0x0, 0x0, 0x0, 0x12, 0x34, 0x68, 0x9b,
    0x0, 0x1, 0x11, 0x2, 0xff, 0xff, 0xff, 0xff,
    0xf1, 0x0, 0xbf, 0xff, 0x2f, 0xff, 0xff, 0xdc,
    0xa8, 0x10, 0xc, 0xec, 0xf4, 0x43, 0x22, 0x20,
    0x15, 0x0, 0x0, 0xeb, 0x5f, 0x37, 0xe0, 0xcc,
    0x7, 0xf1, 0x0, 0xf, 0x97, 0xf3, 0x8f, 0x69,
    0xf5, 0xeb, 0x0, 0x1, 0xf7, 0x9f, 0x7f, 0xff,
    0xff, 0xff, 0xfa, 0x0, 0x3f, 0xff, 0xe8, 0xf5,
    0x33, 0x33, 0x4f, 0xb0, 0x4, 0xfb, 0xfc, 0xaf,
    0x80, 0x0, 0x6, 0xf9, 0x0, 0x6f, 0x2e, 0xa1,
    0xcb, 0x0, 0x0, 0xf8, 0x0, 0x8, 0xf1, 0xf8,
    0x1f, 0xeb, 0x27, 0x8f, 0xb3, 0x0, 0x9e, 0x2f,
    0x76, 0xfd, 0xf9, 0xff, 0xff, 0x60, 0xb, 0xff,
    0xf5, 0xdb, 0x3f, 0x52, 0x7f, 0x40, 0x0, 0xce,
    0xcf, 0xaf, 0xa7, 0xf6, 0xa7, 0xf0, 0x0, 0xe,
    0x97, 0xff, 0xdf, 0xed, 0x8d, 0x8e, 0x0, 0x0,
    0xf8, 0x8f, 0x63, 0xaf, 0x8b, 0xaa, 0xd0, 0x0,
    0x1f, 0x6a, 0xe0, 0xa, 0xf2, 0xed, 0xee, 0xa0,
    0x3, 0xfd, 0xfc, 0x2, 0xfb, 0x1f, 0xff, 0xfd,
    0x0, 0x4f, 0xff, 0xa0, 0xaf, 0x20, 0x0, 0xf8,
    0x0, 0x6, 0xf2, 0x0, 0x5f, 0x90, 0x0, 0x1f,
    0x60, 0x0, 0x8f, 0x0, 0x2e, 0xd0, 0x0, 0x3,
    0xf5, 0x0, 0x9, 0xf0, 0x3, 0xd2, 0x0, 0x0,
    0x4f, 0x30, 0x0, 0x0, 0x0, 0x0, 0x0, 0x0,
    0x0, 0x0, 0x0, 0x0,

    /* U+77E5 "知" */
    0x0, 0x0, 0x42, 0x0, 0x0, 0x0, 0x0, 0x0,
    0x0, 0x0, 0x0, 0xfc, 0x0, 0x0, 0x0, 0x0,
    0x0, 0x0, 0x0, 0x3, 0xf9, 0x0, 0x0, 0x5e,
    0xee, 0xed, 0x70, 0x0, 0x7, 0xff, 0xff, 0xf5,
    0x7f, 0xff, 0xff, 0xf0, 0x0, 0xc, 0xfe, 0xfd,
    0xd3, 0x9f, 0x60, 0x1f, 0xf0, 0x0, 0x1f, 0xa9,
    0xf3, 0x0, 0xaf, 0x40, 0x1f, 0xd0, 0x0, 0x7f,
    0x4b, 0xf1, 0x0, 0xcf, 0x20, 0x3f, 0xb0, 0x0,
    0xed, 0xc, 0xf0, 0x0, 0xef, 0x10, 0x5f, 0x90,
    0x0, 0x24, 0xe, 0xf0, 0x0, 0xff, 0x0, 0x7f,
    0x80, 0x0, 0x0, 0xf, 0xd0, 0x1, 0xfd, 0x0,
    0x8f, 0x60, 0x0, 0xff, 0xff, 0xff, 0xf3, 0xfc,
    0x0, 0xaf, 0x40, 0x0, 0xdd, 0xef, 0xed, 0xb4,
    0xfa, 0x0, 0xcf, 0x30, 0x0, 0x0, 0x8f, 0x60,
    0x6, 0xf8, 0x0, 0xdf, 0x10, 0x0, 0x0, 0xcf,
    0x30, 0x7, 0xf7, 0x0, 0xff, 0x0, 0x0, 0x1,
    0xff, 0x80, 0x9, 0xf5, 0x1, 0xfd, 0x0, 0x0,
    0x6, 0xff, 0xf0, 0xb, 0xf3, 0x2, 0xfc, 0x0,
    0x0, 0xc, 0xfa, 0xf6, 0xc, 0xf2, 0x4, 0xfa,
    0x0, 0x0, 0x4f, 0xe0, 0xed, 0xe, 0xf0, 0x6,
    0xf8, 0x0, 0x0, 0xdf, 0x60, 0x9f, 0x4f, 0xe0,
    0x8, 0xf7, 0x0, 0x8, 0xfd, 0x0, 0x3a, 0x3f,
    0xff, 0xff, 0xf5, 0x0, 0x4f, 0xf3, 0x0, 0x0,
    0x3e, 0xee, 0xee, 0xe3, 0x0, 0x1d, 0x70, 0x0,
    0x0, 0x0, 0x0, 0x0, 0x0, 0x0, 0x0, 0x0,
    0x0, 0x0, 0x0, 0x0, 0x0, 0x0, 0x0,

    /* U+77ED "短" */
    0x0, 0x3, 0x81, 0x0, 0x0, 0x0, 0x0, 0x0,
    0x0, 0x0, 0x8, 0xf2, 0x0, 0xd, 0xff, 0xff,
    0xff, 0xf7, 0x0, 0xb, 0xf0, 0x0, 0xd, 0xee,
    0xee, 0xee, 0xe5, 0x0, 0xe, 0xff, 0xff, 0x70,
    0x0, 0x0, 0x0, 0x0, 0x0, 0x2f, 0xff, 0xff,
    0x50, 0x0, 0x0, 0x0, 0x0, 0x0, 0x7f, 0x7f,
    0x90, 0x8, 0xee, 0xee, 0xec, 0x30, 0x0, 0xcf,
    0x5f, 0x70, 0xa, 0xff, 0xff, 0xff, 0x90, 0x0,
    0xea, 0x7f, 0x50, 0xc, 0xf1, 0x0, 0x4f, 0x80,
    0x0, 0x1, 0x8f, 0x30, 0xe, 0xf0, 0x0, 0x6f,
    0x70, 0x0, 0x55, 0xcf, 0x64, 0xf, 0xd0, 0x0,
    0x8f, 0x50, 0x1, 0xff, 0xff, 0xfb, 0x1f, 0xea,
    0xaa, 0xef, 0x30, 0x1, 0x88, 0xfe, 0x85, 0x3f,
    0xff, 0xff, 0xff, 0x10, 0x0, 0x2, 0xfa, 0x0,
    0x13, 0x33, 0x33, 0x33, 0x0, 0x0, 0x5, 0xfd,
    0x0, 0x28, 0x30, 0x0, 0x40, 0x0, 0x0, 0x9,
    0xff, 0x30, 0x5f, 0x80, 0x4, 0xf9, 0x0, 0x0,
    0xd, 0xff, 0x90, 0xf, 0xc0, 0x9, 0xf5, 0x0,
    0x0, 0x2f, 0xbc, 0xf0, 0xc, 0xf0, 0xe, 0xf0,
    0x0, 0x0, 0x9f, 0x67, 0xf5, 0x9, 0xf2, 0x4f,
    0xa0, 0x0, 0x1, 0xff, 0x2, 0xf9, 0x7, 0xe2,
    0xaf, 0x30, 0x0, 0xa, 0xf8, 0x0, 0x60, 0x1,
    0x1, 0xfc, 0x0, 0x0, 0x5f, 0xe0, 0x0, 0xb,
    0xee, 0xef, 0xff, 0xe8, 0x0, 0x3f, 0x50, 0x0,
    0xd, 0xff, 0xff, 0xff, 0xf8, 0x0, 0x1, 0x0,
    0x0, 0x0, 0x0, 0x0, 0x0, 0x0, 0x0,

    /* U+7801 "码" */
    0x0, 0xbf, 0xff, 0xfb, 0xaf, 0xff, 0xff, 0x90,
    0x0, 0xdf, 0xff, 0xfa, 0xad, 0xdd, 0xdf, 0xf0,
    0x0, 0x5, 0xf7, 0x0, 0x0, 0x0, 0x1f, 0xd0,
    0x0, 0xa, 0xf2, 0x0, 0x2b, 0x50, 0x4f, 0xa0,
    0x0, 0xf, 0xe0, 0x0, 0x6f, 0x50, 0x6f, 0x80,
    0x0, 0x5f, 0x80, 0x0, 0x9f, 0x20, 0x9f, 0x50,
    0x0, 0xcf, 0x20, 0x0, 0xcf, 0x0, 0xcf, 0x20,
    0x3, 0xff, 0x87, 0x10, 0xfc, 0x0, 0xef, 0x0,
    0xb, 0xff, 0xff, 0xa3, 0xf9, 0x1, 0xfd, 0x0,
    0xd, 0xfc, 0x3f, 0xa6, 0xff, 0xff, 0xff, 0xd1,
    0x1, 0xfb, 0x3f, 0x87, 0xdd, 0xdd, 0xde, 0xf4,
    0x2, 0xf9, 0x5f, 0x60, 0x0, 0x0, 0xa, 0xf3,
    0x4, 0xf7, 0x7f, 0x50, 0x0, 0x0, 0xc, 0xf1,
    0x6, 0xf5, 0x9f, 0x3f, 0xff, 0xff, 0x5e, 0xf0,
    0x8, 0xf4, 0xaf, 0x2a, 0xaa, 0xaa, 0x2f, 0xe0,
    0xa, 0xf2, 0xcf, 0x0, 0x0, 0x0, 0x1f, 0xc0,
    0xb, 0xf9, 0xed, 0x0, 0x12, 0x0, 0x3f, 0xa0,
    0xd, 0xff, 0xfc, 0x5, 0xfa, 0x0, 0x6f, 0x70,
    0xf, 0xd0, 0x0, 0x2, 0xff, 0x42, 0xdf, 0x30,
    0x3, 0x20, 0x0, 0x0, 0x9f, 0xff, 0xfc, 0x0,
    0x0, 0x0, 0x0, 0x0, 0x9, 0xee, 0xa1, 0x0,

    /* U+786C "硬" */
    0x0, 0xdf, 0xff, 0xf7, 0xff, 0xff, 0xff, 0xff,
    0x60, 0xd, 0xff, 0xff, 0x7e, 0xee, 0xff, 0xee,
    0xe4, 0x0, 0x8, 0xf3, 0x0, 0x0, 0xf, 0x90,
    0x0, 0x0, 0x0, 0xee, 0x0, 0x0, 0x1, 0xf7,
    0x0, 0x0, 0x0, 0x3f, 0xa0, 0x4, 0xff, 0xff,
    0xff, 0xe2, 0x0, 0x8, 0xf4, 0x0, 0x6f, 0xcc,
    0xfc, 0xcf, 0x60, 0x0, 0xee, 0x0, 0x8, 0xf2,
    0x6f, 0x35, 0xf5, 0x0, 0x6f, 0xeb, 0xa0, 0xaf,
    0x8c, 0xf8, 0xbf, 0x30, 0xd, 0xfe, 0xef, 0x4b,
    0xff, 0xff, 0xff, 0xf1, 0x0, 0x7f, 0xa7, 0xf3,
    0xdc, 0x1b, 0xe1, 0xbf, 0x0, 0x2, 0xf8, 0x9f,
    0x1f, 0xa0, 0xcc, 0xc, 0xe0, 0x0, 0x4f, 0x6b,
    0xf1, 0xfe, 0xbf, 0xeb, 0xfc, 0x0, 0x6, 0xf5,
    0xce, 0x2f, 0xff, 0xff, 0xff, 0xa0, 0x0, 0x7f,
    0x3e, 0xc0, 0x60, 0x4f, 0x50, 0x0, 0x0, 0x9,
    0xf2, 0xfa, 0x7f, 0x89, 0xf2, 0x0, 0x0, 0x0,
    0xbf, 0x2f, 0x90, 0xdf, 0xfc, 0x0, 0x0, 0x0,
    0xd, 0xf9, 0xf7, 0x2, 0xff, 0xb0, 0x0, 0x0,
    0x0, 0xef, 0xff, 0x51, 0xbf, 0xff, 0xe6, 0x0,
    0x0, 0xf, 0xb0, 0x5, 0xef, 0xc2, 0x8f, 0xff,
    0xa0, 0x0, 0x10, 0x0, 0x4f, 0x80, 0x0, 0x17,
    0xda, 0x0, 0x0, 0x0, 0x0, 0x20, 0x0, 0x0,
    0x0, 0x0, 0x0,

    /* U+786E "确" */
    0x0, 0x0, 0x0, 0x0, 0x6, 0xc4, 0x0, 0x0,
    0x0, 0xcf, 0xff, 0xf8, 0xd, 0xf3, 0x0, 0x0,
    0x0, 0xbe, 0xfe, 0xd5, 0x4f, 0xf9, 0x98, 0x20,
    0x0, 0x9, 0xf2, 0x0, 0xdf, 0xff, 0xff, 0xb0,
    0x0, 0xe, 0xe0, 0x8, 0xfd, 0x10, 0x8f, 0x60,
    0x0, 0x3f, 0xa0, 0x4f, 0xf3, 0x2, 0xfd, 0x0,
    0x0, 0x8f, 0x50, 0x1e, 0xfb, 0xbe, 0xfd, 0xa1,
    0x0, 0xef, 0x0, 0xa, 0xff, 0xff, 0xff, 0xf8,
    0x6, 0xfe, 0x98, 0xc, 0xf0, 0x6f, 0x22, 0xf8,
    0xd, 0xff, 0xff, 0x3d, 0xd0, 0x7f, 0x14, 0xf7,
    0x6, 0xf9, 0x6f, 0x3f, 0xfb, 0xdf, 0xbc, 0xf5,
    0x2, 0xf7, 0x8f, 0x2f, 0xff, 0xff, 0xff, 0xf3,
    0x3, 0xf6, 0xaf, 0x2f, 0x80, 0xcb, 0x8, 0xf2,
    0x5, 0xf4, 0xcd, 0x4f, 0x60, 0xea, 0xa, 0xf0,
    0x7, 0xf2, 0xdc, 0x6f, 0xff, 0xff, 0xff, 0xf0,
    0x9, 0xf1, 0xfa, 0x9f, 0xbb, 0xfc, 0xbf, 0xd0,
    0xb, 0xf1, 0xf8, 0xcf, 0x3, 0xf5, 0xf, 0xb0,
    0xd, 0xff, 0xf7, 0xfc, 0x5, 0xf3, 0xf, 0xa0,
    0xe, 0xea, 0xa8, 0xf8, 0x7, 0xf1, 0x2f, 0x80,
    0x9, 0x60, 0xb, 0xf4, 0x8, 0xf0, 0x4f, 0x60,
    0x0, 0x0, 0x2f, 0xe0, 0x7, 0xa5, 0xef, 0x30,
    0x0, 0x0, 0x6, 0x60, 0x0, 0x6, 0xfa, 0x0,

    /* U+793A "示" */
    0x0, 0xb, 0xff, 0xff, 0xff, 0xff, 0xff, 0xe0,
    0x0, 0xd, 0xff, 0xff, 0xff, 0xff, 0xff, 0xc0,
    0x0, 0x1, 0x11, 0x11, 0x11, 0x11, 0x11, 0x0,
    0x0, 0x0, 0x0, 0x0, 0x0, 0x0, 0x0, 0x0,
    0x0, 0x0, 0x0, 0x0, 0x0, 0x0, 0x0, 0x0,
    0x0, 0x0, 0x0, 0x0, 0x0, 0x0, 0x0, 0x0,
    0x3, 0xff, 0xff, 0xff, 0xff, 0xff, 0xff, 0xf6,
    0x5, 0xff, 0xff, 0xff, 0xff, 0xff, 0xff, 0xf4,
    0x0, 0x11, 0x11, 0x17, 0xfa, 0x11, 0x11, 0x10,
    0x0, 0x0, 0x0, 0x8, 0xf7, 0x0, 0x0, 0x0,
    0x0, 0x5, 0x61, 0x9, 0xf6, 0x2, 0x40, 0x0,
    0x0, 0xd, 0xf2, 0xb, 0xf4, 0xf, 0xe0, 0x0,
    0x0, 0x2f, 0xe0, 0xd, 0xf3, 0xd, 0xf1, 0x0,
    0x0, 0x8f, 0x80, 0xe, 0xf1, 0xb, 0xf4, 0x0,
    0x0, 0xef, 0x30, 0xf, 0xf0, 0x8, 0xf7, 0x0,
    0x5, 0xfd, 0x0, 0x2f, 0xe0, 0x4, 0xfb, 0x0,
    0xd, 0xf6, 0x0, 0x3f, 0xc0, 0x1, 0xff, 0x0,
    0x7f, 0xd2, 0x61, 0x5f, 0xa0, 0x0, 0xcf, 0x30,
    0x8, 0x47, 0xf5, 0x8f, 0x70, 0x0, 0x8e, 0x50,
    0x0, 0x2, 0xff, 0xff, 0x20, 0x0, 0x10, 0x0,
    0x0, 0x0, 0x5e, 0xe6, 0x0, 0x0, 0x0, 0x0,

    /* U+7981 "禁" */
    0x0, 0x0, 0xc, 0xe0, 0x0, 0x4, 0xf6, 0x0,
    0x0, 0x0, 0x0, 0xdd, 0x0, 0x0, 0x5f, 0x50,
    0x0, 0x0, 0x89, 0x9f, 0xe9, 0x66, 0x9b, 0xfb,
    0x99, 0x0, 0xe, 0xff, 0xff, 0xf9, 0xcf, 0xff,
    0xff, 0xd0, 0x0, 0x5, 0xff, 0xf3, 0x0, 0xcf,
    0xff, 0x10, 0x0, 0x0, 0xdd, 0xff, 0xe2, 0x4f,
    0xcf, 0xd7, 0x0, 0x0, 0x8f, 0x8f, 0x7e, 0x7d,
    0xad, 0xd8, 0xe1, 0x0, 0x5f, 0xa7, 0xf4, 0x2b,
    0xf3, 0xec, 0x2f, 0xa0, 0x4, 0xd1, 0x8f, 0x24,
    0xf8, 0xf, 0xa0, 0xa9, 0x0, 0x0, 0x9, 0xf0,
    0x4, 0x1, 0xf8, 0x0, 0x0, 0x0, 0x1, 0x11,
    0x11, 0x11, 0x11, 0x10, 0x0, 0x0, 0x0, 0xff,
    0xff, 0xff, 0xff, 0xff, 0x90, 0x0, 0x0, 0x1a,
    0xaa, 0xaa, 0xaa, 0xaa, 0xa5, 0x0, 0x0, 0x0,
    0x0, 0x0, 0x0, 0x0, 0x0, 0x0, 0x0, 0xd,
    0xff, 0xff, 0xff, 0xff, 0xff, 0xff, 0xd0, 0x0,
    0x9a, 0xaa, 0xaa, 0xef, 0xba, 0xaa, 0xa7, 0x0,
    0x0, 0x5, 0x30, 0xc, 0xf3, 0x6, 0x0, 0x0,
    0x0, 0x3, 0xff, 0x10, 0xef, 0x1b, 0xf8, 0x0,
    0x0, 0x3, 0xef, 0x50, 0xf, 0xf0, 0x3f, 0xf6,
    0x0, 0x5, 0xff, 0x81, 0x42, 0xfd, 0x0, 0x5f,
    0xf2, 0x0, 0x7f, 0x70, 0xef, 0xff, 0x90, 0x0,
    0x9f, 0x50, 0x0, 0x30, 0x4, 0xdf, 0xa0, 0x0,
    0x0, 0x30, 0x0,

    /* U+79BB "离" */
    0x0, 0x0, 0x0, 0x0, 0x8f, 0x40, 0x0, 0x0,
    0x0, 0x0, 0x0, 0x0, 0x9, 0xf3, 0x0, 0x0,
    0x0, 0x0, 0xbf, 0xff, 0xff, 0xff, 0xff, 0xff,
    0xff, 0x20, 0xa, 0xcc, 0xcc, 0xcc, 0xcc, 0xcc,
    0xcc, 0xc1, 0x0, 0x7, 0x72, 0x93, 0x0, 0x78,
    0x18, 0x40, 0x0, 0x0, 0xec, 0x5f, 0xfb, 0xbf,
    0x85, 0xf6, 0x0, 0x0, 0xf, 0xb0, 0x3e, 0xff,
    0xc0, 0x6f, 0x40, 0x0, 0x2, 0xf9, 0xcf, 0xf9,
    0x9f, 0xd8, 0xf3, 0x0, 0x0, 0x4f, 0x79, 0x71,
    0x0, 0x48, 0xaf, 0x10, 0x0, 0x5, 0xfb, 0x77,
    0x77, 0x77, 0x7d, 0xf0, 0x0, 0x0, 0x7f, 0xff,
    0xff, 0xff, 0xff, 0xfe, 0x0, 0x0, 0x0, 0x0,
    0x1, 0xfe, 0x0, 0x0, 0x0, 0x0, 0x6, 0xaa,
    0xaa, 0xbf, 0xda, 0xaa, 0xa9, 0x10, 0x0, 0xbf,
    0xff, 0xff, 0xff, 0xff, 0xff, 0xfa, 0x0, 0xd,
    0xe0, 0x7, 0xf9, 0x3, 0x80, 0x4f, 0xb0, 0x0,
    0xfd, 0x1, 0xff, 0x10, 0x7f, 0x35, 0xf9, 0x0,
    0x1f, 0xb1, 0x9f, 0xd9, 0xbe, 0xf9, 0x6f, 0x80,
    0x2, 0xf9, 0xef, 0xff, 0xff, 0xde, 0xe8, 0xf6,
    0x0, 0x4f, 0x88, 0x87, 0x53, 0x0, 0x6a, 0xaf,
    0x40, 0x6, 0xf6, 0x0, 0x0, 0x0, 0x3, 0xc,
    0xf2, 0x0, 0x7f, 0x40, 0x0, 0x0, 0xa, 0xfc,
    0xfe, 0x0, 0x9, 0xf2, 0x0, 0x0, 0x0, 0x2d,
    0xfe, 0x40, 0x0, 0x0, 0x0, 0x0, 0x0, 0x0,
    0x1, 0x0, 0x0, 0x0,

    /* U+79D2 "秒" */
    0x0, 0x0, 0x1, 0x5a, 0x50, 0x0, 0x8f, 0x60,
    0x0, 0x0, 0x8, 0xdf, 0xff, 0xb0, 0x0, 0xaf,
    0x40, 0x0, 0x0, 0xc, 0xff, 0xf6, 0x0, 0x0,
    0xbf, 0x30, 0x0, 0x0, 0x3, 0x2d, 0xf1, 0x4,
    0x61, 0xdf, 0x25, 0x30, 0x0, 0x0, 0xe, 0xf0,
    0xa, 0xf2, 0xff, 0x4f, 0x70, 0x0, 0x0, 0xf,
    0xe0, 0xe, 0xf1, 0xfe, 0x2f, 0x90, 0x0, 0x6c,
    0xcf, 0xfc, 0x4f, 0xb2, 0xfc, 0xf, 0xb0, 0x0,
    0x9f, 0xff, 0xff, 0x7f, 0x74, 0xfa, 0xe, 0xe0,
    0x0, 0x1, 0xef, 0x81, 0xbf, 0x36, 0xf9, 0xb,
    0xf1, 0x0, 0x2, 0xff, 0x61, 0xfd, 0x7, 0xf7,
    0x8, 0xf4, 0x0, 0x6, 0xff, 0x96, 0xf8, 0x9,
    0xf5, 0x3, 0x40, 0x0, 0xb, 0xff, 0xf8, 0x82,
    0xb, 0xf3, 0x47, 0x0, 0x0, 0xf, 0xdf, 0xce,
    0x0, 0xc, 0xf2, 0xdf, 0x30, 0x0, 0x6d, 0xde,
    0x12, 0x0, 0x8, 0x95, 0xfc, 0x0, 0x0, 0xc8,
    0xfd, 0x0, 0x0, 0x0, 0xe, 0xf4, 0x0, 0x3,
    0xf5, 0xfb, 0x0, 0x0, 0x0, 0xaf, 0xa0, 0x0,
    0xb, 0xd3, 0xf9, 0x0, 0x0, 0x8, 0xfe, 0x10,
    0x0, 0x1f, 0x75, 0xf8, 0x0, 0x0, 0x9f, 0xf2,
    0x0, 0x0, 0x2, 0x17, 0xf6, 0x0, 0x2c, 0xfe,
    0x30, 0x0, 0x0, 0x0, 0x9, 0xf5, 0x8, 0xff,
    0xd2, 0x0, 0x0, 0x0, 0x0, 0xa, 0xf3, 0xbf,
    0xf9, 0x0, 0x0, 0x0, 0x0, 0x0, 0xc, 0xf2,
    0x4b, 0x30, 0x0, 0x0, 0x0, 0x0,

    /* U+79EF "积" */
    0x0, 0x0, 0x0, 0x15, 0x40, 0x0, 0x0, 0x0,
    0x0, 0x0, 0x48, 0xcf, 0xfc, 0x7f, 0xff, 0xff,
    0xe4, 0x0, 0xb, 0xff, 0xf9, 0x38, 0xff, 0xee,
    0xff, 0xb0, 0x0, 0x46, 0xcf, 0x10, 0xaf, 0x40,
    0x4, 0xfa, 0x0, 0x0, 0xc, 0xf0, 0xc, 0xf2,
    0x0, 0x6f, 0x80, 0x0, 0x0, 0xed, 0x0, 0xdf,
    0x10, 0x8, 0xf7, 0x0, 0x1c, 0xcf, 0xfc, 0x7f,
    0xf0, 0x0, 0x9f, 0x50, 0x3, 0xff, 0xff, 0xf8,
    0xfd, 0x0, 0xb, 0xf3, 0x0, 0x1, 0xff, 0x90,
    0x2f, 0xc0, 0x0, 0xcf, 0x10, 0x0, 0x3f, 0xf7,
    0x4, 0xfa, 0x0, 0xe, 0xf0, 0x0, 0x7, 0xff,
    0x90, 0x6f, 0xfe, 0xee, 0xfe, 0x0, 0x0, 0xbd,
    0xff, 0x67, 0xff, 0xff, 0xff, 0xc0, 0x0, 0x1f,
    0xbf, 0xed, 0x0, 0x0, 0x0, 0x0, 0x0, 0x6,
    0xcb, 0xf3, 0x20, 0x75, 0x1, 0x75, 0x0, 0x0,
    0xd8, 0xde, 0x0, 0x1f, 0xe0, 0x4f, 0xb0, 0x0,
    0x4f, 0x2f, 0xc0, 0x5, 0xfa, 0x1, 0xfe, 0x0,
    0xc, 0xb0, 0xfb, 0x0, 0xbf, 0x50, 0xd, 0xf2,
    0x0, 0xb5, 0x2f, 0x90, 0x1f, 0xf0, 0x0, 0x9f,
    0x50, 0x0, 0x4, 0xf7, 0x9, 0xf9, 0x0, 0x7,
    0xf7, 0x0, 0x0, 0x6f, 0x62, 0xff, 0x10, 0x0,
    0x4f, 0x90, 0x0, 0x7, 0xf4, 0xaf, 0x90, 0x0,
    0x3, 0xfb, 0x0, 0x0, 0x9f, 0x21, 0x91, 0x0,
    0x0, 0x17, 0x20,

    /* U+79F0 "称" */
    0x0, 0x0, 0x0, 0x2, 0x0, 0x43, 0x0, 0x0,
    0x0, 0x0, 0x2, 0x6b, 0xfb, 0x0, 0xfc, 0x0,
    0x0, 0x0, 0x0, 0xe, 0xff, 0xe8, 0x4, 0xf8,
    0x0, 0x0, 0x0, 0x0, 0x7, 0xbf, 0x70, 0xa,
    0xfa, 0x88, 0x87, 0x30, 0x0, 0x0, 0x5f, 0x50,
    0x1f, 0xff, 0xff, 0xff, 0xf0, 0x0, 0x0, 0x7f,
    0x30, 0x7f, 0x95, 0x55, 0x6f, 0xc0, 0x0, 0x4c,
    0xef, 0xd8, 0xef, 0x10, 0x0, 0x8f, 0x60, 0x0,
    0x7f, 0xff, 0xfe, 0xf8, 0xe, 0xc0, 0xef, 0x10,
    0x0, 0x8, 0xfe, 0x2, 0xb1, 0xf, 0xb5, 0xf8,
    0x0, 0x0, 0xb, 0xfc, 0x0, 0x0, 0x2f, 0xa0,
    0x10, 0x0, 0x0, 0xf, 0xff, 0x20, 0xca, 0x3f,
    0x94, 0x90, 0x0, 0x0, 0x4f, 0xff, 0xd1, 0xfa,
    0x4f, 0x78, 0xf1, 0x0, 0x0, 0x9d, 0xfa, 0xb5,
    0xf6, 0x6f, 0x68, 0xf1, 0x0, 0x0, 0xea, 0xf6,
    0x9, 0xf2, 0x7f, 0x48, 0xf1, 0x0, 0x4, 0xf8,
    0xf4, 0xe, 0xe0, 0x9f, 0x37, 0xf2, 0x0, 0xa,
    0xc7, 0xf3, 0x4f, 0x90, 0xaf, 0x17, 0xf3, 0x0,
    0x1f, 0x79, 0xf1, 0xaf, 0x30, 0xcf, 0x6, 0xf4,
    0x0, 0x3d, 0x1b, 0xf0, 0xbc, 0x0, 0xdf, 0x4,
    0xf6, 0x0, 0x0, 0xc, 0xe0, 0x1, 0x0, 0xfd,
    0x2, 0xf6, 0x0, 0x0, 0xe, 0xc0, 0x2d, 0x81,
    0xfb, 0x0, 0x0, 0x0, 0x0, 0xf, 0xa0, 0xf,
    0xfd, 0xf7, 0x0, 0x0, 0x0, 0x0, 0x2f, 0x90,
    0x5, 0xff, 0xb0, 0x0, 0x0, 0x0, 0x0, 0x0,
    0x0, 0x0, 0x0, 0x0, 0x0, 0x0, 0x0,

    /* U+79FB "移" */
    0x0, 0x0, 0x0, 0x15, 0x20, 0x0, 0x84, 0x0,
    0x0, 0x0, 0x4, 0x8c, 0xff, 0x80, 0x5, 0xf8,
    0x0, 0x0, 0x0, 0xe, 0xff, 0xf8, 0x20, 0x2f,
    0xff, 0xfe, 0x80, 0x0, 0x6, 0x5d, 0xf0, 0x3,
    0xee, 0x99, 0x9f, 0xf0, 0x0, 0x0, 0xd, 0xd0,
    0x8f, 0xfb, 0x0, 0x7f, 0x90, 0x0, 0x0, 0xf,
    0xc0, 0x7c, 0xbf, 0x54, 0xfe, 0x10, 0x0, 0x6f,
    0xff, 0xff, 0x40, 0x1e, 0xef, 0xf3, 0x0, 0x0,
    0x6d, 0xff, 0xed, 0x20, 0x1b, 0xfe, 0x30, 0x0,
    0x0, 0x1, 0xff, 0x80, 0x4a, 0xff, 0xc1, 0x0,
    0x0, 0x0, 0x5, 0xff, 0x70, 0xef, 0xd7, 0x10,
    0x0, 0x0, 0x0, 0x9, 0xff, 0xe2, 0x53, 0xd,
    0xf1, 0x0, 0x0, 0x0, 0xd, 0xef, 0xfe, 0x10,
    0x6f, 0xfb, 0xa8, 0x0, 0x0, 0x2f, 0xcf, 0x6b,
    0x3, 0xff, 0xff, 0xff, 0x50, 0x0, 0x7f, 0xbf,
    0x0, 0x3e, 0xf4, 0x0, 0xdf, 0x20, 0x0, 0xdb,
    0xcd, 0x6, 0xff, 0xc0, 0x6, 0xfb, 0x0, 0x3,
    0xf5, 0xec, 0x9, 0xec, 0xf7, 0x2f, 0xf3, 0x0,
    0xa, 0xe0, 0xfa, 0x0, 0x21, 0xef, 0xdf, 0x80,
    0x0, 0x1f, 0x92, 0xf8, 0x0, 0x0, 0x6f, 0xfb,
    0x0, 0x0, 0x6, 0x23, 0xf7, 0x0, 0x4, 0xef,
    0xc0, 0x0, 0x0, 0x0, 0x5, 0xf5, 0x2, 0xaf,
    0xfa, 0x0, 0x0, 0x0, 0x0, 0x7, 0xf3, 0x1f,
    0xfe, 0x50, 0x0, 0x0, 0x0, 0x0, 0x9, 0xf2,
    0x9, 0x81, 0x0, 0x0, 0x0, 0x0,

    /* U+7A0B "程" */
    0x0, 0x0, 0x0, 0x26, 0x0, 0x0, 0x0, 0x0,
    0x0, 0x0, 0x48, 0xdf, 0xf3, 0x8f, 0xff, 0xff,
    0xc1, 0x0, 0x9, 0xff, 0xf6, 0x1a, 0xfe, 0xee,
    0xff, 0x40, 0x0, 0x36, 0xfd, 0x0, 0xbf, 0x10,
    0xa, 0xf3, 0x0, 0x0, 0x1f, 0xb0, 0xd, 0xf0,
    0x0, 0xbf, 0x20, 0x0, 0x3, 0xfa, 0x0, 0xfe,
    0x0, 0xd, 0xf0, 0x0, 0x4c, 0xdf, 0xeb, 0x1f,
    0xfb, 0xbb, 0xfe, 0x0, 0x6, 0xff, 0xff, 0xd2,
    0xff, 0xff, 0xff, 0xc0, 0x0, 0x6, 0xff, 0x40,
    0x2, 0x22, 0x22, 0x21, 0x0, 0x0, 0x9f, 0xf2,
    0x0, 0x0, 0x0, 0x0, 0x0, 0x0, 0xd, 0xff,
    0x42, 0xff, 0xff, 0xff, 0xff, 0x20, 0x2, 0xfe,
    0xfd, 0x4e, 0xee, 0xff, 0xee, 0xe0, 0x0, 0x7e,
    0xdf, 0xf9, 0x0, 0x1f, 0xc0, 0x0, 0x0, 0xd,
    0xaf, 0xbb, 0x50, 0x2, 0xfa, 0x0, 0x0, 0x3,
    0xf7, 0xfa, 0x1, 0x33, 0x6f, 0xa3, 0x31, 0x0,
    0x9f, 0x4f, 0x80, 0x7f, 0xff, 0xff, 0xff, 0x70,
    0xf, 0xb5, 0xf6, 0x5, 0xaa, 0xdf, 0xca, 0xa4,
    0x0, 0x84, 0x7f, 0x50, 0x0, 0x8, 0xf4, 0x0,
    0x0, 0x0, 0x8, 0xf3, 0x0, 0x0, 0xaf, 0x30,
    0x0, 0x0, 0x0, 0xaf, 0x10, 0x0, 0xb, 0xf1,
    0x0, 0x0, 0x0, 0xc, 0xf0, 0x8d, 0xdd, 0xff,
    0xdd, 0xd8, 0x0, 0x0, 0xee, 0xb, 0xff, 0xff,
    0xff, 0xff, 0x90,

    /* U+7A33 "稳" */
    0x0, 0x0, 0x0, 0x31, 0x1, 0x72, 0x0, 0x0,
    0x0, 0x15, 0x9e, 0xf8, 0x6, 0xf6, 0x0, 0x0,
    0x0, 0xbf, 0xff, 0xb4, 0xe, 0xfa, 0x98, 0x20,
    0x0, 0x59, 0xee, 0x0, 0x8f, 0xff, 0xff, 0xa0,
    0x0, 0x0, 0xfd, 0x5, 0xfd, 0x10, 0xaf, 0x50,
    0x0, 0x0, 0xfb, 0xf, 0xf2, 0x4, 0xfc, 0x0,
    0x2, 0xdd, 0xff, 0xd7, 0xff, 0xff, 0xff, 0xb0,
    0x4, 0xff, 0xff, 0xe3, 0xbb, 0xbb, 0xbe, 0xf1,
    0x0, 0x1f, 0xf6, 0x0, 0x0, 0x0, 0xb, 0xf0,
    0x0, 0x5f, 0xfd, 0x14, 0xcc, 0xcc, 0xcf, 0xe0,
    0x0, 0x9f, 0xff, 0xc6, 0xff, 0xff, 0xff, 0xc0,
    0x0, 0xed, 0xf5, 0x60, 0x0, 0x0, 0x1f, 0xa0,
    0x3, 0xfb, 0xf0, 0xa, 0xaa, 0xaa, 0xbf, 0x90,
    0xa, 0xcc, 0xd0, 0x2f, 0xff, 0xff, 0xff, 0x70,
    0x2f, 0x7e, 0xc0, 0x1, 0x11, 0x31, 0x11, 0x0,
    0x9f, 0x2f, 0xa0, 0x40, 0xa, 0xd0, 0x4, 0x0,
    0xbb, 0x2f, 0x84, 0xf6, 0x46, 0xf4, 0x6f, 0x30,
    0x3, 0x4f, 0x77, 0xf7, 0xf3, 0xe4, 0x2f, 0x70,
    0x0, 0x6f, 0x5b, 0xe6, 0xf3, 0x8, 0x7f, 0xa0,
    0x0, 0x7f, 0x4f, 0xa5, 0xf6, 0xe, 0xac, 0xc0,
    0x0, 0x9f, 0x3b, 0x51, 0xff, 0xdf, 0x4a, 0xc0,
    0x0, 0xbf, 0x0, 0x0, 0x5e, 0xe8, 0x0, 0x0,

    /* U+7A7A "空" */
    0x0, 0x0, 0x0, 0x0, 0xdf, 0x20, 0x0, 0x0,
    0x0, 0x0, 0x0, 0x0, 0xf, 0xf1, 0x0, 0x0,
    0x0, 0x0, 0x9d, 0xdd, 0xdd, 0xff, 0xdd, 0xdd,
    0xc5, 0x0, 0xc, 0xff, 0xff, 0xff, 0xff, 0xff,
    0xff, 0xf0, 0x0, 0xef, 0x10, 0x0, 0x0, 0x0,
    0x0, 0xff, 0x0, 0xf, 0xe0, 0x3, 0x0, 0x0,
    0x0, 0x1f, 0xd0, 0x1, 0xfd, 0x3, 0xfd, 0x2,
    0xe6, 0x3, 0xfb, 0x0, 0x2, 0x14, 0xff, 0x90,
    0x6f, 0xfa, 0x12, 0x10, 0x0, 0x8, 0xff, 0x90,
    0x0, 0x3e, 0xfc, 0x10, 0x0, 0x6e, 0xff, 0x70,
    0x0, 0x0, 0x1c, 0xfd, 0x10, 0x8, 0xfb, 0x20,
    0x0, 0x0, 0x0, 0xb, 0xd1, 0x0, 0x14, 0x0,
    0x0, 0x0, 0x0, 0x0, 0x2, 0x0, 0x0, 0x3e,
    0xee, 0xee, 0xee, 0xee, 0xe6, 0x0, 0x0, 0x5,
    0xff, 0xff, 0xff, 0xff, 0xff, 0x50, 0x0, 0x0,
    0x1, 0x11, 0x1f, 0xf2, 0x11, 0x10, 0x0, 0x0,
    0x0, 0x0, 0x1, 0xff, 0x0, 0x0, 0x0, 0x0,
    0x0, 0x0, 0x0, 0x3f, 0xe0, 0x0, 0x0, 0x0,
    0x0, 0x0, 0x0, 0x4, 0xfc, 0x0, 0x0, 0x0,
    0x0, 0x0, 0x0, 0x0, 0x6f, 0xb0, 0x0, 0x0,
    0x0, 0x0, 0x0, 0x0, 0x7, 0xf9, 0x0, 0x0,
    0x0, 0x0, 0xcf, 0xff, 0xff, 0xff, 0xff, 0xff,
    0xff, 0x80, 0xe, 0xff, 0xff, 0xff, 0xff, 0xff,
    0xff, 0xf6, 0x0,

    /* U+7A81 "突" */
    0x0, 0x0, 0x0, 0x0, 0xbf, 0x40, 0x0, 0x0,
    0x0, 0x0, 0x0, 0x0, 0xcf, 0x30, 0x0, 0x0,
    0x0, 0x7c, 0xcc, 0xcc, 0xff, 0xdc, 0xcc, 0xb5,
    0x0, 0xbf, 0xff, 0xff, 0xff, 0xff, 0xff, 0xfe,
    0x0, 0xcf, 0x10, 0x10, 0x0, 0x10, 0x0, 0xfd,
    0x0, 0xcd, 0x2, 0xd9, 0x0, 0xbb, 0x11, 0xea,
    0x0, 0x0, 0x5f, 0xfa, 0x1, 0xbf, 0xe4, 0x0,
    0x0, 0x3c, 0xff, 0x81, 0x21, 0x6, 0xef, 0x70,
    0x0, 0xef, 0xd4, 0x8, 0xf7, 0x4, 0x2d, 0xf5,
    0x0, 0x56, 0x0, 0xa, 0xf6, 0xcf, 0x40, 0x90,
    0x0, 0x0, 0x0, 0xc, 0xf4, 0x2f, 0xe0, 0x0,
    0x0, 0x0, 0x0, 0xe, 0xf2, 0x8, 0xe3, 0x0,
    0xd, 0xff, 0xff, 0xff, 0xff, 0xff, 0xff, 0xf2,
    0xe, 0xff, 0xff, 0xff, 0xff, 0xff, 0xff, 0xf0,
    0x0, 0x0, 0x0, 0xdf, 0xf9, 0x0, 0x0, 0x0,
    0x0, 0x0, 0x6, 0xfe, 0xef, 0x20, 0x0, 0x0,
    0x0, 0x0, 0x3f, 0xf5, 0x7f, 0xb0, 0x0, 0x0,
    0x0, 0x3, 0xef, 0xa0, 0xd, 0xf9, 0x0, 0x0,
    0x0, 0x5f, 0xfc, 0x0, 0x2, 0xff, 0xa0, 0x0,
    0x1a, 0xff, 0xb0, 0x0, 0x0, 0x4f, 0xfd, 0x20,
    0x6f, 0xf8, 0x0, 0x0, 0x0, 0x4, 0xff, 0x70,
    0xa, 0x20, 0x0, 0x0, 0x0, 0x0, 0x2a, 0x0,

    /* U+7A97 "窗" */
    0x0, 0x0, 0x0, 0xc, 0xf3, 0x0, 0x0, 0x0,
    0x0, 0x0, 0x0, 0xe, 0xf2, 0x0, 0x0, 0x0,
    0xd, 0xff, 0xff, 0xff, 0xff, 0xff, 0xff, 0xb0,
    0xe, 0xfc, 0xcc, 0xcc, 0xcc, 0xcc, 0xcf, 0xf1,
    0xf, 0xe0, 0x9, 0x10, 0x8, 0x40, 0xe, 0xf0,
    0x8, 0x76, 0xef, 0x70, 0x2f, 0xfd, 0x58, 0x80,
    0xa, 0xff, 0xe5, 0x38, 0x11, 0x7e, 0xfc, 0x20,
    0xa, 0xc6, 0x0, 0xdf, 0x30, 0x0, 0x7d, 0x0,
    0x6, 0xbb, 0xbc, 0xff, 0xbb, 0xbb, 0xa2, 0x0,
    0x9, 0xff, 0xff, 0xff, 0xff, 0xff, 0xf8, 0x0,
    0xb, 0xf3, 0x1, 0x94, 0x0, 0x6, 0xf8, 0x0,
    0xd, 0xf1, 0x7, 0xf7, 0x0, 0x8, 0xf6, 0x0,
    0xe, 0xf0, 0x1f, 0xff, 0xff, 0x49, 0xf5, 0x0,
    0xf, 0xe1, 0xdf, 0x87, 0xcf, 0x5b, 0xf3, 0x0,
    0x1f, 0xcc, 0xff, 0x93, 0xfd, 0xc, 0xf2, 0x0,
    0x3f, 0xb5, 0x8b, 0xff, 0xf3, 0xe, 0xf0, 0x0,
    0x5f, 0x90, 0x5, 0xff, 0xe2, 0xf, 0xe0, 0x0,
    0x6f, 0x83, 0xbf, 0xfa, 0xfd, 0x3f, 0xd0, 0x0,
    0x8f, 0x6b, 0xfb, 0x20, 0x7f, 0x5f, 0xb0, 0x0,
    0x9f, 0x51, 0x20, 0x0, 0x2, 0x4f, 0x90, 0x0,
    0xbf, 0xdc, 0xcc, 0xcc, 0xcc, 0xdf, 0x80, 0x0,
    0xcf, 0xff, 0xff, 0xff, 0xff, 0xff, 0x60, 0x0,

    /* U+7ADE "竞" */
    0x0, 0x0, 0x0, 0x0, 0xc, 0xf3, 0x0, 0x0,
    0x0, 0x0, 0x0, 0x0, 0x0, 0xe, 0xf1, 0x0,
    0x0, 0x0, 0x0, 0x7, 0xff, 0xff, 0xff, 0xff,
    0xff, 0xff, 0x70, 0x0, 0x6, 0xcd, 0xfe, 0xcc,
    0xcc, 0xff, 0xdc, 0x50, 0x0, 0x0, 0x3, 0xfb,
    0x0, 0x0, 0xff, 0x10, 0x0, 0x0, 0x0, 0x2,
    0xfc, 0x0, 0x5, 0xfb, 0x0, 0x0, 0x0, 0xbd,
    0xdd, 0xff, 0xdd, 0xde, 0xfe, 0xdd, 0xd0, 0x0,
    0xef, 0xff, 0xff, 0xff, 0xff, 0xff, 0xff, 0xe0,
    0x0, 0x0, 0x0, 0x0, 0x0, 0x0, 0x0, 0x0,
    0x0, 0x0, 0x0, 0xcc, 0xcc, 0xcc, 0xcc, 0xca,
    0x20, 0x0, 0x0, 0x1, 0xff, 0xff, 0xff, 0xff,
    0xff, 0x90, 0x0, 0x0, 0x3, 0xfc, 0x0, 0x0,
    0x0, 0x7f, 0x90, 0x0, 0x0, 0x4, 0xfa, 0x0,
    0x0, 0x0, 0x7f, 0x70, 0x0, 0x0, 0x6, 0xf9,
    0x0, 0x0, 0x0, 0x9f, 0x60, 0x0, 0x0, 0x8,
    0xff, 0xff, 0xff, 0xff, 0xff, 0x40, 0x0, 0x0,
    0x8, 0xde, 0xff, 0xde, 0xfe, 0xdd, 0x30, 0x0,
    0x0, 0x0, 0x7, 0xf8, 0x9, 0xf4, 0x0, 0x0,
    0x0, 0x0, 0x0, 0xd, 0xf3, 0xb, 0xf2, 0x0,
    0x8c, 0x20, 0x0, 0x0, 0x9f, 0xc0, 0xb, 0xf1,
    0x0, 0xcf, 0x10, 0x1, 0x6d, 0xff, 0x20, 0xa,
    0xf6, 0x4, 0xfc, 0x0, 0x4f, 0xff, 0xd2, 0x0,
    0x5, 0xff, 0xff, 0xf4, 0x0, 0x1d, 0xa4, 0x0,
    0x0, 0x0, 0x8e, 0xfd, 0x50, 0x0,

    /* U+7AEF "端" */
    0x0, 0x5, 0x80, 0x0, 0x0, 0xf, 0xe0, 0x0,
    0x0, 0x0, 0xcf, 0x0, 0x6f, 0x51, 0xfc, 0xc,
    0xf0, 0x0, 0x9, 0xf1, 0x8, 0xf4, 0x2f, 0xb0,
    0xde, 0x0, 0x0, 0x8f, 0x30, 0x9f, 0x24, 0xf9,
    0xf, 0xc0, 0x0, 0x4, 0x71, 0xb, 0xf2, 0x6f,
    0x81, 0xfb, 0x0, 0x27, 0x77, 0x74, 0xcf, 0xff,
    0xff, 0xff, 0x90, 0x6, 0xff, 0xff, 0x89, 0xbb,
    0xbb, 0xbb, 0xb5, 0x0, 0x36, 0x66, 0x63, 0x0,
    0x0, 0x0, 0x0, 0x0, 0x4, 0xb1, 0x79, 0x6f,
    0xff, 0xff, 0xff, 0xfb, 0x0, 0x7f, 0x2c, 0xd6,
    0xcc, 0xdf, 0xec, 0xcc, 0x70, 0x6, 0xf2, 0xea,
    0x0, 0x7, 0xf6, 0x0, 0x0, 0x0, 0x6f, 0x4f,
    0x70, 0x22, 0xdf, 0x22, 0x10, 0x0, 0x6, 0xf7,
    0xf4, 0x7f, 0xff, 0xff, 0xff, 0xc0, 0x0, 0x7f,
    0xaf, 0x19, 0xfb, 0xfc, 0xfd, 0xef, 0x0, 0x7,
    0xfd, 0xd0, 0xbf, 0x3f, 0x3f, 0x7b, 0xe0, 0x0,
    0x8f, 0xf9, 0xc, 0xd4, 0xf2, 0xf5, 0xdd, 0x0,
    0x0, 0x4f, 0x50, 0xeb, 0x6f, 0x2f, 0x4e, 0xb0,
    0x0, 0x9, 0xfa, 0x3f, 0xa8, 0xe4, 0xf3, 0xf9,
    0x0, 0x6a, 0xff, 0xf8, 0xf8, 0x9d, 0x5f, 0x3f,
    0x80, 0xd, 0xff, 0xb5, 0x4f, 0x6b, 0xb7, 0xf3,
    0xf6, 0x0, 0x65, 0x10, 0x5, 0xf5, 0xd9, 0x9d,
    0xcf, 0x30, 0x0, 0x0, 0x0, 0x7f, 0x3e, 0x8a,
    0xcd, 0xa0, 0x0, 0x0, 0x0, 0x0, 0x0, 0x0,
    0x0, 0x0, 0x0, 0x0,

    /* U+7B2C "第" */
    0x0, 0x0, 0x83, 0x0, 0x0, 0x36, 0x10, 0x0,
    0x0, 0x0, 0x5f, 0xa0, 0x0, 0xb, 0xf5, 0x0,
    0x0, 0x0, 0xd, 0xff, 0xff, 0xf4, 0xff, 0xff,
    0xff, 0x60, 0x8, 0xfd, 0xdf, 0xdc, 0xbf, 0xdf,
    0xfc, 0xc3, 0x4, 0xfe, 0x14, 0xf7, 0x4f, 0xc0,
    0xaf, 0x20, 0x0, 0x8f, 0x40, 0x1b, 0x51, 0x82,
    0x6, 0xb2, 0x0, 0x0, 0x16, 0xaa, 0xaa, 0xaa,
    0xaa, 0xa7, 0x0, 0x0, 0x0, 0xbf, 0xff, 0xff,
    0xff, 0xff, 0xf3, 0x0, 0x0, 0x0, 0x11, 0x16,
    0xf8, 0x11, 0xaf, 0x40, 0x0, 0x0, 0x0, 0x0,
    0x7f, 0x60, 0xc, 0xf2, 0x0, 0x0, 0xa, 0xaa,
    0xad, 0xfc, 0xaa, 0xff, 0x0, 0x0, 0x4, 0xff,
    0xff, 0xff, 0xff, 0xff, 0xe0, 0x0, 0x0, 0x8f,
    0x50, 0xc, 0xf2, 0x0, 0x0, 0x0, 0x0, 0xc,
    0xf0, 0x0, 0xdf, 0x0, 0x0, 0x0, 0x0, 0x1,
    0xff, 0xff, 0xff, 0xff, 0xff, 0xfd, 0x20, 0x0,
    0x3b, 0xbc, 0xff, 0xfe, 0xbb, 0xbd, 0xf6, 0x0,
    0x0, 0x0, 0xbf, 0x8f, 0xa0, 0x0, 0x8f, 0x50,
    0x0, 0x0, 0x9f, 0xc4, 0xf9, 0x43, 0xa, 0xf3,
    0x0, 0x0, 0xaf, 0xe1, 0x6f, 0x8f, 0xb0, 0xdf,
    0x0, 0x6, 0xef, 0xe2, 0x7, 0xf5, 0xaf, 0xef,
    0xb0, 0x0, 0x9f, 0xc1, 0x0, 0x9f, 0x41, 0xad,
    0xa1, 0x0, 0x2, 0x60, 0x0, 0xa, 0xf2, 0x0,
    0x0, 0x0, 0x0,

    /* U+7B49 "等" */
    0x0, 0x0, 0x62, 0x0, 0x0, 0x24, 0x0, 0x0,
    0x0, 0x0, 0x3f, 0xb0, 0x0, 0xa, 0xf5, 0x0,
    0x0, 0x0, 0xb, 0xfe, 0xcc, 0xc3, 0xff, 0xdc,
    0xcc, 0x50, 0x5, 0xff, 0xff, 0xff, 0xaf, 0xff,
    0xff, 0xf4, 0x2, 0xff, 0x34, 0xf7, 0x3f, 0xe0,
    0xbf, 0x0, 0x0, 0xaf, 0x70, 0x1e, 0x73, 0xc3,
    0x7, 0xf3, 0x0, 0x0, 0x40, 0x0, 0x8, 0xf6,
    0x0, 0x0, 0x0, 0x0, 0x6, 0xcc, 0xcc, 0xef,
    0xdc, 0xcc, 0xc9, 0x0, 0x0, 0x9f, 0xff, 0xff,
    0xff, 0xff, 0xff, 0xa0, 0x0, 0x1, 0x11, 0x11,
    0xdf, 0x21, 0x11, 0x10, 0x0, 0x0, 0x0, 0x0,
    0xe, 0xf1, 0x0, 0x0, 0x0, 0x0, 0xef, 0xff,
    0xff, 0xff, 0xff, 0xff, 0xff, 0x30, 0xc, 0xdd,
    0xdd, 0xdd, 0xdd, 0xff, 0xdd, 0xd1, 0x0, 0x0,
    0x0, 0x0, 0x0, 0xf, 0xe0, 0x0, 0x0, 0x7,
    0xcc, 0xcc, 0xcc, 0xcc, 0xff, 0xcc, 0x60, 0x0,
    0xbf, 0xff, 0xff, 0xff, 0xff, 0xff, 0xf6, 0x0,
    0x0, 0x2, 0xfd, 0x0, 0x6, 0xf9, 0x0, 0x0,
    0x0, 0x0, 0xa, 0xf2, 0x0, 0x7f, 0x70, 0x0,
    0x0, 0x0, 0x0, 0x22, 0x0, 0xa, 0xf5, 0x0,
    0x0, 0x0, 0x0, 0xc, 0xe1, 0x2, 0xff, 0x10,
    0x0, 0x0, 0x0, 0x0, 0x8f, 0xfd, 0xff, 0x80,
    0x0, 0x0, 0x0, 0x0, 0x0, 0x7d, 0xfe, 0x80,
    0x0, 0x0, 0x0,

    /* U+7B7E "签" */
    0x0, 0x0, 0x76, 0x0, 0x0, 0x8, 0x30, 0x0,
    0x0, 0x0, 0xf, 0xd0, 0x0, 0x4, 0xf9, 0x0,
    0x0, 0x0, 0x6, 0xfd, 0x99, 0x91, 0xaf, 0xb9,
    0x99, 0x10, 0x0, 0xdf, 0xff, 0xff, 0x4f, 0xff,
    0xff, 0xf1, 0x0, 0x6f, 0xbf, 0xa0, 0xb, 0xf9,
    0xf7, 0x0, 0x0, 0x1f, 0xf1, 0xfd, 0x1, 0xbc,
    0x1f, 0xa0, 0x0, 0xc, 0xf7, 0xb, 0xa3, 0xf8,
    0x0, 0xee, 0x0, 0x0, 0x7b, 0x0, 0x1, 0xef,
    0xb0, 0x4, 0x20, 0x0, 0x0, 0x0, 0x3, 0xef,
    0xff, 0x90, 0x0, 0x0, 0x0, 0x0, 0x7, 0xff,
    0x81, 0xdf, 0xc2, 0x0, 0x0, 0x0, 0x5d, 0xff,
    0x60, 0x1, 0xcf, 0xf7, 0x0, 0x1, 0xdf, 0xff,
    0xdb, 0xbb, 0xbc, 0xff, 0xfe, 0x40, 0xd, 0xd5,
    0xbf, 0xff, 0xff, 0xfe, 0x4d, 0xf3, 0x0, 0x10,
    0x0, 0x0, 0x11, 0x0, 0x0, 0x5, 0x0, 0x0,
    0x3, 0x80, 0x5f, 0x70, 0x8, 0x10, 0x0, 0x0,
    0x0, 0xdf, 0x32, 0xfa, 0x5, 0xfb, 0x0, 0x0,
    0x0, 0x7, 0xf8, 0xf, 0xc0, 0xcf, 0x50, 0x0,
    0x0, 0x0, 0x2f, 0xc0, 0xdd, 0x3f, 0xe0, 0x0,
    0x0, 0x0, 0x0, 0xee, 0x1, 0xc, 0xf6, 0x0,
    0x0, 0x0, 0x0, 0x3, 0x0, 0x5, 0xfc, 0x0,
    0x0, 0x0, 0x5f, 0xff, 0xff, 0xff, 0xff, 0xff,
    0xff, 0x20, 0x6, 0xff, 0xff, 0xff, 0xff, 0xff,
    0xff, 0xf0, 0x0,

    /* U+7B80 "简" */
    0x0, 0x0, 0x43, 0x0, 0x0, 0x5, 0x10, 0x0,
    0x0, 0x0, 0xe, 0xf0, 0x0, 0x6, 0xf9, 0x0,
    0x0, 0x0, 0x6, 0xff, 0xcc, 0xc2, 0xcf, 0xdc,
    0xcc, 0x50, 0x1, 0xef, 0xff, 0xff, 0x6f, 0xff,
    0xff, 0xf5, 0x0, 0xaf, 0x83, 0xf8, 0xd, 0xf3,
    0x9f, 0x30, 0x0, 0x5f, 0xd0, 0xf, 0xb1, 0xc9,
    0x5, 0xf6, 0x0, 0x0, 0x64, 0x60, 0x20, 0x0,
    0x10, 0x13, 0x0, 0x0, 0x0, 0xbf, 0x41, 0xff,
    0xff, 0xff, 0xf9, 0x0, 0x0, 0x2, 0xfe, 0x2c,
    0xcc, 0xcc, 0xcf, 0xe0, 0x0, 0x0, 0x7, 0x80,
    0x0, 0x0, 0x0, 0xfe, 0x0, 0x0, 0xcf, 0x15,
    0xaa, 0xaa, 0x91, 0x1f, 0xc0, 0x0, 0xe, 0xf0,
    0xaf, 0xff, 0xff, 0x63, 0xfa, 0x0, 0x0, 0xfd,
    0xb, 0xf0, 0x5, 0xf5, 0x4f, 0x90, 0x0, 0x1f,
    0xc0, 0xdf, 0xff, 0xff, 0x46, 0xf7, 0x0, 0x3,
    0xfa, 0xf, 0xd9, 0x9d, 0xf2, 0x8f, 0x50, 0x0,
    0x5f, 0x80, 0xf9, 0x0, 0xaf, 0x9, 0xf3, 0x0,
    0x7, 0xf7, 0x2f, 0xdb, 0xbe, 0xe0, 0xbf, 0x20,
    0x0, 0x8f, 0x53, 0xff, 0xff, 0xfc, 0xd, 0xf0,
    0x0, 0xa, 0xf3, 0x0, 0x0, 0x0, 0x0, 0xfe,
    0x0, 0x0, 0xcf, 0x20, 0x0, 0x2e, 0xa0, 0x6f,
    0xb0, 0x0, 0xd, 0xf0, 0x0, 0x0, 0xcf, 0xff,
    0xf4, 0x0, 0x0, 0xfe, 0x0, 0x0, 0x1, 0xbf,
    0xd5, 0x0, 0x0,

    /* U+7B97 "算" */
    0x0, 0x0, 0x51, 0x0, 0x0, 0x24, 0x0, 0x0,
    0x0, 0x0, 0x6f, 0x90, 0x0, 0x9, 0xf7, 0x0,
    0x0, 0x0, 0xe, 0xff, 0xff, 0xf5, 0xff, 0xff,
    0xff, 0x60, 0xa, 0xfb, 0xbf, 0xc9, 0xcf, 0xbd,
    0xf9, 0x92, 0x6, 0xfc, 0x3, 0xf8, 0x1d, 0xc0,
    0x7f, 0x40, 0x0, 0x7, 0x57, 0x79, 0x77, 0x78,
    0x78, 0x60, 0x0, 0x0, 0xa, 0xff, 0xff, 0xff,
    0xff, 0xff, 0x30, 0x0, 0x0, 0xcf, 0x20, 0x0,
    0x0, 0xa, 0xf4, 0x0, 0x0, 0xd, 0xff, 0xff,
    0xff, 0xff, 0xff, 0x20, 0x0, 0x0, 0xff, 0x88,
    0x88, 0x88, 0x8f, 0xf0, 0x0, 0x0, 0x1f, 0xe4,
    0x44, 0x44, 0x44, 0xfe, 0x0, 0x0, 0x2, 0xff,
    0xff, 0xff, 0xff, 0xff, 0xd0, 0x0, 0x0, 0x4f,
    0xb3, 0x33, 0x33, 0x35, 0xfb, 0x0, 0x0, 0x6,
    0xfd, 0xaa, 0xaa, 0xaa, 0xbf, 0x90, 0x0, 0x0,
    0x7f, 0xff, 0xff, 0xff, 0xff, 0xf7, 0x0, 0x0,
    0x0, 0xa, 0xf2, 0x0, 0xf, 0xe0, 0x0, 0x0,
    0x1b, 0xbb, 0xef, 0xcb, 0xbb, 0xff, 0xbb, 0x90,
    0x2, 0xff, 0xff, 0xff, 0xff, 0xff, 0xff, 0xfa,
    0x0, 0x0, 0xb, 0xf5, 0x0, 0x5, 0xf9, 0x0,
    0x0, 0x0, 0x2b, 0xfb, 0x0, 0x0, 0x6f, 0x70,
    0x0, 0x0, 0x8f, 0xfb, 0x10, 0x0, 0x8, 0xf5,
    0x0, 0x0, 0x5, 0xd6, 0x0, 0x0, 0x0, 0x9f,
    0x40, 0x0, 0x0, 0x0, 0x0, 0x0, 0x0, 0x0,
    0x0, 0x0, 0x0, 0x0,

    /* U+7BA1 "管" */
    0x0, 0x7, 0x20, 0x0, 0x3, 0x51, 0x0, 0x0,
    0x0, 0x5f, 0x90, 0x0, 0xa, 0xf5, 0x0, 0x0,
    0x0, 0xdf, 0xff, 0xff, 0x4f, 0xff, 0xff, 0xf6,
    0x7, 0xfd, 0xdf, 0xdb, 0xbf, 0xcf, 0xfb, 0xb3,
    0x4f, 0xe1, 0x5f, 0x74, 0xfd, 0xa, 0xf2, 0x0,
    0x8f, 0x40, 0x1b, 0x77, 0xc3, 0x6, 0xb2, 0x0,
    0x2, 0x11, 0x11, 0x8f, 0x91, 0x11, 0x10, 0x0,
    0x4f, 0xff, 0xff, 0xff, 0xff, 0xff, 0xff, 0x20,
    0x5f, 0xa6, 0x66, 0x66, 0x66, 0x66, 0xbf, 0x50,
    0x7f, 0x58, 0x88, 0x88, 0x88, 0x71, 0x9f, 0x30,
    0x36, 0x4f, 0xff, 0xff, 0xff, 0xfa, 0x46, 0x0,
    0x0, 0x4f, 0x91, 0x11, 0x14, 0xfb, 0x0, 0x0,
    0x0, 0x6f, 0x80, 0x0, 0x4, 0xfa, 0x0, 0x0,
    0x0, 0x7f, 0xff, 0xff, 0xff, 0xf8, 0x0, 0x0,
    0x0, 0x9f, 0xb9, 0x99, 0x99, 0x94, 0x0, 0x0,
    0x0, 0xaf, 0x30, 0x0, 0x0, 0x0, 0x0, 0x0,
    0x0, 0xcf, 0xff, 0xff, 0xff, 0xfe, 0x20, 0x0,
    0x0, 0xdf, 0x99, 0x99, 0x99, 0xcf, 0x70, 0x0,
    0x0, 0xfe, 0x0, 0x0, 0x0, 0x8f, 0x60, 0x0,
    0x0, 0xfd, 0x0, 0x0, 0x0, 0xaf, 0x40, 0x0,
    0x2, 0xfe, 0xaa, 0xaa, 0xaa, 0xef, 0x30, 0x0,
    0x4, 0xff, 0xff, 0xff, 0xff, 0xff, 0x10, 0x0,

    /* U+7C7B "类" */
    0x0, 0x0, 0x27, 0x0, 0x9, 0xf4, 0x0, 0x43,
    0x0, 0x0, 0x7, 0xf6, 0x0, 0xbf, 0x20, 0x1f,
    0xd0, 0x0, 0x0, 0x1f, 0xd0, 0xd, 0xf0, 0xb,
    0xf5, 0x0, 0x0, 0x0, 0x77, 0x0, 0xef, 0x1,
    0x98, 0x0, 0x0, 0xa, 0xcc, 0xcc, 0xcf, 0xfc,
    0xcc, 0xcc, 0x80, 0x0, 0xff, 0xff, 0xff, 0xff,
    0xff, 0xff, 0xf9, 0x0, 0x2, 0x22, 0x3e, 0xff,
    0xfe, 0x42, 0x22, 0x10, 0x0, 0x0, 0x1c, 0xfa,
    0xfc, 0xfe, 0x40, 0x0, 0x0, 0x0, 0x2d, 0xf8,
    0x7f, 0x64, 0xff, 0x60, 0x0, 0x0, 0x7f, 0xf8,
    0x8, 0xf5, 0x3, 0xff, 0x60, 0x0, 0xcf, 0xf6,
    0x0, 0x7c, 0x20, 0x4, 0xff, 0x20, 0x6, 0xb2,
    0x0, 0x2, 0x10, 0x0, 0x4, 0x80, 0x0, 0x0,
    0x0, 0x0, 0xef, 0x10, 0x0, 0x0, 0x0, 0x0,
    0x0, 0x0, 0x2f, 0xf0, 0x0, 0x0, 0x0, 0x5,
    0xff, 0xff, 0xff, 0xff, 0xff, 0xff, 0xff, 0x0,
    0x4a, 0xaa, 0xab, 0xff, 0xfc, 0xaa, 0xaa, 0xa0,
    0x0, 0x0, 0x0, 0x8f, 0xff, 0xd0, 0x0, 0x0,
    0x0, 0x0, 0x0, 0x6f, 0xf3, 0xbf, 0xa0, 0x0,
    0x0, 0x0, 0x1, 0xaf, 0xf6, 0x2, 0xef, 0xb1,
    0x0, 0x0, 0x5a, 0xff, 0xf5, 0x0, 0x2, 0xef,
    0xf8, 0x10, 0x2f, 0xff, 0xa1, 0x0, 0x0, 0x1,
    0xaf, 0xfe, 0x0, 0xa7, 0x10, 0x0, 0x0, 0x0,
    0x0, 0x3a, 0x90,

    /* U+7C89 "粉" */
    0x0, 0x0, 0x8, 0xf3, 0x0, 0xb, 0x65, 0xa0,
    0x0, 0x0, 0xc, 0x49, 0xf2, 0xb4, 0x2f, 0x87,
    0xf2, 0x0, 0x0, 0xf, 0x6b, 0xf3, 0xf3, 0x5f,
    0x66, 0xf4, 0x0, 0x0, 0xf, 0x7c, 0xe6, 0xf0,
    0xaf, 0x24, 0xf6, 0x0, 0x0, 0xe, 0x7e, 0xda,
    0xb0, 0xee, 0x2, 0xf9, 0x0, 0x0, 0xe, 0x7f,
    0xbe, 0x75, 0xf8, 0x0, 0xfc, 0x0, 0x0, 0x6,
    0x3f, 0xa8, 0x2c, 0xf2, 0x0, 0xbf, 0x0, 0x0,
    0x0, 0x3f, 0x80, 0x5f, 0xa0, 0x0, 0x7f, 0x60,
    0x0, 0x7e, 0xef, 0xfe, 0xff, 0xdc, 0xcc, 0xbf,
    0xc0, 0x0, 0x9f, 0xff, 0xff, 0x69, 0xff, 0xff,
    0xfe, 0xa0, 0x0, 0x2, 0xff, 0x30, 0x0, 0x8f,
    0x2a, 0xf4, 0x0, 0x0, 0x7, 0xff, 0x80, 0x0,
    0xaf, 0xb, 0xf2, 0x0, 0x0, 0xc, 0xff, 0xf4,
    0x0, 0xdd, 0xc, 0xf0, 0x0, 0x0, 0x2f, 0xce,
    0xde, 0x1, 0xfa, 0xe, 0xf0, 0x0, 0x0, 0x8b,
    0xdc, 0x4f, 0x35, 0xf6, 0xf, 0xd0, 0x0, 0x0,
    0xe6, 0xfb, 0x3, 0xa, 0xf1, 0x1f, 0xc0, 0x0,
    0x5, 0xf2, 0xf9, 0x0, 0x1f, 0xc0, 0x3f, 0xa0,
    0x0, 0xd, 0xb3, 0xf7, 0x0, 0x9f, 0x50, 0x4f,
    0x80, 0x0, 0x3f, 0x44, 0xf6, 0x2, 0xfd, 0x0,
    0x6f, 0x70, 0x0, 0x3, 0x6, 0xf4, 0x1d, 0xf4,
    0x42, 0x8f, 0x50, 0x0, 0x0, 0x8, 0xf2, 0xaf,
    0x90, 0xfd, 0xef, 0x10, 0x0, 0x0, 0xa, 0xf1,
    0x3b, 0x0, 0x5e, 0xe6, 0x0, 0x0, 0x0, 0x0,
    0x0, 0x0, 0x0, 0x0, 0x0, 0x0, 0x0,

    /* U+7C98 "粘" */
    0x0, 0x0, 0x6, 0xf5, 0x0, 0x0, 0xcf, 0x20,
    0x0, 0x0, 0xb5, 0x7f, 0x49, 0x50, 0xe, 0xf1,
    0x0, 0x0, 0xe, 0x89, 0xf3, 0xf7, 0x0, 0xff,
    0x0, 0x0, 0x0, 0xd9, 0xbf, 0x4f, 0x30, 0x1f,
    0xd0, 0x0, 0x0, 0xd, 0x9c, 0xf8, 0xe0, 0x3,
    0xff, 0xee, 0xd0, 0x0, 0xd9, 0xed, 0xca, 0x0,
    0x4f, 0xff, 0xfd, 0x0, 0x5, 0x2f, 0xb6, 0x30,
    0x6, 0xf9, 0x0, 0x0, 0x0, 0x12, 0xfa, 0x10,
    0x0, 0x8f, 0x70, 0x0, 0x0, 0x7f, 0xff, 0xff,
    0x60, 0x9, 0xf5, 0x0, 0x0, 0x6, 0xbf, 0xfd,
    0xb3, 0x0, 0xbf, 0x30, 0x0, 0x0, 0x0, 0xff,
    0x50, 0xd, 0xdf, 0xfe, 0xd7, 0x0, 0x0, 0x4f,
    0xf3, 0x2, 0xff, 0xff, 0xff, 0xf0, 0x0, 0x8,
    0xff, 0xb0, 0x3f, 0x91, 0x11, 0xef, 0x0, 0x0,
    0xdf, 0xff, 0x65, 0xf7, 0x0, 0xf, 0xe0, 0x0,
    0x3f, 0xce, 0xbf, 0x8f, 0x60, 0x1, 0xfc, 0x0,
    0x9, 0xbd, 0xd2, 0xb8, 0xf4, 0x0, 0x2f, 0xa0,
    0x0, 0xf6, 0xfb, 0x0, 0xaf, 0x30, 0x4, 0xf9,
    0x0, 0x7f, 0x2f, 0x90, 0xb, 0xf1, 0x0, 0x6f,
    0x70, 0xe, 0xa3, 0xf8, 0x0, 0xdf, 0x0, 0x7,
    0xf5, 0x0, 0x33, 0x4f, 0x60, 0xf, 0xe2, 0x22,
    0xaf, 0x40, 0x0, 0x6, 0xf4, 0x0, 0xff, 0xff,
    0xff, 0xf2, 0x0, 0x0, 0x8f, 0x30, 0x1c, 0xcc,
    0xcc, 0xcc, 0x0,

    /* U+7CBE "精" */
    0x0, 0x0, 0xf, 0xb0, 0x0, 0x0, 0xbf, 0x0,
    0x0, 0x0, 0x2d, 0x2f, 0x99, 0x68, 0xbb, 0xef,
    0xbb, 0xb1, 0x0, 0x1f, 0x3f, 0x8d, 0x6d, 0xff,
    0xff, 0xff, 0xf0, 0x0, 0xf, 0x5f, 0x7f, 0x32,
    0x22, 0xfc, 0x22, 0x20, 0x0, 0xf, 0x7f, 0x9f,
    0x7, 0x9a, 0xfd, 0x99, 0x50, 0x0, 0xf, 0x9f,
    0xbb, 0xd, 0xff, 0xff, 0xff, 0x70, 0x0, 0x3,
    0x9f, 0x43, 0x0, 0x5, 0xf7, 0x0, 0x0, 0x0,
    0x1, 0xaf, 0x10, 0x7a, 0xac, 0xfc, 0xaa, 0x90,
    0x0, 0xbf, 0xff, 0xf8, 0xdf, 0xff, 0xff, 0xff,
    0xc0, 0x0, 0xbe, 0xff, 0xe6, 0x0, 0x0, 0x0,
    0x0, 0x0, 0x0, 0x6, 0xfc, 0x0, 0x1a, 0xaa,
    0xaa, 0xa3, 0x0, 0x0, 0xa, 0xfa, 0x0, 0x3f,
    0xff, 0xff, 0xfc, 0x0, 0x0, 0xe, 0xfe, 0x10,
    0x5f, 0x60, 0x0, 0xfb, 0x0, 0x0, 0x3e, 0xff,
    0xb0, 0x7f, 0xff, 0xff, 0xfa, 0x0, 0x0, 0x8c,
    0xf9, 0xf3, 0x8f, 0xa9, 0x9b, 0xf8, 0x0, 0x0,
    0xea, 0xf4, 0x70, 0xaf, 0x10, 0x5, 0xf6, 0x0,
    0x4, 0xf8, 0xf2, 0x0, 0xcf, 0xff, 0xff, 0xf4,
    0x0, 0xb, 0xb9, 0xf1, 0x0, 0xdf, 0x99, 0x9d,
    0xf3, 0x0, 0x1f, 0x5a, 0xf0, 0x0, 0xfc, 0x0,
    0xa, 0xf1, 0x0, 0x3, 0xc, 0xe0, 0x1, 0xfa,
    0x6a, 0xc, 0xf0, 0x0, 0x0, 0xe, 0xc0, 0x2,
    0xf9, 0x6f, 0xaf, 0xb0, 0x0, 0x0, 0xf, 0xb0,
    0x4, 0xf7, 0xa, 0xfd, 0x20, 0x0, 0x0, 0x0,
    0x0, 0x0, 0x0, 0x0, 0x0, 0x0, 0x0,

    /* U+7CFB "系" */
    0x0, 0x0, 0x0, 0x0, 0x0, 0x0, 0x0, 0x10,
    0x0, 0x0, 0x0, 0x0, 0x0, 0x0, 0x28, 0xec,
    0x0, 0x0, 0x0, 0x0, 0x2, 0x69, 0xef, 0xff,
    0xb0, 0x0, 0x0, 0x6a, 0xcf, 0xff, 0xff, 0xc7,
    0x10, 0x0, 0x0, 0xa, 0xff, 0xfc, 0xef, 0xb0,
    0x0, 0x0, 0x0, 0x0, 0x34, 0x20, 0x5f, 0xf3,
    0x1, 0x10, 0x0, 0x0, 0x0, 0x0, 0x6f, 0xf5,
    0x1, 0xde, 0x10, 0x0, 0x0, 0x0, 0xaf, 0xf5,
    0x23, 0xdf, 0x80, 0x0, 0x0, 0x8, 0xff, 0xff,
    0xff, 0xff, 0x80, 0x0, 0x0, 0x0, 0x6d, 0xdc,
    0xcf, 0xff, 0x61, 0xca, 0x0, 0x0, 0x0, 0x0,
    0x3d, 0xfe, 0x40, 0xd, 0xf3, 0x0, 0x0, 0x2,
    0xaf, 0xfc, 0x43, 0x56, 0xbf, 0xa0, 0x0, 0x5f,
    0xff, 0xff, 0xff, 0xff, 0xff, 0xff, 0x10, 0x4,
    0xcc, 0xcb, 0xbd, 0xfd, 0x86, 0x48, 0xf6, 0x0,
    0x0, 0x20, 0x0, 0x7f, 0x90, 0x3, 0x4, 0x0,
    0x0, 0xe, 0xd1, 0x8, 0xf7, 0x1d, 0xf1, 0x0,
    0x0, 0x9, 0xfc, 0x0, 0xaf, 0x60, 0xcf, 0xa0,
    0x0, 0x5, 0xff, 0x20, 0xb, 0xf4, 0x2, 0xff,
    0x30, 0x4, 0xff, 0x70, 0x10, 0xcf, 0x30, 0xa,
    0xfb, 0x0, 0xdf, 0xa2, 0xed, 0x1f, 0xf0, 0x0,
    0x2f, 0xf1, 0x1, 0x90, 0xd, 0xff, 0xfb, 0x0,
    0x0, 0x94, 0x0, 0x0, 0x0, 0x2c, 0xfb, 0x10,
    0x0, 0x0, 0x0,

    /* U+7D22 "索" */
    0x0, 0x0, 0x0, 0x0, 0xb, 0xf3, 0x0, 0x0,
    0x0, 0x0, 0x0, 0x0, 0x0, 0xcf, 0x10, 0x0,
    0x0, 0x0, 0x4, 0xff, 0xff, 0xff, 0xff, 0xff,
    0xff, 0x70, 0x0, 0x5d, 0xdd, 0xdd, 0xff, 0xdd,
    0xdd, 0xd5, 0x0, 0x0, 0x0, 0x0, 0x1f, 0xc0,
    0x0, 0x0, 0x0, 0x0, 0x8a, 0xaa, 0xab, 0xfe,
    0xaa, 0xa9, 0x70, 0x0, 0xe, 0xff, 0xff, 0xff,
    0xff, 0xff, 0xff, 0x40, 0x0, 0xfd, 0x22, 0x4f,
    0xf4, 0x22, 0x29, 0xf5, 0x0, 0x2f, 0xb0, 0x1d,
    0xf4, 0x4, 0xb0, 0xaf, 0x30, 0x1, 0x53, 0x2d,
    0xf4, 0x5, 0xff, 0x33, 0x50, 0x0, 0x0, 0xce,
    0xff, 0xff, 0xfe, 0x30, 0x0, 0x0, 0x0, 0xa,
    0xa9, 0xbf, 0xfc, 0x13, 0x40, 0x0, 0x0, 0x0,
    0x0, 0x8f, 0xf8, 0x0, 0xfe, 0x10, 0x0, 0x0,
    0x4, 0xdf, 0xb3, 0x23, 0x5c, 0xf9, 0x0, 0x0,
    0x9c, 0xff, 0xff, 0xff, 0xff, 0xff, 0xf2, 0x0,
    0xe, 0xff, 0xed, 0xcf, 0xf7, 0x64, 0x6f, 0x80,
    0x0, 0x0, 0x4, 0x0, 0xfe, 0x2, 0x40, 0x50,
    0x0, 0x0, 0x1c, 0xf3, 0x1f, 0xc0, 0xef, 0x30,
    0x0, 0x0, 0x4e, 0xf8, 0x3, 0xfa, 0x5, 0xfe,
    0x20, 0x0, 0xbf, 0xf7, 0x52, 0x6f, 0x70, 0x7,
    0xfe, 0x20, 0x6, 0xa2, 0x4f, 0xff, 0xf3, 0x0,
    0x7, 0xf6, 0x0, 0x0, 0x0, 0x7e, 0xe6, 0x0,
    0x0, 0x2, 0x0,

    /* U+7D27 "紧" */
    0x0, 0x0, 0x0, 0x8f, 0x50, 0x0, 0x0, 0x0,
    0x0, 0x0, 0xaf, 0x2a, 0xf3, 0x9f, 0xff, 0xff,
    0xf5, 0x0, 0xc, 0xf0, 0xbf, 0x28, 0xfe, 0xbb,
    0xdf, 0x70, 0x0, 0xde, 0xd, 0xf0, 0xc, 0xe0,
    0xd, 0xe1, 0x0, 0xf, 0xd0, 0xff, 0x0, 0x5f,
    0x8c, 0xf4, 0x0, 0x1, 0xfb, 0x1f, 0xd0, 0x0,
    0xcf, 0xf6, 0x0, 0x0, 0x3f, 0x92, 0xfb, 0x27,
    0xdf, 0xef, 0xe9, 0x50, 0x1, 0x42, 0x4f, 0xb3,
    0xfd, 0x60, 0x18, 0xca, 0x0, 0x0, 0x0, 0x9f,
    0x62, 0x5, 0x80, 0x0, 0x0, 0x0, 0x0, 0xaf,
    0xb0, 0x4, 0xff, 0x10, 0x0, 0x0, 0x3, 0xcf,
    0xe6, 0x89, 0xff, 0x40, 0x0, 0x0, 0x3, 0xff,
    0xff, 0xff, 0xfd, 0x24, 0x40, 0x0, 0x0, 0x2,
    0x21, 0x7f, 0xf8, 0x0, 0xee, 0x10, 0x0, 0x0,
    0x3, 0xcf, 0xb3, 0x24, 0x5c, 0xf9, 0x0, 0x0,
    0x9b, 0xff, 0xff, 0xff, 0xff, 0xff, 0xf2, 0x0,
    0xe, 0xff, 0xed, 0xcf, 0xf7, 0x64, 0x6f, 0x80,
    0x0, 0x0, 0x4, 0x0, 0xfe, 0x2, 0x40, 0x50,
    0x0, 0x0, 0x1c, 0xf3, 0x1f, 0xc0, 0xef, 0x30,
    0x0, 0x0, 0x4e, 0xf8, 0x3, 0xfa, 0x5, 0xfe,
    0x20, 0x0, 0xbf, 0xf7, 0x52, 0x6f, 0x70, 0x7,
    0xfe, 0x20, 0x6, 0xa2, 0x4f, 0xff, 0xf3, 0x0,
    0x7, 0xf6, 0x0, 0x0, 0x0, 0x7e, 0xe6, 0x0,
    0x0, 0x2, 0x0,

    /* U+7D2F "累" */
    0x0, 0x0, 0xcf, 0xff, 0xff, 0xff, 0xff, 0xfb,
    0x0, 0x0, 0xe, 0xfa, 0xaa, 0xff, 0xaa, 0xae,
    0xf1, 0x0, 0x0, 0xfe, 0x0, 0xf, 0xc0, 0x0,
    0xdf, 0x0, 0x0, 0x1f, 0xe8, 0x88, 0xfd, 0x88,
    0x8f, 0xe0, 0x0, 0x3, 0xff, 0xff, 0xff, 0xff,
    0xff, 0xfc, 0x0, 0x0, 0x5f, 0x90, 0x4, 0xf7,
    0x0, 0x3f, 0xb0, 0x0, 0x6, 0xfd, 0xaa, 0xcf,
    0xca, 0xac, 0xf9, 0x0, 0x0, 0x8f, 0xff, 0xff,
    0xff, 0xff, 0xff, 0x70, 0x0, 0x0, 0x2, 0xcf,
    0x80, 0x7, 0x40, 0x0, 0x0, 0x0, 0x4, 0xef,
    0x84, 0x5a, 0xfc, 0x0, 0x0, 0x0, 0xf, 0xff,
    0xff, 0xff, 0xfb, 0x33, 0x0, 0x0, 0x0, 0x66,
    0x55, 0xcf, 0xe6, 0xe, 0xd0, 0x0, 0x0, 0x0,
    0x7, 0xef, 0x91, 0x12, 0xaf, 0x90, 0x0, 0x8,
    0x9e, 0xff, 0xee, 0xff, 0xff, 0xff, 0x20, 0x0,
    0xef, 0xff, 0xed, 0xff, 0x97, 0x56, 0xf8, 0x0,
    0x1, 0x11, 0x50, 0xf, 0xd0, 0x57, 0x4, 0x0,
    0x0, 0x0, 0xcf, 0x41, 0xfb, 0xd, 0xf5, 0x0,
    0x0, 0x3, 0xdf, 0xa0, 0x3f, 0xa0, 0x3f, 0xf3,
    0x0, 0x9, 0xff, 0xa6, 0x27, 0xf7, 0x0, 0x6f,
    0xe2, 0x0, 0x8d, 0x44, 0xff, 0xff, 0x20, 0x0,
    0x6f, 0x60, 0x0, 0x0, 0x7, 0xee, 0x60, 0x0,
    0x0, 0x20, 0x0,

    /* U+7EA2 "红" */
    0x0, 0x0, 0x0, 0x10, 0x0, 0x0, 0x0, 0x0,
    0x0, 0x0, 0x0, 0x7, 0xf5, 0x0, 0x11, 0x11,
    0x11, 0x10, 0x0, 0x0, 0xe, 0xf2, 0xd, 0xff,
    0xff, 0xff, 0xf3, 0x0, 0x0, 0x6f, 0xa0, 0xe,
    0xff, 0xff, 0xff, 0xf1, 0x0, 0x0, 0xdf, 0x30,
    0x0, 0x0, 0xff, 0x10, 0x0, 0x0, 0x6, 0xfa,
    0x6, 0x0, 0x2, 0xff, 0x0, 0x0, 0x0, 0xe,
    0xf2, 0x7f, 0x80, 0x3, 0xfe, 0x0, 0x0, 0x0,
    0x7f, 0xc7, 0xef, 0x10, 0x5, 0xfc, 0x0, 0x0,
    0x3, 0xff, 0xff, 0xf8, 0x0, 0x7, 0xfa, 0x0,
    0x0, 0x1, 0xb9, 0x8f, 0xe1, 0x0, 0x8, 0xf9,
    0x0, 0x0, 0x0, 0x0, 0xaf, 0x50, 0x0, 0xa,
    0xf7, 0x0, 0x0, 0x0, 0x4, 0xfb, 0x0, 0x0,
    0xb, 0xf5, 0x0, 0x0, 0x0, 0xe, 0xf2, 0x30,
    0x0, 0xd, 0xf4, 0x0, 0x0, 0x0, 0x9f, 0xee,
    0xf1, 0x0, 0xf, 0xf2, 0x0, 0x0, 0x4, 0xff,
    0xfe, 0xa1, 0x0, 0xf, 0xf1, 0x0, 0x0, 0x2,
    0x96, 0x30, 0x0, 0x0, 0x2f, 0xf0, 0x0, 0x0,
    0x0, 0x0, 0x0, 0x60, 0x0, 0x3f, 0xd0, 0x0,
    0x0, 0x0, 0x3, 0x9f, 0xf5, 0x0, 0x5f, 0xc0,
    0x0, 0x0, 0x19, 0xef, 0xff, 0xd4, 0x0, 0x7f,
    0xa0, 0x0, 0x0, 0x1f, 0xff, 0xb4, 0x0, 0x0,
    0x8f, 0x90, 0x0, 0x0, 0x7, 0x40, 0x0, 0x5f,
    0xff, 0xff, 0xff, 0xff, 0x0, 0x0, 0x0, 0x0,
    0x7f, 0xff, 0xff, 0xff, 0xfe, 0x0,

    /* U+7EA7 "级" */
    0x0, 0x0, 0x0, 0x20, 0x0, 0x0, 0x0, 0x0,
    0x0, 0x0, 0x0, 0x1, 0xfb, 0x3f, 0xff, 0xff,
    0xfe, 0x40, 0x0, 0x0, 0x8, 0xf7, 0x3c, 0xfe,
    0xbb, 0xdf, 0x70, 0x0, 0x0, 0x1f, 0xe0, 0x2,
    0xfa, 0x0, 0xcf, 0x20, 0x0, 0x0, 0x9f, 0x60,
    0x4, 0xf9, 0x3, 0xfb, 0x0, 0x0, 0x2, 0xfc,
    0x7, 0x35, 0xf7, 0xa, 0xf4, 0x0, 0x0, 0xc,
    0xf4, 0x4f, 0xc7, 0xf5, 0x1f, 0xd0, 0x0, 0x0,
    0xaf, 0xff, 0xff, 0x39, 0xf5, 0x8f, 0xd9, 0x30,
    0x0, 0xbf, 0xef, 0xf9, 0xb, 0xf5, 0xef, 0xff,
    0xb0, 0x0, 0x10, 0x2f, 0xd0, 0xe, 0xf5, 0x66,
    0x3f, 0xa0, 0x0, 0x0, 0xcf, 0x30, 0xf, 0xf6,
    0x0, 0x8f, 0x60, 0x0, 0x9, 0xf7, 0x11, 0x3f,
    0xf8, 0x0, 0xdf, 0x20, 0x0, 0x8f, 0xfe, 0xf7,
    0x6f, 0xfc, 0x2, 0xfd, 0x0, 0x1, 0xff, 0xfe,
    0xb4, 0xaf, 0xef, 0x1a, 0xf7, 0x0, 0x0, 0x85,
    0x20, 0x0, 0xee, 0x7f, 0x8f, 0xf1, 0x0, 0x0,
    0x0, 0x0, 0x34, 0xf9, 0x2f, 0xff, 0x90, 0x0,
    0x0, 0x0, 0x7e, 0xfb, 0xf3, 0xa, 0xfe, 0x10,
    0x0, 0x4, 0xaf, 0xff, 0xcf, 0xd0, 0x2e, 0xff,
    0x20, 0x0, 0x4f, 0xff, 0x92, 0xaf, 0x61, 0xdf,
    0xdf, 0xd1, 0x0, 0xa, 0x50, 0x4, 0xfd, 0x3e,
    0xfa, 0xb, 0xfd, 0x10, 0x0, 0x0, 0xe, 0xf5,
    0xff, 0x90, 0x1, 0xdf, 0x60, 0x0, 0x0, 0x4,
    0x80, 0x66, 0x0, 0x0, 0x19, 0x0,

    /* U+7EB5 "纵" */
    0x0, 0x0, 0xa, 0x50, 0xb, 0xf0, 0xd, 0xe0,
    0x0, 0x0, 0x5, 0xf7, 0x0, 0xdd, 0x0, 0xfc,
    0x0, 0x0, 0x0, 0xbf, 0x10, 0xf, 0xb0, 0xf,
    0xb0, 0x0, 0x0, 0x1f, 0xb0, 0x1, 0xfa, 0x2,
    0xf9, 0x0, 0x0, 0x7, 0xf4, 0x30, 0x2f, 0x80,
    0x4f, 0x70, 0x0, 0x0, 0xed, 0x2f, 0x94, 0xf6,
    0x5, 0xf7, 0x0, 0x0, 0x5f, 0x89, 0xf3, 0x7f,
    0x50, 0x7f, 0x70, 0x0, 0xe, 0xff, 0xfc, 0x9,
    0xf6, 0x9, 0xf7, 0x0, 0x0, 0xba, 0xdf, 0x50,
    0xbf, 0xe0, 0xbf, 0x80, 0x0, 0x0, 0xe, 0xd0,
    0xe, 0xff, 0x7e, 0xf9, 0x0, 0x0, 0x8, 0xf4,
    0x0, 0xfb, 0xdf, 0xff, 0xa0, 0x0, 0x1, 0xfb,
    0x1, 0x3f, 0x75, 0xcf, 0xfc, 0x0, 0x1, 0xbf,
    0xef, 0x97, 0xf4, 0x8, 0xff, 0xe0, 0x0, 0x3f,
    0xff, 0xc6, 0xbf, 0x10, 0xbf, 0xaf, 0x0, 0x0,
    0x63, 0x0, 0xf, 0xc0, 0xf, 0xb8, 0xf2, 0x0,
    0x0, 0x0, 0x5, 0xf8, 0x5, 0xf7, 0x6f, 0x50,
    0x0, 0x2, 0x9d, 0xaf, 0x30, 0xaf, 0x23, 0xf9,
    0x0, 0x9d, 0xff, 0xff, 0xd0, 0x1f, 0xd0, 0xf,
    0xd0, 0xe, 0xfe, 0x9a, 0xf7, 0x7, 0xf7, 0x0,
    0xdf, 0x10, 0x53, 0x0, 0xef, 0x10, 0xef, 0x10,
    0x9, 0xf6, 0x0, 0x0, 0x2e, 0x80, 0x2d, 0x90,
    0x0, 0x4d, 0x30, 0x0, 0x0, 0x0, 0x0, 0x1,
    0x0, 0x0, 0x0,

    /* U+7EBD "纽" */
    0x0, 0x0, 0x2, 0x40, 0x0, 0x0, 0x0, 0x0,
    0x0, 0x0, 0x0, 0xaf, 0x40, 0xff, 0xff, 0xff,
    0xb0, 0x0, 0x0, 0x1f, 0xd0, 0x1d, 0xef, 0xed,
    0xff, 0x30, 0x0, 0x8, 0xf7, 0x0, 0x9, 0xf5,
    0xc, 0xf2, 0x0, 0x0, 0xee, 0x0, 0x0, 0xbf,
    0x30, 0xef, 0x0, 0x0, 0x7f, 0x71, 0xd4, 0xe,
    0xf0, 0xf, 0xe0, 0x0, 0xe, 0xe0, 0x8f, 0x50,
    0xfe, 0x2, 0xfc, 0x0, 0x8, 0xfd, 0xaf, 0xd0,
    0x2f, 0xb0, 0x4f, 0xa0, 0x0, 0xff, 0xff, 0xf5,
    0x5, 0xf9, 0x6, 0xf8, 0x0, 0x8, 0x66, 0xfd,
    0x0, 0x8f, 0x70, 0x8f, 0x60, 0x0, 0x0, 0xbf,
    0x30, 0xff, 0xff, 0xff, 0xf4, 0x0, 0x0, 0x4f,
    0x90, 0x1c, 0xff, 0xcc, 0xff, 0x20, 0x0, 0x1e,
    0xe1, 0x20, 0xf, 0xf0, 0xe, 0xf0, 0x0, 0xa,
    0xfe, 0xff, 0x11, 0xfc, 0x0, 0xfe, 0x0, 0x2,
    0xff, 0xfe, 0xa1, 0x4f, 0xa0, 0x2f, 0xc0, 0x0,
    0x6, 0x41, 0x0, 0x6, 0xf8, 0x4, 0xfa, 0x0,
    0x0, 0x0, 0x0, 0x30, 0x8f, 0x50, 0x5f, 0x80,
    0x0, 0x0, 0x28, 0xee, 0xb, 0xf3, 0x7, 0xf6,
    0x0, 0x17, 0xcf, 0xff, 0xd1, 0xdf, 0x10, 0x9f,
    0x40, 0x3, 0xff, 0xfa, 0x40, 0xf, 0xe0, 0xb,
    0xf2, 0x0, 0x8, 0x40, 0x0, 0x7d, 0xff, 0xdd,
    0xff, 0xd3, 0x0, 0x0, 0x0, 0xa, 0xff, 0xff,
    0xff, 0xff, 0x30,

    /* U+7EBF "线" */
    0x0, 0x0, 0xc, 0x60, 0x0, 0x7f, 0x63, 0x90,
    0x0, 0x0, 0x6, 0xf7, 0x0, 0x8, 0xf6, 0xaf,
    0xc0, 0x0, 0x0, 0xbf, 0x10, 0x0, 0x9f, 0x50,
    0x9f, 0x30, 0x0, 0x1f, 0xb0, 0x0, 0xa, 0xf4,
    0x0, 0x30, 0x0, 0x7, 0xf4, 0x20, 0x0, 0xbf,
    0x77, 0x9b, 0x80, 0x0, 0xed, 0xf, 0x98, 0xff,
    0xff, 0xff, 0xfa, 0x0, 0x5f, 0x66, 0xf5, 0x9f,
    0xff, 0xa8, 0x64, 0x20, 0x1c, 0xfc, 0xfe, 0x1,
    0xc, 0xf1, 0x0, 0x0, 0x2, 0xff, 0xff, 0x70,
    0x0, 0xcf, 0x0, 0x0, 0x0, 0x4, 0x2c, 0xf1,
    0x0, 0x1d, 0xf8, 0xac, 0xec, 0x0, 0x4, 0xf8,
    0x5, 0xef, 0xff, 0xff, 0xff, 0xc0, 0x0, 0xce,
    0x0, 0x6f, 0xef, 0xf8, 0x53, 0x10, 0x0, 0x6f,
    0x85, 0x60, 0x0, 0xdf, 0x10, 0x25, 0x0, 0x3e,
    0xff, 0xfe, 0x0, 0xc, 0xf1, 0xd, 0xf1, 0x5,
    0xfe, 0xc8, 0x40, 0x0, 0xbf, 0x3b, 0xf6, 0x0,
    0x1, 0x0, 0x0, 0x0, 0xa, 0xfd, 0xfa, 0x0,
    0x0, 0x0, 0x16, 0xc1, 0x0, 0x9f, 0xfa, 0x0,
    0x0, 0x26, 0xbf, 0xff, 0x60, 0x6e, 0xfb, 0x8,
    0xc1, 0x3f, 0xff, 0xe9, 0x24, 0xcf, 0xff, 0xa0,
    0xcf, 0x0, 0xc8, 0x30, 0xc, 0xff, 0xc3, 0xff,
    0x5f, 0xc0, 0x0, 0x0, 0x0, 0xac, 0x50, 0x8,
    0xff, 0xf6, 0x0, 0x0, 0x0, 0x0, 0x0, 0x0,
    0xb, 0xfa, 0x0,

    /* U+7EC3 "练" */
    0x0, 0x0, 0x4, 0x10, 0x0, 0xa, 0x70, 0x0,
    0x0, 0x0, 0x1, 0xfd, 0x0, 0x2, 0xfa, 0x0,
    0x0, 0x0, 0x0, 0x6f, 0x70, 0x7a, 0xcf, 0xda,
    0xaa, 0x90, 0x0, 0xc, 0xf1, 0xc, 0xff, 0xff,
    0xff, 0xfc, 0x0, 0x3, 0xfa, 0x0, 0x1, 0xfd,
    0x0, 0x0, 0x0, 0x0, 0xaf, 0x3a, 0x80, 0x4f,
    0x80, 0x0, 0x0, 0x0, 0x1f, 0xb1, 0xfb, 0x8d,
    0xfd, 0x80, 0x0, 0x0, 0xa, 0xfc, 0xdf, 0x4c,
    0xff, 0xff, 0x40, 0x0, 0x0, 0xff, 0xff, 0xd0,
    0x5f, 0x78, 0xf4, 0x0, 0x0, 0x5, 0x4a, 0xf5,
    0xc, 0xf1, 0x9f, 0x20, 0x0, 0x0, 0x1, 0xfc,
    0x4, 0xfa, 0xb, 0xf2, 0x0, 0x0, 0x0, 0xaf,
    0x30, 0xcf, 0xff, 0xff, 0xff, 0xf0, 0x0, 0x4f,
    0xb5, 0x5e, 0xcb, 0xbf, 0xfb, 0xb9, 0x0, 0x2e,
    0xff, 0xfa, 0x12, 0x0, 0xfc, 0x0, 0x0, 0x2,
    0xfd, 0xb7, 0x30, 0xcc, 0x2f, 0xa4, 0xc5, 0x0,
    0x0, 0x0, 0x0, 0x2f, 0xa3, 0xf9, 0x4f, 0x80,
    0x0, 0x0, 0x5, 0x2a, 0xf4, 0x5f, 0x72, 0xfb,
    0x0, 0x3, 0x8e, 0xfb, 0xfc, 0x6, 0xf5, 0xf,
    0xd0, 0xe, 0xff, 0xfb, 0xef, 0x40, 0x8f, 0x40,
    0xee, 0x0, 0xcc, 0x71, 0x4f, 0xea, 0x3b, 0xf2,
    0xc, 0xf0, 0x0, 0x0, 0x0, 0x45, 0xfe, 0xfe,
    0x0, 0xad, 0x10, 0x0, 0x0, 0x0, 0x8, 0xfd,
    0x30, 0x0, 0x0,

    /* U+7EC4 "组" */
    0x0, 0x0, 0x3, 0x40, 0x0, 0x0, 0x0, 0x0,
    0x0, 0x0, 0xc, 0xf3, 0xa, 0xff, 0xff, 0xf6,
    0x0, 0x0, 0x3f, 0xc0, 0xc, 0xfd, 0xdd, 0xfd,
    0x0, 0x0, 0x9f, 0x50, 0xd, 0xf0, 0x2, 0xfc,
    0x0, 0x1, 0xfe, 0x0, 0xf, 0xe0, 0x4, 0xfa,
    0x0, 0x9, 0xf6, 0x28, 0x1f, 0xd0, 0x5, 0xf9,
    0x0, 0x2f, 0xd0, 0x9f, 0x8f, 0xb0, 0x7, 0xf7,
    0x1, 0xbf, 0xdc, 0xfd, 0x4f, 0xec, 0xce, 0xf5,
    0x3, 0xff, 0xff, 0xf5, 0x6f, 0xff, 0xff, 0xf4,
    0x0, 0x31, 0x3f, 0xc0, 0x7f, 0x70, 0xc, 0xf2,
    0x0, 0x0, 0xcf, 0x30, 0x9f, 0x50, 0xe, 0xf0,
    0x0, 0x6, 0xf9, 0x0, 0xaf, 0x30, 0xf, 0xf0,
    0x0, 0x1f, 0xe2, 0x30, 0xcf, 0x10, 0x1f, 0xd0,
    0x2, 0xbf, 0xff, 0xf0, 0xef, 0xdd, 0xef, 0xb0,
    0x7, 0xff, 0xea, 0x70, 0xff, 0xff, 0xff, 0xa0,
    0x2, 0x41, 0x0, 0x1, 0xfc, 0x0, 0x6f, 0x80,
    0x0, 0x0, 0x0, 0x23, 0xfb, 0x0, 0x8f, 0x60,
    0x0, 0x2, 0x8f, 0xc4, 0xf9, 0x0, 0x9f, 0x50,
    0x16, 0xcf, 0xff, 0x96, 0xf8, 0x0, 0xbf, 0x30,
    0x5f, 0xfe, 0x81, 0x8, 0xf6, 0x0, 0xcf, 0x10,
    0x1a, 0x40, 0x2, 0xef, 0xff, 0xee, 0xff, 0xe6,
    0x0, 0x0, 0x4, 0xff, 0xff, 0xff, 0xff, 0xf5,

    /* U+7EC6 "细" */
    0x0, 0x0, 0xd, 0x80, 0x0, 0x0, 0x0, 0x0,
    0x0, 0x0, 0x0, 0x4f, 0x90, 0x4f, 0xff, 0xff,
    0xff, 0xb0, 0x0, 0x0, 0xaf, 0x30, 0x5f, 0xed,
    0xff, 0xdf, 0xf1, 0x0, 0x0, 0xfd, 0x0, 0x7f,
    0x51, 0xf9, 0xc, 0xf1, 0x0, 0x6, 0xf6, 0x20,
    0x8f, 0x43, 0xf8, 0xd, 0xf0, 0x0, 0xc, 0xe1,
    0xea, 0xaf, 0x24, 0xf6, 0xf, 0xd0, 0x0, 0x3f,
    0x85, 0xf6, 0xbf, 0x16, 0xf5, 0x1f, 0xc0, 0x0,
    0xcf, 0xef, 0xf0, 0xdf, 0x7, 0xf3, 0x2f, 0xa0,
    0x0, 0xff, 0xff, 0x90, 0xfe, 0x9, 0xf2, 0x4f,
    0x90, 0x0, 0x32, 0xbf, 0x20, 0xfc, 0xb, 0xf0,
    0x6f, 0x70, 0x0, 0x2, 0xf9, 0x2, 0xfe, 0xbe,
    0xfb, 0xdf, 0x50, 0x0, 0xb, 0xf1, 0x3, 0xff,
    0xff, 0xff, 0xff, 0x40, 0x0, 0x4f, 0xa4, 0x75,
    0xf7, 0xf, 0xb0, 0xbf, 0x20, 0x2, 0xdf, 0xff,
    0xe6, 0xf6, 0x1f, 0xa0, 0xcf, 0x10, 0x2, 0xff,
    0xea, 0x68, 0xf4, 0x2f, 0x80, 0xef, 0x0, 0x0,
    0x31, 0x0, 0xa, 0xf3, 0x4f, 0x70, 0xfd, 0x0,
    0x0, 0x0, 0x0, 0xb, 0xf1, 0x5f, 0x51, 0xfc,
    0x0, 0x0, 0x0, 0x16, 0xd, 0xf0, 0x7f, 0x42,
    0xfa, 0x0, 0x0, 0x49, 0xff, 0x3e, 0xe0, 0x8f,
    0x24, 0xf9, 0x0, 0x2f, 0xff, 0xfd, 0x4f, 0xd0,
    0xaf, 0x15, 0xf7, 0x0, 0xf, 0xd9, 0x30, 0x1f,
    0xfd, 0xff, 0xde, 0xf5, 0x0, 0x1, 0x0, 0x0,
    0x3f, 0xff, 0xff, 0xff, 0xf4, 0x0,

    /* U+7EC8 "终" */
    0x0, 0x0, 0x0, 0x0, 0x0, 0x3, 0x0, 0x0,
    0x0, 0x0, 0x0, 0xeb, 0x0, 0x2, 0xfb, 0x0,
    0x0, 0x0, 0x0, 0x5f, 0x80, 0x0, 0x8f, 0x60,
    0x0, 0x0, 0x0, 0xb, 0xf2, 0x0, 0x1f, 0xff,
    0xff, 0xe2, 0x0, 0x1, 0xfb, 0x0, 0xa, 0xfd,
    0xcc, 0xef, 0x50, 0x0, 0x8f, 0x46, 0x35, 0xff,
    0x60, 0x1f, 0xe0, 0x0, 0xe, 0xd1, 0xfe, 0xff,
    0xfb, 0x9, 0xf6, 0x0, 0x7, 0xfa, 0xaf, 0x7d,
    0x4b, 0xf8, 0xfc, 0x0, 0x0, 0xff, 0xff, 0xd0,
    0x0, 0x3f, 0xff, 0x20, 0x0, 0x8, 0x7b, 0xf6,
    0x0, 0x3, 0xff, 0xa0, 0x0, 0x0, 0x0, 0xed,
    0x0, 0x6, 0xff, 0xef, 0x70, 0x0, 0x0, 0x8f,
    0x50, 0x5c, 0xfe, 0x42, 0xff, 0x90, 0x0, 0x2f,
    0xb2, 0x4f, 0xfb, 0x10, 0x3, 0xef, 0x90, 0x1c,
    0xff, 0xfb, 0x73, 0x7, 0x70, 0x1, 0xc2, 0x2,
    0xff, 0xea, 0x50, 0x1, 0xff, 0xe5, 0x0, 0x0,
    0x4, 0x10, 0x0, 0x0, 0x1, 0x9f, 0xfa, 0x0,
    0x0, 0x0, 0x0, 0x0, 0x41, 0x0, 0x3d, 0x90,
    0x0, 0x0, 0x4, 0xad, 0x1f, 0xf8, 0x10, 0x1,
    0x0, 0x6, 0xbf, 0xff, 0xf3, 0x9f, 0xff, 0x70,
    0x0, 0x0, 0xef, 0xfd, 0x71, 0x0, 0x2a, 0xff,
    0xc2, 0x0, 0x7, 0x61, 0x0, 0x0, 0x0, 0x4,
    0xef, 0xd0, 0x0, 0x0, 0x0, 0x0, 0x0, 0x0,
    0x1, 0xa4, 0x0,

    /* U+7ECF "经" */
    0x0, 0x0, 0x4, 0x40, 0x0, 0x0, 0x0, 0x0,
    0x0, 0x0, 0x0, 0xdf, 0x10, 0xff, 0xff, 0xff,
    0x70, 0x0, 0x0, 0x4f, 0xa0, 0x1f, 0xff, 0xff,
    0xfe, 0x0, 0x0, 0xa, 0xf3, 0x0, 0x0, 0x0,
    0x9f, 0xa0, 0x0, 0x1, 0xfc, 0x0, 0x0, 0x0,
    0x2f, 0xf2, 0x0, 0x0, 0x8f, 0x55, 0xc2, 0x0,
    0x1d, 0xf8, 0x0, 0x0, 0x1f, 0xd0, 0xcf, 0x0,
    0x1c, 0xff, 0x30, 0x0, 0x9, 0xfc, 0xbf, 0x80,
    0x3d, 0xff, 0xfe, 0x10, 0x2, 0xff, 0xff, 0xf2,
    0x9f, 0xfd, 0x2a, 0xfc, 0x0, 0x7, 0x57, 0xf9,
    0x4f, 0xfa, 0x0, 0xc, 0xf7, 0x0, 0x0, 0xde,
    0x10, 0x93, 0x0, 0x0, 0x1a, 0x0, 0x0, 0x6f,
    0x60, 0x2, 0x22, 0x22, 0x22, 0x10, 0x0, 0x1f,
    0xd0, 0x13, 0xff, 0xff, 0xff, 0xf9, 0x0, 0xb,
    0xfc, 0xdf, 0x4c, 0xcd, 0xfe, 0xcc, 0x60, 0x3,
    0xff, 0xfe, 0xb1, 0x0, 0x8f, 0x80, 0x0, 0x0,
    0x17, 0x42, 0x0, 0x0, 0xa, 0xf6, 0x0, 0x0,
    0x0, 0x0, 0x0, 0x20, 0x0, 0xbf, 0x40, 0x0,
    0x0, 0x0, 0x4, 0xbf, 0x10, 0xd, 0xf3, 0x0,
    0x0, 0x3, 0x8e, 0xff, 0xf4, 0x0, 0xef, 0x10,
    0x0, 0x0, 0xff, 0xfd, 0x71, 0x0, 0xf, 0xf0,
    0x0, 0x0, 0x8, 0x72, 0x0, 0xaf, 0xff, 0xff,
    0xff, 0xf6, 0x0, 0x0, 0x0, 0xc, 0xff, 0xff,
    0xff, 0xff, 0x50,

    /* U+7ED1 "绑" */
    0x0, 0x0, 0x6a, 0x20, 0xa, 0xf0, 0x0, 0x0,
    0x0, 0x0, 0x0, 0xbf, 0x10, 0xc, 0xe0, 0x2f,
    0xff, 0xf4, 0x0, 0x0, 0xfb, 0x0, 0xd, 0xd0,
    0x4f, 0xee, 0xf8, 0x0, 0x5, 0xf6, 0x5, 0xff,
    0xff, 0x5f, 0x56, 0xf5, 0x0, 0xa, 0xf2, 0x5,
    0xdf, 0xeb, 0x7f, 0x3a, 0xf0, 0x0, 0x1f, 0xa8,
    0xe0, 0x2f, 0x70, 0x8f, 0x1e, 0xc0, 0x0, 0x6f,
    0x6e, 0xb0, 0x4f, 0x60, 0xaf, 0x3f, 0x70, 0x0,
    0xdf, 0xff, 0x56, 0xcf, 0xc5, 0xce, 0x7f, 0x20,
    0x0, 0xac, 0xfe, 0xb, 0xff, 0xf6, 0xdc, 0xbe,
    0x0, 0x0, 0x2, 0xf8, 0x1, 0xaf, 0x30, 0xfb,
    0xf9, 0x0, 0x0, 0xa, 0xf1, 0x0, 0xbf, 0x1,
    0xfa, 0xf9, 0x0, 0x0, 0x2f, 0x91, 0x0, 0xdd,
    0x2, 0xf7, 0xbd, 0x0, 0x1, 0xbf, 0xef, 0x6c,
    0xff, 0xc6, 0xf6, 0x9f, 0x0, 0x2, 0xff, 0xfc,
    0x9f, 0xff, 0xf7, 0xf4, 0x8f, 0x10, 0x0, 0x63,
    0x0, 0x5, 0xf7, 0x7, 0xf2, 0x8f, 0x0, 0x0,
    0x0, 0x0, 0x8, 0xf3, 0x9, 0xf1, 0xae, 0x0,
    0x0, 0x2, 0xa9, 0xd, 0xf0, 0xa, 0xf1, 0xfa,
    0x0, 0x5, 0xbf, 0xfd, 0x2f, 0xb0, 0xc, 0xfe,
    0xf3, 0x0, 0x1f, 0xfe, 0x60, 0xaf, 0x60, 0xe,
    0xff, 0x70, 0x0, 0x7, 0x40, 0x3, 0xfe, 0x0,
    0xf, 0xb1, 0x0, 0x0, 0x0, 0x0, 0xd, 0xf7,
    0x0, 0x1f, 0x90, 0x0, 0x0, 0x0, 0x0, 0x5,
    0xc0, 0x0, 0x2f, 0x70, 0x0, 0x0, 0x0, 0x0,
    0x0, 0x0, 0x0, 0x0, 0x0, 0x0, 0x0,

    /* U+7EDD "绝" */
    0x0, 0x0, 0x3, 0x0, 0x0, 0x47, 0x10, 0x0,
    0x0, 0x0, 0x1, 0xfc, 0x0, 0xc, 0xf3, 0x0,
    0x0, 0x0, 0x0, 0x7f, 0x60, 0x4, 0xff, 0xaa,
    0x92, 0x0, 0x0, 0xd, 0xf0, 0x0, 0xdf, 0xff,
    0xff, 0x80, 0x0, 0x3, 0xf9, 0x0, 0x9f, 0xb0,
    0xd, 0xf3, 0x0, 0x0, 0xaf, 0x2a, 0x8f, 0xf1,
    0x6, 0xfa, 0x0, 0x0, 0x2f, 0xb3, 0xff, 0xfe,
    0xcc, 0xff, 0xc7, 0x0, 0xa, 0xfc, 0xdf, 0x2c,
    0xff, 0xff, 0xff, 0xf1, 0x0, 0xff, 0xff, 0xb0,
    0xcf, 0x1b, 0xe0, 0xcf, 0x10, 0x4, 0x3a, 0xf3,
    0xe, 0xf0, 0xcc, 0xd, 0xf0, 0x0, 0x2, 0xfa,
    0x0, 0xfd, 0xe, 0xa0, 0xfd, 0x0, 0x0, 0xbf,
    0x10, 0x1f, 0xb0, 0xf9, 0x1f, 0xc0, 0x0, 0x6f,
    0xb8, 0x93, 0xfd, 0xaf, 0xca, 0xfa, 0x0, 0x2f,
    0xff, 0xfe, 0x5f, 0xff, 0xff, 0xff, 0x80, 0x1,
    0xda, 0x74, 0x6, 0xf8, 0x22, 0x22, 0x21, 0x0,
    0x0, 0x0, 0x0, 0x8f, 0x50, 0x0, 0x0, 0x0,
    0x0, 0x0, 0x5, 0x19, 0xf3, 0x0, 0x0, 0x0,
    0x0, 0x2, 0x7e, 0xf7, 0xaf, 0x30, 0x0, 0xc,
    0x80, 0x1e, 0xff, 0xfe, 0x79, 0xf5, 0x0, 0x5,
    0xfa, 0x0, 0xff, 0xa5, 0x0, 0x6f, 0xd3, 0x15,
    0xef, 0x40, 0x2, 0x0, 0x0, 0x0, 0xdf, 0xff,
    0xff, 0x80, 0x0, 0x0, 0x0, 0x0, 0x1, 0xae,
    0xfd, 0x60, 0x0,

    /* U+7EDF "统" */
    0x0, 0x0, 0x9, 0x50, 0x0, 0x6, 0xf7, 0x0,
    0x0, 0x0, 0x0, 0x3f, 0xa0, 0x0, 0x7, 0xf6,
    0x0, 0x0, 0x0, 0x0, 0x9f, 0x44, 0xdd, 0xde,
    0xfe, 0xdd, 0xd2, 0x0, 0x0, 0xee, 0x7, 0xff,
    0xff, 0xff, 0xff, 0xf0, 0x0, 0x5, 0xf8, 0x0,
    0x0, 0xbf, 0x60, 0x0, 0x0, 0x0, 0xc, 0xf1,
    0xd9, 0x2, 0xfe, 0x4, 0xa0, 0x0, 0x0, 0x2f,
    0xa4, 0xf9, 0xb, 0xf6, 0x9, 0xf5, 0x0, 0x0,
    0xbf, 0xde, 0xf2, 0x4f, 0xd0, 0x4, 0xfb, 0x0,
    0x0, 0xff, 0xff, 0xb4, 0xdf, 0xdd, 0xff, 0xff,
    0x0, 0x0, 0x43, 0xaf, 0x39, 0xff, 0xff, 0xfe,
    0xef, 0x50, 0x0, 0x2, 0xfb, 0x4, 0x75, 0x42,
    0x0, 0x3e, 0x50, 0x0, 0xb, 0xf2, 0x0, 0x7,
    0x61, 0x75, 0x0, 0x0, 0x0, 0x5f, 0xb6, 0xa1,
    0x1f, 0xa3, 0xfa, 0x0, 0x0, 0x2, 0xef, 0xff,
    0xf4, 0x4f, 0x85, 0xf8, 0x0, 0x0, 0x2, 0xfd,
    0xa7, 0x30, 0x7f, 0x66, 0xf6, 0x0, 0x0, 0x0,
    0x0, 0x0, 0x0, 0xbf, 0x28, 0xf5, 0x0, 0x0,
    0x0, 0x0, 0x4b, 0x31, 0xfd, 0x9, 0xf3, 0x9,
    0x90, 0x4, 0x8d, 0xff, 0x89, 0xf7, 0xa, 0xf2,
    0xf, 0xc0, 0xf, 0xff, 0xd6, 0x5f, 0xe0, 0xa,
    0xf2, 0x2f, 0xa0, 0x9, 0x83, 0x4, 0xff, 0x50,
    0x9, 0xf5, 0x8f, 0x60, 0x0, 0x0, 0x2f, 0xf8,
    0x0, 0x6, 0xff, 0xfe, 0x0, 0x0, 0x0, 0x9,
    0x80, 0x0, 0x0, 0xaf, 0xd4, 0x0, 0x0, 0x0,
    0x0, 0x0, 0x0, 0x0, 0x0, 0x0, 0x0,

    /* U+7EED "续" */
    0x0, 0x0, 0xc, 0x50, 0x0, 0x1, 0xfb, 0x0,
    0x0, 0x0, 0x0, 0x6f, 0x60, 0x0, 0x2, 0xfa,
    0x0, 0x0, 0x0, 0x0, 0xbf, 0x10, 0x1f, 0xff,
    0xff, 0xff, 0x90, 0x0, 0x1, 0xfb, 0x0, 0x1b,
    0xbd, 0xfd, 0xbb, 0x60, 0x0, 0x6, 0xf5, 0x0,
    0x0, 0x7, 0xf5, 0x0, 0x0, 0x0, 0xd, 0xe0,
    0xc5, 0xac, 0xce, 0xfd, 0xcb, 0x40, 0x0, 0x3f,
    0x75, 0xf4, 0xff, 0xff, 0xff, 0xff, 0xc0, 0x0,
    0xbf, 0xce, 0xd0, 0x11, 0x0, 0x0, 0x3f, 0xa0,
    0x0, 0xef, 0xff, 0x70, 0xac, 0x0, 0xda, 0x7f,
    0x60, 0x0, 0x32, 0xbf, 0x10, 0x5f, 0xc2, 0xfa,
    0xcf, 0x10, 0x0, 0x2, 0xf8, 0x3, 0x55, 0x65,
    0xf7, 0x16, 0x0, 0x0, 0xb, 0xe0, 0xb, 0xf6,
    0x7, 0xf5, 0x0, 0x0, 0x0, 0x4f, 0x96, 0x30,
    0xcd, 0xa, 0xf2, 0x0, 0x0, 0x2, 0xef, 0xff,
    0x80, 0x12, 0xe, 0xf0, 0x0, 0x0, 0x2, 0xfc,
    0x95, 0x4f, 0xff, 0xff, 0xff, 0xff, 0x30, 0x0,
    0x0, 0x0, 0x3c, 0xcc, 0xff, 0xdc, 0xcc, 0x10,
    0x0, 0x0, 0x3, 0x0, 0x3, 0xff, 0x80, 0x0,
    0x0, 0x0, 0x4, 0xdf, 0x30, 0x1d, 0xfe, 0xf8,
    0x0, 0x0, 0x7, 0xdf, 0xfb, 0x21, 0xcf, 0x91,
    0xef, 0x80, 0x0, 0xe, 0xfb, 0x40, 0x2d, 0xfa,
    0x0, 0x2e, 0xf6, 0x0, 0x4, 0x20, 0x2, 0xff,
    0x90, 0x0, 0x3, 0xfd, 0x0, 0x0, 0x0, 0x0,
    0xa5, 0x0, 0x0, 0x0, 0x51, 0x0,

    /* U+7EFF "绿" */
    0x0, 0x0, 0x5, 0x20, 0x0, 0x0, 0x0, 0x0,
    0x0, 0x0, 0x0, 0x1f, 0xc0, 0x2f, 0xff, 0xff,
    0xfc, 0x10, 0x0, 0x0, 0x6f, 0x60, 0x3d, 0xdd,
    0xdd, 0xef, 0x50, 0x0, 0x0, 0xcf, 0x0, 0x0,
    0x0, 0x0, 0xaf, 0x30, 0x0, 0x3, 0xf9, 0x0,
    0x0, 0x0, 0x0, 0xcf, 0x10, 0x0, 0xa, 0xf3,
    0x53, 0xe, 0xff, 0xff, 0xfe, 0x0, 0x0, 0x1f,
    0xc1, 0xfb, 0x9, 0x99, 0x9a, 0xfc, 0x0, 0x0,
    0xaf, 0xbb, 0xf4, 0x0, 0x0, 0x3, 0xfa, 0x0,
    0x0, 0xff, 0xff, 0xc4, 0xcc, 0xcc, 0xcd, 0xfe,
    0xc2, 0x0, 0x54, 0xaf, 0x57, 0xff, 0xff, 0xff,
    0xff, 0xf1, 0x0, 0x1, 0xfc, 0x0, 0x0, 0x1f,
    0xb0, 0x0, 0x0, 0x0, 0xa, 0xf3, 0x3, 0x70,
    0x2f, 0x90, 0x19, 0x0, 0x0, 0x4f, 0xa5, 0x49,
    0xf7, 0x4f, 0xa0, 0xcf, 0x30, 0x2, 0xef, 0xff,
    0xb0, 0xac, 0x6f, 0xec, 0xf5, 0x0, 0x2, 0xfe,
    0xb8, 0x30, 0x0, 0x7f, 0xff, 0x40, 0x0, 0x0,
    0x10, 0x1, 0x0, 0x89, 0x9f, 0xfc, 0x0, 0x0,
    0x0, 0x0, 0x7e, 0x47, 0xfa, 0xbf, 0x8f, 0x50,
    0x0, 0x1, 0x7e, 0xff, 0xff, 0xc0, 0xcf, 0xe,
    0xe1, 0x0, 0xe, 0xff, 0xc4, 0xdb, 0x0, 0xee,
    0x5, 0xfb, 0x0, 0x9, 0xa4, 0x0, 0x22, 0x61,
    0xfb, 0x0, 0xac, 0x0, 0x0, 0x0, 0x0, 0x7,
    0xff, 0xf7, 0x0, 0x0, 0x0, 0x0, 0x0, 0x0,
    0x0, 0xbf, 0xa0, 0x0, 0x0, 0x0,

    /* U+7F13 "缓" */
    0x0, 0x0, 0x93, 0x0, 0x1, 0x24, 0x57, 0x9a,
    0x0, 0x0, 0x5f, 0x70, 0xef, 0xff, 0xff, 0xff,
    0xf2, 0x0, 0xb, 0xf2, 0xb, 0xdb, 0xa8, 0x64,
    0x20, 0x0, 0x1, 0xfc, 0x0, 0x2, 0x3, 0x60,
    0x9, 0x20, 0x0, 0x7f, 0x60, 0x6, 0xf2, 0x8f,
    0x5, 0xf4, 0x0, 0xd, 0xf1, 0xa3, 0x3f, 0x66,
    0xf2, 0xcd, 0x0, 0x4, 0xf9, 0x5f, 0x7f, 0xff,
    0xff, 0xff, 0xf7, 0x0, 0xdf, 0xad, 0xf1, 0xaa,
    0xef, 0xaa, 0xaa, 0x30, 0xf, 0xff, 0xf8, 0x0,
    0xe, 0xd0, 0x0, 0x0, 0x0, 0x20, 0xcf, 0x18,
    0xbb, 0xfe, 0xbb, 0xbb, 0x50, 0x0, 0x5f, 0x80,
    0xdf, 0xff, 0xff, 0xff, 0xf6, 0x0, 0xd, 0xe0,
    0x0, 0xa, 0xf2, 0x0, 0x0, 0x0, 0x7, 0xfb,
    0xaa, 0x0, 0xfe, 0x0, 0x0, 0x0, 0x4, 0xff,
    0xff, 0xe0, 0x5f, 0xff, 0xff, 0xe3, 0x0, 0x2d,
    0xa7, 0x30, 0xb, 0xff, 0xcb, 0xdf, 0x70, 0x0,
    0x0, 0x0, 0x13, 0xff, 0xf4, 0xa, 0xf1, 0x0,
    0x0, 0x17, 0xdc, 0xaf, 0x5f, 0xb4, 0xf9, 0x0,
    0x7, 0xdf, 0xff, 0xff, 0xb0, 0x9f, 0xfe, 0x10,
    0x0, 0xbf, 0xfa, 0x5d, 0xf3, 0x5, 0xff, 0x60,
    0x0, 0x4, 0x40, 0xa, 0xf8, 0x2a, 0xfe, 0xff,
    0x60, 0x0, 0x0, 0x2, 0xfc, 0x3f, 0xfb, 0x13,
    0xef, 0x80, 0x0, 0x0, 0x3, 0x10, 0x84, 0x0,
    0x0, 0x81, 0x0,

    /* U+7F16 "编" */
    0x0, 0x0, 0x29, 0x20, 0x0, 0x4, 0xf9, 0x0,
    0x0, 0x0, 0x0, 0x8f, 0x40, 0x0, 0x5, 0xf7,
    0x0, 0x0, 0x0, 0x0, 0xde, 0x0, 0xbb, 0xbd,
    0xfd, 0xba, 0x60, 0x0, 0x2, 0xf9, 0x2, 0xff,
    0xff, 0xff, 0xff, 0xf0, 0x0, 0x8, 0xf3, 0x3,
    0xf8, 0x0, 0x0, 0xc, 0xf0, 0x0, 0xe, 0xd4,
    0x86, 0xf6, 0x0, 0x0, 0xe, 0xe0, 0x0, 0x4f,
    0x7a, 0xf8, 0xfd, 0xbb, 0xbb, 0xbf, 0xc0, 0x0,
    0xcf, 0xcf, 0xa8, 0xff, 0xff, 0xff, 0xff, 0xb0,
    0x0, 0xef, 0xff, 0x3a, 0xf2, 0x0, 0x0, 0x0,
    0x0, 0x0, 0x43, 0xec, 0xc, 0xf7, 0xcc, 0xcc,
    0xcc, 0x40, 0x0, 0x6, 0xf4, 0xe, 0xea, 0xff,
    0xff, 0xff, 0xb0, 0x0, 0xe, 0xc0, 0xf, 0xcb,
    0xc8, 0xab, 0x7d, 0xa0, 0x0, 0x9f, 0xbb, 0x4f,
    0xad, 0xba, 0x8c, 0x5f, 0x90, 0x4, 0xff, 0xff,
    0x8f, 0x7f, 0x9b, 0x6e, 0x5f, 0x70, 0x1, 0x97,
    0x30, 0x8f, 0x6f, 0xff, 0xff, 0xff, 0x50, 0x0,
    0x0, 0x0, 0xbf, 0x4f, 0xaf, 0xaf, 0xaf, 0x40,
    0x0, 0x0, 0x22, 0xef, 0x4f, 0x4f, 0x5e, 0x6f,
    0x20, 0x1, 0x5b, 0xfc, 0xfb, 0x5f, 0x4f, 0x5d,
    0x7f, 0x0, 0xf, 0xff, 0xfe, 0xf7, 0x7f, 0x4e,
    0x6c, 0x9f, 0x0, 0xb, 0xb6, 0x1a, 0xf3, 0x8f,
    0x5d, 0x7a, 0xbd, 0x0, 0x0, 0x0, 0xe, 0xe0,
    0xad, 0x6b, 0x9a, 0xfa, 0x0, 0x0, 0x0, 0x1d,
    0x90, 0xcc, 0x8a, 0xa9, 0xf4, 0x0, 0x0, 0x0,
    0x0, 0x0, 0x0, 0x0, 0x0, 0x0, 0x0,

    /* U+7F29 "缩" */
    0x0, 0x0, 0xa5, 0x0, 0x0, 0x4f, 0x90, 0x0,
    0x0, 0x0, 0x3f, 0x90, 0x0, 0x6, 0xf8, 0x0,
    0x0, 0x0, 0x8, 0xf3, 0xf, 0xff, 0xff, 0xff,
    0xfa, 0x0, 0x0, 0xde, 0x1, 0xfe, 0xcc, 0xcc,
    0xcf, 0xf0, 0x0, 0x3f, 0x80, 0x3f, 0xb0, 0x0,
    0x0, 0xdf, 0x0, 0x9, 0xf2, 0x2, 0xbf, 0xa0,
    0x0, 0x5, 0x50, 0x0, 0xec, 0x3d, 0x47, 0xf8,
    0xff, 0xff, 0xfc, 0x0, 0x5f, 0x69, 0xf2, 0xdf,
    0x3c, 0xcf, 0xfc, 0x90, 0x2e, 0xff, 0xfc, 0x3f,
    0xe0, 0x1, 0xf8, 0x0, 0x1, 0xfe, 0xef, 0x5a,
    0xfc, 0x0, 0x8f, 0x30, 0x0, 0x0, 0xc, 0xe3,
    0xff, 0xb4, 0xff, 0xff, 0xe1, 0x0, 0x4, 0xf6,
    0xaf, 0xf9, 0x5f, 0xba, 0xcf, 0x30, 0x0, 0xce,
    0xc, 0xaf, 0x77, 0xf2, 0x7, 0xf2, 0x0, 0x6f,
    0xcb, 0x13, 0xf6, 0x8f, 0x0, 0x9f, 0x10, 0x5f,
    0xff, 0xf3, 0x4f, 0x4a, 0xfa, 0xae, 0xf0, 0x4,
    0xea, 0x61, 0x6, 0xf2, 0xcf, 0xff, 0xfd, 0x0,
    0x0, 0x0, 0x0, 0x8f, 0x1d, 0xb0, 0xe, 0xc0,
    0x0, 0x0, 0x4c, 0x8a, 0xf0, 0xfa, 0x0, 0xfa,
    0x0, 0x5, 0xcf, 0xfc, 0xce, 0xf, 0x80, 0x1f,
    0x80, 0xb, 0xff, 0xfa, 0x2d, 0xc2, 0xf7, 0x3,
    0xf7, 0x0, 0x8b, 0x61, 0x0, 0xfa, 0x4f, 0xdc,
    0xdf, 0x50, 0x0, 0x0, 0x0, 0x1f, 0x95, 0xff,
    0xff, 0xf4, 0x0,

    /* U+7F6E "置" */
    0x0, 0xc, 0xff, 0xff, 0xff, 0xff, 0xff, 0xe3,
    0x0, 0xd, 0xf8, 0xbf, 0xb8, 0xff, 0x8b, 0xf7,
    0x0, 0xf, 0xd0, 0x6f, 0x50, 0xfd, 0x7, 0xf6,
    0x0, 0x1f, 0xff, 0xff, 0xff, 0xff, 0xff, 0xf4,
    0x0, 0x19, 0x99, 0x99, 0xff, 0x99, 0x99, 0x91,
    0x0, 0x11, 0x11, 0x12, 0xfc, 0x11, 0x11, 0x10,
    0x4, 0xff, 0xff, 0xff, 0xff, 0xff, 0xff, 0xfa,
    0x3, 0xaa, 0xaa, 0xad, 0xfb, 0xaa, 0xaa, 0xa5,
    0x0, 0x7, 0x99, 0x9d, 0xfa, 0x99, 0x70, 0x0,
    0x0, 0xe, 0xff, 0xff, 0xff, 0xff, 0xf7, 0x0,
    0x0, 0xf, 0xd0, 0x0, 0x0, 0x7, 0xf7, 0x0,
    0x0, 0x1f, 0xff, 0xff, 0xff, 0xff, 0xf5, 0x0,
    0x0, 0x3f, 0xd8, 0x88, 0x88, 0x8d, 0xf3, 0x0,
    0x0, 0x5f, 0xa2, 0x22, 0x22, 0x2c, 0xf1, 0x0,
    0x0, 0x6f, 0xff, 0xff, 0xff, 0xff, 0xf0, 0x0,
    0x0, 0x8f, 0x84, 0x44, 0x44, 0x4f, 0xe0, 0x0,
    0x0, 0xaf, 0x97, 0x77, 0x77, 0x7f, 0xc0, 0x0,
    0x0, 0xbf, 0xff, 0xff, 0xff, 0xff, 0xa0, 0x0,
    0x0, 0xdf, 0x10, 0x0, 0x0, 0x4f, 0x90, 0x0,
    0x6a, 0xff, 0xaa, 0xaa, 0xaa, 0xcf, 0xda, 0x20,
    0xbf, 0xff, 0xff, 0xff, 0xff, 0xff, 0xff, 0x20,

    /* U+7F8E "美" */
    0x0, 0x0, 0x0, 0x1, 0x10, 0x0, 0x10, 0x0,
    0x0, 0x0, 0x0, 0x4, 0xf8, 0x0, 0xd, 0xf1,
    0x0, 0x0, 0x0, 0x22, 0x3f, 0xc2, 0x25, 0xfb,
    0x22, 0x10, 0x0, 0x4f, 0xff, 0xff, 0xff, 0xff,
    0xff, 0xf8, 0x0, 0x4, 0xbb, 0xbb, 0xbf, 0xfb,
    0xbb, 0xbb, 0x50, 0x0, 0x0, 0x0, 0x1, 0xfe,
    0x0, 0x0, 0x0, 0x0, 0x0, 0xcc, 0xcc, 0xdf,
    0xfc, 0xcc, 0xc6, 0x0, 0x0, 0xf, 0xff, 0xff,
    0xff, 0xff, 0xff, 0x60, 0x0, 0x0, 0x0, 0x0,
    0x7f, 0x90, 0x0, 0x0, 0x0, 0x0, 0x0, 0x0,
    0x8, 0xf8, 0x0, 0x0, 0x0, 0x0, 0xaf, 0xff,
    0xff, 0xff, 0xff, 0xff, 0xff, 0x50, 0x9, 0xcc,
    0xcc, 0xcc, 0xcc, 0xcc, 0xcc, 0xc3, 0x0, 0x0,
    0x0, 0x0, 0x77, 0x10, 0x0, 0x0, 0x0, 0x0,
    0x0, 0x0, 0xf, 0xf1, 0x0, 0x0, 0x0, 0x0,
    0xbe, 0xee, 0xee, 0xff, 0xee, 0xee, 0xe9, 0x0,
    0xe, 0xff, 0xff, 0xff, 0xff, 0xff, 0xff, 0x90,
    0x0, 0x0, 0x0, 0x7f, 0xff, 0xb0, 0x0, 0x0,
    0x0, 0x0, 0x0, 0x7f, 0xf5, 0xdf, 0x80, 0x0,
    0x0, 0x0, 0x4, 0xcf, 0xf7, 0x4, 0xff, 0xa1,
    0x0, 0x0, 0x7d, 0xff, 0xf5, 0x0, 0x4, 0xff,
    0xe8, 0x20, 0xf, 0xff, 0x81, 0x0, 0x0, 0x2,
    0xbf, 0xfd, 0x0, 0x75, 0x0, 0x0, 0x0, 0x0,
    0x0, 0x49, 0x70,

    /* U+7FD4 "翔" */
    0x0, 0x3, 0x50, 0x45, 0x0, 0x0, 0x0, 0x0,
    0x0, 0x0, 0x9, 0xe0, 0xbd, 0xbf, 0xfe, 0x4f,
    0xff, 0xc0, 0x0, 0x6, 0xf2, 0xf8, 0x9c, 0xcf,
    0xac, 0xcd, 0xf3, 0x0, 0x2, 0x66, 0xf3, 0x0,
    0x3f, 0x70, 0x8, 0xf1, 0x0, 0x2c, 0xce, 0xf9,
    0x54, 0x5f, 0x67, 0x2a, 0xf0, 0x0, 0x4f, 0xff,
    0xfa, 0xc9, 0x7f, 0x5f, 0x4c, 0xe0, 0x0, 0x0,
    0x9f, 0x10, 0xc9, 0x8f, 0x3f, 0x4d, 0xc0, 0x0,
    0x0, 0xbf, 0x0, 0xb9, 0xaf, 0x1f, 0x4f, 0xb0,
    0x0, 0x2, 0xde, 0x20, 0xb9, 0xce, 0x1f, 0x5f,
    0x90, 0x0, 0x6f, 0xff, 0xf1, 0xb9, 0xdc, 0x1f,
    0x6f, 0x70, 0x0, 0x49, 0xfe, 0x90, 0x43, 0xfb,
    0x5, 0x6f, 0x60, 0x0, 0x1, 0xf9, 0x0, 0xb,
    0xf9, 0x1, 0xef, 0x40, 0x0, 0x4, 0xf7, 0x0,
    0x6f, 0xf7, 0xb, 0xff, 0x20, 0x0, 0xac, 0xfc,
    0x94, 0xfe, 0xf6, 0x9f, 0xef, 0x10, 0x1, 0xff,
    0xff, 0xef, 0xd6, 0xfc, 0xf9, 0xaf, 0x0, 0x0,
    0xd, 0xe0, 0x6e, 0x27, 0xfd, 0xb0, 0xcd, 0x0,
    0x0, 0x2f, 0xa0, 0x2, 0x9, 0xf3, 0x0, 0xec,
    0x0, 0x0, 0x7f, 0x50, 0x0, 0xa, 0xf0, 0x0,
    0xfa, 0x0, 0x0, 0xdf, 0x10, 0x3e, 0x2c, 0xd7,
    0xc1, 0xf8, 0x0, 0x4, 0xfa, 0x0, 0x2f, 0x5f,
    0xb7, 0xf5, 0xf6, 0x0, 0xc, 0xf3, 0x0, 0xe,
    0xff, 0x63, 0xff, 0xf2, 0x0, 0x1e, 0xb0, 0x0,
    0x5, 0xfc, 0x0, 0x9f, 0x80, 0x0, 0x0, 0x20,
    0x0, 0x0, 0x0, 0x0, 0x0, 0x0, 0x0,

    /* U+7FFB "翻" */
    0x0, 0x1, 0x24, 0x7a, 0x80, 0x0, 0x0, 0x0,
    0x0, 0xb, 0xff, 0xff, 0xb6, 0xcf, 0xf4, 0xef,
    0xe1, 0x0, 0x59, 0x8f, 0x70, 0xa, 0xcf, 0x7b,
    0xcf, 0x40, 0x6, 0x92, 0xf5, 0xa4, 0x1, 0xf6,
    0x4, 0xf2, 0x0, 0x5e, 0x4f, 0x5f, 0x3b, 0x2f,
    0x7a, 0x6f, 0x10, 0x16, 0xf9, 0xfb, 0xd4, 0xf4,
    0xf6, 0xe7, 0xf0, 0x5, 0xff, 0xff, 0xff, 0x8f,
    0x6f, 0x4e, 0x9d, 0x0, 0x26, 0xbf, 0xf7, 0x64,
    0xf7, 0xf3, 0xeb, 0xc0, 0x0, 0x2f, 0xff, 0xd1,
    0x2e, 0x9e, 0x3d, 0xda, 0x0, 0x1d, 0xcc, 0xcd,
    0xb2, 0xab, 0xc2, 0x9e, 0x80, 0x1e, 0xe1, 0xea,
    0x2f, 0x50, 0xea, 0x2, 0xf7, 0x0, 0x92, 0xe,
    0x70, 0x30, 0x7f, 0x90, 0xaf, 0x50, 0x4, 0x88,
    0x88, 0x72, 0x1e, 0xf7, 0x3f, 0xf3, 0x0, 0x9f,
    0xff, 0xff, 0x9b, 0xef, 0x6d, 0xef, 0x20, 0xb,
    0xb4, 0xf0, 0xee, 0xf8, 0xfd, 0xf8, 0xf0, 0x0,
    0xc9, 0x6e, 0xf, 0xc8, 0x6f, 0xb6, 0x8e, 0x0,
    0xe, 0xff, 0xff, 0xf5, 0x7, 0xf1, 0xa, 0xd0,
    0x0, 0xf9, 0xcd, 0x8f, 0x30, 0x9e, 0x0, 0xbb,
    0x0, 0x1f, 0x4b, 0xa4, 0xf2, 0xa, 0xd0, 0x1d,
    0xa0, 0x3, 0xf3, 0xc9, 0x6f, 0x7b, 0xcb, 0xa8,
    0xf7, 0x0, 0x4f, 0xef, 0xbb, 0xf3, 0xff, 0x77,
    0xff, 0x40, 0x6, 0xff, 0xff, 0xfd, 0xb, 0xd1,
    0x1d, 0xc0, 0x0,

    /* U+7FFC "翼" */
    0x0, 0xcf, 0xff, 0xfe, 0x3b, 0xff, 0xff, 0xf8,
    0x0, 0xa, 0xfb, 0xbc, 0xf8, 0x8e, 0xcb, 0xbf,
    0xf0, 0x0, 0x5f, 0xc4, 0x5f, 0x70, 0xef, 0x70,
    0xed, 0x0, 0x0, 0x3d, 0xdd, 0xf5, 0x1, 0xbf,
    0xdf, 0xc0, 0x5, 0xef, 0xff, 0xef, 0x6e, 0xff,
    0xfc, 0xfa, 0x0, 0x29, 0x63, 0x8, 0xc2, 0x96,
    0x30, 0x3f, 0x80, 0x0, 0x9, 0x99, 0x99, 0x99,
    0x99, 0x97, 0x10, 0x0, 0x2, 0xff, 0xff, 0xff,
    0xff, 0xff, 0xf6, 0x0, 0x0, 0x4f, 0x82, 0x26,
    0xf6, 0x22, 0x7f, 0x50, 0x0, 0x6, 0xff, 0xff,
    0xff, 0xff, 0xff, 0xf4, 0x0, 0x0, 0x7f, 0x52,
    0x29, 0xf3, 0x22, 0xaf, 0x20, 0x0, 0x9, 0xff,
    0xff, 0xff, 0xff, 0xff, 0xf0, 0x0, 0x0, 0x69,
    0xbf, 0xc9, 0x9b, 0xfb, 0x98, 0x0, 0x0, 0x17,
    0x7a, 0xfb, 0x77, 0xaf, 0xa7, 0x71, 0x0, 0x5,
    0xff, 0xff, 0xff, 0xff, 0xff, 0xff, 0x10, 0x0,
    0x0, 0x9, 0xf3, 0x0, 0xaf, 0x20, 0x0, 0x0,
    0x5f, 0xff, 0xff, 0xff, 0xff, 0xff, 0xff, 0x80,
    0x4, 0xaa, 0xaa, 0xaa, 0xaa, 0xaa, 0xaa, 0xa5,
    0x0, 0x0, 0x26, 0xbe, 0x0, 0x1f, 0xc8, 0x40,
    0x0, 0x4, 0xff, 0xfd, 0x81, 0x2, 0x9d, 0xff,
    0xf1, 0x0, 0x19, 0x62, 0x0, 0x0, 0x0, 0x1,
    0x57, 0x0, 0x0,

    /* U+8005 "者" */
    0x0, 0x0, 0x0, 0x5, 0xf9, 0x0, 0x0, 0x0,
    0x0, 0x0, 0x0, 0x6, 0xf8, 0x0, 0x0, 0x0,
    0x0, 0x0, 0x0, 0x8, 0xf7, 0x0, 0x5, 0xe3,
    0x0, 0xe, 0xff, 0xff, 0xff, 0xff, 0xbe, 0xf4,
    0x0, 0xd, 0xdd, 0xdf, 0xfd, 0xdd, 0xff, 0x90,
    0x0, 0x0, 0x0, 0xc, 0xf2, 0x6, 0xfd, 0x0,
    0x0, 0x0, 0x0, 0xe, 0xf0, 0x4f, 0xe2, 0x0,
    0x1, 0x33, 0x33, 0x3f, 0xf5, 0xff, 0x63, 0x32,
    0xa, 0xff, 0xff, 0xff, 0xff, 0xff, 0xff, 0xfc,
    0x9, 0xcc, 0xcc, 0xdf, 0xfe, 0xcc, 0xcc, 0xc7,
    0x0, 0x0, 0x6, 0xef, 0xb1, 0x0, 0x0, 0x0,
    0x0, 0x3, 0xcf, 0xf8, 0x0, 0x0, 0x0, 0x0,
    0x4, 0xbf, 0xff, 0xff, 0xff, 0xff, 0xf7, 0x0,
    0x9f, 0xff, 0xff, 0xdd, 0xdd, 0xdd, 0xfd, 0x0,
    0x4e, 0x65, 0xf9, 0x0, 0x0, 0x2, 0xfc, 0x0,
    0x0, 0x7, 0xf8, 0x0, 0x0, 0x4, 0xfb, 0x0,
    0x0, 0x8, 0xff, 0xff, 0xff, 0xff, 0xf9, 0x0,
    0x0, 0xa, 0xfb, 0xaa, 0xaa, 0xad, 0xf7, 0x0,
    0x0, 0xc, 0xf3, 0x0, 0x0, 0x9, 0xf6, 0x0,
    0x0, 0xd, 0xf1, 0x0, 0x0, 0xa, 0xf4, 0x0,
    0x0, 0xf, 0xfd, 0xdd, 0xdd, 0xdf, 0xf2, 0x0,
    0x0, 0xf, 0xff, 0xff, 0xff, 0xff, 0xf1, 0x0,

    /* U+8017 "耗" */
    0x0, 0x0, 0xd, 0xf0, 0x0, 0x0, 0x0, 0x35,
    0x0, 0x0, 0x0, 0xfe, 0x0, 0x0, 0x5, 0xcf,
    0xe0, 0x0, 0x1, 0x1f, 0xd1, 0x6, 0xbf, 0xff,
    0xf8, 0x0, 0x3, 0xff, 0xff, 0xf8, 0xdf, 0xff,
    0x80, 0x0, 0x0, 0x2a, 0xbf, 0xda, 0x47, 0x6a,
    0xf4, 0x0, 0x0, 0x0, 0x5, 0xf8, 0x0, 0x0,
    0xaf, 0x30, 0x0, 0x0, 0x1, 0x7f, 0x71, 0x0,
    0xb, 0xf1, 0x0, 0x0, 0x8, 0xff, 0xff, 0xf1,
    0x23, 0xdf, 0x89, 0x90, 0x0, 0x59, 0xef, 0xa9,
    0x6f, 0xff, 0xff, 0xfe, 0x0, 0x0, 0xc, 0xf1,
    0x4, 0x99, 0xfd, 0x54, 0x20, 0x0, 0x0, 0xef,
    0x0, 0x0, 0x2f, 0xa0, 0x0, 0x0, 0x6f, 0xff,
    0xff, 0xf0, 0x4, 0xf9, 0x0, 0x0, 0x5, 0xae,
    0xfe, 0xa9, 0x13, 0x8f, 0xb8, 0x9b, 0x10, 0x1,
    0xff, 0xe2, 0x2f, 0xff, 0xff, 0xff, 0xf1, 0x0,
    0x7f, 0xff, 0xe3, 0xcb, 0xdf, 0x96, 0x43, 0x0,
    0xe, 0xdf, 0x9f, 0xc0, 0xa, 0xf2, 0x0, 0x0,
    0x8, 0xf8, 0xf5, 0x79, 0x0, 0xcf, 0x0, 0x0,
    0x2, 0xfa, 0x7f, 0x30, 0x0, 0xd, 0xf0, 0x3,
    0x82, 0x4f, 0x29, 0xf1, 0x0, 0x0, 0xef, 0x0,
    0x9f, 0x40, 0x10, 0xbf, 0x0, 0x0, 0xd, 0xf2,
    0x2f, 0xe0, 0x0, 0xc, 0xe0, 0x0, 0x0, 0x9f,
    0xff, 0xf6, 0x0, 0x0, 0xec, 0x0, 0x0, 0x1,
    0xbf, 0xf8, 0x0, 0x0, 0x0, 0x0, 0x0, 0x0,
    0x0, 0x0, 0x0, 0x0,

    /* U+8026 "耦" */
    0x0, 0x0, 0xe, 0xc0, 0x0, 0x0, 0x0, 0x0,
    0x0, 0x0, 0x0, 0xfb, 0x1, 0xff, 0xff, 0xff,
    0xf5, 0x0, 0x5, 0x8f, 0xd6, 0x3f, 0xc9, 0xfb,
    0x9f, 0x90, 0x0, 0xbf, 0xff, 0xb4, 0xf6, 0x2f,
    0x53, 0xf7, 0x0, 0x7, 0xbf, 0xc5, 0x6f, 0x98,
    0xf8, 0x8f, 0x60, 0x0, 0x6, 0xf5, 0x8, 0xff,
    0xff, 0xff, 0xf4, 0x0, 0x5, 0xaf, 0x81, 0x9f,
    0x17, 0xf0, 0x8f, 0x20, 0x1, 0xff, 0xff, 0x3b,
    0xf7, 0xcf, 0x7c, 0xf1, 0x0, 0x4, 0xcf, 0x40,
    0xdf, 0xff, 0xff, 0xff, 0x0, 0x0, 0xc, 0xe0,
    0x0, 0x0, 0xda, 0x0, 0x0, 0x0, 0x0, 0xed,
    0x0, 0x22, 0x2f, 0x92, 0x20, 0x0, 0xc, 0xff,
    0xff, 0x5f, 0xff, 0xff, 0xff, 0xe1, 0x0, 0xaf,
    0xfe, 0xb6, 0xfa, 0xaf, 0xb9, 0xcf, 0x20, 0x1,
    0xff, 0x90, 0x7f, 0x24, 0xf5, 0x39, 0xf1, 0x0,
    0x7f, 0xff, 0x39, 0xf1, 0x5f, 0x8b, 0xbf, 0x0,
    0xd, 0xff, 0xed, 0xbf, 0x7, 0xfc, 0xcc, 0xd0,
    0x6, 0xfb, 0xf6, 0x8c, 0xe6, 0xdf, 0xfe, 0xec,
    0x0, 0xed, 0x8f, 0x10, 0xee, 0xfd, 0x74, 0xff,
    0xa0, 0x9, 0x59, 0xf0, 0xf, 0xa3, 0x0, 0x18,
    0xf8, 0x0, 0x0, 0xbd, 0x1, 0xf8, 0x1c, 0x60,
    0x5f, 0x50, 0x0, 0xd, 0xc0, 0x3f, 0x70, 0xef,
    0x9e, 0xe1, 0x0, 0x0, 0xea, 0x5, 0xf5, 0x3,
    0xdf, 0xd4, 0x0, 0x0, 0x0, 0x0, 0x0, 0x0,
    0x0, 0x0, 0x0, 0x0,

    /* U+8054 "联" */
    0x0, 0x0, 0x0, 0x0, 0x5, 0x90, 0x2, 0x93,
    0x2, 0xff, 0xff, 0xff, 0x19, 0xf1, 0x8, 0xf4,
    0x4, 0xff, 0xff, 0xff, 0x6, 0xf4, 0xe, 0xe0,
    0x0, 0x8f, 0x27, 0xf3, 0x3, 0xf7, 0x5f, 0x70,
    0x0, 0xaf, 0x8, 0xf2, 0x55, 0x75, 0xdf, 0x63,
    0x0, 0xcf, 0xa, 0xf1, 0xff, 0xff, 0xff, 0xf9,
    0x0, 0xdf, 0xff, 0xe0, 0x88, 0xaf, 0xd8, 0x84,
    0x0, 0xfe, 0xbf, 0xd0, 0x0, 0x4f, 0x80, 0x0,
    0x1, 0xfa, 0xf, 0xb0, 0x0, 0x5f, 0x60, 0x0,
    0x2, 0xf8, 0x1f, 0xa0, 0x0, 0x7f, 0x50, 0x0,
    0x4, 0xf7, 0x3f, 0x86, 0x88, 0xcf, 0xa8, 0x84,
    0x6, 0xff, 0xff, 0x6d, 0xff, 0xff, 0xff, 0xf7,
    0x7, 0xfb, 0xcf, 0x55, 0x66, 0xff, 0x86, 0x62,
    0x9, 0xf2, 0x7f, 0x30, 0x3, 0xff, 0x30, 0x0,
    0xb, 0xf0, 0x9f, 0x20, 0x7, 0xff, 0x50, 0x0,
    0xc, 0xe0, 0xbf, 0xe0, 0xc, 0xff, 0x80, 0x0,
    0xe, 0xfd, 0xff, 0xf1, 0x2f, 0xad, 0xd0, 0x0,
    0xdf, 0xff, 0xfd, 0x0, 0x9f, 0x4a, 0xf2, 0x0,
    0xbb, 0x72, 0xfb, 0x3, 0xfd, 0x4, 0xf9, 0x0,
    0x0, 0x2, 0xf9, 0xc, 0xf5, 0x0, 0xef, 0x30,
    0x0, 0x3, 0xf7, 0xaf, 0xb0, 0x0, 0x5f, 0xd0,
    0x0, 0x5, 0xf6, 0x5d, 0x10, 0x0, 0x9, 0x40,
    0x0, 0x0, 0x0, 0x0, 0x0, 0x0, 0x0, 0x0,

    /* U+80CC "背" */
    0x0, 0x0, 0x5, 0xf7, 0x1f, 0xb0, 0x0, 0x0,
    0x0, 0x0, 0x6, 0xf6, 0x2f, 0xa0, 0x3, 0xa0,
    0x9, 0xcc, 0xcd, 0xf4, 0x4f, 0x92, 0x9f, 0xf3,
    0xd, 0xff, 0xff, 0xf3, 0x5f, 0xef, 0xfe, 0x60,
    0x0, 0x0, 0xb, 0xf1, 0x7f, 0xe9, 0x40, 0x0,
    0x0, 0x3, 0x8f, 0xf0, 0x8f, 0x40, 0x7, 0x70,
    0x1a, 0xef, 0xff, 0xe0, 0x7f, 0x60, 0x3f, 0xc0,
    0x1f, 0xe9, 0x4f, 0xd0, 0x3f, 0xfc, 0xff, 0x40,
    0x2, 0x0, 0x1c, 0x90, 0x7, 0xff, 0xe6, 0x0,
    0x0, 0x0, 0x0, 0x0, 0x0, 0x1, 0x0, 0x0,
    0x0, 0xdf, 0xff, 0xff, 0xff, 0xff, 0x80, 0x0,
    0x0, 0xff, 0xbb, 0xbb, 0xbb, 0xbf, 0xe0, 0x0,
    0x1, 0xfd, 0x0, 0x0, 0x0, 0x1f, 0xd0, 0x0,
    0x3, 0xff, 0xff, 0xff, 0xff, 0xff, 0xb0, 0x0,
    0x4, 0xfd, 0x99, 0x99, 0x99, 0xbf, 0x90, 0x0,
    0x6, 0xf8, 0x0, 0x0, 0x0, 0x6f, 0x80, 0x0,
    0x8, 0xff, 0xff, 0xff, 0xff, 0xff, 0x60, 0x0,
    0x9, 0xfb, 0xaa, 0xaa, 0xaa, 0xef, 0x40, 0x0,
    0xb, 0xf3, 0x0, 0x0, 0x0, 0xcf, 0x30, 0x0,
    0xd, 0xf1, 0x0, 0x8e, 0x21, 0xff, 0x0, 0x0,
    0xe, 0xf0, 0x0, 0x8f, 0xff, 0xfa, 0x0, 0x0,
    0xf, 0xf0, 0x0, 0x9, 0xee, 0xa1, 0x0, 0x0,
    0x0, 0x0, 0x0, 0x0, 0x0, 0x0, 0x0, 0x0,

    /* U+80FD "能" */
    0x0, 0x0, 0x0, 0x0, 0x0, 0x0, 0x0, 0x0,
    0x0, 0x0, 0x7, 0xc2, 0x0, 0xa, 0xf2, 0x0,
    0x0, 0x0, 0x0, 0xde, 0x0, 0x0, 0xcf, 0x10,
    0x39, 0x0, 0x0, 0x5f, 0x82, 0x70, 0xd, 0xf0,
    0x6f, 0xf2, 0x0, 0xd, 0xf1, 0x8f, 0x40, 0xff,
    0xdf, 0xf7, 0x0, 0x7, 0xf7, 0x4, 0xf9, 0x1f,
    0xff, 0xb2, 0x0, 0x3, 0xef, 0xab, 0xdf, 0xd2,
    0xfd, 0x30, 0x0, 0x0, 0x9f, 0xff, 0xfd, 0xef,
    0x6f, 0x90, 0x6, 0xd3, 0x3, 0x42, 0x0, 0x5,
    0x65, 0xf9, 0x0, 0xaf, 0x20, 0x1b, 0xbb, 0xba,
    0x70, 0x2f, 0xe3, 0x6f, 0xd0, 0x4, 0xff, 0xff,
    0xff, 0x30, 0xcf, 0xff, 0xf5, 0x0, 0x5f, 0x70,
    0xa, 0xf2, 0x1, 0x9b, 0xa4, 0x0, 0x7, 0xf6,
    0x0, 0xcf, 0x6, 0x60, 0x0, 0x0, 0x0, 0x9f,
    0xff, 0xff, 0xf0, 0xfd, 0x0, 0x46, 0x0, 0xa,
    0xf9, 0x88, 0xfd, 0x1f, 0xb1, 0x9f, 0xe0, 0x0,
    0xcf, 0x0, 0x1f, 0xb3, 0xfe, 0xff, 0xd3, 0x0,
    0xe, 0xf9, 0x9a, 0xfa, 0x5f, 0xfe, 0x70, 0x0,
    0x0, 0xff, 0xff, 0xff, 0x86, 0xf9, 0x0, 0x0,
    0x0, 0x1f, 0xb0, 0x6, 0xf6, 0x8f, 0x40, 0x9,
    0xd2, 0x3, 0xfa, 0x0, 0x8f, 0x49, 0xf4, 0x0,
    0xcf, 0x10, 0x4f, 0x8a, 0x4a, 0xf2, 0x8f, 0x70,
    0x4f, 0xc0, 0x6, 0xf6, 0xce, 0xfe, 0x3, 0xff,
    0xef, 0xf4, 0x0, 0x7f, 0x43, 0xde, 0x50, 0x8,
    0xff, 0xd5, 0x0, 0x0, 0x0, 0x0, 0x0, 0x0,
    0x0, 0x0, 0x0, 0x0,

    /* U+8109 "脉" */
    0x0, 0x0, 0x0, 0x0, 0x0, 0x49, 0x0, 0x0,
    0x0, 0x0, 0xcf, 0xff, 0x40, 0xd, 0xfe, 0x40,
    0x0, 0x0, 0xd, 0xfd, 0xf8, 0x0, 0x19, 0xff,
    0x80, 0x0, 0x0, 0xfb, 0x2f, 0x70, 0x0, 0x4,
    0xef, 0x50, 0x0, 0xf, 0x94, 0xf5, 0x6c, 0xcc,
    0x81, 0x60, 0x0, 0x2, 0xf8, 0x6f, 0x4a, 0xff,
    0xff, 0x30, 0x0, 0x0, 0x4f, 0xbb, 0xf2, 0x0,
    0x9, 0xf3, 0x8, 0x30, 0x5, 0xff, 0xff, 0x0,
    0x0, 0xaf, 0x22, 0xfc, 0x0, 0x7f, 0x8d, 0xf5,
    0xba, 0x3c, 0xf3, 0xaf, 0x40, 0x9, 0xf1, 0xcd,
    0xaf, 0xfa, 0xdf, 0xaf, 0xa0, 0x0, 0xaf, 0xe,
    0xb0, 0x1f, 0x8f, 0xff, 0xd0, 0x0, 0xc, 0xd0,
    0xfa, 0x5, 0xf6, 0xff, 0xe2, 0x0, 0x0, 0xee,
    0xbf, 0x80, 0x9f, 0x4f, 0xfe, 0x0, 0x0, 0x1f,
    0xff, 0xf6, 0xe, 0xc4, 0xfd, 0xf1, 0x0, 0x3,
    0xf7, 0x5f, 0x55, 0xf7, 0x6f, 0x8f, 0x60, 0x0,
    0x6f, 0x47, 0xf3, 0xdf, 0x18, 0xf4, 0xfb, 0x0,
    0x9, 0xf1, 0x8f, 0x9f, 0x90, 0xaf, 0x2a, 0xf2,
    0x0, 0xce, 0xa, 0xff, 0xe1, 0xb, 0xf0, 0x4f,
    0xa0, 0xf, 0xa1, 0xbe, 0x94, 0x0, 0xde, 0x0,
    0xdf, 0x34, 0xff, 0xae, 0xc0, 0xac, 0x2f, 0xc0,
    0x5, 0x70, 0x8f, 0x9f, 0xf8, 0xa, 0xff, 0xf7,
    0x0, 0x0, 0x5, 0xc1, 0xdd, 0x10, 0x1b, 0xfa,
    0x0, 0x0, 0x0,

    /* U+811A "脚" */
    0x0, 0x0, 0x0, 0x0, 0x0, 0x7f, 0x20, 0x0,
    0x0, 0x0, 0x0, 0x1f, 0xff, 0xb0, 0x8, 0xf1,
    0xb, 0xff, 0xe2, 0x0, 0x3, 0xfe, 0xef, 0x0,
    0xaf, 0x0, 0xdf, 0xdf, 0x60, 0x0, 0x4f, 0x5a,
    0xf0, 0xb, 0xe0, 0xf, 0xb5, 0xf5, 0x0, 0x6,
    0xf4, 0xcd, 0x6f, 0xff, 0xf5, 0xf9, 0x6f, 0x30,
    0x0, 0x7f, 0x2d, 0xc6, 0xbf, 0xeb, 0x4f, 0x88,
    0xf2, 0x0, 0x9, 0xf4, 0xfa, 0x0, 0xf8, 0x3,
    0xf6, 0xaf, 0x0, 0x0, 0xbf, 0xff, 0x80, 0x2f,
    0x70, 0x5f, 0x4b, 0xe0, 0x0, 0xc, 0xe8, 0xf7,
    0x4, 0xf5, 0x7, 0xf3, 0xdd, 0x0, 0x0, 0xeb,
    0x4f, 0x6b, 0xdf, 0xcb, 0x8f, 0x1e, 0xb0, 0x0,
    0xf, 0x96, 0xf6, 0xff, 0xff, 0xea, 0xf0, 0xf9,
    0x0, 0x2, 0xf7, 0x7f, 0x20, 0xdc, 0x0, 0xbe,
    0x2f, 0x80, 0x0, 0x4f, 0xdd, 0xf0, 0x2f, 0x80,
    0xd, 0xc3, 0xf6, 0x0, 0x6, 0xff, 0xfe, 0x6,
    0xf8, 0x90, 0xfb, 0x5f, 0x40, 0x0, 0x9f, 0x1c,
    0xd0, 0xaf, 0x8f, 0xf, 0x97, 0xf3, 0x0, 0xb,
    0xe0, 0xeb, 0xf, 0xa7, 0xf2, 0xf9, 0x9f, 0x0,
    0x0, 0xeb, 0xf, 0x95, 0xf9, 0xdf, 0x5f, 0xff,
    0xc0, 0x0, 0x1f, 0x81, 0xf8, 0xbf, 0xff, 0xf8,
    0xfd, 0xd3, 0x0, 0x4, 0xf5, 0x3f, 0xaf, 0xf8,
    0x6f, 0xaf, 0x30, 0x0, 0x0, 0x8f, 0xd8, 0xf5,
    0x81, 0x3, 0xaa, 0xf1, 0x0, 0x0, 0xc, 0xee,
    0xef, 0x10, 0x0, 0x0, 0xaf, 0x0, 0x0, 0x0,
    0x99, 0x6f, 0x80, 0x0, 0x0, 0xb, 0xe0, 0x0,
    0x0, 0x0, 0x0, 0x0, 0x0, 0x0, 0x0, 0x0,
    0x0, 0x0, 0x0,

    /* U+81EA "自" */
    0x0, 0x0, 0x0, 0x9, 0x81, 0x0, 0x0, 0x0,
    0x0, 0x0, 0x3f, 0xe0, 0x0, 0x0, 0x0, 0x0,
    0x0, 0x9f, 0x80, 0x0, 0x0, 0x0, 0xaf, 0xff,
    0xff, 0xff, 0xff, 0xe3, 0x0, 0xbf, 0xff, 0xff,
    0xff, 0xff, 0xfb, 0x0, 0xdf, 0x30, 0x0, 0x0,
    0x5, 0xfa, 0x0, 0xff, 0x10, 0x0, 0x0, 0x7,
    0xf9, 0x0, 0xff, 0x0, 0x0, 0x0, 0x9, 0xf7,
    0x2, 0xff, 0xdd, 0xdd, 0xdd, 0xdf, 0xf5, 0x3,
    0xff, 0xff, 0xff, 0xff, 0xff, 0xf4, 0x5, 0xfb,
    0x22, 0x22, 0x22, 0x2e, 0xf2, 0x7, 0xf9, 0x0,
    0x0, 0x0, 0xf, 0xf0, 0x8, 0xf7, 0x0, 0x0,
    0x0, 0x1f, 0xe0, 0xa, 0xf6, 0x0, 0x0, 0x0,
    0x3f, 0xd0, 0xc, 0xff, 0xff, 0xff, 0xff, 0xff,
    0xb0, 0xd, 0xfe, 0xee, 0xee, 0xee, 0xff, 0x90,
    0xf, 0xf0, 0x0, 0x0, 0x0, 0x8f, 0x80, 0x1f,
    0xf0, 0x0, 0x0, 0x0, 0x9f, 0x60, 0x2f, 0xd0,
    0x0, 0x0, 0x0, 0xbf, 0x40, 0x4f, 0xc0, 0x0,
    0x0, 0x0, 0xdf, 0x20, 0x6f, 0xff, 0xff, 0xff,
    0xff, 0xff, 0x10, 0x7f, 0xff, 0xff, 0xff, 0xff,
    0xff, 0x0,

    /* U+81F3 "至" */
    0x0, 0xbf, 0xff, 0xff, 0xff, 0xff, 0xff, 0xff,
    0x40, 0xb, 0xee, 0xef, 0xff, 0xee, 0xee, 0xee,
    0xe2, 0x0, 0x0, 0x0, 0xbf, 0x70, 0x0, 0x0,
    0x0, 0x0, 0x0, 0x0, 0x4f, 0xe0, 0x0, 0x81,
    0x0, 0x0, 0x0, 0x0, 0xd, 0xf6, 0x0, 0x8f,
    0x90, 0x0, 0x0, 0x0, 0x8, 0xfb, 0x0, 0x1,
    0xef, 0x30, 0x0, 0x0, 0x5, 0xfe, 0x10, 0x12,
    0x4b, 0xfb, 0x0, 0x0, 0xa, 0xff, 0xee, 0xff,
    0xff, 0xff, 0xf3, 0x0, 0x0, 0xef, 0xff, 0xdc,
    0xa9, 0x75, 0x9f, 0xa0, 0x0, 0x2, 0x10, 0x0,
    0x47, 0x30, 0x1, 0xa3, 0x0, 0x0, 0x0, 0x0,
    0xa, 0xf5, 0x0, 0x0, 0x0, 0x0, 0x0, 0x0,
    0x0, 0xcf, 0x30, 0x0, 0x0, 0x0, 0x0, 0xbc,
    0xcc, 0xcf, 0xfc, 0xcc, 0xcc, 0x0, 0x0, 0x1f,
    0xff, 0xff, 0xff, 0xff, 0xff, 0xf0, 0x0, 0x0,
    0x44, 0x44, 0x6f, 0xe4, 0x44, 0x44, 0x0, 0x0,
    0x0, 0x0, 0x3, 0xfc, 0x0, 0x0, 0x0, 0x0,
    0x0, 0x0, 0x0, 0x4f, 0xb0, 0x0, 0x0, 0x0,
    0x0, 0x0, 0x0, 0x6, 0xfa, 0x0, 0x0, 0x0,
    0x0, 0x0, 0x0, 0x0, 0x7f, 0x90, 0x0, 0x0,
    0x0, 0xa, 0xff, 0xff, 0xff, 0xff, 0xff, 0xff,
    0xf5, 0x0, 0xbf, 0xff, 0xff, 0xff, 0xff, 0xff,
    0xff, 0x30, 0x0,

    /* U+822A "航" */
    0x0, 0x0, 0x5, 0xc4, 0x0, 0x3, 0xfa, 0x0,
    0x0, 0x0, 0x0, 0x9f, 0x30, 0x0, 0x4f, 0x90,
    0x0, 0x0, 0x0, 0xe, 0xe0, 0x0, 0x5, 0xf7,
    0x0, 0x0, 0x0, 0x8e, 0xff, 0xc2, 0xbe, 0xef,
    0xee, 0xe8, 0x0, 0xb, 0xff, 0xff, 0x8f, 0xff,
    0xff, 0xff, 0x70, 0x0, 0xdd, 0x13, 0xf8, 0x0,
    0x0, 0x0, 0x0, 0x0, 0xf, 0xff, 0x6f, 0x60,
    0x0, 0x0, 0x0, 0x0, 0x1, 0xfa, 0xfb, 0xf4,
    0x5c, 0xcc, 0xb2, 0x0, 0x0, 0x3f, 0x7d, 0xff,
    0x38, 0xff, 0xff, 0x90, 0x0, 0x5, 0xf5, 0x1a,
    0xf1, 0xaf, 0x33, 0xf9, 0x0, 0x2, 0xef, 0xed,
    0xff, 0xb, 0xf0, 0x4f, 0x70, 0x0, 0x4f, 0xff,
    0xff, 0xe0, 0xde, 0x6, 0xf5, 0x0, 0x0, 0xcf,
    0x0, 0xfc, 0xf, 0xc0, 0x8f, 0x40, 0x0, 0xf,
    0xfe, 0x2f, 0xa1, 0xfa, 0x9, 0xf2, 0x0, 0x2,
    0xfb, 0xf7, 0xf9, 0x4f, 0x80, 0xbf, 0x0, 0x0,
    0x5f, 0x7e, 0xbf, 0x76, 0xf6, 0xd, 0xf0, 0x0,
    0x9, 0xf4, 0xbf, 0xf5, 0xaf, 0x30, 0xed, 0x0,
    0x0, 0xcf, 0x2, 0x7f, 0x4d, 0xf0, 0xf, 0xc1,
    0xf5, 0x1f, 0xc3, 0x39, 0xf4, 0xfb, 0x1, 0xfa,
    0x5f, 0x45, 0xf8, 0xca, 0xbf, 0x9f, 0x60, 0x1f,
    0xaa, 0xf0, 0xaf, 0x39, 0xff, 0xce, 0xf1, 0x0,
    0xef, 0xfa, 0x6, 0xc0, 0x2d, 0xe3, 0x69, 0x0,
    0x5, 0xec, 0x10, 0x0, 0x0, 0x0, 0x0, 0x0,
    0x0, 0x0, 0x0, 0x0,

    /* U+8235 "舵" */
    0x0, 0x0, 0x1, 0x10, 0x0, 0x0, 0x0, 0x0,
    0x0, 0x0, 0x0, 0x7, 0xf4, 0x0, 0x0, 0x9f,
    0x60, 0x0, 0x0, 0x0, 0xc, 0xf0, 0x0, 0x0,
    0xbf, 0x40, 0x0, 0x0, 0x0, 0x1f, 0xc0, 0x0,
    0x0, 0xcf, 0x30, 0x0, 0x0, 0xa, 0xff, 0xfd,
    0x17, 0xdd, 0xff, 0xdc, 0x60, 0x0, 0xd, 0xfe,
    0xef, 0x7a, 0xff, 0xff, 0xff, 0xf0, 0x0, 0xf,
    0xb2, 0x5f, 0x6c, 0xf2, 0x11, 0x1e, 0xf0, 0x0,
    0x1f, 0xfd, 0x7f, 0x4e, 0xf0, 0x0, 0xf, 0xd0,
    0x0, 0x3f, 0xaf, 0x9f, 0x28, 0x70, 0x0, 0x8,
    0x60, 0x0, 0x5f, 0x6f, 0xef, 0x13, 0x61, 0x0,
    0x0, 0x0, 0x0, 0x6f, 0x35, 0xcf, 0xa, 0xf3,
    0x0, 0x23, 0x0, 0x3, 0xef, 0xdd, 0xfd, 0xb,
    0xf1, 0x1, 0xdf, 0x0, 0x5, 0xff, 0xff, 0xfc,
    0xd, 0xf0, 0x1c, 0xf6, 0x0, 0x0, 0xed, 0x1,
    0xfa, 0xf, 0xe4, 0xef, 0x70, 0x0, 0x0, 0xfe,
    0xd2, 0xf9, 0xf, 0xff, 0xf5, 0x0, 0x0, 0x3,
    0xfb, 0xf7, 0xf7, 0x2f, 0xfb, 0x20, 0x0, 0x0,
    0x7, 0xf5, 0xfb, 0xf5, 0x4f, 0xa0, 0x0, 0x0,
    0x0, 0xa, 0xf2, 0xdf, 0xf4, 0x5f, 0x70, 0x0,
    0x79, 0x10, 0xe, 0xe0, 0x29, 0xf2, 0x6f, 0x60,
    0x0, 0xdf, 0x0, 0x2f, 0xb3, 0x3a, 0xf0, 0x7f,
    0x70, 0x2, 0xfc, 0x0, 0x7f, 0x6d, 0x8d, 0xe0,
    0x5f, 0xc0, 0xc, 0xf5, 0x0, 0xcf, 0x2a, 0xff,
    0xa0, 0x1f, 0xfe, 0xff, 0xc0, 0x0, 0x7b, 0x3,
    0xed, 0x20, 0x4, 0xdf, 0xe9, 0x0, 0x0, 0x0,
    0x0, 0x0, 0x0, 0x0, 0x0, 0x0, 0x0, 0x0,

    /* U+8272 "色" */
    0x0, 0x0, 0x0, 0x20, 0x0, 0x0, 0x0, 0x0,
    0x0, 0x0, 0x6, 0xf7, 0x0, 0x0, 0x0, 0x0,
    0x0, 0x0, 0x1e, 0xf3, 0x0, 0x0, 0x0, 0x0,
    0x0, 0x0, 0xbf, 0xff, 0xff, 0xfd, 0x0, 0x0,
    0x0, 0x7, 0xfe, 0xbb, 0xbd, 0xfe, 0x0, 0x0,
    0x0, 0x5f, 0xe2, 0x0, 0xd, 0xf5, 0x0, 0x0,
    0x4, 0xff, 0x40, 0x0, 0x9f, 0xa0, 0x0, 0x0,
    0x5f, 0xfe, 0xbb, 0xbb, 0xff, 0xcb, 0xbb, 0x30,
    0x3f, 0x5e, 0xff, 0xff, 0xff, 0xff, 0xff, 0xa0,
    0x1, 0xf, 0xe0, 0x4, 0xfa, 0x0, 0x5f, 0xa0,
    0x0, 0x2f, 0xd0, 0x6, 0xf8, 0x0, 0x6f, 0x80,
    0x0, 0x4f, 0xb0, 0x7, 0xf6, 0x0, 0x8f, 0x60,
    0x0, 0x5f, 0xea, 0xad, 0xfc, 0xaa, 0xdf, 0x50,
    0x0, 0x7f, 0xff, 0xff, 0xff, 0xff, 0xff, 0x30,
    0x0, 0x9f, 0x72, 0x22, 0x22, 0x22, 0x22, 0x0,
    0x0, 0xbf, 0x40, 0x0, 0x0, 0x0, 0x0, 0x0,
    0x0, 0xcf, 0x40, 0x0, 0x0, 0x0, 0x7, 0x60,
    0x0, 0xcf, 0x40, 0x0, 0x0, 0x0, 0x3f, 0xf1,
    0x0, 0xaf, 0x80, 0x0, 0x0, 0x2, 0xef, 0x80,
    0x0, 0x4f, 0xf7, 0x10, 0x3, 0x8f, 0xfc, 0x0,
    0x0, 0x9, 0xff, 0xff, 0xff, 0xff, 0xa0, 0x0,
    0x0, 0x0, 0x5b, 0xef, 0xfc, 0x93, 0x0, 0x0,

    /* U+8282 "节" */
    0x0, 0x0, 0x5f, 0x90, 0x0, 0xbf, 0x40, 0x0,
    0x0, 0x0, 0x6f, 0x80, 0x0, 0xcf, 0x20, 0x0,
    0x2, 0x22, 0x9f, 0x82, 0x22, 0xdf, 0x32, 0x20,
    0x1f, 0xff, 0xff, 0xff, 0xff, 0xff, 0xff, 0xf5,
    0x2d, 0xdd, 0xff, 0xdd, 0xdd, 0xff, 0xdd, 0xd3,
    0x0, 0x0, 0xdf, 0x20, 0x2, 0xfc, 0x0, 0x0,
    0x0, 0x0, 0xef, 0x0, 0x4, 0xfb, 0x0, 0x0,
    0x0, 0x0, 0x0, 0x0, 0x0, 0x10, 0x0, 0x0,
    0xf, 0xff, 0xff, 0xff, 0xff, 0xff, 0xf6, 0x0,
    0xd, 0xdd, 0xde, 0xfe, 0xdd, 0xdd, 0xfb, 0x0,
    0x0, 0x0, 0x7, 0xf7, 0x0, 0x3, 0xfa, 0x0,
    0x0, 0x0, 0x9, 0xf5, 0x0, 0x5, 0xf8, 0x0,
    0x0, 0x0, 0xb, 0xf3, 0x0, 0x7, 0xf6, 0x0,
    0x0, 0x0, 0xc, 0xf2, 0x0, 0x8, 0xf4, 0x0,
    0x0, 0x0, 0xe, 0xf0, 0x0, 0xa, 0xf3, 0x0,
    0x0, 0x0, 0xf, 0xe0, 0x63, 0xc, 0xf1, 0x0,
    0x0, 0x0, 0x1f, 0xd0, 0xfc, 0x4f, 0xe0, 0x0,
    0x0, 0x0, 0x3f, 0xb0, 0x8f, 0xff, 0x70, 0x0,
    0x0, 0x0, 0x5f, 0x90, 0x6, 0x96, 0x0, 0x0,
    0x0, 0x0, 0x6f, 0x80, 0x0, 0x0, 0x0, 0x0,
    0x0, 0x0, 0x8f, 0x60, 0x0, 0x0, 0x0, 0x0,
    0x0, 0x0, 0xaf, 0x40, 0x0, 0x0, 0x0, 0x0,

    /* U+82AC "芬" */
    0x0, 0x0, 0x0, 0x7f, 0x70, 0x0, 0xdf, 0x20,
    0x0, 0x0, 0x0, 0x0, 0x9f, 0x60, 0x0, 0xef,
    0x10, 0x0, 0x0, 0x1f, 0xff, 0xff, 0xff, 0xff,
    0xff, 0xff, 0xf5, 0x0, 0x2c, 0xcc, 0xff, 0xdc,
    0xcd, 0xff, 0xcc, 0xc3, 0x0, 0x0, 0x0, 0xdf,
    0x10, 0x3, 0xfb, 0x0, 0x0, 0x0, 0x0, 0x0,
    0x58, 0x0, 0x2, 0x63, 0x0, 0x0, 0x0, 0x0,
    0x0, 0x7f, 0x70, 0x3e, 0x90, 0x0, 0x0, 0x0,
    0x0, 0x1, 0xef, 0x10, 0xf, 0xf0, 0x0, 0x0,
    0x0, 0x0, 0xb, 0xf8, 0x0, 0xa, 0xf6, 0x0,
    0x0, 0x0, 0x0, 0x8f, 0xd0, 0x0, 0x3, 0xfd,
    0x0, 0x0, 0x0, 0x9, 0xfe, 0x20, 0x0, 0x0,
    0xbf, 0x80, 0x0, 0x1, 0xcf, 0xed, 0xbb, 0xbb,
    0xbb, 0xbf, 0xf5, 0x0, 0x2, 0xfd, 0x4f, 0xff,
    0xff, 0xff, 0xfd, 0xff, 0x50, 0x0, 0x40, 0x3,
    0xbf, 0x73, 0x38, 0xf8, 0x6f, 0x20, 0x0, 0x0,
    0x0, 0xff, 0x10, 0x9, 0xf6, 0x1, 0x0, 0x0,
    0x0, 0x6, 0xfb, 0x0, 0xb, 0xf4, 0x0, 0x0,
    0x0, 0x0, 0x1e, 0xf3, 0x0, 0xd, 0xf2, 0x0,
    0x0, 0x0, 0x0, 0xbf, 0xa0, 0x0, 0xf, 0xf0,
    0x0, 0x0, 0x0, 0xa, 0xfd, 0x3e, 0x80, 0x2f,
    0xd0, 0x0, 0x0, 0x2, 0xcf, 0xe2, 0xf, 0xd0,
    0x8f, 0x80, 0x0, 0x0, 0xe, 0xfd, 0x20, 0x9,
    0xff, 0xff, 0x20, 0x0, 0x0, 0x6, 0x80, 0x0,
    0x0, 0x9e, 0xe5, 0x0, 0x0, 0x0,

    /* U+82F1 "英" */
    0x0, 0x0, 0x0, 0xaf, 0x40, 0x0, 0xaf, 0x40,
    0x0, 0x0, 0x0, 0x0, 0xbf, 0x30, 0x0, 0xbf,
    0x30, 0x0, 0x0, 0x1d, 0xdd, 0xff, 0xed, 0xdd,
    0xff, 0xed, 0xd4, 0x0, 0x2f, 0xff, 0xff, 0xff,
    0xff, 0xff, 0xff, 0xf4, 0x0, 0x0, 0x1, 0xfe,
    0x0, 0x1, 0xfe, 0x0, 0x0, 0x0, 0x0, 0x1,
    0xca, 0x1, 0x1, 0xca, 0x0, 0x0, 0x0, 0x0,
    0x0, 0x0, 0x3f, 0xa0, 0x0, 0x0, 0x0, 0x0,
    0x0, 0x22, 0x22, 0x6f, 0xa2, 0x21, 0x0, 0x0,
    0x0, 0x1, 0xff, 0xff, 0xff, 0xff, 0xff, 0xb0,
    0x0, 0x0, 0x2, 0xfe, 0xaa, 0xdf, 0xca, 0xaf,
    0xf0, 0x0, 0x0, 0x4, 0xfa, 0x0, 0xaf, 0x40,
    0xf, 0xe0, 0x0, 0x0, 0x6, 0xf8, 0x0, 0xcf,
    0x20, 0x1f, 0xc0, 0x0, 0x0, 0x7, 0xf6, 0x0,
    0xff, 0x0, 0x3f, 0xa0, 0x0, 0x0, 0xdf, 0xfe,
    0xdd, 0xff, 0xdd, 0xef, 0xfd, 0x10, 0x1, 0xff,
    0xff, 0xff, 0xff, 0xff, 0xff, 0xff, 0x0, 0x0,
    0x0, 0x0, 0x3f, 0xff, 0x70, 0x0, 0x0, 0x0,
    0x0, 0x0, 0x1, 0xdf, 0x8f, 0xe1, 0x0, 0x0,
    0x0, 0x0, 0x0, 0x1c, 0xfb, 0x7, 0xfd, 0x10,
    0x0, 0x0, 0x0, 0x5, 0xef, 0xc0, 0x0, 0xaf,
    0xd2, 0x0, 0x0, 0x4, 0xbf, 0xfb, 0x0, 0x0,
    0xb, 0xff, 0x70, 0x0, 0xc, 0xff, 0x60, 0x0,
    0x0, 0x0, 0xaf, 0xf4, 0x0, 0x3, 0x81, 0x0,
    0x0, 0x0, 0x0, 0x5, 0x80, 0x0,

    /* U+8303 "范" */
    0x0, 0x0, 0x0, 0xaf, 0x40, 0x4, 0xfb, 0x0,
    0x0, 0x0, 0x0, 0x0, 0xcf, 0x30, 0x5, 0xf9,
    0x0, 0x0, 0x0, 0x3c, 0xcc, 0xff, 0xcc, 0xcd,
    0xfe, 0xcc, 0xc1, 0x0, 0x5f, 0xff, 0xff, 0xff,
    0xff, 0xff, 0xff, 0xf0, 0x0, 0x0, 0x1, 0xfe,
    0x0, 0xa, 0xf5, 0x0, 0x0, 0x0, 0x0, 0x52,
    0xfd, 0x0, 0xc, 0xf3, 0x0, 0x0, 0x0, 0xc,
    0xf5, 0x11, 0x0, 0x1, 0x20, 0x0, 0x0, 0x0,
    0x3, 0xfe, 0x12, 0xff, 0xff, 0xff, 0xb0, 0x0,
    0x0, 0x0, 0x7f, 0xa4, 0xfe, 0xcc, 0xcf, 0xf1,
    0x0, 0x0, 0x3, 0xc, 0x56, 0xf8, 0x0, 0xe,
    0xf0, 0x0, 0x0, 0x6f, 0x80, 0x8, 0xf6, 0x0,
    0xf, 0xe0, 0x0, 0x0, 0x2e, 0xf4, 0x9, 0xf4,
    0x0, 0x1f, 0xc0, 0x0, 0x0, 0x4, 0xfe, 0xb,
    0xf2, 0x0, 0x3f, 0xa0, 0x0, 0x0, 0x0, 0xac,
    0x1d, 0xf6, 0xf5, 0x7f, 0x70, 0x0, 0x0, 0x0,
    0x40, 0xe, 0xf1, 0xef, 0xff, 0x20, 0x0, 0x0,
    0x1, 0xfb, 0xf, 0xd0, 0x3b, 0xb4, 0x0, 0x0,
    0x0, 0x8, 0xf6, 0x2f, 0xb0, 0x0, 0x0, 0x0,
    0x0, 0x0, 0xe, 0xe0, 0x3f, 0xa0, 0x0, 0x0,
    0xec, 0x0, 0x0, 0x8f, 0x80, 0x4f, 0xb0, 0x0,
    0x5, 0xfb, 0x0, 0x3, 0xfe, 0x10, 0x2f, 0xf3,
    0x0, 0x4e, 0xf5, 0x0, 0xd, 0xf5, 0x0, 0xb,
    0xff, 0xef, 0xff, 0x90, 0x0, 0x5, 0x90, 0x0,
    0x0, 0x8e, 0xff, 0xc5, 0x0, 0x0,

    /* U+8377 "荷" */
    0x0, 0x0, 0x7, 0xf7, 0x0, 0xc, 0xf1, 0x0,
    0x0, 0x0, 0x0, 0x8f, 0x50, 0x0, 0xef, 0x0,
    0x0, 0x1, 0xff, 0xff, 0xff, 0xff, 0xff, 0xff,
    0xff, 0x50, 0x2f, 0xff, 0xff, 0xff, 0xff, 0xff,
    0xff, 0xf3, 0x0, 0x0, 0xd, 0xf1, 0x0, 0x2f,
    0xb0, 0x0, 0x0, 0x0, 0x0, 0x88, 0x0, 0x2,
    0x85, 0x0, 0x0, 0x0, 0x0, 0xa9, 0x12, 0x22,
    0x22, 0x22, 0x22, 0x0, 0x0, 0x2f, 0xe7, 0xff,
    0xff, 0xff, 0xff, 0xf0, 0x0, 0x9, 0xf7, 0x5a,
    0xaa, 0xaa, 0xaf, 0xe8, 0x0, 0x2, 0xff, 0x0,
    0x0, 0x0, 0x2, 0xfb, 0x0, 0x0, 0xbf, 0xd0,
    0xad, 0xdd, 0xb1, 0x3f, 0xa0, 0x0, 0x4f, 0xfb,
    0xe, 0xff, 0xff, 0x55, 0xf8, 0x0, 0x1e, 0xff,
    0xa0, 0xfa, 0x6, 0xf4, 0x7f, 0x60, 0x9, 0xf9,
    0xf8, 0x1f, 0x90, 0x8f, 0x38, 0xf5, 0x0, 0x6,
    0x5f, 0x63, 0xf7, 0xa, 0xf1, 0xaf, 0x30, 0x0,
    0x7, 0xf5, 0x5f, 0xff, 0xff, 0xc, 0xf1, 0x0,
    0x0, 0x9f, 0x35, 0xcc, 0xcc, 0xa0, 0xdf, 0x0,
    0x0, 0xb, 0xf1, 0x0, 0x0, 0x0, 0xf, 0xe0,
    0x0, 0x0, 0xdf, 0x0, 0x3, 0xa2, 0x1, 0xfc,
    0x0, 0x0, 0xe, 0xe0, 0x0, 0x4f, 0x80, 0x6f,
    0x90, 0x0, 0x0, 0xfc, 0x0, 0x0, 0xdf, 0xcf,
    0xf2, 0x0, 0x0, 0x2f, 0xb0, 0x0, 0x2, 0xbf,
    0xe6, 0x0, 0x0, 0x0, 0x0, 0x0, 0x0, 0x0,
    0x0, 0x0, 0x0, 0x0,

    /* U+83DC "菜" */
    0x0, 0x0, 0x8, 0xf6, 0x0, 0xd, 0xf1, 0x0,
    0x0, 0x0, 0x0, 0x9f, 0x60, 0x0, 0xff, 0x0,
    0x0, 0x1, 0xff, 0xff, 0xff, 0xff, 0xff, 0xff,
    0xff, 0x50, 0x2c, 0xcc, 0xff, 0xdc, 0xcd, 0xff,
    0xcc, 0xc3, 0x0, 0x0, 0xe, 0xf1, 0x0, 0x3e,
    0xa0, 0x0, 0x0, 0x0, 0x0, 0x44, 0x12, 0x34,
    0x56, 0x88, 0x0, 0x0, 0xff, 0xff, 0xff, 0xff,
    0xff, 0xff, 0xf0, 0x0, 0xd, 0xfe, 0xdd, 0xcc,
    0xba, 0x88, 0x64, 0x0, 0x0, 0x5, 0x90, 0xc,
    0xc0, 0x0, 0xae, 0x30, 0x0, 0x0, 0xcf, 0x40,
    0xbf, 0x20, 0x5f, 0xc0, 0x0, 0x0, 0x4, 0xfa,
    0x7, 0xe5, 0x4f, 0xf2, 0x0, 0x0, 0x0, 0xd,
    0x80, 0x23, 0x1d, 0xf4, 0x0, 0x0, 0x0, 0x0,
    0x0, 0xc, 0xf2, 0x24, 0x0, 0x0, 0x0, 0xdd,
    0xdd, 0xdd, 0xff, 0xdd, 0xdd, 0xdc, 0x0, 0x1f,
    0xff, 0xff, 0xff, 0xff, 0xff, 0xff, 0xd0, 0x0,
    0x0, 0x2, 0xef, 0xff, 0xf9, 0x0, 0x0, 0x0,
    0x0, 0x0, 0xcf, 0xbf, 0xce, 0xf4, 0x0, 0x0,
    0x0, 0x1, 0xcf, 0xb4, 0xfa, 0x4f, 0xf5, 0x0,
    0x0, 0x5, 0xef, 0xc0, 0x6f, 0x80, 0x7f, 0xf9,
    0x0, 0xa, 0xff, 0xa0, 0x7, 0xf7, 0x0, 0x6f,
    0xfd, 0x0, 0x6f, 0x60, 0x0, 0x9f, 0x50, 0x0,
    0x4e, 0x80, 0x0, 0x10, 0x0, 0xa, 0xf4, 0x0,
    0x0, 0x1, 0x0,

    /* U+8404 "萄" */
    0x0, 0x0, 0x5, 0xfa, 0x0, 0x1f, 0xd0, 0x0,
    0x0, 0x1, 0x11, 0x7f, 0x91, 0x13, 0xfc, 0x11,
    0x10, 0x1, 0xff, 0xff, 0xff, 0xff, 0xff, 0xff,
    0xff, 0x50, 0x2b, 0xbb, 0xef, 0xdb, 0xbd, 0xfe,
    0xbb, 0xb2, 0x0, 0x0, 0xa, 0xf4, 0x0, 0x7f,
    0x70, 0x0, 0x0, 0x0, 0x8f, 0x60, 0x0, 0x0,
    0x0, 0x0, 0x0, 0x0, 0x2f, 0xff, 0xff, 0xff,
    0xff, 0xff, 0xb0, 0x0, 0xd, 0xfd, 0xcc, 0xcc,
    0xcc, 0xcc, 0xff, 0x10, 0xc, 0xfa, 0x77, 0x0,
    0x0, 0x0, 0xf, 0xf0, 0x0, 0x8a, 0x4f, 0xe9,
    0x99, 0x99, 0x41, 0xff, 0x0, 0x0, 0x2e, 0xff,
    0xff, 0xff, 0xf6, 0x2f, 0xd0, 0x0, 0xb, 0xf5,
    0x1b, 0xf1, 0x11, 0x4, 0xfb, 0x0, 0x0, 0x16,
    0x0, 0xcf, 0x0, 0x0, 0x5f, 0xa0, 0x0, 0x7f,
    0xff, 0xff, 0xff, 0xff, 0xc7, 0xf8, 0x0, 0x6,
    0xbb, 0xbb, 0xfe, 0xbb, 0xb8, 0x8f, 0x70, 0x0,
    0x7, 0xa0, 0x1f, 0xa0, 0x6b, 0xa, 0xf5, 0x0,
    0x0, 0xce, 0x3, 0xf8, 0xa, 0xf0, 0xcf, 0x30,
    0x0, 0xd, 0xe9, 0xbf, 0xc9, 0xed, 0xd, 0xf2,
    0x0, 0x0, 0xff, 0xff, 0xff, 0xff, 0xc0, 0xff,
    0x0, 0x0, 0x0, 0x0, 0x0, 0x0, 0x0, 0x8f,
    0xc0, 0x0, 0x0, 0x0, 0x0, 0x0, 0x3e, 0xff,
    0xf6, 0x0, 0x0, 0x0, 0x0, 0x0, 0x3, 0xff,
    0xd6, 0x0, 0x0,

    /* U+843D "落" */
    0x0, 0x0, 0x0, 0x8f, 0x70, 0x0, 0xcf, 0x20,
    0x0, 0x0, 0x0, 0x0, 0x9f, 0x60, 0x0, 0xef,
    0x20, 0x0, 0x0, 0x1f, 0xff, 0xff, 0xff, 0xff,
    0xff, 0xff, 0xf5, 0x0, 0x2c, 0xcc, 0xff, 0xdc,
    0xcc, 0xff, 0xcc, 0xc3, 0x0, 0x0, 0x0, 0xdf,
    0x10, 0x2, 0xfc, 0x0, 0x0, 0x0, 0x6, 0x90,
    0x44, 0x4, 0xc3, 0x21, 0x0, 0x0, 0x0, 0xb,
    0xf7, 0x0, 0xc, 0xfa, 0x99, 0x70, 0x0, 0x0,
    0x1, 0xef, 0x20, 0x7f, 0xff, 0xff, 0xf5, 0x0,
    0x0, 0x0, 0x6e, 0x36, 0xff, 0x21, 0x2e, 0xf1,
    0x0, 0x0, 0x6, 0x0, 0x3f, 0xef, 0xb0, 0xaf,
    0x70, 0x0, 0x0, 0x9f, 0x80, 0x8, 0x29, 0xfd,
    0xfb, 0x0, 0x0, 0x0, 0x1e, 0xf3, 0x0, 0x1,
    0xff, 0xf2, 0x0, 0x0, 0x0, 0x5, 0xfa, 0x0,
    0x6e, 0xfe, 0xfe, 0x40, 0x0, 0x0, 0x0, 0x72,
    0x8e, 0xff, 0x70, 0x7f, 0xfb, 0x40, 0x0, 0x0,
    0x21, 0xfe, 0x81, 0x0, 0x3, 0xbf, 0xb0, 0x0,
    0x2, 0xf9, 0x35, 0xff, 0xff, 0xfe, 0x53, 0x30,
    0x0, 0x9, 0xf6, 0x7, 0xfe, 0xdd, 0xdf, 0xc0,
    0x0, 0x0, 0xf, 0xf0, 0x8, 0xf4, 0x0, 0x2f,
    0xb0, 0x0, 0x0, 0x8f, 0x90, 0xa, 0xf3, 0x0,
    0x4f, 0x90, 0x0, 0x2, 0xff, 0x20, 0xc, 0xf2,
    0x0, 0x5f, 0x80, 0x0, 0xc, 0xf8, 0x0, 0xd,
    0xfc, 0xbb, 0xdf, 0x60, 0x0, 0xb, 0xc0, 0x0,
    0xf, 0xff, 0xff, 0xff, 0x40, 0x0, 0x0, 0x10,
    0x0, 0x0, 0x0, 0x0, 0x0, 0x0, 0x0,

    /* U+8461 "葡" */
    0x0, 0x0, 0x4, 0xf9, 0x0, 0x4f, 0x90, 0x0,
    0x0, 0x1, 0x11, 0x6f, 0x91, 0x16, 0xf9, 0x11,
    0x10, 0x3, 0xff, 0xff, 0xff, 0xff, 0xff, 0xff,
    0xff, 0x30, 0x3b, 0xbb, 0xef, 0xdb, 0xbe, 0xfd,
    0xbb, 0xb1, 0x0, 0x0, 0x49, 0xf3, 0x0, 0x9f,
    0x30, 0x0, 0x0, 0x0, 0x5f, 0x80, 0x0, 0x0,
    0x0, 0x0, 0x0, 0x0, 0x1e, 0xff, 0xff, 0xff,
    0xff, 0xff, 0xd0, 0x0, 0xb, 0xfc, 0xbb, 0xbb,
    0xbb, 0xbb, 0xdf, 0x30, 0xb, 0xf9, 0x0, 0x8e,
    0x1b, 0xd2, 0xa, 0xf2, 0x0, 0x4e, 0x99, 0x9d,
    0xf9, 0x9e, 0x94, 0xbf, 0x0, 0x0, 0xff, 0xff,
    0xff, 0xff, 0xff, 0x7d, 0xe0, 0x0, 0x0, 0x0,
    0xe, 0xc0, 0x0, 0x0, 0xfd, 0x0, 0x0, 0x6a,
    0xaa, 0xfe, 0xaa, 0x91, 0xf, 0xb0, 0x0, 0xb,
    0xff, 0xff, 0xff, 0xff, 0x82, 0xf9, 0x0, 0x0,
    0xdd, 0x23, 0xf8, 0x23, 0xf8, 0x3f, 0x70, 0x0,
    0xf, 0xff, 0xff, 0xff, 0xff, 0x65, 0xf6, 0x0,
    0x0, 0xf9, 0x16, 0xf4, 0x16, 0xf5, 0x7f, 0x40,
    0x0, 0x2f, 0xff, 0xff, 0xff, 0xff, 0x38, 0xf2,
    0x0, 0x4, 0xf9, 0x6b, 0xf6, 0x6b, 0xf1, 0xaf,
    0x0, 0x0, 0x5f, 0x30, 0xae, 0x15, 0xaf, 0xc,
    0xe0, 0x0, 0x7, 0xf2, 0x9, 0xa6, 0xfe, 0xc6,
    0xfb, 0x0, 0x0, 0x9f, 0x10, 0x0, 0xc, 0xe4,
    0xbf, 0x40, 0x0, 0x0, 0x0, 0x0, 0x0, 0x0,
    0x2, 0x10, 0x0, 0x0,

    /* U+84DD "蓝" */
    0x0, 0x0, 0x0, 0x8f, 0x60, 0x0, 0xdf, 0x10,
    0x0, 0x0, 0x0, 0x0, 0x9f, 0x60, 0x0, 0xff,
    0x0, 0x0, 0x0, 0x1f, 0xff, 0xff, 0xff, 0xff,
    0xff, 0xff, 0xf5, 0x0, 0x2a, 0xaa, 0xff, 0xaa,
    0xab, 0xfe, 0xaa, 0xa2, 0x0, 0x0, 0x0, 0xef,
    0x0, 0x3, 0xfb, 0x0, 0x0, 0x0, 0x0, 0x0,
    0x54, 0x0, 0x47, 0x31, 0x0, 0x0, 0x0, 0x7,
    0x71, 0xfc, 0x0, 0xdf, 0x20, 0x0, 0x0, 0x0,
    0xf, 0xc3, 0xfa, 0x5, 0xff, 0xff, 0xff, 0x20,
    0x0, 0x1f, 0xa5, 0xf9, 0x1e, 0xfc, 0xcc, 0xcc,
    0x0, 0x0, 0x3f, 0x86, 0xf7, 0xbf, 0x80, 0x40,
    0x0, 0x0, 0x0, 0x4f, 0x78, 0xf5, 0xcd, 0x8,
    0xf8, 0x0, 0x0, 0x0, 0x6f, 0x5a, 0xf3, 0x12,
    0x1, 0xdf, 0x80, 0x0, 0x0, 0x13, 0x1c, 0xf2,
    0x0, 0x0, 0x1d, 0x70, 0x0, 0x0, 0x0, 0x2,
    0x20, 0x0, 0x0, 0x1, 0x0, 0x0, 0x0, 0x1f,
    0xff, 0xff, 0xff, 0xff, 0xff, 0x50, 0x0, 0x0,
    0x3f, 0xfe, 0xff, 0xef, 0xfe, 0xff, 0xa0, 0x0,
    0x0, 0x4f, 0xa0, 0xde, 0x9, 0xf1, 0x4f, 0x90,
    0x0, 0x0, 0x6f, 0x80, 0xec, 0xb, 0xf0, 0x6f,
    0x80, 0x0, 0x0, 0x8f, 0x60, 0xfa, 0xc, 0xe0,
    0x7f, 0x60, 0x0, 0x0, 0x9f, 0x52, 0xf9, 0xe,
    0xd0, 0x9f, 0x40, 0x0, 0x1e, 0xff, 0xee, 0xff,
    0xef, 0xfe, 0xff, 0xe9, 0x0, 0x2f, 0xff, 0xff,
    0xff, 0xff, 0xff, 0xff, 0xf9, 0x0,

    /* U+85CF "藏" */
    0x0, 0x0, 0x0, 0x7f, 0x70, 0x0, 0xdf, 0x10,
    0x0, 0x0, 0x0, 0x0, 0x8f, 0x60, 0x0, 0xef,
    0x10, 0x0, 0x0, 0xf, 0xff, 0xff, 0xff, 0xff,
    0xff, 0xff, 0xf6, 0x0, 0x19, 0x99, 0xef, 0xa9,
    0x9a, 0xfe, 0x99, 0x93, 0x0, 0x0, 0x10, 0xce,
    0x10, 0x2, 0xfe, 0x69, 0x40, 0x0, 0x8, 0xf0,
    0x0, 0x0, 0x0, 0x4f, 0x6a, 0xa0, 0x0, 0xa,
    0xf2, 0xbb, 0xbb, 0xbb, 0xcf, 0xcb, 0xa0, 0x0,
    0xb, 0xd5, 0xff, 0xff, 0xff, 0xff, 0xff, 0xd0,
    0x0, 0xd, 0xc7, 0xf4, 0x55, 0x54, 0x8f, 0x10,
    0x0, 0x0, 0xe, 0xdc, 0xf6, 0xff, 0xfc, 0x9f,
    0x9, 0x60, 0x0, 0xf, 0xff, 0xf7, 0xe7, 0xd1,
    0xaf, 0xf, 0x90, 0x0, 0x0, 0xd, 0xd9, 0xd9,
    0xc0, 0xbe, 0x3f, 0x50, 0x0, 0x7a, 0xaf, 0xbb,
    0xff, 0xf9, 0xbe, 0x8f, 0x10, 0x0, 0xdf, 0xff,
    0x9d, 0x91, 0xc9, 0xbd, 0xec, 0x0, 0x0, 0x5f,
    0x6f, 0x6e, 0xff, 0xf7, 0xbf, 0xf5, 0x0, 0x0,
    0x8f, 0x7f, 0x5f, 0x9e, 0x92, 0xbf, 0xd0, 0x0,
    0x0, 0xbb, 0xaf, 0x4f, 0x3f, 0x40, 0xbf, 0x44,
    0x40, 0x2, 0xf6, 0xed, 0x4f, 0xff, 0xf8, 0xff,
    0xc, 0xd0, 0xa, 0xe4, 0xf9, 0x39, 0x99, 0xef,
    0xff, 0x1e, 0xb0, 0x8, 0x5a, 0xf3, 0x0, 0x2b,
    0xfa, 0x6f, 0x7f, 0x80, 0x0, 0x3f, 0xc0, 0x7,
    0xff, 0x80, 0x1f, 0xff, 0x40, 0x0, 0x2b, 0x30,
    0x6, 0xb3, 0x0, 0x7, 0xea, 0x0, 0x0, 0x0,
    0x0, 0x0, 0x0, 0x0, 0x0, 0x0, 0x0,

    /* U+8702 "蜂" */
    0x0, 0x0, 0x0, 0x0, 0x0, 0x0, 0x0, 0x0,
    0x0, 0x0, 0x0, 0xf, 0xc0, 0x0, 0x9, 0xc1,
    0x0, 0x0, 0x0, 0x0, 0xf, 0xb0, 0x0, 0xf,
    0xe0, 0x0, 0x0, 0x0, 0x0, 0x1f, 0x90, 0x0,
    0x8f, 0xfe, 0xec, 0x10, 0x0, 0x0, 0x3f, 0x80,
    0x2, 0xff, 0xdd, 0xef, 0x40, 0x0, 0x2c, 0xdf,
    0xea, 0xc, 0xf9, 0x1, 0xee, 0x0, 0x0, 0x4f,
    0xff, 0xff, 0xcf, 0xff, 0x2b, 0xf5, 0x0, 0x0,
    0x6f, 0x5f, 0x5f, 0xab, 0x2f, 0xff, 0x90, 0x0,
    0x0, 0x7e, 0x6e, 0x7f, 0x0, 0x4e, 0xff, 0x60,
    0x0, 0x0, 0x9d, 0x7c, 0x9e, 0x5c, 0xfe, 0x7d,
    0xfc, 0x40, 0x0, 0xbb, 0x9b, 0xae, 0xff, 0x81,
    0x0, 0x7e, 0xf0, 0x0, 0xc9, 0xb9, 0xca, 0x50,
    0x7, 0xf5, 0x0, 0x40, 0x0, 0xee, 0xfe, 0xf8,
    0x6c, 0xce, 0xfd, 0xcc, 0x20, 0x0, 0xff, 0xff,
    0xf6, 0x8c, 0xcf, 0xfd, 0xcc, 0x10, 0x0, 0x3,
    0xf5, 0x0, 0x0, 0xc, 0xf1, 0x0, 0x0, 0x0,
    0x5, 0xf4, 0x0, 0xbf, 0xff, 0xff, 0xfa, 0x0,
    0x0, 0x6, 0xf7, 0xb0, 0x79, 0x9f, 0xf9, 0x95,
    0x0, 0x0, 0x8, 0xf7, 0xf0, 0x0, 0xf, 0xd0,
    0x0, 0x0, 0x0, 0x9, 0xf4, 0xf6, 0x99, 0x9f,
    0xe9, 0x99, 0x0, 0x0, 0xb, 0xfe, 0xfb, 0xff,
    0xff, 0xff, 0xfe, 0x0, 0xb, 0xff, 0xfe, 0xf4,
    0x0, 0x4f, 0x90, 0x0, 0x0, 0xe, 0xd9, 0x41,
    0xf5, 0x0, 0x5f, 0x70, 0x0, 0x0, 0x0, 0x0,
    0x0, 0x41, 0x0, 0x6f, 0x60, 0x0, 0x0,

    /* U+87BA "螺" */
    0x0, 0x0, 0x2f, 0x80, 0x0, 0x0, 0x0, 0x0,
    0x0, 0x0, 0x3, 0xf7, 0x2, 0xff, 0xff, 0xff,
    0xf4, 0x0, 0x0, 0x4f, 0x50, 0x4f, 0xca, 0xfb,
    0xaf, 0x80, 0x0, 0x6, 0xf4, 0x5, 0xf4, 0x3f,
    0x43, 0xf7, 0x0, 0x2c, 0xdf, 0xc6, 0x7f, 0xee,
    0xfe, 0xef, 0x50, 0x5, 0xff, 0xff, 0xc8, 0xf9,
    0xcf, 0x9c, 0xf3, 0x0, 0x7f, 0x7b, 0xab, 0xaf,
    0x9, 0xf0, 0x8f, 0x20, 0x8, 0xd9, 0xac, 0x9c,
    0xff, 0xff, 0xff, 0xf0, 0x0, 0xab, 0xa8, 0xe8,
    0x79, 0xcf, 0xb9, 0x98, 0x0, 0xb, 0xac, 0x7f,
    0x60, 0x2f, 0xb0, 0x78, 0x0, 0x0, 0xd8, 0xe7,
    0xf4, 0x1d, 0xe3, 0x5f, 0xc0, 0x0, 0xf, 0x7f,
    0x8f, 0x6f, 0xff, 0xff, 0xd1, 0x0, 0x0, 0xff,
    0xff, 0xf3, 0x76, 0x8f, 0xd2, 0x30, 0x0, 0x1a,
    0xcf, 0xa9, 0x0, 0x5f, 0xc1, 0xbe, 0x0, 0x0,
    0x8, 0xf0, 0x5, 0x9f, 0xfa, 0xbd, 0xf6, 0x0,
    0x0, 0xae, 0x65, 0xcf, 0xff, 0xfd, 0xbe, 0xc0,
    0x0, 0xc, 0xcb, 0x81, 0x10, 0x6f, 0x30, 0x42,
    0x0, 0x0, 0xda, 0x9a, 0xd, 0x58, 0xf3, 0xd5,
    0x0, 0x0, 0xf, 0xdf, 0xb8, 0xf2, 0xaf, 0xe,
    0xc0, 0x0, 0x9d, 0xff, 0xee, 0xfb, 0x2c, 0xe0,
    0x8f, 0x30, 0xd, 0xc7, 0x25, 0x9d, 0xde, 0xfa,
    0x1, 0xf7, 0x0, 0x0, 0x0, 0x0, 0x4, 0xec,
    0x20, 0x2, 0x0,

    /* U+884C "行" */
    0x0, 0x0, 0x0, 0xb4, 0x0, 0x0, 0x0, 0x0,
    0x0, 0x0, 0x0, 0x8, 0xfc, 0x8, 0xff, 0xff,
    0xff, 0xf0, 0x0, 0x0, 0x3f, 0xf2, 0x9, 0xff,
    0xff, 0xff, 0xd0, 0x0, 0x1, 0xef, 0x70, 0x1,
    0x11, 0x11, 0x11, 0x10, 0x0, 0xc, 0xfb, 0x0,
    0x0, 0x0, 0x0, 0x0, 0x0, 0x1, 0xcf, 0xc0,
    0x0, 0x0, 0x0, 0x0, 0x0, 0x0, 0x0, 0xbd,
    0x10, 0xc3, 0x0, 0x0, 0x0, 0x0, 0x0, 0x0,
    0x1, 0xa, 0xfc, 0x8e, 0xee, 0xee, 0xee, 0xb0,
    0x0, 0x0, 0x6f, 0xf2, 0xaf, 0xff, 0xff, 0xff,
    0xb0, 0x0, 0x4, 0xff, 0x50, 0x23, 0x33, 0x7f,
    0xb3, 0x20, 0x0, 0x3f, 0xfe, 0x0, 0x0, 0x0,
    0x7f, 0x90, 0x0, 0x3, 0xef, 0xfd, 0x0, 0x0,
    0x0, 0x8f, 0x70, 0x0, 0xe, 0xfd, 0xfb, 0x0,
    0x0, 0x0, 0xaf, 0x60, 0x0, 0x4, 0xa5, 0xfa,
    0x0, 0x0, 0x0, 0xbf, 0x40, 0x0, 0x0, 0x6,
    0xf8, 0x0, 0x0, 0x0, 0xdf, 0x20, 0x0, 0x0,
    0x8, 0xf6, 0x0, 0x0, 0x0, 0xff, 0x10, 0x0,
    0x0, 0xa, 0xf5, 0x0, 0x0, 0x0, 0xff, 0x0,
    0x0, 0x0, 0xb, 0xf3, 0x0, 0x20, 0x2, 0xfe,
    0x0, 0x0, 0x0, 0xd, 0xf2, 0x1f, 0xe0, 0x5,
    0xfb, 0x0, 0x0, 0x0, 0xf, 0xf0, 0xd, 0xf6,
    0xc, 0xf7, 0x0, 0x0, 0x0, 0xf, 0xe0, 0x5,
    0xff, 0xff, 0xf1, 0x0, 0x0, 0x0, 0x2f, 0xd0,
    0x0, 0x7e, 0xfd, 0x30, 0x0, 0x0, 0x0, 0x0,
    0x0, 0x0, 0x0, 0x0, 0x0, 0x0, 0x0,

    /* U+8865 "补" */
    0x0, 0x0, 0xe, 0xf0, 0x0, 0x1f, 0xe0, 0x0,
    0x0, 0x0, 0x0, 0xfd, 0x0, 0x2, 0xfd, 0x0,
    0x0, 0x0, 0x0, 0x1f, 0xc0, 0x0, 0x4f, 0xb0,
    0x0, 0x0, 0x2, 0xdd, 0xff, 0xc3, 0x5, 0xfa,
    0x0, 0x0, 0x0, 0x4f, 0xff, 0xff, 0x90, 0x7f,
    0x80, 0x0, 0x0, 0x0, 0x0, 0xb, 0xf5, 0x8,
    0xf7, 0x0, 0x0, 0x0, 0x0, 0x3, 0xfd, 0x0,
    0xaf, 0x66, 0x50, 0x0, 0x0, 0x0, 0xcf, 0x40,
    0xb, 0xf7, 0xfd, 0x0, 0x0, 0x0, 0x7f, 0xb0,
    0x0, 0xdf, 0x2d, 0xf3, 0x0, 0x0, 0x3f, 0xf3,
    0x42, 0xe, 0xf1, 0x7f, 0x80, 0x0, 0x1e, 0xff,
    0x2f, 0x90, 0xff, 0x2, 0xfd, 0x0, 0xc, 0xff,
    0xfe, 0xe1, 0x1f, 0xe0, 0xd, 0xf2, 0xc, 0xf7,
    0xff, 0xf9, 0x2, 0xfd, 0x0, 0x8f, 0x70, 0xc9,
    0x1f, 0xcc, 0xf3, 0x4f, 0xb0, 0x4, 0xf9, 0x1,
    0x3, 0xfa, 0x2e, 0x25, 0xfa, 0x0, 0x2, 0x0,
    0x0, 0x5f, 0x80, 0x10, 0x7f, 0x80, 0x0, 0x0,
    0x0, 0x6, 0xf7, 0x0, 0x8, 0xf7, 0x0, 0x0,
    0x0, 0x0, 0x8f, 0x50, 0x0, 0xaf, 0x50, 0x0,
    0x0, 0x0, 0x9, 0xf3, 0x0, 0xb, 0xf4, 0x0,
    0x0, 0x0, 0x0, 0xbf, 0x20, 0x0, 0xdf, 0x20,
    0x0, 0x0, 0x0, 0xd, 0xf0, 0x0, 0xe, 0xf1,
    0x0, 0x0, 0x0, 0x0, 0xef, 0x0, 0x0, 0xff,
    0x0, 0x0, 0x0,

    /* U+8868 "表" */
    0x0, 0x0, 0x0, 0x0, 0xaf, 0x50, 0x0, 0x0,
    0x0, 0x0, 0x0, 0x0, 0xbf, 0x40, 0x0, 0x0,
    0x0, 0x4c, 0xcc, 0xcc, 0xff, 0xdc, 0xcc, 0xca,
    0x0, 0x7f, 0xff, 0xff, 0xff, 0xff, 0xff, 0xfb,
    0x0, 0x0, 0x0, 0x1, 0xff, 0x0, 0x0, 0x0,
    0x0, 0x0, 0x0, 0x2, 0xfe, 0x0, 0x0, 0x0,
    0x0, 0xd, 0xff, 0xff, 0xff, 0xff, 0xff, 0x90,
    0x0, 0xc, 0xcc, 0xcd, 0xfe, 0xcc, 0xcc, 0x50,
    0x0, 0x0, 0x0, 0x7, 0xf8, 0x0, 0x0, 0x0,
    0x5, 0xbb, 0xbb, 0xbd, 0xfd, 0xbb, 0xbb, 0xb4,
    0x9, 0xff, 0xff, 0xff, 0xff, 0xff, 0xff, 0xf5,
    0x1, 0x22, 0x23, 0xef, 0xfc, 0x22, 0x22, 0x20,
    0x0, 0x0, 0xb, 0xf9, 0xfe, 0x0, 0x6, 0x0,
    0x0, 0x2, 0xdf, 0xb0, 0xef, 0x11, 0xcf, 0x60,
    0x1, 0x9f, 0xfe, 0x0, 0xaf, 0xae, 0xfa, 0x0,
    0x7f, 0xff, 0xfc, 0x0, 0x5f, 0xff, 0x70, 0x0,
    0x5f, 0xa6, 0xfa, 0x0, 0xd, 0xf8, 0x0, 0x0,
    0x1, 0x5, 0xf9, 0x4b, 0x35, 0xff, 0x40, 0x0,
    0x0, 0x7, 0xff, 0xff, 0xa0, 0x9f, 0xf7, 0x0,
    0x4, 0xbf, 0xff, 0xe8, 0x10, 0x8, 0xff, 0xb0,
    0x5, 0xff, 0xb6, 0x0, 0x0, 0x0, 0x4d, 0x70,
    0x1, 0x51, 0x0, 0x0, 0x0, 0x0, 0x0, 0x0,

    /* U+8870 "衰" */
    0x0, 0x0, 0x0, 0x0, 0xc, 0xf3, 0x0, 0x0,
    0x0, 0x0, 0x0, 0x0, 0x0, 0xdf, 0x10, 0x0,
    0x0, 0x0, 0xa, 0xcc, 0xcc, 0xcf, 0xfc, 0xcc,
    0xcc, 0x90, 0x0, 0xdf, 0xff, 0xff, 0xff, 0xff,
    0xff, 0xfa, 0x0, 0x0, 0x0, 0x0, 0x0, 0x0,
    0x0, 0x0, 0x0, 0x0, 0x3, 0xdd, 0xdd, 0xdd,
    0xdd, 0xc4, 0x0, 0x0, 0x0, 0x5f, 0xff, 0xff,
    0xff, 0xff, 0xb0, 0x0, 0x0, 0x7, 0xf8, 0x0,
    0x0, 0x7, 0xfa, 0x0, 0x0, 0xcc, 0xef, 0xdc,
    0xcc, 0xcc, 0xef, 0xec, 0xa0, 0x1f, 0xff, 0xff,
    0xff, 0xff, 0xff, 0xff, 0xfc, 0x0, 0x0, 0xcf,
    0x30, 0x0, 0x0, 0xcf, 0x50, 0x0, 0x0, 0xe,
    0xf2, 0x0, 0x0, 0xd, 0xf3, 0x0, 0x0, 0x0,
    0xff, 0xff, 0xff, 0xff, 0xff, 0x20, 0x0, 0x0,
    0xc, 0xcf, 0xfe, 0xfe, 0xcc, 0xc0, 0x0, 0x0,
    0x0, 0x9, 0xfc, 0x3f, 0xc0, 0x1, 0xb2, 0x0,
    0x0, 0x4d, 0xff, 0x10, 0xef, 0x12, 0xdf, 0x90,
    0x6, 0xcf, 0xff, 0xf0, 0x9, 0xfc, 0xff, 0x90,
    0x0, 0xcf, 0xc5, 0xfd, 0x0, 0x1f, 0xff, 0x50,
    0x0, 0x4, 0x30, 0x3f, 0xc0, 0x1, 0x5f, 0xf7,
    0x0, 0x0, 0x0, 0x5, 0xfd, 0x9d, 0xf4, 0x5f,
    0xfd, 0x60, 0x0, 0x2f, 0xff, 0xff, 0xfe, 0x50,
    0x3c, 0xfa, 0x0, 0x1, 0xfd, 0xba, 0x62, 0x0,
    0x0, 0x5, 0x30, 0x0, 0x0, 0x0, 0x0, 0x0,
    0x0, 0x0, 0x0, 0x0,

    /* U+88AB "被" */
    0x0, 0x0, 0x6f, 0x60, 0x0, 0x0, 0xcf, 0x0,
    0x0, 0x0, 0x0, 0x8f, 0x40, 0x0, 0x0, 0xee,
    0x0, 0x0, 0x0, 0x0, 0x9f, 0x30, 0x0, 0x0,
    0xfd, 0x0, 0x0, 0x0, 0x2c, 0xef, 0xc2, 0x7e,
    0xee, 0xff, 0xee, 0x90, 0x0, 0x4f, 0xff, 0xf8,
    0x9f, 0xff, 0xff, 0xff, 0xf0, 0x0, 0x0, 0xa,
    0xf4, 0xbf, 0x14, 0xf8, 0xf, 0xd0, 0x0, 0x0,
    0x2f, 0xd0, 0xcf, 0x6, 0xf6, 0x5f, 0x80, 0x0,
    0x0, 0x9f, 0x60, 0xee, 0x7, 0xf5, 0x4b, 0x20,
    0x0, 0x2, 0xfd, 0x0, 0xfc, 0x9, 0xf3, 0x0,
    0x0, 0x0, 0xc, 0xf6, 0x75, 0xff, 0xce, 0xfd,
    0xc4, 0x0, 0x0, 0x7f, 0xfb, 0xf9, 0xff, 0xff,
    0xff, 0xfc, 0x0, 0x3, 0xff, 0xff, 0xc6, 0xfb,
    0xf7, 0x13, 0xfa, 0x0, 0xe, 0xfd, 0xfd, 0xfa,
    0xf6, 0xf9, 0x7, 0xf5, 0x0, 0xa, 0x5c, 0xf2,
    0xfe, 0xf3, 0xdd, 0xe, 0xe0, 0x0, 0x0, 0xe,
    0xd0, 0x3e, 0xf0, 0x9f, 0xaf, 0x70, 0x0, 0x0,
    0xf, 0xb0, 0x2f, 0xc0, 0x3f, 0xfe, 0x0, 0x0,
    0x0, 0x1f, 0xa0, 0x6f, 0x80, 0xf, 0xf5, 0x0,
    0x0, 0x0, 0x3f, 0x80, 0xbf, 0x30, 0xaf, 0xfa,
    0x0, 0x0, 0x0, 0x5f, 0x71, 0xfd, 0x8, 0xfd,
    0xcf, 0x50, 0x0, 0x0, 0x6f, 0x58, 0xf7, 0x9f,
    0xd1, 0x2f, 0xf4, 0x0, 0x0, 0x8f, 0x5f, 0xfa,
    0xfd, 0x20, 0x4, 0xff, 0x10, 0x0, 0x9f, 0x27,
    0x73, 0xb1, 0x0, 0x0, 0x57, 0x0, 0x0, 0x0,
    0x0, 0x0, 0x0, 0x0, 0x0, 0x0, 0x0,

    /* U+88C5 "装" */
    0x0, 0x0, 0x6, 0xf7, 0x0, 0x8, 0xf6, 0x0,
    0x0, 0x7, 0x20, 0x8f, 0x60, 0x0, 0x9f, 0x50,
    0x0, 0x3, 0xfe, 0x19, 0xf4, 0x0, 0xb, 0xf4,
    0x0, 0x0, 0x7, 0xf9, 0xbf, 0x2a, 0xff, 0xff,
    0xff, 0xf1, 0x0, 0x9, 0x2c, 0xf1, 0xae, 0xef,
    0xfe, 0xed, 0x0, 0x0, 0x1, 0xef, 0x0, 0x0,
    0xff, 0x0, 0x0, 0x0, 0x3, 0xef, 0xd0, 0x0,
    0x1f, 0xd0, 0x0, 0x0, 0x8, 0xff, 0xfc, 0x1,
    0x24, 0xfc, 0x22, 0x0, 0x8, 0xff, 0x8f, 0xa0,
    0xdf, 0xff, 0xff, 0xf3, 0x0, 0x2c, 0x25, 0xf8,
    0xb, 0xcc, 0xcc, 0xcc, 0x10, 0x0, 0x0, 0x2,
    0x19, 0xf6, 0x0, 0x0, 0x0, 0x0, 0x0, 0x0,
    0x0, 0xbf, 0x50, 0x0, 0x0, 0x0, 0xc, 0xff,
    0xff, 0xff, 0xff, 0xff, 0xff, 0xf2, 0x0, 0xcd,
    0xdd, 0xff, 0xff, 0xfd, 0xdd, 0xdd, 0x0, 0x0,
    0x0, 0x6f, 0xe5, 0xfc, 0x0, 0x50, 0x0, 0x0,
    0x3, 0xcf, 0xf3, 0xe, 0xf2, 0x7f, 0x90, 0x0,
    0x4c, 0xff, 0xfc, 0x0, 0x7f, 0xef, 0xb0, 0x0,
    0x4, 0xfb, 0x7f, 0xa0, 0x0, 0xef, 0xc0, 0x0,
    0x0, 0x2, 0x4, 0xf8, 0x17, 0x93, 0xff, 0xb1,
    0x0, 0x0, 0x0, 0x8f, 0xef, 0xff, 0x3, 0xdf,
    0xf8, 0x0, 0x4, 0xff, 0xff, 0xe9, 0x40, 0x0,
    0x9f, 0x80, 0x0, 0x1c, 0x96, 0x30, 0x0, 0x0,
    0x0, 0x11, 0x0,

    /* U+895F "襟" */
    0x0, 0x5, 0xf7, 0x0, 0x3f, 0x40, 0xf, 0x80,
    0x0, 0x0, 0x6f, 0x60, 0x59, 0xf7, 0x36, 0xfa,
    0x60, 0x0, 0x8, 0xf4, 0xf, 0xff, 0xda, 0xff,
    0xff, 0x0, 0x9, 0xef, 0xc2, 0x6f, 0xf4, 0x4e,
    0xfd, 0x50, 0x0, 0xdf, 0xff, 0x66, 0xff, 0x93,
    0xff, 0xf0, 0x0, 0x0, 0xc, 0xf3, 0xdf, 0xe9,
    0xad, 0xfe, 0x40, 0x0, 0x2, 0xfd, 0x6f, 0xca,
    0x4f, 0x9e, 0xa9, 0x0, 0x0, 0x9f, 0x7f, 0x8d,
    0x9c, 0x99, 0xd6, 0xf0, 0x0, 0x1f, 0xe1, 0x60,
    0xf7, 0x21, 0xab, 0x18, 0x0, 0x9, 0xfa, 0xe6,
    0xb, 0x40, 0x8, 0x70, 0x0, 0x2, 0xff, 0xff,
    0x1b, 0xbb, 0xbb, 0xbb, 0x70, 0x0, 0xcf, 0xff,
    0xe2, 0xff, 0xff, 0xff, 0xf9, 0x0, 0x8f, 0xef,
    0x7f, 0x60, 0x0, 0x0, 0x0, 0x0, 0x5, 0xd9,
    0xf1, 0x60, 0x0, 0x0, 0x0, 0x0, 0x0, 0x1,
    0xbf, 0x5, 0xff, 0xff, 0xff, 0xff, 0xf1, 0x0,
    0xc, 0xe0, 0x5c, 0xcc, 0xef, 0xcc, 0xcc, 0x0,
    0x0, 0xed, 0x0, 0x30, 0xc, 0xf0, 0x22, 0x0,
    0x0, 0xf, 0xb0, 0x3f, 0x80, 0xde, 0xf, 0x90,
    0x0, 0x1, 0xf9, 0xc, 0xf1, 0xf, 0xd0, 0xce,
    0x0, 0x0, 0x3f, 0x89, 0xf7, 0x21, 0xfb, 0x6,
    0xf5, 0x0, 0x5, 0xf7, 0xab, 0x4f, 0xef, 0x70,
    0xf, 0x80, 0x0, 0x6f, 0x50, 0x0, 0xbf, 0xd1,
    0x0, 0x10, 0x0, 0x0, 0x0, 0x0, 0x0, 0x10,
    0x0, 0x0, 0x0, 0x0,

    /* U+897F "西" */
    0x0, 0xcf, 0xff, 0xff, 0xff, 0xff, 0xff, 0xff,
    0x50, 0xc, 0xdd, 0xde, 0xfe, 0xef, 0xed, 0xdd,
    0xd3, 0x0, 0x0, 0x0, 0x9f, 0x36, 0xf6, 0x0,
    0x0, 0x0, 0x0, 0x0, 0xb, 0xf1, 0x7f, 0x50,
    0x0, 0x0, 0x0, 0x0, 0x0, 0xcf, 0x9, 0xf3,
    0x0, 0x0, 0x0, 0x8, 0xff, 0xff, 0xff, 0xff,
    0xff, 0xe4, 0x0, 0x0, 0xaf, 0xff, 0xff, 0xff,
    0xff, 0xff, 0xa0, 0x0, 0xb, 0xf3, 0x2f, 0xb0,
    0xee, 0x6, 0xf9, 0x0, 0x0, 0xdf, 0x13, 0xf9,
    0xf, 0xd0, 0x7f, 0x70, 0x0, 0xf, 0xf0, 0x6f,
    0x71, 0xfb, 0x9, 0xf6, 0x0, 0x0, 0xfd, 0xa,
    0xf4, 0x3f, 0xa0, 0xaf, 0x40, 0x0, 0x2f, 0xc1,
    0xff, 0x14, 0xf9, 0xc, 0xf2, 0x0, 0x3, 0xfb,
    0xbf, 0xb0, 0x4f, 0xb0, 0xef, 0x10, 0x0, 0x5f,
    0xff, 0xf4, 0x1, 0xff, 0xff, 0xf0, 0x0, 0x7,
    0xff, 0xf8, 0x0, 0x7, 0xff, 0xfe, 0x0, 0x0,
    0x8f, 0xf7, 0x0, 0x0, 0x0, 0x3f, 0xc0, 0x0,
    0xa, 0xf5, 0x0, 0x0, 0x0, 0x4, 0xfa, 0x0,
    0x0, 0xbf, 0x30, 0x0, 0x0, 0x0, 0x6f, 0x90,
    0x0, 0xd, 0xf2, 0x0, 0x0, 0x0, 0x7, 0xf7,
    0x0, 0x0, 0xff, 0xff, 0xff, 0xff, 0xff, 0xff,
    0x50, 0x0, 0xf, 0xff, 0xff, 0xff, 0xff, 0xff,
    0xf4, 0x0, 0x0,

    /* U+8981 "要" */
    0x0, 0xd, 0xff, 0xff, 0xff, 0xff, 0xff, 0xff,
    0xf7, 0x0, 0xd, 0xee, 0xef, 0xfe, 0xef, 0xfe,
    0xee, 0xe5, 0x0, 0x0, 0x0, 0xd, 0xf0, 0x1f,
    0xc0, 0x0, 0x0, 0x0, 0x0, 0x0, 0xf, 0xe0,
    0x3f, 0xa0, 0x0, 0x0, 0x0, 0x9, 0xff, 0xff,
    0xff, 0xff, 0xff, 0xfc, 0x0, 0x0, 0xb, 0xfb,
    0xbf, 0xeb, 0xdf, 0xcb, 0xef, 0x20, 0x0, 0xd,
    0xf0, 0x2f, 0x90, 0x7f, 0x40, 0xcf, 0x10, 0x0,
    0xe, 0xe0, 0x4f, 0x80, 0x9f, 0x30, 0xdf, 0x0,
    0x0, 0xf, 0xff, 0xff, 0xff, 0xff, 0xff, 0xfd,
    0x0, 0x0, 0x1b, 0xbb, 0xbd, 0xfe, 0xbb, 0xbb,
    0xb8, 0x0, 0x0, 0x0, 0x0, 0xd, 0xf4, 0x0,
    0x0, 0x0, 0x0, 0x0, 0xcc, 0xcc, 0xdf, 0xfc,
    0xcc, 0xcc, 0xcc, 0x0, 0x1, 0xff, 0xff, 0xff,
    0xff, 0xff, 0xff, 0xfe, 0x0, 0x0, 0x11, 0x1d,
    0xf9, 0x11, 0x4f, 0xf2, 0x11, 0x0, 0x0, 0x0,
    0x8f, 0xd0, 0x0, 0xdf, 0x60, 0x0, 0x0, 0x0,
    0x4, 0xff, 0xd7, 0x3c, 0xfa, 0x0, 0x0, 0x0,
    0x0, 0x0, 0x5a, 0xff, 0xff, 0xd0, 0x0, 0x0,
    0x0, 0x0, 0x0, 0x5, 0xdf, 0xff, 0xfe, 0x81,
    0x0, 0x0, 0x1, 0x59, 0xef, 0xfb, 0x34, 0xbf,
    0xff, 0x91, 0x0, 0xe, 0xff, 0xfa, 0x30, 0x0,
    0x2, 0xaf, 0xf4, 0x0, 0x7, 0x84, 0x0, 0x0,
    0x0, 0x0, 0x2, 0x70, 0x0,

    /* U+8986 "覆" */
    0x0, 0xff, 0xff, 0xff, 0xff, 0xff, 0xff, 0xff,
    0x40, 0x1a, 0xaa, 0xae, 0xfa, 0xaf, 0xea, 0xaa,
    0xa1, 0x0, 0x37, 0x77, 0xef, 0x78, 0xfe, 0x77,
    0x50, 0x0, 0x9, 0xff, 0xff, 0xff, 0xff, 0xff,
    0xff, 0x30, 0x0, 0xbf, 0x20, 0xfb, 0x5, 0xf6,
    0xa, 0xf2, 0x0, 0xd, 0xff, 0xff, 0xff, 0xff,
    0xff, 0xff, 0x10, 0x0, 0x67, 0x77, 0x77, 0xa7,
    0x77, 0x77, 0x60, 0x0, 0x0, 0x1d, 0x50, 0x9f,
    0xb7, 0x77, 0x77, 0x30, 0x0, 0xc, 0xf6, 0x5f,
    0xff, 0xff, 0xff, 0xf6, 0x0, 0x1d, 0xfa, 0x6f,
    0xf5, 0x55, 0x54, 0x20, 0x0, 0x7, 0xfa, 0x9,
    0xff, 0xff, 0xff, 0xff, 0x10, 0x0, 0x6, 0x2b,
    0x38, 0xf5, 0x44, 0x49, 0xf2, 0x0, 0x0, 0xc,
    0xf3, 0xaf, 0xff, 0xff, 0xff, 0x0, 0x0, 0x9,
    0xf9, 0xc, 0xe7, 0x77, 0x7c, 0xe0, 0x0, 0xb,
    0xff, 0x60, 0xdf, 0xff, 0xff, 0xfd, 0x0, 0x6,
    0xff, 0xf4, 0x0, 0xaf, 0x84, 0x44, 0x0, 0x0,
    0x8, 0x9f, 0x20, 0x9f, 0xff, 0xff, 0xf9, 0x0,
    0x0, 0xa, 0xf2, 0xcf, 0xfc, 0x13, 0xef, 0x30,
    0x0, 0x0, 0xcf, 0x7, 0x46, 0xff, 0xfd, 0x30,
    0x0, 0x0, 0xe, 0xd3, 0x8b, 0xff, 0xef, 0xfb,
    0x83, 0x0, 0x0, 0xfb, 0x3f, 0xd9, 0x40, 0x28,
    0xcf, 0x30, 0x0, 0x0, 0x0, 0x0, 0x0, 0x0,
    0x0, 0x0, 0x0,

    /* U+89C4 "规" */
    0x0, 0x0, 0x1, 0xfb, 0x0, 0x0, 0x0, 0x0,
    0x0, 0x0, 0x0, 0x3, 0xfa, 0x0, 0xef, 0xff,
    0xff, 0xd2, 0x0, 0x0, 0x4, 0xf8, 0x0, 0xff,
    0xee, 0xee, 0xf8, 0x0, 0x0, 0x6, 0xf7, 0x2,
    0xfa, 0x0, 0x4, 0xf7, 0x0, 0x9, 0xff, 0xff,
    0xf5, 0xf8, 0x13, 0x16, 0xf6, 0x0, 0x9, 0xef,
    0xfe, 0xd5, 0xf7, 0x5f, 0x68, 0xf4, 0x0, 0x0,
    0xb, 0xf2, 0x6, 0xf5, 0x7f, 0x49, 0xf2, 0x0,
    0x0, 0xc, 0xf0, 0x8, 0xf4, 0x8f, 0x3b, 0xf1,
    0x0, 0x0, 0xe, 0xf0, 0x9, 0xf2, 0xaf, 0x1c,
    0xf0, 0x0, 0x0, 0xf, 0xd0, 0xb, 0xf1, 0xcf,
    0xe, 0xd0, 0x0, 0x8f, 0xff, 0xff, 0xbd, 0xf0,
    0xed, 0xf, 0xc0, 0x0, 0x7d, 0xef, 0xed, 0x7e,
    0xd0, 0xfb, 0x1f, 0xa0, 0x0, 0x0, 0x8f, 0x60,
    0xf, 0xc3, 0xf8, 0x3f, 0x90, 0x0, 0x0, 0xcf,
    0xb0, 0x1c, 0x88, 0xf4, 0x3c, 0x50, 0x0, 0x0,
    0xff, 0xf4, 0x0, 0xd, 0xfb, 0x10, 0x0, 0x0,
    0x5, 0xfc, 0xfd, 0x0, 0x4f, 0xff, 0x10, 0x0,
    0x0, 0xb, 0xf5, 0xbf, 0x50, 0xdf, 0xff, 0x2,
    0xe6, 0x0, 0x2f, 0xe0, 0x3f, 0x68, 0xfa, 0xdf,
    0x5, 0xf5, 0x0, 0xbf, 0x70, 0x2, 0x7f, 0xe1,
    0xdf, 0x8, 0xf2, 0x4, 0xfe, 0x0, 0x8, 0xff,
    0x30, 0xcf, 0x3e, 0xe0, 0xe, 0xf5, 0x0, 0xaf,
    0xf3, 0x0, 0x8f, 0xff, 0x80, 0x7, 0xb0, 0x0,
    0x4d, 0x20, 0x0, 0xb, 0xfa, 0x0, 0x0, 0x0,
    0x0, 0x0, 0x0, 0x0, 0x0, 0x0, 0x0,

    /* U+89C6 "视" */
    0x0, 0x0, 0x8f, 0x60, 0x0, 0x0, 0x0, 0x0,
    0x0, 0x0, 0x9, 0xf4, 0x2, 0xff, 0xff, 0xff,
    0xc0, 0x0, 0x0, 0xbf, 0x30, 0x4f, 0xee, 0xee,
    0xef, 0x40, 0x2, 0xdf, 0xfc, 0x56, 0xf5, 0x0,
    0x8, 0xf3, 0x0, 0x4f, 0xff, 0xfb, 0x7f, 0x30,
    0x0, 0xaf, 0x10, 0x0, 0x0, 0x9f, 0x69, 0xf1,
    0x9e, 0x2b, 0xf0, 0x0, 0x0, 0x1f, 0xe0, 0xbf,
    0xb, 0xf0, 0xde, 0x0, 0x0, 0x9, 0xf7, 0xd,
    0xe0, 0xdf, 0xf, 0xc0, 0x0, 0x3, 0xfe, 0x0,
    0xec, 0xf, 0xd1, 0xfb, 0x0, 0x0, 0xdf, 0xa0,
    0xf, 0xa0, 0xfb, 0x2f, 0x90, 0x0, 0x9f, 0xff,
    0x72, 0xf9, 0x2f, 0x94, 0xf7, 0x0, 0x6f, 0xff,
    0xef, 0x7f, 0x75, 0xf7, 0x6f, 0x50, 0xf, 0xfc,
    0xf4, 0x66, 0xf5, 0x8f, 0x48, 0xf4, 0x0, 0xa8,
    0xcf, 0x10, 0x13, 0x1d, 0xf0, 0x23, 0x0, 0x2,
    0xd, 0xf0, 0x0, 0x2, 0xff, 0x90, 0x0, 0x0,
    0x0, 0xfe, 0x0, 0x0, 0xaf, 0xfc, 0x0, 0x0,
    0x0, 0x1f, 0xc0, 0x0, 0x3f, 0xef, 0xb0, 0x38,
    0x20, 0x2, 0xfb, 0x0, 0x1e, 0xf6, 0xfa, 0x8,
    0xf4, 0x0, 0x4f, 0x90, 0x1c, 0xf8, 0x3f, 0xb0,
    0xbf, 0x20, 0x5, 0xf7, 0x2d, 0xfa, 0x1, 0xfd,
    0x4f, 0xd0, 0x0, 0x7f, 0x7e, 0xfa, 0x0, 0xd,
    0xff, 0xf7, 0x0, 0x8, 0xf4, 0x88, 0x0, 0x0,
    0x3d, 0xf9, 0x0, 0x0, 0x0, 0x0, 0x0, 0x0,
    0x0, 0x0, 0x0, 0x0,

    /* U+89C8 "览" */
    0x0, 0x0, 0x0, 0x0, 0x0, 0x0, 0x0, 0x0,
    0x0, 0x0, 0x0, 0x4, 0xfa, 0x0, 0xab, 0x10,
    0x0, 0x0, 0x5, 0xf7, 0x5f, 0x80, 0xf, 0xf0,
    0x0, 0x0, 0x0, 0x6f, 0x57, 0xf6, 0x6, 0xff,
    0xee, 0xed, 0x0, 0x8, 0xf3, 0x9f, 0x50, 0xef,
    0xff, 0xff, 0xd0, 0x0, 0xaf, 0x2a, 0xf3, 0x8f,
    0xb0, 0x10, 0x0, 0x0, 0xb, 0xf0, 0xcf, 0x6f,
    0xf1, 0xad, 0x0, 0x0, 0x0, 0xde, 0xe, 0xf1,
    0xd4, 0x5, 0xf6, 0x0, 0x0, 0xb, 0xa0, 0xfe,
    0x0, 0x0, 0xe, 0xd0, 0x0, 0x0, 0x0, 0x6,
    0x50, 0x0, 0x0, 0x55, 0x0, 0x0, 0x0, 0x8c,
    0xcc, 0xcc, 0xcc, 0xc8, 0x0, 0x0, 0x0, 0xc,
    0xff, 0xff, 0xff, 0xff, 0xf3, 0x0, 0x0, 0x0,
    0xef, 0x11, 0x11, 0x11, 0xcf, 0x30, 0x0, 0x0,
    0xf, 0xe0, 0xd, 0xc0, 0xd, 0xf1, 0x0, 0x0,
    0x1, 0xfc, 0x1, 0xfc, 0x0, 0xff, 0x0, 0x0,
    0x0, 0x3f, 0xb0, 0x4f, 0x90, 0xf, 0xd0, 0x0,
    0x0, 0x5, 0xf9, 0xa, 0xfd, 0x92, 0xfc, 0x0,
    0x0, 0x0, 0x6f, 0x73, 0xff, 0xfc, 0x3f, 0x90,
    0x0, 0x0, 0x0, 0x2, 0xef, 0x8f, 0xa0, 0x0,
    0x20, 0x0, 0x0, 0x7, 0xff, 0x93, 0xfa, 0x0,
    0x3f, 0xa0, 0x4, 0x8e, 0xff, 0x80, 0x2f, 0xd0,
    0xb, 0xf5, 0x0, 0xbf, 0xfb, 0x30, 0x0, 0xcf,
    0xee, 0xfd, 0x0, 0x3, 0x72, 0x0, 0x0, 0x1,
    0xbf, 0xea, 0x10, 0x0,

    /* U+89D2 "角" */
    0x0, 0x0, 0x0, 0x85, 0x0, 0x0, 0x0, 0x0,
    0x0, 0x0, 0x3, 0xfc, 0x0, 0x0, 0x0, 0x0,
    0x0, 0x0, 0xd, 0xff, 0xff, 0xff, 0xd1, 0x0,
    0x0, 0x0, 0x8f, 0xdb, 0xbb, 0xcf, 0xf3, 0x0,
    0x0, 0x4, 0xfd, 0x0, 0x0, 0xaf, 0xa0, 0x0,
    0x0, 0x2f, 0xf6, 0x22, 0x26, 0xfe, 0x22, 0x0,
    0x2, 0xef, 0xff, 0xff, 0xff, 0xff, 0xff, 0xf5,
    0x1e, 0xf7, 0xef, 0xcc, 0xdf, 0xec, 0xcd, 0xf9,
    0x9, 0x70, 0xfc, 0x0, 0x4f, 0x80, 0x3, 0xf8,
    0x0, 0x2, 0xfb, 0x0, 0x6f, 0x70, 0x5, 0xf6,
    0x0, 0x4, 0xff, 0xff, 0xff, 0xff, 0xff, 0xf5,
    0x0, 0x6, 0xfe, 0xdd, 0xef, 0xdd, 0xde, 0xf3,
    0x0, 0x8, 0xf5, 0x0, 0xbf, 0x20, 0xa, 0xf2,
    0x0, 0xa, 0xf2, 0x0, 0xdf, 0x0, 0xc, 0xf0,
    0x0, 0xe, 0xff, 0xff, 0xff, 0xff, 0xff, 0xe0,
    0x0, 0x2f, 0xed, 0xdd, 0xff, 0xdd, 0xdf, 0xd0,
    0x0, 0x7f, 0x60, 0x2, 0xfb, 0x0, 0x1f, 0xb0,
    0x0, 0xcf, 0x10, 0x3, 0xf9, 0x0, 0x3f, 0xa0,
    0x3, 0xfb, 0x0, 0x5, 0xf8, 0x0, 0x4f, 0x80,
    0xa, 0xf4, 0x0, 0x6, 0xf9, 0xa6, 0x8f, 0x50,
    0x3f, 0xc0, 0x0, 0x8, 0xf6, 0xff, 0xff, 0x10,
    0x6e, 0x30, 0x0, 0x9, 0xf3, 0x5e, 0xe4, 0x0,
    0x0, 0x0, 0x0, 0x0, 0x0, 0x0, 0x0, 0x0,

    /* U+89E3 "解" */
    0x0, 0x0, 0x2b, 0x50, 0x0, 0x0, 0x0, 0x0,
    0x0, 0x0, 0x0, 0x8f, 0x80, 0x0, 0xdf, 0xff,
    0xff, 0xb0, 0x0, 0x0, 0xef, 0xb9, 0x40, 0xcd,
    0xff, 0xdf, 0xf1, 0x0, 0x6, 0xff, 0xff, 0xd0,
    0x1, 0xfa, 0xc, 0xf0, 0x0, 0x1e, 0xf2, 0x4f,
    0x90, 0x5, 0xf7, 0xd, 0xe0, 0x0, 0xaf, 0x80,
    0xbf, 0x10, 0xc, 0xf1, 0xf, 0xd0, 0x0, 0xaf,
    0xcc, 0xfe, 0xa0, 0x6f, 0xea, 0x1f, 0xb0, 0x0,
    0x5f, 0xff, 0xff, 0xf8, 0xff, 0x7f, 0xef, 0x70,
    0x0, 0x7f, 0x5d, 0x98, 0xf4, 0xc4, 0xa, 0xea,
    0x0, 0x0, 0x8f, 0x2e, 0x79, 0xf1, 0x42, 0x4b,
    0x30, 0x0, 0x0, 0xaf, 0xef, 0xef, 0xf0, 0xeb,
    0x8f, 0x30, 0x0, 0x0, 0xbf, 0xcf, 0xcf, 0xe1,
    0xfd, 0xdf, 0xbb, 0x0, 0x0, 0xdd, 0x3f, 0x2e,
    0xc6, 0xff, 0xff, 0xff, 0x0, 0x0, 0xfc, 0x5f,
    0x1f, 0xbb, 0xd0, 0xde, 0x0, 0x0, 0x2, 0xfe,
    0xcf, 0xaf, 0x9b, 0x70, 0xed, 0x0, 0x0, 0x4,
    0xff, 0xff, 0xff, 0x70, 0x0, 0xfb, 0x0, 0x0,
    0x7, 0xf7, 0xbd, 0x7f, 0x6f, 0xff, 0xff, 0xfd,
    0x0, 0x9, 0xf2, 0xba, 0x6f, 0x5b, 0xbc, 0xfd,
    0xb8, 0x0, 0xd, 0xe0, 0xd9, 0x8f, 0x20, 0x5,
    0xf6, 0x0, 0x0, 0x1f, 0xb0, 0x65, 0xaf, 0x10,
    0x7, 0xf5, 0x0, 0x0, 0x6f, 0x60, 0x2f, 0xed,
    0x0, 0x8, 0xf3, 0x0, 0x0, 0x5d, 0x10, 0xb,
    0xe4, 0x0, 0x9, 0xf1, 0x0, 0x0, 0x0, 0x0,
    0x0, 0x0, 0x0, 0x0, 0x0, 0x0, 0x0,

    /* U+89E6 "触" */
    0x0, 0x0, 0x3c, 0x40, 0x0, 0x0, 0x6f, 0x50,
    0x0, 0x0, 0xa, 0xf5, 0x0, 0x0, 0x7, 0xf4,
    0x0, 0x0, 0x1, 0xff, 0xa9, 0x10, 0x0, 0x9f,
    0x20, 0x0, 0x0, 0x7f, 0xff, 0xf7, 0x0, 0xb,
    0xf1, 0x0, 0x0, 0x1e, 0xf2, 0x8f, 0x21, 0x77,
    0xef, 0x75, 0x0, 0xa, 0xf8, 0x1f, 0xa0, 0x3f,
    0xff, 0xff, 0xf3, 0x0, 0xaf, 0xbd, 0xfc, 0x55,
    0xf7, 0xfc, 0x9f, 0x30, 0x5, 0xff, 0xff, 0xfe,
    0x7f, 0x2f, 0x98, 0xf2, 0x0, 0x6f, 0x3d, 0x7b,
    0xd9, 0xf2, 0xf8, 0x9f, 0x0, 0x8, 0xf2, 0xf5,
    0xdb, 0xae, 0x3f, 0x6b, 0xe0, 0x0, 0x9f, 0xaf,
    0xbf, 0xac, 0xd5, 0xf4, 0xdc, 0x0, 0xb, 0xff,
    0xff, 0xf8, 0xec, 0x8f, 0x4e, 0xb0, 0x0, 0xdc,
    0x4f, 0x2f, 0x7f, 0xff, 0xff, 0xf9, 0x0, 0xf,
    0xb6, 0xe3, 0xf6, 0xaa, 0xef, 0xaa, 0x50, 0x1,
    0xfd, 0xce, 0xbf, 0x30, 0xd, 0xe1, 0x40, 0x0,
    0x4f, 0xff, 0xff, 0xf1, 0x0, 0xec, 0x8f, 0x0,
    0x6, 0xf3, 0xb9, 0x9f, 0x0, 0xf, 0xa6, 0xf2,
    0x0, 0x9f, 0xc, 0x7a, 0xe0, 0x1, 0xf9, 0x7f,
    0x40, 0xc, 0xd0, 0xe6, 0xcc, 0x0, 0x3f, 0xff,
    0xf6, 0x1, 0xf9, 0x7, 0x3d, 0xb1, 0x6c, 0xff,
    0xbf, 0x60, 0x5f, 0x50, 0x8e, 0xf9, 0xff, 0xfb,
    0x30, 0xf7, 0x5, 0xd0, 0x2, 0xec, 0x1c, 0x82,
    0x0, 0xd, 0x50, 0x0, 0x0, 0x0, 0x0, 0x0,
    0x0, 0x0, 0x0, 0x0,

    /* U+8A00 "言" */
    0x0, 0x0, 0x0, 0x9, 0xf6, 0x0, 0x0, 0x0,
    0x0, 0x0, 0x0, 0xb, 0xf5, 0x0, 0x0, 0x0,
    0xa, 0xdd, 0xdd, 0xdf, 0xfe, 0xdd, 0xdd, 0xd1,
    0xd, 0xff, 0xff, 0xff, 0xff, 0xff, 0xff, 0xf0,
    0x1, 0x22, 0x22, 0x22, 0x22, 0x22, 0x22, 0x10,
    0x0, 0x0, 0x0, 0x0, 0x0, 0x0, 0x0, 0x0,
    0x0, 0xaf, 0xff, 0xff, 0xff, 0xff, 0xf3, 0x0,
    0x0, 0xae, 0xee, 0xee, 0xee, 0xee, 0xe1, 0x0,
    0x0, 0x0, 0x0, 0x0, 0x0, 0x0, 0x0, 0x0,
    0x0, 0x12, 0x22, 0x22, 0x22, 0x22, 0x10, 0x0,
    0x0, 0xff, 0xff, 0xff, 0xff, 0xff, 0xd0, 0x0,
    0x1, 0xdd, 0xdd, 0xdd, 0xdd, 0xdd, 0x90, 0x0,
    0x0, 0x0, 0x0, 0x0, 0x0, 0x0, 0x0, 0x0,
    0x9, 0xcc, 0xcc, 0xcc, 0xcc, 0xcb, 0x20, 0x0,
    0xd, 0xff, 0xff, 0xff, 0xff, 0xff, 0xa0, 0x0,
    0xf, 0xf2, 0x22, 0x22, 0x22, 0x5f, 0xb0, 0x0,
    0x1f, 0xe0, 0x0, 0x0, 0x0, 0x5f, 0x90, 0x0,
    0x2f, 0xc0, 0x0, 0x0, 0x0, 0x7f, 0x80, 0x0,
    0x4f, 0xb0, 0x0, 0x0, 0x0, 0x8f, 0x60, 0x0,
    0x5f, 0xa0, 0x0, 0x0, 0x0, 0xaf, 0x50, 0x0,
    0x7f, 0xfe, 0xee, 0xee, 0xee, 0xff, 0x30, 0x0,
    0x8f, 0xff, 0xff, 0xff, 0xff, 0xff, 0x20, 0x0,

    /* U+8B66 "警" */
    0x0, 0x0, 0x0, 0x0, 0x0, 0x0, 0x0, 0x0,
    0x0, 0x0, 0x3f, 0x47, 0xf1, 0x0, 0x8b, 0x0,
    0x0, 0x0, 0xef, 0xff, 0xff, 0xf8, 0xe, 0xc0,
    0x0, 0x0, 0x8, 0xcf, 0x8d, 0xf8, 0x38, 0xff,
    0xff, 0xf4, 0x0, 0x4d, 0xb0, 0x78, 0x3, 0xfe,
    0xab, 0xfc, 0x20, 0xc, 0xfe, 0xee, 0xd8, 0xef,
    0xd0, 0x8f, 0x10, 0x7, 0xf8, 0x77, 0x7e, 0xca,
    0x8f, 0x6f, 0xb0, 0x0, 0xcf, 0xff, 0xd1, 0xea,
    0x0, 0xef, 0xf2, 0x0, 0x2, 0xf7, 0x7f, 0x4f,
    0x90, 0x5e, 0xfd, 0x20, 0x0, 0x4f, 0xee, 0xf7,
    0xf6, 0xcf, 0xea, 0xff, 0x70, 0x2, 0x77, 0x9f,
    0xff, 0x48, 0x71, 0x5, 0xe7, 0x1, 0x44, 0x44,
    0x87, 0xdf, 0x54, 0x44, 0x44, 0x30, 0x5f, 0xff,
    0xff, 0xff, 0xff, 0xff, 0xff, 0xfa, 0x2, 0x55,
    0x55, 0x55, 0x55, 0x55, 0x55, 0x55, 0x20, 0x0,
    0x4f, 0xff, 0xff, 0xff, 0xff, 0xf5, 0x0, 0x0,
    0x2, 0x77, 0x77, 0x77, 0x77, 0x77, 0x20, 0x0,
    0x0, 0x6c, 0xcc, 0xcc, 0xcc, 0xcc, 0xc1, 0x0,
    0x0, 0x7, 0xcc, 0xcc, 0xcc, 0xcc, 0xcc, 0x0,
    0x0, 0x4, 0x77, 0x77, 0x77, 0x77, 0x77, 0x60,
    0x0, 0x0, 0x9f, 0xff, 0xff, 0xff, 0xff, 0xff,
    0x80, 0x0, 0xb, 0xf3, 0x0, 0x0, 0x0, 0x6,
    0xf9, 0x0, 0x0, 0xcf, 0x99, 0x99, 0x99, 0x99,
    0xbf, 0x70, 0x0, 0xe, 0xff, 0xff, 0xff, 0xff,
    0xff, 0xf6, 0x0, 0x0,

    /* U+8BA1 "计" */
    0x0, 0x2b, 0x20, 0x0, 0x0, 0x2f, 0xd0, 0x0,
    0x0, 0x9f, 0xc0, 0x0, 0x0, 0x3f, 0xc0, 0x0,
    0x0, 0xe, 0xf5, 0x0, 0x0, 0x5f, 0xa0, 0x0,
    0x0, 0x5, 0xfd, 0x0, 0x0, 0x7f, 0x90, 0x0,
    0x0, 0x0, 0xd8, 0x0, 0x0, 0x8f, 0x70, 0x0,
    0x0, 0x0, 0x0, 0x0, 0x0, 0xaf, 0x50, 0x0,
    0x0, 0x0, 0x0, 0x0, 0x0, 0xcf, 0x40, 0x0,
    0x9, 0xba, 0x10, 0x0, 0x0, 0xdf, 0x20, 0x0,
    0xf, 0xff, 0xa1, 0xff, 0xff, 0xff, 0xff, 0xfe,
    0x4, 0x7f, 0xa3, 0xff, 0xff, 0xff, 0xff, 0xfd,
    0x0, 0x4f, 0x90, 0x11, 0x14, 0xfd, 0x11, 0x11,
    0x0, 0x6f, 0x70, 0x0, 0x4, 0xfb, 0x0, 0x0,
    0x0, 0x8f, 0x50, 0x0, 0x5, 0xfa, 0x0, 0x0,
    0x0, 0x9f, 0x40, 0x0, 0x7, 0xf8, 0x0, 0x0,
    0x0, 0xbf, 0x20, 0x0, 0x9, 0xf7, 0x0, 0x0,
    0x0, 0xdf, 0x12, 0x0, 0xa, 0xf5, 0x0, 0x0,
    0x0, 0xef, 0xaf, 0x20, 0xc, 0xf3, 0x0, 0x0,
    0x0, 0xff, 0xfd, 0x20, 0xe, 0xf2, 0x0, 0x0,
    0x3, 0xff, 0xd1, 0x0, 0xf, 0xf0, 0x0, 0x0,
    0x5f, 0xfb, 0x10, 0x0, 0x1f, 0xf0, 0x0, 0x0,
    0x3f, 0x70, 0x0, 0x0, 0x3f, 0xd0, 0x0, 0x0,
    0x1, 0x0, 0x0, 0x0, 0x4f, 0xb0, 0x0, 0x0,

    /* U+8BA4 "认" */
    0x0, 0x1a, 0x50, 0x0, 0x0, 0xcf, 0x40, 0x0,
    0x6, 0xfe, 0x0, 0x0, 0xd, 0xf3, 0x0, 0x0,
    0xc, 0xf7, 0x0, 0x0, 0xff, 0x20, 0x0, 0x0,
    0x3f, 0xf1, 0x0, 0xf, 0xf0, 0x0, 0x0, 0x0,
    0xcb, 0x10, 0x2, 0xff, 0x0, 0x0, 0x0, 0x1,
    0x0, 0x0, 0x3f, 0xd0, 0x0, 0x0, 0x0, 0x0,
    0x0, 0x5, 0xfc, 0x0, 0x0, 0xdf, 0xf7, 0x0,
    0x0, 0x7f, 0xa0, 0x0, 0xe, 0xff, 0xf0, 0x0,
    0x9, 0xfa, 0x0, 0x0, 0x1, 0xfe, 0x0, 0x0,
    0xbf, 0xc0, 0x0, 0x0, 0x3f, 0xd0, 0x0, 0xe,
    0xfd, 0x0, 0x0, 0x5, 0xfb, 0x0, 0x1, 0xff,
    0xf0, 0x0, 0x0, 0x6f, 0x90, 0x0, 0x5f, 0xff,
    0x20, 0x0, 0x8, 0xf7, 0x0, 0xa, 0xfe, 0xf5,
    0x0, 0x0, 0xaf, 0x68, 0x1, 0xff, 0x6f, 0x80,
    0x0, 0xb, 0xfe, 0xf8, 0x7f, 0xc1, 0xfd, 0x0,
    0x0, 0xdf, 0xfb, 0x2e, 0xf4, 0xd, 0xf3, 0x0,
    0x8f, 0xf9, 0x9, 0xfc, 0x0, 0x8f, 0x90, 0x7f,
    0xe5, 0x5, 0xff, 0x30, 0x2, 0xff, 0x10, 0x91,
    0x3, 0xff, 0x70, 0x0, 0xc, 0xf9, 0x0, 0x1,
    0xef, 0xb0, 0x0, 0x0, 0x4f, 0x60, 0x0, 0x6,
    0xc0, 0x0, 0x0, 0x0, 0x50, 0x0, 0x0, 0x0,
    0x0, 0x0, 0x0, 0x0, 0x0,

    /* U+8BAE "议" */
    0x0, 0x0, 0x0, 0x0, 0x1, 0x50, 0x0, 0x0,
    0x0, 0x8e, 0x10, 0x0, 0xd, 0xf2, 0x0, 0x0,
    0x0, 0xaf, 0x80, 0x0, 0x7, 0xf8, 0x1, 0x52,
    0x0, 0x3f, 0xe0, 0xbf, 0x12, 0xfd, 0x5, 0xfc,
    0x0, 0xd, 0xf3, 0xdf, 0x20, 0xef, 0x27, 0xf9,
    0x0, 0x6, 0x60, 0xbf, 0x20, 0x76, 0xa, 0xf6,
    0x0, 0x0, 0x0, 0xaf, 0x40, 0x0, 0xe, 0xf2,
    0xf, 0xfe, 0x30, 0x8f, 0x60, 0x0, 0x3f, 0xe0,
    0xf, 0xff, 0x90, 0x6f, 0x80, 0x0, 0x8f, 0x80,
    0x0, 0x4f, 0x80, 0x3f, 0xc0, 0x0, 0xef, 0x30,
    0x0, 0x6f, 0x60, 0xf, 0xf0, 0x5, 0xfd, 0x0,
    0x0, 0x8f, 0x50, 0xa, 0xf5, 0xc, 0xf5, 0x0,
    0x0, 0xaf, 0x30, 0x6, 0xfb, 0x6f, 0xe0, 0x0,
    0x0, 0xbf, 0x10, 0x0, 0xff, 0xef, 0x50, 0x0,
    0x0, 0xdf, 0x49, 0x0, 0x9f, 0xfb, 0x0, 0x0,
    0x0, 0xff, 0xff, 0x40, 0x8f, 0xf5, 0x0, 0x0,
    0x1, 0xff, 0xf6, 0x8, 0xff, 0xfe, 0x10, 0x0,
    0xa, 0xff, 0x50, 0x8f, 0xf6, 0xcf, 0xc0, 0x0,
    0x7f, 0xe3, 0x1a, 0xff, 0x50, 0x1d, 0xfc, 0x10,
    0x9, 0x13, 0xef, 0xf5, 0x0, 0x2, 0xef, 0xd3,
    0x0, 0x8, 0xfd, 0x20, 0x0, 0x0, 0x2d, 0xf6,
    0x0, 0x0, 0x80, 0x0, 0x0, 0x0, 0x0, 0x70,

    /* U+8BB0 "记" */
    0x0, 0x5, 0x30, 0x0, 0x0, 0x0, 0x0, 0x0,
    0x0, 0x6f, 0xd0, 0x9, 0xff, 0xff, 0xff, 0xb0,
    0x0, 0xd, 0xf8, 0xa, 0xff, 0xff, 0xff, 0xf3,
    0x0, 0x3, 0xff, 0x20, 0x0, 0x0, 0xb, 0xf2,
    0x0, 0x0, 0xab, 0x10, 0x0, 0x0, 0xd, 0xf0,
    0x0, 0x0, 0x0, 0x0, 0x0, 0x0, 0xf, 0xf0,
    0x2, 0x32, 0x0, 0x0, 0x0, 0x0, 0xf, 0xd0,
    0xc, 0xff, 0xa0, 0x0, 0x0, 0x0, 0x2f, 0xc0,
    0xa, 0xcf, 0xf0, 0x9, 0xbb, 0xbb, 0xcf, 0xa0,
    0x0, 0xf, 0xe0, 0xe, 0xff, 0xff, 0xff, 0x80,
    0x0, 0x1f, 0xd0, 0xf, 0xe3, 0x33, 0x33, 0x10,
    0x0, 0x3f, 0xb0, 0x2f, 0xc0, 0x0, 0x0, 0x0,
    0x0, 0x5f, 0x90, 0x4f, 0xb0, 0x0, 0x0, 0x0,
    0x0, 0x6f, 0x80, 0x5f, 0x90, 0x0, 0x0, 0x0,
    0x0, 0x8f, 0x63, 0x8f, 0x70, 0x0, 0x0, 0x0,
    0x0, 0x9f, 0x8e, 0xff, 0x60, 0x0, 0x0, 0x0,
    0x0, 0xbf, 0xff, 0xff, 0x40, 0x0, 0x5, 0x30,
    0x0, 0xdf, 0xf7, 0xcf, 0x30, 0x0, 0x2f, 0xd0,
    0x1d, 0xfe, 0x40, 0xbf, 0x40, 0x0, 0x7f, 0xa0,
    0xd, 0xb1, 0x0, 0x9f, 0xb1, 0x6, 0xff, 0x30,
    0x1, 0x0, 0x0, 0x3f, 0xff, 0xff, 0xf8, 0x0,
    0x0, 0x0, 0x0, 0x4, 0xcf, 0xfc, 0x50, 0x0,

    /* U+8BB8 "许" */
    0x0, 0x1, 0x0, 0x0, 0x12, 0x0, 0x0, 0x0,
    0x0, 0x4e, 0x80, 0x0, 0xaf, 0x30, 0x0, 0x0,
    0x0, 0x2f, 0xf3, 0x0, 0xee, 0x0, 0x0, 0x0,
    0x0, 0x7, 0xfc, 0x4, 0xfb, 0x22, 0x22, 0x21,
    0x0, 0x0, 0xdd, 0x1b, 0xff, 0xff, 0xff, 0xf9,
    0x0, 0x0, 0x20, 0x3f, 0xfd, 0xef, 0xdd, 0xd6,
    0x0, 0x0, 0x0, 0xcf, 0x50, 0xbf, 0x30, 0x0,
    0xd, 0xff, 0x51, 0xec, 0x0, 0xdf, 0x10, 0x0,
    0xc, 0xdf, 0xb0, 0x12, 0x0, 0xef, 0x0, 0x0,
    0x0, 0x3f, 0xa0, 0x0, 0x0, 0xfe, 0x0, 0x0,
    0x0, 0x4f, 0x80, 0x0, 0x3, 0xfc, 0x0, 0x0,
    0x0, 0x6f, 0x76, 0xff, 0xff, 0xff, 0xff, 0xf8,
    0x0, 0x8f, 0x57, 0xee, 0xef, 0xff, 0xee, 0xe6,
    0x0, 0xaf, 0x30, 0x0, 0x7, 0xf7, 0x0, 0x0,
    0x0, 0xbf, 0x20, 0x0, 0x8, 0xf5, 0x0, 0x0,
    0x0, 0xdf, 0x28, 0x0, 0xa, 0xf4, 0x0, 0x0,
    0x0, 0xff, 0xdf, 0x50, 0xc, 0xf2, 0x0, 0x0,
    0x0, 0xff, 0xf9, 0x0, 0xd, 0xf0, 0x0, 0x0,
    0x9, 0xff, 0x70, 0x0, 0xf, 0xf0, 0x0, 0x0,
    0x7f, 0xe4, 0x0, 0x0, 0x1f, 0xd0, 0x0, 0x0,
    0x9, 0x10, 0x0, 0x0, 0x3f, 0xb0, 0x0, 0x0,
    0x0, 0x0, 0x0, 0x0, 0x4f, 0xa0, 0x0, 0x0,

    /* U+8BBE "设" */
    0x0, 0x5, 0x20, 0x0, 0x0, 0x0, 0x0, 0x0,
    0x0, 0x7f, 0xc0, 0x0, 0xff, 0xff, 0xfc, 0x0,
    0x0, 0xe, 0xf5, 0x1, 0xff, 0xff, 0xff, 0x30,
    0x0, 0x5, 0xfd, 0x3, 0xfa, 0x0, 0xbf, 0x20,
    0x0, 0x0, 0xdb, 0x15, 0xf8, 0x0, 0xdf, 0x0,
    0x0, 0x0, 0x10, 0x9, 0xf5, 0x0, 0xee, 0x0,
    0x0, 0x0, 0x0, 0x1f, 0xf0, 0x0, 0xfd, 0x0,
    0x9, 0xff, 0xa0, 0xbf, 0x80, 0x0, 0xef, 0xb6,
    0xa, 0xff, 0xf1, 0xac, 0x0, 0x0, 0x8f, 0xf7,
    0x0, 0xd, 0xf0, 0x11, 0x0, 0x0, 0x1, 0x10,
    0x0, 0xf, 0xf0, 0xbf, 0xff, 0xff, 0xfc, 0x10,
    0x0, 0xf, 0xd0, 0xcf, 0xfe, 0xee, 0xff, 0x40,
    0x0, 0x2f, 0xb0, 0xd, 0xf0, 0x0, 0xef, 0x10,
    0x0, 0x4f, 0xa0, 0x9, 0xf3, 0x6, 0xf9, 0x0,
    0x0, 0x5f, 0x83, 0x4, 0xf9, 0x1e, 0xf2, 0x0,
    0x0, 0x7f, 0xbf, 0xa0, 0xdf, 0xcf, 0x70, 0x0,
    0x0, 0x9f, 0xff, 0x70, 0x6f, 0xfc, 0x0, 0x0,
    0x2, 0xdf, 0xe4, 0x0, 0xaf, 0xf9, 0x0, 0x0,
    0x5f, 0xfc, 0x20, 0x2d, 0xfd, 0xef, 0x90, 0x0,
    0x2f, 0x70, 0x19, 0xff, 0xb0, 0x2e, 0xfc, 0x20,
    0x1, 0x0, 0x6f, 0xe7, 0x0, 0x2, 0xdf, 0x60,
    0x0, 0x0, 0x8, 0x10, 0x0, 0x0, 0x7, 0x0,

    /* U+8BBF "访" */
    0x0, 0x3b, 0x10, 0x0, 0x0, 0x1f, 0xb0, 0x0,
    0x0, 0xa, 0xfa, 0x0, 0x0, 0x3, 0xfa, 0x0,
    0x0, 0x0, 0x1f, 0xf3, 0x0, 0x0, 0x4f, 0x80,
    0x0, 0x0, 0x0, 0x8f, 0xa3, 0xcc, 0xcd, 0xfe,
    0xcc, 0xc3, 0x0, 0x1, 0xe6, 0x6f, 0xff, 0xff,
    0xff, 0xff, 0x20, 0x0, 0x0, 0x1, 0x37, 0xfa,
    0x33, 0x33, 0x30, 0x0, 0x0, 0x0, 0x0, 0x7f,
    0x70, 0x0, 0x0, 0x0, 0xef, 0xf5, 0x0, 0x8,
    0xf5, 0x0, 0x0, 0x0, 0xf, 0xff, 0xc0, 0x0,
    0xbf, 0x62, 0x21, 0x0, 0x0, 0x24, 0xfb, 0x0,
    0xd, 0xff, 0xff, 0xf7, 0x0, 0x0, 0x4f, 0x90,
    0x0, 0xff, 0xbb, 0xcf, 0xb0, 0x0, 0x5, 0xf8,
    0x0, 0x3f, 0xc0, 0x3, 0xfa, 0x0, 0x0, 0x7f,
    0x60, 0x5, 0xf8, 0x0, 0x5f, 0x80, 0x0, 0x9,
    0xf5, 0x0, 0x9f, 0x50, 0x7, 0xf6, 0x0, 0x0,
    0xaf, 0x69, 0xd, 0xf1, 0x0, 0x9f, 0x40, 0x0,
    0xc, 0xff, 0xf7, 0xfd, 0x0, 0xb, 0xf3, 0x0,
    0x0, 0xef, 0xf8, 0x7f, 0x80, 0x0, 0xdf, 0x10,
    0x0, 0x7f, 0xf7, 0xd, 0xf3, 0x0, 0xf, 0xf0,
    0x0, 0x7f, 0xf5, 0x5, 0xfc, 0x0, 0x1, 0xfd,
    0x0, 0x1, 0xc3, 0x0, 0xdf, 0x55, 0xe4, 0x4f,
    0xa0, 0x0, 0x0, 0x0, 0x8f, 0xc0, 0x2f, 0xef,
    0xf5, 0x0, 0x0, 0x0, 0x1, 0xb2, 0x0, 0x5e,
    0xe8, 0x0, 0x0, 0x0, 0x0, 0x0, 0x0, 0x0,
    0x0, 0x0, 0x0, 0x0,

    /* U+8BC1 "证" */
    0x0, 0x0, 0x0, 0x0, 0x0, 0x0, 0x0, 0x0,
    0x0, 0x3, 0xc5, 0x0, 0x0, 0x0, 0x0, 0x0,
    0x0, 0x0, 0x6f, 0xe1, 0xd, 0xff, 0xff, 0xff,
    0xff, 0x0, 0x0, 0xbf, 0x80, 0xef, 0xff, 0xff,
    0xff, 0xd0, 0x0, 0x2, 0xff, 0x10, 0x0, 0xc,
    0xf2, 0x0, 0x0, 0x0, 0xa, 0x70, 0x0, 0x0,
    0xdf, 0x10, 0x0, 0x0, 0x0, 0x0, 0x0, 0x0,
    0xf, 0xf0, 0x0, 0x0, 0x12, 0x0, 0x0, 0x0,
    0x0, 0xfe, 0x0, 0x0, 0xd, 0xff, 0x60, 0x7,
    0xf5, 0x2f, 0xc0, 0x0, 0x0, 0xef, 0xfc, 0x0,
    0x9f, 0x43, 0xfb, 0x0, 0x0, 0x1, 0x3f, 0xc0,
    0xa, 0xf2, 0x5f, 0xa2, 0x10, 0x0, 0x4, 0xfa,
    0x0, 0xcf, 0x16, 0xff, 0xfe, 0x0, 0x0, 0x5f,
    0x90, 0xd, 0xf0, 0x8f, 0xdc, 0xa0, 0x0, 0x7,
    0xf7, 0x0, 0xfe, 0xa, 0xf4, 0x0, 0x0, 0x0,
    0x9f, 0x60, 0xf, 0xc0, 0xbf, 0x30, 0x0, 0x0,
    0xa, 0xf4, 0x2, 0xfb, 0xd, 0xf1, 0x0, 0x0,
    0x0, 0xcf, 0x33, 0x4f, 0x90, 0xef, 0x0, 0x0,
    0x0, 0xd, 0xfb, 0xf8, 0xf8, 0xf, 0xe0, 0x0,
    0x0, 0x0, 0xff, 0xfd, 0x9f, 0x61, 0xfc, 0x0,
    0x0, 0x0, 0x7f, 0xfb, 0x8, 0xf4, 0x3f, 0xb0,
    0x0, 0x0, 0x7f, 0xf6, 0x0, 0xaf, 0x34, 0xf9,
    0x0, 0x0, 0x0, 0xa1, 0x9, 0xff, 0xff, 0xff,
    0xff, 0xf9, 0x0, 0x0, 0x0, 0xcf, 0xff, 0xff,
    0xff, 0xff, 0x80, 0x0,

    /* U+8BD5 "试" */
    0x0, 0x1a, 0x40, 0x0, 0x0, 0x3, 0xf8, 0x86,
    0x0, 0x5, 0xfb, 0x0, 0x0, 0x0, 0x4f, 0x7d,
    0xd0, 0x0, 0xd, 0xf2, 0x0, 0x0, 0x5, 0xf5,
    0x8f, 0x10, 0x0, 0x7f, 0x80, 0x0, 0x0, 0x7f,
    0x44, 0x91, 0x0, 0x2, 0xf8, 0x23, 0x33, 0x39,
    0xf6, 0x33, 0x0, 0x0, 0x2, 0xb, 0xff, 0xff,
    0xff, 0xff, 0xf2, 0x0, 0x0, 0x0, 0x8b, 0xbb,
    0xbe, 0xfb, 0xbb, 0x0, 0x5a, 0x92, 0x0, 0x0,
    0x0, 0xbf, 0x0, 0x0, 0xa, 0xff, 0xb0, 0x0,
    0x0, 0xc, 0xf0, 0x0, 0x0, 0x13, 0xfc, 0xd,
    0xff, 0xfa, 0xde, 0x0, 0x0, 0x0, 0x2f, 0xa0,
    0xbe, 0xfd, 0x7d, 0xe0, 0x0, 0x0, 0x4, 0xf8,
    0x0, 0xaf, 0x20, 0xed, 0x0, 0x0, 0x0, 0x5f,
    0x70, 0xb, 0xf0, 0xe, 0xd0, 0x0, 0x0, 0x7,
    0xf5, 0x0, 0xdf, 0x0, 0xed, 0x0, 0x0, 0x0,
    0x9f, 0x30, 0xf, 0xd0, 0xe, 0xd0, 0x0, 0x0,
    0xa, 0xf2, 0x0, 0xfb, 0x0, 0xed, 0x1, 0x0,
    0x0, 0xcf, 0xc9, 0x2f, 0x90, 0xe, 0xd1, 0xf7,
    0x0, 0xe, 0xff, 0xc4, 0xf9, 0x60, 0xde, 0x3f,
    0x50, 0x5, 0xff, 0xb0, 0x6f, 0xff, 0x3b, 0xf5,
    0xf3, 0x7, 0xff, 0x81, 0x8e, 0xff, 0x70, 0x9f,
    0xdf, 0x0, 0x1d, 0x30, 0xe, 0xf9, 0x10, 0x5,
    0xff, 0xb0, 0x0, 0x0, 0x0, 0x41, 0x0, 0x0,
    0xb, 0xe3, 0x0,

    /* U+8BDD "话" */
    0x0, 0x3, 0x10, 0x0, 0x0, 0x0, 0x0, 0x12,
    0x0, 0x5, 0xfb, 0x0, 0x0, 0x3, 0x59, 0xdf,
    0xc0, 0x0, 0x1e, 0xf5, 0xa, 0xef, 0xff, 0xff,
    0xc8, 0x0, 0x0, 0x5f, 0xe0, 0xbf, 0xde, 0xf8,
    0x10, 0x0, 0x0, 0x0, 0xca, 0x10, 0x0, 0xaf,
    0x40, 0x0, 0x0, 0x0, 0x0, 0x0, 0x0, 0xc,
    0xf2, 0x0, 0x0, 0x0, 0x0, 0x0, 0x0, 0x0,
    0xef, 0x10, 0x0, 0x0, 0xdf, 0xf4, 0xe, 0xff,
    0xff, 0xff, 0xff, 0xf0, 0xc, 0xdf, 0xb0, 0xde,
    0xee, 0xff, 0xee, 0xeb, 0x0, 0x4, 0xfa, 0x0,
    0x0, 0x3f, 0xc0, 0x0, 0x0, 0x0, 0x5f, 0x90,
    0x0, 0x4, 0xfa, 0x0, 0x0, 0x0, 0x7, 0xf7,
    0x0, 0x0, 0x6f, 0x80, 0x0, 0x0, 0x0, 0x9f,
    0x50, 0x2c, 0xce, 0xfe, 0xca, 0x10, 0x0, 0xa,
    0xf4, 0x4, 0xff, 0xff, 0xff, 0xf7, 0x0, 0x0,
    0xcf, 0x20, 0x5f, 0x80, 0x0, 0x7f, 0x70, 0x0,
    0xe, 0xf2, 0x7, 0xf6, 0x0, 0x8, 0xf5, 0x0,
    0x0, 0xff, 0xca, 0x8f, 0x50, 0x0, 0xaf, 0x40,
    0x0, 0x1f, 0xff, 0xcb, 0xf3, 0x0, 0xb, 0xf2,
    0x0, 0x6, 0xff, 0xb0, 0xcf, 0x20, 0x0, 0xdf,
    0x0, 0x7, 0xff, 0x80, 0xd, 0xf0, 0x0, 0xe,
    0xf0, 0x0, 0x1d, 0x40, 0x0, 0xff, 0xdd, 0xdd,
    0xfd, 0x0, 0x0, 0x0, 0x0, 0xf, 0xff, 0xff,
    0xff, 0xc0, 0x0,

    /* U+8BE2 "询" */
    0x0, 0x3, 0x10, 0x0, 0x37, 0x20, 0x0, 0x0,
    0x0, 0x7, 0xf9, 0x0, 0xa, 0xf6, 0x0, 0x0,
    0x0, 0x0, 0x1f, 0xf1, 0x1, 0xff, 0x10, 0x0,
    0x0, 0x0, 0x0, 0x9f, 0x70, 0x9f, 0xfe, 0xee,
    0xed, 0x80, 0x0, 0x3, 0xe6, 0x3f, 0xff, 0xff,
    0xff, 0xff, 0x0, 0x0, 0x0, 0x1d, 0xf5, 0x0,
    0x0, 0xe, 0xf0, 0x0, 0x0, 0xc, 0xfa, 0x0,
    0x0, 0x0, 0xfd, 0x0, 0xad, 0xb3, 0xbf, 0xff,
    0xff, 0xe2, 0x1f, 0xc0, 0xe, 0xff, 0xa0, 0x7f,
    0xca, 0xcf, 0x53, 0xfa, 0x0, 0x4, 0xfa, 0x8,
    0xf4, 0x8, 0xf4, 0x5f, 0x80, 0x0, 0x5f, 0x90,
    0x9f, 0x30, 0xaf, 0x26, 0xf7, 0x0, 0x7, 0xf7,
    0xb, 0xff, 0xff, 0xf1, 0x8f, 0x50, 0x0, 0x8f,
    0x60, 0xdf, 0x88, 0xef, 0xa, 0xf3, 0x0, 0xa,
    0xf4, 0xe, 0xd0, 0xe, 0xd0, 0xbf, 0x20, 0x0,
    0xcf, 0x20, 0xfc, 0x1, 0xfc, 0xd, 0xf0, 0x0,
    0xd, 0xf1, 0x2f, 0xff, 0xff, 0xa0, 0xfe, 0x0,
    0x0, 0xff, 0x2, 0xaa, 0xaa, 0xa5, 0xf, 0xd0,
    0x0, 0x1f, 0xe7, 0xa0, 0x0, 0x0, 0x2, 0xfb,
    0x0, 0x3, 0xff, 0xfe, 0x10, 0x0, 0x0, 0x5f,
    0x90, 0x2, 0xbf, 0xfa, 0x10, 0x5, 0xf6, 0x9,
    0xf6, 0x0, 0x6f, 0xd4, 0x0, 0x0, 0x2f, 0xfd,
    0xfe, 0x10, 0x0, 0x50, 0x0, 0x0, 0x0, 0x4d,
    0xfc, 0x30, 0x0,

    /* U+8BE6 "详" */
    0x0, 0x0, 0x0, 0x0, 0x1, 0x0, 0x0, 0x10,
    0x0, 0x1, 0xbb, 0x0, 0x6, 0xf3, 0x0, 0x5f,
    0x60, 0x0, 0xe, 0xf4, 0x0, 0x3f, 0x90, 0xb,
    0xf2, 0x0, 0x0, 0x6f, 0xc0, 0x23, 0xea, 0x35,
    0xfc, 0x30, 0x0, 0x0, 0xe9, 0xb, 0xff, 0xff,
    0xff, 0xff, 0x10, 0x0, 0x0, 0x0, 0x9b, 0xbd,
    0xfe, 0xbb, 0xb0, 0x0, 0x0, 0x0, 0x0, 0x0,
    0x6f, 0x80, 0x0, 0x0, 0x6d, 0xd9, 0x0, 0x0,
    0x8, 0xf6, 0x0, 0x0, 0x9, 0xff, 0xf2, 0x2,
    0x33, 0xbf, 0x73, 0x31, 0x0, 0x12, 0xdf, 0x20,
    0xbf, 0xff, 0xff, 0xff, 0x40, 0x0, 0xf, 0xf0,
    0x9, 0xbb, 0xff, 0xbb, 0xb2, 0x0, 0x1, 0xfe,
    0x0, 0x0, 0xf, 0xf0, 0x0, 0x0, 0x0, 0x3f,
    0xc0, 0x0, 0x1, 0xfd, 0x0, 0x0, 0x0, 0x5,
    0xfa, 0x0, 0x0, 0x2f, 0xc0, 0x0, 0x0, 0x0,
    0x7f, 0x80, 0xbe, 0xee, 0xff, 0xee, 0xe6, 0x0,
    0x8, 0xf6, 0x2e, 0xff, 0xff, 0xff, 0xff, 0x50,
    0x0, 0xaf, 0xde, 0x10, 0x8, 0xf7, 0x0, 0x0,
    0x0, 0xc, 0xff, 0xd1, 0x0, 0x9f, 0x50, 0x0,
    0x0, 0x4, 0xff, 0xc1, 0x0, 0xb, 0xf3, 0x0,
    0x0, 0x3, 0xff, 0x90, 0x0, 0x0, 0xdf, 0x10,
    0x0, 0x0, 0xb, 0x50, 0x0, 0x0, 0xe, 0xf0,
    0x0, 0x0, 0x0, 0x0, 0x0, 0x0, 0x0, 0xfe,
    0x0, 0x0, 0x0,

    /* U+8BED "语" */
    0x0, 0x5, 0x0, 0x0, 0x0, 0x0, 0x0, 0x0,
    0x0, 0xdf, 0x40, 0xf, 0xff, 0xff, 0xff, 0xfe,
    0x0, 0x6f, 0xd0, 0x1d, 0xdd, 0xff, 0xdd, 0xda,
    0x0, 0xc, 0xf7, 0x0, 0x3, 0xfa, 0x0, 0x0,
    0x0, 0x3, 0xf6, 0x0, 0x6, 0xf7, 0x0, 0x0,
    0x0, 0x0, 0x10, 0xc, 0xce, 0xfd, 0xcb, 0x30,
    0x0, 0x0, 0x0, 0x1f, 0xff, 0xff, 0xff, 0xa0,
    0xf, 0xfe, 0x30, 0x2, 0x2f, 0xf2, 0x4f, 0xa0,
    0xd, 0xef, 0x90, 0x0, 0x1f, 0xc0, 0x4f, 0x80,
    0x0, 0x6f, 0x80, 0x0, 0x4f, 0xa0, 0x6f, 0x70,
    0x0, 0x8f, 0x72, 0xff, 0xff, 0xff, 0xff, 0xfc,
    0x0, 0x9f, 0x53, 0xcc, 0xcc, 0xcc, 0xcc, 0xc8,
    0x0, 0xbf, 0x30, 0x0, 0x0, 0x0, 0x0, 0x0,
    0x0, 0xcf, 0x20, 0x6e, 0xee, 0xee, 0xdb, 0x10,
    0x0, 0xef, 0x0, 0x8f, 0xff, 0xff, 0xff, 0x60,
    0x0, 0xfe, 0x0, 0xaf, 0x40, 0x0, 0x8f, 0x50,
    0x1, 0xfd, 0x6d, 0xcf, 0x20, 0x0, 0xaf, 0x40,
    0x3, 0xff, 0xff, 0xff, 0x10, 0x0, 0xbf, 0x20,
    0x8, 0xff, 0xe6, 0xef, 0x0, 0x0, 0xdf, 0x10,
    0x8f, 0xfa, 0x10, 0xfe, 0x0, 0x0, 0xef, 0x0,
    0x1a, 0x20, 0x1, 0xff, 0xdd, 0xdd, 0xfe, 0x0,
    0x0, 0x0, 0x3, 0xff, 0xff, 0xff, 0xfc, 0x0,

    /* U+8BEF "误" */
    0x0, 0x3, 0x10, 0x0, 0x0, 0x0, 0x0, 0x0,
    0x0, 0x6f, 0xb0, 0x7, 0xff, 0xff, 0xff, 0xc0,
    0x0, 0x1e, 0xf5, 0x9, 0xfd, 0xdd, 0xde, 0xf4,
    0x0, 0x4, 0xfe, 0xb, 0xf2, 0x0, 0xb, 0xf3,
    0x0, 0x0, 0xca, 0x1c, 0xf1, 0x0, 0xd, 0xf1,
    0x0, 0x0, 0x0, 0xe, 0xf0, 0x0, 0xe, 0xf0,
    0x0, 0x0, 0x0, 0xf, 0xff, 0xff, 0xff, 0xd0,
    0xd, 0xfe, 0x40, 0x1c, 0xcc, 0xcc, 0xcc, 0x90,
    0xa, 0xcf, 0xb0, 0x0, 0x0, 0x0, 0x0, 0x0,
    0x0, 0x4f, 0xa0, 0x9d, 0xdd, 0xdd, 0xdd, 0xc0,
    0x0, 0x6f, 0x80, 0xcf, 0xff, 0xff, 0xff, 0xc0,
    0x0, 0x7f, 0x70, 0x0, 0x7, 0xf6, 0x0, 0x0,
    0x0, 0x9f, 0x50, 0x0, 0x9, 0xf3, 0x0, 0x0,
    0x0, 0xbf, 0x35, 0xdd, 0xdf, 0xfe, 0xdd, 0xd0,
    0x0, 0xcf, 0x17, 0xff, 0xff, 0xff, 0xff, 0xf0,
    0x0, 0xef, 0x21, 0x0, 0x9f, 0xfa, 0x0, 0x0,
    0x0, 0xff, 0xea, 0x2, 0xff, 0xcf, 0x10, 0x0,
    0x2, 0xff, 0xf7, 0x1d, 0xf8, 0x5f, 0x90, 0x0,
    0x4e, 0xfe, 0x32, 0xdf, 0xc0, 0xd, 0xf6, 0x0,
    0x4f, 0x80, 0x8f, 0xfc, 0x10, 0x3, 0xff, 0x70,
    0x1, 0x0, 0xbf, 0x90, 0x0, 0x0, 0x5f, 0xb0,
    0x0, 0x0, 0x23, 0x0, 0x0, 0x0, 0x3, 0x10,

    /* U+8BF4 "说" */
    0x0, 0x0, 0x40, 0x0, 0x35, 0x0, 0x1, 0x50,
    0x0, 0x0, 0xcf, 0x30, 0xf, 0xf0, 0x0, 0x7f,
    0x70, 0x0, 0x6, 0xfc, 0x0, 0x9f, 0x40, 0xe,
    0xf1, 0x0, 0x0, 0xd, 0xf4, 0x4, 0xf7, 0x7,
    0xf9, 0x0, 0x0, 0x0, 0x6d, 0x42, 0x35, 0x33,
    0xff, 0x30, 0x0, 0x0, 0x0, 0x0, 0xcf, 0xff,
    0xff, 0xff, 0x70, 0x0, 0x0, 0x0, 0xe, 0xfb,
    0xbb, 0xbc, 0xfb, 0x0, 0x3f, 0xfd, 0x10, 0xfe,
    0x0, 0x0, 0x3f, 0xa0, 0x4, 0xde, 0xf5, 0x1f,
    0xc0, 0x0, 0x5, 0xf8, 0x0, 0x0, 0x9f, 0x43,
    0xfa, 0x0, 0x0, 0x7f, 0x70, 0x0, 0xb, 0xf2,
    0x4f, 0x90, 0x0, 0x9, 0xf5, 0x0, 0x0, 0xdf,
    0x6, 0xff, 0xff, 0xff, 0xff, 0x30, 0x0, 0xf,
    0xe0, 0x6d, 0xef, 0xee, 0xfe, 0xd1, 0x0, 0x1,
    0xfc, 0x0, 0xa, 0xf1, 0x9f, 0x20, 0x0, 0x0,
    0x3f, 0xa0, 0x0, 0xee, 0xb, 0xf0, 0x0, 0x0,
    0x5, 0xfc, 0xe2, 0x2f, 0xb0, 0xcf, 0x0, 0x20,
    0x0, 0x7f, 0xff, 0x69, 0xf6, 0xe, 0xd0, 0xf,
    0xa0, 0xb, 0xff, 0x62, 0xff, 0x0, 0xfc, 0x2,
    0xf8, 0xd, 0xfe, 0x40, 0xdf, 0x70, 0xf, 0xc0,
    0x6f, 0x50, 0x8a, 0x11, 0xcf, 0xb0, 0x0, 0xdf,
    0x2c, 0xf1, 0x0, 0x0, 0xef, 0xc0, 0x0, 0x8,
    0xff, 0xfa, 0x0, 0x0, 0x9, 0xa0, 0x0, 0x0,
    0xb, 0xfb, 0x10, 0x0, 0x0, 0x0, 0x0, 0x0,
    0x0, 0x0, 0x0, 0x0,

    /* U+8BF7 "请" */
    0x0, 0x2a, 0x50, 0x0, 0x0, 0x7f, 0x50, 0x0,
    0x0, 0x6, 0xfd, 0x1, 0x99, 0x9c, 0xfb, 0x99,
    0x90, 0x0, 0xd, 0xf5, 0x3f, 0xff, 0xff, 0xff,
    0xff, 0x0, 0x0, 0x6f, 0xc1, 0x44, 0x4d, 0xf4,
    0x44, 0x30, 0x0, 0x0, 0xb4, 0x7, 0x99, 0xef,
    0x99, 0x91, 0x0, 0x0, 0x0, 0x0, 0xef, 0xff,
    0xff, 0xff, 0x10, 0x1, 0x32, 0x0, 0x1, 0x12,
    0xfc, 0x11, 0x10, 0x0, 0xaf, 0xfa, 0x1a, 0xaa,
    0xbf, 0xea, 0xaa, 0x90, 0x7, 0xbf, 0xe3, 0xff,
    0xff, 0xff, 0xff, 0xfc, 0x0, 0x0, 0xfd, 0x0,
    0x0, 0x0, 0x0, 0x0, 0x0, 0x0, 0x2f, 0xb0,
    0x1a, 0xaa, 0xaa, 0xa8, 0x0, 0x0, 0x3, 0xfa,
    0x4, 0xff, 0xff, 0xff, 0xf4, 0x0, 0x0, 0x5f,
    0x80, 0x6f, 0x60, 0x0, 0x9f, 0x30, 0x0, 0x7,
    0xf6, 0x7, 0xfb, 0x99, 0x9d, 0xf1, 0x0, 0x0,
    0x8f, 0x50, 0x9f, 0xff, 0xff, 0xff, 0x0, 0x0,
    0xa, 0xf5, 0x4b, 0xf1, 0x0, 0xe, 0xe0, 0x0,
    0x0, 0xbf, 0xff, 0xef, 0xff, 0xff, 0xfc, 0x0,
    0x0, 0xd, 0xff, 0x8e, 0xf9, 0x99, 0xaf, 0xa0,
    0x0, 0x1b, 0xff, 0x50, 0xfc, 0x0, 0x3, 0xf8,
    0x0, 0x2, 0xfd, 0x30, 0x1f, 0xb1, 0xb4, 0x6f,
    0x60, 0x0, 0x4, 0x0, 0x3, 0xf9, 0xe, 0xde,
    0xf2, 0x0, 0x0, 0x0, 0x0, 0x4f, 0x70, 0x4d,
    0xe7, 0x0, 0x0,

    /* U+8BFB "读" */
    0x0, 0xa, 0x30, 0x0, 0x0, 0x3f, 0x90, 0x0,
    0x0, 0x8, 0xfb, 0x0, 0x0, 0x5, 0xf8, 0x0,
    0x0, 0x0, 0x1f, 0xf3, 0x6, 0xbb, 0xcf, 0xdb,
    0xb9, 0x0, 0x0, 0x9f, 0x90, 0xaf, 0xff, 0xff,
    0xff, 0xb0, 0x0, 0x2, 0xf9, 0x0, 0x0, 0x9f,
    0x30, 0x0, 0x0, 0x0, 0x2, 0x6, 0x77, 0x7d,
    0xf8, 0x76, 0x10, 0x1, 0x21, 0x0, 0xef, 0xff,
    0xff, 0xff, 0xfb, 0x0, 0xaf, 0xf8, 0x5, 0x65,
    0x55, 0x55, 0x8f, 0xa0, 0x7, 0xbf, 0xc0, 0x1d,
    0x80, 0x4b, 0x49, 0xf5, 0x0, 0x2, 0xfb, 0x0,
    0xaf, 0x88, 0xf5, 0xfe, 0x0, 0x0, 0x4f, 0x90,
    0x61, 0xa4, 0xaf, 0x37, 0x60, 0x0, 0x6, 0xf7,
    0x4f, 0xc1, 0xd, 0xf0, 0x0, 0x0, 0x0, 0x8f,
    0x50, 0x6f, 0x60, 0xfd, 0x0, 0x0, 0x0, 0xa,
    0xf3, 0x0, 0x30, 0x4f, 0xa0, 0x0, 0x0, 0x0,
    0xcf, 0x17, 0xff, 0xff, 0xff, 0xff, 0xf0, 0x0,
    0xe, 0xf0, 0x6c, 0xcd, 0xff, 0xcc, 0xca, 0x0,
    0x0, 0xfd, 0xa6, 0x0, 0x9f, 0x90, 0x0, 0x0,
    0x0, 0x2f, 0xff, 0xc0, 0x6f, 0xff, 0x70, 0x0,
    0x0, 0x9, 0xff, 0xa0, 0x6f, 0xf6, 0xef, 0xb0,
    0x0, 0x8, 0xfe, 0x51, 0xaf, 0xf4, 0x1, 0xcf,
    0xc1, 0x0, 0x18, 0x11, 0xef, 0xd3, 0x0, 0x0,
    0xbf, 0x80, 0x0, 0x0, 0xc, 0x80, 0x0, 0x0,
    0x0, 0x80, 0x0, 0x0, 0x0, 0x0, 0x0, 0x0,
    0x0, 0x0, 0x0, 0x0,

    /* U+8C03 "调" */
    0x0, 0x17, 0x30, 0x0, 0x0, 0x0, 0x0, 0x0,
    0x0, 0x7, 0xf9, 0x5, 0xff, 0xff, 0xff, 0xff,
    0xc0, 0x0, 0x2f, 0xd0, 0x7f, 0xed, 0xdd, 0xdd,
    0xff, 0x30, 0x0, 0xef, 0x8, 0xf4, 0x3, 0x60,
    0xb, 0xf1, 0x0, 0xb, 0xc1, 0xaf, 0x20, 0xbf,
    0x0, 0xdf, 0x0, 0x0, 0x0, 0xc, 0xf2, 0x8e,
    0xf8, 0x2f, 0xe0, 0x0, 0x0, 0x0, 0xdf, 0x4f,
    0xff, 0xf4, 0xfc, 0x0, 0x9f, 0xd1, 0xf, 0xe0,
    0xf, 0xa0, 0x2f, 0xb0, 0xa, 0xff, 0x41, 0xfc,
    0x1, 0xf9, 0x4, 0xf9, 0x0, 0x8, 0xf3, 0x2f,
    0xa8, 0xcf, 0xdb, 0x6f, 0x70, 0x0, 0xaf, 0x24,
    0xf9, 0xdf, 0xff, 0xf7, 0xf6, 0x0, 0xb, 0xf0,
    0x6f, 0x70, 0x0, 0x0, 0x9f, 0x40, 0x0, 0xde,
    0x8, 0xf5, 0xdf, 0xfe, 0x3a, 0xf2, 0x0, 0xf,
    0xc0, 0xaf, 0x3f, 0xdb, 0xf6, 0xcf, 0x10, 0x0,
    0xfb, 0xd, 0xf2, 0xf7, 0x4f, 0x4e, 0xf0, 0x0,
    0x2f, 0xd7, 0xfe, 0x2f, 0x66, 0xf3, 0xfd, 0x0,
    0x4, 0xff, 0xff, 0xb4, 0xff, 0xff, 0x2f, 0xc0,
    0x0, 0xaf, 0xfc, 0xf7, 0x39, 0x99, 0x83, 0xfa,
    0x0, 0x8f, 0xe3, 0xdf, 0x40, 0x3, 0x0, 0x5f,
    0x80, 0x1, 0x90, 0x2f, 0xf0, 0x9, 0xf4, 0xa,
    0xf5, 0x0, 0x0, 0x9, 0xf9, 0x0, 0x3f, 0xfd,
    0xfe, 0x0, 0x0, 0x0, 0x6e, 0x30, 0x0, 0x4d,
    0xfb, 0x20, 0x0, 0x0, 0x0, 0x0, 0x0, 0x0,
    0x0, 0x0, 0x0, 0x0,

    /* U+8C31 "谱" */
    0x0, 0x0, 0x0, 0x0, 0x1, 0x0, 0x1, 0x0,
    0x0, 0x27, 0x40, 0x0, 0xaf, 0x20, 0x6f, 0x80,
    0x0, 0x4f, 0xa0, 0x0, 0x9f, 0x30, 0xbf, 0x30,
    0x0, 0xf, 0xd0, 0xaf, 0xff, 0xff, 0xff, 0xfe,
    0x0, 0xe, 0xf0, 0x7a, 0xcf, 0xdd, 0xfc, 0xa8,
    0x0, 0xa, 0xa1, 0x37, 0x6f, 0x68, 0xf5, 0x61,
    0x0, 0x0, 0x0, 0x8f, 0x9f, 0x4a, 0xf9, 0xf5,
    0x5, 0x87, 0x0, 0x5f, 0xef, 0x2c, 0xfe, 0xd0,
    0xc, 0xff, 0x70, 0x18, 0xdf, 0x1d, 0xf9, 0x40,
    0x5, 0x9f, 0x86, 0xaa, 0xef, 0xaf, 0xfa, 0xa5,
    0x0, 0x7f, 0x6c, 0xff, 0xff, 0xff, 0xff, 0xf7,
    0x0, 0x9f, 0x41, 0x11, 0x11, 0x11, 0x11, 0x10,
    0x0, 0xbf, 0x20, 0x12, 0x22, 0x22, 0x20, 0x0,
    0x0, 0xcf, 0x0, 0x9f, 0xff, 0xff, 0xfc, 0x0,
    0x0, 0xee, 0x0, 0xbf, 0xa9, 0x99, 0xff, 0x0,
    0x0, 0xfd, 0x4, 0xdf, 0x0, 0x0, 0xff, 0x0,
    0x2, 0xfc, 0xcf, 0xff, 0xbb, 0xbb, 0xfd, 0x0,
    0x4, 0xff, 0xfa, 0xff, 0xff, 0xff, 0xfc, 0x0,
    0x6, 0xff, 0x92, 0xfb, 0x0, 0x4, 0xfa, 0x0,
    0x6f, 0xf8, 0x4, 0xfa, 0x0, 0x5, 0xf9, 0x0,
    0x7f, 0x50, 0x5, 0xfe, 0xcc, 0xcd, 0xf7, 0x0,
    0x3, 0x0, 0x7, 0xff, 0xff, 0xff, 0xf6, 0x0,

    /* U+8D1F "负" */
    0x0, 0x0, 0x0, 0x48, 0x10, 0x0, 0x0, 0x0,
    0x0, 0x0, 0xd, 0xf5, 0x0, 0x0, 0x0, 0x0,
    0x0, 0x9, 0xff, 0xff, 0xff, 0xd1, 0x0, 0x0,
    0x6, 0xff, 0xcc, 0xcc, 0xff, 0x30, 0x0, 0x4,
    0xff, 0x40, 0x0, 0xaf, 0x90, 0x0, 0x5, 0xff,
    0x70, 0x0, 0x6f, 0xc0, 0x0, 0x6, 0xff, 0xfc,
    0xcc, 0xcf, 0xfd, 0xc7, 0x0, 0x7f, 0xbf, 0xff,
    0xff, 0xff, 0xff, 0xf0, 0x0, 0x36, 0xf8, 0x0,
    0x0, 0x0, 0xff, 0x0, 0x0, 0x8f, 0x60, 0x39,
    0x50, 0x1f, 0xd0, 0x0, 0xa, 0xf4, 0x6, 0xf8,
    0x2, 0xfc, 0x0, 0x0, 0xbf, 0x20, 0x8f, 0x70,
    0x4f, 0xa0, 0x0, 0xd, 0xf1, 0x9, 0xf5, 0x6,
    0xf8, 0x0, 0x0, 0xff, 0x0, 0xbf, 0x30, 0x7f,
    0x60, 0x0, 0x1f, 0xd0, 0xe, 0xf1, 0x9, 0xf5,
    0x0, 0x2, 0xfc, 0x4, 0xfc, 0x0, 0xbf, 0x30,
    0x0, 0x28, 0x50, 0xdf, 0xd3, 0x6, 0x81, 0x0,
    0x0, 0x0, 0xaf, 0xff, 0xf9, 0x10, 0x0, 0x0,
    0x3, 0xcf, 0xe2, 0x6f, 0xfe, 0x40, 0x0, 0x4a,
    0xff, 0xd2, 0x0, 0x1b, 0xff, 0x90, 0x8f, 0xff,
    0x80, 0x0, 0x0, 0x8, 0xff, 0x72, 0xd7, 0x10,
    0x0, 0x0, 0x0, 0x4, 0xc0, 0x0, 0x0, 0x0,
    0x0, 0x0, 0x0, 0x0, 0x0,

    /* U+8D25 "败" */
    0x0, 0x0, 0x0, 0x0, 0x0, 0x0, 0x45, 0x10,
    0x0, 0x0, 0xb, 0xff, 0xff, 0xe1, 0x0, 0xcf,
    0x20, 0x0, 0x0, 0xd, 0xfe, 0xee, 0xf5, 0x1,
    0xfe, 0x0, 0x0, 0x0, 0xe, 0xa0, 0x4, 0xf4,
    0x6, 0xfa, 0x11, 0x10, 0x0, 0xf, 0x83, 0x46,
    0xf3, 0xc, 0xff, 0xff, 0xf2, 0x0, 0x2f, 0x6d,
    0xe8, 0xf1, 0x3f, 0xff, 0xff, 0xf1, 0x0, 0x3f,
    0x5f, 0xd9, 0xf0, 0xbf, 0x60, 0xcf, 0x10, 0x0,
    0x5f, 0x4f, 0xbb, 0xe4, 0xff, 0x20, 0xfe, 0x0,
    0x0, 0x7f, 0x4f, 0x9d, 0xde, 0xff, 0x22, 0xfb,
    0x0, 0x0, 0x8f, 0x4f, 0x8e, 0xff, 0xff, 0x26,
    0xf8, 0x0, 0x0, 0xae, 0x5f, 0x7f, 0x97, 0x9f,
    0x2a, 0xf4, 0x0, 0x0, 0xcd, 0x7f, 0x6f, 0x70,
    0x7f, 0x4e, 0xf0, 0x0, 0x0, 0xdb, 0x9f, 0x6f,
    0x50, 0x6f, 0xaf, 0xb0, 0x0, 0x0, 0xf9, 0xaf,
    0x6f, 0x40, 0x3f, 0xff, 0x50, 0x0, 0x1, 0xf8,
    0xde, 0x7f, 0x20, 0xf, 0xff, 0x0, 0x0, 0x1,
    0xb6, 0xfc, 0x6b, 0x0, 0xd, 0xf8, 0x0, 0x0,
    0x0, 0x7, 0xff, 0x30, 0x0, 0x3f, 0xf8, 0x0,
    0x0, 0x0, 0xe, 0xff, 0xc0, 0x0, 0xdf, 0xff,
    0x10, 0x0, 0x0, 0x9f, 0x8a, 0xf5, 0xb, 0xfb,
    0x9f, 0x90, 0x0, 0x6, 0xfe, 0x2, 0xf6, 0xbf,
    0xd1, 0xe, 0xf5, 0x0, 0x4f, 0xf3, 0x0, 0x2c,
    0xfe, 0x20, 0x4, 0xff, 0x20, 0x9, 0x40, 0x0,
    0x4, 0xd2, 0x0, 0x0, 0x6a, 0x0, 0x0, 0x0,
    0x0, 0x0, 0x0, 0x0, 0x0, 0x0, 0x0,

    /* U+8D34 "贴" */
    0x0, 0x0, 0x0, 0x0, 0x0, 0x0, 0x9f, 0x40,
    0x0, 0x0, 0xc, 0xff, 0xff, 0xb0, 0x0, 0xbf,
    0x30, 0x0, 0x0, 0xd, 0xed, 0xde, 0xf0, 0x0,
    0xdf, 0x10, 0x0, 0x0, 0xf, 0x80, 0x8, 0xf0,
    0x0, 0xef, 0x0, 0x0, 0x0, 0x1f, 0x6e, 0xba,
    0xd0, 0x0, 0xff, 0xff, 0xf0, 0x0, 0x2f, 0x5f,
    0xac, 0xb0, 0x2, 0xff, 0xee, 0xe0, 0x0, 0x4f,
    0x5f, 0x8d, 0x90, 0x3, 0xfa, 0x0, 0x0, 0x0,
    0x6f, 0x5f, 0x6f, 0x80, 0x5, 0xf9, 0x0, 0x0,
    0x0, 0x7f, 0x5f, 0x6f, 0x60, 0x6, 0xf7, 0x0,
    0x0, 0x0, 0x9d, 0x7f, 0x6f, 0x42, 0x39, 0xf7,
    0x20, 0x0, 0x0, 0xbc, 0x9f, 0x6f, 0x2d, 0xff,
    0xff, 0xfb, 0x0, 0x0, 0xda, 0xaf, 0x6f, 0x1e,
    0xfb, 0xbb, 0xff, 0x0, 0x0, 0xe8, 0xce, 0x8f,
    0xf, 0xe0, 0x0, 0xff, 0x0, 0x0, 0xf7, 0xec,
    0x9d, 0x1f, 0xc0, 0x0, 0xfd, 0x0, 0x2, 0xf6,
    0xf9, 0xbb, 0x3f, 0xa0, 0x2, 0xfc, 0x0, 0x1,
    0x55, 0xf6, 0x43, 0x4f, 0x90, 0x3, 0xfa, 0x0,
    0x0, 0x9, 0xf8, 0x0, 0x6f, 0x70, 0x5, 0xf9,
    0x0, 0x0, 0xe, 0xff, 0x10, 0x7f, 0x60, 0x7,
    0xf7, 0x0, 0x0, 0x6f, 0xdf, 0x90, 0x9f, 0x40,
    0x8, 0xf5, 0x0, 0x1, 0xfe, 0x1d, 0xf2, 0xbf,
    0x30, 0xa, 0xf4, 0x0, 0x1d, 0xf6, 0x6, 0xf7,
    0xcf, 0xee, 0xef, 0xf2, 0x0, 0x6f, 0xa0, 0x0,
    0x70, 0xef, 0xff, 0xff, 0xf1, 0x0, 0x7, 0x0,
    0x0, 0x0, 0x0, 0x0, 0x0, 0x0, 0x0,

    /* U+8D77 "起" */
    0x0, 0x0, 0x5, 0xfa, 0x0, 0x0, 0x0, 0x0,
    0x0, 0x0, 0x0, 0x6f, 0x80, 0xb, 0xff, 0xff,
    0xc0, 0x0, 0x0, 0x7, 0xf7, 0x0, 0xcf, 0xff,
    0xff, 0x50, 0x0, 0xdd, 0xef, 0xed, 0x30, 0x0,
    0x9, 0xf4, 0x0, 0x2f, 0xff, 0xff, 0xf3, 0x0,
    0x0, 0xbf, 0x30, 0x0, 0x0, 0xcf, 0x20, 0x0,
    0x0, 0xc, 0xf1, 0x0, 0x0, 0xe, 0xf0, 0x0,
    0x0, 0x0, 0xef, 0x0, 0x0, 0x0, 0xff, 0x0,
    0x1, 0x11, 0x1f, 0xe0, 0x0, 0xaf, 0xff, 0xff,
    0xf1, 0xff, 0xff, 0xfd, 0x0, 0x8, 0xbb, 0xef,
    0xb9, 0x3f, 0xfe, 0xee, 0xa0, 0x0, 0x13, 0xd,
    0xf0, 0x5, 0xf9, 0x0, 0x0, 0x0, 0x9, 0xf1,
    0xed, 0x0, 0x6f, 0x70, 0x0, 0x0, 0x0, 0xbf,
    0xf, 0xe9, 0x48, 0xf6, 0x0, 0x57, 0x10, 0xc,
    0xd2, 0xff, 0xf5, 0x9f, 0x40, 0xb, 0xf2, 0x0,
    0xfe, 0x4f, 0x81, 0xa, 0xf4, 0x0, 0xff, 0x0,
    0x2f, 0xf9, 0xf6, 0x0, 0x9f, 0x70, 0x8f, 0xa0,
    0x5, 0xff, 0xff, 0x50, 0x5, 0xff, 0xff, 0xf2,
    0x0, 0x9f, 0xbf, 0xf3, 0x0, 0x8, 0xff, 0xd4,
    0x0, 0xc, 0xd1, 0xef, 0x80, 0x0, 0x0, 0x0,
    0x0, 0x1, 0xf9, 0x3, 0xff, 0xc5, 0x0, 0x0,
    0x4a, 0xa0, 0x7f, 0x40, 0x2, 0xdf, 0xff, 0xef,
    0xff, 0xfe, 0x4, 0xc0, 0x0, 0x0, 0x5b, 0xef,
    0xfe, 0xb7, 0x10,

    /* U+8D85 "超" */
    0x0, 0x0, 0x7, 0xf7, 0x0, 0x0, 0x0, 0x0,
    0x0, 0x0, 0x0, 0x8, 0xf6, 0x0, 0xff, 0xff,
    0xff, 0xa0, 0x0, 0x0, 0xa, 0xf4, 0x1, 0xee,
    0xff, 0xef, 0xf0, 0x0, 0x9, 0xbe, 0xfc, 0x90,
    0x6, 0xf4, 0xc, 0xf0, 0x0, 0xe, 0xff, 0xff,
    0xb0, 0xb, 0xf1, 0xf, 0xd0, 0x0, 0x0, 0xf,
    0xf0, 0x0, 0x2f, 0xb0, 0x1f, 0xa0, 0x0, 0x0,
    0x1f, 0xd0, 0x0, 0xbf, 0x50, 0x4f, 0x80, 0x0,
    0x0, 0x3f, 0xc0, 0xa, 0xfe, 0xf5, 0x9f, 0x50,
    0x0, 0xaf, 0xff, 0xff, 0xbb, 0xc1, 0xef, 0xfe,
    0x0, 0x0, 0x8b, 0xbe, 0xfb, 0x63, 0x0, 0x29,
    0x92, 0x0, 0x0, 0x48, 0x1d, 0xf0, 0x5, 0x99,
    0x99, 0x82, 0x0, 0x0, 0x9f, 0x1e, 0xd0, 0xb,
    0xff, 0xff, 0xfb, 0x0, 0x0, 0xbf, 0xf, 0xea,
    0x1c, 0xf1, 0x13, 0xfb, 0x0, 0x0, 0xcd, 0x2f,
    0xff, 0xe, 0xe0, 0x4, 0xf9, 0x0, 0x0, 0xfe,
    0x4f, 0x80, 0xf, 0xc0, 0x6, 0xf7, 0x0, 0x2,
    0xff, 0xaf, 0x60, 0x1f, 0xb0, 0x7, 0xf5, 0x0,
    0x5, 0xff, 0xff, 0x40, 0x3f, 0xeb, 0xbe, 0xf4,
    0x0, 0x8, 0xfa, 0xff, 0x30, 0x5f, 0xff, 0xff,
    0xf2, 0x0, 0xc, 0xd1, 0xef, 0x90, 0x0, 0x0,
    0x0, 0x0, 0x0, 0x1f, 0x90, 0x3f, 0xfd, 0x51,
    0x0, 0x4, 0xaa, 0x0, 0x6f, 0x40, 0x2, 0xdf,
    0xff, 0xff, 0xff, 0xfe, 0x0, 0x4c, 0x0, 0x0,
    0x5, 0xae, 0xff, 0xeb, 0x71, 0x0,

    /* U+8DB3 "足" */
    0x0, 0x0, 0x1f, 0xff, 0xff, 0xff, 0xff, 0xd2,
    0x0, 0x0, 0x2f, 0xff, 0xff, 0xff, 0xff, 0xf8,
    0x0, 0x0, 0x4f, 0xb0, 0x0, 0x0, 0x8, 0xf7,
    0x0, 0x0, 0x6f, 0x90, 0x0, 0x0, 0x9, 0xf6,
    0x0, 0x0, 0x7f, 0x70, 0x0, 0x0, 0xb, 0xf4,
    0x0, 0x0, 0x9f, 0x60, 0x0, 0x0, 0xc, 0xf2,
    0x0, 0x0, 0xaf, 0x62, 0x22, 0x22, 0x2e, 0xf1,
    0x0, 0x0, 0xcf, 0xff, 0xff, 0xff, 0xff, 0xf0,
    0x0, 0x0, 0xac, 0xcc, 0xdf, 0xfc, 0xcc, 0xa0,
    0x0, 0x0, 0x0, 0x0, 0x4f, 0xb0, 0x0, 0x0,
    0x0, 0x0, 0x55, 0x10, 0x6f, 0x90, 0x0, 0x0,
    0x0, 0x0, 0xcf, 0x30, 0x7f, 0x70, 0x0, 0x0,
    0x0, 0x0, 0xff, 0x0, 0x9f, 0xed, 0xdd, 0x90,
    0x0, 0x3, 0xfc, 0x0, 0xbf, 0xff, 0xff, 0x90,
    0x0, 0x8, 0xf7, 0x0, 0xcf, 0x20, 0x0, 0x0,
    0x0, 0xd, 0xf9, 0x0, 0xef, 0x0, 0x0, 0x0,
    0x0, 0x4f, 0xff, 0x30, 0xff, 0x0, 0x0, 0x0,
    0x0, 0xbf, 0xbf, 0xe4, 0xfd, 0x0, 0x0, 0x0,
    0x3, 0xfe, 0xa, 0xff, 0xfc, 0x0, 0x4, 0xb1,
    0xd, 0xf6, 0x0, 0x9f, 0xff, 0xee, 0xff, 0xf6,
    0x1a, 0xb0, 0x0, 0x3, 0x9d, 0xff, 0xeb, 0x61,
    0x0, 0x0, 0x0, 0x0, 0x0, 0x0, 0x0, 0x0,

    /* U+8DDD "距" */
    0x0, 0xa, 0xff, 0xff, 0x64, 0xff, 0xff, 0xff,
    0xf3, 0x0, 0xc, 0xfa, 0xbf, 0xa6, 0xff, 0xee,
    0xee, 0xe2, 0x0, 0xd, 0xe0, 0x3f, 0x98, 0xf6,
    0x0, 0x0, 0x0, 0x0, 0xf, 0xc0, 0x5f, 0x79,
    0xf4, 0x0, 0x0, 0x0, 0x0, 0x1f, 0xb0, 0x6f,
    0x5b, 0xf2, 0x0, 0x0, 0x0, 0x0, 0x2f, 0xff,
    0xff, 0x4c, 0xfb, 0xaa, 0x93, 0x0, 0x0, 0x2b,
    0xbf, 0xfb, 0x1e, 0xff, 0xff, 0xfe, 0x0, 0x0,
    0x0, 0xf, 0xb0, 0xf, 0xd2, 0x22, 0xfe, 0x0,
    0x0, 0x11, 0x2f, 0xa0, 0x1f, 0xc0, 0x1, 0xfc,
    0x0, 0x0, 0xbd, 0x3f, 0x80, 0x3f, 0xa0, 0x3,
    0xfb, 0x0, 0x0, 0xdb, 0x5f, 0xc8, 0x5f, 0x80,
    0x4, 0xf9, 0x0, 0x0, 0xea, 0x7f, 0xfc, 0x6f,
    0x70, 0x6, 0xf8, 0x0, 0x0, 0xf8, 0x8f, 0x62,
    0x8f, 0xff, 0xff, 0xf6, 0x0, 0x1, 0xf6, 0xaf,
    0x20, 0xaf, 0xdd, 0xdd, 0xd3, 0x0, 0x3, 0xf5,
    0xbf, 0x0, 0xbf, 0x10, 0x0, 0x0, 0x0, 0x4,
    0xf3, 0xdf, 0x0, 0xdf, 0x0, 0x0, 0x0, 0x0,
    0x6, 0xf2, 0xef, 0xd1, 0xef, 0x0, 0x0, 0x0,
    0x0, 0x7, 0xf8, 0xff, 0xf7, 0xfd, 0x0, 0x0,
    0x0, 0x0, 0x3d, 0xff, 0xfe, 0x94, 0xfc, 0x0,
    0x0, 0x0, 0x0, 0x2f, 0xfa, 0x50, 0x3, 0xff,
    0xee, 0xee, 0xe5, 0x0, 0x3, 0x0, 0x0, 0x5,
    0xff, 0xff, 0xff, 0xf4, 0x0,

    /* U+8DDF "跟" */
    0x0, 0x8, 0xff, 0xec, 0x1a, 0xff, 0xff, 0xfe,
    0x50, 0x0, 0xaf, 0xcd, 0xf4, 0xcf, 0xdd, 0xde,
    0xfb, 0x0, 0xc, 0xf0, 0x8f, 0x3e, 0xf0, 0x0,
    0x3f, 0xa0, 0x0, 0xde, 0xa, 0xf1, 0xfe, 0x0,
    0x5, 0xf8, 0x0, 0xf, 0xc0, 0xcf, 0x1f, 0xea,
    0xaa, 0xcf, 0x70, 0x1, 0xff, 0xef, 0xe3, 0xff,
    0xff, 0xff, 0xf5, 0x0, 0x1b, 0xcf, 0xd8, 0x4f,
    0xa2, 0x22, 0xbf, 0x40, 0x0, 0x5, 0xf6, 0x6,
    0xf7, 0x0, 0xb, 0xf2, 0x0, 0x22, 0x7f, 0x50,
    0x8f, 0x96, 0x66, 0xef, 0x0, 0xd, 0xa8, 0xf3,
    0xa, 0xff, 0xff, 0xff, 0xf0, 0x0, 0xf8, 0xaf,
    0xc5, 0xbf, 0x9e, 0xf8, 0x86, 0x0, 0x1f, 0x6c,
    0xff, 0x5d, 0xf0, 0xcf, 0x0, 0x30, 0x2, 0xf5,
    0xde, 0x0, 0xff, 0xb, 0xf0, 0xaf, 0x30, 0x4f,
    0x3f, 0xc0, 0xf, 0xd0, 0xaf, 0xcf, 0xa0, 0x6,
    0xf2, 0xfb, 0x2, 0xfb, 0x6, 0xff, 0x90, 0x0,
    0x7f, 0x2f, 0xa6, 0x4f, 0xa0, 0x2f, 0xb0, 0x0,
    0x9, 0xe8, 0xff, 0xf7, 0xf8, 0x11, 0xef, 0x10,
    0x4, 0xff, 0xff, 0xc6, 0x8f, 0xcf, 0x87, 0xfa,
    0x0, 0x2f, 0xb7, 0x20, 0x4c, 0xff, 0xf7, 0xe,
    0xf9, 0x0, 0x0, 0x0, 0xd, 0xfe, 0x81, 0x0,
    0x3f, 0xf2, 0x0, 0x0, 0x0, 0x54, 0x0, 0x0,
    0x0, 0x25, 0x0,

    /* U+8DEF "路" */
    0x0, 0x0, 0x0, 0x0, 0x0, 0x2, 0xa4, 0x0,
    0x0, 0x0, 0x6, 0xff, 0xff, 0x60, 0x8, 0xf7,
    0x0, 0x0, 0x0, 0x8, 0xfb, 0xbf, 0xa0, 0xe,
    0xf4, 0x10, 0x0, 0x0, 0xa, 0xf2, 0x2f, 0x90,
    0x5f, 0xff, 0xff, 0x80, 0x0, 0xb, 0xf0, 0x4f,
    0x70, 0xdf, 0xba, 0xbf, 0xb0, 0x0, 0xd, 0xf0,
    0x6f, 0x68, 0xfe, 0x0, 0x9f, 0x50, 0x0, 0xe,
    0xfa, 0xcf, 0x9f, 0xff, 0x53, 0xfd, 0x0, 0x0,
    0xf, 0xff, 0xff, 0x6e, 0x4e, 0xee, 0xf3, 0x0,
    0x0, 0x0, 0x2f, 0x80, 0x0, 0x6, 0xff, 0x70,
    0x0, 0x0, 0x0, 0x3f, 0x70, 0x0, 0x2d, 0xff,
    0x70, 0x0, 0x0, 0x68, 0x5f, 0x50, 0x4, 0xef,
    0xae, 0xf6, 0x0, 0x0, 0xbc, 0x7f, 0x31, 0xbf,
    0xf8, 0x2, 0xef, 0x80, 0x0, 0xda, 0x8f, 0xb8,
    0xed, 0x40, 0x0, 0x3e, 0xf4, 0x0, 0xf8, 0xaf,
    0xf9, 0x32, 0x33, 0x32, 0x11, 0x90, 0x0, 0xf7,
    0xbf, 0x31, 0xe, 0xff, 0xff, 0xf4, 0x0, 0x2,
    0xf5, 0xdd, 0x0, 0xf, 0xea, 0xac, 0xf7, 0x0,
    0x4, 0xf4, 0xfb, 0x0, 0x1f, 0xa0, 0x6, 0xf6,
    0x0, 0x5, 0xf3, 0xfc, 0xa4, 0x3f, 0x80, 0x7,
    0xf4, 0x0, 0x7, 0xf8, 0xff, 0xfb, 0x5f, 0x70,
    0x9, 0xf3, 0x0, 0x3d, 0xff, 0xfe, 0x81, 0x6f,
    0x50, 0xa, 0xf1, 0x0, 0x2f, 0xe9, 0x40, 0x0,
    0x8f, 0xed, 0xdf, 0xf0, 0x0, 0x3, 0x0, 0x0,
    0x0, 0xaf, 0xff, 0xff, 0xe0, 0x0,

    /* U+8DF3 "跳" */
    0x0, 0x0, 0x0, 0x0, 0x0, 0xec, 0xf, 0xb0,
    0x0, 0x0, 0x8f, 0xff, 0xa0, 0xf, 0xb2, 0xf9,
    0x0, 0x0, 0xa, 0xfa, 0xee, 0x2, 0xf9, 0x4f,
    0x81, 0x0, 0x0, 0xce, 0xd, 0xff, 0x4f, 0x85,
    0xf6, 0xcc, 0x0, 0xe, 0xc0, 0xff, 0xfa, 0xf6,
    0x7f, 0x6f, 0x80, 0x0, 0xfa, 0x1f, 0xaf, 0xef,
    0x59, 0xfb, 0xf3, 0x0, 0x1f, 0xff, 0xf7, 0xef,
    0xf3, 0xaf, 0xfc, 0x0, 0x2, 0xac, 0xfc, 0x4c,
    0xff, 0x2c, 0xff, 0x50, 0x0, 0x0, 0x7f, 0x30,
    0x2c, 0xf0, 0xde, 0x30, 0x0, 0x0, 0x8, 0xf2,
    0x0, 0xcf, 0xf, 0xc0, 0x0, 0x0, 0xba, 0xaf,
    0xc0, 0x1e, 0xd1, 0xfc, 0x0, 0x0, 0xd, 0x9c,
    0xff, 0xb, 0xfc, 0x2f, 0xf7, 0x0, 0x0, 0xf7,
    0xdd, 0x9, 0xff, 0xa4, 0xff, 0xf2, 0x0, 0xf,
    0x5f, 0xb9, 0xfe, 0xf8, 0x6f, 0x9f, 0xc0, 0x2,
    0xf4, 0xf9, 0xad, 0x7f, 0x67, 0xf4, 0x9f, 0x30,
    0x4f, 0x4f, 0x81, 0x19, 0xf3, 0x9f, 0x31, 0x50,
    0x5, 0xf4, 0xf7, 0x30, 0xdf, 0xa, 0xf1, 0x0,
    0x0, 0x7f, 0x6f, 0xfe, 0x4f, 0xa0, 0xcf, 0x2,
    0xd5, 0x1a, 0xff, 0xfe, 0x8d, 0xf4, 0xd, 0xe0,
    0x6f, 0x45, 0xff, 0xb5, 0xa, 0xfb, 0x0, 0xcf,
    0xc, 0xf0, 0x16, 0x10, 0x7, 0xfe, 0x10, 0x9,
    0xfe, 0xf8, 0x0, 0x0, 0x0, 0x1d, 0x20, 0x0,
    0x1b, 0xfa, 0x0, 0x0, 0x0, 0x0, 0x0, 0x0,
    0x0, 0x0, 0x0, 0x0,

    /* U+8E2A "踪" */
    0x0, 0x0, 0x0, 0x0, 0x0, 0x0, 0xef, 0x20,
    0x0, 0x0, 0x7, 0xff, 0xfb, 0x0, 0x0, 0xff,
    0x0, 0x0, 0x0, 0x9, 0xfa, 0xef, 0x2b, 0xbb,
    0xff, 0xba, 0x60, 0x0, 0xb, 0xf0, 0xce, 0x5f,
    0xff, 0xff, 0xff, 0xf1, 0x0, 0xd, 0xd0, 0xec,
    0x6f, 0x60, 0x0, 0xb, 0xf1, 0x0, 0xe, 0xc0,
    0xfa, 0x8f, 0x40, 0x0, 0xd, 0xf0, 0x0, 0xf,
    0xeb, 0xf9, 0x1, 0x0, 0x0, 0x0, 0x0, 0x0,
    0x1a, 0xcf, 0xc4, 0xf, 0xff, 0xff, 0xfc, 0x0,
    0x0, 0x0, 0x6f, 0x40, 0xe, 0xee, 0xee, 0xe9,
    0x0, 0x0, 0x0, 0x7f, 0x30, 0x0, 0x0, 0x0,
    0x0, 0x0, 0x0, 0xbb, 0x9f, 0x10, 0x33, 0x33,
    0x33, 0x33, 0x10, 0x0, 0xd9, 0xbf, 0xb5, 0xff,
    0xff, 0xff, 0xff, 0x60, 0x0, 0xe7, 0xcf, 0xf4,
    0xaa, 0xaf, 0xfa, 0xaa, 0x30, 0x0, 0xf6, 0xec,
    0x0, 0x20, 0xf, 0xb0, 0x20, 0x0, 0x2, 0xf4,
    0xfa, 0x0, 0xdc, 0x2f, 0xa5, 0xf5, 0x0, 0x3,
    0xf4, 0xf9, 0x3, 0xf8, 0x4f, 0x84, 0xf5, 0x0,
    0x5, 0xf4, 0xf7, 0xa, 0xf2, 0x5f, 0x63, 0xf6,
    0x0, 0x7, 0xf5, 0xff, 0x8f, 0xb0, 0x7f, 0x53,
    0xf7, 0x0, 0x2c, 0xff, 0xff, 0xff, 0x40, 0x9f,
    0x31, 0xf9, 0x0, 0x1f, 0xea, 0x57, 0xfd, 0xb4,
    0xbf, 0x10, 0xfa, 0x0, 0x2, 0x0, 0x0, 0x82,
    0xff, 0xfc, 0x0, 0xb7, 0x0, 0x0, 0x0, 0x0,
    0x0, 0x6e, 0xd2, 0x0, 0x0, 0x0,

    /* U+8EAB "身" */
    0x0, 0x0, 0x0, 0x0, 0x73, 0x0, 0x0, 0x0,
    0x0, 0x0, 0x0, 0x0, 0x4f, 0x80, 0x0, 0x0,
    0x0, 0x0, 0x0, 0x2, 0x2b, 0xf3, 0x22, 0x10,
    0x0, 0x0, 0x0, 0x2, 0xff, 0xff, 0xff, 0xff,
    0x70, 0x0, 0x0, 0x0, 0x3f, 0xda, 0xaa, 0xab,
    0xfb, 0x0, 0x0, 0x0, 0x5, 0xf7, 0x0, 0x0,
    0x3f, 0xa0, 0x0, 0x0, 0x0, 0x7f, 0xca, 0xaa,
    0xab, 0xf8, 0x0, 0x0, 0x0, 0x9, 0xff, 0xff,
    0xff, 0xff, 0x70, 0x0, 0x0, 0x0, 0xaf, 0x20,
    0x0, 0x8, 0xf5, 0x63, 0x0, 0x0, 0xc, 0xfa,
    0x99, 0x99, 0xdf, 0x7f, 0xd0, 0x0, 0x0, 0xef,
    0xff, 0xff, 0xff, 0xff, 0xf3, 0x0, 0x0, 0xf,
    0xd0, 0x0, 0x0, 0xef, 0xf7, 0x0, 0xa, 0xaa,
    0xfe, 0xaa, 0xaa, 0xaf, 0xfa, 0x0, 0x2, 0xff,
    0xff, 0xff, 0xff, 0xff, 0xfd, 0x0, 0x0, 0x2,
    0x22, 0x22, 0x22, 0x7f, 0xff, 0xb0, 0x0, 0x0,
    0x0, 0x0, 0x0, 0x8f, 0xfb, 0xf9, 0x0, 0x0,
    0x0, 0x0, 0x4, 0xdf, 0xe3, 0x6f, 0x70, 0x0,
    0x0, 0x0, 0x3b, 0xff, 0xa1, 0x8, 0xf5, 0x0,
    0x0, 0x5, 0xbf, 0xfd, 0x40, 0x0, 0x9f, 0x40,
    0x0, 0x9, 0xff, 0xd6, 0x8, 0xe4, 0xd, 0xf1,
    0x0, 0x0, 0x5b, 0x40, 0x0, 0x7f, 0xff, 0xfb,
    0x0, 0x0, 0x0, 0x0, 0x0, 0x0, 0x7e, 0xfa,
    0x10, 0x0, 0x0,

    /* U+8F66 "车" */
    0x0, 0x0, 0x0, 0x28, 0x40, 0x0, 0x0, 0x0,
    0x0, 0x0, 0x0, 0x8, 0xf9, 0x0, 0x0, 0x0,
    0x0, 0x0, 0x0, 0x0, 0xdf, 0x40, 0x0, 0x0,
    0x0, 0x0, 0xd, 0xff, 0xff, 0xff, 0xff, 0xff,
    0xff, 0xf1, 0x0, 0xde, 0xef, 0xfe, 0xee, 0xee,
    0xee, 0xee, 0x0, 0x0, 0x2, 0xff, 0x10, 0x0,
    0x0, 0x0, 0x0, 0x0, 0x0, 0xaf, 0x80, 0x7a,
    0x30, 0x0, 0x0, 0x0, 0x0, 0x2f, 0xf1, 0xb,
    0xf3, 0x0, 0x0, 0x0, 0x0, 0xb, 0xf8, 0x0,
    0xdf, 0x10, 0x0, 0x0, 0x0, 0x6, 0xfe, 0x10,
    0xf, 0xf0, 0x0, 0x0, 0x0, 0x2, 0xff, 0xff,
    0xff, 0xff, 0xff, 0xff, 0xc0, 0x0, 0xaf, 0xee,
    0xee, 0xef, 0xfe, 0xee, 0xe9, 0x0, 0x0, 0x80,
    0x0, 0x4, 0xfa, 0x0, 0x0, 0x0, 0x0, 0x0,
    0x0, 0x0, 0x6f, 0x90, 0x0, 0x0, 0x0, 0x0,
    0x0, 0x0, 0x8, 0xf7, 0x0, 0x0, 0x0, 0x2,
    0xff, 0xff, 0xff, 0xff, 0xff, 0xff, 0xfc, 0x0,
    0x3e, 0xee, 0xee, 0xef, 0xfe, 0xee, 0xee, 0x90,
    0x0, 0x0, 0x0, 0x0, 0xdf, 0x20, 0x0, 0x0,
    0x0, 0x0, 0x0, 0x0, 0xe, 0xf0, 0x0, 0x0,
    0x0, 0x0, 0x0, 0x0, 0x0, 0xff, 0x0, 0x0,
    0x0, 0x0, 0x0, 0x0, 0x0, 0x2f, 0xd0, 0x0,
    0x0, 0x0, 0x0, 0x0, 0x0, 0x3, 0xfc, 0x0,
    0x0, 0x0, 0x0,

    /* U+8F6C "转" */
    0x0, 0x0, 0x66, 0x0, 0x0, 0x6, 0xb3, 0x0,
    0x0, 0x0, 0xf, 0xc0, 0x0, 0x0, 0xbf, 0x30,
    0x0, 0x0, 0x3, 0xf9, 0x0, 0x0, 0xe, 0xf0,
    0x0, 0x0, 0xb, 0xdf, 0xdb, 0xb6, 0xff, 0xff,
    0xff, 0xf0, 0x2, 0xff, 0xff, 0xff, 0x6e, 0xff,
    0xfe, 0xed, 0x0, 0x3, 0xfc, 0x22, 0x20, 0x8,
    0xf6, 0x0, 0x0, 0x0, 0x5f, 0x80, 0x0, 0x0,
    0xcf, 0x30, 0x0, 0x0, 0xa, 0xfe, 0xd0, 0x0,
    0x1f, 0xf1, 0x0, 0x0, 0x0, 0xfe, 0xdf, 0x6,
    0xff, 0xff, 0xff, 0xfd, 0x0, 0x5f, 0x9f, 0xd0,
    0x6d, 0xff, 0xed, 0xdd, 0xa0, 0xb, 0xf8, 0xfd,
    0x41, 0xe, 0xf1, 0x0, 0x0, 0x1, 0xff, 0xff,
    0xff, 0x24, 0xfc, 0x0, 0x0, 0x0, 0x19, 0x99,
    0xfb, 0x60, 0xaf, 0xff, 0xff, 0xa0, 0x0, 0x0,
    0x5f, 0x70, 0x1f, 0xfc, 0xcd, 0xff, 0x0, 0x0,
    0x7, 0xf5, 0x21, 0xa8, 0x0, 0x8f, 0xa0, 0x0,
    0x3, 0xbf, 0xff, 0x0, 0x10, 0x1f, 0xf2, 0x0,
    0x9f, 0xff, 0xff, 0xc1, 0xbd, 0x1a, 0xfa, 0x0,
    0x9, 0xeb, 0xef, 0x10, 0xb, 0xfe, 0xff, 0x10,
    0x0, 0x0, 0xe, 0xe0, 0x0, 0xc, 0xff, 0x60,
    0x0, 0x0, 0x0, 0xfd, 0x0, 0x0, 0x1d, 0xf7,
    0x0, 0x0, 0x0, 0x1f, 0xb0, 0x0, 0x0, 0x3f,
    0xf3, 0x0, 0x0, 0x2, 0xf9, 0x0, 0x0, 0x0,
    0x7d, 0x20, 0x0, 0x0, 0x0, 0x0, 0x0, 0x0,
    0x0, 0x0, 0x0, 0x0,

    /* U+8F6E "轮" */
    0x0, 0x0, 0x11, 0x0, 0x0, 0x3, 0x10, 0x0,
    0x0, 0x0, 0xa, 0xf0, 0x0, 0x0, 0xee, 0x0,
    0x0, 0x0, 0x0, 0xec, 0x0, 0x0, 0x6f, 0xd0,
    0x0, 0x0, 0x1f, 0xff, 0xff, 0xf0, 0xe, 0xff,
    0x20, 0x0, 0x2, 0xde, 0xfd, 0xdc, 0x9, 0xfb,
    0xfa, 0x0, 0x0, 0x0, 0xce, 0x0, 0x5, 0xfd,
    0xc, 0xf4, 0x0, 0x0, 0x2f, 0x80, 0x4, 0xff,
    0x30, 0x3f, 0xe1, 0x0, 0x7, 0xfa, 0xe3, 0xff,
    0x50, 0x0, 0x9f, 0xc0, 0x0, 0xdd, 0xaf, 0x9,
    0x60, 0x0, 0x0, 0xdb, 0x0, 0x4f, 0x7c, 0xf0,
    0x4, 0x72, 0x0, 0x1, 0x10, 0xb, 0xff, 0xff,
    0xf3, 0xaf, 0x30, 0xb, 0x30, 0x2, 0xfe, 0xcf,
    0xec, 0x2c, 0xf2, 0x2c, 0xfa, 0x0, 0x5, 0x31,
    0xfa, 0x0, 0xdf, 0x8f, 0xf9, 0x0, 0x0, 0x0,
    0x3f, 0x80, 0xf, 0xff, 0xe5, 0x0, 0x0, 0x0,
    0x4, 0xf7, 0x30, 0xff, 0x80, 0x0, 0x0, 0x0,
    0x25, 0xaf, 0xff, 0x2f, 0xb0, 0x0, 0x0, 0x0,
    0xaf, 0xff, 0xff, 0xb4, 0xf9, 0x0, 0x2, 0x0,
    0x9, 0xda, 0xdf, 0x20, 0x5f, 0x80, 0x2, 0xfa,
    0x0, 0x0, 0xa, 0xf0, 0x6, 0xf8, 0x0, 0x6f,
    0x70, 0x0, 0x0, 0xce, 0x0, 0x4f, 0xc0, 0x1d,
    0xf2, 0x0, 0x0, 0xe, 0xd0, 0x0, 0xef, 0xef,
    0xf9, 0x0, 0x0, 0x0, 0xfb, 0x0, 0x4, 0xdf,
    0xe8, 0x0, 0x0, 0x0, 0x0, 0x0, 0x0, 0x0,
    0x0, 0x0, 0x0, 0x0,

    /* U+8F74 "轴" */
    0x0, 0x0, 0x68, 0x0, 0x0, 0x6, 0xf6, 0x0,
    0x0, 0x0, 0xbf, 0x0, 0x0, 0x7, 0xf5, 0x0,
    0x0, 0x44, 0xfd, 0x44, 0x0, 0x9, 0xf3, 0x0,
    0x1, 0xff, 0xff, 0xfd, 0x0, 0xa, 0xf2, 0x0,
    0x2, 0xbe, 0xfc, 0xb8, 0x9d, 0xdf, 0xfd, 0xc5,
    0x0, 0xd, 0xe0, 0x0, 0xdf, 0xff, 0xff, 0xfd,
    0x0, 0x2f, 0x90, 0x0, 0xfd, 0xe, 0xb0, 0xfc,
    0x0, 0x7f, 0xdd, 0x1, 0xfb, 0xf, 0x92, 0xfb,
    0x0, 0xdd, 0xdd, 0x2, 0xfa, 0x2f, 0x83, 0xf9,
    0x3, 0xf8, 0xec, 0x4, 0xf8, 0x3f, 0x65, 0xf7,
    0xa, 0xfe, 0xff, 0xc6, 0xf6, 0x5f, 0x47, 0xf5,
    0x1f, 0xff, 0xff, 0xc7, 0xf5, 0x7f, 0x39, 0xf4,
    0x19, 0x44, 0xf7, 0x9, 0xff, 0xff, 0xff, 0xf2,
    0x0, 0x5, 0xf5, 0xa, 0xfa, 0xef, 0xae, 0xf0,
    0x0, 0x7, 0xf5, 0x1c, 0xf0, 0xce, 0xd, 0xf0,
    0x0, 0x4b, 0xff, 0x8e, 0xe0, 0xdc, 0xf, 0xd0,
    0xaf, 0xff, 0xfd, 0x6f, 0xc0, 0xfa, 0x1f, 0xb0,
    0xad, 0xae, 0xf0, 0x1f, 0xb1, 0xf9, 0x2f, 0xa0,
    0x0, 0xd, 0xd0, 0x3f, 0x92, 0xf7, 0x4f, 0x80,
    0x0, 0xf, 0xc0, 0x4f, 0x84, 0xf6, 0x6f, 0x60,
    0x0, 0xf, 0xa0, 0x6f, 0xee, 0xfe, 0xef, 0x50,
    0x0, 0x2f, 0x80, 0x8f, 0xff, 0xff, 0xff, 0x30,
    0x0, 0x1, 0x0, 0x0, 0x0, 0x0, 0x0, 0x0,

    /* U+8F7B "轻" */
    0x0, 0x0, 0x46, 0x0, 0x0, 0x0, 0x0, 0x0,
    0x0, 0x0, 0xaf, 0x0, 0x4f, 0xff, 0xff, 0x80,
    0x0, 0x0, 0xed, 0x0, 0x6f, 0xff, 0xff, 0xe0,
    0x1, 0xff, 0xff, 0xfd, 0x0, 0x0, 0x6f, 0xa0,
    0x2, 0xde, 0xfd, 0xda, 0x0, 0x0, 0xef, 0x30,
    0x0, 0xc, 0xf0, 0x0, 0x0, 0x9, 0xfa, 0x0,
    0x0, 0x2f, 0xa0, 0x0, 0x0, 0x5f, 0xf4, 0x0,
    0x0, 0x7f, 0xee, 0x10, 0x6, 0xff, 0xfd, 0x10,
    0x0, 0xdf, 0xcf, 0x2, 0xaf, 0xf5, 0x8f, 0xb0,
    0x3, 0xfa, 0xde, 0x8, 0xfe, 0x40, 0xc, 0xf5,
    0xa, 0xfe, 0xff, 0xd4, 0x80, 0x0, 0x2, 0x90,
    0x1f, 0xfe, 0xff, 0xe2, 0x0, 0x0, 0x0, 0x0,
    0x9, 0x62, 0xfa, 0x9, 0xff, 0xff, 0xff, 0x90,
    0x0, 0x4, 0xf8, 0x8, 0xcc, 0xff, 0xcc, 0x60,
    0x0, 0x5, 0xf6, 0x10, 0x2, 0xfb, 0x0, 0x0,
    0x0, 0x8, 0xfd, 0xf2, 0x3, 0xf9, 0x0, 0x0,
    0x5b, 0xff, 0xff, 0xb2, 0x5, 0xf8, 0x0, 0x0,
    0x8f, 0xff, 0xf1, 0x0, 0x6, 0xf6, 0x0, 0x0,
    0x22, 0xc, 0xf0, 0x0, 0x8, 0xf5, 0x0, 0x0,
    0x0, 0xd, 0xe0, 0x0, 0x9, 0xf3, 0x0, 0x0,
    0x0, 0xf, 0xc0, 0xcd, 0xdf, 0xfd, 0xdd, 0x40,
    0x0, 0x1f, 0xb1, 0xff, 0xff, 0xff, 0xff, 0x40,

    /* U+8F7D "载" */
    0x0, 0x0, 0x6, 0xf5, 0x0, 0x4f, 0x80, 0x30,
    0x0, 0x0, 0x0, 0x7f, 0x40, 0x6, 0xf7, 0xed,
    0x0, 0x0, 0x4b, 0xbd, 0xfc, 0xba, 0x7f, 0x5a,
    0xf3, 0x0, 0x7, 0xff, 0xff, 0xff, 0xd9, 0xf4,
    0x5f, 0x80, 0x0, 0x0, 0xc, 0xf0, 0x0, 0xaf,
    0x30, 0xfa, 0x0, 0x2, 0x22, 0xee, 0x22, 0x2b,
    0xf4, 0x23, 0x20, 0x5, 0xff, 0xff, 0xff, 0xff,
    0xff, 0xff, 0xff, 0x0, 0x4a, 0xaa, 0xaa, 0xaa,
    0xaf, 0xfa, 0xaa, 0x90, 0x0, 0x0, 0xfa, 0x0,
    0x0, 0xdf, 0x0, 0x0, 0x0, 0x3a, 0xcf, 0xda,
    0xaa, 0x4e, 0xe0, 0x8d, 0x10, 0x6, 0xff, 0xff,
    0xff, 0xf4, 0xfd, 0xd, 0xd0, 0x0, 0x3, 0xfa,
    0x0, 0x0, 0xf, 0xd2, 0xf8, 0x0, 0x0, 0xaf,
    0x4f, 0x90, 0x0, 0xfc, 0x8f, 0x20, 0x0, 0x2f,
    0xc2, 0xf8, 0x0, 0xf, 0xce, 0xd0, 0x0, 0xc,
    0xff, 0xff, 0xff, 0xb0, 0xff, 0xf6, 0x0, 0x0,
    0x8c, 0x9b, 0xfb, 0x96, 0xf, 0xfe, 0x0, 0x0,
    0x0, 0x0, 0x6f, 0x40, 0x10, 0xff, 0x62, 0xa2,
    0x0, 0x24, 0x6b, 0xfe, 0xf8, 0x4f, 0xf0, 0x5f,
    0x30, 0x6f, 0xff, 0xff, 0xea, 0x8f, 0xff, 0x18,
    0xf0, 0x3, 0x98, 0x6c, 0xf0, 0x3f, 0xfb, 0xf6,
    0xdd, 0x0, 0x0, 0x0, 0xbf, 0xf, 0xf5, 0x2f,
    0xff, 0x70, 0x0, 0x0, 0xc, 0xd0, 0x74, 0x0,
    0x7f, 0xb0, 0x0,

    /* U+8F83 "较" */
    0x0, 0x0, 0x98, 0x0, 0x0, 0xa, 0xf4, 0x0,
    0x0, 0x0, 0xf, 0xb0, 0x0, 0x0, 0xbf, 0x30,
    0x0, 0x0, 0x3, 0xf9, 0x0, 0x0, 0xd, 0xf2,
    0x0, 0x0, 0x2f, 0xff, 0xff, 0x7f, 0xff, 0xff,
    0xff, 0xf3, 0x3, 0xdf, 0xfd, 0xd6, 0xcc, 0xcc,
    0xcc, 0xcc, 0x10, 0x0, 0xfb, 0x0, 0x0, 0x56,
    0x0, 0x10, 0x0, 0x0, 0x4f, 0x70, 0x0, 0xd,
    0xe0, 0x6f, 0x40, 0x0, 0x9, 0xfd, 0xa0, 0x4,
    0xf8, 0x2, 0xf8, 0x0, 0x0, 0xed, 0xfb, 0x0,
    0xbf, 0x20, 0xe, 0xd0, 0x0, 0x5f, 0x8f, 0xa0,
    0x4f, 0xa0, 0x2, 0xbf, 0x0, 0xb, 0xfd, 0xfe,
    0xae, 0xff, 0x80, 0xff, 0xf2, 0x2, 0xff, 0xff,
    0xfb, 0xb8, 0xf8, 0x3f, 0xcf, 0x50, 0x1a, 0x56,
    0xf5, 0x0, 0xe, 0x98, 0xf4, 0x40, 0x0, 0x0,
    0x8f, 0x30, 0x0, 0xcc, 0xed, 0x0, 0x0, 0x0,
    0xa, 0xf1, 0x10, 0x9, 0xff, 0x70, 0x0, 0x0,
    0x3, 0xcf, 0xec, 0x0, 0x5f, 0xf0, 0x0, 0x0,
    0x8f, 0xff, 0xfd, 0x80, 0x8, 0xfb, 0x0, 0x0,
    0x8, 0xda, 0xfd, 0x0, 0x4, 0xff, 0xf2, 0x0,
    0x0, 0x0, 0xf, 0xb0, 0x4, 0xff, 0x6f, 0xc0,
    0x0, 0x0, 0x2, 0xf9, 0x6, 0xff, 0x40, 0x9f,
    0x80, 0x0, 0x0, 0x3f, 0x75, 0xff, 0x40, 0x1,
    0xdf, 0x50, 0x0, 0x5, 0xf6, 0xa, 0x20, 0x0,
    0x1, 0xa0, 0x0,

    /* U+8F85 "辅" */
    0x0, 0x0, 0xb7, 0x0, 0x0, 0x9, 0xf2, 0x92,
    0x0, 0x0, 0x1f, 0x90, 0x0, 0x0, 0xbf, 0x2f,
    0xc0, 0x0, 0x15, 0xf7, 0x10, 0x0, 0xc, 0xf0,
    0x8e, 0x10, 0x2f, 0xff, 0xff, 0x20, 0x0, 0xed,
    0x2, 0x10, 0x3, 0xff, 0xff, 0xf7, 0xff, 0xff,
    0xff, 0xff, 0x20, 0x0, 0xfa, 0x0, 0x7d, 0xdd,
    0xfe, 0xdd, 0xd0, 0x0, 0x5f, 0x60, 0x0, 0x0,
    0x1f, 0x70, 0x0, 0x0, 0xa, 0xfe, 0x90, 0x6c,
    0xcd, 0xfd, 0xca, 0x10, 0x0, 0xfc, 0xf9, 0x9,
    0xff, 0xff, 0xff, 0xf7, 0x0, 0x5f, 0x8f, 0x80,
    0xbf, 0x7, 0xf2, 0x3f, 0x60, 0xb, 0xfd, 0xfe,
    0x5d, 0xd0, 0x8f, 0x15, 0xf5, 0x2, 0xff, 0xff,
    0xf5, 0xef, 0xff, 0xff, 0xff, 0x30, 0x1a, 0x48,
    0xf3, 0xf, 0xea, 0xef, 0xad, 0xf1, 0x0, 0x0,
    0xaf, 0x12, 0xf8, 0xd, 0xb0, 0xaf, 0x0, 0x0,
    0xb, 0xf0, 0x3f, 0x71, 0xfa, 0x1c, 0xe0, 0x0,
    0x2, 0xdf, 0xd6, 0xff, 0xff, 0xff, 0xfc, 0x0,
    0x7e, 0xff, 0xff, 0x9f, 0xbb, 0xfc, 0xaf, 0xb0,
    0x8, 0xfc, 0xfb, 0x8, 0xf2, 0x4f, 0x50, 0xf9,
    0x0, 0x0, 0x2f, 0x90, 0xaf, 0x5, 0xf3, 0x2f,
    0x70, 0x0, 0x3, 0xf7, 0xb, 0xe0, 0x7f, 0x23,
    0xf5, 0x0, 0x0, 0x5f, 0x60, 0xdd, 0x8, 0xf0,
    0x9f, 0x20, 0x0, 0x7, 0xf4, 0xf, 0xb0, 0xaf,
    0xf, 0xa0, 0x0, 0x0, 0x0, 0x0, 0x0, 0x0,
    0x0, 0x10, 0x0, 0x0,

    /* U+8F91 "辑" */
    0x0, 0x0, 0x35, 0x0, 0x0, 0x0, 0x0, 0x0,
    0x0, 0x0, 0xaf, 0x10, 0x4f, 0xff, 0xff, 0xe2,
    0x0, 0x0, 0xed, 0x0, 0x6f, 0xb9, 0x9c, 0xf4,
    0x1, 0xff, 0xff, 0xfe, 0x8f, 0x30, 0x8, 0xf3,
    0x2, 0xde, 0xfd, 0xda, 0xaf, 0x64, 0x4b, 0xf1,
    0x0, 0xc, 0xe0, 0x0, 0xbf, 0xff, 0xff, 0xf0,
    0x0, 0x2f, 0x90, 0x0, 0x22, 0x22, 0x22, 0x20,
    0x0, 0x7f, 0xfc, 0xd, 0xee, 0xee, 0xee, 0xe7,
    0x0, 0xdd, 0xeb, 0x1c, 0xff, 0xcc, 0xcf, 0xe5,
    0x4, 0xf7, 0xf9, 0x0, 0xfb, 0x0, 0x3f, 0x70,
    0xb, 0xff, 0xff, 0xb1, 0xfd, 0x88, 0xaf, 0x50,
    0x2f, 0xee, 0xfe, 0x82, 0xff, 0xff, 0xff, 0x40,
    0x9, 0x37, 0xf4, 0x4, 0xf7, 0x0, 0x9f, 0x20,
    0x0, 0x8, 0xf3, 0x6, 0xf5, 0x0, 0xaf, 0x10,
    0x0, 0xa, 0xf2, 0x27, 0xff, 0xff, 0xff, 0x0,
    0x1, 0x4d, 0xff, 0xb9, 0xf9, 0x88, 0xfd, 0x0,
    0xaf, 0xff, 0xfe, 0x8b, 0xf0, 0x0, 0xfc, 0x10,
    0x9d, 0xaf, 0xd0, 0x3d, 0xf9, 0xac, 0xff, 0xd0,
    0x0, 0xf, 0xb0, 0xef, 0xff, 0xff, 0xfd, 0x70,
    0x0, 0x2f, 0x90, 0x76, 0x42, 0x4, 0xf7, 0x0,
    0x0, 0x3f, 0x70, 0x0, 0x0, 0x6, 0xf5, 0x0,
    0x0, 0x5f, 0x60, 0x0, 0x0, 0x7, 0xf3, 0x0,

    /* U+8F93 "输" */
    0x0, 0x0, 0x63, 0x0, 0x0, 0x8, 0x20, 0x0,
    0x0, 0x0, 0x1f, 0x80, 0x0, 0x7, 0xf7, 0x0,
    0x0, 0x0, 0x4, 0xf5, 0x0, 0x2, 0xff, 0xb0,
    0x0, 0x0, 0x2f, 0xff, 0xfd, 0x0, 0xdf, 0xaf,
    0x50, 0x0, 0x2, 0xdf, 0xfd, 0xa0, 0xbf, 0x70,
    0xee, 0x20, 0x0, 0x0, 0xf9, 0x1, 0xbf, 0xa0,
    0x4, 0xfe, 0x20, 0x0, 0x5f, 0x30, 0xdf, 0xaf,
    0xff, 0xfc, 0xff, 0x20, 0xa, 0xeb, 0x97, 0x41,
    0x88, 0x88, 0x33, 0x80, 0x0, 0xf9, 0xf8, 0xa,
    0xaa, 0x50, 0x3, 0xd3, 0x0, 0x6f, 0x6f, 0x62,
    0xfd, 0xef, 0x5e, 0x6f, 0x10, 0xc, 0xff, 0xff,
    0x6f, 0x26, 0xf7, 0xf7, 0xf0, 0x2, 0xfc, 0xdf,
    0xb6, 0xf5, 0xad, 0x9d, 0x9e, 0x0, 0x4, 0x19,
    0xf0, 0x7f, 0xff, 0xba, 0xbb, 0xc0, 0x0, 0x0,
    0xbf, 0x9, 0xd3, 0xca, 0xca, 0xcb, 0x0, 0x0,
    0xd, 0xe3, 0xab, 0xd, 0x8e, 0x8e, 0x90, 0x2,
    0x6a, 0xff, 0xcc, 0xec, 0xf6, 0xf7, 0xf7, 0x0,
    0x8f, 0xff, 0xe8, 0xed, 0xcf, 0x6f, 0x6f, 0x50,
    0x3, 0x64, 0xf8, 0xf, 0x62, 0xf3, 0x13, 0xf4,
    0x0, 0x0, 0x3f, 0x61, 0xf4, 0x3f, 0x10, 0x5f,
    0x20, 0x0, 0x4, 0xf4, 0x3f, 0x35, 0xfb, 0x97,
    0xf0, 0x0, 0x0, 0x6f, 0x35, 0xf4, 0xcc, 0x9f,
    0xeb, 0x0, 0x0, 0x8, 0xf1, 0x6f, 0x5e, 0x41,
    0xcd, 0x30, 0x0, 0x0, 0x0, 0x0, 0x0, 0x0,
    0x0, 0x0, 0x0, 0x0,

    /* U+8FB9 "边" */
    0x0, 0x0, 0x54, 0x0, 0x0, 0x4f, 0x90, 0x0,
    0x0, 0x0, 0x5f, 0xd0, 0x0, 0x5, 0xf8, 0x0,
    0x0, 0x0, 0x0, 0xef, 0x40, 0x0, 0x7f, 0x60,
    0x0, 0x0, 0x0, 0x7, 0xfb, 0x0, 0x8, 0xf5,
    0x0, 0x0, 0x0, 0x0, 0x1f, 0xe1, 0xee, 0xff,
    0xee, 0xec, 0x20, 0x0, 0x0, 0x50, 0x2f, 0xff,
    0xff, 0xff, 0xf9, 0x0, 0x0, 0x0, 0x0, 0x0,
    0xef, 0x0, 0x5f, 0x90, 0x7, 0xcc, 0x80, 0x0,
    0x1f, 0xc0, 0x7, 0xf7, 0x0, 0xbf, 0xff, 0x40,
    0x4, 0xf9, 0x0, 0x9f, 0x50, 0x2, 0x3c, 0xf5,
    0x0, 0x7f, 0x60, 0xa, 0xf3, 0x0, 0x0, 0xcf,
    0x30, 0xc, 0xf3, 0x0, 0xcf, 0x10, 0x0, 0xe,
    0xf1, 0x1, 0xfe, 0x0, 0xe, 0xf0, 0x0, 0x0,
    0xff, 0x0, 0x7f, 0x90, 0x0, 0xfe, 0x0, 0x0,
    0x1f, 0xd0, 0xe, 0xf2, 0x0, 0x2f, 0xc0, 0x0,
    0x3, 0xfc, 0x7, 0xfb, 0x3, 0x3, 0xfa, 0x0,
    0x0, 0x5f, 0xa1, 0xef, 0x3e, 0xe1, 0x8f, 0x80,
    0x0, 0x7, 0xf8, 0xbf, 0xa0, 0x8f, 0xff, 0xf3,
    0x0, 0x0, 0xbf, 0x87, 0xe1, 0x0, 0x9f, 0xe6,
    0x0, 0x0, 0xaf, 0xff, 0x60, 0x0, 0x0, 0x0,
    0x0, 0x0, 0xaf, 0xe8, 0xff, 0xb5, 0x0, 0x0,
    0x4a, 0xa0, 0x2f, 0xe2, 0x5, 0xef, 0xff, 0xff,
    0xff, 0xff, 0x0, 0x52, 0x0, 0x1, 0x7b, 0xef,
    0xfe, 0xb7, 0x10,

    /* U+8FC7 "过" */
    0x0, 0x0, 0x22, 0x0, 0x0, 0x0, 0x2, 0xfd,
    0x0, 0x0, 0x5, 0xfc, 0x0, 0x0, 0x0, 0x4,
    0xfb, 0x0, 0x0, 0x0, 0xef, 0x40, 0x0, 0x0,
    0x5, 0xfa, 0x0, 0x0, 0x0, 0x6f, 0xc0, 0xef,
    0xff, 0xff, 0xff, 0xf0, 0x0, 0x0, 0xe, 0xb1,
    0xff, 0xff, 0xff, 0xff, 0xe0, 0x0, 0x0, 0x1,
    0x0, 0x0, 0x0, 0xb, 0xf5, 0x0, 0x0, 0x0,
    0x0, 0x0, 0x2, 0x0, 0xc, 0xf3, 0x0, 0x0,
    0xaf, 0xfd, 0x10, 0xbf, 0x10, 0xe, 0xf1, 0x0,
    0x0, 0xbf, 0xff, 0x50, 0x8f, 0x90, 0xf, 0xf0,
    0x0, 0x0, 0x0, 0xbf, 0x40, 0x1f, 0xf0, 0x2f,
    0xe0, 0x0, 0x0, 0x0, 0xdf, 0x20, 0xa, 0xf5,
    0x3f, 0xc0, 0x0, 0x0, 0x0, 0xff, 0x0, 0x3,
    0x71, 0x5f, 0xa0, 0x0, 0x0, 0x1, 0xfe, 0x0,
    0x0, 0x0, 0x7f, 0x90, 0x0, 0x0, 0x3, 0xfc,
    0x0, 0x32, 0x0, 0x9f, 0x60, 0x0, 0x0, 0x4,
    0xfa, 0x3, 0xfc, 0x0, 0xef, 0x30, 0x0, 0x0,
    0x6, 0xf9, 0x0, 0xdf, 0xcd, 0xfc, 0x0, 0x0,
    0x0, 0xa, 0xf8, 0x0, 0x3e, 0xff, 0xd2, 0x0,
    0x0, 0x0, 0x8f, 0xff, 0x50, 0x0, 0x22, 0x0,
    0x0, 0x0, 0xa, 0xff, 0x8f, 0xfa, 0x40, 0x0,
    0x3, 0x99, 0x0, 0x2f, 0xe3, 0x5, 0xef, 0xff,
    0xff, 0xff, 0xfe, 0x0, 0x5, 0x20, 0x0, 0x7,
    0xbe, 0xff, 0xeb, 0x71, 0x0,

    /* U+8FD0 "运" */
    0x0, 0x0, 0x20, 0x0, 0x0, 0x0, 0x0, 0x0,
    0x0, 0x0, 0x7f, 0x70, 0x0, 0x0, 0x0, 0x0,
    0x0, 0x0, 0x3, 0xff, 0x10, 0x8f, 0xff, 0xff,
    0xff, 0x80, 0x0, 0xa, 0xf7, 0xa, 0xff, 0xff,
    0xff, 0xf6, 0x0, 0x0, 0x4f, 0xc0, 0x0, 0x0,
    0x0, 0x0, 0x0, 0x0, 0x0, 0x60, 0x0, 0x0,
    0x0, 0x0, 0x0, 0x0, 0x0, 0x0, 0x1, 0x22,
    0x22, 0x22, 0x22, 0x10, 0x8, 0xee, 0xb0, 0xbf,
    0xff, 0xff, 0xff, 0xfa, 0x0, 0xbf, 0xff, 0x5a,
    0xdd, 0xff, 0xdd, 0xdd, 0x70, 0x0, 0xa, 0xf5,
    0x0, 0x3f, 0xc0, 0x0, 0x0, 0x0, 0x0, 0xcf,
    0x40, 0x8, 0xf6, 0x3, 0x10, 0x0, 0x0, 0xd,
    0xf2, 0x0, 0xef, 0x17, 0xf6, 0x0, 0x0, 0x0,
    0xff, 0x0, 0x4f, 0xb0, 0x2f, 0xb0, 0x0, 0x0,
    0x1f, 0xe0, 0xc, 0xf4, 0x0, 0xdf, 0x10, 0x0,
    0x3, 0xfc, 0x3, 0xfe, 0x48, 0xcf, 0xf5, 0x0,
    0x0, 0x5f, 0xa3, 0xdf, 0xff, 0xff, 0xff, 0x80,
    0x0, 0x6, 0xf9, 0x4f, 0xff, 0xc8, 0x31, 0xfc,
    0x0, 0x0, 0xbf, 0x81, 0x52, 0x0, 0x0, 0xc,
    0x80, 0x0, 0x9f, 0xff, 0x50, 0x0, 0x0, 0x0,
    0x0, 0x0, 0xaf, 0xe9, 0xff, 0xa4, 0x0, 0x0,
    0x39, 0x90, 0x2f, 0xe2, 0x6, 0xff, 0xff, 0xff,
    0xff, 0xff, 0x0, 0x52, 0x0, 0x1, 0x7b, 0xef,
    0xfe, 0xb7, 0x10,

    /* U+8FD4 "返" */
    0x0, 0x0, 0x41, 0x0, 0x0, 0x0, 0x0, 0x37,
    0x50, 0x0, 0x8f, 0x90, 0x3, 0x79, 0xbd, 0xff,
    0xfc, 0x0, 0x2, 0xff, 0x10, 0x9f, 0xff, 0xfe,
    0xa6, 0x20, 0x0, 0xa, 0xf6, 0xb, 0xf6, 0x30,
    0x0, 0x0, 0x0, 0x0, 0x4f, 0x90, 0xcf, 0x0,
    0x0, 0x0, 0x0, 0x0, 0x0, 0x30, 0xe, 0xe0,
    0x0, 0x0, 0x0, 0x0, 0x0, 0x0, 0x0, 0xff,
    0xff, 0xff, 0xfd, 0x0, 0x7, 0xcb, 0x60, 0x1f,
    0xec, 0xcc, 0xcf, 0xf2, 0x0, 0xbf, 0xff, 0x3,
    0xf8, 0x0, 0x0, 0xfe, 0x0, 0x2, 0x3d, 0xf1,
    0x5f, 0xba, 0x0, 0x6f, 0x80, 0x0, 0x0, 0xff,
    0x8, 0xfd, 0xf8, 0xd, 0xf2, 0x0, 0x0, 0xf,
    0xd0, 0xcf, 0x1d, 0xf9, 0xfa, 0x0, 0x0, 0x2,
    0xfb, 0xf, 0xd0, 0x2f, 0xff, 0x20, 0x0, 0x0,
    0x4f, 0xa3, 0xf9, 0x0, 0xbf, 0xc0, 0x0, 0x0,
    0x6, 0xf8, 0x8f, 0x50, 0x6f, 0xff, 0x40, 0x0,
    0x0, 0x7f, 0x6d, 0xf0, 0x3f, 0xf6, 0xfe, 0x0,
    0x0, 0x9, 0xf8, 0xfb, 0x3f, 0xf5, 0x8, 0xf8,
    0x0, 0x0, 0xcf, 0x8b, 0x6f, 0xf6, 0x0, 0xe,
    0xd0, 0x0, 0xaf, 0xff, 0x40, 0x95, 0x0, 0x0,
    0x30, 0x0, 0xaf, 0xea, 0xff, 0xa4, 0x0, 0x0,
    0x4a, 0xb0, 0x2f, 0xe2, 0x7, 0xff, 0xff, 0xff,
    0xff, 0xff, 0x10, 0x62, 0x0, 0x1, 0x7c, 0xef,
    0xfe, 0xb7, 0x10,

    /* U+8FD8 "还" */
    0x0, 0x1, 0x86, 0x0, 0x0, 0x0, 0x0, 0x0,
    0x0, 0x0, 0x4, 0xfd, 0x4, 0xff, 0xff, 0xff,
    0xff, 0xf5, 0x0, 0x0, 0xcf, 0x45, 0xdd, 0xde,
    0xfe, 0xdd, 0xd3, 0x0, 0x0, 0x6f, 0xa0, 0x0,
    0xa, 0xf3, 0x0, 0x0, 0x0, 0x0, 0x1f, 0x90,
    0x0, 0xf, 0xe0, 0x0, 0x0, 0x0, 0x0, 0x1,
    0x0, 0x0, 0x6f, 0xa0, 0x0, 0x0, 0x0, 0x0,
    0x0, 0x0, 0x0, 0xef, 0x90, 0x20, 0x0, 0x0,
    0x4c, 0xc8, 0x0, 0x6, 0xff, 0x8d, 0xd0, 0x0,
    0x0, 0x8f, 0xff, 0x40, 0x1e, 0xff, 0x69, 0xf3,
    0x0, 0x0, 0x13, 0xbf, 0x40, 0xaf, 0xff, 0x54,
    0xf9, 0x0, 0x0, 0x0, 0xbf, 0x25, 0xfe, 0xaf,
    0x30, 0xee, 0x0, 0x0, 0x0, 0xdf, 0x4f, 0xf4,
    0xaf, 0x20, 0xaf, 0x20, 0x0, 0x0, 0xff, 0xef,
    0x70, 0xcf, 0x10, 0x6f, 0x60, 0x0, 0x1, 0xfe,
    0xe8, 0x0, 0xdf, 0x0, 0x1f, 0x70, 0x0, 0x2,
    0xfa, 0x20, 0x0, 0xfe, 0x0, 0x0, 0x0, 0x0,
    0x4, 0xf8, 0x0, 0x0, 0xfd, 0x0, 0x0, 0x0,
    0x0, 0x6, 0xf9, 0x0, 0x2, 0xfb, 0x0, 0x0,
    0x0, 0x0, 0xa, 0xff, 0x20, 0x3, 0xfa, 0x0,
    0x0, 0x0, 0x0, 0x8f, 0xcf, 0xd2, 0x0, 0x0,
    0x0, 0x26, 0x0, 0x9, 0xfc, 0xb, 0xfe, 0x71,
    0x0, 0x27, 0xfd, 0x0, 0x2f, 0xe2, 0x0, 0xaf,
    0xff, 0xff, 0xff, 0xff, 0x10, 0x6, 0x20, 0x0,
    0x3, 0x9d, 0xff, 0xeb, 0x71, 0x0,

    /* U+8FDB "进" */
    0x0, 0x3, 0x50, 0x0, 0x3, 0xfa, 0x0, 0xfd,
    0x0, 0x0, 0x3f, 0xd0, 0x0, 0x4, 0xf8, 0x1,
    0xfc, 0x0, 0x0, 0xe, 0xf4, 0x0, 0x6, 0xf7,
    0x2, 0xfa, 0x0, 0x0, 0x8, 0xf9, 0x0, 0x18,
    0xf7, 0x15, 0xfa, 0x10, 0x0, 0x3, 0xfd, 0x8,
    0xff, 0xff, 0xff, 0xff, 0xf2, 0x0, 0x0, 0xec,
    0x8, 0xef, 0xfe, 0xee, 0xfe, 0xe1, 0x0, 0x0,
    0x10, 0x0, 0xc, 0xf0, 0x8, 0xf4, 0x0, 0x0,
    0x36, 0x61, 0x0, 0xe, 0xf0, 0xa, 0xf2, 0x0,
    0x0, 0xbf, 0xfe, 0x0, 0xf, 0xd0, 0xc, 0xf0,
    0x0, 0x0, 0x57, 0xff, 0x10, 0x2f, 0xb0, 0xe,
    0xe0, 0x0, 0x0, 0x0, 0xff, 0x5f, 0xff, 0xff,
    0xff, 0xff, 0xd0, 0x0, 0x2, 0xfd, 0x6f, 0xff,
    0xff, 0xff, 0xff, 0xc0, 0x0, 0x4, 0xfb, 0x0,
    0xbf, 0x30, 0x3f, 0x90, 0x0, 0x0, 0x5, 0xf9,
    0x0, 0xfe, 0x0, 0x5f, 0x70, 0x0, 0x0, 0x7,
    0xf8, 0x6, 0xf8, 0x0, 0x6f, 0x60, 0x0, 0x0,
    0x9, 0xf6, 0xe, 0xf2, 0x0, 0x8f, 0x40, 0x0,
    0x0, 0xb, 0xf4, 0x8f, 0x90, 0x0, 0xaf, 0x20,
    0x0, 0x0, 0xd, 0xf8, 0xbf, 0x10, 0x0, 0xcf,
    0x10, 0x0, 0x0, 0xbf, 0xff, 0x63, 0x0, 0x0,
    0x78, 0x0, 0x0, 0xb, 0xfd, 0x7f, 0xfb, 0x50,
    0x0, 0x4, 0xab, 0x0, 0x2f, 0xe2, 0x5, 0xef,
    0xff, 0xff, 0xff, 0xff, 0x0, 0x5, 0x20, 0x0,
    0x17, 0xbe, 0xff, 0xeb, 0x71, 0x0,

    /* U+8FDE "连" */
    0x0, 0x0, 0x0, 0x0, 0x0, 0x5, 0x50, 0x0,
    0x0, 0x0, 0x8, 0xb0, 0x0, 0x0, 0xe, 0xf1,
    0x0, 0x0, 0x0, 0xd, 0xf4, 0x0, 0x0, 0x4f,
    0xb0, 0x0, 0x0, 0x0, 0x5, 0xfb, 0x5, 0xdd,
    0xef, 0xed, 0xdd, 0xd1, 0x0, 0x0, 0xef, 0x27,
    0xff, 0xff, 0xff, 0xff, 0xf0, 0x0, 0x0, 0x77,
    0x0, 0x8, 0xf6, 0x0, 0x0, 0x0, 0x0, 0x0,
    0x0, 0x0, 0x1f, 0xe2, 0x30, 0x0, 0x0, 0x0,
    0x45, 0x51, 0x0, 0x9f, 0x7a, 0xf3, 0x0, 0x0,
    0x0, 0xff, 0xfe, 0x2, 0xfe, 0x1c, 0xf2, 0x0,
    0x0, 0x0, 0xaa, 0xef, 0x2c, 0xff, 0xff, 0xff,
    0xff, 0x0, 0x0, 0x0, 0xcf, 0x1b, 0xdb, 0xbf,
    0xfb, 0xba, 0x0, 0x0, 0x0, 0xee, 0x0, 0x10,
    0x1f, 0xc0, 0x0, 0x0, 0x0, 0x0, 0xfc, 0x0,
    0x0, 0x3f, 0xa0, 0x0, 0x0, 0x0, 0x2, 0xfb,
    0x5b, 0xbb, 0xcf, 0xeb, 0xbb, 0x10, 0x0, 0x4,
    0xf9, 0x9f, 0xff, 0xff, 0xff, 0xff, 0x0, 0x0,
    0x5, 0xf7, 0x0, 0x0, 0x9f, 0x50, 0x0, 0x0,
    0x0, 0x7, 0xf5, 0x0, 0x0, 0xaf, 0x30, 0x0,
    0x0, 0x0, 0x1d, 0xfa, 0x0, 0x0, 0xcf, 0x10,
    0x0, 0x0, 0x0, 0xcf, 0xff, 0x70, 0x0, 0xab,
    0x0, 0x1, 0x0, 0x2d, 0xfb, 0x2f, 0xfb, 0x50,
    0x0, 0x15, 0xbb, 0x0, 0x6f, 0xc0, 0x3, 0xdf,
    0xff, 0xff, 0xff, 0xff, 0x0, 0x7, 0x0, 0x0,
    0x6, 0xbe, 0xff, 0xeb, 0x71, 0x0,

    /* U+8FDF "迟" */
    0x0, 0x1, 0x85, 0x0, 0x0, 0x0, 0x0, 0x0,
    0x0, 0x0, 0x4f, 0xe0, 0x0, 0xef, 0xff, 0xff,
    0xe6, 0x0, 0x0, 0xcf, 0x60, 0xf, 0xfd, 0xdd,
    0xdf, 0xc0, 0x0, 0x4, 0xfd, 0x2, 0xfd, 0x0,
    0x2, 0xfc, 0x0, 0x0, 0xe, 0x90, 0x3f, 0xb0,
    0x0, 0x4f, 0xa0, 0x0, 0x0, 0x0, 0x5, 0xf9,
    0x0, 0x6, 0xf8, 0x0, 0x0, 0x0, 0x0, 0x7f,
    0x80, 0x0, 0x7f, 0x70, 0x6, 0xcb, 0x60, 0x9,
    0xff, 0xee, 0xef, 0xf5, 0x0, 0xaf, 0xff, 0x10,
    0xbf, 0xff, 0xff, 0xff, 0x30, 0x2, 0x3e, 0xf1,
    0xd, 0xf1, 0x1, 0x0, 0x0, 0x0, 0x0, 0xff,
    0x0, 0xfe, 0x8, 0xf1, 0x0, 0x0, 0x0, 0x1f,
    0xe0, 0x4f, 0xb0, 0xaf, 0xa0, 0x0, 0x0, 0x2,
    0xfc, 0x9, 0xf8, 0x2, 0xff, 0x30, 0x0, 0x0,
    0x4f, 0xa0, 0xdf, 0x30, 0x8, 0xfc, 0x0, 0x0,
    0x6, 0xf8, 0x3f, 0xe0, 0x0, 0xf, 0xf3, 0x0,
    0x0, 0x8f, 0x79, 0xf9, 0x0, 0x0, 0x8f, 0xb0,
    0x0, 0x9, 0xf6, 0xff, 0x20, 0x0, 0x1, 0xff,
    0x20, 0x0, 0xcf, 0x8c, 0xa0, 0x0, 0x0, 0x9,
    0x80, 0x0, 0xaf, 0xff, 0x41, 0x0, 0x0, 0x0,
    0x0, 0x0, 0x9f, 0xe9, 0xff, 0xa4, 0x0, 0x0,
    0x38, 0xc0, 0x1f, 0xe2, 0x6, 0xff, 0xff, 0xef,
    0xff, 0xff, 0x30, 0x52, 0x0, 0x1, 0x7b, 0xef,
    0xfe, 0xc8, 0x30,

    /* U+8FF0 "述" */
    0x0, 0x3, 0x93, 0x0, 0x0, 0x5, 0xf7, 0x69,
    0x0, 0x0, 0x8f, 0x90, 0x0, 0x0, 0x6f, 0x68,
    0xf2, 0x0, 0x2, 0xff, 0x0, 0x0, 0x7, 0xf4,
    0x2f, 0x70, 0x0, 0xd, 0xf3, 0x0, 0x0, 0x9f,
    0x30, 0x61, 0x0, 0x0, 0x8f, 0x59, 0xcc, 0xce,
    0xfd, 0xcc, 0xa0, 0x0, 0x1, 0x10, 0xdf, 0xff,
    0xff, 0xff, 0xfc, 0x0, 0x0, 0x0, 0x1, 0x22,
    0xff, 0xf2, 0x22, 0x10, 0x7, 0xcb, 0x50, 0x0,
    0x5f, 0xfe, 0x81, 0x0, 0x0, 0xbf, 0xff, 0x0,
    0xa, 0xff, 0xff, 0x60, 0x0, 0x2, 0x3f, 0xf0,
    0x1, 0xfc, 0xfb, 0xfb, 0x0, 0x0, 0x1, 0xfe,
    0x0, 0x6f, 0x8f, 0x9c, 0xf0, 0x0, 0x0, 0x3f,
    0xc0, 0xd, 0xe5, 0xf8, 0x8f, 0x30, 0x0, 0x5,
    0xfa, 0x5, 0xf9, 0x6f, 0x64, 0xf7, 0x0, 0x0,
    0x6f, 0x80, 0xdf, 0x27, 0xf5, 0x1f, 0xa0, 0x0,
    0x8, 0xf7, 0x7f, 0x90, 0x9f, 0x30, 0xed, 0x0,
    0x0, 0xaf, 0x6f, 0xf1, 0xa, 0xf2, 0xb, 0xf0,
    0x0, 0xc, 0xf3, 0x46, 0x0, 0xcf, 0x0, 0x21,
    0x0, 0x0, 0xef, 0x70, 0x0, 0xd, 0xf0, 0x0,
    0x0, 0x0, 0xbf, 0xff, 0x50, 0x0, 0xdc, 0x0,
    0x0, 0x0, 0xbf, 0xc5, 0xff, 0xa4, 0x0, 0x0,
    0x5c, 0xb0, 0x2f, 0xe1, 0x5, 0xef, 0xff, 0xff,
    0xff, 0xff, 0x0, 0x52, 0x0, 0x0, 0x6b, 0xef,
    0xfd, 0xb6, 0x10,

    /* U+9000 "退" */
    0x0, 0x0, 0x0, 0x0, 0x0, 0x0, 0x0, 0x0,
    0x0, 0x0, 0x4d, 0x40, 0x0, 0x11, 0x11, 0x11,
    0x0, 0x0, 0x6, 0xfd, 0x0, 0x8f, 0xff, 0xff,
    0xfe, 0x20, 0x0, 0xd, 0xf5, 0x9, 0xfa, 0xaa,
    0xac, 0xf5, 0x0, 0x0, 0x6f, 0xc0, 0xbf, 0x0,
    0x0, 0x7f, 0x40, 0x0, 0x0, 0x71, 0xd, 0xf9,
    0x99, 0x9d, 0xf2, 0x0, 0x0, 0x0, 0x0, 0xef,
    0xff, 0xff, 0xff, 0x0, 0x7, 0xbb, 0x80, 0xf,
    0xb0, 0x0, 0xd, 0xe0, 0x0, 0xbf, 0xff, 0x42,
    0xfd, 0x99, 0x99, 0xfd, 0x0, 0x0, 0x9, 0xf5,
    0x4f, 0xff, 0xff, 0xff, 0xb0, 0x0, 0x0, 0xbf,
    0x35, 0xf7, 0x32, 0x22, 0x51, 0x0, 0x0, 0xd,
    0xf1, 0x7f, 0x5d, 0x80, 0x3f, 0x80, 0x0, 0x0,
    0xff, 0x9, 0xf4, 0xdf, 0x9e, 0xf2, 0x0, 0x0,
    0x1f, 0xd0, 0xaf, 0x12, 0xef, 0xf3, 0x0, 0x0,
    0x2, 0xfb, 0xc, 0xf0, 0x4, 0xff, 0x30, 0x0,
    0x0, 0x4f, 0x90, 0xee, 0x6b, 0xc5, 0xfd, 0x0,
    0x0, 0x6, 0xf8, 0x6f, 0xff, 0xfd, 0x9, 0xfa,
    0x0, 0x0, 0xaf, 0x78, 0xfc, 0x82, 0x0, 0xd,
    0xd0, 0x0, 0x8f, 0xff, 0x50, 0x0, 0x0, 0x0,
    0x21, 0x0, 0x9f, 0xe9, 0xff, 0xa4, 0x0, 0x0,
    0x39, 0x90, 0x2f, 0xe2, 0x6, 0xff, 0xff, 0xef,
    0xff, 0xfe, 0x0, 0x62, 0x0, 0x1, 0x7b, 0xef,
    0xfd, 0xb6, 0x10,

    /* U+9006 "逆" */
    0x0, 0x0, 0x1, 0x0, 0x5, 0x20, 0x0, 0x53,
    0x0, 0x0, 0x2, 0xda, 0x0, 0x4f, 0x90, 0x0,
    0xef, 0x0, 0x0, 0x0, 0xef, 0x20, 0xc, 0xf1,
    0x6, 0xf8, 0x0, 0x0, 0x0, 0x7f, 0x80, 0x4,
    0x60, 0x1e, 0xe1, 0x0, 0x0, 0x0, 0x2f, 0xc8,
    0xff, 0xff, 0xff, 0xff, 0xf3, 0x0, 0x0, 0x6,
    0x7, 0xcc, 0xcf, 0xfc, 0xcc, 0xc1, 0x0, 0x0,
    0x0, 0x0, 0x0, 0xd, 0xf0, 0x0, 0x0, 0x0,
    0x7c, 0xc8, 0x4, 0xf7, 0xe, 0xf0, 0x6f, 0x60,
    0x0, 0xbf, 0xff, 0x47, 0xf6, 0xf, 0xd0, 0x8f,
    0x40, 0x0, 0x23, 0xcf, 0x58, 0xf4, 0x1f, 0xc0,
    0xaf, 0x30, 0x0, 0x0, 0xcf, 0x3a, 0xf2, 0x4f,
    0xa0, 0xcf, 0x10, 0x0, 0x0, 0xef, 0x1c, 0xfc,
    0xdf, 0xec, 0xff, 0x0, 0x0, 0x0, 0xff, 0xd,
    0xff, 0xff, 0xff, 0xfd, 0x0, 0x0, 0x1, 0xfe,
    0x0, 0x1, 0xff, 0x10, 0x0, 0x0, 0x0, 0x3,
    0xfc, 0x0, 0x7, 0xf9, 0x0, 0x0, 0x0, 0x0,
    0x5, 0xfa, 0x0, 0x1e, 0xf2, 0x0, 0x0, 0x0,
    0x0, 0x7, 0xf8, 0x0, 0xcf, 0x90, 0x0, 0x0,
    0x0, 0x0, 0xb, 0xf8, 0xa, 0xfd, 0x0, 0x0,
    0x0, 0x0, 0x0, 0xaf, 0xff, 0x57, 0xd1, 0x0,
    0x0, 0x0, 0x0, 0xa, 0xfe, 0x9f, 0xfb, 0x50,
    0x0, 0x3, 0x99, 0x0, 0x2f, 0xe2, 0x6, 0xff,
    0xff, 0xff, 0xff, 0xff, 0x0, 0x5, 0x20, 0x0,
    0x17, 0xbe, 0xff, 0xeb, 0x71, 0x0,

    /* U+9009 "选" */
    0x0, 0x3, 0xa2, 0x0, 0x0, 0x2, 0xfa, 0x0,
    0x0, 0x0, 0x9f, 0x80, 0x3, 0xb3, 0x4f, 0x90,
    0x0, 0x0, 0x3, 0xfe, 0x0, 0x8f, 0x55, 0xf7,
    0x0, 0x0, 0x0, 0xe, 0xf2, 0xd, 0xf3, 0x7f,
    0x71, 0x11, 0x0, 0x0, 0xaf, 0x64, 0xff, 0xff,
    0xff, 0xff, 0x80, 0x0, 0x5, 0x71, 0xcf, 0xcb,
    0xef, 0xbb, 0xb4, 0x0, 0x0, 0x0, 0x1d, 0xc0,
    0xb, 0xf1, 0x0, 0x0, 0x3, 0x65, 0x10, 0x1,
    0x0, 0xdf, 0x0, 0x0, 0x0, 0xaf, 0xfd, 0x0,
    0x0, 0xf, 0xe0, 0x0, 0x0, 0x6, 0x9f, 0xf1,
    0xff, 0xff, 0xff, 0xff, 0xfb, 0x0, 0x1, 0xfe,
    0x2b, 0xbe, 0xfc, 0xff, 0xbb, 0x70, 0x0, 0x3f,
    0xc0, 0x0, 0xde, 0xe, 0xe0, 0x0, 0x0, 0x5,
    0xfa, 0x0, 0x2f, 0xb0, 0xfd, 0x0, 0x0, 0x0,
    0x7f, 0x80, 0x8, 0xf6, 0x1f, 0xb0, 0xb6, 0x0,
    0x8, 0xf6, 0x2, 0xff, 0x2, 0xfa, 0x1f, 0x80,
    0x0, 0xaf, 0x41, 0xdf, 0x70, 0x2f, 0xa5, 0xf5,
    0x0, 0xc, 0xf3, 0xdf, 0xb0, 0x0, 0xff, 0xff,
    0x10, 0x0, 0xef, 0x88, 0xb0, 0x0, 0x8, 0xff,
    0x60, 0x0, 0xbf, 0xff, 0x70, 0x0, 0x0, 0x1,
    0x0, 0x0, 0xbf, 0xc6, 0xff, 0xb5, 0x0, 0x0,
    0x4b, 0xb0, 0x2f, 0xe1, 0x5, 0xef, 0xff, 0xff,
    0xff, 0xff, 0x0, 0x52, 0x0, 0x0, 0x6b, 0xef,
    0xfe, 0xb7, 0x10,

    /* U+901A "通" */
    0x0, 0x1, 0x40, 0x0, 0x0, 0x0, 0x0, 0x0,
    0x0, 0x0, 0xef, 0x10, 0x3f, 0xff, 0xff, 0xff,
    0xe2, 0x0, 0x8, 0xf9, 0x3, 0xaa, 0xaa, 0xaa,
    0xff, 0x40, 0x0, 0x1f, 0xf0, 0x0, 0x34, 0x0,
    0x5f, 0xc0, 0x0, 0x0, 0xaf, 0x40, 0xc, 0xf2,
    0x1e, 0xf2, 0x0, 0x0, 0x3, 0x30, 0x0, 0x3f,
    0xcb, 0xf7, 0x0, 0x0, 0x0, 0x0, 0xd, 0xff,
    0xff, 0xff, 0xfd, 0x10, 0x5, 0x65, 0x0, 0xfe,
    0xbc, 0xfc, 0xbd, 0xf5, 0x0, 0xdf, 0xf8, 0xf,
    0x90, 0x5f, 0x30, 0x9f, 0x40, 0x6, 0x9f, 0xa2,
    0xfc, 0x8b, 0xf9, 0x8d, 0xf2, 0x0, 0x5, 0xf9,
    0x4f, 0xff, 0xff, 0xff, 0xff, 0x0, 0x0, 0x6f,
    0x76, 0xf5, 0xa, 0xf0, 0xe, 0xe0, 0x0, 0x8,
    0xf5, 0x7f, 0x30, 0xcd, 0x0, 0xfd, 0x0, 0x0,
    0xaf, 0x39, 0xff, 0xff, 0xff, 0xff, 0xb0, 0x0,
    0xc, 0xf1, 0xbf, 0x99, 0xfd, 0x9a, 0xf9, 0x0,
    0x0, 0xef, 0xc, 0xd0, 0xf, 0x80, 0x4f, 0x80,
    0x0, 0xf, 0xd0, 0xec, 0x2, 0xf7, 0x9, 0xf6,
    0x0, 0x2, 0xfd, 0x1f, 0xa0, 0x2b, 0x34, 0xff,
    0x10, 0x0, 0xdf, 0xfb, 0x63, 0x0, 0x0, 0x2a,
    0x30, 0x1, 0xcf, 0xbe, 0xfe, 0x72, 0x0, 0x1,
    0x5b, 0x70, 0x5f, 0xb0, 0x2c, 0xff, 0xff, 0xef,
    0xff, 0xfb, 0x0, 0x70, 0x0, 0x4, 0x9d, 0xff,
    0xfd, 0xa5, 0x0,

    /* U+901F "速" */
    0x0, 0x2, 0xa1, 0x0, 0x0, 0xa, 0xf1, 0x0,
    0x0, 0x0, 0x9f, 0x70, 0x0, 0x0, 0xbf, 0x0,
    0x0, 0x0, 0x2, 0xfe, 0x6, 0x88, 0x8e, 0xf8,
    0x88, 0x70, 0x0, 0xc, 0xf3, 0xef, 0xff, 0xff,
    0xff, 0xfd, 0x0, 0x0, 0x7f, 0x50, 0x0, 0x1f,
    0xb0, 0x0, 0x0, 0x0, 0x1, 0x10, 0x0, 0x2,
    0xfa, 0x0, 0x0, 0x0, 0x0, 0x0, 0xa, 0xff,
    0xff, 0xff, 0xfc, 0x0, 0x5, 0x64, 0x0, 0xce,
    0x8a, 0xfb, 0x8d, 0xf0, 0x0, 0xef, 0xf5, 0xd,
    0xc0, 0x6f, 0x50, 0xbf, 0x0, 0x9, 0xcf, 0x70,
    0xfb, 0x8, 0xf4, 0xd, 0xd0, 0x0, 0x7, 0xf6,
    0x1f, 0xff, 0xff, 0xff, 0xfb, 0x0, 0x0, 0x9f,
    0x41, 0x88, 0xef, 0xf8, 0x88, 0x50, 0x0, 0xb,
    0xf2, 0x0, 0x5f, 0xff, 0xd5, 0x0, 0x0, 0x0,
    0xdf, 0x0, 0x1e, 0xde, 0xee, 0xe1, 0x0, 0x0,
    0xf, 0xe0, 0xc, 0xf4, 0xfc, 0x5f, 0xa0, 0x0,
    0x0, 0xfc, 0xb, 0xf8, 0x1f, 0xa0, 0xbf, 0x20,
    0x0, 0x2f, 0xaa, 0xf9, 0x3, 0xf9, 0x3, 0xfb,
    0x0, 0x4, 0xfe, 0x38, 0x0, 0x4f, 0x70, 0xb,
    0x80, 0x1, 0xdf, 0xfc, 0x10, 0x6, 0xf6, 0x0,
    0x0, 0x1, 0xcf, 0x9c, 0xfe, 0x82, 0x0, 0x1,
    0x5b, 0x60, 0x5f, 0xb0, 0xa, 0xff, 0xff, 0xef,
    0xff, 0xfb, 0x0, 0x70, 0x0, 0x2, 0x8c, 0xef,
    0xfd, 0xa5, 0x0,

    /* U+903B "逻" */
    0x0, 0x0, 0x51, 0x0, 0x0, 0x0, 0x0, 0x0,
    0x0, 0x0, 0x9, 0xf8, 0x2, 0xff, 0xff, 0xff,
    0xff, 0xd1, 0x0, 0x2, 0xfe, 0x4, 0xfb, 0xcf,
    0x9f, 0xcb, 0xf5, 0x0, 0x0, 0xcf, 0x35, 0xf5,
    0x9d, 0xf, 0x67, 0xf4, 0x0, 0x0, 0x8f, 0x67,
    0xf4, 0xbc, 0x2f, 0x48, 0xf2, 0x0, 0x0, 0x22,
    0x9, 0xf2, 0xca, 0x3f, 0x3a, 0xf0, 0x0, 0x0,
    0x0, 0xa, 0xff, 0xff, 0xff, 0xff, 0xf0, 0x0,
    0x9a, 0x92, 0x7, 0x99, 0xff, 0xa9, 0x99, 0x80,
    0x0, 0xff, 0xfb, 0x0, 0x5, 0xfd, 0x0, 0x0,
    0x0, 0x0, 0x57, 0xfc, 0x0, 0x1e, 0xfc, 0x99,
    0x97, 0x0, 0x0, 0x4, 0xfa, 0x0, 0xbf, 0xff,
    0xff, 0xff, 0x30, 0x0, 0x5, 0xf9, 0x9, 0xff,
    0x40, 0x1, 0xef, 0x10, 0x0, 0x7, 0xf7, 0x9f,
    0xdf, 0xf4, 0x8, 0xfa, 0x0, 0x0, 0x9, 0xf5,
    0x3b, 0x3, 0xef, 0x8f, 0xf2, 0x0, 0x0, 0xb,
    0xf3, 0x0, 0x0, 0x3f, 0xff, 0x50, 0x0, 0x0,
    0xd, 0xf1, 0x0, 0x0, 0x6f, 0xf8, 0x0, 0x0,
    0x0, 0xe, 0xf0, 0x0, 0x2b, 0xff, 0x70, 0x0,
    0x0, 0x0, 0x2f, 0xf4, 0x2a, 0xff, 0xe3, 0x0,
    0x0, 0x0, 0x1, 0xdf, 0xfe, 0xaf, 0xf8, 0x10,
    0x0, 0x0, 0x0, 0x1d, 0xfa, 0x9f, 0xff, 0x50,
    0x0, 0x4, 0xa8, 0x0, 0x7f, 0xa0, 0x8, 0xff,
    0xff, 0xef, 0xff, 0xfe, 0x0, 0x7, 0x0, 0x0,
    0x17, 0xce, 0xff, 0xdb, 0x71, 0x0,

    /* U+9053 "道" */
    0x0, 0x0, 0x0, 0x0, 0x3, 0x50, 0x0, 0x51,
    0x0, 0x0, 0x8f, 0x30, 0x0, 0xbf, 0x0, 0x2f,
    0xa0, 0x0, 0x7, 0xfa, 0x0, 0x6, 0xf4, 0x9,
    0xf3, 0x0, 0x0, 0x1f, 0xf0, 0x5a, 0xbe, 0xaa,
    0xff, 0xa8, 0x0, 0x0, 0xcf, 0x4a, 0xff, 0xff,
    0xff, 0xff, 0xb0, 0x0, 0x4, 0x30, 0x0, 0x3,
    0xfb, 0x0, 0x0, 0x0, 0x0, 0x0, 0x2, 0xbb,
    0xdf, 0xdb, 0xa2, 0x0, 0xa, 0xcb, 0x60, 0x4f,
    0xff, 0xff, 0xff, 0xb0, 0x0, 0xef, 0xff, 0x6,
    0xf8, 0x0, 0x3, 0xfb, 0x0, 0x6, 0x6e, 0xf1,
    0x8f, 0x70, 0x0, 0x4f, 0x90, 0x0, 0x0, 0xff,
    0x9, 0xff, 0xff, 0xff, 0xf7, 0x0, 0x0, 0xf,
    0xd0, 0xbf, 0x98, 0x88, 0xcf, 0x60, 0x0, 0x2,
    0xfb, 0xc, 0xf1, 0x0, 0x9, 0xf4, 0x0, 0x0,
    0x4f, 0x90, 0xef, 0xff, 0xff, 0xff, 0x20, 0x0,
    0x6, 0xf7, 0xf, 0xe9, 0x99, 0x9f, 0xf1, 0x0,
    0x0, 0x8f, 0x61, 0xfc, 0x0, 0x0, 0xef, 0x0,
    0x0, 0x9, 0xf4, 0x3f, 0xec, 0xcc, 0xcf, 0xd0,
    0x0, 0x0, 0xdf, 0x55, 0xff, 0xff, 0xff, 0xfc,
    0x0, 0x0, 0xbf, 0xff, 0x40, 0x0, 0x0, 0x0,
    0x0, 0x1, 0xcf, 0xc9, 0xff, 0x93, 0x0, 0x1,
    0x5c, 0x70, 0x5f, 0xd1, 0x8, 0xff, 0xff, 0xef,
    0xff, 0xfc, 0x0, 0x71, 0x0, 0x1, 0x8c, 0xef,
    0xfd, 0xa6, 0x0,

    /* U+9065 "遥" */
    0x0, 0x0, 0x50, 0x0, 0x1, 0x23, 0x46, 0x8a,
    0xc0, 0x0, 0xa, 0xf4, 0xd, 0xff, 0xff, 0xff,
    0xff, 0xf3, 0x0, 0x4, 0xfd, 0xa, 0xcb, 0xa9,
    0x86, 0x43, 0x0, 0x0, 0x0, 0xbf, 0x42, 0x94,
    0x3e, 0x50, 0x3f, 0x60, 0x0, 0x0, 0x5f, 0x71,
    0xf9, 0x1f, 0x80, 0xaf, 0x20, 0x0, 0x0, 0x3,
    0x0, 0xdd, 0xe, 0xa4, 0xfa, 0x0, 0x0, 0x0,
    0x0, 0x0, 0x41, 0x0, 0x7, 0xe1, 0x0, 0x0,
    0x39, 0x83, 0x0, 0xbf, 0x10, 0x0, 0x0, 0x0,
    0x0, 0x7f, 0xfe, 0x4, 0xff, 0xff, 0xff, 0xff,
    0x0, 0x0, 0x47, 0xff, 0x1e, 0xf9, 0xaf, 0xc9,
    0x98, 0x0, 0x0, 0x0, 0xfd, 0x1b, 0x50, 0x5f,
    0x70, 0x0, 0x0, 0x0, 0x2, 0xfb, 0x39, 0x99,
    0xbf, 0xb9, 0x99, 0x30, 0x0, 0x3, 0xf9, 0x8f,
    0xff, 0xff, 0xff, 0xff, 0x50, 0x0, 0x5, 0xf7,
    0x0, 0x0, 0xaf, 0x20, 0x0, 0x0, 0x0, 0x7,
    0xf6, 0x3e, 0x60, 0xbf, 0x3, 0xe6, 0x0, 0x0,
    0x9, 0xf4, 0x5f, 0x60, 0xde, 0x5, 0xf5, 0x0,
    0x0, 0xb, 0xf2, 0x7f, 0xcb, 0xff, 0xbd, 0xf3,
    0x0, 0x0, 0xc, 0xf6, 0x8f, 0xff, 0xff, 0xff,
    0xf1, 0x0, 0x0, 0x6f, 0xff, 0x60, 0x0, 0x0,
    0x0, 0x0, 0x0, 0x7, 0xff, 0xaf, 0xfb, 0x40,
    0x0, 0x3, 0x9e, 0x0, 0xd, 0xf3, 0x7, 0xff,
    0xff, 0xff, 0xff, 0xff, 0x30, 0x3, 0x20, 0x0,
    0x17, 0xbe, 0xff, 0xeb, 0x82, 0x0,

    /* U+90E8 "部" */
    0x0, 0x0, 0xd, 0xf2, 0x0, 0x0, 0x0, 0x0,
    0x0, 0x0, 0x0, 0xef, 0x10, 0x6, 0xff, 0xff,
    0xe3, 0x0, 0x0, 0x1f, 0xf0, 0x0, 0x8f, 0xee,
    0xff, 0x70, 0xe, 0xff, 0xff, 0xff, 0x59, 0xf5,
    0xe, 0xf3, 0x0, 0xcd, 0xdd, 0xdd, 0xd2, 0xbf,
    0x43, 0xfd, 0x0, 0x2, 0x82, 0x0, 0x72, 0xc,
    0xf2, 0x9f, 0x70, 0x0, 0x6f, 0x60, 0x6f, 0x70,
    0xdf, 0x1e, 0xf1, 0x0, 0x2, 0xf9, 0xd, 0xf1,
    0xf, 0xf4, 0xfb, 0x0, 0x0, 0xa, 0x56, 0xf8,
    0x0, 0xfe, 0x9f, 0x50, 0x0, 0xad, 0xdd, 0xff,
    0xdc, 0x1f, 0xd9, 0xf4, 0x0, 0xe, 0xff, 0xff,
    0xff, 0xd3, 0xfb, 0x2f, 0xb0, 0x0, 0x0, 0x0,
    0x0, 0x0, 0x4f, 0xa0, 0xef, 0x0, 0x0, 0x0,
    0x0, 0x0, 0x6, 0xf8, 0xc, 0xf0, 0x0, 0x7f,
    0xff, 0xff, 0xa0, 0x7f, 0x70, 0xde, 0x0, 0x9,
    0xfe, 0xdd, 0xff, 0x8, 0xf6, 0x2f, 0xa0, 0x0,
    0xbf, 0x30, 0xf, 0xe0, 0xaf, 0x9d, 0xf2, 0x0,
    0xc, 0xf1, 0x2, 0xfc, 0xb, 0xff, 0xd4, 0x0,
    0x0, 0xef, 0x0, 0x4f, 0xa0, 0xcf, 0x20, 0x0,
    0x0, 0xf, 0xfd, 0xde, 0xf8, 0xe, 0xf0, 0x0,
    0x0, 0x1, 0xff, 0xff, 0xff, 0x70, 0xfe, 0x0,
    0x0, 0x0, 0x3f, 0xa0, 0x0, 0x0, 0x1f, 0xd0,
    0x0, 0x0, 0x5, 0xf9, 0x0, 0x0, 0x2, 0xfc,
    0x0, 0x0, 0x0,

    /* U+914D "配" */
    0x0, 0x2f, 0xff, 0xff, 0xff, 0x3f, 0xff, 0xfd,
    0x20, 0x3, 0xbd, 0xfc, 0xfc, 0xb2, 0xdd, 0xde,
    0xf7, 0x0, 0x0, 0x7f, 0x5f, 0x20, 0x0, 0x0,
    0x6f, 0x70, 0x0, 0x9, 0xe6, 0xf0, 0x0, 0x0,
    0x7, 0xf5, 0x0, 0x38, 0xde, 0xcf, 0x60, 0x0,
    0x0, 0x9f, 0x40, 0x7, 0xff, 0xff, 0xff, 0x60,
    0x0, 0xa, 0xf2, 0x0, 0x9f, 0x6a, 0xc7, 0xf6,
    0x0, 0x0, 0xcf, 0x10, 0xb, 0xe7, 0x9d, 0x6f,
    0x52, 0x22, 0x2e, 0xf0, 0x0, 0xcc, 0x87, 0xf6,
    0xf3, 0xdf, 0xff, 0xfd, 0x0, 0xe, 0xab, 0x5f,
    0x7f, 0x1f, 0xfa, 0xaa, 0x80, 0x0, 0xfb, 0xe4,
    0xfa, 0xf1, 0xfb, 0x0, 0x0, 0x0, 0x1f, 0xfc,
    0x1f, 0xfe, 0x2f, 0xa0, 0x0, 0x0, 0x3, 0xfa,
    0x10, 0x6e, 0xd4, 0xf8, 0x0, 0x0, 0x0, 0x5f,
    0x30, 0x0, 0xdb, 0x6f, 0x60, 0x0, 0x0, 0x6,
    0xff, 0xff, 0xff, 0x98, 0xf4, 0x0, 0x0, 0x0,
    0x8f, 0xbb, 0xbb, 0xf8, 0xaf, 0x30, 0x3, 0x71,
    0xa, 0xe0, 0x0, 0x2f, 0x6b, 0xf1, 0x0, 0x9f,
    0x20, 0xbf, 0xbb, 0xbc, 0xf4, 0xbf, 0x10, 0xd,
    0xf0, 0xd, 0xff, 0xff, 0xff, 0x39, 0xf7, 0x7,
    0xf8, 0x0, 0xfa, 0x22, 0x22, 0x20, 0x4f, 0xff,
    0xfe, 0x10, 0xf, 0x80, 0x0, 0x0, 0x0, 0x5c,
    0xda, 0x20, 0x0,

    /* U+91C7 "采" */
    0x0, 0x0, 0x0, 0x0, 0x0, 0x0, 0x0, 0x1,
    0x10, 0x0, 0x0, 0x0, 0x12, 0x34, 0x68, 0xbe,
    0xf9, 0x0, 0x9, 0xef, 0xff, 0xff, 0xff, 0xff,
    0xfd, 0x80, 0x0, 0xbf, 0xff, 0xed, 0xb9, 0x75,
    0x33, 0x0, 0x0, 0x1, 0x11, 0x0, 0x8d, 0x0,
    0x4, 0xf8, 0x0, 0x0, 0xa, 0xf1, 0xb, 0xf3,
    0x0, 0xbf, 0x40, 0x0, 0x0, 0x8f, 0x70, 0x6f,
    0x70, 0x2f, 0xd0, 0x0, 0x0, 0x3, 0xfc, 0x3,
    0xfb, 0xb, 0xf5, 0x0, 0x0, 0x0, 0xe, 0xf1,
    0x5, 0x15, 0xfc, 0x0, 0x0, 0x0, 0x0, 0x65,
    0xa, 0xf5, 0x9, 0x20, 0x0, 0x0, 0x0, 0x0,
    0x0, 0xbf, 0x30, 0x0, 0x0, 0x0, 0xa, 0xff,
    0xff, 0xff, 0xff, 0xff, 0xff, 0xf0, 0x0, 0xbe,
    0xee, 0xff, 0xff, 0xff, 0xee, 0xed, 0x0, 0x0,
    0x0, 0x1e, 0xff, 0xff, 0xa0, 0x0, 0x0, 0x0,
    0x0, 0xa, 0xfa, 0xfd, 0xcf, 0x20, 0x0, 0x0,
    0x0, 0x7, 0xfe, 0x4f, 0xb5, 0xfc, 0x0, 0x0,
    0x0, 0x6, 0xff, 0x35, 0xf9, 0xc, 0xf9, 0x0,
    0x0, 0x8, 0xff, 0x60, 0x7f, 0x80, 0x2f, 0xf8,
    0x0, 0xb, 0xff, 0x60, 0x8, 0xf6, 0x0, 0x5f,
    0xf9, 0x0, 0xbf, 0x50, 0x0, 0xaf, 0x50, 0x0,
    0x6f, 0x90, 0x2, 0x20, 0x0, 0xb, 0xf3, 0x0,
    0x0, 0x50, 0x0, 0x0, 0x0, 0x0, 0xdf, 0x10,
    0x0, 0x0, 0x0,

    /* U+91CA "释" */
    0x0, 0x0, 0x1, 0x48, 0x80, 0x0, 0x0, 0x0,
    0x0, 0x0, 0x5c, 0xef, 0xff, 0xfa, 0xff, 0xff,
    0xff, 0x70, 0x0, 0x6f, 0xff, 0xf6, 0x29, 0xff,
    0xcc, 0xdf, 0xc0, 0x0, 0x2, 0xe, 0xd0, 0x0,
    0xef, 0x0, 0x8f, 0x60, 0x0, 0x5f, 0xf, 0xb7,
    0xe0, 0xaf, 0x52, 0xfe, 0x0, 0x0, 0x3f, 0x4f,
    0x9b, 0xb0, 0x3f, 0xdc, 0xf4, 0x0, 0x0, 0xf,
    0x8f, 0x8f, 0x70, 0x9, 0xff, 0x80, 0x0, 0x0,
    0xf, 0xbf, 0xbf, 0x20, 0x5e, 0xff, 0xc2, 0x0,
    0x0, 0x6, 0x8f, 0x77, 0x5d, 0xff, 0x7b, 0xff,
    0xa1, 0x0, 0x6a, 0xcf, 0xba, 0xaf, 0xb4, 0x53,
    0x7f, 0xf1, 0x0, 0xcf, 0xff, 0xff, 0x22, 0x6,
    0xf7, 0x0, 0x50, 0x0, 0x1b, 0xff, 0x11, 0x0,
    0x8, 0xf6, 0x0, 0x0, 0x0, 0xf, 0xff, 0x50,
    0x4f, 0xff, 0xff, 0xff, 0x0, 0x0, 0x5f, 0xdf,
    0xf2, 0x4a, 0xae, 0xfb, 0xa9, 0x0, 0x0, 0xbd,
    0xed, 0xfb, 0x0, 0xc, 0xf1, 0x0, 0x0, 0x2,
    0xf8, 0xf9, 0x74, 0x0, 0xe, 0xf0, 0x0, 0x0,
    0xb, 0xf3, 0xf7, 0x4, 0xff, 0xff, 0xff, 0xff,
    0x10, 0x1e, 0xa3, 0xf6, 0x4, 0xcc, 0xcf, 0xfc,
    0xcc, 0x0, 0x2, 0x25, 0xf4, 0x0, 0x0, 0x3f,
    0xb0, 0x0, 0x0, 0x0, 0x7, 0xf3, 0x0, 0x0,
    0x4f, 0x90, 0x0, 0x0, 0x0, 0x8, 0xf1, 0x0,
    0x0, 0x6f, 0x80, 0x0, 0x0, 0x0, 0xa, 0xf0,
    0x0, 0x0, 0x6e, 0x60, 0x0, 0x0,

    /* U+91CD "重" */
    0x0, 0x0, 0x0, 0x0, 0x0, 0x1, 0x12, 0x45,
    0x10, 0x0, 0x3, 0xee, 0xef, 0xff, 0xff, 0xff,
    0xff, 0x30, 0x0, 0x3, 0xff, 0xee, 0xef, 0xfc,
    0xa9, 0x87, 0x10, 0x0, 0x0, 0x0, 0x0, 0xf,
    0xf1, 0x0, 0x0, 0x0, 0x0, 0x0, 0x0, 0x0,
    0x1f, 0xf0, 0x0, 0x0, 0x0, 0x0, 0x5f, 0xff,
    0xff, 0xff, 0xff, 0xff, 0xff, 0xf2, 0x0, 0x4b,
    0xbb, 0xbb, 0xcf, 0xeb, 0xbb, 0xbb, 0xb0, 0x0,
    0x0, 0x0, 0x0, 0x5f, 0xb0, 0x0, 0x0, 0x0,
    0x0, 0x3, 0xff, 0xff, 0xff, 0xff, 0xff, 0xd1,
    0x0, 0x0, 0x5, 0xfd, 0x99, 0xdf, 0xc9, 0x9e,
    0xf3, 0x0, 0x0, 0x7, 0xf9, 0x0, 0xaf, 0x70,
    0xd, 0xf2, 0x0, 0x0, 0x9, 0xff, 0xff, 0xff,
    0xff, 0xff, 0xf0, 0x0, 0x0, 0xa, 0xfa, 0x77,
    0xef, 0x87, 0x8f, 0xe0, 0x0, 0x0, 0xc, 0xfb,
    0x99, 0xff, 0xa9, 0xaf, 0xc0, 0x0, 0x0, 0xe,
    0xff, 0xff, 0xff, 0xff, 0xff, 0xa0, 0x0, 0x0,
    0x0, 0x0, 0x3, 0xfe, 0x0, 0x0, 0x0, 0x0,
    0x0, 0x48, 0x88, 0x8a, 0xfe, 0x88, 0x88, 0x80,
    0x0, 0x0, 0x9f, 0xff, 0xff, 0xff, 0xff, 0xff,
    0xf0, 0x0, 0x0, 0x0, 0x0, 0x7, 0xf9, 0x0,
    0x0, 0x0, 0x0, 0x0, 0x0, 0x0, 0x8, 0xf8,
    0x0, 0x0, 0x0, 0x0, 0xc, 0xee, 0xee, 0xef,
    0xfe, 0xee, 0xee, 0xec, 0x0, 0xf, 0xff, 0xff,
    0xff, 0xff, 0xff, 0xff, 0xfd, 0x0,

    /* U+91CF "量" */
    0x0, 0x6, 0xff, 0xff, 0xff, 0xff, 0xfe, 0x20,
    0x0, 0x8, 0xf8, 0x66, 0x66, 0x66, 0xaf, 0x50,
    0x0, 0x9, 0xf9, 0x88, 0x88, 0x88, 0xbf, 0x40,
    0x0, 0xb, 0xff, 0xff, 0xff, 0xff, 0xff, 0x20,
    0x0, 0xc, 0xf2, 0x22, 0x22, 0x22, 0xbf, 0x10,
    0x0, 0xe, 0xff, 0xff, 0xff, 0xff, 0xff, 0x0,
    0x0, 0x6, 0x77, 0x77, 0x77, 0x77, 0x76, 0x0,
    0x7, 0xcc, 0xcc, 0xcc, 0xcc, 0xcc, 0xcc, 0xca,
    0xa, 0xff, 0xff, 0xff, 0xff, 0xff, 0xff, 0xfc,
    0x0, 0x2, 0x22, 0x22, 0x22, 0x22, 0x10, 0x0,
    0x0, 0x3f, 0xff, 0xff, 0xff, 0xff, 0xf8, 0x0,
    0x0, 0x4f, 0x95, 0x5c, 0xf6, 0x56, 0xfa, 0x0,
    0x0, 0x6f, 0xa7, 0x7e, 0xf7, 0x78, 0xf8, 0x0,
    0x0, 0x8f, 0xff, 0xff, 0xff, 0xff, 0xf7, 0x0,
    0x0, 0xaf, 0x32, 0x2f, 0xd2, 0x27, 0xf5, 0x0,
    0x0, 0xbf, 0xff, 0xff, 0xff, 0xff, 0xf3, 0x0,
    0x0, 0x23, 0x33, 0x6f, 0xa3, 0x33, 0x30, 0x0,
    0x8, 0xff, 0xff, 0xff, 0xff, 0xff, 0xfd, 0x0,
    0x6, 0xaa, 0xaa, 0xdf, 0xca, 0xaa, 0xa8, 0x0,
    0x0, 0x0, 0x0, 0x8f, 0x40, 0x0, 0x0, 0x0,
    0x69, 0x99, 0x99, 0xdf, 0xb9, 0x99, 0x99, 0x30,
    0xcf, 0xff, 0xff, 0xff, 0xff, 0xff, 0xff, 0x40,

    /* U+9274 "鉴" */
    0x0, 0x0, 0x0, 0x0, 0x0, 0x0, 0x0, 0x0,
    0x0, 0x0, 0x0, 0x6f, 0x70, 0xc, 0xd1, 0x0,
    0x0, 0x0, 0x6f, 0x57, 0xf6, 0x3, 0xfd, 0x0,
    0x0, 0x0, 0x8, 0xf3, 0x9f, 0x40, 0xaf, 0xeb,
    0xbb, 0xb1, 0x0, 0x9f, 0x2b, 0xf2, 0x3f, 0xff,
    0xff, 0xff, 0x0, 0xb, 0xf0, 0xdf, 0x1d, 0xf5,
    0x4, 0x0, 0x0, 0x0, 0xde, 0xe, 0xf0, 0xd9,
    0x8, 0xf4, 0x0, 0x0, 0xe, 0xd0, 0xfd, 0x3,
    0x0, 0x2f, 0xd0, 0x0, 0x0, 0xd9, 0x1e, 0xa2,
    0xe9, 0x0, 0xaf, 0x40, 0x0, 0x0, 0x0, 0x3,
    0xef, 0xe2, 0x2, 0x92, 0x0, 0x0, 0x0, 0x5,
    0xff, 0xdf, 0xe3, 0x0, 0x0, 0x0, 0x0, 0x2b,
    0xff, 0x51, 0xdf, 0xf7, 0x0, 0x0, 0x3, 0xaf,
    0xff, 0x40, 0x2, 0xdf, 0xfd, 0x60, 0x0, 0xcf,
    0xea, 0xff, 0xff, 0xff, 0xdf, 0xff, 0x70, 0x5,
    0x60, 0x2a, 0xae, 0xfa, 0xa5, 0x17, 0xc1, 0x0,
    0x0, 0x0, 0x0, 0xdf, 0x0, 0x0, 0x0, 0x0,
    0x4, 0xff, 0xff, 0xff, 0xff, 0xff, 0xff, 0x20,
    0x0, 0x4b, 0xbb, 0xbb, 0xfe, 0xbb, 0xbb, 0xb0,
    0x0, 0x0, 0x4, 0x30, 0x2f, 0xa0, 0x5, 0x0,
    0x0, 0x0, 0x2, 0xfa, 0x3, 0xf9, 0x5, 0xf8,
    0x0, 0x0, 0x0, 0xf, 0xc0, 0x5f, 0x80, 0xaf,
    0x30, 0x0, 0x9, 0xbb, 0xff, 0xbd, 0xfd, 0xbf,
    0xfb, 0xb7, 0x0, 0xef, 0xff, 0xff, 0xff, 0xff,
    0xff, 0xff, 0x90, 0x0,

    /* U+9488 "针" */
    0x0, 0x0, 0x0, 0x0, 0x0, 0x0, 0x0, 0x0,
    0x0, 0x6, 0xf7, 0x0, 0x0, 0x9, 0xf7, 0x0,
    0x0, 0xb, 0xf4, 0x0, 0x0, 0xb, 0xf6, 0x0,
    0x0, 0x2f, 0xf0, 0x0, 0x0, 0xc, 0xf4, 0x0,
    0x0, 0x9f, 0xff, 0xfa, 0x0, 0xe, 0xf3, 0x0,
    0x1, 0xff, 0xdd, 0xd7, 0x0, 0xf, 0xf1, 0x0,
    0xa, 0xfa, 0x0, 0x0, 0x0, 0x1f, 0xf0, 0x0,
    0x2f, 0xf1, 0x0, 0x0, 0x0, 0x3f, 0xe0, 0x0,
    0x8, 0xfc, 0xcc, 0x60, 0x11, 0x5f, 0xc1, 0x11,
    0x1, 0xff, 0xff, 0x69, 0xff, 0xff, 0xff, 0xfc,
    0x0, 0xe, 0xe0, 0xa, 0xff, 0xff, 0xff, 0xfa,
    0x0, 0xf, 0xc0, 0x0, 0x0, 0x9f, 0x70, 0x0,
    0x0, 0x2f, 0xb0, 0x0, 0x0, 0xbf, 0x60, 0x0,
    0x3f, 0xff, 0xff, 0x70, 0x0, 0xcf, 0x40, 0x0,
    0x3c, 0xef, 0xec, 0x40, 0x0, 0xef, 0x20, 0x0,
    0x0, 0x7f, 0x60, 0x0, 0x0, 0xff, 0x10, 0x0,
    0x0, 0x8f, 0x40, 0x0, 0x1, 0xff, 0x0, 0x0,
    0x0, 0xaf, 0x20, 0x0, 0x3, 0xfd, 0x0, 0x0,
    0x0, 0xcf, 0x4c, 0x60, 0x5, 0xfc, 0x0, 0x0,
    0x0, 0xdf, 0xff, 0x90, 0x6, 0xfa, 0x0, 0x0,
    0x4d, 0xff, 0xc3, 0x0, 0x8, 0xf8, 0x0, 0x0,
    0x4f, 0xc5, 0x0, 0x0, 0xa, 0xf7, 0x0, 0x0,
    0x3, 0x0, 0x0, 0x0, 0xb, 0xf5, 0x0, 0x0,

    /* U+949F "钟" */
    0x0, 0x0, 0x0, 0x0, 0x0, 0x0, 0x0, 0x0,
    0x0, 0x4, 0xf8, 0x0, 0x0, 0xb, 0xf1, 0x0,
    0x0, 0xa, 0xf5, 0x0, 0x0, 0xd, 0xf0, 0x0,
    0x0, 0x1f, 0xf1, 0x0, 0x0, 0xe, 0xf0, 0x0,
    0x0, 0x7f, 0xff, 0xf3, 0x0, 0xf, 0xd0, 0x0,
    0x1, 0xef, 0xee, 0xe4, 0x88, 0x8f, 0xe8, 0x72,
    0x8, 0xfa, 0x0, 0x5, 0xff, 0xff, 0xff, 0xfb,
    0x1f, 0xf2, 0x0, 0x7, 0xf8, 0x8f, 0xb6, 0xfc,
    0x6, 0xfe, 0xee, 0x89, 0xf3, 0x6f, 0x71, 0xfa,
    0x1, 0xff, 0xff, 0x8a, 0xf1, 0x7f, 0x53, 0xf9,
    0x0, 0xe, 0xd0, 0xc, 0xf0, 0x9f, 0x45, 0xf7,
    0x0, 0xf, 0xc0, 0xe, 0xe0, 0xbf, 0x27, 0xf5,
    0x1, 0x2f, 0xa1, 0xf, 0xc0, 0xcf, 0x8, 0xf4,
    0x2f, 0xff, 0xff, 0x3f, 0xb0, 0xef, 0xa, 0xf2,
    0x3d, 0xef, 0xed, 0x3f, 0xff, 0xff, 0xff, 0xf0,
    0x0, 0x7f, 0x50, 0x3d, 0xde, 0xff, 0xdd, 0xd0,
    0x0, 0x8f, 0x30, 0x0, 0x3, 0xfa, 0x0, 0x0,
    0x0, 0xaf, 0x10, 0x0, 0x4, 0xf8, 0x0, 0x0,
    0x0, 0xcf, 0x6d, 0x0, 0x6, 0xf7, 0x0, 0x0,
    0x0, 0xdf, 0xff, 0x40, 0x7, 0xf5, 0x0, 0x0,
    0x3d, 0xff, 0xa1, 0x0, 0x9, 0xf4, 0x0, 0x0,
    0x2f, 0xa3, 0x0, 0x0, 0xb, 0xf2, 0x0, 0x0,
    0x1, 0x0, 0x0, 0x0, 0xc, 0xf1, 0x0, 0x0,

    /* U+94AE "钮" */
    0x0, 0x0, 0x0, 0x0, 0x0, 0x0, 0x0, 0x0,
    0x0, 0x6, 0xf8, 0x0, 0x0, 0x0, 0x0, 0x0,
    0x0, 0xb, 0xf7, 0x1, 0xff, 0xff, 0xff, 0xe3,
    0x0, 0x2f, 0xf2, 0x2, 0xdd, 0xfe, 0xde, 0xf9,
    0x0, 0x8f, 0xff, 0xf3, 0x5, 0xf8, 0x6, 0xf8,
    0x1, 0xff, 0xee, 0xe1, 0x8, 0xf6, 0x8, 0xf6,
    0xa, 0xfc, 0x0, 0x0, 0xa, 0xf3, 0x9, 0xf5,
    0x2f, 0xf3, 0x0, 0x0, 0xd, 0xf1, 0xb, 0xf3,
    0x7, 0xfe, 0xee, 0x80, 0xf, 0xe0, 0xd, 0xf1,
    0x1, 0xff, 0xff, 0x80, 0x2f, 0xc0, 0xe, 0xf0,
    0x0, 0xf, 0xf0, 0x8, 0xbf, 0xea, 0xaf, 0xe0,
    0x0, 0x1f, 0xd0, 0xd, 0xff, 0xff, 0xff, 0xc0,
    0x0, 0x4f, 0xc0, 0x2, 0xaf, 0x62, 0x6f, 0xa0,
    0x3f, 0xff, 0xff, 0x70, 0xbf, 0x20, 0x5f, 0x90,
    0x4d, 0xef, 0xed, 0x50, 0xef, 0x0, 0x7f, 0x70,
    0x0, 0x8f, 0x70, 0x0, 0xfe, 0x0, 0x9f, 0x50,
    0x0, 0x9f, 0x50, 0x2, 0xfb, 0x0, 0xaf, 0x40,
    0x0, 0xbf, 0x40, 0x5, 0xf9, 0x0, 0xcf, 0x20,
    0x0, 0xcf, 0x8d, 0x7, 0xf7, 0x0, 0xdf, 0x0,
    0x0, 0xef, 0xff, 0x39, 0xf5, 0x0, 0xff, 0x0,
    0x3b, 0xff, 0xd3, 0xc, 0xf2, 0x1, 0xfd, 0x0,
    0x9f, 0xe7, 0x7, 0xdf, 0xfd, 0xde, 0xff, 0xd0,
    0x37, 0x0, 0xa, 0xff, 0xff, 0xff, 0xff, 0xe0,

    /* U+94FE "链" */
    0x0, 0x3, 0x71, 0x0, 0x0, 0x0, 0x43, 0x0,
    0x0, 0x0, 0xaf, 0x30, 0x35, 0x0, 0xe, 0xb0,
    0x0, 0x0, 0xe, 0xe0, 0xc, 0xf0, 0x24, 0xf9,
    0x33, 0x10, 0x4, 0xff, 0xf5, 0x8f, 0x3e, 0xff,
    0xff, 0xf5, 0x0, 0xbf, 0xcc, 0x35, 0xf6, 0x9e,
    0xe9, 0x99, 0x20, 0x2f, 0xc0, 0x0, 0x3f, 0x81,
    0xfa, 0x0, 0x0, 0x8, 0xf5, 0x0, 0x0, 0x20,
    0x5f, 0x63, 0x0, 0x0, 0x1f, 0xdd, 0xa0, 0x10,
    0xb, 0xf7, 0xf2, 0x0, 0x0, 0xef, 0xf9, 0xcf,
    0xb1, 0xfb, 0x8f, 0x10, 0x0, 0x1, 0xf9, 0xc,
    0xff, 0x8f, 0xff, 0xff, 0x90, 0x0, 0x3f, 0x70,
    0xb, 0xfa, 0xe9, 0xee, 0x94, 0x0, 0x38, 0xf8,
    0x20, 0xdd, 0x1, 0xd, 0xb0, 0x0, 0xb, 0xff,
    0xf8, 0xf, 0xb0, 0x0, 0xf9, 0x0, 0x0, 0x5b,
    0xf7, 0x20, 0xf9, 0xbd, 0xdf, 0xed, 0x70, 0x0,
    0xaf, 0x0, 0x2f, 0x8e, 0xff, 0xff, 0xf7, 0x0,
    0xb, 0xe0, 0x3, 0xf6, 0x0, 0x4f, 0x40, 0x0,
    0x0, 0xdd, 0x93, 0x5f, 0x40, 0x6, 0xf3, 0x0,
    0x0, 0xe, 0xff, 0x97, 0xf2, 0x0, 0x8f, 0x10,
    0x0, 0x0, 0xff, 0xc0, 0xaf, 0x70, 0x9, 0xf0,
    0x0, 0x1, 0xcf, 0xb1, 0xaf, 0xff, 0x71, 0x12,
    0x4b, 0x40, 0xd, 0x90, 0xbf, 0xb9, 0xff, 0xff,
    0xff, 0xf9, 0x0, 0x10, 0x4, 0x90, 0x5, 0xbe,
    0xfe, 0xc8, 0x20,

    /* U+9501 "锁" */
    0x0, 0x1, 0x0, 0x0, 0x0, 0x0, 0x0, 0x0,
    0x0, 0x0, 0xcf, 0x20, 0x0, 0x0, 0xfc, 0x0,
    0x0, 0x0, 0xf, 0xf0, 0x6, 0xe1, 0x2f, 0xb0,
    0x68, 0x0, 0x6, 0xfb, 0x0, 0x6f, 0x43, 0xf9,
    0xc, 0xe0, 0x0, 0xcf, 0xff, 0xa3, 0xf7, 0x5f,
    0x83, 0xf9, 0x0, 0x3f, 0xfe, 0xe8, 0xf, 0xb6,
    0xf6, 0xaf, 0x30, 0xb, 0xf8, 0x0, 0x0, 0x74,
    0x8f, 0x47, 0x90, 0x2, 0xfe, 0x10, 0x0, 0x38,
    0x8c, 0xfa, 0x73, 0x0, 0x6, 0xfe, 0xed, 0x8,
    0xff, 0xff, 0xff, 0xf0, 0x0, 0x2f, 0xff, 0xf0,
    0xaf, 0x54, 0x44, 0xcf, 0x10, 0x0, 0x2f, 0xa0,
    0xc, 0xf0, 0x34, 0xc, 0xf0, 0x0, 0x4, 0xf9,
    0x0, 0xde, 0xc, 0xf0, 0xee, 0x0, 0x3, 0x7f,
    0x92, 0xf, 0xd0, 0xee, 0xf, 0xc0, 0x1, 0xff,
    0xff, 0xf0, 0xfb, 0xf, 0xc1, 0xfb, 0x0, 0x2b,
    0xef, 0xc9, 0x2f, 0xa2, 0xfa, 0x2f, 0x90, 0x0,
    0xa, 0xf2, 0x4, 0xf8, 0x5f, 0x74, 0xf8, 0x0,
    0x0, 0xcf, 0x0, 0x5f, 0x6a, 0xf4, 0x6f, 0x60,
    0x0, 0xe, 0xf4, 0x12, 0x54, 0xff, 0xa2, 0x51,
    0x0, 0x0, 0xff, 0xfb, 0x1, 0xdf, 0xff, 0xa0,
    0x0, 0x0, 0x4f, 0xfd, 0x32, 0xdf, 0xb1, 0xdf,
    0x90, 0x0, 0x6f, 0xfa, 0x17, 0xff, 0xb0, 0x2,
    0xef, 0x70, 0x1, 0xc4, 0x6, 0xff, 0x80, 0x0,
    0x4, 0xff, 0x20, 0x0, 0x0, 0xa, 0x20, 0x0,
    0x0, 0x7, 0x60, 0x0,

    /* U+9519 "错" */
    0x0, 0x3, 0x30, 0x0, 0x0, 0x0, 0x0, 0x0,
    0x0, 0xb, 0xf4, 0x0, 0xd, 0xf0, 0x3f, 0x90,
    0x0, 0x1f, 0xf0, 0x0, 0xe, 0xe0, 0x4f, 0x80,
    0x0, 0x6f, 0xc2, 0x10, 0xf, 0xc0, 0x6f, 0x60,
    0x0, 0xcf, 0xff, 0xb6, 0xaf, 0xea, 0xcf, 0xc8,
    0x4, 0xff, 0xbb, 0x6b, 0xff, 0xff, 0xff, 0xfb,
    0xc, 0xf7, 0x0, 0x0, 0x5f, 0x80, 0xbf, 0x20,
    0x3f, 0xe0, 0x0, 0x0, 0x6f, 0x60, 0xcf, 0x0,
    0x7, 0xfe, 0xee, 0x10, 0x8f, 0x40, 0xee, 0x0,
    0x3, 0xdf, 0xfd, 0x6f, 0xff, 0xff, 0xff, 0xfd,
    0x0, 0x2f, 0x90, 0x5b, 0xbb, 0xbb, 0xbb, 0xb8,
    0x0, 0x3f, 0x70, 0x0, 0x0, 0x0, 0x0, 0x0,
    0x0, 0x5f, 0x60, 0xa, 0xee, 0xee, 0xec, 0x30,
    0x3f, 0xff, 0xff, 0xd, 0xfe, 0xee, 0xff, 0x90,
    0x4c, 0xef, 0xcb, 0xf, 0xe0, 0x0, 0x5f, 0x80,
    0x0, 0xaf, 0x10, 0xf, 0xc0, 0x0, 0x6f, 0x60,
    0x0, 0xcf, 0x0, 0x2f, 0xeb, 0xbb, 0xdf, 0x50,
    0x0, 0xdd, 0x0, 0x4f, 0xff, 0xff, 0xff, 0x30,
    0x0, 0xfc, 0x86, 0x5f, 0x80, 0x0, 0xbf, 0x20,
    0x1, 0xff, 0xfc, 0x7f, 0x60, 0x0, 0xdf, 0x0,
    0x29, 0xff, 0xb1, 0x8f, 0x40, 0x0, 0xee, 0x0,
    0xaf, 0xe6, 0x0, 0xaf, 0xcb, 0xbb, 0xfd, 0x0,
    0x49, 0x10, 0x0, 0xcf, 0xff, 0xff, 0xfb, 0x0,

    /* U+952E "键" */
    0x0, 0x0, 0x0, 0x0, 0x0, 0x0, 0x0, 0x0,
    0x0, 0x0, 0xeb, 0x0, 0x0, 0x0, 0xf, 0xa0,
    0x0, 0x0, 0x2f, 0xb0, 0x0, 0x0, 0x13, 0xfa,
    0x30, 0x0, 0x7, 0xf8, 0x6, 0xff, 0xa6, 0xff,
    0xff, 0x90, 0x0, 0xdf, 0xff, 0x8b, 0xfd, 0x39,
    0xfa, 0xea, 0x0, 0x4f, 0xfd, 0xd1, 0x4f, 0x70,
    0x5f, 0x4f, 0x90, 0xb, 0xf5, 0x0, 0xb, 0xf5,
    0xff, 0xff, 0xff, 0x22, 0xfe, 0x0, 0x2, 0xf8,
    0x4b, 0xdf, 0xcf, 0xc0, 0x8, 0xfe, 0xe7, 0x9f,
    0x10, 0x9, 0xf4, 0xf3, 0x0, 0x5f, 0xff, 0x8f,
    0xfe, 0x39, 0xdf, 0xbf, 0x20, 0x0, 0x4f, 0x64,
    0xfd, 0xf7, 0xff, 0xff, 0xf0, 0x0, 0x5, 0xf4,
    0x1, 0x4f, 0x30, 0xeb, 0x0, 0x0, 0x0, 0x7f,
    0x30, 0x6, 0xf4, 0x6f, 0xc6, 0x40, 0x0, 0xdf,
    0xff, 0x77, 0x8f, 0x9f, 0xff, 0xfa, 0x0, 0xc,
    0xff, 0xd9, 0xdb, 0xc2, 0x6f, 0x84, 0x20, 0x0,
    0xb, 0xd0, 0x6f, 0xe9, 0x4, 0xf5, 0x0, 0x0,
    0x0, 0xdc, 0x4, 0xff, 0x8f, 0xff, 0xff, 0xe0,
    0x0, 0xf, 0xa0, 0xf, 0xf3, 0xad, 0xfb, 0xa8,
    0x0, 0x0, 0xfd, 0xe1, 0xfd, 0x0, 0x8f, 0x0,
    0x0, 0x0, 0x2f, 0xff, 0xbf, 0xf6, 0xa, 0xe0,
    0x0, 0x0, 0x2b, 0xff, 0x6e, 0xcb, 0xf6, 0x11,
    0x7, 0xe1, 0x8, 0xfd, 0x39, 0xf4, 0x1d, 0xff,
    0xdf, 0xff, 0x50, 0x19, 0x0, 0x3b, 0x0, 0x19,
    0xef, 0xea, 0x40, 0x0, 0x0, 0x0, 0x0, 0x0,
    0x0, 0x0, 0x0, 0x0,

    /* U+955C "镜" */
    0x0, 0x0, 0x0, 0x0, 0x0, 0x0, 0x0, 0x0,
    0x0, 0x0, 0xae, 0x30, 0x0, 0x2, 0xfa, 0x0,
    0x0, 0x0, 0xe, 0xf1, 0x0, 0x0, 0x4f, 0x90,
    0x0, 0x0, 0x4, 0xfc, 0x0, 0x7f, 0xff, 0xff,
    0xff, 0xe0, 0x0, 0xbf, 0xff, 0x95, 0xdf, 0xba,
    0xaf, 0xe8, 0x0, 0x3f, 0xfa, 0xa5, 0x6, 0xf5,
    0x6, 0xf6, 0x0, 0xb, 0xf7, 0x0, 0x38, 0xaf,
    0xc8, 0xef, 0x98, 0x21, 0xfe, 0x10, 0x8, 0xff,
    0xff, 0xff, 0xff, 0xf2, 0x5, 0xff, 0xfe, 0x1,
    0x11, 0x11, 0x11, 0x11, 0x0, 0x3f, 0xff, 0xd0,
    0x68, 0x88, 0x88, 0x84, 0x0, 0x0, 0x5f, 0xa1,
    0xe, 0xff, 0xff, 0xff, 0xf1, 0x0, 0x5, 0xf7,
    0x0, 0xfa, 0x0, 0x0, 0xaf, 0x0, 0x3, 0x8f,
    0x72, 0x1f, 0xff, 0xff, 0xff, 0xe0, 0x1, 0xff,
    0xff, 0xc3, 0xfb, 0x88, 0x88, 0xfd, 0x0, 0x2c,
    0xef, 0xc8, 0x5f, 0x50, 0x0, 0xf, 0xb0, 0x0,
    0xb, 0xf1, 0x7, 0xff, 0xff, 0xff, 0xf9, 0x0,
    0x0, 0xdf, 0x0, 0x47, 0xff, 0x8f, 0xd7, 0x30,
    0x0, 0xf, 0xd0, 0x10, 0x1f, 0xb2, 0xfa, 0x0,
    0x0, 0x0, 0xfd, 0xcb, 0x7, 0xf6, 0x3f, 0x80,
    0x63, 0x0, 0x2f, 0xff, 0x82, 0xff, 0x15, 0xf7,
    0xf, 0xa0, 0x1a, 0xff, 0x54, 0xef, 0x60, 0x4f,
    0x85, 0xf6, 0x5, 0xfc, 0x29, 0xff, 0x70, 0x1,
    0xff, 0xff, 0x10, 0x5, 0x0, 0x6c, 0x30, 0x0,
    0x5, 0xee, 0x50, 0x0, 0x0, 0x0, 0x0, 0x0,
    0x0, 0x0, 0x0, 0x0,

    /* U+957F "长" */
    0x0, 0x0, 0xff, 0x0, 0x0, 0x0, 0x10, 0x0,
    0x0, 0x1f, 0xe0, 0x0, 0x0, 0x4f, 0x70, 0x0,
    0x3, 0xfc, 0x0, 0x0, 0x5f, 0xf6, 0x0, 0x0,
    0x5f, 0xb0, 0x0, 0x7f, 0xf7, 0x0, 0x0, 0x6,
    0xf9, 0x2, 0xcf, 0xf5, 0x0, 0x0, 0x0, 0x8f,
    0x80, 0xbf, 0xd2, 0x0, 0x0, 0x0, 0x9, 0xf6,
    0x3, 0x70, 0x0, 0x0, 0x0, 0x0, 0xbf, 0x40,
    0x0, 0x0, 0x0, 0x0, 0x11, 0x1d, 0xf4, 0x11,
    0x11, 0x11, 0x11, 0xd, 0xff, 0xff, 0xff, 0xff,
    0xff, 0xff, 0xf5, 0xef, 0xff, 0xff, 0xff, 0xff,
    0xff, 0xff, 0x40, 0x2, 0xfe, 0x1, 0xfc, 0x0,
    0x0, 0x0, 0x0, 0x3f, 0xc0, 0xf, 0xe0, 0x0,
    0x0, 0x0, 0x5, 0xfa, 0x0, 0xdf, 0x10, 0x0,
    0x0, 0x0, 0x7f, 0x90, 0xa, 0xf5, 0x0, 0x0,
    0x0, 0x8, 0xf7, 0x0, 0x5f, 0xc0, 0x0, 0x0,
    0x0, 0xaf, 0x50, 0x0, 0xef, 0x40, 0x0, 0x0,
    0xc, 0xf4, 0x0, 0x8, 0xfd, 0x0, 0x0, 0x0,
    0xef, 0x24, 0xa4, 0xe, 0xfa, 0x0, 0x0, 0x3f,
    0xff, 0xff, 0x80, 0x4f, 0xfb, 0x10, 0x6f, 0xff,
    0xfc, 0x61, 0x0, 0x5f, 0xf4, 0x4, 0xa7, 0x40,
    0x0, 0x0, 0x0, 0x28, 0x0,

    /* U+95E8 "门" */
    0x0, 0x0, 0x0, 0x0, 0x0, 0x0, 0x0, 0x0,
    0x0, 0x9, 0xe1, 0x0, 0x11, 0x11, 0x11, 0x0,
    0x0, 0xb, 0xfc, 0x5, 0xff, 0xff, 0xff, 0xf6,
    0x0, 0x1, 0xef, 0x75, 0xdd, 0xdd, 0xde, 0xfb,
    0x0, 0x0, 0x4f, 0x60, 0x0, 0x0, 0x7, 0xfa,
    0x0, 0x47, 0x31, 0x0, 0x0, 0x0, 0x9, 0xf8,
    0x0, 0xaf, 0x60, 0x0, 0x0, 0x0, 0xb, 0xf7,
    0x0, 0xcf, 0x40, 0x0, 0x0, 0x0, 0xd, 0xf5,
    0x0, 0xef, 0x30, 0x0, 0x0, 0x0, 0xe, 0xf3,
    0x0, 0xff, 0x10, 0x0, 0x0, 0x0, 0xf, 0xf1,
    0x1, 0xff, 0x0, 0x0, 0x0, 0x0, 0x2f, 0xf0,
    0x3, 0xfe, 0x0, 0x0, 0x0, 0x0, 0x4f, 0xe0,
    0x4, 0xfc, 0x0, 0x0, 0x0, 0x0, 0x5f, 0xc0,
    0x6, 0xfa, 0x0, 0x0, 0x0, 0x0, 0x7f, 0xa0,
    0x8, 0xf9, 0x0, 0x0, 0x0, 0x0, 0x9f, 0x90,
    0x9, 0xf7, 0x0, 0x0, 0x0, 0x0, 0xbf, 0x70,
    0xb, 0xf5, 0x0, 0x0, 0x0, 0x0, 0xdf, 0x50,
    0xd, 0xf4, 0x0, 0x0, 0x0, 0x0, 0xef, 0x30,
    0xf, 0xf2, 0x0, 0x0, 0x54, 0x1, 0xff, 0x10,
    0xf, 0xf0, 0x0, 0x4, 0xfd, 0x17, 0xfe, 0x0,
    0x2f, 0xe0, 0x0, 0x0, 0xdf, 0xff, 0xf7, 0x0,
    0x4f, 0xd0, 0x0, 0x0, 0x2b, 0xfe, 0x70, 0x0,

    /* U+95ED "闭" */
    0x0, 0xa, 0x10, 0x0, 0x0, 0x0, 0x0, 0x0,
    0x0, 0x8, 0xfc, 0x3, 0xff, 0xff, 0xff, 0xff,
    0xb0, 0x0, 0x1e, 0xf7, 0x4e, 0xee, 0xee, 0xee,
    0xff, 0x10, 0x0, 0x4f, 0xa0, 0x0, 0x0, 0x0,
    0xd, 0xf0, 0x0, 0x0, 0x60, 0x0, 0x0, 0xa9,
    0x0, 0xff, 0x0, 0xb, 0x90, 0x0, 0x0, 0x1f,
    0xc0, 0x1f, 0xd0, 0x2, 0xfc, 0x0, 0x0, 0x2,
    0xfa, 0x2, 0xfc, 0x0, 0x4f, 0xa3, 0xdd, 0xdd,
    0xdf, 0xed, 0x5f, 0xa0, 0x6, 0xf8, 0x6f, 0xff,
    0xff, 0xff, 0xf6, 0xf8, 0x0, 0x7f, 0x70, 0x11,
    0x3f, 0xff, 0x61, 0x7f, 0x70, 0x9, 0xf5, 0x0,
    0xb, 0xfc, 0xf4, 0x9, 0xf5, 0x0, 0xbf, 0x30,
    0x5, 0xfa, 0xbf, 0x20, 0xaf, 0x30, 0xc, 0xf2,
    0x1, 0xef, 0x1c, 0xf0, 0xc, 0xf2, 0x0, 0xef,
    0x0, 0xcf, 0x70, 0xef, 0x0, 0xef, 0x0, 0xf,
    0xe0, 0xaf, 0xb0, 0xf, 0xd0, 0xf, 0xe0, 0x2,
    0xfc, 0x7f, 0xe1, 0x1, 0xfc, 0x1, 0xfd, 0x0,
    0x3f, 0xb4, 0xf7, 0x80, 0x3f, 0x90, 0x2f, 0xb0,
    0x5, 0xf9, 0x1, 0x9f, 0x69, 0xf6, 0x4, 0xf9,
    0x0, 0x7f, 0x70, 0x2, 0xff, 0xfd, 0x0, 0x6f,
    0x80, 0x8, 0xf6, 0x0, 0x2, 0x87, 0x58, 0x9,
    0xf5, 0x0, 0xaf, 0x40, 0x0, 0x0, 0x9, 0xfe,
    0xff, 0x0, 0xc, 0xf2, 0x0, 0x0, 0x0, 0x1b,
    0xfd, 0x40, 0x0,

    /* U+95EE "问" */
    0x0, 0x0, 0x0, 0x0, 0x0, 0x0, 0x0, 0x0,
    0x0, 0x1b, 0xc0, 0x0, 0x0, 0x0, 0x0, 0x0,
    0x0, 0xd, 0xfa, 0x5, 0xff, 0xff, 0xff, 0xf5,
    0x0, 0x1, 0xff, 0x46, 0xee, 0xee, 0xee, 0xfb,
    0x0, 0x0, 0x68, 0x0, 0x0, 0x0, 0x5, 0xf9,
    0x0, 0x47, 0x20, 0x0, 0x0, 0x0, 0x7, 0xf8,
    0x0, 0x9f, 0x40, 0x0, 0x0, 0x0, 0x9, 0xf6,
    0x0, 0xbf, 0x20, 0xff, 0xff, 0xe3, 0xa, 0xf4,
    0x0, 0xdf, 0x12, 0xfe, 0xcd, 0xf7, 0xc, 0xf2,
    0x0, 0xef, 0x3, 0xf9, 0x7, 0xf6, 0xe, 0xf1,
    0x0, 0xfd, 0x5, 0xf7, 0x8, 0xf4, 0xf, 0xf0,
    0x2, 0xfc, 0x7, 0xf5, 0xa, 0xf2, 0x1f, 0xd0,
    0x3, 0xfa, 0x8, 0xf4, 0xb, 0xf1, 0x3f, 0xb0,
    0x5, 0xf8, 0xa, 0xf2, 0xd, 0xf0, 0x5f, 0xa0,
    0x7, 0xf7, 0xc, 0xf3, 0x2f, 0xd0, 0x6f, 0x80,
    0x8, 0xf5, 0xd, 0xff, 0xff, 0xc0, 0x8f, 0x60,
    0xa, 0xf3, 0xa, 0xaa, 0xaa, 0x70, 0xaf, 0x40,
    0xc, 0xf2, 0x0, 0x0, 0x0, 0x0, 0xcf, 0x30,
    0xd, 0xf0, 0x0, 0x0, 0x13, 0x0, 0xef, 0x0,
    0xf, 0xe0, 0x0, 0x2, 0xfe, 0x15, 0xfd, 0x0,
    0x1f, 0xc0, 0x0, 0x0, 0xcf, 0xff, 0xf6, 0x0,
    0x2f, 0xb0, 0x0, 0x0, 0x1b, 0xfe, 0x70, 0x0,

    /* U+95F4 "间" */
    0x0, 0x0, 0x0, 0x0, 0x0, 0x0, 0x0, 0x0,
    0x0, 0x1b, 0xc0, 0x0, 0x0, 0x0, 0x0, 0x0,
    0x0, 0xd, 0xfa, 0x3, 0xff, 0xff, 0xff, 0xf7,
    0x0, 0x1, 0xff, 0x44, 0xee, 0xee, 0xee, 0xfc,
    0x0, 0x0, 0x68, 0x0, 0x0, 0x0, 0x4, 0xfb,
    0x0, 0x47, 0x20, 0x0, 0x0, 0x0, 0x5, 0xf9,
    0x0, 0x9f, 0x41, 0xff, 0xff, 0xf8, 0x7, 0xf8,
    0x0, 0xbf, 0x23, 0xfe, 0xdd, 0xfd, 0x9, 0xf6,
    0x0, 0xdf, 0x15, 0xf7, 0x0, 0xfc, 0xa, 0xf4,
    0x0, 0xef, 0x6, 0xf5, 0x2, 0xfa, 0xc, 0xf2,
    0x0, 0xfd, 0x8, 0xfb, 0xab, 0xf9, 0xe, 0xf1,
    0x2, 0xfc, 0xa, 0xff, 0xff, 0xf7, 0xf, 0xf0,
    0x3, 0xfa, 0xb, 0xf1, 0x7, 0xf5, 0x1f, 0xd0,
    0x5, 0xf8, 0xd, 0xf0, 0x9, 0xf3, 0x3f, 0xb0,
    0x7, 0xf7, 0xf, 0xd0, 0xb, 0xf2, 0x5f, 0xa0,
    0x8, 0xf5, 0x1f, 0xfc, 0xcf, 0xf0, 0x6f, 0x80,
    0xa, 0xf3, 0x2f, 0xff, 0xff, 0xe0, 0x8f, 0x60,
    0xc, 0xf2, 0x1, 0x11, 0x11, 0x10, 0xaf, 0x40,
    0xd, 0xf0, 0x0, 0x0, 0x24, 0x0, 0xdf, 0x20,
    0xf, 0xe0, 0x0, 0x0, 0xff, 0x24, 0xff, 0x0,
    0x1f, 0xc0, 0x0, 0x0, 0x9f, 0xff, 0xf8, 0x0,
    0x2f, 0xb0, 0x0, 0x0, 0x9, 0xee, 0x80, 0x0,

    /* U+9608 "阈" */
    0x0, 0x1, 0x60, 0x0, 0x0, 0x0, 0x0, 0x0,
    0x0, 0x0, 0xa, 0xf4, 0xb, 0xff, 0xff, 0xff,
    0xff, 0xb0, 0x0, 0x2, 0xfe, 0x1a, 0xcc, 0xcc,
    0xcc, 0xcf, 0xf1, 0x0, 0x0, 0x7c, 0x10, 0x0,
    0x10, 0x2, 0xd, 0xf0, 0x0, 0x15, 0x30, 0x0,
    0x1, 0xf8, 0xdc, 0xf, 0xe0, 0x0, 0x5f, 0x60,
    0x0, 0x3, 0xf7, 0x8d, 0x2f, 0xc0, 0x0, 0x7f,
    0x9f, 0xff, 0xff, 0xff, 0xff, 0xbf, 0xb0, 0x0,
    0x9f, 0x69, 0x99, 0x9b, 0xfa, 0x99, 0x8f, 0x90,
    0x0, 0xbf, 0x27, 0x77, 0x56, 0xf2, 0x55, 0x5f,
    0x70, 0x0, 0xcf, 0x3f, 0xff, 0xf7, 0xf2, 0xe9,
    0x7f, 0x50, 0x0, 0xee, 0x5f, 0x17, 0xf8, 0xf3,
    0xf5, 0x8f, 0x40, 0x0, 0xfc, 0x7f, 0x9, 0xd8,
    0xf8, 0xf1, 0xaf, 0x20, 0x1, 0xfa, 0x8f, 0x8d,
    0xb8, 0xfd, 0xc0, 0xcf, 0x0, 0x3, 0xf8, 0x9f,
    0xff, 0x97, 0xff, 0x50, 0xdf, 0x0, 0x5, 0xf7,
    0x0, 0x1, 0x47, 0xfe, 0x10, 0xfd, 0x0, 0x6,
    0xf5, 0x15, 0xaf, 0xe8, 0xf6, 0xd9, 0xfb, 0x0,
    0x8, 0xf8, 0xff, 0xfa, 0x7f, 0xf6, 0xf9, 0xfa,
    0x0, 0xa, 0xf3, 0xa5, 0x12, 0xee, 0xff, 0xf6,
    0xf8, 0x0, 0xb, 0xf0, 0x0, 0x4f, 0xe2, 0x8f,
    0xb5, 0xf6, 0x0, 0xd, 0xe0, 0x0, 0x8d, 0x20,
    0x27, 0x9, 0xf4, 0x0, 0xf, 0xd0, 0x0, 0x1,
    0x0, 0x5f, 0xef, 0xe0, 0x0, 0xe, 0xa0, 0x0,
    0x0, 0x0, 0x8, 0xee, 0x40, 0x0,

    /* U+9634 "阴" */
    0x0, 0xbf, 0xff, 0xfb, 0x1f, 0xff, 0xff, 0xf7,
    0x0, 0xdf, 0xdd, 0xff, 0x4f, 0xfe, 0xee, 0xfe,
    0x0, 0xef, 0x3, 0xfc, 0x5f, 0x90, 0x1, 0xfd,
    0x0, 0xfe, 0x8, 0xf6, 0x7f, 0x70, 0x3, 0xfb,
    0x1, 0xfc, 0xd, 0xf1, 0x9f, 0x50, 0x4, 0xfa,
    0x3, 0xfb, 0x2f, 0xb0, 0xbf, 0x51, 0x16, 0xf8,
    0x5, 0xf9, 0x7f, 0x50, 0xcf, 0xff, 0xff, 0xf6,
    0x6, 0xf7, 0xdf, 0x0, 0xef, 0xbb, 0xbe, 0xf4,
    0x8, 0xf7, 0xfc, 0x0, 0xfe, 0x0, 0xb, 0xf3,
    0xa, 0xf4, 0xbf, 0x23, 0xfc, 0x0, 0xc, 0xf1,
    0xb, 0xf2, 0x5f, 0x65, 0xf9, 0x0, 0xe, 0xf0,
    0xd, 0xf1, 0x3f, 0x88, 0xff, 0xff, 0xff, 0xe0,
    0xf, 0xf0, 0x3f, 0x8b, 0xfe, 0xee, 0xef, 0xc0,
    0xf, 0xd0, 0x8f, 0x5e, 0xf1, 0x0, 0x3f, 0xa0,
    0x2f, 0xd7, 0xfe, 0x3f, 0xd0, 0x0, 0x5f, 0x90,
    0x4f, 0xff, 0xf4, 0x8f, 0x90, 0x0, 0x7f, 0x70,
    0x5f, 0xc7, 0x10, 0xdf, 0x40, 0x0, 0x8f, 0x50,
    0x7f, 0x70, 0x4, 0xfe, 0xb, 0xa0, 0xaf, 0x30,
    0x8f, 0x50, 0xb, 0xf8, 0xe, 0xf2, 0xef, 0x10,
    0xaf, 0x40, 0x3f, 0xf1, 0x8, 0xff, 0xfb, 0x0,
    0xcf, 0x20, 0x6, 0x80, 0x0, 0xaf, 0xc1, 0x0,

    /* U+9636 "阶" */
    0x0, 0x0, 0x0, 0x0, 0x0, 0x5, 0x10, 0x0,
    0x0, 0xb, 0xff, 0xff, 0x60, 0x1, 0xfe, 0x0,
    0x0, 0x0, 0xdf, 0xde, 0xfa, 0x0, 0x8f, 0xb0,
    0x0, 0x0, 0xe, 0xd0, 0x7f, 0x60, 0xe, 0xff,
    0x10, 0x0, 0x0, 0xfc, 0xb, 0xf1, 0x8, 0xfd,
    0xf7, 0x0, 0x0, 0x1f, 0xa1, 0xfb, 0x2, 0xff,
    0x1e, 0xe1, 0x0, 0x3, 0xf8, 0x5f, 0x60, 0xdf,
    0x70, 0x8f, 0x90, 0x0, 0x5f, 0x7a, 0xf1, 0xaf,
    0xb0, 0x0, 0xef, 0x40, 0x6, 0xf5, 0xeb, 0xaf,
    0xf8, 0x20, 0x4b, 0xff, 0x30, 0x8f, 0x6f, 0x8a,
    0xdb, 0xf3, 0xc, 0xf9, 0xf3, 0xa, 0xf2, 0xdd,
    0x1, 0xaf, 0x20, 0xef, 0x2, 0x0, 0xbf, 0x9,
    0xf1, 0xc, 0xf0, 0xf, 0xd0, 0x0, 0xd, 0xe0,
    0x7f, 0x30, 0xee, 0x1, 0xfb, 0x0, 0x0, 0xfd,
    0x7, 0xf2, 0x1f, 0xc0, 0x3f, 0xa0, 0x0, 0xf,
    0xb0, 0xcf, 0x4, 0xf8, 0x4, 0xf8, 0x0, 0x2,
    0xfb, 0x9f, 0x90, 0x8f, 0x50, 0x6f, 0x60, 0x0,
    0x4f, 0xff, 0xd1, 0xe, 0xf0, 0x8, 0xf5, 0x0,
    0x5, 0xfb, 0x60, 0x6, 0xf9, 0x0, 0x9f, 0x30,
    0x0, 0x7f, 0x50, 0x1, 0xff, 0x20, 0xb, 0xf1,
    0x0, 0x9, 0xf3, 0x0, 0xcf, 0x90, 0x0, 0xdf,
    0x0, 0x0, 0xaf, 0x10, 0xaf, 0xd0, 0x0, 0xf,
    0xe0, 0x0, 0xa, 0xe0, 0x5, 0xe2, 0x0, 0x0,
    0xfc, 0x0, 0x0, 0x0, 0x0, 0x1, 0x0, 0x0,
    0x0, 0x0, 0x0, 0x0,

    /* U+9640 "陀" */
    0x0, 0x0, 0x0, 0x0, 0x0, 0xd, 0xf1, 0x0,
    0x0, 0xb, 0xff, 0xfd, 0x20, 0x0, 0xff, 0x0,
    0x0, 0x0, 0xdf, 0xdf, 0xf5, 0x0, 0xf, 0xe0,
    0x0, 0x0, 0xe, 0xe0, 0xcf, 0x5e, 0xee, 0xff,
    0xed, 0x60, 0x0, 0xfd, 0xf, 0xd5, 0xff, 0xff,
    0xff, 0xff, 0x0, 0x1f, 0xb4, 0xf9, 0x7f, 0x70,
    0x0, 0xf, 0xf0, 0x3, 0xfa, 0x8f, 0x48, 0xf5,
    0x0, 0x1, 0xfd, 0x0, 0x5f, 0x8c, 0xf0, 0x58,
    0x20, 0x0, 0x18, 0x60, 0x6, 0xf7, 0xfb, 0x0,
    0x55, 0x0, 0x0, 0x0, 0x0, 0x8f, 0x9f, 0x80,
    0xf, 0xe0, 0x0, 0x31, 0x0, 0xa, 0xf3, 0xed,
    0x1, 0xfc, 0x0, 0x3f, 0xe0, 0x0, 0xbf, 0x1a,
    0xf1, 0x3f, 0xb0, 0x5f, 0xf6, 0x0, 0xd, 0xf0,
    0x8f, 0x34, 0xfa, 0xaf, 0xf6, 0x0, 0x0, 0xfe,
    0x8, 0xf2, 0x6f, 0xff, 0xe4, 0x0, 0x0, 0xf,
    0xc0, 0xcf, 0x8, 0xff, 0xa1, 0x0, 0x0, 0x2,
    0xfc, 0x9f, 0xa0, 0x9f, 0x50, 0x0, 0x0, 0x0,
    0x4f, 0xff, 0xd1, 0xb, 0xf2, 0x0, 0xc, 0xd1,
    0x5, 0xfc, 0x60, 0x0, 0xcf, 0x10, 0x0, 0xff,
    0x0, 0x7f, 0x60, 0x0, 0xc, 0xf2, 0x0, 0x4f,
    0xb0, 0x8, 0xf4, 0x0, 0x0, 0xaf, 0x80, 0x2e,
    0xf4, 0x0, 0xaf, 0x30, 0x0, 0x5, 0xff, 0xff,
    0xfa, 0x0, 0xc, 0xf1, 0x0, 0x0, 0x7, 0xef,
    0xe8, 0x0, 0x0, 0x0, 0x0, 0x0, 0x0, 0x0,
    0x0, 0x0, 0x0, 0x0,

    /* U+9644 "附" */
    0x0, 0x0, 0x0, 0x0, 0x1, 0x0, 0x0, 0x0,
    0x0, 0x0, 0x0, 0x0, 0xe, 0xa0, 0x6, 0xf6,
    0x0, 0xbf, 0xff, 0xd0, 0x3f, 0x90, 0x7, 0xf4,
    0x0, 0xdf, 0xdf, 0xf2, 0x8f, 0x40, 0x9, 0xf3,
    0x0, 0xed, 0xe, 0xe0, 0xee, 0x0, 0xa, 0xf1,
    0x0, 0xfb, 0x3f, 0x94, 0xf9, 0x0, 0xc, 0xf0,
    0x1, 0xfa, 0x7f, 0x4b, 0xf7, 0xbb, 0xbf, 0xf9,
    0x3, 0xf8, 0xce, 0x2f, 0xf8, 0xff, 0xff, 0xfb,
    0x5, 0xf8, 0xfa, 0xaf, 0xf4, 0x11, 0x2f, 0xc1,
    0x6, 0xfa, 0xf7, 0xff, 0xf2, 0x0, 0x2f, 0xa0,
    0x8, 0xfb, 0xf8, 0xfd, 0xf4, 0xc3, 0x4f, 0x80,
    0xa, 0xf4, 0xf8, 0x1a, 0xf4, 0xf5, 0x6f, 0x60,
    0xb, 0xf0, 0xfa, 0xc, 0xe2, 0xf6, 0x7f, 0x50,
    0xd, 0xe0, 0xeb, 0xe, 0xc1, 0xf7, 0x9f, 0x30,
    0xf, 0xd0, 0xea, 0xf, 0xb0, 0xf7, 0xaf, 0x20,
    0xf, 0xb3, 0xf8, 0x1f, 0x90, 0xf8, 0xcf, 0x0,
    0x2f, 0xcd, 0xf2, 0x3f, 0x80, 0x73, 0xee, 0x0,
    0x4f, 0xff, 0x80, 0x5f, 0x60, 0x0, 0xfd, 0x0,
    0x5f, 0xb4, 0x0, 0x6f, 0x40, 0x1, 0xfb, 0x0,
    0x7f, 0x40, 0x0, 0x8f, 0x32, 0x12, 0xf9, 0x0,
    0x8f, 0x30, 0x0, 0xaf, 0x7f, 0x76, 0xf7, 0x0,
    0xaf, 0x10, 0x0, 0xcf, 0x2f, 0xff, 0xf2, 0x0,
    0xcf, 0x0, 0x0, 0xde, 0x7, 0xff, 0x80, 0x0,
    0x0, 0x0, 0x0, 0x0, 0x0, 0x0, 0x0, 0x0,

    /* U+964D "降" */
    0x0, 0x0, 0x0, 0x0, 0x0, 0x46, 0x0, 0x0,
    0x0, 0xb, 0xff, 0xfe, 0x20, 0xe, 0xf2, 0x0,
    0x0, 0x0, 0xdf, 0xdf, 0xf5, 0x8, 0xff, 0xaa,
    0x92, 0x0, 0xe, 0xe0, 0xcf, 0x14, 0xff, 0xff,
    0xff, 0x80, 0x0, 0xfc, 0x1f, 0xc3, 0xff, 0x70,
    0xb, 0xf4, 0x0, 0x1f, 0xb5, 0xf7, 0xff, 0xfe,
    0x7, 0xfa, 0x0, 0x3, 0xf9, 0x9f, 0x16, 0x55,
    0xfd, 0xfd, 0x10, 0x0, 0x5f, 0x7e, 0xc0, 0x0,
    0x2e, 0xff, 0x40, 0x0, 0x6, 0xf9, 0xf7, 0x3,
    0x9f, 0xfe, 0xff, 0x60, 0x0, 0x8f, 0xaf, 0x6a,
    0xff, 0xe5, 0x6, 0xff, 0xe2, 0xa, 0xf5, 0xfa,
    0x5a, 0x50, 0x6c, 0x21, 0x8c, 0x0, 0xbf, 0x1e,
    0xd0, 0x0, 0xa, 0xf2, 0x0, 0x0, 0xd, 0xf0,
    0xbe, 0x2f, 0xff, 0xff, 0xff, 0xf1, 0x0, 0xfe,
    0xb, 0xe2, 0xbb, 0xbf, 0xfb, 0xba, 0x0, 0xf,
    0xc0, 0xeb, 0x18, 0x50, 0xfd, 0x0, 0x0, 0x2,
    0xfa, 0x7f, 0x56, 0xf5, 0xf, 0xb0, 0x0, 0x0,
    0x4f, 0xff, 0xa0, 0xaf, 0x34, 0xfb, 0x22, 0x20,
    0x5, 0xfb, 0x50, 0xf, 0xff, 0xff, 0xff, 0xfd,
    0x0, 0x7f, 0x50, 0x2, 0xaa, 0xac, 0xfc, 0xaa,
    0x80, 0x8, 0xf4, 0x0, 0x0, 0x0, 0x7f, 0x50,
    0x0, 0x0, 0xaf, 0x20, 0x0, 0x0, 0x8, 0xf3,
    0x0, 0x0, 0xc, 0xf1, 0x0, 0x0, 0x0, 0xaf,
    0x20, 0x0, 0x0,

    /* U+9650 "限" */
    0x0, 0xe, 0xff, 0xfe, 0x3b, 0xdd, 0xdd, 0xdb,
    0x30, 0x0, 0xff, 0xdf, 0xf7, 0xff, 0xff, 0xff,
    0xfb, 0x0, 0x2f, 0xb0, 0xbf, 0x4f, 0xb0, 0x0,
    0x2f, 0xa0, 0x3, 0xf9, 0x1f, 0xd2, 0xf9, 0x0,
    0x3, 0xf9, 0x0, 0x5f, 0x85, 0xf8, 0x4f, 0xda,
    0xaa, 0xbf, 0x70, 0x7, 0xf6, 0xaf, 0x26, 0xff,
    0xff, 0xff, 0xf6, 0x0, 0x8f, 0x5e, 0xd0, 0x7f,
    0x62, 0x22, 0x9f, 0x40, 0xa, 0xf7, 0xf8, 0x9,
    0xf3, 0x0, 0x9, 0xf2, 0x0, 0xcf, 0x9f, 0x40,
    0xbf, 0x20, 0x0, 0xbf, 0x10, 0xd, 0xf2, 0xfa,
    0xc, 0xff, 0xff, 0xff, 0xf0, 0x0, 0xfe, 0xd,
    0xd0, 0xef, 0xdf, 0xec, 0xcb, 0x0, 0xf, 0xc0,
    0xbf, 0xf, 0xd3, 0xf9, 0x0, 0x10, 0x2, 0xfb,
    0xb, 0xf1, 0xfb, 0x1f, 0xb0, 0x9c, 0x10, 0x4f,
    0x90, 0xfc, 0x3f, 0x90, 0xfe, 0xbf, 0xa0, 0x5,
    0xfa, 0xbf, 0x65, 0xf8, 0xc, 0xff, 0x80, 0x0,
    0x7f, 0xff, 0xa0, 0x6f, 0x60, 0x7f, 0xb0, 0x0,
    0x9, 0xfa, 0x50, 0x8, 0xf4, 0x11, 0xff, 0x30,
    0x0, 0xaf, 0x20, 0x0, 0xaf, 0xaf, 0x29, 0xfd,
    0x0, 0xc, 0xf1, 0x0, 0x3d, 0xff, 0xf5, 0x1e,
    0xfb, 0x0, 0xef, 0x0, 0x1f, 0xff, 0x81, 0x0,
    0x4f, 0xf4, 0xf, 0xe0, 0x0, 0x85, 0x0, 0x0,
    0x0, 0x4a, 0x0, 0x0, 0x0, 0x0, 0x0, 0x0,
    0x0, 0x0, 0x0,

    /* U+9664 "除" */
    0x0, 0x0, 0x0, 0x0, 0x0, 0x8, 0x30, 0x0,
    0x0, 0xb, 0xff, 0xfe, 0x30, 0x4, 0xfa, 0x0,
    0x0, 0x0, 0xdf, 0xde, 0xf7, 0x0, 0xcf, 0xa0,
    0x0, 0x0, 0xe, 0xe0, 0xaf, 0x20, 0x5f, 0xff,
    0x10, 0x0, 0x0, 0xfc, 0xf, 0xd0, 0x1e, 0xf6,
    0xfa, 0x0, 0x0, 0x1f, 0xb4, 0xf8, 0xb, 0xf8,
    0xd, 0xf4, 0x0, 0x3, 0xf9, 0x9f, 0x39, 0xfb,
    0x0, 0x3f, 0xe1, 0x0, 0x5f, 0x7d, 0xe9, 0xff,
    0xcb, 0xbb, 0xff, 0xc0, 0x6, 0xf8, 0xf8, 0x3b,
    0xaf, 0xff, 0xfa, 0x97, 0x0, 0x8f, 0x9f, 0x60,
    0x0, 0xd, 0xe0, 0x0, 0x0, 0xa, 0xf3, 0xfb,
    0x0, 0x0, 0xfc, 0x0, 0x0, 0x0, 0xbf, 0x1c,
    0xf4, 0xcc, 0xcf, 0xfc, 0xcc, 0x0, 0xd, 0xf0,
    0xaf, 0x7f, 0xff, 0xff, 0xff, 0xd0, 0x0, 0xfe,
    0xb, 0xf0, 0x0, 0x4f, 0x80, 0x0, 0x0, 0xf,
    0xc0, 0xfc, 0x19, 0x25, 0xf6, 0x34, 0x0, 0x2,
    0xfc, 0xbf, 0x66, 0xf4, 0x7f, 0x5d, 0xc0, 0x0,
    0x4f, 0xff, 0xb0, 0xce, 0x8, 0xf3, 0xaf, 0x0,
    0x5, 0xfc, 0x50, 0x3f, 0x90, 0x9f, 0x27, 0xf2,
    0x0, 0x7f, 0x50, 0xa, 0xf3, 0xb, 0xf0, 0x4f,
    0x60, 0x9, 0xf4, 0x2, 0xfb, 0x33, 0xde, 0x0,
    0xfb, 0x0, 0xaf, 0x20, 0x5, 0x3f, 0xff, 0xb0,
    0xb, 0x90, 0xb, 0xe1, 0x0, 0x0, 0x6e, 0xd2,
    0x0, 0x0, 0x0,

    /* U+9677 "陷" */
    0x0, 0x0, 0x0, 0x0, 0x0, 0x75, 0x0, 0x0,
    0x0, 0xbf, 0xff, 0xe2, 0x1, 0xfd, 0x0, 0x0,
    0x0, 0xdf, 0xde, 0xf5, 0x7, 0xf8, 0x0, 0x0,
    0x0, 0xed, 0xb, 0xf1, 0xe, 0xfe, 0xdd, 0xc3,
    0x0, 0xfb, 0xf, 0xc0, 0x6f, 0xff, 0xff, 0xf7,
    0x1, 0xf9, 0x4f, 0x60, 0xef, 0x30, 0xd, 0xf3,
    0x3, 0xf8, 0x8f, 0x19, 0xf9, 0x0, 0x6f, 0xb0,
    0x5, 0xf6, 0xdc, 0x4f, 0xe1, 0x1, 0xff, 0x30,
    0x6, 0xf7, 0xf7, 0xb, 0x40, 0x7, 0xf7, 0x0,
    0x8, 0xf7, 0xf6, 0x0, 0x4, 0x30, 0x40, 0x0,
    0xa, 0xf2, 0xfa, 0xa, 0xef, 0xb5, 0xcc, 0x80,
    0xb, 0xf0, 0xcd, 0x1f, 0xe7, 0x28, 0xff, 0xf2,
    0xd, 0xe0, 0xbe, 0x3f, 0x90, 0x0, 0xb, 0xf2,
    0xf, 0xc0, 0xbe, 0x5f, 0x80, 0x0, 0xc, 0xf1,
    0xf, 0xb0, 0xeb, 0x6f, 0x70, 0x0, 0xe, 0xf0,
    0x2f, 0xa8, 0xf5, 0x8f, 0xff, 0x2f, 0xff, 0xd0,
    0x4f, 0xff, 0xa0, 0x9f, 0xa8, 0x18, 0x9f, 0xc0,
    0x5f, 0xb5, 0x0, 0xbf, 0x20, 0x0, 0x3f, 0xa0,
    0x7f, 0x40, 0x0, 0xcf, 0x0, 0x0, 0x4f, 0x80,
    0x8f, 0x20, 0x0, 0xef, 0x0, 0x0, 0x6f, 0x70,
    0xaf, 0x10, 0x0, 0xff, 0xbb, 0xbb, 0xdf, 0x50,
    0xcf, 0x0, 0x1, 0xff, 0xff, 0xff, 0xff, 0x40,

    /* U+968F "随" */
    0x0, 0x0, 0x0, 0x0, 0x0, 0x0, 0x69, 0x0,
    0x0, 0xb, 0xff, 0xf7, 0x78, 0x0, 0xc, 0xd0,
    0x0, 0x0, 0xcf, 0xbf, 0xbc, 0xd0, 0x1, 0xf9,
    0x0, 0x0, 0xe, 0xc0, 0xf8, 0x8f, 0x4f, 0xff,
    0xff, 0xf4, 0x0, 0xfa, 0x4f, 0x45, 0xf6, 0x9f,
    0xe9, 0x99, 0x20, 0x1f, 0x99, 0xf0, 0x2a, 0x25,
    0xf5, 0x0, 0x0, 0x3, 0xf7, 0xdb, 0x0, 0x0,
    0xdf, 0xff, 0xe3, 0x0, 0x5f, 0x7f, 0x7e, 0xd4,
    0xbf, 0xea, 0xaf, 0x70, 0x6, 0xf9, 0xf4, 0xff,
    0xff, 0xf9, 0x2, 0xf6, 0x0, 0x8f, 0xaf, 0x10,
    0xff, 0x9f, 0xc8, 0xaf, 0x40, 0xa, 0xf4, 0xf6,
    0x1f, 0xa1, 0xff, 0xff, 0xf2, 0x0, 0xbe, 0xf,
    0x92, 0xf6, 0x3f, 0x30, 0x7f, 0x0, 0xd, 0xd0,
    0xca, 0x4f, 0x45, 0xf8, 0x7c, 0xf0, 0x0, 0xfb,
    0xd, 0xa6, 0xf3, 0x7f, 0xff, 0xfd, 0x0, 0xf,
    0x91, 0xf7, 0x7f, 0x19, 0xe0, 0xd, 0xb0, 0x2,
    0xf9, 0xbf, 0x29, 0xf0, 0xbc, 0x0, 0xf9, 0x0,
    0x4f, 0xff, 0x70, 0xbd, 0xc, 0xbb, 0x7f, 0x70,
    0x5, 0xf9, 0x30, 0xc, 0xc0, 0xe9, 0xdf, 0xf2,
    0x0, 0x7f, 0x20, 0x7, 0xff, 0x25, 0x21, 0x73,
    0x0, 0x9, 0xf1, 0x9, 0xfe, 0xfe, 0x40, 0x0,
    0x68, 0x0, 0xaf, 0x5, 0xfc, 0x18, 0xff, 0xed,
    0xff, 0xf0, 0xc, 0xe0, 0x8, 0x0, 0x4, 0xbf,
    0xfd, 0x92, 0x0,

    /* U+9694 "隔" */
    0x0, 0xaf, 0xff, 0xc5, 0xff, 0xff, 0xff, 0xff,
    0x30, 0xc, 0xfe, 0xff, 0x6b, 0xbb, 0xbb, 0xbb,
    0xb1, 0x0, 0xec, 0xd, 0xe0, 0x0, 0x0, 0x0,
    0x0, 0x0, 0xf, 0xb2, 0xf9, 0xf, 0xff, 0xff,
    0xfc, 0x0, 0x1, 0xf9, 0x6f, 0x41, 0xfc, 0x77,
    0x7e, 0xf0, 0x0, 0x3f, 0x7b, 0xf0, 0x3f, 0x70,
    0x0, 0xdd, 0x0, 0x5, 0xf6, 0xfa, 0x5, 0xfb,
    0x99, 0x9f, 0xc0, 0x0, 0x6f, 0x8f, 0x50, 0x6f,
    0xff, 0xff, 0xfa, 0x0, 0x8, 0xf8, 0xf3, 0x0,
    0x0, 0x0, 0x0, 0x0, 0x0, 0xaf, 0x2f, 0x74,
    0xcc, 0xcc, 0xcc, 0xc9, 0x0, 0xb, 0xf0, 0xea,
    0x7f, 0xff, 0xff, 0xff, 0xf3, 0x0, 0xdd, 0xd,
    0xb9, 0xf3, 0x70, 0x42, 0x8f, 0x30, 0xf, 0xc0,
    0xea, 0xbf, 0x2f, 0x2e, 0x59, 0xf1, 0x0, 0xfa,
    0x2f, 0x8c, 0xe9, 0xfe, 0xfb, 0xbf, 0x0, 0x2f,
    0xbc, 0xf2, 0xec, 0x8c, 0xfb, 0x8d, 0xd0, 0x3,
    0xff, 0xf8, 0xf, 0xa0, 0x7f, 0x20, 0xec, 0x0,
    0x5f, 0xb5, 0x1, 0xf9, 0x9, 0xf0, 0xf, 0xa0,
    0x7, 0xf4, 0x0, 0x3f, 0x70, 0xae, 0x2, 0xf8,
    0x0, 0x8f, 0x20, 0x5, 0xf5, 0x0, 0x50, 0x4f,
    0x60, 0xa, 0xf1, 0x0, 0x7f, 0x40, 0x3f, 0xbb,
    0xf2, 0x0, 0xcf, 0x0, 0x8, 0xf2, 0x0, 0x8f,
    0xf9, 0x0, 0x0, 0x0, 0x0, 0x0, 0x0, 0x0,
    0x0, 0x0, 0x0,

    /* U+969C "障" */
    0x0, 0x0, 0x0, 0x0, 0x0, 0xb, 0xf1, 0x0,
    0x0, 0xb, 0xff, 0xfd, 0x0, 0x0, 0xcf, 0x0,
    0x0, 0x0, 0xdf, 0xdf, 0xf5, 0xcc, 0xcf, 0xfc,
    0xcc, 0x0, 0xe, 0xb0, 0xde, 0x5f, 0xff, 0xff,
    0xff, 0xe0, 0x0, 0xfa, 0x1f, 0x90, 0x3f, 0x70,
    0x2f, 0x90, 0x0, 0x1f, 0x86, 0xf6, 0x99, 0xfd,
    0x9c, 0xfa, 0x92, 0x3, 0xf7, 0xae, 0x5f, 0xff,
    0xff, 0xff, 0xff, 0x20, 0x5f, 0x5e, 0xa0, 0x11,
    0x11, 0x11, 0x11, 0x10, 0x6, 0xf7, 0xf5, 0x5,
    0x99, 0x99, 0x99, 0x30, 0x0, 0x8f, 0x8f, 0x30,
    0xaf, 0xff, 0xff, 0xfc, 0x0, 0xa, 0xf2, 0xf8,
    0xc, 0xe0, 0x0, 0xf, 0xb0, 0x0, 0xbe, 0xe,
    0xa0, 0xde, 0x88, 0x88, 0xfa, 0x0, 0xd, 0xd0,
    0xdb, 0xf, 0xff, 0xff, 0xff, 0x80, 0x0, 0xfb,
    0xd, 0xa1, 0xfa, 0x0, 0x4, 0xf6, 0x0, 0xf,
    0x91, 0xf8, 0x2f, 0xff, 0xff, 0xff, 0x50, 0x2,
    0xf8, 0xaf, 0x22, 0x99, 0xbf, 0xb9, 0x92, 0x0,
    0x4f, 0xff, 0x80, 0x0, 0x7, 0xf4, 0x0, 0x0,
    0x5, 0xfa, 0x40, 0xef, 0xff, 0xff, 0xff, 0xff,
    0x40, 0x7f, 0x30, 0xc, 0xcc, 0xcf, 0xfc, 0xcc,
    0xc2, 0x8, 0xf1, 0x0, 0x0, 0x0, 0xcf, 0x0,
    0x0, 0x0, 0xaf, 0x0, 0x0, 0x0, 0xe, 0xd0,
    0x0, 0x0, 0xc, 0xe0, 0x0, 0x0, 0x0, 0xfc,
    0x0, 0x0, 0x0,

    /* U+96C6 "集" */
    0x0, 0x0, 0x5, 0x30, 0x1, 0x62, 0x0, 0x0,
    0x0, 0x0, 0x0, 0xef, 0x20, 0x4f, 0x90, 0x0,
    0x0, 0x0, 0x0, 0x8f, 0xe9, 0x99, 0xfe, 0x99,
    0x99, 0x20, 0x0, 0x1f, 0xff, 0xff, 0xff, 0xff,
    0xff, 0xf3, 0x0, 0xa, 0xff, 0x20, 0x3, 0xfb,
    0x0, 0x0, 0x0, 0x5, 0xff, 0xf7, 0x77, 0x9f,
    0xc7, 0x77, 0x40, 0x2, 0xff, 0xff, 0xff, 0xff,
    0xff, 0xff, 0xf8, 0x0, 0x1b, 0x6f, 0xd0, 0x0,
    0x7f, 0x50, 0x0, 0x0, 0x0, 0x0, 0xff, 0xff,
    0xff, 0xff, 0xff, 0xf4, 0x0, 0x0, 0x2f, 0xc7,
    0x77, 0xdf, 0x87, 0x77, 0x10, 0x0, 0x4, 0xf8,
    0x0, 0xc, 0xf2, 0x0, 0x0, 0x0, 0x0, 0x5f,
    0xff, 0xff, 0xff, 0xff, 0xff, 0xd0, 0x0, 0x7,
    0xfa, 0x88, 0xdf, 0x98, 0x88, 0x86, 0x0, 0x0,
    0x24, 0x10, 0xd, 0xf2, 0x0, 0x0, 0x0, 0x0,
    0xff, 0xff, 0xff, 0xff, 0xff, 0xff, 0xfd, 0x0,
    0x7, 0x77, 0x7b, 0xff, 0xff, 0x87, 0x77, 0x50,
    0x0, 0x0, 0x5, 0xff, 0xff, 0xfc, 0x0, 0x0,
    0x0, 0x0, 0x8, 0xfe, 0x7f, 0xa9, 0xfd, 0x20,
    0x0, 0x0, 0x4d, 0xfe, 0x25, 0xf8, 0xa, 0xff,
    0x70, 0x0, 0xbf, 0xfb, 0x10, 0x7f, 0x70, 0x7,
    0xff, 0xd0, 0xa, 0xd5, 0x0, 0x8, 0xf5, 0x0,
    0x2, 0xb8, 0x0, 0x10, 0x0, 0x0, 0xaf, 0x40,
    0x0, 0x0, 0x0,

    /* U+96F6 "零" */
    0x0, 0xd, 0xff, 0xff, 0xff, 0xff, 0xff, 0xf1,
    0x0, 0xa, 0xbb, 0xbb, 0xff, 0xbb, 0xbb, 0xb0,
    0x0, 0x0, 0x0, 0x0, 0xee, 0x0, 0x0, 0x0,
    0x0, 0xcf, 0xff, 0xff, 0xff, 0xff, 0xff, 0xf7,
    0x0, 0xef, 0x99, 0x99, 0xfd, 0x99, 0x99, 0xfc,
    0x0, 0xfc, 0x6b, 0xb4, 0xf9, 0x7b, 0xb3, 0xfa,
    0x1, 0xfb, 0x8c, 0xc5, 0xf7, 0x9c, 0xc4, 0xf8,
    0x1, 0x85, 0x56, 0x65, 0xd5, 0x66, 0x52, 0x83,
    0x0, 0x0, 0xcf, 0xd2, 0x90, 0xef, 0xb0, 0x0,
    0x0, 0x0, 0x0, 0x5e, 0xf7, 0x0, 0x0, 0x0,
    0x0, 0x0, 0x3b, 0xff, 0xff, 0x81, 0x0, 0x0,
    0x0, 0x5b, 0xff, 0xb3, 0x3c, 0xff, 0xa5, 0x10,
    0x4f, 0xff, 0xb3, 0xe, 0xa0, 0x4b, 0xff, 0xf8,
    0x1d, 0x82, 0x0, 0x7, 0xf2, 0x0, 0x16, 0xb5,
    0x0, 0x1f, 0xff, 0xff, 0xff, 0xfe, 0x80, 0x0,
    0x0, 0x19, 0x99, 0x99, 0x99, 0xef, 0xb0, 0x0,
    0x0, 0x0, 0x30, 0x0, 0x1b, 0xfc, 0x10, 0x0,
    0x0, 0x5, 0xfe, 0x99, 0xff, 0x90, 0x0, 0x0,
    0x0, 0x1, 0x7d, 0xff, 0xf9, 0x0, 0x0, 0x0,
    0x0, 0x0, 0x0, 0x28, 0xff, 0xd2, 0x0, 0x0,
    0x0, 0x0, 0x0, 0x0, 0x17, 0xc0, 0x0, 0x0,

    /* U+9700 "需" */
    0x0, 0xa, 0xff, 0xff, 0xff, 0xff, 0xff, 0xf2,
    0x0, 0x6, 0x99, 0x99, 0xff, 0x99, 0x99, 0x90,
    0x0, 0x0, 0x0, 0x0, 0xed, 0x0, 0x0, 0x0,
    0x0, 0xcf, 0xff, 0xff, 0xff, 0xff, 0xff, 0xf7,
    0x0, 0xef, 0x99, 0x9a, 0xfd, 0x99, 0x9a, 0xfb,
    0x0, 0xfd, 0x24, 0x44, 0xf9, 0x44, 0x44, 0xf9,
    0x1, 0xfb, 0xaf, 0xf7, 0xf7, 0xff, 0xf6, 0xf8,
    0x3, 0xfa, 0x34, 0x46, 0xf6, 0x44, 0x47, 0xf6,
    0x3, 0xb6, 0xef, 0xf7, 0xe7, 0xff, 0xd6, 0xd4,
    0x0, 0x0, 0x22, 0x20, 0x0, 0x22, 0x10, 0x0,
    0x2, 0xff, 0xff, 0xff, 0xff, 0xff, 0xff, 0xd0,
    0x2, 0x99, 0x99, 0x9f, 0xfa, 0x99, 0x99, 0x70,
    0x0, 0x0, 0x0, 0x1f, 0xd0, 0x0, 0x0, 0x0,
    0x4, 0xff, 0xff, 0xff, 0xff, 0xff, 0xfb, 0x0,
    0x6, 0xfc, 0xbf, 0xeb, 0xdf, 0xbb, 0xdf, 0x50,
    0x8, 0xf2, 0x1f, 0x90, 0x8f, 0x10, 0x8f, 0x40,
    0x9, 0xf1, 0x2f, 0x80, 0xaf, 0x0, 0xaf, 0x20,
    0xb, 0xf0, 0x4f, 0x60, 0xbe, 0x0, 0xbf, 0x10,
    0xd, 0xd0, 0x5f, 0x50, 0xdd, 0x10, 0xdf, 0x0,
    0xe, 0xc0, 0x7f, 0x30, 0xee, 0xfd, 0xfb, 0x0,
    0xf, 0xa0, 0x8f, 0x20, 0xfa, 0x9f, 0xe3, 0x0,
    0x0, 0x0, 0x0, 0x0, 0x0, 0x0, 0x0, 0x0,

    /* U+9707 "震" */
    0x0, 0x0, 0xff, 0xff, 0xff, 0xff, 0xff, 0xff,
    0x50, 0x0, 0x1, 0xaa, 0xaa, 0xaf, 0xfa, 0xaa,
    0xaa, 0x20, 0x0, 0x6, 0x77, 0x77, 0x7e, 0xf7,
    0x77, 0x76, 0x30, 0x0, 0xf, 0xff, 0xff, 0xff,
    0xff, 0xff, 0xff, 0xf0, 0x0, 0x2f, 0xb4, 0x66,
    0x5f, 0xb4, 0x66, 0x3d, 0xf0, 0x0, 0x3f, 0x9a,
    0xff, 0x5f, 0x9a, 0xff, 0x1e, 0xe0, 0x0, 0x5f,
    0x72, 0x33, 0x5f, 0x72, 0x33, 0xf, 0xc0, 0x0,
    0x13, 0x1e, 0xfe, 0x7f, 0x6e, 0xfe, 0x3, 0x20,
    0x0, 0x0, 0x3, 0x33, 0x1, 0x3, 0x33, 0x0,
    0x0, 0x0, 0xc, 0xff, 0xff, 0xff, 0xff, 0xff,
    0xfb, 0x0, 0x0, 0xe, 0xf8, 0x88, 0x88, 0x88,
    0x88, 0x85, 0x0, 0x0, 0xf, 0xd5, 0x99, 0x99,
    0x99, 0x99, 0x91, 0x0, 0x0, 0x2f, 0xb8, 0xdd,
    0xdd, 0xdd, 0xdd, 0xd1, 0x0, 0x0, 0x5f, 0xa2,
    0x22, 0x22, 0x22, 0x22, 0x22, 0x0, 0x0, 0x8f,
    0xff, 0xff, 0xff, 0xff, 0xff, 0xfb, 0x0, 0x0,
    0xcf, 0x49, 0xf7, 0x3f, 0xe2, 0x26, 0x21, 0x0,
    0x1, 0xfe, 0x9, 0xf4, 0x9, 0xf6, 0x8f, 0x60,
    0x0, 0x8, 0xf8, 0xb, 0xf2, 0x12, 0xef, 0xfb,
    0x0, 0x0, 0x1f, 0xf2, 0xc, 0xfb, 0xf6, 0x4f,
    0xfa, 0x20, 0x0, 0x9f, 0xa3, 0xcf, 0xff, 0xc5,
    0x4, 0xef, 0xf9, 0x0, 0x2b, 0x12, 0xeb, 0x72,
    0x0, 0x0, 0x7, 0xd6, 0x0, 0x0, 0x0, 0x0,
    0x0, 0x0, 0x0, 0x0, 0x0, 0x0,

    /* U+9759 "静" */
    0x0, 0x0, 0x6f, 0x60, 0x0, 0x2c, 0x40, 0x0,
    0x0, 0x0, 0x8, 0xf5, 0x0, 0x7, 0xf7, 0x0,
    0x0, 0x0, 0xff, 0xff, 0xff, 0x80, 0xdf, 0x53,
    0x10, 0x0, 0xa, 0xae, 0xfb, 0xa4, 0x6f, 0xff,
    0xfe, 0x0, 0x0, 0x0, 0xcf, 0x0, 0x1e, 0xf7,
    0x7f, 0xd0, 0x0, 0xe, 0xff, 0xff, 0xda, 0xf8,
    0x7, 0xf5, 0x0, 0x0, 0x99, 0xfe, 0x97, 0x5f,
    0xba, 0xff, 0x91, 0x0, 0x0, 0x2f, 0xb0, 0x4,
    0xff, 0xff, 0xff, 0x70, 0xb, 0xff, 0xff, 0xff,
    0x11, 0x3f, 0x85, 0xf6, 0x0, 0x8a, 0xaa, 0xaa,
    0xa0, 0x4, 0xf6, 0x6f, 0x40, 0x3, 0x88, 0x88,
    0x60, 0x88, 0xaf, 0xab, 0xf9, 0x0, 0x7f, 0xee,
    0xff, 0x7f, 0xff, 0xff, 0xff, 0xe0, 0x9, 0xf1,
    0x6, 0xf4, 0x0, 0x9f, 0x1b, 0xf0, 0x0, 0xbf,
    0xff, 0xff, 0x20, 0xb, 0xf0, 0xdd, 0x0, 0xc,
    0xe9, 0x9d, 0xf2, 0xcc, 0xff, 0xcf, 0xc0, 0x0,
    0xec, 0x0, 0xbf, 0x3f, 0xff, 0xff, 0xfa, 0x0,
    0xf, 0xff, 0xff, 0xd0, 0x0, 0xfa, 0x0, 0x0,
    0x2, 0xfc, 0x99, 0xfc, 0x0, 0x1f, 0x90, 0x0,
    0x0, 0x3f, 0x70, 0xf, 0xa0, 0x3, 0xf7, 0x0,
    0x0, 0x5, 0xf6, 0x72, 0xf8, 0x68, 0x5f, 0x50,
    0x0, 0x0, 0x7f, 0x5f, 0xef, 0x58, 0xfe, 0xf2,
    0x0, 0x0, 0x7, 0xe2, 0x7e, 0xa0, 0x1c, 0xe6,
    0x0, 0x0, 0x0,

    /* U+975E "非" */
    0x0, 0x0, 0x0, 0xaf, 0x50, 0xdf, 0x30, 0x0,
    0x0, 0x0, 0x0, 0xc, 0xf3, 0xe, 0xf1, 0x0,
    0x0, 0x0, 0x0, 0x0, 0xdf, 0x10, 0xff, 0x0,
    0x0, 0x0, 0xc, 0xdd, 0xdf, 0xf0, 0x1f, 0xfd,
    0xdd, 0xd0, 0x0, 0xff, 0xff, 0xfe, 0x3, 0xff,
    0xff, 0xff, 0x0, 0x2, 0x22, 0x4f, 0xc0, 0x5f,
    0xb2, 0x22, 0x10, 0x0, 0x0, 0x4, 0xfb, 0x6,
    0xf9, 0x0, 0x0, 0x0, 0x0, 0x0, 0x5f, 0x90,
    0x8f, 0x70, 0x0, 0x0, 0x0, 0x56, 0x6a, 0xf8,
    0xa, 0xf6, 0x0, 0x0, 0x0, 0xe, 0xff, 0xff,
    0x60, 0xbf, 0xff, 0xfd, 0x0, 0x0, 0x99, 0x9e,
    0xf4, 0xd, 0xfe, 0xee, 0xb0, 0x0, 0x0, 0x0,
    0xdf, 0x20, 0xef, 0x10, 0x0, 0x0, 0x0, 0x0,
    0xf, 0xf0, 0xf, 0xf0, 0x0, 0x0, 0x0, 0x33,
    0x35, 0xfd, 0x2, 0xfd, 0x0, 0x0, 0x0, 0x4f,
    0xff, 0xff, 0x90, 0x3f, 0xfc, 0xcc, 0xc0, 0x4,
    0xbb, 0xbf, 0xf6, 0x5, 0xff, 0xff, 0xfe, 0x0,
    0x0, 0x4, 0xff, 0x10, 0x6f, 0x92, 0x22, 0x20,
    0x0, 0x0, 0xdf, 0xb0, 0x8, 0xf6, 0x0, 0x0,
    0x0, 0x0, 0x7f, 0xf3, 0x0, 0xaf, 0x50, 0x0,
    0x0, 0x0, 0x4f, 0xfa, 0x0, 0xb, 0xf3, 0x0,
    0x0, 0x0, 0xb, 0xfe, 0x10, 0x0, 0xdf, 0x20,
    0x0, 0x0, 0x0, 0x1c, 0x20, 0x0, 0xe, 0xf0,
    0x0, 0x0, 0x0, 0x0, 0x0, 0x0, 0x0, 0x0,
    0x0, 0x0, 0x0, 0x0,

    /* U+9762 "面" */
    0x0, 0xcf, 0xff, 0xff, 0xff, 0xff, 0xff, 0xff,
    0x40, 0xb, 0xee, 0xee, 0xef, 0xfe, 0xee, 0xee,
    0xe2, 0x0, 0x0, 0x0, 0x3, 0xfc, 0x0, 0x0,
    0x0, 0x0, 0x0, 0x0, 0x0, 0x9f, 0x60, 0x0,
    0x0, 0x0, 0x0, 0x12, 0x22, 0x2f, 0xf3, 0x22,
    0x21, 0x0, 0x0, 0x9, 0xff, 0xff, 0xff, 0xff,
    0xff, 0xfb, 0x0, 0x0, 0xaf, 0xcb, 0xfe, 0xbd,
    0xfc, 0xbf, 0xf0, 0x0, 0xc, 0xf2, 0x2f, 0x90,
    0x9f, 0x30, 0xff, 0x0, 0x0, 0xef, 0x4, 0xf7,
    0xb, 0xf1, 0x1f, 0xd0, 0x0, 0xf, 0xe0, 0x5f,
    0xc9, 0xef, 0x3, 0xfb, 0x0, 0x1, 0xfd, 0x7,
    0xff, 0xff, 0xe0, 0x4f, 0x90, 0x0, 0x3f, 0xb0,
    0x8f, 0x20, 0xfc, 0x6, 0xf8, 0x0, 0x4, 0xfa,
    0xa, 0xf1, 0x1f, 0xa0, 0x8f, 0x60, 0x0, 0x6f,
    0x80, 0xcf, 0x3, 0xf9, 0x9, 0xf4, 0x0, 0x8,
    0xf6, 0xd, 0xff, 0xff, 0x70, 0xbf, 0x30, 0x0,
    0x9f, 0x50, 0xfd, 0x8b, 0xf6, 0xd, 0xf1, 0x0,
    0xb, 0xf3, 0x1f, 0xa0, 0x8f, 0x40, 0xff, 0x0,
    0x0, 0xcf, 0x12, 0xf8, 0x9, 0xf2, 0xf, 0xe0,
    0x0, 0xe, 0xf0, 0x4f, 0x70, 0xbf, 0x12, 0xfc,
    0x0, 0x0, 0xff, 0xde, 0xfe, 0xdf, 0xfd, 0xef,
    0xa0, 0x0, 0x1f, 0xff, 0xff, 0xff, 0xff, 0xff,
    0xf9, 0x0, 0x0,

    /* U+97E9 "韩" */
    0x0, 0x0, 0xbf, 0x0, 0x0, 0xc, 0xf1, 0x0,
    0x0, 0x0, 0xcf, 0x0, 0x0, 0xd, 0xf0, 0x0,
    0x2, 0xee, 0xff, 0xee, 0x30, 0xe, 0xe0, 0x0,
    0x4, 0xff, 0xff, 0xff, 0x8f, 0xff, 0xff, 0xfe,
    0x0, 0x1, 0xfa, 0x0, 0x7d, 0xdf, 0xfd, 0xdb,
    0x0, 0x14, 0xf9, 0x0, 0x0, 0x3f, 0x90, 0x0,
    0x3, 0xff, 0xff, 0xf3, 0x0, 0x5f, 0x80, 0x0,
    0x5, 0xfb, 0x9b, 0xf6, 0x36, 0xaf, 0xa6, 0x60,
    0x6, 0xf4, 0x6, 0xf4, 0xaf, 0xff, 0xff, 0xf0,
    0x8, 0xfa, 0x9c, 0xf2, 0x45, 0xcf, 0x75, 0x50,
    0xa, 0xff, 0xff, 0xf1, 0x0, 0xcf, 0x10, 0x0,
    0xb, 0xe0, 0xb, 0xf0, 0x0, 0xdf, 0x0, 0x0,
    0xd, 0xfa, 0xae, 0xd9, 0xff, 0xff, 0xff, 0xd1,
    0xf, 0xff, 0xff, 0xb7, 0xab, 0xfe, 0xad, 0xf3,
    0x0, 0x2f, 0xa0, 0x0, 0x3, 0xfa, 0x9, 0xf2,
    0x0, 0x4f, 0x90, 0x0, 0x4, 0xf8, 0xa, 0xf1,
    0xbf, 0xff, 0xff, 0xf2, 0x6, 0xf7, 0xc, 0xf0,
    0x9c, 0xef, 0xdc, 0xc0, 0x8, 0xf5, 0x4f, 0xc0,
    0x0, 0x8f, 0x40, 0x0, 0x9, 0xf4, 0xff, 0x70,
    0x0, 0xaf, 0x20, 0x0, 0xb, 0xf2, 0xb7, 0x0,
    0x0, 0xbf, 0x0, 0x0, 0xc, 0xf0, 0x0, 0x0,
    0x0, 0xdf, 0x0, 0x0, 0xe, 0xf0, 0x0, 0x0,

    /* U+97F3 "音" */
    0x0, 0x0, 0x0, 0x9, 0xf6, 0x0, 0x0, 0x0,
    0x0, 0x0, 0x0, 0xaf, 0x50, 0x0, 0x0, 0x1,
    0x33, 0x33, 0x3c, 0xf6, 0x33, 0x33, 0x20, 0x8f,
    0xff, 0xff, 0xff, 0xff, 0xff, 0xfe, 0x7, 0xbc,
    0xfe, 0xbb, 0xbb, 0xef, 0xcb, 0x80, 0x0, 0x3f,
    0xb0, 0x0, 0x1f, 0xf0, 0x0, 0x0, 0x1, 0xfd,
    0x0, 0x8, 0xf8, 0x0, 0x7, 0xcc, 0xcf, 0xfc,
    0xcc, 0xff, 0xdc, 0xca, 0xbf, 0xff, 0xff, 0xff,
    0xff, 0xff, 0xff, 0xb1, 0x11, 0x11, 0x11, 0x11,
    0x11, 0x11, 0x11, 0x0, 0x0, 0x0, 0x0, 0x0,
    0x0, 0x0, 0x0, 0xe, 0xff, 0xff, 0xff, 0xff,
    0xd2, 0x0, 0x0, 0xff, 0xff, 0xff, 0xff, 0xff,
    0x80, 0x0, 0x2f, 0xc1, 0x11, 0x11, 0x17, 0xf8,
    0x0, 0x4, 0xfa, 0x0, 0x0, 0x0, 0x8f, 0x60,
    0x0, 0x5f, 0xec, 0xcc, 0xcc, 0xce, 0xf4, 0x0,
    0x7, 0xff, 0xff, 0xff, 0xff, 0xff, 0x30, 0x0,
    0x9f, 0x60, 0x0, 0x0, 0xe, 0xf1, 0x0, 0xa,
    0xf4, 0x0, 0x0, 0x0, 0xff, 0x0, 0x0, 0xcf,
    0x30, 0x0, 0x0, 0x1f, 0xe0, 0x0, 0xe, 0xff,
    0xff, 0xff, 0xff, 0xfc, 0x0, 0x0, 0xff, 0xff,
    0xff, 0xff, 0xff, 0xa0, 0x0,

    /* U+9875 "页" */
    0x0, 0xbf, 0xff, 0xff, 0xff, 0xff, 0xff, 0xff,
    0x30, 0xc, 0xff, 0xff, 0xff, 0xff, 0xff, 0xff,
    0xf2, 0x0, 0x0, 0x0, 0x2, 0xfd, 0x0, 0x0,
    0x0, 0x0, 0x0, 0x0, 0x0, 0x9f, 0x70, 0x0,
    0x0, 0x0, 0x0, 0x5, 0xdd, 0xdf, 0xfd, 0xdd,
    0xc4, 0x0, 0x0, 0x0, 0x8f, 0xff, 0xff, 0xff,
    0xff, 0xe0, 0x0, 0x0, 0x9, 0xf7, 0x22, 0x22,
    0x24, 0xfe, 0x0, 0x0, 0x0, 0xbf, 0x40, 0x4b,
    0x60, 0x4f, 0xc0, 0x0, 0x0, 0xd, 0xf3, 0x8,
    0xf8, 0x6, 0xfa, 0x0, 0x0, 0x0, 0xff, 0x10,
    0x9f, 0x60, 0x7f, 0x90, 0x0, 0x0, 0xf, 0xf0,
    0xb, 0xf4, 0x9, 0xf7, 0x0, 0x0, 0x2, 0xfe,
    0x0, 0xdf, 0x20, 0xbf, 0x50, 0x0, 0x0, 0x4f,
    0xc0, 0xf, 0xf0, 0xc, 0xf3, 0x0, 0x0, 0x5,
    0xfa, 0x5, 0xfc, 0x0, 0xef, 0x20, 0x0, 0x0,
    0x7f, 0x90, 0xcf, 0xa0, 0xf, 0xf0, 0x0, 0x0,
    0x0, 0x10, 0x7f, 0xff, 0xc3, 0x10, 0x0, 0x0,
    0x0, 0x0, 0x7f, 0xf8, 0xef, 0xf9, 0x0, 0x0,
    0x0, 0x3, 0xcf, 0xf7, 0x0, 0x9f, 0xfd, 0x30,
    0x0, 0x3b, 0xff, 0xf5, 0x0, 0x0, 0x4e, 0xff,
    0x70, 0x7, 0xff, 0xa1, 0x0, 0x0, 0x0, 0x1b,
    0xf8, 0x0, 0x19, 0x20, 0x0, 0x0, 0x0, 0x0,
    0x6, 0x0, 0x0,

    /* U+9876 "顶" */
    0x0, 0x0, 0x0, 0x0, 0x8, 0xff, 0xff, 0xff,
    0xf6, 0x0, 0xf, 0xff, 0xff, 0xd8, 0xdd, 0xef,
    0xdd, 0xd4, 0x0, 0x1b, 0xbe, 0xfc, 0x80, 0x0,
    0xcf, 0x10, 0x0, 0x0, 0x0, 0xb, 0xf1, 0x0,
    0x2, 0xfb, 0x0, 0x0, 0x0, 0x0, 0xd, 0xf0,
    0xa, 0xcd, 0xfe, 0xcb, 0x20, 0x0, 0x0, 0xf,
    0xe0, 0xe, 0xff, 0xff, 0xff, 0x80, 0x0, 0x0,
    0xf, 0xc0, 0xf, 0xc0, 0x21, 0x4f, 0x80, 0x0,
    0x0, 0x2f, 0xb0, 0x1f, 0xa4, 0xf7, 0x6f, 0x60,
    0x0, 0x0, 0x4f, 0x90, 0x3f, 0x95, 0xf5, 0x7f,
    0x40, 0x0, 0x0, 0x5f, 0x70, 0x5f, 0x77, 0xf4,
    0x9f, 0x30, 0x0, 0x0, 0x7f, 0x60, 0x6f, 0x59,
    0xf2, 0xbf, 0x10, 0x0, 0x0, 0x9f, 0x40, 0x8f,
    0x3b, 0xf1, 0xcf, 0x0, 0x0, 0x0, 0xaf, 0x20,
    0xaf, 0x2c, 0xf0, 0xed, 0x0, 0x0, 0x0, 0xcf,
    0x10, 0xbf, 0xe, 0xd0, 0xfc, 0x0, 0x0, 0x0,
    0xdf, 0x0, 0xde, 0x1f, 0xb2, 0xfa, 0x0, 0x0,
    0x0, 0xfd, 0x0, 0x11, 0x6f, 0xc0, 0x11, 0x0,
    0x0, 0x1, 0xfc, 0x0, 0x0, 0xdf, 0xf9, 0x0,
    0x0, 0x3d, 0x53, 0xfa, 0x0, 0xa, 0xf9, 0xcf,
    0x50, 0x0, 0x3f, 0x97, 0xf7, 0x3, 0xdf, 0xc0,
    0x2f, 0xe1, 0x0, 0xe, 0xff, 0xf2, 0x8f, 0xfa,
    0x0, 0x7, 0xf9, 0x0, 0x4, 0xee, 0x60, 0x5c,
    0x40, 0x0, 0x0, 0xec, 0x0, 0x0, 0x0, 0x0,
    0x0, 0x0, 0x0, 0x0, 0x20, 0x0,

    /* U+9879 "项" */
    0x0, 0x0, 0x0, 0x0, 0x5f, 0xff, 0xff, 0xff,
    0xe0, 0x4, 0x88, 0x88, 0x85, 0xcc, 0xcf, 0xfc,
    0xc9, 0x0, 0xaf, 0xff, 0xff, 0x0, 0x4, 0xfc,
    0x0, 0x0, 0x3, 0x5c, 0xf7, 0x40, 0x0, 0xbf,
    0x50, 0x0, 0x0, 0x0, 0xdf, 0x10, 0x6c, 0xcf,
    0xfc, 0xc8, 0x0, 0x0, 0xe, 0xf0, 0x9, 0xff,
    0xff, 0xff, 0xf1, 0x0, 0x0, 0xfe, 0x0, 0xaf,
    0x20, 0x0, 0xbf, 0x10, 0x0, 0x1f, 0xc0, 0xc,
    0xf0, 0xce, 0xd, 0xf0, 0x0, 0x3, 0xfb, 0x0,
    0xee, 0xe, 0xd0, 0xfd, 0x0, 0x0, 0x5f, 0x90,
    0xf, 0xc0, 0xfb, 0xf, 0xb0, 0x0, 0x6, 0xf7,
    0x1, 0xfb, 0x1f, 0x92, 0xfa, 0x0, 0x0, 0x8f,
    0x60, 0x3f, 0x93, 0xf8, 0x4f, 0x80, 0x0, 0xa,
    0xf4, 0x4, 0xf7, 0x5f, 0x66, 0xf6, 0x0, 0x0,
    0xbf, 0x20, 0x6f, 0x68, 0xf3, 0x7f, 0x40, 0x0,
    0xd, 0xfc, 0xb8, 0xf4, 0xcf, 0x9, 0xf2, 0x0,
    0x6, 0xff, 0xfc, 0x23, 0x5f, 0xfa, 0x23, 0x0,
    0x1f, 0xff, 0xc4, 0x0, 0x2e, 0xfd, 0xfa, 0x0,
    0x0, 0xb9, 0x20, 0x0, 0x6f, 0xf9, 0x1d, 0xf8,
    0x0, 0x0, 0x0, 0x5, 0xdf, 0xfa, 0x0, 0x2e,
    0xf5, 0x0, 0x0, 0x0, 0x9f, 0xe5, 0x0, 0x0,
    0x5f, 0x90, 0x0, 0x0, 0x2, 0x70, 0x0, 0x0,
    0x0, 0x40, 0x0,

    /* U+987A "顺" */
    0x0, 0x9, 0xf1, 0x0, 0x7f, 0x4d, 0xff, 0xff,
    0xff, 0x20, 0x0, 0xaf, 0xb, 0x68, 0xf2, 0xab,
    0xcf, 0xdb, 0xb0, 0x0, 0xc, 0xe1, 0xf7, 0xaf,
    0x10, 0x7, 0xf5, 0x0, 0x0, 0x0, 0xdd, 0x3f,
    0x5c, 0xf0, 0x0, 0xdf, 0x0, 0x0, 0x0, 0xf,
    0xb5, 0xf4, 0xdd, 0x9, 0xaf, 0xe9, 0x70, 0x0,
    0x0, 0xfa, 0x6f, 0x2f, 0xc1, 0xff, 0xff, 0xff,
    0x40, 0x0, 0x2f, 0x88, 0xf1, 0xfa, 0x3f, 0x50,
    0x5, 0xf3, 0x0, 0x3, 0xf7, 0xaf, 0x2f, 0x85,
    0xf3, 0xdb, 0x7f, 0x20, 0x0, 0x5f, 0x5c, 0xd4,
    0xf7, 0x6f, 0x2f, 0xa8, 0xf0, 0x0, 0x6, 0xf3,
    0xdb, 0x5f, 0x58, 0xf2, 0xf8, 0xae, 0x0, 0x0,
    0x8f, 0x1f, 0x97, 0xf3, 0xae, 0x3f, 0x6c, 0xc0,
    0x0, 0xb, 0xf1, 0xf8, 0x9f, 0x2b, 0xc5, 0xf5,
    0xdb, 0x0, 0x0, 0xdd, 0x2f, 0x6a, 0xf0, 0xdb,
    0x7f, 0x3f, 0x90, 0x0, 0xf, 0xb4, 0xf4, 0xce,
    0xf, 0x9a, 0xf1, 0xf7, 0x0, 0x1, 0xf9, 0x6f,
    0x3d, 0xd1, 0xf7, 0xed, 0x2f, 0x50, 0x0, 0x4f,
    0x77, 0xf1, 0xfb, 0x6, 0x7f, 0xc1, 0x61, 0x0,
    0x7, 0xf4, 0x9f, 0x1f, 0xa0, 0xc, 0xff, 0xa0,
    0x0, 0x0, 0xaf, 0xb, 0xe2, 0xf8, 0x9, 0xfa,
    0xbf, 0xa0, 0x0, 0xf, 0xd0, 0xdc, 0x4f, 0x7a,
    0xfe, 0x10, 0xdf, 0x70, 0x4, 0xf8, 0x9, 0x75,
    0xff, 0xff, 0x30, 0x3, 0xff, 0x20, 0x6f, 0x30,
    0x0, 0x7f, 0x9e, 0x40, 0x0, 0x8, 0x80, 0x0,
    0x10, 0x0, 0x0, 0x0, 0x20, 0x0, 0x0, 0x0,
    0x0,

    /* U+987B "须" */
    0x0, 0x0, 0x0, 0x86, 0x0, 0x0, 0x0, 0x0,
    0x0, 0x0, 0x0, 0x3, 0xff, 0x1d, 0xff, 0xff,
    0xff, 0xf4, 0x0, 0x0, 0xb, 0xf7, 0xa, 0xcc,
    0xef, 0xcc, 0xc1, 0x0, 0x0, 0x5f, 0xe0, 0x0,
    0x0, 0xef, 0x0, 0x0, 0x0, 0x1, 0xef, 0x50,
    0x0, 0x5, 0xfa, 0x0, 0x0, 0x0, 0xc, 0xfa,
    0x0, 0x19, 0x9d, 0xfc, 0x97, 0x0, 0x0, 0x2e,
    0xd0, 0x10, 0x3f, 0xff, 0xff, 0xff, 0x60, 0x0,
    0x2, 0x20, 0xec, 0x5f, 0x70, 0x0, 0x6f, 0x60,
    0x0, 0x0, 0x8, 0xf9, 0x7f, 0x55, 0xc3, 0x7f,
    0x40, 0x0, 0x0, 0x4f, 0xf1, 0x8f, 0x38, 0xf3,
    0x9f, 0x30, 0x0, 0x1, 0xef, 0x60, 0xaf, 0x2a,
    0xf1, 0xbf, 0x10, 0x0, 0x1d, 0xfa, 0x0, 0xcf,
    0xb, 0xf0, 0xdf, 0x0, 0x1, 0xdf, 0xc0, 0x0,
    0xde, 0xd, 0xe0, 0xed, 0x0, 0x1, 0xec, 0x12,
    0x0, 0xfd, 0xf, 0xc0, 0xfc, 0x0, 0x0, 0x20,
    0xd, 0xd2, 0xfb, 0x2f, 0x92, 0xfa, 0x0, 0x0,
    0x0, 0x7f, 0xc2, 0xf9, 0x7f, 0x63, 0xf8, 0x0,
    0x0, 0x2, 0xff, 0x30, 0x43, 0xef, 0xd2, 0x41,
    0x0, 0x0, 0xd, 0xf9, 0x0, 0xa, 0xfe, 0xfc,
    0x0, 0x0, 0x0, 0xaf, 0xd0, 0x0, 0xaf, 0xd1,
    0xbf, 0xa0, 0x0, 0xa, 0xfe, 0x20, 0x3d, 0xfe,
    0x20, 0x1e, 0xf5, 0x0, 0x4f, 0xf3, 0x0, 0xef,
    0xc1, 0x0, 0x4, 0xfe, 0x0, 0x8, 0x30, 0x0,
    0x66, 0x0, 0x0, 0x0, 0x72, 0x0,

    /* U+9884 "预" */
    0x0, 0xbf, 0xff, 0xfd, 0x2d, 0xdd, 0xdd, 0xdd,
    0x30, 0xa, 0xcc, 0xcf, 0xf5, 0xee, 0xff, 0xfe,
    0xe2, 0x0, 0x0, 0x1, 0xfd, 0x0, 0x9, 0xf5,
    0x0, 0x0, 0x0, 0x81, 0x9f, 0x50, 0x0, 0xfe,
    0x0, 0x0, 0x0, 0x4f, 0xbf, 0xc0, 0x2c, 0xdf,
    0xfc, 0xa0, 0x0, 0x0, 0xcf, 0xf2, 0x4, 0xff,
    0xff, 0xff, 0x50, 0x0, 0x6, 0xf8, 0x0, 0x5f,
    0x40, 0x6, 0xf4, 0x0, 0x7c, 0xcf, 0xec, 0x87,
    0xf2, 0x96, 0x7f, 0x20, 0xb, 0xff, 0xff, 0xff,
    0xaf, 0x2f, 0x98, 0xf0, 0x0, 0x0, 0x8f, 0x3d,
    0xda, 0xf3, 0xf7, 0xaf, 0x0, 0x0, 0xa, 0xf5,
    0xf6, 0xcd, 0x4f, 0x6c, 0xd0, 0x0, 0x0, 0xbf,
    0x28, 0xe, 0xb6, 0xf4, 0xdb, 0x0, 0x0, 0xd,
    0xe0, 0x0, 0xfa, 0x8f, 0x3f, 0x90, 0x0, 0x0,
    0xfc, 0x0, 0x1f, 0x8a, 0xf2, 0xf8, 0x0, 0x0,
    0x1f, 0xb0, 0x3, 0xf6, 0xee, 0x3f, 0x60, 0x0,
    0x2, 0xf9, 0x0, 0x3, 0x5f, 0xc0, 0x31, 0x0,
    0x0, 0x4f, 0x70, 0x0, 0xc, 0xff, 0x70, 0x0,
    0x1, 0x26, 0xf6, 0x0, 0xa, 0xfa, 0xcf, 0x40,
    0x0, 0xcd, 0xaf, 0x40, 0x2b, 0xfd, 0x12, 0xfe,
    0x10, 0x8, 0xff, 0xf0, 0xf, 0xfc, 0x10, 0x6,
    0xfa, 0x0, 0x1c, 0xe5, 0x0, 0x87, 0x0, 0x0,
    0xd, 0x80, 0x0, 0x0, 0x0, 0x0, 0x0, 0x0,
    0x0, 0x0, 0x0,

    /* U+9891 "频" */
    0x0, 0x0, 0x0, 0x3f, 0x70, 0x0, 0x0, 0x0,
    0x0, 0x0, 0x0, 0x0, 0x5f, 0x60, 0x5f, 0xff,
    0xff, 0xf4, 0x0, 0x0, 0xfa, 0x7f, 0x40, 0x5b,
    0xbf, 0xfb, 0xb2, 0x0, 0x1, 0xf8, 0x8f, 0xdc,
    0x10, 0x3f, 0xa0, 0x0, 0x0, 0x3, 0xf7, 0xaf,
    0xff, 0x0, 0x7f, 0x50, 0x0, 0x0, 0x4, 0xf5,
    0xbf, 0x0, 0x49, 0xef, 0xa7, 0x0, 0x0, 0x6,
    0xf3, 0xdd, 0x0, 0x8f, 0xff, 0xff, 0x50, 0x0,
    0x5c, 0xfa, 0xfe, 0x98, 0xad, 0x11, 0x4f, 0x40,
    0x0, 0x9f, 0xff, 0xff, 0xfc, 0xcb, 0x9e, 0x5f,
    0x30, 0x0, 0x24, 0x4a, 0xf6, 0x42, 0xe9, 0xcd,
    0x6f, 0x10, 0x0, 0x7, 0x49, 0xf1, 0x0, 0xf7,
    0xec, 0x8f, 0x0, 0x0, 0x1f, 0x8b, 0xf2, 0x52,
    0xf6, 0xfa, 0xad, 0x0, 0x0, 0x4f, 0x5d, 0xd8,
    0xf6, 0xf6, 0xf8, 0xbb, 0x0, 0x0, 0x9f, 0x2e,
    0xcd, 0xe5, 0xf6, 0xf7, 0xda, 0x0, 0x0, 0xed,
    0xf, 0xef, 0x86, 0xf6, 0xf4, 0xf8, 0x0, 0x6,
    0xf7, 0x1f, 0xff, 0x18, 0xf9, 0xf2, 0xf6, 0x0,
    0x3, 0xa1, 0x8, 0xf8, 0x1, 0x3e, 0xf3, 0x31,
    0x0, 0x0, 0x0, 0x7f, 0xd0, 0x0, 0x7f, 0xfd,
    0x0, 0x0, 0x0, 0x9, 0xfd, 0x10, 0x5, 0xfc,
    0x5f, 0x90, 0x0, 0x4, 0xdf, 0xc1, 0x0, 0x8f,
    0xe2, 0xb, 0xf3, 0x0, 0xc, 0xf9, 0x0, 0x9,
    0xfd, 0x20, 0x3, 0xf9, 0x0, 0x3, 0x30, 0x0,
    0x2, 0x80, 0x0, 0x0, 0x50, 0x0,

    /* U+9898 "题" */
    0x0, 0x5, 0xff, 0xff, 0xd2, 0xaf, 0xff, 0xff,
    0xf4, 0x0, 0x6, 0xfc, 0xac, 0xf5, 0x9c, 0xcf,
    0xfc, 0xc2, 0x0, 0x8, 0xf4, 0x7, 0xf4, 0x0,
    0x5f, 0x90, 0x0, 0x0, 0xa, 0xfa, 0x9d, 0xf2,
    0x0, 0x9f, 0x40, 0x0, 0x0, 0xb, 0xff, 0xff,
    0xf0, 0x9d, 0xff, 0xdc, 0x20, 0x0, 0xd, 0xf0,
    0xc, 0xf0, 0xdf, 0xee, 0xef, 0x70, 0x0, 0xf,
    0xfa, 0xaf, 0xd0, 0xf9, 0x0, 0x3f, 0x50, 0x0,
    0xf, 0xff, 0xff, 0xb1, 0xf8, 0xbd, 0x5f, 0x30,
    0x0, 0x0, 0x0, 0x0, 0x2, 0xf6, 0xec, 0x7f,
    0x10, 0x0, 0x9e, 0xee, 0xee, 0xc4, 0xf4, 0xfa,
    0x9f, 0x0, 0x0, 0xbf, 0xff, 0xff, 0xb6, 0xf4,
    0xf8, 0xae, 0x0, 0x0, 0x0, 0x2f, 0xa0, 0x8,
    0xf5, 0xf6, 0xcc, 0x0, 0x0, 0xdc, 0x3f, 0x90,
    0x6, 0x99, 0xf5, 0x86, 0x0, 0x0, 0xfb, 0x5f,
    0xff, 0x40, 0x2f, 0xfe, 0x10, 0x0, 0x2, 0xfc,
    0x7f, 0xca, 0x11, 0xdf, 0x7f, 0xb0, 0x0, 0x5,
    0xff, 0xcf, 0x40, 0x3e, 0xf8, 0x8, 0xf5, 0x0,
    0x8, 0xff, 0xff, 0x20, 0xff, 0x80, 0x0, 0xee,
    0x0, 0xc, 0xe7, 0xff, 0x30, 0x64, 0x0, 0x0,
    0x53, 0x0, 0x1f, 0x90, 0xaf, 0xf9, 0x30, 0x0,
    0x3, 0x99, 0x0, 0x6f, 0x40, 0x7, 0xff, 0xff,
    0xff, 0xff, 0xff, 0x0, 0x4b, 0x0, 0x0, 0x17,
    0xbe, 0xff, 0xeb, 0x71, 0x0,

    /* U+989C "颜" */
    0x0, 0x0, 0x0, 0xd, 0xf0, 0x0, 0x0, 0x0,
    0x0, 0x0, 0x0, 0x0, 0x0, 0xee, 0x0, 0x8f,
    0xff, 0xff, 0xf3, 0x0, 0x0, 0xcf, 0xff, 0xff,
    0xe7, 0xbb, 0xfe, 0xbb, 0x10, 0x0, 0xa, 0xfd,
    0xbd, 0xfa, 0x0, 0x4f, 0x70, 0x0, 0x0, 0x0,
    0xf, 0x80, 0xbe, 0x0, 0x9, 0xf2, 0x0, 0x0,
    0x0, 0x0, 0xf9, 0xf, 0xa0, 0x8c, 0xff, 0xca,
    0x0, 0x0, 0x2, 0xaf, 0xdb, 0xfc, 0x5c, 0xff,
    0xff, 0xf4, 0x0, 0x0, 0x5f, 0xff, 0xff, 0xf7,
    0xe9, 0x11, 0x5f, 0x30, 0x0, 0x6, 0xf6, 0x11,
    0x52, 0xf, 0x7b, 0xd5, 0xf2, 0x0, 0x0, 0x8f,
    0x40, 0x4f, 0xa1, 0xf5, 0xdc, 0x7f, 0x0, 0x0,
    0xa, 0xf3, 0x9f, 0xd1, 0x3f, 0x4f, 0xa9, 0xe0,
    0x0, 0x0, 0xcf, 0x7f, 0xb1, 0x5, 0xf3, 0xf9,
    0xbc, 0x0, 0x0, 0xe, 0xe0, 0x50, 0x93, 0x6f,
    0x3f, 0x7c, 0xb0, 0x0, 0x0, 0xfc, 0x0, 0xbf,
    0x98, 0xf4, 0xf5, 0xe9, 0x0, 0x0, 0x3f, 0x93,
    0xdf, 0xa0, 0xad, 0x7f, 0x3f, 0x70, 0x0, 0x6,
    0xf7, 0xef, 0x70, 0xb, 0xba, 0xf2, 0xf5, 0x0,
    0x0, 0xaf, 0x34, 0x30, 0xa9, 0x55, 0xff, 0x46,
    0x10, 0x0, 0xe, 0xf0, 0x0, 0x8f, 0xa0, 0x7f,
    0xfe, 0x10, 0x0, 0x3, 0xfa, 0x0, 0x9f, 0xc0,
    0x3f, 0xd6, 0xfc, 0x0, 0x0, 0xaf, 0x53, 0xdf,
    0xc0, 0x2e, 0xf4, 0xa, 0xf6, 0x0, 0x1f, 0xe0,
    0xef, 0x80, 0xe, 0xf6, 0x0, 0x1f, 0xd0, 0x0,
    0x56, 0x5, 0x30, 0x0, 0x65, 0x0, 0x0, 0x41,
    0x0,

    /* U+98CE "风" */
    0x0, 0x0, 0xf, 0xff, 0xff, 0xff, 0xff, 0xff,
    0x80, 0x0, 0x0, 0x1, 0xff, 0xff, 0xff, 0xff,
    0xff, 0xfe, 0x0, 0x0, 0x0, 0x3f, 0xa0, 0x0,
    0x0, 0x0, 0x1f, 0xd0, 0x0, 0x0, 0x5, 0xf9,
    0x0, 0x0, 0xa, 0x63, 0xfa, 0x0, 0x0, 0x0,
    0x6f, 0x75, 0x60, 0x4, 0xfa, 0x5f, 0x80, 0x0,
    0x0, 0x8, 0xf6, 0xfe, 0x0, 0x9f, 0x58, 0xf5,
    0x0, 0x0, 0x0, 0xaf, 0x48, 0xf7, 0xe, 0xf0,
    0xaf, 0x30, 0x0, 0x0, 0xb, 0xf2, 0x1f, 0xe6,
    0xf9, 0xc, 0xf1, 0x0, 0x0, 0x0, 0xdf, 0x0,
    0xaf, 0xef, 0x30, 0xef, 0x0, 0x0, 0x0, 0xf,
    0xe0, 0x3, 0xff, 0xb0, 0xf, 0xd0, 0x0, 0x0,
    0x1, 0xfc, 0x0, 0xe, 0xf5, 0x2, 0xfb, 0x0,
    0x0, 0x0, 0x3f, 0xa0, 0x5, 0xff, 0x60, 0x3f,
    0x90, 0x0, 0x0, 0x7, 0xf7, 0x1, 0xef, 0xfb,
    0x5, 0xf8, 0x0, 0x0, 0x0, 0xaf, 0x40, 0x9f,
    0x9e, 0xf0, 0x7f, 0x60, 0x0, 0x0, 0xd, 0xf1,
    0x6f, 0xe0, 0x9f, 0x48, 0xf5, 0x12, 0x0, 0x2,
    0xfc, 0x3f, 0xf4, 0x5, 0xf8, 0x9f, 0x47, 0xf1,
    0x0, 0x9f, 0x8e, 0xf7, 0x0, 0x2f, 0x8a, 0xf3,
    0x9f, 0x0, 0x1f, 0xf1, 0x99, 0x0, 0x0, 0x10,
    0xaf, 0x3c, 0xc0, 0x8, 0xf9, 0x0, 0x0, 0x0,
    0x0, 0x9, 0xf9, 0xf8, 0x2, 0xff, 0x10, 0x0,
    0x0, 0x0, 0x0, 0x5f, 0xff, 0x30, 0xb, 0x70,
    0x0, 0x0, 0x0, 0x0, 0x0, 0xaf, 0x80, 0x0,
    0x0, 0x0, 0x0, 0x0, 0x0, 0x0, 0x0, 0x0,
    0x0,

    /* U+98DE "飞" */
    0xbf, 0xff, 0xff, 0xff, 0xf9, 0x0, 0x0, 0xcf,
    0xff, 0xff, 0xff, 0xff, 0x0, 0x0, 0x0, 0x0,
    0x0, 0x3, 0xfe, 0x0, 0x40, 0x0, 0x0, 0x0,
    0x7, 0xfa, 0x6, 0xf9, 0x0, 0x0, 0x0, 0xb,
    0xf6, 0x7f, 0xf4, 0x0, 0x0, 0x0, 0xe, 0xfd,
    0xfe, 0x40, 0x0, 0x0, 0x0, 0x1f, 0xff, 0xc2,
    0x0, 0x0, 0x0, 0x0, 0x3f, 0xe6, 0x0, 0x0,
    0x0, 0x0, 0x0, 0x5f, 0xb0, 0x0, 0x0, 0x0,
    0x0, 0x0, 0x7f, 0xf9, 0x0, 0x0, 0x0, 0x0,
    0x0, 0x9f, 0xff, 0xb1, 0x0, 0x0, 0x0, 0x0,
    0xaf, 0x6b, 0xfc, 0x10, 0x0, 0x0, 0x0, 0xbf,
    0x40, 0xbf, 0xd1, 0x0, 0x0, 0x0, 0xcf, 0x30,
    0xb, 0xd1, 0x0, 0x0, 0x0, 0xcf, 0x30, 0x0,
    0x20, 0x0, 0x0, 0x0, 0xcf, 0x30, 0x6, 0xb4,
    0x0, 0x0, 0x0, 0xaf, 0x50, 0xa, 0xf4, 0x0,
    0x0, 0x0, 0x7f, 0x90, 0xe, 0xf1, 0x0, 0x0,
    0x0, 0x2f, 0xf5, 0x7f, 0xc0, 0x0, 0x0, 0x0,
    0xa, 0xff, 0xff, 0x50, 0x0, 0x0, 0x0, 0x0,
    0x9f, 0xe7, 0x0,

    /* U+9988 "馈" */
    0x0, 0x0, 0x0, 0x0, 0x0, 0x0, 0x0, 0x0,
    0x0, 0x0, 0x0, 0xbd, 0x0, 0x0, 0x0, 0xcf,
    0x0, 0x0, 0x0, 0x0, 0xee, 0x0, 0x0, 0x0,
    0xee, 0x0, 0x0, 0x0, 0x2, 0xfa, 0x0, 0x1f,
    0xff, 0xff, 0xff, 0xb0, 0x0, 0x7, 0xfd, 0xa8,
    0x3f, 0xb8, 0xfd, 0x8e, 0xf0, 0x0, 0xb, 0xff,
    0xff, 0x7f, 0x62, 0xf9, 0xd, 0xd0, 0x0, 0xf,
    0xd2, 0xbf, 0x6f, 0xff, 0xff, 0xff, 0xb0, 0x0,
    0x6f, 0x70, 0xfa, 0x49, 0x9c, 0xfb, 0x99, 0x60,
    0x0, 0xcf, 0x15, 0xf5, 0x0, 0x7, 0xf5, 0x0,
    0x0, 0x2, 0xfb, 0xad, 0xf4, 0xff, 0xff, 0xff,
    0xff, 0xf0, 0xa, 0xf6, 0xfd, 0x63, 0xbb, 0xbb,
    0xbb, 0xbb, 0x90, 0xe, 0xd3, 0xfa, 0x0, 0x11,
    0x11, 0x11, 0x10, 0x0, 0x1, 0x34, 0xf8, 0x0,
    0xef, 0xff, 0xff, 0xfa, 0x0, 0x0, 0x6, 0xf7,
    0x0, 0xfe, 0xaa, 0xaa, 0xfe, 0x0, 0x0, 0x7,
    0xf5, 0x1, 0xfa, 0x6, 0x50, 0xfd, 0x0, 0x0,
    0x9, 0xf3, 0x3, 0xf9, 0x2f, 0xb1, 0xfb, 0x0,
    0x0, 0xb, 0xf2, 0x4, 0xf7, 0x4f, 0x93, 0xf9,
    0x0, 0x0, 0xc, 0xf0, 0x6, 0xf5, 0x8f, 0x54,
    0xf7, 0x0, 0x0, 0xe, 0xfa, 0xb4, 0x83, 0xdf,
    0x33, 0x83, 0x0, 0x0, 0xf, 0xff, 0xd0, 0xa,
    0xff, 0xf5, 0x0, 0x0, 0x2, 0xcf, 0xf9, 0x4,
    0xdf, 0xe7, 0xff, 0x60, 0x0, 0x0, 0xfc, 0x30,
    0xcf, 0xfd, 0x20, 0x4f, 0xf6, 0x0, 0x0, 0x20,
    0x0, 0x7c, 0x60, 0x0, 0x4, 0xd2, 0x0, 0x0,
    0x0, 0x0, 0x0, 0x0, 0x0, 0x0, 0x0, 0x0,

    /* U+9A76 "驶" */
    0x0, 0x0, 0x0, 0x0, 0x0, 0x3, 0xf8, 0x0,
    0x0, 0xe, 0xff, 0xfb, 0x0, 0x0, 0x4f, 0x60,
    0x0, 0x0, 0xee, 0xef, 0xf2, 0x0, 0x6, 0xf5,
    0x0, 0x0, 0x0, 0x0, 0xdf, 0x7, 0xaa, 0xcf,
    0xb9, 0x70, 0x0, 0x55, 0xf, 0xe0, 0xdf, 0xff,
    0xff, 0xff, 0x40, 0xf, 0xb1, 0xfb, 0xf, 0xc0,
    0xbf, 0x17, 0xf4, 0x2, 0xf9, 0x4f, 0x91, 0xfa,
    0xc, 0xf0, 0x9f, 0x20, 0x5f, 0x66, 0xf7, 0x2f,
    0x90, 0xdd, 0xa, 0xf1, 0x7, 0xf4, 0x9f, 0x44,
    0xf7, 0xf, 0xc0, 0xcf, 0x0, 0x9f, 0x1b, 0xf2,
    0x6f, 0x73, 0xfb, 0x3e, 0xd0, 0xc, 0xfc, 0xff,
    0x17, 0xff, 0xff, 0xff, 0xfc, 0x0, 0xdf, 0xff,
    0xf7, 0x47, 0x7a, 0xfb, 0x77, 0x50, 0x0, 0x0,
    0x5f, 0x71, 0x71, 0x6f, 0x40, 0x0, 0x0, 0x0,
    0x7, 0xf6, 0x5f, 0x69, 0xf2, 0x0, 0x0, 0x0,
    0x5c, 0xff, 0x41, 0xfb, 0xde, 0x0, 0x0, 0x9,
    0xff, 0xff, 0xf2, 0xc, 0xff, 0xa0, 0x0, 0x0,
    0x7c, 0x82, 0xbf, 0x10, 0x5f, 0xf5, 0x0, 0x0,
    0x0, 0x0, 0xd, 0xf0, 0x3, 0xff, 0x70, 0x0,
    0x0, 0x2, 0x20, 0xfd, 0x0, 0xdf, 0xff, 0x70,
    0x0, 0x2, 0xfa, 0x2f, 0xb1, 0xcf, 0x94, 0xff,
    0xc4, 0x0, 0xd, 0xfe, 0xf7, 0xef, 0xa0, 0x2,
    0xdf, 0xf9, 0x0, 0x3d, 0xfa, 0x8, 0x80, 0x0,
    0x0, 0x5c, 0x50, 0x0, 0x0, 0x0, 0x0, 0x0,
    0x0, 0x0, 0x0, 0x0,

    /* U+9A7E "驾" */
    0x0, 0x7, 0xf5, 0x0, 0x0, 0x0, 0x0, 0x0,
    0x0, 0x19, 0xf4, 0x10, 0x5, 0xff, 0xff, 0xf5,
    0x3, 0xff, 0xff, 0xff, 0x66, 0xfd, 0xcc, 0xfa,
    0x2, 0xaf, 0xfa, 0xaf, 0xa8, 0xf4, 0x3, 0xfa,
    0x0, 0x1f, 0xc0, 0x3f, 0x9a, 0xf3, 0x5, 0xf8,
    0x0, 0x8f, 0x91, 0x5f, 0x7b, 0xf1, 0x6, 0xf6,
    0x2, 0xfe, 0xfd, 0xdf, 0x4d, 0xfa, 0xad, 0xf5,
    0xe, 0xf5, 0x6f, 0xfb, 0xe, 0xff, 0xff, 0xf3,
    0x5, 0x70, 0x1, 0x20, 0x1, 0x11, 0x0, 0x0,
    0x0, 0x5f, 0xff, 0xff, 0xff, 0xff, 0xe2, 0x0,
    0x0, 0x4a, 0xaa, 0xaa, 0xaa, 0xae, 0xf5, 0x0,
    0x0, 0xa, 0xe2, 0x0, 0x0, 0xe, 0xf2, 0x0,
    0x0, 0xf, 0xf0, 0x0, 0x0, 0x3f, 0xd0, 0x0,
    0x0, 0x4f, 0xea, 0xaa, 0xaa, 0xcf, 0xd8, 0x10,
    0x0, 0x8f, 0xff, 0xff, 0xff, 0xff, 0xff, 0x80,
    0x0, 0x0, 0x0, 0x0, 0x0, 0x0, 0x6f, 0x90,
    0x1b, 0xbb, 0xbb, 0xbb, 0xbb, 0xb9, 0x7f, 0x70,
    0x3f, 0xff, 0xff, 0xff, 0xff, 0xfb, 0x9f, 0x50,
    0x0, 0x0, 0x0, 0x0, 0x0, 0x0, 0xbf, 0x30,
    0x0, 0x0, 0x0, 0x3, 0xdb, 0x2, 0xff, 0x0,
    0x0, 0x0, 0x0, 0x1, 0xef, 0xff, 0xf8, 0x0,
    0x0, 0x0, 0x0, 0x0, 0x2b, 0xfe, 0x80, 0x0,

    /* U+9A8C "验" */
    0x0, 0x0, 0x0, 0x0, 0x0, 0xa, 0x70, 0x0,
    0x0, 0xbf, 0xff, 0x90, 0x0, 0x3f, 0xa0, 0x0,
    0x0, 0xbe, 0xef, 0xf0, 0x0, 0xaf, 0xd0, 0x0,
    0x0, 0x0, 0xe, 0xd0, 0x2, 0xff, 0xf2, 0x0,
    0x0, 0x45, 0xf, 0xb0, 0xb, 0xf8, 0xf9, 0x0,
    0x0, 0xdd, 0x3f, 0x90, 0x5f, 0xc0, 0xcf, 0x20,
    0x0, 0xfb, 0x5f, 0x63, 0xfe, 0x20, 0x4f, 0xb0,
    0x2, 0xf8, 0x7f, 0x6e, 0xfd, 0xaa, 0xaf, 0xf7,
    0x4, 0xf6, 0xaf, 0x3e, 0x6f, 0xff, 0xfa, 0xe9,
    0x7, 0xf3, 0xcf, 0x0, 0x0, 0x0, 0x0, 0x20,
    0x9, 0xfd, 0xfe, 0x0, 0x4, 0x80, 0x0, 0x0,
    0xb, 0xff, 0xff, 0x40, 0x9, 0xf2, 0xa, 0x50,
    0x0, 0x0, 0x8f, 0x5a, 0x66, 0xf4, 0x2f, 0xa0,
    0x0, 0x0, 0xaf, 0x3f, 0xb3, 0xf6, 0x5f, 0x60,
    0x0, 0x18, 0xff, 0xd, 0xd2, 0xf7, 0xaf, 0x20,
    0x5c, 0xff, 0xff, 0xa, 0xf1, 0xd5, 0xed, 0x0,
    0x6f, 0xd7, 0xfd, 0x9, 0xf1, 0x4, 0xf8, 0x0,
    0x12, 0x0, 0xfb, 0x7, 0xf3, 0x9, 0xf3, 0x0,
    0x0, 0x2, 0xfa, 0x2, 0x40, 0xe, 0xd0, 0x0,
    0x1b, 0x75, 0xf7, 0x0, 0x0, 0x6f, 0x60, 0x0,
    0xe, 0xff, 0xf3, 0xcd, 0xdd, 0xff, 0xdd, 0x80,
    0x4, 0xef, 0x80, 0xff, 0xff, 0xff, 0xff, 0x80,

    /* U+9AD8 "高" */
    0x0, 0x0, 0x0, 0x0, 0x9f, 0x60, 0x0, 0x0,
    0x0, 0x0, 0x0, 0x0, 0xa, 0xf5, 0x0, 0x0,
    0x0, 0x0, 0xad, 0xdd, 0xdd, 0xff, 0xdd, 0xdd,
    0xdd, 0x20, 0xe, 0xff, 0xff, 0xff, 0xff, 0xff,
    0xff, 0xf1, 0x0, 0x0, 0x0, 0x0, 0x0, 0x0,
    0x0, 0x0, 0x0, 0x0, 0xb, 0xff, 0xff, 0xff,
    0xfc, 0x20, 0x0, 0x0, 0x0, 0xdf, 0x99, 0x99,
    0x9c, 0xf7, 0x0, 0x0, 0x0, 0xf, 0xe0, 0x0,
    0x0, 0x7f, 0x60, 0x0, 0x0, 0x0, 0xff, 0xaa,
    0xaa, 0xad, 0xf4, 0x0, 0x0, 0x0, 0x2f, 0xff,
    0xff, 0xff, 0xff, 0x20, 0x0, 0x0, 0x0, 0x0,
    0x0, 0x0, 0x0, 0x0, 0x0, 0x0, 0x5f, 0xff,
    0xff, 0xff, 0xff, 0xff, 0xe6, 0x0, 0x7, 0xfd,
    0xbb, 0xbb, 0xbb, 0xbb, 0xcf, 0xd0, 0x0, 0x9f,
    0x52, 0x44, 0x44, 0x42, 0x4, 0xfc, 0x0, 0xa,
    0xf3, 0x9f, 0xff, 0xff, 0xf3, 0x6f, 0xa0, 0x0,
    0xcf, 0x2b, 0xf0, 0x0, 0x6f, 0x48, 0xf8, 0x0,
    0xe, 0xf0, 0xce, 0x55, 0x5a, 0xf3, 0x9f, 0x60,
    0x0, 0xfe, 0xe, 0xff, 0xff, 0xff, 0x1b, 0xf5,
    0x0, 0x1f, 0xd0, 0x0, 0x0, 0x0, 0x0, 0xdf,
    0x30, 0x3, 0xfb, 0x0, 0x0, 0x1, 0x93, 0x3f,
    0xf0, 0x0, 0x4f, 0xa0, 0x0, 0x0, 0x8f, 0xff,
    0xfa, 0x0, 0x5, 0xd7, 0x0, 0x0, 0x0, 0x9f,
    0xe9, 0x0, 0x0, 0x0, 0x0, 0x0, 0x0, 0x0,
    0x0, 0x0, 0x0, 0x0,

    /* U+9E23 "鸣" */
    0x0, 0x0, 0x0, 0x0, 0x0, 0x8, 0x60, 0x0,
    0x0, 0x0, 0x0, 0x0, 0x0, 0x3f, 0x90, 0x0,
    0x0, 0x79, 0x98, 0x20, 0x8a, 0xdf, 0xca, 0x70,
    0x0, 0xef, 0xff, 0xb0, 0xef, 0xff, 0xff, 0xf3,
    0x0, 0xfd, 0x5f, 0xb0, 0xfd, 0x13, 0x8, 0xf3,
    0x1, 0xfb, 0x3f, 0x91, 0xfb, 0x9f, 0x9, 0xf1,
    0x3, 0xf9, 0x5f, 0x83, 0xf9, 0x6f, 0x2b, 0xf0,
    0x5, 0xf7, 0x6f, 0x65, 0xf7, 0x5e, 0x2d, 0xe0,
    0x6, 0xf5, 0x8f, 0x46, 0xf6, 0x0, 0xbf, 0xa0,
    0x8, 0xf4, 0xaf, 0x28, 0xf4, 0x0, 0xfe, 0x30,
    0xa, 0xf2, 0xcf, 0x1a, 0xf3, 0x0, 0x10, 0x0,
    0xb, 0xf0, 0xdf, 0xb, 0xff, 0xff, 0xff, 0xc0,
    0xd, 0xf0, 0xfd, 0xb, 0xdd, 0xdd, 0xdf, 0xf2,
    0xf, 0xd1, 0xfb, 0x0, 0x0, 0x0, 0xd, 0xf1,
    0xf, 0xb2, 0xfa, 0x37, 0x77, 0x77, 0x3e, 0xf0,
    0x2f, 0xa4, 0xf8, 0x9f, 0xff, 0xff, 0x6f, 0xe0,
    0x4f, 0xed, 0xf6, 0x23, 0x33, 0x33, 0x2f, 0xc0,
    0x5f, 0xff, 0xf5, 0x0, 0x41, 0x0, 0x3f, 0xa0,
    0x7f, 0x61, 0x10, 0x7, 0xf5, 0x0, 0x7f, 0x80,
    0x8f, 0x30, 0x0, 0x3, 0xfc, 0x1, 0xdf, 0x30,
    0x0, 0x0, 0x0, 0x0, 0xbf, 0xef, 0xfb, 0x0,
    0x0, 0x0, 0x0, 0x0, 0x9, 0xef, 0x90, 0x0,

    /* U+9EA6 "麦" */
    0x0, 0x0, 0x0, 0x0, 0xbf, 0x40, 0x0, 0x0,
    0x0, 0x0, 0x0, 0x0, 0xcf, 0x30, 0x0, 0x0,
    0x0, 0x5d, 0xdd, 0xdd, 0xff, 0xed, 0xdd, 0xdb,
    0x0, 0x7f, 0xff, 0xff, 0xff, 0xff, 0xff, 0xfb,
    0x0, 0x0, 0x0, 0x1, 0xfe, 0x0, 0x0, 0x0,
    0x0, 0x8, 0xaa, 0xab, 0xfe, 0xaa, 0xaa, 0x60,
    0x0, 0xe, 0xff, 0xff, 0xff, 0xff, 0xff, 0x70,
    0x0, 0x3, 0x33, 0x38, 0xfa, 0x33, 0x33, 0x10,
    0x0, 0x0, 0x0, 0x8, 0xf7, 0x0, 0x0, 0x0,
    0x6, 0xdd, 0xdd, 0xde, 0xfe, 0xdd, 0xdd, 0xd6,
    0x9, 0xff, 0xff, 0xff, 0xff, 0xff, 0xff, 0xf5,
    0x0, 0x0, 0x7, 0xfa, 0x0, 0x0, 0x0, 0x0,
    0x0, 0x0, 0x2f, 0xf4, 0x22, 0x21, 0x0, 0x0,
    0x0, 0x1, 0xef, 0xff, 0xff, 0xff, 0xb0, 0x0,
    0x0, 0x2e, 0xfd, 0xbb, 0xbb, 0xdf, 0xe0, 0x0,
    0x5, 0xff, 0xfe, 0x10, 0x2, 0xef, 0x50, 0x0,
    0xc, 0xf6, 0x8f, 0xd1, 0x4e, 0xf7, 0x0, 0x0,
    0x2, 0x10, 0xc, 0xfe, 0xff, 0x70, 0x0, 0x0,
    0x0, 0x0, 0x29, 0xff, 0xfb, 0x0, 0x0, 0x0,
    0x3, 0x7b, 0xff, 0xfb, 0xff, 0xf9, 0x40, 0x0,
    0xcf, 0xff, 0xe8, 0x10, 0x2a, 0xff, 0xff, 0x60,
    0x6c, 0x84, 0x0, 0x0, 0x0, 0x17, 0xcf, 0x20,
    0x0, 0x0, 0x0, 0x0, 0x0, 0x0, 0x0, 0x0,

    /* U+9EC4 "黄" */
    0x0, 0x0, 0x1, 0xfb, 0x0, 0x3f, 0x90, 0x0,
    0x0, 0x0, 0x3, 0xfa, 0x0, 0x4f, 0x80, 0x0,
    0x0, 0x2b, 0xbc, 0xfe, 0xbb, 0xdf, 0xdb, 0xb5,
    0x0, 0x4f, 0xff, 0xff, 0xff, 0xff, 0xff, 0xf6,
    0x0, 0x0, 0x7, 0xf5, 0x0, 0x9f, 0x40, 0x0,
    0x0, 0x11, 0x19, 0xf5, 0x11, 0xbf, 0x31, 0x10,
    0x2, 0xff, 0xff, 0xff, 0xff, 0xff, 0xff, 0xfd,
    0x2, 0xaa, 0xaa, 0xab, 0xfd, 0xaa, 0xaa, 0xa7,
    0x0, 0x0, 0x0, 0x5, 0xf8, 0x0, 0x0, 0x0,
    0x0, 0x5f, 0xff, 0xff, 0xff, 0xff, 0xfb, 0x0,
    0x0, 0x7f, 0xca, 0xad, 0xfc, 0xaa, 0xef, 0x10,
    0x0, 0x9f, 0x40, 0xa, 0xf3, 0x0, 0xdf, 0x0,
    0x0, 0xaf, 0xa9, 0x9e, 0xfa, 0x99, 0xfd, 0x0,
    0x0, 0xcf, 0xff, 0xff, 0xff, 0xff, 0xfb, 0x0,
    0x0, 0xee, 0x0, 0xf, 0xd0, 0x3, 0xfa, 0x0,
    0x0, 0xff, 0xaa, 0xaf, 0xea, 0xab, 0xf8, 0x0,
    0x2, 0xff, 0xff, 0xff, 0xff, 0xff, 0xf6, 0x0,
    0x0, 0x11, 0x24, 0x11, 0x13, 0x21, 0x10, 0x0,
    0x0, 0x8, 0xfe, 0x0, 0xc, 0xf8, 0x10, 0x0,
    0x29, 0xff, 0xf8, 0x0, 0x8, 0xff, 0xf7, 0x0,
    0x8f, 0xf9, 0x10, 0x0, 0x0, 0x18, 0xff, 0x60,
    0x27, 0x10, 0x0, 0x0, 0x0, 0x0, 0x18, 0x0,

    /* U+9ED8 "默" */
    0x0, 0x0, 0x0, 0x0, 0x0, 0x0, 0x9, 0xf2,
    0x0, 0x0, 0x1, 0xff, 0xff, 0xff, 0x30, 0xb,
    0xf3, 0x70, 0x0, 0x3, 0xf9, 0xde, 0x8f, 0x60,
    0xc, 0xf6, 0xf1, 0x0, 0x5, 0xf7, 0xca, 0x7f,
    0x50, 0xd, 0xe2, 0xf5, 0x0, 0x6, 0xfc, 0xeb,
    0xff, 0x30, 0xf, 0xd0, 0xf8, 0x0, 0x8, 0xed,
    0xfe, 0xdf, 0x20, 0xf, 0xc0, 0x84, 0x0, 0xa,
    0xce, 0xff, 0x9f, 0x68, 0x9f, 0xd8, 0x85, 0x0,
    0xb, 0xb4, 0xf4, 0x8e, 0xbf, 0xff, 0xff, 0xf8,
    0x0, 0xd, 0xff, 0xff, 0xfd, 0x57, 0xaf, 0xc7,
    0x73, 0x0, 0x6, 0x7b, 0xf8, 0x75, 0x0, 0x8f,
    0xa0, 0x0, 0x0, 0x0, 0x9, 0xf1, 0x0, 0x0,
    0xbf, 0xb0, 0x0, 0x0, 0xf, 0xff, 0xff, 0xf3,
    0x0, 0xef, 0xc0, 0x0, 0x0, 0x18, 0x8e, 0xe8,
    0x81, 0x2, 0xff, 0xf0, 0x0, 0x0, 0x12, 0x3e,
    0xd7, 0x90, 0x7, 0xfa, 0xf1, 0x0, 0x0, 0xaf,
    0xff, 0xff, 0xf1, 0xc, 0xe5, 0xf4, 0x0, 0x0,
    0x56, 0x54, 0x21, 0x30, 0x3f, 0xa2, 0xf7, 0x0,
    0x0, 0xa8, 0xa5, 0xd7, 0xf0, 0xaf, 0x40, 0xfb,
    0x0, 0x0, 0xf7, 0xf7, 0xf6, 0xf5, 0xfd, 0x0,
    0xcf, 0x0, 0x4, 0xf4, 0xf6, 0xf5, 0xfe, 0xf5,
    0x0, 0x7f, 0x50, 0x9, 0xf2, 0xf5, 0xf4, 0x8f,
    0xc0, 0x0, 0x3f, 0xa0, 0xe, 0xb3, 0xf3, 0x52,
    0xff, 0x30, 0x0, 0xd, 0xf0, 0x4, 0x30, 0x0,
    0x0, 0x98, 0x0, 0x0, 0x6, 0x60, 0x0, 0x0,
    0x0, 0x0, 0x0, 0x0, 0x0, 0x0, 0x0,

    /* U+9F50 "齐" */
    0x0, 0x0, 0x0, 0x0, 0xdf, 0x10, 0x0, 0x0,
    0x0, 0x0, 0x0, 0x0, 0xe, 0xf0, 0x0, 0x0,
    0x0, 0x0, 0xab, 0xbb, 0xbb, 0xff, 0xbb, 0xbb,
    0xbb, 0x10, 0xf, 0xff, 0xff, 0xff, 0xff, 0xff,
    0xff, 0xf0, 0x0, 0x0, 0x8f, 0xb0, 0x0, 0xc,
    0xf7, 0x0, 0x0, 0x0, 0x1, 0xff, 0x30, 0x7,
    0xfd, 0x0, 0x0, 0x0, 0x0, 0x7, 0xfe, 0x16,
    0xff, 0x30, 0x0, 0x0, 0x0, 0x0, 0xb, 0xfd,
    0xff, 0x50, 0x0, 0x0, 0x0, 0x0, 0x0, 0x3f,
    0xff, 0x80, 0x0, 0x0, 0x0, 0x0, 0x1, 0x9f,
    0xff, 0xff, 0x91, 0x0, 0x0, 0x0, 0x4a, 0xff,
    0xfa, 0x18, 0xff, 0xf9, 0x30, 0x0, 0xbf, 0xff,
    0xb3, 0x0, 0x3, 0xcf, 0xff, 0x60, 0x7, 0xe9,
    0x45, 0x20, 0x0, 0x45, 0x4a, 0xf2, 0x0, 0x0,
    0x6, 0xf8, 0x0, 0xe, 0xf0, 0x0, 0x0, 0x0,
    0x0, 0x8f, 0x60, 0x0, 0xfe, 0x0, 0x0, 0x0,
    0x0, 0xc, 0xf3, 0x0, 0x1f, 0xd0, 0x0, 0x0,
    0x0, 0x1, 0xff, 0x0, 0x2, 0xfb, 0x0, 0x0,
    0x0, 0x0, 0xaf, 0x90, 0x0, 0x4f, 0xa0, 0x0,
    0x0, 0x0, 0x7f, 0xf2, 0x0, 0x5, 0xf8, 0x0,
    0x0, 0x0, 0x8f, 0xf6, 0x0, 0x0, 0x7f, 0x70,
    0x0, 0x0, 0x6f, 0xf6, 0x0, 0x0, 0x9, 0xf5,
    0x0, 0x0, 0x0, 0xa3, 0x0, 0x0, 0x0, 0xaf,
    0x40, 0x0, 0x0
};


/*---------------------
 *  GLYPH DESCRIPTION
 *--------------------*/

static const lv_font_fmt_txt_glyph_dsc_t glyph_dsc[] = {
    {.bitmap_index = 0, .adv_w = 0, .box_w = 0, .box_h = 0, .ofs_x = 0, .ofs_y = 0} /* id = 0 reserved */,
    {.bitmap_index = 0, .adv_w = 282, .box_w = 7, .box_h = 8, .ofs_x = 1, .ofs_y = -3},
    {.bitmap_index = 28, .adv_w = 282, .box_w = 7, .box_h = 7, .ofs_x = 1, .ofs_y = -2},
    {.bitmap_index = 53, .adv_w = 282, .box_w = 16, .box_h = 3, .ofs_x = 1, .ofs_y = 9},
    {.bitmap_index = 77, .adv_w = 282, .box_w = 16, .box_h = 21, .ofs_x = 1, .ofs_y = -2},
    {.bitmap_index = 245, .adv_w = 282, .box_w = 16, .box_h = 22, .ofs_x = 0, .ofs_y = -2},
    {.bitmap_index = 421, .adv_w = 282, .box_w = 15, .box_h = 21, .ofs_x = 3, .ofs_y = -2},
    {.bitmap_index = 579, .adv_w = 282, .box_w = 18, .box_h = 21, .ofs_x = 0, .ofs_y = -2},
    {.bitmap_index = 768, .adv_w = 282, .box_w = 16, .box_h = 21, .ofs_x = 1, .ofs_y = -2},
    {.bitmap_index = 936, .adv_w = 282, .box_w = 17, .box_h = 22, .ofs_x = 1, .ofs_y = -3},
    {.bitmap_index = 1123, .adv_w = 282, .box_w = 17, .box_h = 22, .ofs_x = 1, .ofs_y = -2},
    {.bitmap_index = 1310, .adv_w = 282, .box_w = 15, .box_h = 22, .ofs_x = 2, .ofs_y = -2},
    {.bitmap_index = 1475, .adv_w = 282, .box_w = 16, .box_h = 22, .ofs_x = 1, .ofs_y = -2},
    {.bitmap_index = 1651, .adv_w = 282, .box_w = 16, .box_h = 21, .ofs_x = 1, .ofs_y = -2},
    {.bitmap_index = 1819, .adv_w = 282, .box_w = 16, .box_h = 23, .ofs_x = 1, .ofs_y = -3},
    {.bitmap_index = 2003, .adv_w = 282, .box_w = 16, .box_h = 22, .ofs_x = 1, .ofs_y = -2},
    {.bitmap_index = 2179, .adv_w = 282, .box_w = 17, .box_h = 22, .ofs_x = 0, .ofs_y = -2},
    {.bitmap_index = 2366, .adv_w = 282, .box_w = 16, .box_h = 23, .ofs_x = 0, .ofs_y = -3},
    {.bitmap_index = 2550, .adv_w = 282, .box_w = 16, .box_h = 22, .ofs_x = 1, .ofs_y = -2},
    {.bitmap_index = 2726, .adv_w = 282, .box_w = 17, .box_h = 22, .ofs_x = 0, .ofs_y = -2},
    {.bitmap_index = 2913, .adv_w = 282, .box_w = 18, .box_h = 22, .ofs_x = 0, .ofs_y = -2},
    {.bitmap_index = 3111, .adv_w = 282, .box_w = 16, .box_h = 19, .ofs_x = 1, .ofs_y = -1},
    {.bitmap_index = 3263, .adv_w = 282, .box_w = 15, .box_h = 21, .ofs_x = 2, .ofs_y = -2},
    {.bitmap_index = 3421, .adv_w = 282, .box_w = 18, .box_h = 23, .ofs_x = 0, .ofs_y = -3},
    {.bitmap_index = 3628, .adv_w = 282, .box_w = 17, .box_h = 22, .ofs_x = 1, .ofs_y = -2},
    {.bitmap_index = 3815, .adv_w = 282, .box_w = 17, .box_h = 23, .ofs_x = 1, .ofs_y = -3},
    {.bitmap_index = 4011, .adv_w = 282, .box_w = 17, .box_h = 21, .ofs_x = 0, .ofs_y = -1},
    {.bitmap_index = 4190, .adv_w = 282, .box_w = 17, .box_h = 22, .ofs_x = 0, .ofs_y = -2},
    {.bitmap_index = 4377, .adv_w = 282, .box_w = 18, .box_h = 23, .ofs_x = 0, .ofs_y = -3},
    {.bitmap_index = 4584, .adv_w = 282, .box_w = 17, .box_h = 21, .ofs_x = 0, .ofs_y = -1},
    {.bitmap_index = 4763, .adv_w = 282, .box_w = 17, .box_h = 24, .ofs_x = 0, .ofs_y = -3},
    {.bitmap_index = 4967, .adv_w = 282, .box_w = 16, .box_h = 22, .ofs_x = 1, .ofs_y = -2},
    {.bitmap_index = 5143, .adv_w = 282, .box_w = 17, .box_h = 22, .ofs_x = 0, .ofs_y = -2},
    {.bitmap_index = 5330, .adv_w = 282, .box_w = 17, .box_h = 22, .ofs_x = 1, .ofs_y = -2},
    {.bitmap_index = 5517, .adv_w = 282, .box_w = 17, .box_h = 23, .ofs_x = 0, .ofs_y = -2},
    {.bitmap_index = 5713, .adv_w = 282, .box_w = 17, .box_h = 22, .ofs_x = 0, .ofs_y = -2},
    {.bitmap_index = 5900, .adv_w = 282, .box_w = 16, .box_h = 23, .ofs_x = 1, .ofs_y = -3},
    {.bitmap_index = 6084, .adv_w = 282, .box_w = 18, .box_h = 24, .ofs_x = 0, .ofs_y = -3},
    {.bitmap_index = 6300, .adv_w = 282, .box_w = 16, .box_h = 23, .ofs_x = 1, .ofs_y = -3},
    {.bitmap_index = 6484, .adv_w = 282, .box_w = 17, .box_h = 22, .ofs_x = 0, .ofs_y = -2},
    {.bitmap_index = 6671, .adv_w = 282, .box_w = 17, .box_h = 22, .ofs_x = 0, .ofs_y = -2},
    {.bitmap_index = 6858, .adv_w = 282, .box_w = 18, .box_h = 23, .ofs_x = 0, .ofs_y = -3},
    {.bitmap_index = 7065, .adv_w = 282, .box_w = 17, .box_h = 22, .ofs_x = 0, .ofs_y = -2},
    {.bitmap_index = 7252, .adv_w = 282, .box_w = 17, .box_h = 23, .ofs_x = 0, .ofs_y = -2},
    {.bitmap_index = 7448, .adv_w = 282, .box_w = 18, .box_h = 22, .ofs_x = 0, .ofs_y = -2},
    {.bitmap_index = 7646, .adv_w = 282, .box_w = 18, .box_h = 22, .ofs_x = 0, .ofs_y = -2},
    {.bitmap_index = 7844, .adv_w = 282, .box_w = 18, .box_h = 22, .ofs_x = 0, .ofs_y = -2},
    {.bitmap_index = 8042, .adv_w = 282, .box_w = 17, .box_h = 24, .ofs_x = 1, .ofs_y = -3},
    {.bitmap_index = 8246, .adv_w = 282, .box_w = 17, .box_h = 24, .ofs_x = 1, .ofs_y = -3},
    {.bitmap_index = 8450, .adv_w = 282, .box_w = 17, .box_h = 22, .ofs_x = 0, .ofs_y = -2},
    {.bitmap_index = 8637, .adv_w = 282, .box_w = 18, .box_h = 23, .ofs_x = 0, .ofs_y = -3},
    {.bitmap_index = 8844, .adv_w = 282, .box_w = 17, .box_h = 24, .ofs_x = 0, .ofs_y = -3},
    {.bitmap_index = 9048, .adv_w = 282, .box_w = 17, .box_h = 22, .ofs_x = 0, .ofs_y = -2},
    {.bitmap_index = 9235, .adv_w = 282, .box_w = 17, .box_h = 23, .ofs_x = 1, .ofs_y = -2},
    {.bitmap_index = 9431, .adv_w = 282, .box_w = 17, .box_h = 22, .ofs_x = 1, .ofs_y = -2},
    {.bitmap_index = 9618, .adv_w = 282, .box_w = 17, .box_h = 24, .ofs_x = 1, .ofs_y = -3},
    {.bitmap_index = 9822, .adv_w = 282, .box_w = 17, .box_h = 23, .ofs_x = 0, .ofs_y = -2},
    {.bitmap_index = 10018, .adv_w = 282, .box_w = 18, .box_h = 24, .ofs_x = 0, .ofs_y = -3},
    {.bitmap_index = 10234, .adv_w = 282, .box_w = 16, .box_h = 23, .ofs_x = 1, .ofs_y = -2},
    {.bitmap_index = 10418, .adv_w = 282, .box_w = 17, .box_h = 23, .ofs_x = 1, .ofs_y = -2},
    {.bitmap_index = 10614, .adv_w = 282, .box_w = 16, .box_h = 23, .ofs_x = 1, .ofs_y = -2},
    {.bitmap_index = 10798, .adv_w = 282, .box_w = 18, .box_h = 23, .ofs_x = 0, .ofs_y = -2},
    {.bitmap_index = 11005, .adv_w = 282, .box_w = 18, .box_h = 23, .ofs_x = 0, .ofs_y = -2},
    {.bitmap_index = 11212, .adv_w = 282, .box_w = 18, .box_h = 23, .ofs_x = 0, .ofs_y = -2},
    {.bitmap_index = 11419, .adv_w = 282, .box_w = 17, .box_h = 23, .ofs_x = 0, .ofs_y = -3},
    {.bitmap_index = 11615, .adv_w = 282, .box_w = 17, .box_h = 23, .ofs_x = 0, .ofs_y = -3},
    {.bitmap_index = 11811, .adv_w = 282, .box_w = 17, .box_h = 21, .ofs_x = 0, .ofs_y = -2},
    {.bitmap_index = 11990, .adv_w = 282, .box_w = 17, .box_h = 23, .ofs_x = 1, .ofs_y = -3},
    {.bitmap_index = 12186, .adv_w = 282, .box_w = 17, .box_h = 23, .ofs_x = 0, .ofs_y = -3},
    {.bitmap_index = 12382, .adv_w = 282, .box_w = 18, .box_h = 22, .ofs_x = 0, .ofs_y = -2},
    {.bitmap_index = 12580, .adv_w = 282, .box_w = 17, .box_h = 22, .ofs_x = 0, .ofs_y = -2},
    {.bitmap_index = 12767, .adv_w = 282, .box_w = 17, .box_h = 22, .ofs_x = 1, .ofs_y = -2},
    {.bitmap_index = 12954, .adv_w = 282, .box_w = 16, .box_h = 22, .ofs_x = 1, .ofs_y = -2},
    {.bitmap_index = 13130, .adv_w = 282, .box_w = 17, .box_h = 22, .ofs_x = 0, .ofs_y = -2},
    {.bitmap_index = 13317, .adv_w = 282, .box_w = 17, .box_h = 22, .ofs_x = 0, .ofs_y = -2},
    {.bitmap_index = 13504, .adv_w = 282, .box_w = 16, .box_h = 23, .ofs_x = 1, .ofs_y = -3},
    {.bitmap_index = 13688, .adv_w = 282, .box_w = 16, .box_h = 21, .ofs_x = 1, .ofs_y = -2},
    {.bitmap_index = 13856, .adv_w = 282, .box_w = 17, .box_h = 22, .ofs_x = 0, .ofs_y = -2},
    {.bitmap_index = 14043, .adv_w = 282, .box_w = 18, .box_h = 22, .ofs_x = 0, .ofs_y = -2},
    {.bitmap_index = 14241, .adv_w = 282, .box_w = 16, .box_h = 22, .ofs_x = 1, .ofs_y = -2},
    {.bitmap_index = 14417, .adv_w = 282, .box_w = 17, .box_h = 22, .ofs_x = 0, .ofs_y = -3},
    {.bitmap_index = 14604, .adv_w = 282, .box_w = 17, .box_h = 21, .ofs_x = 1, .ofs_y = -2},
    {.bitmap_index = 14783, .adv_w = 282, .box_w = 17, .box_h = 22, .ofs_x = 0, .ofs_y = -2},
    {.bitmap_index = 14970, .adv_w = 282, .box_w = 17, .box_h = 22, .ofs_x = 0, .ofs_y = -2},
    {.bitmap_index = 15157, .adv_w = 282, .box_w = 18, .box_h = 22, .ofs_x = 0, .ofs_y = -2},
    {.bitmap_index = 15355, .adv_w = 282, .box_w = 17, .box_h = 21, .ofs_x = 0, .ofs_y = -2},
    {.bitmap_index = 15534, .adv_w = 282, .box_w = 16, .box_h = 22, .ofs_x = 1, .ofs_y = -2},
    {.bitmap_index = 15710, .adv_w = 282, .box_w = 15, .box_h = 22, .ofs_x = 2, .ofs_y = -2},
    {.bitmap_index = 15875, .adv_w = 282, .box_w = 16, .box_h = 21, .ofs_x = 1, .ofs_y = -2},
    {.bitmap_index = 16043, .adv_w = 282, .box_w = 17, .box_h = 22, .ofs_x = 1, .ofs_y = -2},
    {.bitmap_index = 16230, .adv_w = 282, .box_w = 16, .box_h = 23, .ofs_x = 2, .ofs_y = -3},
    {.bitmap_index = 16414, .adv_w = 282, .box_w = 18, .box_h = 23, .ofs_x = 0, .ofs_y = -3},
    {.bitmap_index = 16621, .adv_w = 282, .box_w = 17, .box_h = 22, .ofs_x = 1, .ofs_y = -2},
    {.bitmap_index = 16808, .adv_w = 282, .box_w = 17, .box_h = 23, .ofs_x = 0, .ofs_y = -3},
    {.bitmap_index = 17004, .adv_w = 282, .box_w = 18, .box_h = 22, .ofs_x = 0, .ofs_y = -3},
    {.bitmap_index = 17202, .adv_w = 282, .box_w = 18, .box_h = 21, .ofs_x = 0, .ofs_y = -2},
    {.bitmap_index = 17391, .adv_w = 282, .box_w = 18, .box_h = 21, .ofs_x = 0, .ofs_y = -2},
    {.bitmap_index = 17580, .adv_w = 282, .box_w = 17, .box_h = 22, .ofs_x = 1, .ofs_y = -2},
    {.bitmap_index = 17767, .adv_w = 282, .box_w = 17, .box_h = 22, .ofs_x = 1, .ofs_y = -2},
    {.bitmap_index = 17954, .adv_w = 282, .box_w = 18, .box_h = 22, .ofs_x = 0, .ofs_y = -2},
    {.bitmap_index = 18152, .adv_w = 282, .box_w = 18, .box_h = 23, .ofs_x = 0, .ofs_y = -2},
    {.bitmap_index = 18359, .adv_w = 282, .box_w = 17, .box_h = 22, .ofs_x = 1, .ofs_y = -2},
    {.bitmap_index = 18546, .adv_w = 282, .box_w = 18, .box_h = 24, .ofs_x = 0, .ofs_y = -3},
    {.bitmap_index = 18762, .adv_w = 282, .box_w = 17, .box_h = 22, .ofs_x = 1, .ofs_y = -2},
    {.bitmap_index = 18949, .adv_w = 282, .box_w = 16, .box_h = 23, .ofs_x = 1, .ofs_y = -3},
    {.bitmap_index = 19133, .adv_w = 282, .box_w = 18, .box_h = 23, .ofs_x = 0, .ofs_y = -3},
    {.bitmap_index = 19340, .adv_w = 282, .box_w = 16, .box_h = 23, .ofs_x = 1, .ofs_y = -3},
    {.bitmap_index = 19524, .adv_w = 282, .box_w = 17, .box_h = 23, .ofs_x = 0, .ofs_y = -3},
    {.bitmap_index = 19720, .adv_w = 282, .box_w = 16, .box_h = 22, .ofs_x = 1, .ofs_y = -2},
    {.bitmap_index = 19896, .adv_w = 282, .box_w = 16, .box_h = 22, .ofs_x = 1, .ofs_y = -2},
    {.bitmap_index = 20072, .adv_w = 282, .box_w = 16, .box_h = 23, .ofs_x = 1, .ofs_y = -3},
    {.bitmap_index = 20256, .adv_w = 282, .box_w = 17, .box_h = 21, .ofs_x = 1, .ofs_y = -2},
    {.bitmap_index = 20435, .adv_w = 282, .box_w = 17, .box_h = 21, .ofs_x = 1, .ofs_y = -2},
    {.bitmap_index = 20614, .adv_w = 282, .box_w = 17, .box_h = 23, .ofs_x = 0, .ofs_y = -3},
    {.bitmap_index = 20810, .adv_w = 282, .box_w = 16, .box_h = 22, .ofs_x = 1, .ofs_y = -2},
    {.bitmap_index = 20986, .adv_w = 282, .box_w = 17, .box_h = 23, .ofs_x = 1, .ofs_y = -3},
    {.bitmap_index = 21182, .adv_w = 282, .box_w = 16, .box_h = 22, .ofs_x = 1, .ofs_y = -2},
    {.bitmap_index = 21358, .adv_w = 282, .box_w = 15, .box_h = 22, .ofs_x = 2, .ofs_y = -2},
    {.bitmap_index = 21523, .adv_w = 282, .box_w = 16, .box_h = 21, .ofs_x = 1, .ofs_y = -2},
    {.bitmap_index = 21691, .adv_w = 282, .box_w = 18, .box_h = 21, .ofs_x = 0, .ofs_y = -2},
    {.bitmap_index = 21880, .adv_w = 282, .box_w = 18, .box_h = 22, .ofs_x = 0, .ofs_y = -3},
    {.bitmap_index = 22078, .adv_w = 282, .box_w = 18, .box_h = 22, .ofs_x = 0, .ofs_y = -3},
    {.bitmap_index = 22276, .adv_w = 282, .box_w = 16, .box_h = 22, .ofs_x = 1, .ofs_y = -2},
    {.bitmap_index = 22452, .adv_w = 282, .box_w = 16, .box_h = 21, .ofs_x = 0, .ofs_y = -2},
    {.bitmap_index = 22620, .adv_w = 282, .box_w = 17, .box_h = 21, .ofs_x = 0, .ofs_y = -2},
    {.bitmap_index = 22799, .adv_w = 282, .box_w = 17, .box_h = 22, .ofs_x = 0, .ofs_y = -3},
    {.bitmap_index = 22986, .adv_w = 282, .box_w = 17, .box_h = 22, .ofs_x = 0, .ofs_y = -2},
    {.bitmap_index = 23173, .adv_w = 282, .box_w = 17, .box_h = 22, .ofs_x = 0, .ofs_y = -2},
    {.bitmap_index = 23360, .adv_w = 282, .box_w = 17, .box_h = 22, .ofs_x = 1, .ofs_y = -3},
    {.bitmap_index = 23547, .adv_w = 282, .box_w = 18, .box_h = 22, .ofs_x = 0, .ofs_y = -2},
    {.bitmap_index = 23745, .adv_w = 282, .box_w = 17, .box_h = 21, .ofs_x = 0, .ofs_y = -2},
    {.bitmap_index = 23924, .adv_w = 282, .box_w = 15, .box_h = 21, .ofs_x = 2, .ofs_y = -2},
    {.bitmap_index = 24082, .adv_w = 282, .box_w = 15, .box_h = 22, .ofs_x = 1, .ofs_y = -3},
    {.bitmap_index = 24247, .adv_w = 282, .box_w = 16, .box_h = 21, .ofs_x = 0, .ofs_y = -2},
    {.bitmap_index = 24415, .adv_w = 282, .box_w = 16, .box_h = 21, .ofs_x = 2, .ofs_y = -2},
    {.bitmap_index = 24583, .adv_w = 282, .box_w = 15, .box_h = 22, .ofs_x = 2, .ofs_y = -2},
    {.bitmap_index = 24748, .adv_w = 282, .box_w = 17, .box_h = 22, .ofs_x = 0, .ofs_y = -2},
    {.bitmap_index = 24935, .adv_w = 282, .box_w = 16, .box_h = 22, .ofs_x = 1, .ofs_y = -2},
    {.bitmap_index = 25111, .adv_w = 282, .box_w = 15, .box_h = 21, .ofs_x = 2, .ofs_y = -2},
    {.bitmap_index = 25269, .adv_w = 282, .box_w = 18, .box_h = 22, .ofs_x = 0, .ofs_y = -2},
    {.bitmap_index = 25467, .adv_w = 282, .box_w = 16, .box_h = 22, .ofs_x = 1, .ofs_y = -3},
    {.bitmap_index = 25643, .adv_w = 282, .box_w = 15, .box_h = 22, .ofs_x = 1, .ofs_y = -2},
    {.bitmap_index = 25808, .adv_w = 282, .box_w = 17, .box_h = 23, .ofs_x = 0, .ofs_y = -3},
    {.bitmap_index = 26004, .adv_w = 282, .box_w = 16, .box_h = 22, .ofs_x = 1, .ofs_y = -2},
    {.bitmap_index = 26180, .adv_w = 282, .box_w = 16, .box_h = 21, .ofs_x = 1, .ofs_y = -2},
    {.bitmap_index = 26348, .adv_w = 282, .box_w = 16, .box_h = 21, .ofs_x = 2, .ofs_y = -2},
    {.bitmap_index = 26516, .adv_w = 282, .box_w = 17, .box_h = 22, .ofs_x = 1, .ofs_y = -2},
    {.bitmap_index = 26703, .adv_w = 282, .box_w = 17, .box_h = 23, .ofs_x = 0, .ofs_y = -3},
    {.bitmap_index = 26899, .adv_w = 282, .box_w = 15, .box_h = 22, .ofs_x = 2, .ofs_y = -2},
    {.bitmap_index = 27064, .adv_w = 282, .box_w = 18, .box_h = 21, .ofs_x = 0, .ofs_y = -2},
    {.bitmap_index = 27253, .adv_w = 282, .box_w = 17, .box_h = 22, .ofs_x = 1, .ofs_y = -2},
    {.bitmap_index = 27440, .adv_w = 282, .box_w = 18, .box_h = 22, .ofs_x = 0, .ofs_y = -2},
    {.bitmap_index = 27638, .adv_w = 282, .box_w = 16, .box_h = 22, .ofs_x = 1, .ofs_y = -2},
    {.bitmap_index = 27814, .adv_w = 282, .box_w = 16, .box_h = 21, .ofs_x = 1, .ofs_y = -2},
    {.bitmap_index = 27982, .adv_w = 282, .box_w = 16, .box_h = 21, .ofs_x = 1, .ofs_y = -2},
    {.bitmap_index = 28150, .adv_w = 282, .box_w = 17, .box_h = 21, .ofs_x = 1, .ofs_y = -2},
    {.bitmap_index = 28329, .adv_w = 282, .box_w = 17, .box_h = 21, .ofs_x = 1, .ofs_y = -2},
    {.bitmap_index = 28508, .adv_w = 282, .box_w = 17, .box_h = 21, .ofs_x = 1, .ofs_y = -2},
    {.bitmap_index = 28687, .adv_w = 282, .box_w = 17, .box_h = 21, .ofs_x = 1, .ofs_y = -2},
    {.bitmap_index = 28866, .adv_w = 282, .box_w = 17, .box_h = 21, .ofs_x = 1, .ofs_y = -2},
    {.bitmap_index = 29045, .adv_w = 282, .box_w = 17, .box_h = 21, .ofs_x = 1, .ofs_y = -2},
    {.bitmap_index = 29224, .adv_w = 282, .box_w = 18, .box_h = 21, .ofs_x = 0, .ofs_y = -2},
    {.bitmap_index = 29413, .adv_w = 282, .box_w = 17, .box_h = 22, .ofs_x = 1, .ofs_y = -2},
    {.bitmap_index = 29600, .adv_w = 282, .box_w = 17, .box_h = 22, .ofs_x = 0, .ofs_y = -2},
    {.bitmap_index = 29787, .adv_w = 282, .box_w = 17, .box_h = 21, .ofs_x = 0, .ofs_y = -1},
    {.bitmap_index = 29966, .adv_w = 282, .box_w = 18, .box_h = 23, .ofs_x = 0, .ofs_y = -2},
    {.bitmap_index = 30173, .adv_w = 282, .box_w = 16, .box_h = 23, .ofs_x = 1, .ofs_y = -3},
    {.bitmap_index = 30357, .adv_w = 282, .box_w = 17, .box_h = 22, .ofs_x = 0, .ofs_y = -2},
    {.bitmap_index = 30544, .adv_w = 282, .box_w = 17, .box_h = 22, .ofs_x = 1, .ofs_y = -2},
    {.bitmap_index = 30731, .adv_w = 282, .box_w = 16, .box_h = 22, .ofs_x = 1, .ofs_y = -2},
    {.bitmap_index = 30907, .adv_w = 282, .box_w = 17, .box_h = 22, .ofs_x = 1, .ofs_y = -2},
    {.bitmap_index = 31094, .adv_w = 282, .box_w = 16, .box_h = 23, .ofs_x = 1, .ofs_y = -2},
    {.bitmap_index = 31278, .adv_w = 282, .box_w = 18, .box_h = 22, .ofs_x = 0, .ofs_y = -2},
    {.bitmap_index = 31476, .adv_w = 282, .box_w = 15, .box_h = 22, .ofs_x = 2, .ofs_y = -2},
    {.bitmap_index = 31641, .adv_w = 282, .box_w = 16, .box_h = 22, .ofs_x = 1, .ofs_y = -2},
    {.bitmap_index = 31817, .adv_w = 282, .box_w = 17, .box_h = 23, .ofs_x = 0, .ofs_y = -3},
    {.bitmap_index = 32013, .adv_w = 282, .box_w = 16, .box_h = 22, .ofs_x = 1, .ofs_y = -2},
    {.bitmap_index = 32189, .adv_w = 282, .box_w = 18, .box_h = 22, .ofs_x = 0, .ofs_y = -2},
    {.bitmap_index = 32387, .adv_w = 282, .box_w = 17, .box_h = 21, .ofs_x = 0, .ofs_y = -2},
    {.bitmap_index = 32566, .adv_w = 282, .box_w = 17, .box_h = 23, .ofs_x = 0, .ofs_y = -3},
    {.bitmap_index = 32762, .adv_w = 282, .box_w = 17, .box_h = 23, .ofs_x = 0, .ofs_y = -3},
    {.bitmap_index = 32958, .adv_w = 282, .box_w = 17, .box_h = 22, .ofs_x = 0, .ofs_y = -2},
    {.bitmap_index = 33145, .adv_w = 282, .box_w = 17, .box_h = 22, .ofs_x = 0, .ofs_y = -2},
    {.bitmap_index = 33332, .adv_w = 282, .box_w = 18, .box_h = 22, .ofs_x = 0, .ofs_y = -2},
    {.bitmap_index = 33530, .adv_w = 282, .box_w = 15, .box_h = 21, .ofs_x = 2, .ofs_y = -2},
    {.bitmap_index = 33688, .adv_w = 282, .box_w = 17, .box_h = 22, .ofs_x = 1, .ofs_y = -2},
    {.bitmap_index = 33875, .adv_w = 282, .box_w = 16, .box_h = 22, .ofs_x = 1, .ofs_y = -2},
    {.bitmap_index = 34051, .adv_w = 282, .box_w = 16, .box_h = 22, .ofs_x = 1, .ofs_y = -2},
    {.bitmap_index = 34227, .adv_w = 282, .box_w = 15, .box_h = 22, .ofs_x = 2, .ofs_y = -2},
    {.bitmap_index = 34392, .adv_w = 282, .box_w = 17, .box_h = 22, .ofs_x = 1, .ofs_y = -2},
    {.bitmap_index = 34579, .adv_w = 282, .box_w = 17, .box_h = 23, .ofs_x = 0, .ofs_y = -3},
    {.bitmap_index = 34775, .adv_w = 282, .box_w = 17, .box_h = 23, .ofs_x = 0, .ofs_y = -3},
    {.bitmap_index = 34971, .adv_w = 282, .box_w = 16, .box_h = 22, .ofs_x = 1, .ofs_y = -2},
    {.bitmap_index = 35147, .adv_w = 282, .box_w = 16, .box_h = 22, .ofs_x = 1, .ofs_y = -2},
    {.bitmap_index = 35323, .adv_w = 282, .box_w = 18, .box_h = 22, .ofs_x = 0, .ofs_y = -2},
    {.bitmap_index = 35521, .adv_w = 282, .box_w = 16, .box_h = 22, .ofs_x = 2, .ofs_y = -2},
    {.bitmap_index = 35697, .adv_w = 282, .box_w = 18, .box_h = 22, .ofs_x = 0, .ofs_y = -2},
    {.bitmap_index = 35895, .adv_w = 282, .box_w = 16, .box_h = 21, .ofs_x = 1, .ofs_y = -2},
    {.bitmap_index = 36063, .adv_w = 282, .box_w = 18, .box_h = 22, .ofs_x = 0, .ofs_y = -2},
    {.bitmap_index = 36261, .adv_w = 282, .box_w = 18, .box_h = 24, .ofs_x = 0, .ofs_y = -3},
    {.bitmap_index = 36477, .adv_w = 282, .box_w = 17, .box_h = 22, .ofs_x = 0, .ofs_y = -2},
    {.bitmap_index = 36664, .adv_w = 282, .box_w = 16, .box_h = 22, .ofs_x = 0, .ofs_y = -3},
    {.bitmap_index = 36840, .adv_w = 282, .box_w = 17, .box_h = 21, .ofs_x = 0, .ofs_y = -2},
    {.bitmap_index = 37019, .adv_w = 282, .box_w = 17, .box_h = 22, .ofs_x = 0, .ofs_y = -3},
    {.bitmap_index = 37206, .adv_w = 282, .box_w = 17, .box_h = 22, .ofs_x = 0, .ofs_y = -3},
    {.bitmap_index = 37393, .adv_w = 282, .box_w = 17, .box_h = 22, .ofs_x = 0, .ofs_y = -3},
    {.bitmap_index = 37580, .adv_w = 282, .box_w = 18, .box_h = 23, .ofs_x = 0, .ofs_y = -2},
    {.bitmap_index = 37787, .adv_w = 282, .box_w = 16, .box_h = 21, .ofs_x = 1, .ofs_y = -2},
    {.bitmap_index = 37955, .adv_w = 282, .box_w = 17, .box_h = 22, .ofs_x = 0, .ofs_y = -2},
    {.bitmap_index = 38142, .adv_w = 282, .box_w = 17, .box_h = 22, .ofs_x = 0, .ofs_y = -2},
    {.bitmap_index = 38329, .adv_w = 282, .box_w = 14, .box_h = 21, .ofs_x = 3, .ofs_y = -2},
    {.bitmap_index = 38476, .adv_w = 282, .box_w = 17, .box_h = 22, .ofs_x = 1, .ofs_y = -2},
    {.bitmap_index = 38663, .adv_w = 282, .box_w = 17, .box_h = 22, .ofs_x = 0, .ofs_y = -2},
    {.bitmap_index = 38850, .adv_w = 282, .box_w = 16, .box_h = 21, .ofs_x = 2, .ofs_y = -2},
    {.bitmap_index = 39018, .adv_w = 282, .box_w = 17, .box_h = 23, .ofs_x = 1, .ofs_y = -3},
    {.bitmap_index = 39214, .adv_w = 282, .box_w = 16, .box_h = 22, .ofs_x = 2, .ofs_y = -2},
    {.bitmap_index = 39390, .adv_w = 282, .box_w = 17, .box_h = 22, .ofs_x = 1, .ofs_y = -2},
    {.bitmap_index = 39577, .adv_w = 282, .box_w = 17, .box_h = 22, .ofs_x = 1, .ofs_y = -2},
    {.bitmap_index = 39764, .adv_w = 282, .box_w = 17, .box_h = 22, .ofs_x = 1, .ofs_y = -2},
    {.bitmap_index = 39951, .adv_w = 282, .box_w = 17, .box_h = 21, .ofs_x = 1, .ofs_y = -2},
    {.bitmap_index = 40130, .adv_w = 282, .box_w = 16, .box_h = 22, .ofs_x = 1, .ofs_y = -2},
    {.bitmap_index = 40306, .adv_w = 282, .box_w = 18, .box_h = 22, .ofs_x = 0, .ofs_y = -2},
    {.bitmap_index = 40504, .adv_w = 282, .box_w = 18, .box_h = 23, .ofs_x = 0, .ofs_y = -3},
    {.bitmap_index = 40711, .adv_w = 282, .box_w = 18, .box_h = 22, .ofs_x = 0, .ofs_y = -2},
    {.bitmap_index = 40909, .adv_w = 282, .box_w = 17, .box_h = 23, .ofs_x = 0, .ofs_y = -3},
    {.bitmap_index = 41105, .adv_w = 282, .box_w = 18, .box_h = 23, .ofs_x = 0, .ofs_y = -3},
    {.bitmap_index = 41312, .adv_w = 282, .box_w = 17, .box_h = 22, .ofs_x = 0, .ofs_y = -3},
    {.bitmap_index = 41499, .adv_w = 282, .box_w = 17, .box_h = 22, .ofs_x = 0, .ofs_y = -3},
    {.bitmap_index = 41686, .adv_w = 282, .box_w = 18, .box_h = 22, .ofs_x = 0, .ofs_y = -2},
    {.bitmap_index = 41884, .adv_w = 282, .box_w = 15, .box_h = 22, .ofs_x = 2, .ofs_y = -2},
    {.bitmap_index = 42049, .adv_w = 282, .box_w = 16, .box_h = 21, .ofs_x = 1, .ofs_y = -2},
    {.bitmap_index = 42217, .adv_w = 282, .box_w = 16, .box_h = 22, .ofs_x = 1, .ofs_y = -2},
    {.bitmap_index = 42393, .adv_w = 282, .box_w = 16, .box_h = 21, .ofs_x = 1, .ofs_y = -2},
    {.bitmap_index = 42561, .adv_w = 282, .box_w = 17, .box_h = 22, .ofs_x = 1, .ofs_y = -2},
    {.bitmap_index = 42748, .adv_w = 282, .box_w = 16, .box_h = 22, .ofs_x = 1, .ofs_y = -2},
    {.bitmap_index = 42924, .adv_w = 282, .box_w = 17, .box_h = 21, .ofs_x = 0, .ofs_y = -2},
    {.bitmap_index = 43103, .adv_w = 282, .box_w = 18, .box_h = 22, .ofs_x = 0, .ofs_y = -2},
    {.bitmap_index = 43301, .adv_w = 282, .box_w = 17, .box_h = 22, .ofs_x = 0, .ofs_y = -2},
    {.bitmap_index = 43488, .adv_w = 282, .box_w = 16, .box_h = 22, .ofs_x = 1, .ofs_y = -2},
    {.bitmap_index = 43664, .adv_w = 282, .box_w = 16, .box_h = 23, .ofs_x = 1, .ofs_y = -3},
    {.bitmap_index = 43848, .adv_w = 282, .box_w = 16, .box_h = 23, .ofs_x = 1, .ofs_y = -3},
    {.bitmap_index = 44032, .adv_w = 282, .box_w = 16, .box_h = 23, .ofs_x = 1, .ofs_y = -3},
    {.bitmap_index = 44216, .adv_w = 282, .box_w = 17, .box_h = 24, .ofs_x = 1, .ofs_y = -3},
    {.bitmap_index = 44420, .adv_w = 282, .box_w = 17, .box_h = 23, .ofs_x = 1, .ofs_y = -3},
    {.bitmap_index = 44616, .adv_w = 282, .box_w = 17, .box_h = 22, .ofs_x = 0, .ofs_y = -2},
    {.bitmap_index = 44803, .adv_w = 282, .box_w = 17, .box_h = 22, .ofs_x = 0, .ofs_y = -2},
    {.bitmap_index = 44990, .adv_w = 282, .box_w = 18, .box_h = 22, .ofs_x = 0, .ofs_y = -2},
    {.bitmap_index = 45188, .adv_w = 282, .box_w = 17, .box_h = 23, .ofs_x = 0, .ofs_y = -3},
    {.bitmap_index = 45384, .adv_w = 282, .box_w = 16, .box_h = 22, .ofs_x = 0, .ofs_y = -2},
    {.bitmap_index = 45560, .adv_w = 282, .box_w = 17, .box_h = 22, .ofs_x = 0, .ofs_y = -2},
    {.bitmap_index = 45747, .adv_w = 282, .box_w = 17, .box_h = 22, .ofs_x = 0, .ofs_y = -2},
    {.bitmap_index = 45934, .adv_w = 282, .box_w = 17, .box_h = 22, .ofs_x = 0, .ofs_y = -2},
    {.bitmap_index = 46121, .adv_w = 282, .box_w = 17, .box_h = 22, .ofs_x = 0, .ofs_y = -2},
    {.bitmap_index = 46308, .adv_w = 282, .box_w = 17, .box_h = 24, .ofs_x = 1, .ofs_y = -3},
    {.bitmap_index = 46512, .adv_w = 282, .box_w = 17, .box_h = 22, .ofs_x = 0, .ofs_y = -2},
    {.bitmap_index = 46699, .adv_w = 282, .box_w = 17, .box_h = 21, .ofs_x = 0, .ofs_y = -2},
    {.bitmap_index = 46878, .adv_w = 282, .box_w = 18, .box_h = 23, .ofs_x = 0, .ofs_y = -3},
    {.bitmap_index = 47085, .adv_w = 282, .box_w = 18, .box_h = 22, .ofs_x = 0, .ofs_y = -2},
    {.bitmap_index = 47283, .adv_w = 282, .box_w = 18, .box_h = 22, .ofs_x = 0, .ofs_y = -2},
    {.bitmap_index = 47481, .adv_w = 282, .box_w = 17, .box_h = 22, .ofs_x = 0, .ofs_y = -2},
    {.bitmap_index = 47668, .adv_w = 282, .box_w = 17, .box_h = 22, .ofs_x = 0, .ofs_y = -2},
    {.bitmap_index = 47855, .adv_w = 282, .box_w = 17, .box_h = 23, .ofs_x = 0, .ofs_y = -3},
    {.bitmap_index = 48051, .adv_w = 282, .box_w = 16, .box_h = 22, .ofs_x = 1, .ofs_y = -2},
    {.bitmap_index = 48227, .adv_w = 282, .box_w = 16, .box_h = 22, .ofs_x = 1, .ofs_y = -2},
    {.bitmap_index = 48403, .adv_w = 282, .box_w = 17, .box_h = 23, .ofs_x = 0, .ofs_y = -3},
    {.bitmap_index = 48599, .adv_w = 282, .box_w = 17, .box_h = 23, .ofs_x = 0, .ofs_y = -3},
    {.bitmap_index = 48795, .adv_w = 282, .box_w = 16, .box_h = 22, .ofs_x = 1, .ofs_y = -2},
    {.bitmap_index = 48971, .adv_w = 282, .box_w = 17, .box_h = 23, .ofs_x = 1, .ofs_y = -3},
    {.bitmap_index = 49167, .adv_w = 282, .box_w = 17, .box_h = 23, .ofs_x = 0, .ofs_y = -3},
    {.bitmap_index = 49363, .adv_w = 282, .box_w = 17, .box_h = 22, .ofs_x = 0, .ofs_y = -2},
    {.bitmap_index = 49550, .adv_w = 282, .box_w = 17, .box_h = 23, .ofs_x = 0, .ofs_y = -3},
    {.bitmap_index = 49746, .adv_w = 282, .box_w = 18, .box_h = 22, .ofs_x = 0, .ofs_y = -2},
    {.bitmap_index = 49944, .adv_w = 282, .box_w = 18, .box_h = 23, .ofs_x = 0, .ofs_y = -3},
    {.bitmap_index = 50151, .adv_w = 282, .box_w = 17, .box_h = 23, .ofs_x = 0, .ofs_y = -3},
    {.bitmap_index = 50347, .adv_w = 282, .box_w = 17, .box_h = 23, .ofs_x = 0, .ofs_y = -3},
    {.bitmap_index = 50543, .adv_w = 282, .box_w = 17, .box_h = 23, .ofs_x = 0, .ofs_y = -3},
    {.bitmap_index = 50739, .adv_w = 282, .box_w = 17, .box_h = 23, .ofs_x = 0, .ofs_y = -3},
    {.bitmap_index = 50935, .adv_w = 282, .box_w = 18, .box_h = 23, .ofs_x = 0, .ofs_y = -3},
    {.bitmap_index = 51142, .adv_w = 282, .box_w = 17, .box_h = 23, .ofs_x = 0, .ofs_y = -3},
    {.bitmap_index = 51338, .adv_w = 282, .box_w = 18, .box_h = 23, .ofs_x = 0, .ofs_y = -3},
    {.bitmap_index = 51545, .adv_w = 282, .box_w = 18, .box_h = 23, .ofs_x = 0, .ofs_y = -3},
    {.bitmap_index = 51752, .adv_w = 282, .box_w = 18, .box_h = 24, .ofs_x = 0, .ofs_y = -3},
    {.bitmap_index = 51968, .adv_w = 282, .box_w = 18, .box_h = 23, .ofs_x = 0, .ofs_y = -3},
    {.bitmap_index = 52175, .adv_w = 282, .box_w = 18, .box_h = 23, .ofs_x = 0, .ofs_y = -3},
    {.bitmap_index = 52382, .adv_w = 282, .box_w = 18, .box_h = 23, .ofs_x = 0, .ofs_y = -3},
    {.bitmap_index = 52589, .adv_w = 282, .box_w = 18, .box_h = 23, .ofs_x = 0, .ofs_y = -3},
    {.bitmap_index = 52796, .adv_w = 282, .box_w = 17, .box_h = 24, .ofs_x = 0, .ofs_y = -3},
    {.bitmap_index = 53000, .adv_w = 282, .box_w = 17, .box_h = 23, .ofs_x = 0, .ofs_y = -3},
    {.bitmap_index = 53196, .adv_w = 282, .box_w = 18, .box_h = 23, .ofs_x = 0, .ofs_y = -3},
    {.bitmap_index = 53403, .adv_w = 282, .box_w = 18, .box_h = 23, .ofs_x = 0, .ofs_y = -3},
    {.bitmap_index = 53610, .adv_w = 282, .box_w = 18, .box_h = 23, .ofs_x = 0, .ofs_y = -3},
    {.bitmap_index = 53817, .adv_w = 282, .box_w = 18, .box_h = 22, .ofs_x = 0, .ofs_y = -2},
    {.bitmap_index = 54015, .adv_w = 282, .box_w = 17, .box_h = 23, .ofs_x = 0, .ofs_y = -2},
    {.bitmap_index = 54211, .adv_w = 282, .box_w = 18, .box_h = 23, .ofs_x = 0, .ofs_y = -3},
    {.bitmap_index = 54418, .adv_w = 282, .box_w = 17, .box_h = 23, .ofs_x = 0, .ofs_y = -3},
    {.bitmap_index = 54614, .adv_w = 282, .box_w = 18, .box_h = 23, .ofs_x = 0, .ofs_y = -3},
    {.bitmap_index = 54821, .adv_w = 282, .box_w = 18, .box_h = 23, .ofs_x = 0, .ofs_y = -3},
    {.bitmap_index = 55028, .adv_w = 282, .box_w = 16, .box_h = 23, .ofs_x = 1, .ofs_y = -3},
    {.bitmap_index = 55212, .adv_w = 282, .box_w = 18, .box_h = 23, .ofs_x = 0, .ofs_y = -3},
    {.bitmap_index = 55419, .adv_w = 282, .box_w = 18, .box_h = 23, .ofs_x = 0, .ofs_y = -3},
    {.bitmap_index = 55626, .adv_w = 282, .box_w = 18, .box_h = 23, .ofs_x = 0, .ofs_y = -3},
    {.bitmap_index = 55833, .adv_w = 282, .box_w = 17, .box_h = 23, .ofs_x = 0, .ofs_y = -3},
    {.bitmap_index = 56029, .adv_w = 282, .box_w = 17, .box_h = 23, .ofs_x = 0, .ofs_y = -3},
    {.bitmap_index = 56225, .adv_w = 282, .box_w = 17, .box_h = 23, .ofs_x = 0, .ofs_y = -3},
    {.bitmap_index = 56421, .adv_w = 282, .box_w = 18, .box_h = 22, .ofs_x = 0, .ofs_y = -2},
    {.bitmap_index = 56619, .adv_w = 282, .box_w = 18, .box_h = 23, .ofs_x = 0, .ofs_y = -3},
    {.bitmap_index = 56826, .adv_w = 282, .box_w = 17, .box_h = 22, .ofs_x = 0, .ofs_y = -2},
    {.bitmap_index = 57013, .adv_w = 282, .box_w = 18, .box_h = 23, .ofs_x = 0, .ofs_y = -3},
    {.bitmap_index = 57220, .adv_w = 282, .box_w = 16, .box_h = 24, .ofs_x = 1, .ofs_y = -3},
    {.bitmap_index = 57412, .adv_w = 282, .box_w = 18, .box_h = 22, .ofs_x = 0, .ofs_y = -2},
    {.bitmap_index = 57610, .adv_w = 282, .box_w = 17, .box_h = 22, .ofs_x = 1, .ofs_y = -2},
    {.bitmap_index = 57797, .adv_w = 282, .box_w = 18, .box_h = 23, .ofs_x = 0, .ofs_y = -3},
    {.bitmap_index = 58004, .adv_w = 282, .box_w = 17, .box_h = 23, .ofs_x = 1, .ofs_y = -3},
    {.bitmap_index = 58200, .adv_w = 282, .box_w = 18, .box_h = 22, .ofs_x = 0, .ofs_y = -2},
    {.bitmap_index = 58398, .adv_w = 282, .box_w = 17, .box_h = 23, .ofs_x = 1, .ofs_y = -2},
    {.bitmap_index = 58594, .adv_w = 282, .box_w = 17, .box_h = 22, .ofs_x = 0, .ofs_y = -2},
    {.bitmap_index = 58781, .adv_w = 282, .box_w = 17, .box_h = 23, .ofs_x = 0, .ofs_y = -2},
    {.bitmap_index = 58977, .adv_w = 282, .box_w = 17, .box_h = 24, .ofs_x = 1, .ofs_y = -3},
    {.bitmap_index = 59181, .adv_w = 282, .box_w = 18, .box_h = 23, .ofs_x = 0, .ofs_y = -3},
    {.bitmap_index = 59388, .adv_w = 282, .box_w = 18, .box_h = 23, .ofs_x = 0, .ofs_y = -3},
    {.bitmap_index = 59595, .adv_w = 282, .box_w = 17, .box_h = 22, .ofs_x = 0, .ofs_y = -2},
    {.bitmap_index = 59782, .adv_w = 282, .box_w = 18, .box_h = 24, .ofs_x = 0, .ofs_y = -3},
    {.bitmap_index = 59998, .adv_w = 282, .box_w = 17, .box_h = 22, .ofs_x = 0, .ofs_y = -3},
    {.bitmap_index = 60185, .adv_w = 282, .box_w = 14, .box_h = 21, .ofs_x = 2, .ofs_y = -2},
    {.bitmap_index = 60332, .adv_w = 282, .box_w = 17, .box_h = 22, .ofs_x = 1, .ofs_y = -2},
    {.bitmap_index = 60519, .adv_w = 282, .box_w = 16, .box_h = 21, .ofs_x = 1, .ofs_y = -2},
    {.bitmap_index = 60687, .adv_w = 282, .box_w = 15, .box_h = 21, .ofs_x = 1, .ofs_y = -2},
    {.bitmap_index = 60845, .adv_w = 282, .box_w = 16, .box_h = 23, .ofs_x = 1, .ofs_y = -3},
    {.bitmap_index = 61029, .adv_w = 282, .box_w = 17, .box_h = 22, .ofs_x = 0, .ofs_y = -3},
    {.bitmap_index = 61216, .adv_w = 282, .box_w = 16, .box_h = 21, .ofs_x = 0, .ofs_y = -2},
    {.bitmap_index = 61384, .adv_w = 282, .box_w = 15, .box_h = 22, .ofs_x = 2, .ofs_y = -2},
    {.bitmap_index = 61549, .adv_w = 282, .box_w = 16, .box_h = 21, .ofs_x = 1, .ofs_y = -2},
    {.bitmap_index = 61717, .adv_w = 282, .box_w = 16, .box_h = 23, .ofs_x = 2, .ofs_y = -2},
    {.bitmap_index = 61901, .adv_w = 282, .box_w = 16, .box_h = 22, .ofs_x = 1, .ofs_y = -2},
    {.bitmap_index = 62077, .adv_w = 282, .box_w = 18, .box_h = 21, .ofs_x = 0, .ofs_y = -2},
    {.bitmap_index = 62266, .adv_w = 282, .box_w = 16, .box_h = 22, .ofs_x = 1, .ofs_y = -2},
    {.bitmap_index = 62442, .adv_w = 282, .box_w = 16, .box_h = 22, .ofs_x = 1, .ofs_y = -3},
    {.bitmap_index = 62618, .adv_w = 282, .box_w = 16, .box_h = 22, .ofs_x = 1, .ofs_y = -2},
    {.bitmap_index = 62794, .adv_w = 282, .box_w = 18, .box_h = 22, .ofs_x = 0, .ofs_y = -2},
    {.bitmap_index = 62992, .adv_w = 282, .box_w = 17, .box_h = 22, .ofs_x = 0, .ofs_y = -2},
    {.bitmap_index = 63179, .adv_w = 282, .box_w = 17, .box_h = 22, .ofs_x = 0, .ofs_y = -2},
    {.bitmap_index = 63366, .adv_w = 282, .box_w = 17, .box_h = 23, .ofs_x = 0, .ofs_y = -3},
    {.bitmap_index = 63562, .adv_w = 282, .box_w = 18, .box_h = 22, .ofs_x = 0, .ofs_y = -2},
    {.bitmap_index = 63760, .adv_w = 282, .box_w = 17, .box_h = 22, .ofs_x = 0, .ofs_y = -2},
    {.bitmap_index = 63947, .adv_w = 282, .box_w = 17, .box_h = 22, .ofs_x = 0, .ofs_y = -2},
    {.bitmap_index = 64134, .adv_w = 282, .box_w = 17, .box_h = 23, .ofs_x = 0, .ofs_y = -3},
    {.bitmap_index = 64330, .adv_w = 282, .box_w = 17, .box_h = 23, .ofs_x = 0, .ofs_y = -3},
    {.bitmap_index = 64526, .adv_w = 282, .box_w = 17, .box_h = 22, .ofs_x = 0, .ofs_y = -2},
    {.bitmap_index = 64713, .adv_w = 282, .box_w = 18, .box_h = 23, .ofs_x = 0, .ofs_y = -3},
    {.bitmap_index = 64920, .adv_w = 282, .box_w = 16, .box_h = 22, .ofs_x = 1, .ofs_y = -2},
    {.bitmap_index = 65096, .adv_w = 282, .box_w = 17, .box_h = 23, .ofs_x = 0, .ofs_y = -3},
    {.bitmap_index = 65292, .adv_w = 282, .box_w = 17, .box_h = 23, .ofs_x = 0, .ofs_y = -2},
    {.bitmap_index = 65488, .adv_w = 282, .box_w = 18, .box_h = 23, .ofs_x = 0, .ofs_y = -3},
    {.bitmap_index = 65695, .adv_w = 282, .box_w = 17, .box_h = 22, .ofs_x = 0, .ofs_y = -2},
    {.bitmap_index = 65882, .adv_w = 282, .box_w = 18, .box_h = 23, .ofs_x = 0, .ofs_y = -2},
    {.bitmap_index = 66089, .adv_w = 282, .box_w = 18, .box_h = 22, .ofs_x = 0, .ofs_y = -2},
    {.bitmap_index = 66287, .adv_w = 282, .box_w = 18, .box_h = 23, .ofs_x = 0, .ofs_y = -2},
    {.bitmap_index = 66494, .adv_w = 282, .box_w = 17, .box_h = 23, .ofs_x = 0, .ofs_y = -2},
    {.bitmap_index = 66690, .adv_w = 282, .box_w = 18, .box_h = 23, .ofs_x = 0, .ofs_y = -3},
    {.bitmap_index = 66897, .adv_w = 282, .box_w = 17, .box_h = 23, .ofs_x = 0, .ofs_y = -3},
    {.bitmap_index = 67093, .adv_w = 282, .box_w = 18, .box_h = 22, .ofs_x = 0, .ofs_y = -2},
    {.bitmap_index = 67291, .adv_w = 282, .box_w = 17, .box_h = 22, .ofs_x = 0, .ofs_y = -2},
    {.bitmap_index = 67478, .adv_w = 282, .box_w = 17, .box_h = 22, .ofs_x = 0, .ofs_y = -2},
    {.bitmap_index = 67665, .adv_w = 282, .box_w = 17, .box_h = 22, .ofs_x = 0, .ofs_y = -2},
    {.bitmap_index = 67852, .adv_w = 282, .box_w = 17, .box_h = 21, .ofs_x = 1, .ofs_y = -2},
    {.bitmap_index = 68031, .adv_w = 282, .box_w = 18, .box_h = 22, .ofs_x = 0, .ofs_y = -2},
    {.bitmap_index = 68229, .adv_w = 282, .box_w = 16, .box_h = 22, .ofs_x = 1, .ofs_y = -2},
    {.bitmap_index = 68405, .adv_w = 282, .box_w = 18, .box_h = 21, .ofs_x = 0, .ofs_y = -2},
    {.bitmap_index = 68594, .adv_w = 282, .box_w = 17, .box_h = 23, .ofs_x = 0, .ofs_y = -3},
    {.bitmap_index = 68790, .adv_w = 282, .box_w = 17, .box_h = 23, .ofs_x = 0, .ofs_y = -3},
    {.bitmap_index = 68986, .adv_w = 282, .box_w = 16, .box_h = 22, .ofs_x = 1, .ofs_y = -2},
    {.bitmap_index = 69162, .adv_w = 282, .box_w = 17, .box_h = 22, .ofs_x = 0, .ofs_y = -2},
    {.bitmap_index = 69349, .adv_w = 282, .box_w = 17, .box_h = 22, .ofs_x = 0, .ofs_y = -2},
    {.bitmap_index = 69536, .adv_w = 282, .box_w = 17, .box_h = 23, .ofs_x = 0, .ofs_y = -3},
    {.bitmap_index = 69732, .adv_w = 282, .box_w = 18, .box_h = 22, .ofs_x = 0, .ofs_y = -2},
    {.bitmap_index = 69930, .adv_w = 282, .box_w = 17, .box_h = 23, .ofs_x = 0, .ofs_y = -3},
    {.bitmap_index = 70126, .adv_w = 282, .box_w = 18, .box_h = 23, .ofs_x = 0, .ofs_y = -3},
    {.bitmap_index = 70333, .adv_w = 282, .box_w = 18, .box_h = 22, .ofs_x = -1, .ofs_y = -2},
    {.bitmap_index = 70531, .adv_w = 282, .box_w = 18, .box_h = 22, .ofs_x = 0, .ofs_y = -2},
    {.bitmap_index = 70729, .adv_w = 282, .box_w = 17, .box_h = 22, .ofs_x = 0, .ofs_y = -2},
    {.bitmap_index = 70916, .adv_w = 282, .box_w = 17, .box_h = 23, .ofs_x = 0, .ofs_y = -3},
    {.bitmap_index = 71112, .adv_w = 282, .box_w = 18, .box_h = 23, .ofs_x = 0, .ofs_y = -3},
    {.bitmap_index = 71319, .adv_w = 282, .box_w = 17, .box_h = 23, .ofs_x = 0, .ofs_y = -3},
    {.bitmap_index = 71515, .adv_w = 282, .box_w = 18, .box_h = 23, .ofs_x = 0, .ofs_y = -3},
    {.bitmap_index = 71722, .adv_w = 282, .box_w = 18, .box_h = 23, .ofs_x = 0, .ofs_y = -3},
    {.bitmap_index = 71929, .adv_w = 282, .box_w = 18, .box_h = 22, .ofs_x = 0, .ofs_y = -2},
    {.bitmap_index = 72127, .adv_w = 282, .box_w = 17, .box_h = 23, .ofs_x = 0, .ofs_y = -3},
    {.bitmap_index = 72323, .adv_w = 282, .box_w = 17, .box_h = 22, .ofs_x = 0, .ofs_y = -2},
    {.bitmap_index = 72510, .adv_w = 282, .box_w = 18, .box_h = 23, .ofs_x = 0, .ofs_y = -3},
    {.bitmap_index = 72717, .adv_w = 282, .box_w = 18, .box_h = 23, .ofs_x = 0, .ofs_y = -3},
    {.bitmap_index = 72924, .adv_w = 282, .box_w = 16, .box_h = 23, .ofs_x = 0, .ofs_y = -3},
    {.bitmap_index = 73108, .adv_w = 282, .box_w = 18, .box_h = 23, .ofs_x = 0, .ofs_y = -2},
    {.bitmap_index = 73315, .adv_w = 282, .box_w = 18, .box_h = 22, .ofs_x = 0, .ofs_y = -2},
    {.bitmap_index = 73513, .adv_w = 282, .box_w = 18, .box_h = 23, .ofs_x = 0, .ofs_y = -3},
    {.bitmap_index = 73720, .adv_w = 282, .box_w = 17, .box_h = 23, .ofs_x = 1, .ofs_y = -3},
    {.bitmap_index = 73916, .adv_w = 282, .box_w = 17, .box_h = 22, .ofs_x = 0, .ofs_y = -2},
    {.bitmap_index = 74103, .adv_w = 282, .box_w = 18, .box_h = 23, .ofs_x = 0, .ofs_y = -3},
    {.bitmap_index = 74310, .adv_w = 282, .box_w = 18, .box_h = 23, .ofs_x = 0, .ofs_y = -3},
    {.bitmap_index = 74517, .adv_w = 282, .box_w = 18, .box_h = 22, .ofs_x = 0, .ofs_y = -2},
    {.bitmap_index = 74715, .adv_w = 282, .box_w = 18, .box_h = 23, .ofs_x = 0, .ofs_y = -3},
    {.bitmap_index = 74922, .adv_w = 282, .box_w = 18, .box_h = 22, .ofs_x = 0, .ofs_y = -2},
    {.bitmap_index = 75120, .adv_w = 282, .box_w = 18, .box_h = 22, .ofs_x = 0, .ofs_y = -2},
    {.bitmap_index = 75318, .adv_w = 282, .box_w = 17, .box_h = 22, .ofs_x = 0, .ofs_y = -3},
    {.bitmap_index = 75505, .adv_w = 282, .box_w = 17, .box_h = 22, .ofs_x = 0, .ofs_y = -2},
    {.bitmap_index = 75692, .adv_w = 282, .box_w = 17, .box_h = 22, .ofs_x = 0, .ofs_y = -2},
    {.bitmap_index = 75879, .adv_w = 282, .box_w = 16, .box_h = 23, .ofs_x = 1, .ofs_y = -3},
    {.bitmap_index = 76063, .adv_w = 282, .box_w = 18, .box_h = 23, .ofs_x = -1, .ofs_y = -2},
    {.bitmap_index = 76270, .adv_w = 282, .box_w = 19, .box_h = 23, .ofs_x = -1, .ofs_y = -3},
    {.bitmap_index = 76489, .adv_w = 282, .box_w = 17, .box_h = 23, .ofs_x = 0, .ofs_y = -3},
    {.bitmap_index = 76685, .adv_w = 282, .box_w = 17, .box_h = 23, .ofs_x = 0, .ofs_y = -3},
    {.bitmap_index = 76881, .adv_w = 282, .box_w = 18, .box_h = 21, .ofs_x = 0, .ofs_y = -2},
    {.bitmap_index = 77070, .adv_w = 282, .box_w = 18, .box_h = 22, .ofs_x = 0, .ofs_y = -2},
    {.bitmap_index = 77268, .adv_w = 282, .box_w = 17, .box_h = 23, .ofs_x = 0, .ofs_y = -3},
    {.bitmap_index = 77464, .adv_w = 282, .box_w = 17, .box_h = 22, .ofs_x = 1, .ofs_y = -2},
    {.bitmap_index = 77651, .adv_w = 282, .box_w = 18, .box_h = 21, .ofs_x = 0, .ofs_y = -2},
    {.bitmap_index = 77840, .adv_w = 282, .box_w = 17, .box_h = 22, .ofs_x = 0, .ofs_y = -3},
    {.bitmap_index = 78027, .adv_w = 282, .box_w = 18, .box_h = 22, .ofs_x = 0, .ofs_y = -2},
    {.bitmap_index = 78225, .adv_w = 282, .box_w = 18, .box_h = 21, .ofs_x = 0, .ofs_y = -2},
    {.bitmap_index = 78414, .adv_w = 282, .box_w = 18, .box_h = 23, .ofs_x = 0, .ofs_y = -3},
    {.bitmap_index = 78621, .adv_w = 282, .box_w = 16, .box_h = 22, .ofs_x = 1, .ofs_y = -2},
    {.bitmap_index = 78797, .adv_w = 282, .box_w = 17, .box_h = 22, .ofs_x = 0, .ofs_y = -3},
    {.bitmap_index = 78984, .adv_w = 282, .box_w = 15, .box_h = 22, .ofs_x = 2, .ofs_y = -2},
    {.bitmap_index = 79149, .adv_w = 282, .box_w = 17, .box_h = 22, .ofs_x = 0, .ofs_y = -3},
    {.bitmap_index = 79336, .adv_w = 282, .box_w = 17, .box_h = 23, .ofs_x = 1, .ofs_y = -2},
    {.bitmap_index = 79532, .adv_w = 282, .box_w = 14, .box_h = 22, .ofs_x = 2, .ofs_y = -2},
    {.bitmap_index = 79686, .adv_w = 282, .box_w = 16, .box_h = 22, .ofs_x = 1, .ofs_y = -2},
    {.bitmap_index = 79862, .adv_w = 282, .box_w = 17, .box_h = 22, .ofs_x = 0, .ofs_y = -2},
    {.bitmap_index = 80049, .adv_w = 282, .box_w = 18, .box_h = 22, .ofs_x = 0, .ofs_y = -2},
    {.bitmap_index = 80247, .adv_w = 282, .box_w = 17, .box_h = 22, .ofs_x = 0, .ofs_y = -2},
    {.bitmap_index = 80434, .adv_w = 282, .box_w = 17, .box_h = 22, .ofs_x = 0, .ofs_y = -2},
    {.bitmap_index = 80621, .adv_w = 282, .box_w = 14, .box_h = 21, .ofs_x = 2, .ofs_y = -2},
    {.bitmap_index = 80768, .adv_w = 282, .box_w = 16, .box_h = 22, .ofs_x = 1, .ofs_y = -2},
    {.bitmap_index = 80944, .adv_w = 282, .box_w = 18, .box_h = 23, .ofs_x = 0, .ofs_y = -3},
    {.bitmap_index = 81151, .adv_w = 282, .box_w = 16, .box_h = 22, .ofs_x = 1, .ofs_y = -2},
    {.bitmap_index = 81327, .adv_w = 282, .box_w = 16, .box_h = 23, .ofs_x = 1, .ofs_y = -3},
    {.bitmap_index = 81511, .adv_w = 282, .box_w = 17, .box_h = 23, .ofs_x = 1, .ofs_y = -3},
    {.bitmap_index = 81707, .adv_w = 282, .box_w = 18, .box_h = 23, .ofs_x = 0, .ofs_y = -3},
    {.bitmap_index = 81914, .adv_w = 282, .box_w = 18, .box_h = 23, .ofs_x = 0, .ofs_y = -3},
    {.bitmap_index = 82121, .adv_w = 282, .box_w = 16, .box_h = 21, .ofs_x = 1, .ofs_y = -2},
    {.bitmap_index = 82289, .adv_w = 282, .box_w = 17, .box_h = 21, .ofs_x = 1, .ofs_y = -2},
    {.bitmap_index = 82468, .adv_w = 282, .box_w = 16, .box_h = 22, .ofs_x = 1, .ofs_y = -2},
    {.bitmap_index = 82644, .adv_w = 282, .box_w = 16, .box_h = 21, .ofs_x = 1, .ofs_y = -2},
    {.bitmap_index = 82812, .adv_w = 282, .box_w = 17, .box_h = 22, .ofs_x = 1, .ofs_y = -2},
    {.bitmap_index = 82999, .adv_w = 282, .box_w = 17, .box_h = 23, .ofs_x = 1, .ofs_y = -3},
    {.bitmap_index = 83195, .adv_w = 282, .box_w = 18, .box_h = 22, .ofs_x = 0, .ofs_y = -2},
    {.bitmap_index = 83393, .adv_w = 282, .box_w = 17, .box_h = 22, .ofs_x = 0, .ofs_y = -2},
    {.bitmap_index = 83580, .adv_w = 282, .box_w = 18, .box_h = 23, .ofs_x = 0, .ofs_y = -3},
    {.bitmap_index = 83787, .adv_w = 282, .box_w = 18, .box_h = 22, .ofs_x = 0, .ofs_y = -2},
    {.bitmap_index = 83985, .adv_w = 282, .box_w = 17, .box_h = 22, .ofs_x = 0, .ofs_y = -2},
    {.bitmap_index = 84172, .adv_w = 282, .box_w = 16, .box_h = 22, .ofs_x = 1, .ofs_y = -2},
    {.bitmap_index = 84348, .adv_w = 282, .box_w = 17, .box_h = 22, .ofs_x = 1, .ofs_y = -2},
    {.bitmap_index = 84535, .adv_w = 282, .box_w = 16, .box_h = 22, .ofs_x = 1, .ofs_y = -2},
    {.bitmap_index = 84711, .adv_w = 282, .box_w = 16, .box_h = 22, .ofs_x = 2, .ofs_y = -2},
    {.bitmap_index = 84887, .adv_w = 282, .box_w = 18, .box_h = 22, .ofs_x = 0, .ofs_y = -2},
    {.bitmap_index = 85085, .adv_w = 282, .box_w = 17, .box_h = 23, .ofs_x = 1, .ofs_y = -3},
    {.bitmap_index = 85281, .adv_w = 282, .box_w = 17, .box_h = 22, .ofs_x = 1, .ofs_y = -2},
    {.bitmap_index = 85468, .adv_w = 282, .box_w = 17, .box_h = 22, .ofs_x = 1, .ofs_y = -2},
    {.bitmap_index = 85655, .adv_w = 282, .box_w = 17, .box_h = 22, .ofs_x = 1, .ofs_y = -2},
    {.bitmap_index = 85842, .adv_w = 282, .box_w = 17, .box_h = 22, .ofs_x = 1, .ofs_y = -2},
    {.bitmap_index = 86029, .adv_w = 282, .box_w = 17, .box_h = 23, .ofs_x = 1, .ofs_y = -3},
    {.bitmap_index = 86225, .adv_w = 282, .box_w = 16, .box_h = 22, .ofs_x = 2, .ofs_y = -2},
    {.bitmap_index = 86401, .adv_w = 282, .box_w = 17, .box_h = 22, .ofs_x = 0, .ofs_y = -2},
    {.bitmap_index = 86588, .adv_w = 282, .box_w = 18, .box_h = 23, .ofs_x = 0, .ofs_y = -3},
    {.bitmap_index = 86795, .adv_w = 282, .box_w = 17, .box_h = 22, .ofs_x = 0, .ofs_y = -2},
    {.bitmap_index = 86982, .adv_w = 282, .box_w = 18, .box_h = 23, .ofs_x = 0, .ofs_y = -3},
    {.bitmap_index = 87189, .adv_w = 282, .box_w = 17, .box_h = 22, .ofs_x = 0, .ofs_y = -2},
    {.bitmap_index = 87376, .adv_w = 282, .box_w = 17, .box_h = 22, .ofs_x = 0, .ofs_y = -2},
    {.bitmap_index = 87563, .adv_w = 282, .box_w = 17, .box_h = 22, .ofs_x = 0, .ofs_y = -2},
    {.bitmap_index = 87750, .adv_w = 282, .box_w = 17, .box_h = 21, .ofs_x = 0, .ofs_y = -2},
    {.bitmap_index = 87929, .adv_w = 282, .box_w = 18, .box_h = 22, .ofs_x = 0, .ofs_y = -2},
    {.bitmap_index = 88127, .adv_w = 282, .box_w = 18, .box_h = 22, .ofs_x = 0, .ofs_y = -2},
    {.bitmap_index = 88325, .adv_w = 282, .box_w = 17, .box_h = 22, .ofs_x = 0, .ofs_y = -2},
    {.bitmap_index = 88512, .adv_w = 282, .box_w = 17, .box_h = 22, .ofs_x = 0, .ofs_y = -2},
    {.bitmap_index = 88699, .adv_w = 282, .box_w = 17, .box_h = 22, .ofs_x = 0, .ofs_y = -2},
    {.bitmap_index = 88886, .adv_w = 282, .box_w = 17, .box_h = 22, .ofs_x = 0, .ofs_y = -2},
    {.bitmap_index = 89073, .adv_w = 282, .box_w = 16, .box_h = 22, .ofs_x = 0, .ofs_y = -2},
    {.bitmap_index = 89249, .adv_w = 282, .box_w = 18, .box_h = 22, .ofs_x = 0, .ofs_y = -2},
    {.bitmap_index = 89447, .adv_w = 282, .box_w = 17, .box_h = 22, .ofs_x = 0, .ofs_y = -2},
    {.bitmap_index = 89634, .adv_w = 282, .box_w = 17, .box_h = 22, .ofs_x = 0, .ofs_y = -2},
    {.bitmap_index = 89821, .adv_w = 282, .box_w = 18, .box_h = 23, .ofs_x = 0, .ofs_y = -3},
    {.bitmap_index = 90028, .adv_w = 282, .box_w = 17, .box_h = 22, .ofs_x = 0, .ofs_y = -2},
    {.bitmap_index = 90215, .adv_w = 282, .box_w = 18, .box_h = 23, .ofs_x = 0, .ofs_y = -3},
    {.bitmap_index = 90422, .adv_w = 282, .box_w = 18, .box_h = 22, .ofs_x = 0, .ofs_y = -2},
    {.bitmap_index = 90620, .adv_w = 282, .box_w = 18, .box_h = 22, .ofs_x = 0, .ofs_y = -2},
    {.bitmap_index = 90818, .adv_w = 282, .box_w = 17, .box_h = 22, .ofs_x = 1, .ofs_y = -2},
    {.bitmap_index = 91005, .adv_w = 282, .box_w = 18, .box_h = 23, .ofs_x = 0, .ofs_y = -3},
    {.bitmap_index = 91212, .adv_w = 282, .box_w = 17, .box_h = 22, .ofs_x = 1, .ofs_y = -2},
    {.bitmap_index = 91399, .adv_w = 282, .box_w = 16, .box_h = 21, .ofs_x = 1, .ofs_y = -2},
    {.bitmap_index = 91567, .adv_w = 282, .box_w = 17, .box_h = 22, .ofs_x = 0, .ofs_y = -2},
    {.bitmap_index = 91754, .adv_w = 282, .box_w = 18, .box_h = 23, .ofs_x = 0, .ofs_y = -3},
    {.bitmap_index = 91961, .adv_w = 282, .box_w = 17, .box_h = 22, .ofs_x = 1, .ofs_y = -2},
    {.bitmap_index = 92148, .adv_w = 282, .box_w = 17, .box_h = 21, .ofs_x = 1, .ofs_y = -2},
    {.bitmap_index = 92327, .adv_w = 282, .box_w = 16, .box_h = 22, .ofs_x = 1, .ofs_y = -2},
    {.bitmap_index = 92503, .adv_w = 282, .box_w = 17, .box_h = 23, .ofs_x = 0, .ofs_y = -3},
    {.bitmap_index = 92699, .adv_w = 282, .box_w = 17, .box_h = 23, .ofs_x = 0, .ofs_y = -3},
    {.bitmap_index = 92895, .adv_w = 282, .box_w = 16, .box_h = 23, .ofs_x = 1, .ofs_y = -3},
    {.bitmap_index = 93079, .adv_w = 282, .box_w = 16, .box_h = 23, .ofs_x = 2, .ofs_y = -3},
    {.bitmap_index = 93263, .adv_w = 282, .box_w = 17, .box_h = 24, .ofs_x = 1, .ofs_y = -3},
    {.bitmap_index = 93467, .adv_w = 282, .box_w = 17, .box_h = 22, .ofs_x = 0, .ofs_y = -2},
    {.bitmap_index = 93654, .adv_w = 282, .box_w = 19, .box_h = 23, .ofs_x = -1, .ofs_y = -3},
    {.bitmap_index = 93873, .adv_w = 282, .box_w = 14, .box_h = 22, .ofs_x = 2, .ofs_y = -2},
    {.bitmap_index = 94027, .adv_w = 282, .box_w = 17, .box_h = 21, .ofs_x = 1, .ofs_y = -2},
    {.bitmap_index = 94206, .adv_w = 282, .box_w = 17, .box_h = 23, .ofs_x = 0, .ofs_y = -3},
    {.bitmap_index = 94402, .adv_w = 282, .box_w = 18, .box_h = 24, .ofs_x = 0, .ofs_y = -3},
    {.bitmap_index = 94618, .adv_w = 282, .box_w = 16, .box_h = 22, .ofs_x = 1, .ofs_y = -2},
    {.bitmap_index = 94794, .adv_w = 282, .box_w = 16, .box_h = 22, .ofs_x = 2, .ofs_y = -2},
    {.bitmap_index = 94970, .adv_w = 282, .box_w = 18, .box_h = 22, .ofs_x = 0, .ofs_y = -2},
    {.bitmap_index = 95168, .adv_w = 282, .box_w = 18, .box_h = 22, .ofs_x = 0, .ofs_y = -2},
    {.bitmap_index = 95366, .adv_w = 282, .box_w = 18, .box_h = 22, .ofs_x = 0, .ofs_y = -2},
    {.bitmap_index = 95564, .adv_w = 282, .box_w = 17, .box_h = 23, .ofs_x = 1, .ofs_y = -3},
    {.bitmap_index = 95760, .adv_w = 282, .box_w = 17, .box_h = 22, .ofs_x = 1, .ofs_y = -2},
    {.bitmap_index = 95947, .adv_w = 282, .box_w = 17, .box_h = 22, .ofs_x = 1, .ofs_y = -2},
    {.bitmap_index = 96134, .adv_w = 282, .box_w = 18, .box_h = 23, .ofs_x = 0, .ofs_y = -3},
    {.bitmap_index = 96341, .adv_w = 282, .box_w = 17, .box_h = 23, .ofs_x = 1, .ofs_y = -3},
    {.bitmap_index = 96537, .adv_w = 282, .box_w = 18, .box_h = 22, .ofs_x = 0, .ofs_y = -2},
    {.bitmap_index = 96735, .adv_w = 282, .box_w = 18, .box_h = 23, .ofs_x = 0, .ofs_y = -3},
    {.bitmap_index = 96942, .adv_w = 282, .box_w = 18, .box_h = 23, .ofs_x = 0, .ofs_y = -2},
    {.bitmap_index = 97149, .adv_w = 282, .box_w = 17, .box_h = 22, .ofs_x = 0, .ofs_y = -2},
    {.bitmap_index = 97336, .adv_w = 282, .box_w = 18, .box_h = 23, .ofs_x = 0, .ofs_y = -3},
    {.bitmap_index = 97543, .adv_w = 282, .box_w = 17, .box_h = 22, .ofs_x = 0, .ofs_y = -2},
    {.bitmap_index = 97730, .adv_w = 282, .box_w = 16, .box_h = 22, .ofs_x = 1, .ofs_y = -2},
    {.bitmap_index = 97906, .adv_w = 282, .box_w = 17, .box_h = 23, .ofs_x = 0, .ofs_y = -3},
    {.bitmap_index = 98102, .adv_w = 282, .box_w = 18, .box_h = 23, .ofs_x = 0, .ofs_y = -3},
    {.bitmap_index = 98309, .adv_w = 282, .box_w = 17, .box_h = 22, .ofs_x = 1, .ofs_y = -2},
    {.bitmap_index = 98496, .adv_w = 282, .box_w = 17, .box_h = 23, .ofs_x = 1, .ofs_y = -3},
    {.bitmap_index = 98692, .adv_w = 282, .box_w = 17, .box_h = 21, .ofs_x = 1, .ofs_y = -2},
    {.bitmap_index = 98871, .adv_w = 282, .box_w = 18, .box_h = 21, .ofs_x = 0, .ofs_y = -2},
    {.bitmap_index = 99060, .adv_w = 282, .box_w = 17, .box_h = 22, .ofs_x = 1, .ofs_y = -3},
    {.bitmap_index = 99247, .adv_w = 282, .box_w = 18, .box_h = 23, .ofs_x = -1, .ofs_y = -3},
    {.bitmap_index = 99454, .adv_w = 282, .box_w = 17, .box_h = 23, .ofs_x = 0, .ofs_y = -3},
    {.bitmap_index = 99650, .adv_w = 282, .box_w = 17, .box_h = 23, .ofs_x = 0, .ofs_y = -2},
    {.bitmap_index = 99846, .adv_w = 282, .box_w = 16, .box_h = 23, .ofs_x = 1, .ofs_y = -3},
    {.bitmap_index = 100030, .adv_w = 282, .box_w = 18, .box_h = 23, .ofs_x = 0, .ofs_y = -3},
    {.bitmap_index = 100237, .adv_w = 282, .box_w = 17, .box_h = 23, .ofs_x = 0, .ofs_y = -3},
    {.bitmap_index = 100433, .adv_w = 282, .box_w = 16, .box_h = 22, .ofs_x = 2, .ofs_y = -2},
    {.bitmap_index = 100609, .adv_w = 282, .box_w = 17, .box_h = 23, .ofs_x = 1, .ofs_y = -2},
    {.bitmap_index = 100805, .adv_w = 282, .box_w = 16, .box_h = 22, .ofs_x = 1, .ofs_y = -2},
    {.bitmap_index = 100981, .adv_w = 282, .box_w = 15, .box_h = 23, .ofs_x = 1, .ofs_y = -3},
    {.bitmap_index = 101154, .adv_w = 282, .box_w = 16, .box_h = 22, .ofs_x = 1, .ofs_y = -2},
    {.bitmap_index = 101330, .adv_w = 282, .box_w = 16, .box_h = 22, .ofs_x = 1, .ofs_y = -2},
    {.bitmap_index = 101506, .adv_w = 282, .box_w = 16, .box_h = 22, .ofs_x = 1, .ofs_y = -2},
    {.bitmap_index = 101682, .adv_w = 282, .box_w = 16, .box_h = 22, .ofs_x = 1, .ofs_y = -2},
    {.bitmap_index = 101858, .adv_w = 282, .box_w = 17, .box_h = 23, .ofs_x = 1, .ofs_y = -3},
    {.bitmap_index = 102054, .adv_w = 282, .box_w = 17, .box_h = 23, .ofs_x = 1, .ofs_y = -2},
    {.bitmap_index = 102250, .adv_w = 282, .box_w = 17, .box_h = 22, .ofs_x = 1, .ofs_y = -2},
    {.bitmap_index = 102437, .adv_w = 282, .box_w = 17, .box_h = 22, .ofs_x = 1, .ofs_y = -2},
    {.bitmap_index = 102624, .adv_w = 282, .box_w = 17, .box_h = 22, .ofs_x = 1, .ofs_y = -2},
    {.bitmap_index = 102811, .adv_w = 282, .box_w = 17, .box_h = 22, .ofs_x = 1, .ofs_y = -2},
    {.bitmap_index = 102998, .adv_w = 282, .box_w = 16, .box_h = 22, .ofs_x = 1, .ofs_y = -2},
    {.bitmap_index = 103174, .adv_w = 282, .box_w = 16, .box_h = 22, .ofs_x = 1, .ofs_y = -2},
    {.bitmap_index = 103350, .adv_w = 282, .box_w = 17, .box_h = 23, .ofs_x = 0, .ofs_y = -3},
    {.bitmap_index = 103546, .adv_w = 282, .box_w = 17, .box_h = 22, .ofs_x = 1, .ofs_y = -2},
    {.bitmap_index = 103733, .adv_w = 282, .box_w = 17, .box_h = 23, .ofs_x = 1, .ofs_y = -3},
    {.bitmap_index = 103929, .adv_w = 282, .box_w = 17, .box_h = 23, .ofs_x = 1, .ofs_y = -3},
    {.bitmap_index = 104125, .adv_w = 282, .box_w = 16, .box_h = 22, .ofs_x = 1, .ofs_y = -2},
    {.bitmap_index = 104301, .adv_w = 282, .box_w = 15, .box_h = 23, .ofs_x = 1, .ofs_y = -3},
    {.bitmap_index = 104474, .adv_w = 282, .box_w = 18, .box_h = 23, .ofs_x = 0, .ofs_y = -3},
    {.bitmap_index = 104681, .adv_w = 282, .box_w = 18, .box_h = 23, .ofs_x = 0, .ofs_y = -3},
    {.bitmap_index = 104888, .adv_w = 282, .box_w = 17, .box_h = 22, .ofs_x = 0, .ofs_y = -2},
    {.bitmap_index = 105075, .adv_w = 282, .box_w = 18, .box_h = 22, .ofs_x = 0, .ofs_y = -2},
    {.bitmap_index = 105273, .adv_w = 282, .box_w = 16, .box_h = 22, .ofs_x = 0, .ofs_y = -3},
    {.bitmap_index = 105449, .adv_w = 282, .box_w = 18, .box_h = 21, .ofs_x = 0, .ofs_y = -2},
    {.bitmap_index = 105638, .adv_w = 282, .box_w = 17, .box_h = 21, .ofs_x = 0, .ofs_y = -2},
    {.bitmap_index = 105817, .adv_w = 282, .box_w = 18, .box_h = 22, .ofs_x = 0, .ofs_y = -2},
    {.bitmap_index = 106015, .adv_w = 282, .box_w = 17, .box_h = 23, .ofs_x = 0, .ofs_y = -3},
    {.bitmap_index = 106211, .adv_w = 282, .box_w = 18, .box_h = 22, .ofs_x = 0, .ofs_y = -2},
    {.bitmap_index = 106409, .adv_w = 282, .box_w = 17, .box_h = 22, .ofs_x = 1, .ofs_y = -2},
    {.bitmap_index = 106596, .adv_w = 282, .box_w = 17, .box_h = 22, .ofs_x = 1, .ofs_y = -2},
    {.bitmap_index = 106783, .adv_w = 282, .box_w = 17, .box_h = 23, .ofs_x = 1, .ofs_y = -3},
    {.bitmap_index = 106979, .adv_w = 282, .box_w = 17, .box_h = 23, .ofs_x = 1, .ofs_y = -3},
    {.bitmap_index = 107175, .adv_w = 282, .box_w = 16, .box_h = 23, .ofs_x = 1, .ofs_y = -3},
    {.bitmap_index = 107359, .adv_w = 282, .box_w = 16, .box_h = 22, .ofs_x = 1, .ofs_y = -2},
    {.bitmap_index = 107535, .adv_w = 282, .box_w = 17, .box_h = 22, .ofs_x = 1, .ofs_y = -2},
    {.bitmap_index = 107722, .adv_w = 282, .box_w = 17, .box_h = 22, .ofs_x = 1, .ofs_y = -2},
    {.bitmap_index = 107909, .adv_w = 282, .box_w = 17, .box_h = 23, .ofs_x = 1, .ofs_y = -3},
    {.bitmap_index = 108105, .adv_w = 282, .box_w = 16, .box_h = 22, .ofs_x = 1, .ofs_y = -2},
    {.bitmap_index = 108281, .adv_w = 282, .box_w = 17, .box_h = 23, .ofs_x = 1, .ofs_y = -3},
    {.bitmap_index = 108477, .adv_w = 282, .box_w = 17, .box_h = 22, .ofs_x = 0, .ofs_y = -2},
    {.bitmap_index = 108664, .adv_w = 282, .box_w = 18, .box_h = 21, .ofs_x = 0, .ofs_y = -2},
    {.bitmap_index = 108853, .adv_w = 282, .box_w = 17, .box_h = 22, .ofs_x = 0, .ofs_y = -2},
    {.bitmap_index = 109040, .adv_w = 282, .box_w = 17, .box_h = 22, .ofs_x = 0, .ofs_y = -2},
    {.bitmap_index = 109227, .adv_w = 282, .box_w = 18, .box_h = 22, .ofs_x = 0, .ofs_y = -2},
    {.bitmap_index = 109425, .adv_w = 282, .box_w = 18, .box_h = 22, .ofs_x = 0, .ofs_y = -2},
    {.bitmap_index = 109623, .adv_w = 282, .box_w = 18, .box_h = 22, .ofs_x = 0, .ofs_y = -2},
    {.bitmap_index = 109821, .adv_w = 282, .box_w = 17, .box_h = 22, .ofs_x = 0, .ofs_y = -2},
    {.bitmap_index = 110008, .adv_w = 282, .box_w = 17, .box_h = 22, .ofs_x = 0, .ofs_y = -2},
    {.bitmap_index = 110195, .adv_w = 282, .box_w = 17, .box_h = 22, .ofs_x = 0, .ofs_y = -2},
    {.bitmap_index = 110382, .adv_w = 282, .box_w = 18, .box_h = 22, .ofs_x = 0, .ofs_y = -2},
    {.bitmap_index = 110580, .adv_w = 282, .box_w = 17, .box_h = 22, .ofs_x = 0, .ofs_y = -2},
    {.bitmap_index = 110767, .adv_w = 282, .box_w = 17, .box_h = 22, .ofs_x = 0, .ofs_y = -2},
    {.bitmap_index = 110954, .adv_w = 282, .box_w = 17, .box_h = 22, .ofs_x = 0, .ofs_y = -2},
    {.bitmap_index = 111141, .adv_w = 282, .box_w = 18, .box_h = 22, .ofs_x = 0, .ofs_y = -2},
    {.bitmap_index = 111339, .adv_w = 282, .box_w = 17, .box_h = 22, .ofs_x = 0, .ofs_y = -2},
    {.bitmap_index = 111526, .adv_w = 282, .box_w = 18, .box_h = 22, .ofs_x = 0, .ofs_y = -2},
    {.bitmap_index = 111724, .adv_w = 282, .box_w = 17, .box_h = 22, .ofs_x = 1, .ofs_y = -2},
    {.bitmap_index = 111911, .adv_w = 282, .box_w = 17, .box_h = 21, .ofs_x = 0, .ofs_y = -2},
    {.bitmap_index = 112090, .adv_w = 282, .box_w = 17, .box_h = 22, .ofs_x = 0, .ofs_y = -2},
    {.bitmap_index = 112277, .adv_w = 282, .box_w = 18, .box_h = 22, .ofs_x = 0, .ofs_y = -2},
    {.bitmap_index = 112475, .adv_w = 282, .box_w = 18, .box_h = 22, .ofs_x = 0, .ofs_y = -2},
    {.bitmap_index = 112673, .adv_w = 282, .box_w = 16, .box_h = 22, .ofs_x = 1, .ofs_y = -2},
    {.bitmap_index = 112849, .adv_w = 282, .box_w = 17, .box_h = 23, .ofs_x = 1, .ofs_y = -2},
    {.bitmap_index = 113045, .adv_w = 282, .box_w = 16, .box_h = 23, .ofs_x = 1, .ofs_y = -2},
    {.bitmap_index = 113229, .adv_w = 282, .box_w = 16, .box_h = 23, .ofs_x = 1, .ofs_y = -2},
    {.bitmap_index = 113413, .adv_w = 282, .box_w = 16, .box_h = 23, .ofs_x = 1, .ofs_y = -2},
    {.bitmap_index = 113597, .adv_w = 282, .box_w = 17, .box_h = 22, .ofs_x = 0, .ofs_y = -2},
    {.bitmap_index = 113784, .adv_w = 282, .box_w = 17, .box_h = 23, .ofs_x = 1, .ofs_y = -2},
    {.bitmap_index = 113980, .adv_w = 282, .box_w = 16, .box_h = 23, .ofs_x = 1, .ofs_y = -2},
    {.bitmap_index = 114164, .adv_w = 282, .box_w = 17, .box_h = 24, .ofs_x = 1, .ofs_y = -3},
    {.bitmap_index = 114368, .adv_w = 282, .box_w = 17, .box_h = 24, .ofs_x = 1, .ofs_y = -3},
    {.bitmap_index = 114572, .adv_w = 282, .box_w = 15, .box_h = 22, .ofs_x = 2, .ofs_y = -2},
    {.bitmap_index = 114737, .adv_w = 282, .box_w = 16, .box_h = 22, .ofs_x = 1, .ofs_y = -2},
    {.bitmap_index = 114913, .adv_w = 282, .box_w = 17, .box_h = 22, .ofs_x = 1, .ofs_y = -2},
    {.bitmap_index = 115100, .adv_w = 282, .box_w = 16, .box_h = 22, .ofs_x = 1, .ofs_y = -2},
    {.bitmap_index = 115276, .adv_w = 282, .box_w = 16, .box_h = 22, .ofs_x = 1, .ofs_y = -2},
    {.bitmap_index = 115452, .adv_w = 282, .box_w = 18, .box_h = 22, .ofs_x = 0, .ofs_y = -2},
    {.bitmap_index = 115650, .adv_w = 282, .box_w = 16, .box_h = 21, .ofs_x = 1, .ofs_y = -2},
    {.bitmap_index = 115818, .adv_w = 282, .box_w = 17, .box_h = 23, .ofs_x = 1, .ofs_y = -3},
    {.bitmap_index = 116014, .adv_w = 282, .box_w = 17, .box_h = 23, .ofs_x = 1, .ofs_y = -3},
    {.bitmap_index = 116210, .adv_w = 282, .box_w = 16, .box_h = 24, .ofs_x = 1, .ofs_y = -3},
    {.bitmap_index = 116402, .adv_w = 282, .box_w = 17, .box_h = 22, .ofs_x = 1, .ofs_y = -2},
    {.bitmap_index = 116589, .adv_w = 282, .box_w = 17, .box_h = 22, .ofs_x = 0, .ofs_y = -3},
    {.bitmap_index = 116776, .adv_w = 282, .box_w = 17, .box_h = 22, .ofs_x = 1, .ofs_y = -2},
    {.bitmap_index = 116963, .adv_w = 282, .box_w = 16, .box_h = 22, .ofs_x = 1, .ofs_y = -2},
    {.bitmap_index = 117139, .adv_w = 282, .box_w = 17, .box_h = 22, .ofs_x = 1, .ofs_y = -2},
    {.bitmap_index = 117326, .adv_w = 282, .box_w = 17, .box_h = 22, .ofs_x = 1, .ofs_y = -3},
    {.bitmap_index = 117513, .adv_w = 282, .box_w = 17, .box_h = 22, .ofs_x = 1, .ofs_y = -2},
    {.bitmap_index = 117700, .adv_w = 282, .box_w = 17, .box_h = 22, .ofs_x = 0, .ofs_y = -2},
    {.bitmap_index = 117887, .adv_w = 282, .box_w = 16, .box_h = 21, .ofs_x = 1, .ofs_y = -2},
    {.bitmap_index = 118055, .adv_w = 282, .box_w = 16, .box_h = 22, .ofs_x = 1, .ofs_y = -3},
    {.bitmap_index = 118231, .adv_w = 282, .box_w = 18, .box_h = 22, .ofs_x = 0, .ofs_y = -3},
    {.bitmap_index = 118429, .adv_w = 282, .box_w = 17, .box_h = 22, .ofs_x = 1, .ofs_y = -2},
    {.bitmap_index = 118616, .adv_w = 282, .box_w = 17, .box_h = 23, .ofs_x = 1, .ofs_y = -3},
    {.bitmap_index = 118812, .adv_w = 282, .box_w = 17, .box_h = 21, .ofs_x = 1, .ofs_y = -2},
    {.bitmap_index = 118991, .adv_w = 282, .box_w = 16, .box_h = 22, .ofs_x = 1, .ofs_y = -2},
    {.bitmap_index = 119167, .adv_w = 282, .box_w = 15, .box_h = 22, .ofs_x = 2, .ofs_y = -2},
    {.bitmap_index = 119332, .adv_w = 282, .box_w = 17, .box_h = 21, .ofs_x = 1, .ofs_y = -2},
    {.bitmap_index = 119511, .adv_w = 282, .box_w = 18, .box_h = 22, .ofs_x = 0, .ofs_y = -3},
    {.bitmap_index = 119709, .adv_w = 282, .box_w = 17, .box_h = 21, .ofs_x = 0, .ofs_y = -2},
    {.bitmap_index = 119888, .adv_w = 282, .box_w = 19, .box_h = 22, .ofs_x = -1, .ofs_y = -3},
    {.bitmap_index = 120097, .adv_w = 282, .box_w = 18, .box_h = 22, .ofs_x = 0, .ofs_y = -2},
    {.bitmap_index = 120295, .adv_w = 282, .box_w = 17, .box_h = 22, .ofs_x = 1, .ofs_y = -3},
    {.bitmap_index = 120482, .adv_w = 282, .box_w = 18, .box_h = 22, .ofs_x = 0, .ofs_y = -2},
    {.bitmap_index = 120680, .adv_w = 282, .box_w = 18, .box_h = 21, .ofs_x = 0, .ofs_y = -2},
    {.bitmap_index = 120869, .adv_w = 282, .box_w = 19, .box_h = 22, .ofs_x = -1, .ofs_y = -2},
    {.bitmap_index = 121078, .adv_w = 282, .box_w = 19, .box_h = 22, .ofs_x = -1, .ofs_y = -3},
    {.bitmap_index = 121287, .adv_w = 282, .box_w = 14, .box_h = 21, .ofs_x = 3, .ofs_y = -2},
    {.bitmap_index = 121434, .adv_w = 282, .box_w = 18, .box_h = 24, .ofs_x = 0, .ofs_y = -3},
    {.bitmap_index = 121650, .adv_w = 282, .box_w = 17, .box_h = 23, .ofs_x = 1, .ofs_y = -3},
    {.bitmap_index = 121846, .adv_w = 282, .box_w = 16, .box_h = 22, .ofs_x = 1, .ofs_y = -2},
    {.bitmap_index = 122022, .adv_w = 282, .box_w = 16, .box_h = 22, .ofs_x = 1, .ofs_y = -2},
    {.bitmap_index = 122198, .adv_w = 282, .box_w = 17, .box_h = 23, .ofs_x = 1, .ofs_y = -3},
    {.bitmap_index = 122394, .adv_w = 282, .box_w = 16, .box_h = 22, .ofs_x = 1, .ofs_y = -2},
    {.bitmap_index = 122570, .adv_w = 282, .box_w = 16, .box_h = 23, .ofs_x = 1, .ofs_y = -3},
    {.bitmap_index = 122754, .adv_w = 282, .box_w = 16, .box_h = 22, .ofs_x = 1, .ofs_y = -2},
    {.bitmap_index = 122930, .adv_w = 282, .box_w = 18, .box_h = 23, .ofs_x = -1, .ofs_y = -3},
    {.bitmap_index = 123137, .adv_w = 282, .box_w = 17, .box_h = 22, .ofs_x = 1, .ofs_y = -2}
};

/*---------------------
 *  CHARACTER MAPPING
 *--------------------*/

static const uint16_t unicode_list_0[] = {
    0x0, 0x1, 0x1dff, 0x1e08, 0x1e09, 0x1e0a, 0x1e0c, 0x1e0d,
    0x1e23, 0x1e29, 0x1e2c, 0x1e31, 0x1e38, 0x1e39, 0x1e3a, 0x1e48,
    0x1e4a, 0x1e4b, 0x1e4f, 0x1e57, 0x1e8b, 0x1e8d, 0x1ea3, 0x1eaa,
    0x1ead, 0x1eb9, 0x1ec4, 0x1eca, 0x1ecd, 0x1ed5, 0x1ee4, 0x1ee9,
    0x1eef, 0x1ef5, 0x1efa, 0x1efc, 0x1f0f, 0x1f1f, 0x1f2e, 0x1f4c,
    0x1f4d, 0x1f4e, 0x1f52, 0x1f54, 0x1f58, 0x1f5b, 0x1f7e, 0x1f8a,
    0x1f9a, 0x1fa6, 0x1fc3, 0x1fdc, 0x1fe0, 0x1fed, 0x1fee, 0x200c,
    0x2011, 0x201e, 0x203b, 0x204e, 0x205b, 0x207e, 0x20a7, 0x20ce,
    0x2140, 0x2142, 0x2144, 0x2148, 0x214a, 0x2164, 0x2167, 0x216b,
    0x216f, 0x2172, 0x2175, 0x2176, 0x2177, 0x217b, 0x2184, 0x218b,
    0x2198, 0x21b1, 0x21c5, 0x21ce, 0x21df, 0x21f9, 0x21fa, 0x21fc,
    0x2205, 0x2206, 0x2216, 0x221a, 0x221c, 0x221f, 0x2228, 0x222a,
    0x222f, 0x2235, 0x2236, 0x2238, 0x224c, 0x2268, 0x226e, 0x229e,
    0x229f, 0x22a7, 0x22a8, 0x2304, 0x2307, 0x2315, 0x2338, 0x2339,
    0x2346, 0x2349, 0x234e, 0x2354, 0x2360, 0x236a, 0x2381, 0x238a,
    0x239e, 0x23c1, 0x23c8, 0x23c9, 0x23cb, 0x23cc, 0x23d0, 0x23d5,
    0x23d7, 0x23df, 0x23e2, 0x23e5, 0x23e9, 0x23ee, 0x23ef, 0x23f2,
    0x23f5, 0x23f6, 0x2407, 0x240b, 0x240c, 0x240d, 0x2410, 0x2416,
    0x2425, 0x242a, 0x242e, 0x2449, 0x2467, 0x247c, 0x248b, 0x24cc,
    0x2667, 0x2669, 0x26dd, 0x26df, 0x26f3, 0x26f9, 0x26fc, 0x26fd,
    0x2705, 0x2727, 0x272f, 0x273f, 0x2746, 0x2756, 0x2765, 0x278a,
    0x27f9, 0x286a, 0x289d, 0x28ef, 0x2906, 0x290c, 0x2915, 0x2919,
    0x2926, 0x2928, 0x2929, 0x2930, 0x2938, 0x297c, 0x29ca, 0x2b4f,
    0x2b56, 0x2b57, 0x2b65, 0x2b82, 0x2b88, 0x2b8b, 0x2b99, 0x2b9d,
    0x2bb8, 0x2bbc, 0x2bf7, 0x2bf8, 0x2bfb, 0x2c03, 0x2c05, 0x2c0e,
    0x2c39, 0x2c3d, 0x2c3f, 0x2c4e, 0x2c54, 0x2cef, 0x2de4, 0x2de5,
    0x2ded, 0x2df1, 0x2e02, 0x2e0b, 0x2e25, 0x2e26, 0x2e37, 0x2e3c,
    0x2e44, 0x2e54, 0x2e72, 0x2e75, 0x2e8e, 0x2e93, 0x2ea5, 0x2ef5,
    0x2ef9, 0x2eff, 0x2f01, 0x2f0e, 0x2f14, 0x2f30, 0x2f38, 0x2f39,
    0x2f51, 0x2f52, 0x2f54, 0x2f61, 0x2f70, 0x2f83, 0x2f84, 0x2f87,
    0x2fa9, 0x2fad, 0x2fb6, 0x2fc2, 0x2fc4, 0x2fd6, 0x2fea, 0x2ffc,
    0x3000, 0x301f, 0x3024, 0x303a, 0x3061, 0x306e, 0x30ab, 0x30c4,
    0x310e, 0x311e, 0x3161, 0x320e, 0x320f, 0x3215, 0x3229, 0x323f,
    0x3246, 0x324a, 0x3252, 0x3262, 0x3266, 0x3268, 0x326a, 0x327d,
    0x327f, 0x32a3, 0x32a4, 0x32c8, 0x32d1, 0x32de, 0x32e7, 0x32e8,
    0x32fd, 0x3300, 0x3306, 0x3308, 0x332e, 0x3361, 0x336d, 0x3376,
    0x3391, 0x33a4, 0x33a6, 0x33a7, 0x33ce, 0x33cf, 0x33d1, 0x33f3,
    0x341b, 0x3446, 0x3457, 0x3477, 0x34ac, 0x34cc, 0x34e5, 0x352e,
    0x3535, 0x3538, 0x353d, 0x3544, 0x3547, 0x354e, 0x3550, 0x3558,
    0x356f, 0x3573, 0x3586, 0x359b, 0x35ac, 0x35ae, 0x35af, 0x35b8,
    0x35ca, 0x35df, 0x35e4, 0x35f5, 0x360d, 0x361e, 0x361f, 0x362e,
    0x363d, 0x366d, 0x366e, 0x3681, 0x36f1, 0x36f3, 0x36fe, 0x36ff,
    0x3708, 0x371e, 0x3729, 0x372b, 0x3739, 0x3745, 0x3760, 0x3764,
    0x377e, 0x3780, 0x37b5, 0x37c3, 0x37e4, 0x3806, 0x380e, 0x3820,
    0x3836, 0x383b, 0x3845, 0x3867, 0x38bf, 0x3a20, 0x3a29, 0x3a58,
    0x3b20, 0x3b26, 0x3b61, 0x3b62, 0x3b63, 0x3b64, 0x3b7a, 0x3b89,
    0x3bb4, 0x3bce, 0x3bd3, 0x3c33, 0x3c5f, 0x3ca0, 0x3cb8, 0x3cbe,
    0x3cd4, 0x3ce1, 0x3ce7, 0x3d1a, 0x3d31, 0x3d3a, 0x3d40, 0x3d4a,
    0x3d87, 0x3df6, 0x3dfa, 0x3e04, 0x3e0f, 0x3e28, 0x3e37, 0x3e7d,
    0x3e8f, 0x3ed0, 0x3ed9, 0x3edd, 0x3ee0, 0x3ee3, 0x3fbf, 0x406a,
    0x406e, 0x4074, 0x40b8, 0x4125, 0x4135, 0x4183, 0x422b, 0x4246,
    0x4247, 0x4258, 0x4278, 0x42b5, 0x4386, 0x43ae, 0x43af, 0x43ec,
    0x4405, 0x445d, 0x451e, 0x4527, 0x4534, 0x454b, 0x4564, 0x467c,
    0x4683, 0x46c9, 0x46d0, 0x46d5, 0x46d7, 0x46ed, 0x46f3, 0x46f7,
    0x470a, 0x471e, 0x47ab, 0x47e4, 0x47ec, 0x4800, 0x486b, 0x486d,
    0x4939, 0x4980, 0x49ba, 0x49d1, 0x49ee, 0x49ef, 0x49fa, 0x4a0a,
    0x4a32, 0x4a79, 0x4a80, 0x4a96, 0x4add, 0x4aee, 0x4b2b, 0x4b48,
    0x4b7d, 0x4b7f, 0x4b96, 0x4ba0, 0x4c7a, 0x4c88, 0x4c97, 0x4cbd,
    0x4cfa, 0x4d21, 0x4d26, 0x4d2e, 0x4ea1, 0x4ea6, 0x4eb4, 0x4ebc,
    0x4ebe, 0x4ec2, 0x4ec3, 0x4ec5, 0x4ec7, 0x4ece, 0x4ed0, 0x4edc,
    0x4ede, 0x4eec, 0x4efe, 0x4f12, 0x4f15, 0x4f28, 0x4f6d, 0x4f8d,
    0x4fd3, 0x4ffa, 0x4ffb, 0x5004, 0x5016, 0x5025, 0x5053, 0x50cb,
    0x50fc, 0x5108, 0x5119, 0x51e9, 0x51f2, 0x5229, 0x5234, 0x5271,
    0x5281, 0x52ab, 0x52f0, 0x5302, 0x5376, 0x53db, 0x5403, 0x543c,
    0x5460, 0x54dc, 0x55ce, 0x5701, 0x57b9, 0x584b, 0x5864, 0x5867,
    0x586f, 0x58aa, 0x58c4, 0x595e, 0x597e, 0x5980, 0x5985, 0x59c3,
    0x59c5, 0x59c7, 0x59d1, 0x59e2, 0x59e5, 0x59ff, 0x5b65, 0x5ba0,
    0x5ba3, 0x5bad, 0x5baf, 0x5bb7, 0x5bbd, 0x5bbe, 0x5bc0, 0x5bd4,
    0x5bdc, 0x5be1, 0x5be5, 0x5bec, 0x5bee, 0x5bf3, 0x5bf6, 0x5bfa,
    0x5c02, 0x5c30, 0x5d1e, 0x5d24, 0x5d33, 0x5d76, 0x5d84, 0x5db2,
    0x5ddc, 0x5dde, 0x5dee, 0x5df2, 0x5e29, 0x5eaa, 0x5f65, 0x5f6b,
    0x5f6d, 0x5f73, 0x5f7a, 0x5f7c, 0x5f82, 0x5f84, 0x5f90, 0x5f92,
    0x5fb8, 0x5fc6, 0x5fcf, 0x5fd3, 0x5fd7, 0x5fda, 0x5fdd, 0x5fde,
    0x5fef, 0x5fff, 0x6005, 0x6008, 0x6019, 0x601e, 0x603a, 0x6052,
    0x6064, 0x60e7, 0x614c, 0x61c6, 0x61c9, 0x61cc, 0x61ce, 0x6273,
    0x6487, 0x649e, 0x64ad, 0x64fd, 0x6500, 0x6518, 0x652d, 0x655b,
    0x657e, 0x65e7, 0x65ec, 0x65ed, 0x65f3, 0x6607, 0x6633, 0x6635,
    0x663f, 0x6643, 0x664c, 0x664f, 0x6663, 0x6676, 0x668e, 0x6693,
    0x669b, 0x66c5, 0x66f5, 0x66ff, 0x6706, 0x6758, 0x675d, 0x6761,
    0x67e8, 0x67f2, 0x6874, 0x6875, 0x6878, 0x6879, 0x687a, 0x6883,
    0x6890, 0x6897, 0x689b, 0x68cd, 0x68dd, 0x6987, 0x6a75, 0x6a7d,
    0x6a8b, 0x6ad7, 0x6e22, 0x6ea5, 0x6ec3, 0x6ed7, 0x6f4f
};

/*Collect the unicode lists and glyph_id offsets*/
static const lv_font_fmt_txt_cmap_t cmaps[] =
{
    {
        .range_start = 12289, .range_length = 28496, .glyph_id_start = 1,
        .unicode_list = unicode_list_0, .glyph_id_ofs_list = NULL, .list_length = 655, .type = LV_FONT_FMT_TXT_CMAP_SPARSE_TINY
    }
};



/*--------------------
 *  ALL CUSTOM DATA
 *--------------------*/

#if LVGL_VERSION_MAJOR == 8
/*Store all the custom data of the font*/
static  lv_font_fmt_txt_glyph_cache_t cache;
#endif

#if LVGL_VERSION_MAJOR >= 8
static const lv_font_fmt_txt_dsc_t font_dsc = {
#else
static lv_font_fmt_txt_dsc_t font_dsc = {
#endif
    .glyph_bitmap = glyph_bitmap,
    .glyph_dsc = glyph_dsc,
    .cmaps = cmaps,
    .kern_dsc = NULL,
    .kern_scale = 0,
    .cmap_num = 1,
    .bpp = 4,
    .kern_classes = 0,
    .bitmap_format = 0,
#if LVGL_VERSION_MAJOR == 8
    .cache = &cache
#endif
};

extern const lv_font_t lv_font_en_STD;


/*-----------------
 *  PUBLIC FONT
 *----------------*/

/*Initialize a public general font descriptor*/
#if LVGL_VERSION_MAJOR >= 8
const lv_font_t lv_font_ss_STD = {
#else
lv_font_t lv_font_ss_STD = {
#endif
    .get_glyph_dsc = lv_font_get_glyph_dsc_fmt_txt,    /*Function pointer to get glyph's data*/
    .get_glyph_bitmap = lv_font_get_bitmap_fmt_txt,    /*Function pointer to get glyph's bitmap*/
    .line_height = 24,          /*The maximum line height required by the font*/
    .base_line = 3,             /*Baseline measured from the bottom of the line*/
#if !(LVGL_VERSION_MAJOR == 6 && LVGL_VERSION_MINOR == 0)
    .subpx = LV_FONT_SUBPX_NONE,
#endif
#if LV_VERSION_CHECK(7, 4, 0) || LVGL_VERSION_MAJOR >= 8
    .underline_position = -2,
    .underline_thickness = 1,
#endif
    .dsc = &font_dsc,          /*The custom font data. Will be accessed by `get_glyph_bitmap/dsc` */
#if LV_VERSION_CHECK(8, 2, 0) || LVGL_VERSION_MAJOR >= 9
    .fallback = &lv_font_en_STD,
#endif
    .user_data = NULL,
};



#endif /*#if LV_FONT_SS_STD*/

