#include "definitions.h"
#include "lz4_fonts.h"

static const uint8_t lz4FontData[] __FLASH = {
0x15,0x00,0x01,0x00,0x22,0x70,0x0d,0x08,0x00,0xf1,0x32,0xb0,0x09,0x07,0x20,0x02,
0x00,0x70,0x00,0x20,0x11,0x0f,0x09,0x01,0x17,0xb4,0x00,0x10,0x23,0x21,0x20,0x01,
0x00,0xc4,0x02,0xb0,0x22,0x20,0x2a,0x01,0xfb,0x64,0x05,0x80,0x2a,0x27,0x22,0x02,
0xff,0xfb,0x07,0x40,0x29,0x25,0x21,0x02,0xff,0x5e,0x0a,0xb0,0x0a,0x07,0x09,0x02,
0x17,0x7e,0x0a,0xb0,0x0c,0x09,0x20,0x02,0x00,0x0e,0x0b,0xd0,0x08,0x00,0xf0,0x12,
0x9e,0x0b,0x60,0x16,0x15,0x14,0x01,0x0c,0x70,0x0c,0xb0,0x13,0x13,0x13,0x00,0x04,
0x25,0x0d,0x00,0x0a,0x07,0x0c,0x02,0xfa,0x4f,0x0d,0xc0,0x16,0x13,0x06,0x02,0x0a,
0x88,0x10,0x00,0xf2,0x0f,0x06,0x02,0x00,0x9d,0x0d,0xf0,0x16,0x17,0x21,0x00,0xff,
0x19,0x0f,0xb0,0x24,0x20,0x20,0x02,0x00,0x19,0x11,0x30,0x11,0x10,0x20,0x00,0x00,
0x19,0x12,0x80,0x10,0x00,0x22,0x14,0x60,0x08,0x00,0x92,0x16,0x20,0x20,0x1f,0x20,
0x00,0x00,0x09,0x18,0x18,0x00,0x32,0x09,0x1a,0x10,0x08,0x00,0x92,0x1c,0x10,0x1d,
0x1b,0x20,0x00,0x00,0xb9,0x1d,0x40,0x00,0x32,0xb9,0x1f,0x70,0x08,0x00,0xf2,0x22,
0x21,0x70,0x0a,0x07,0x1a,0x02,0x00,0x14,0x22,0xb0,0x0a,0x07,0x20,0x02,0xfa,0x84,
0x22,0xd0,0x14,0x13,0x1c,0x00,0xff,0x8e,0x23,0x10,0x1c,0x18,0x0f,0x02,0x06,0x42,
0x24,0xe0,0x14,0x14,0x1c,0x02,0xff,0x5a,0x25,0xd0,0x1d,0x1c,0x20,0x01,0x00,0x1a,
0x27,0x50,0x00,0xb1,0x1a,0x29,0xd0,0x24,0x21,0x20,0x02,0x00,0x2a,0x2b,0xa0,0x08,
0x00,0x31,0x3a,0x2d,0x30,0x08,0x00,0x31,0x4a,0x2f,0xb0,0x08,0x00,0x50,0x5a,0x31,
0xb0,0x21,0x1e,0x18,0x00,0x40,0x33,0xd0,0x1f,0x1e,0x30,0x00,0x22,0x35,0x80,0x30,
0x00,0x31,0x37,0x70,0x25,0x30,0x00,0xf0,0x0c,0x39,0x70,0x09,0x07,0x20,0x01,0x00,
0xaa,0x39,0x50,0x22,0x20,0x20,0x00,0x00,0xaa,0x3b,0x10,0x23,0x1f,0x20,0x02,0x00,
0x9a,0x3d,0x40,0x22,0x20,0x00,0xa2,0xaa,0x3f,0xd0,0x28,0x25,0x20,0x02,0x00,0xfa,
0x41,0x60,0x00,0x31,0x0a,0x44,0x70,0x08,0x00,0x41,0x1a,0x46,0xd0,0x22,0x48,0x00,
0xa1,0x48,0xe0,0x26,0x24,0x20,0x02,0x00,0x6a,0x4a,0x50,0x18,0x00,0x31,0x7a,0x4c,
0x60,0x08,0x00,0xa2,0x8a,0x4e,0x60,0x21,0x21,0x20,0x00,0x00,0x9a,0x50,0x30,0x00,
0xf0,0x06,0xaa,0x52,0x20,0x2c,0x2b,0x20,0x01,0x00,0x5a,0x55,0xe0,0x33,0x32,0x20,
0x01,0x00,0x7a,0x58,0xc0,0x23,0x20,0x30,0x00,0xa1,0x5a,0x70,0x23,0x24,0x20,0x00,
0x00,0xba,0x5c,0x20,0xd0,0x00,0x31,0xba,0x5e,0x20,0x90,0x01,0x50,0x4a,0x5f,0xe0,
0x16,0x17,0x18,0x00,0x13,0x60,0x10,0x00,0xf2,0x12,0x61,0x70,0x24,0x20,0x06,0x02,
0xfa,0xaa,0x61,0x90,0x0c,0x09,0x09,0x02,0x1d,0xd3,0x61,0x90,0x1e,0x1b,0x1a,0x02,
0x00,0x32,0x63,0x60,0x1d,0x1b,0x23,0x02,0x00,0x0b,0x65,0x10,0x00,0xb1,0x6a,0x66,
0x60,0x1d,0x1a,0x23,0x01,0x00,0x31,0x68,0x70,0x10,0x00,0xf2,0x03,0x90,0x69,0xf0,
0x12,0x11,0x23,0x02,0x00,0xba,0x6a,0x10,0x1e,0x1b,0x24,0x01,0xf6,0xa0,0x6c,0x30,
0x00,0xf1,0x1c,0x79,0x6e,0xc0,0x09,0x07,0x23,0x02,0x00,0xf4,0x6e,0x80,0x0a,0x12,
0x2d,0xf7,0xf6,0x89,0x70,0x70,0x1c,0x1a,0x23,0x02,0x00,0x50,0x72,0x60,0x0e,0x0c,
0x23,0x02,0x00,0x22,0x73,0x10,0x2b,0x27,0x1a,0x02,0x00,0x1d,0x75,0xa0,0x48,0x00,
0x22,0x7c,0x76,0x50,0x00,0xa0,0xdb,0x77,0x30,0x1d,0x1b,0x24,0x02,0xf6,0xc1,0x79,
0x08,0x00,0xd1,0x00,0xf6,0xa7,0x7b,0xf0,0x16,0x15,0x1a,0x02,0x00,0xb8,0x7c,0x30,
0x20,0x00,0xa2,0x17,0x7e,0x40,0x13,0x11,0x22,0x02,0x00,0x38,0x7f,0x90,0x00,0xf2,
0x03,0x97,0x80,0xc0,0x22,0x23,0x1a,0x00,0x00,0x5e,0x82,0xa0,0x2e,0x2d,0x1a,0x01,
0x00,0xa7,0x84,0x48,0x00,0x31,0x06,0x86,0x20,0x90,0x00,0x31,0xec,0x87,0xb0,0x10,
0x00,0xf0,0x03,0x4b,0x89,0xb0,0x0c,0x0b,0x20,0x01,0x00,0xfb,0x89,0x70,0x09,0x07,
0x2a,0x02,0xfb,0x8e,0x8a,0x10,0x00,0xf2,0x0d,0x02,0x00,0x3e,0x8b,0xc0,0x11,0x11,
0x07,0x01,0x0a,0x7a,0x8b,0x50,0x13,0x11,0x10,0x01,0x10,0x02,0x8c,0xd0,0x24,0x21,
0x2c,0x02,0x00,0xd8,0x8e,0x08,0x00,0xa2,0xae,0x91,0xd0,0x24,0x21,0x2b,0x02,0x00,
0x74,0x94,0x10,0x00,0xa2,0x4a,0x97,0xd0,0x24,0x21,0x29,0x02,0x00,0xef,0x99,0x10,
0x00,0xf2,0x0b,0xc5,0x9c,0x80,0x3c,0x38,0x20,0x02,0x00,0x45,0xa0,0x30,0x24,0x21,
0x27,0x02,0xf9,0xc9,0xa2,0xb0,0x21,0x1e,0x2c,0x02,0x00,0x5d,0xa5,0x08,0x00,0xf0,
0x0b,0xf1,0xa7,0xb0,0x21,0x1e,0x2b,0x02,0x00,0x76,0xaa,0xb0,0x21,0x1e,0x29,0x02,
0x00,0xdd,0xac,0x70,0x09,0x09,0x2c,0x00,0x00,0xa3,0xad,0x08,0x00,0xf1,0x06,0x01,
0x00,0x69,0xae,0x70,0x09,0x0e,0x2b,0xfe,0x00,0x96,0xaf,0x70,0x09,0x10,0x29,0xfd,
0x00,0xde,0xb0,0xa0,0x58,0x00,0x31,0xb4,0xb3,0x70,0x08,0x00,0x22,0x8a,0xb6,0x08,
0x00,0x31,0x60,0xb9,0x70,0x88,0x00,0x22,0x26,0xbc,0x10,0x00,0x31,0xfc,0xbe,0x70,
0x88,0x00,0xa2,0xa1,0xc1,0x00,0x18,0x14,0x14,0x02,0x04,0x69,0xc2,0x18,0x00,0x22,
0x3f,0xc5,0x08,0x00,0x22,0x15,0xc8,0x30,0x00,0x22,0xdb,0xca,0x28,0x00,0xb1,0x80,
0xcd,0x70,0x23,0x24,0x2c,0x00,0x00,0x98,0xd0,0xa0,0x08,0x02,0xa2,0x98,0xd2,0x90,
0x1e,0x1b,0x25,0x02,0x00,0x8c,0xd4,0x08,0x00,0x22,0x80,0xd6,0x08,0x00,0xc0,0x74,
0xd8,0x90,0x1e,0x1b,0x26,0x02,0x00,0x75,0xda,0x90,0x1e,0xc8,0x01,0x22,0x4e,0xdc,
0x10,0x00,0xf1,0x04,0x4f,0xde,0xd0,0x33,0x2f,0x1a,0x02,0x00,0xb2,0xe0,0x90,0x1e,
0x1b,0x21,0x02,0xf9,0x70,0xe2,0x70,0x30,0x00,0x22,0x64,0xe4,0x08,0x00,0x22,0x58,
0xe6,0x08,0x00,0x31,0x4c,0xe8,0x70,0x38,0x00,0x91,0x25,0xea,0x70,0x09,0x09,0x25,
0x00,0x00,0xcc,0x08,0x00,0xf1,0x06,0x01,0x00,0x73,0xeb,0x70,0x09,0x0e,0x25,0xfe,
0x00,0x76,0xec,0x70,0x09,0x10,0x23,0xfd,0x00,0x8e,0xed,0xa0,0x58,0x00,0x22,0x8f,
0xef,0x38,0x00,0x22,0x83,0xf1,0x08,0x00,0x22,0x77,0xf3,0x08,0x00,0x31,0x6b,0xf5,
0x70,0x20,0x00,0x22,0x6c,0xf7,0x50,0x00,0xa2,0x45,0xf9,0xb0,0x16,0x16,0x1b,0x00,
0x00,0x6e,0xfa,0xa8,0x00,0x22,0x62,0xfc,0x08,0x00,0x22,0x56,0xfe,0x08,0x00,0x31,
0x4a,0x00,0x91,0x28,0x00,0xf1,0x2b,0x23,0x02,0x21,0x1e,0x1b,0x2f,0x01,0xf6,0x9e,
0x04,0x21,0x1e,0x1b,0x2d,0x01,0xf6,0xfe,0x06,0xa1,0x1d,0x1e,0x27,0x00,0x00,0x47,
0x09,0x91,0x17,0x16,0x20,0x01,0x00,0xa7,0x0a,0xa1,0x1d,0x1e,0x28,0x00,0x00,0xff,
0x0c,0x91,0x17,0x16,0x21,0x01,0x00,0x6a,0x0e,0xa1,0x1d,0x1e,0x29,0x00,0xf7,0xd1,
0x10,0x10,0x00,0xf2,0x04,0xf7,0x3c,0x12,0xd1,0x1c,0x1b,0x29,0x01,0x00,0x66,0x14,
0xf1,0x16,0x15,0x21,0x01,0x00,0xc1,0x15,0x10,0x00,0x22,0xeb,0x17,0x10,0x00,0x22,
0x46,0x19,0x10,0x00,0x22,0x70,0x1b,0x10,0x00,0x22,0xcb,0x1c,0x10,0x00,0x22,0xf5,
0x1e,0x10,0x00,0xf1,0x1c,0x50,0x20,0xa1,0x1c,0x19,0x29,0x02,0x00,0x51,0x22,0x01,
0x1c,0x1e,0x21,0x01,0x00,0x40,0x24,0x41,0x1d,0x1d,0x20,0xff,0x00,0x10,0x26,0xc1,
0x1b,0x19,0x21,0x01,0x00,0xad,0x27,0xc1,0x18,0x16,0x27,0x02,0x00,0x5a,0x29,0xd1,
0x90,0x00,0xb1,0xba,0x2a,0xc1,0x18,0x16,0x28,0x02,0x00,0x72,0x2c,0xd1,0x90,0x00,
0x22,0xdd,0x2d,0x10,0x00,0x22,0x95,0x2f,0x10,0x00,0xb1,0x00,0x31,0xc1,0x18,0x16,
0x29,0x02,0xf7,0xc3,0x32,0xd1,0xa0,0x00,0x21,0x2e,0x34,0x10,0x00,0x32,0x00,0xf1,
0x35,0x20,0x00,0xf2,0x03,0x5c,0x37,0x01,0x1e,0x1a,0x29,0x02,0x00,0x71,0x39,0x21,
0x19,0x16,0x2a,0x01,0xf7,0x3f,0x3b,0x10,0x00,0x22,0x54,0x3d,0x10,0x00,0x22,0x22,
0x3f,0x10,0x00,0x22,0x37,0x41,0x10,0x00,0xf0,0x15,0x05,0x43,0x01,0x1e,0x1a,0x2b,
0x02,0xf5,0x34,0x45,0x21,0x19,0x16,0x2f,0x01,0xf7,0x39,0x47,0x11,0x1f,0x1b,0x29,
0x02,0x00,0x63,0x49,0xa1,0x18,0x15,0x2a,0x02,0x00,0x1c,0x4b,0xb1,0x1f,0xa8,0x04,
0xf0,0xa6,0x1c,0x4d,0x41,0x19,0x19,0x21,0xfe,0x00,0xb9,0x4e,0xd1,0x0c,0x11,0x28,
0xfe,0x00,0x0d,0x50,0x11,0x0c,0x12,0x21,0xfd,0x00,0x36,0x51,0xd1,0x0c,0x0f,0x27,
0xff,0x00,0x5b,0x52,0x11,0x0c,0x10,0x20,0xfe,0x00,0x5b,0x53,0xd1,0x0c,0x0f,0x28,
0xff,0x00,0x87,0x54,0x11,0x0c,0x10,0x21,0xfe,0x00,0x8f,0x55,0xd1,0x0c,0x0a,0x29,
0x00,0xf7,0x5c,0x56,0xb1,0x0b,0x0a,0x2a,0x00,0xf7,0x2e,0x57,0xd1,0x0c,0x07,0x28,
0x03,0x00,0xba,0x57,0x11,0x0c,0x08,0x18,0x02,0x00,0x1a,0x58,0x61,0x25,0x20,0x20,
0x03,0x00,0x1a,0x5a,0x21,0x17,0x13,0x2a,0x02,0xf7,0xa9,0x5b,0x91,0x18,0x1b,0x29,
0x00,0x00,0xd3,0x5d,0x61,0x0c,0x12,0x2a,0xfd,0xf7,0x4d,0x5f,0xf1,0x1b,0x1b,0x2a,
0x02,0xf6,0x84,0x61,0x81,0x17,0x16,0x2c,0x02,0xf5,0x68,0x63,0xf1,0x19,0x18,0x18,
0x02,0x00,0x88,0x64,0xd1,0x17,0x15,0x28,0x02,0x00,0x2c,0x66,0xb1,0x0b,0x0c,0x2a,
0x02,0x00,0x28,0x67,0xd1,0x17,0x15,0x2c,0x02,0xf4,0xf6,0x68,0xb1,0x0b,0x08,0x2d,
0x01,0xf4,0xaa,0x69,0xd1,0x17,0x15,0x48,0x05,0x92,0x6a,0xe1,0x0e,0x0f,0x21,0x02,
0x00,0xf2,0x6b,0x10,0x00,0xf2,0x2b,0x42,0x6d,0x61,0x10,0x10,0x21,0x02,0x00,0x4a,
0x6e,0x91,0x18,0x18,0x20,0x00,0x00,0xca,0x6f,0x71,0x0d,0x0d,0x21,0x00,0x00,0xa1,
0x70,0x11,0x1f,0x1b,0x28,0x02,0x00,0xbd,0x72,0xa1,0x18,0x15,0x21,0x02,0x00,0x18,
0x74,0x11,0x1f,0x1b,0x2c,0x02,0xf4,0x6a,0x76,0xa1,0x18,0x15,0x24,0x02,0xf4,0xe4,
0x77,0x20,0x00,0x22,0x00,0x7a,0x20,0x00,0xf0,0x04,0x5b,0x7b,0xa1,0x18,0x1a,0x21,
0xfd,0x00,0x08,0x7d,0xf1,0x1e,0x1b,0x29,0x02,0xf7,0x32,0x7f,0xd1,0x18,0x00,0xf2,
0x14,0xf7,0x8d,0x80,0x61,0x1e,0x1c,0x27,0x01,0x00,0xaf,0x82,0xe1,0x18,0x17,0x20,
0x01,0x00,0x1f,0x84,0x61,0x1e,0x1c,0x29,0x01,0x00,0x5d,0x86,0xe1,0x18,0x17,0x21,
0x01,0x00,0xd9,0x87,0x10,0x00,0x22,0x17,0x8a,0x10,0x00,0xf0,0x0d,0x93,0x8b,0xa1,
0x2a,0x27,0x20,0x02,0x00,0x03,0x8e,0xb1,0x27,0x26,0x18,0x01,0x00,0xcb,0x8f,0x11,
0x1c,0x1a,0x28,0x02,0x00,0xd3,0x91,0x11,0x10,0xb8,0x00,0xf2,0x03,0xcb,0x92,0x11,
0x1c,0x1a,0x2c,0x02,0xf4,0x07,0x95,0x11,0x10,0x0f,0x24,0x01,0xf4,0x15,0x96,0x20,
0x00,0xf1,0x04,0x1d,0x98,0x11,0x10,0x12,0x21,0x00,0x00,0x46,0x99,0x11,0x1b,0x19,
0x29,0x01,0x00,0x47,0x9b,0xa1,0x70,0x02,0x22,0xa2,0x9c,0x10,0x00,0x22,0xa3,0x9e,
0x10,0x00,0xf2,0x03,0xfe,0x9f,0x11,0x1b,0x19,0x2a,0x01,0xf6,0x0b,0xa2,0xa1,0x16,
0x15,0x22,0x01,0xf6,0x70,0xa3,0x20,0x00,0x22,0x71,0xa5,0x20,0x00,0xf0,0x15,0xcc,
0xa6,0x41,0x1b,0x1b,0x29,0x00,0xf7,0xf6,0xa8,0xe1,0x0e,0x0f,0x28,0x00,0xf6,0x22,
0xaa,0x41,0x1b,0x1b,0x28,0x00,0x00,0x3e,0xac,0xc1,0x0f,0x13,0x25,0x00,0x00,0x9e,
0xad,0x41,0x1b,0x40,0x07,0xf2,0x03,0x4e,0xaf,0xe1,0x0e,0x10,0x1e,0xff,0x00,0x3e,
0xb0,0xf1,0x1c,0x19,0x28,0x02,0x00,0x32,0xb2,0x08,0x01,0xc0,0x8d,0xb3,0xf1,0x1c,
0x19,0x27,0x02,0x00,0x75,0xb5,0xa1,0x18,0x60,0x01,0x31,0xc5,0xb6,0xf1,0xf0,0x02,
0x22,0xc6,0xb8,0x20,0x00,0xa1,0x21,0xba,0xf1,0x1c,0x19,0x2b,0x02,0x00,0x3b,0xbc,
0x48,0x01,0x32,0x00,0xb5,0xbd,0x20,0x00,0x50,0xb6,0xbf,0xa1,0x18,0x16,0x20,0x00,
0x11,0xc1,0x40,0x00,0x41,0xf9,0x09,0xc3,0xa1,0x40,0x01,0xf2,0x2b,0x64,0xc4,0x81,
0x26,0x26,0x28,0x00,0x00,0x5c,0xc7,0x51,0x20,0x20,0x21,0x00,0x00,0x6c,0xc9,0x31,
0x1b,0x1c,0x29,0x00,0x00,0xaa,0xcb,0x11,0x16,0x17,0x2a,0x00,0xf7,0x8d,0xcd,0x31,
0x1b,0x1c,0x27,0x00,0x00,0xaf,0xcf,0xb1,0x1a,0x19,0x28,0x01,0x00,0xa3,0xd1,0x61,
0x16,0x14,0x21,0x01,0x00,0xed,0xd2,0x10,0x00,0x22,0xe1,0xd4,0x10,0x00,0x22,0x2b,
0xd6,0x10,0x00,0x22,0x1f,0xd8,0x10,0x00,0xff,0x35,0x69,0xd9,0x71,0x0b,0x0d,0x22,
0x02,0x00,0x46,0xda,0x51,0x10,0x07,0x06,0x05,0x0d,0x00,0x01,0x02,0x03,0x04,0x05,
0x06,0x00,0x07,0x08,0x09,0x0a,0x0b,0x00,0x0c,0x0d,0x0e,0x0f,0x10,0x11,0x12,0x13,
0x14,0x15,0x16,0x17,0x18,0x19,0x1a,0x1b,0x1c,0x00,0x1d,0x1e,0x1f,0x20,0x21,0x22,
0x23,0x00,0x24,0x25,0x26,0x27,0x28,0x7f,0xff,0xff,0x57,0xff,0xff,0xf5,0x07,0x00,
0x36,0x43,0x51,0x33,0x33,0x31,0x56,0x09,0x4d,0x6e,0xee,0xee,0x47,0x23,0x00,0xff,
0x00,0x1f,0xff,0xff,0x90,0x8f,0xff,0xff,0x31,0xff,0xff,0xf9,0x08,0xff,0xff,0xf3,
0x0f,0x00,0x1a,0x72,0x02,0x22,0x22,0x10,0x12,0x22,0x22,0x5e,0x00,0xb2,0x04,0xff,
0xff,0xf9,0x00,0x00,0x00,0x0b,0xff,0xff,0xf2,0x11,0x00,0xa2,0x9f,0xff,0xff,0x40,
0x00,0x00,0x01,0xff,0xff,0xfc,0x10,0x00,0xb1,0x0e,0xff,0xff,0xe0,0x00,0x00,0x00,
0x5f,0xff,0xff,0x70,0x10,0x00,0x12,0x03,0x31,0x00,0x15,0x0a,0x31,0x00,0x11,0x8f,
0x31,0x00,0x1f,0x00,0x31,0x00,0x13,0x29,0x5f,0xff,0x01,0x00,0x3a,0xf5,0x05,0xff,
0x01,0x00,0x1f,0x50,0x21,0x00,0x1e,0xf0,0x01,0x04,0xee,0xee,0xee,0xff,0xff,0xff,
0xee,0xee,0xee,0xef,0xff,0xff,0xfe,0xee,0xee,0x8c,0x00,0x12,0x6f,0x7c,0x00,0x32,
0xdf,0xff,0xfe,0x93,0x00,0x03,0xde,0x00,0x41,0x2f,0xff,0xff,0xa0,0x10,0x00,0x03,
0xde,0x00,0x42,0x08,0xff,0xff,0xf5,0x21,0x00,0x05,0x31,0x00,0x1f,0xff,0x31,0x00,
0x02,0x00,0xde,0x00,0x16,0xfd,0x31,0x00,0x1b,0x09,0x94,0x00,0x2a,0x00,0x9f,0x10,
0x00,0x1f,0xf0,0x21,0x00,0x1f,0x13,0x8e,0xc4,0x00,0x11,0xee,0xc4,0x00,0x21,0xee,
0xe0,0x7c,0x00,0x81,0x90,0x00,0x00,0x00,0xaf,0xff,0xff,0x10,0x82,0x00,0x11,0x06,
0x7c,0x00,0x00,0x5e,0x01,0x12,0xd0,0x93,0x00,0x32,0xbf,0xff,0xff,0x5e,0x01,0x12,
0xf8,0x10,0x00,0x42,0x1f,0xff,0xff,0xb0,0x8f,0x01,0x11,0x30,0x10,0x00,0x82,0x05,
0xff,0xff,0xf7,0x00,0x00,0x00,0x0d,0x8f,0x01,0x02,0x4b,0x00,0x75,0x20,0x00,0x00,
0x02,0xff,0xff,0xfa,0xa9,0x01,0x00,0x4b,0x00,0x46,0x7f,0xff,0xff,0x50,0xc4,0x0b,
0x00,0xfb,0x00,0x2f,0xf1,0x00,0x10,0x00,0x33,0x26,0x03,0xae,0xe2,0x00,0x21,0xfb,
0x50,0x6a,0x00,0x07,0x11,0x00,0x1b,0x00,0xdb,0x01,0x2a,0xa0,0x0e,0x10,0x00,0x2a,
0xf4,0x4f,0x10,0x00,0x21,0xfa,0x7f,0x1c,0x01,0x01,0xe6,0x01,0x00,0x28,0x01,0x12,
0xfd,0x79,0x02,0x03,0x70,0x00,0x1f,0xef,0x10,0x00,0x0c,0x39,0x78,0x88,0x86,0x10,
0x00,0x05,0xb9,0x02,0x0f,0x10,0x00,0x07,0x02,0x19,0x01,0x09,0x10,0x00,0x09,0xd0,
0x00,0x2a,0x3f,0xff,0xd0,0x00,0x1b,0x0d,0xd0,0x00,0x1b,0x03,0xd0,0x00,0x0b,0xfd,
0x02,0x58,0xfa,0x00,0x01,0x8c,0xde,0xd0,0x00,0x09,0x40,0x01,0x3f,0xef,0xff,0xfe,
0x10,0x00,0x1d,0x48,0x49,0x99,0x99,0x20,0x10,0x00,0x0b,0x10,0x01,0x1c,0xfe,0x20,
0x01,0x0c,0x50,0x01,0x0c,0x70,0x01,0x0b,0xd0,0x00,0x2b,0xf3,0x04,0xe0,0x00,0x2a,
0x00,0x6f,0xcf,0x00,0x2b,0x00,0x02,0xf0,0x01,0x0f,0x50,0x02,0x32,0x5f,0x06,0x88,
0x88,0x80,0x00,0x01,0x00,0x03,0x00,0x22,0x05,0x55,0x8d,0xff,0xff,0xfe,0xb4,0x12,
0x00,0x85,0x02,0xef,0x50,0x00,0x02,0xdf,0xff,0xff,0x15,0x03,0x00,0xe1,0x04,0x10,
0xf5,0xd9,0x03,0x00,0x01,0x00,0x34,0xf6,0x00,0x00,0x1a,0x03,0x14,0x50,0xbd,0x00,
0x03,0x1c,0x03,0x40,0x07,0xff,0xff,0xf5,0x7b,0x00,0x34,0xcb,0xbb,0xbe,0x40,0x03,
0x20,0x09,0xff,0x27,0x00,0x10,0xdf,0x24,0x03,0x33,0x4f,0xff,0xf6,0x9c,0x00,0x00,
0x27,0x00,0x31,0x0e,0xff,0xfb,0x78,0x03,0x10,0x60,0x13,0x00,0x80,0x1c,0xff,0xff,
0xff,0xfd,0x10,0x00,0xef,0x7c,0x03,0x12,0x3f,0x27,0x00,0x69,0x2e,0xff,0xff,0xff,
0xfc,0x10,0x27,0x00,0x12,0x4f,0x21,0x01,0x08,0x27,0x00,0x13,0x5f,0xa5,0x00,0x40,
0x0d,0xff,0xfe,0x10,0x7f,0x00,0x03,0x20,0x03,0x13,0xf6,0xaa,0x03,0x21,0xff,0xff,
0x83,0x04,0x11,0x9f,0x39,0x02,0x02,0xe8,0x03,0x10,0xff,0x58,0x00,0x01,0xf8,0x03,
0x21,0xff,0xe3,0x8f,0x00,0x12,0x0a,0x14,0x00,0x86,0x30,0x01,0xcf,0xff,0xff,0xff,
0xd1,0x00,0x14,0x00,0x84,0xfe,0x40,0x02,0xef,0xff,0xff,0xff,0xb1,0x88,0x03,0x71,
0x9b,0xcc,0xcb,0xa7,0x10,0x03,0xef,0xb5,0x01,0x08,0x01,0x00,0x01,0x82,0x03,0x0a,
0x5e,0x01,0x10,0x07,0x13,0x00,0x73,0x60,0x01,0x9d,0xff,0xff,0xfe,0xb3,0x13,0x00,
0x01,0xad,0x04,0x37,0x40,0x03,0xef,0x57,0x01,0x10,0x0b,0x65,0x00,0x32,0x30,0x01,
0xef,0x83,0x05,0x17,0x00,0x09,0x01,0x12,0x8f,0x94,0x00,0x01,0xa4,0x04,0x11,0x2d,
0x17,0x03,0x20,0x00,0x0d,0x57,0x01,0x11,0xbf,0x7d,0x04,0x32,0x00,0x3e,0xff,0x0e,
0x06,0x01,0xac,0x04,0x37,0x6f,0xff,0xf4,0x09,0x01,0x10,0x0f,0x22,0x01,0x11,0x05,
0xa4,0x02,0x14,0x6f,0x56,0x00,0x01,0xb1,0x00,0x10,0x5f,0x27,0x00,0x14,0x8f,0x09,
0x01,0x05,0x27,0x00,0x00,0xf1,0x04,0x47,0xff,0xe2,0x00,0x00,0x4e,0x00,0x00,0xd9,
0x05,0x21,0xff,0xc1,0x13,0x00,0x06,0x75,0x00,0x03,0x18,0x05,0x26,0x00,0x00,0x9c,
0x00,0x12,0x01,0x5c,0x05,0x00,0x0a,0x06,0x05,0xc3,0x00,0x34,0x1f,0xff,0x70,0x2f,
0x01,0x01,0x14,0x00,0x10,0xf7,0x27,0x06,0x05,0x19,0x05,0x10,0x01,0x68,0x02,0x10,
0xa3,0x1d,0x00,0x1e,0x10,0x88,0x02,0x24,0x06,0xcf,0xf6,0x02,0x35,0xfe,0x92,0x00,
0x0d,0x01,0x05,0xa2,0x06,0x01,0x12,0x00,0x1a,0x0c,0x0b,0x04,0x02,0xd1,0x05,0x07,
0x01,0x00,0x01,0x31,0x01,0x19,0xcf,0x13,0x00,0x11,0x40,0xee,0x00,0x01,0x9e,0x03,
0x12,0xee,0xdf,0x06,0x28,0xf6,0x00,0x69,0x07,0x01,0x28,0x01,0x12,0x60,0x25,0x00,
0x16,0xc0,0xd2,0x01,0x0c,0x25,0x00,0x4a,0x28,0x88,0x88,0x30,0x25,0x00,0x04,0x01,
0x00,0x07,0x25,0x00,0x03,0x01,0x00,0x15,0x0f,0x5e,0x06,0x04,0x01,0x00,0x00,0x6f,
0x02,0x1a,0xe7,0x12,0x00,0x10,0x04,0xe9,0x00,0x1d,0x70,0x48,0x02,0x27,0xff,0xe6,
0x12,0x00,0x13,0x02,0x10,0x01,0x01,0x24,0x03,0x09,0x7e,0x01,0x22,0xff,0xd6,0x7b,
0x00,0x11,0xfa,0xac,0x02,0x30,0xf3,0x4c,0xff,0x38,0x02,0x14,0x60,0xbf,0x06,0x00,
0xef,0x06,0x11,0x05,0xae,0x03,0x31,0xd5,0x00,0x01,0x3e,0x02,0x11,0x0a,0x10,0x04,
0x11,0x5d,0x27,0x00,0x16,0x50,0x25,0x00,0x41,0x00,0x00,0x06,0xdf,0x4e,0x00,0x06,
0x25,0x00,0x00,0x2c,0x09,0x03,0x64,0x00,0x16,0xb0,0x39,0x07,0x12,0x07,0xe2,0x01,
0x07,0x25,0x00,0x31,0x00,0x00,0x7e,0x13,0x00,0x17,0xe3,0x5e,0x07,0x22,0x00,0x07,
0xc5,0x04,0x26,0x10,0x0a,0x7f,0x04,0x21,0x01,0xbf,0x14,0x00,0x22,0x70,0xaf,0x9a,
0x07,0x03,0x84,0x01,0x00,0x01,0x00,0x2d,0xd7,0xff,0x01,0x00,0x1d,0x1f,0x12,0x00,
0x2a,0xf0,0x7f,0xa9,0x08,0x35,0x2b,0xff,0xff,0x04,0x01,0x03,0x8f,0x04,0x75,0x04,
0xdf,0xf0,0x00,0x3b,0xef,0xff,0x3e,0x02,0x10,0xa2,0x9c,0x00,0x0e,0x60,0x02,0x8f,
0x10,0x6f,0xff,0xff,0x56,0xff,0xff,0xf5,0x07,0x00,0x02,0x01,0xca,0x09,0xd0,0x04,
0xbe,0xff,0xb0,0x09,0xff,0xff,0xfb,0x08,0xff,0xff,0xff,0xb2,0xee,0x00,0x00,0x69,
0x00,0xd1,0xba,0xff,0xff,0xfe,0xea,0xbf,0xff,0xff,0x10,0x0b,0xff,0xff,0xf0,0x2f,
0x08,0x0f,0x09,0x00,0x38,0x20,0xf1,0x00,0x17,0x01,0x10,0xa7,0x6c,0x00,0x10,0x2f,
0x71,0x01,0x10,0x8f,0x63,0x01,0x10,0x8f,0x7a,0x01,0x83,0x4b,0xef,0xfb,0x8f,0xff,
0xc6,0x00,0x08,0x11,0x00,0x01,0x94,0x00,0x10,0xf5,0x90,0x00,0x10,0xb7,0xdd,0x08,
0x00,0x76,0x08,0x11,0xf0,0x69,0x09,0x1f,0x0d,0x09,0x00,0x39,0x84,0xef,0xff,0xff,
0x7e,0xef,0xff,0xff,0xe8,0xfc,0x00,0x13,0x58,0x94,0x00,0x53,0xb0,0x08,0xff,0xfc,
0x50,0x10,0x04,0x13,0xf0,0x4f,0x01,0x05,0xe6,0x09,0x1e,0x00,0x15,0x00,0x30,0x05,
0xe8,0x30,0x15,0x00,0xe5,0x02,0x8d,0x70,0x00,0xaf,0xff,0xd8,0xdf,0xff,0xff,0x8d,
0xff,0xfc,0x00,0x99,0x08,0x16,0xf1,0x03,0x07,0x25,0x60,0x9f,0xea,0x06,0x06,0xcd,
0x09,0x32,0xc0,0x01,0x5a,0x09,0x00,0x33,0xb6,0x10,0x00,0x75,0x06,0x15,0x10,0x3a,
0x08,0x10,0xf9,0x0a,0x00,0x15,0x3f,0x13,0x04,0x03,0x5e,0x07,0x12,0xe1,0x60,0x05,
0x12,0x86,0xb5,0x02,0xf1,0x03,0x4e,0xff,0xff,0xc0,0x0a,0xff,0xff,0xe5,0x00,0x00,
0x00,0x1b,0xff,0xf2,0x00,0x1e,0xff,0xc2,0x2a,0x04,0x52,0xf6,0x00,0x00,0x3f,0x90,
0x58,0x03,0x42,0x00,0x00,0x00,0x20,0xb2,0x00,0x32,0x15,0x55,0x55,0xa9,0x06,0x06,
0x03,0x0a,0x14,0x3f,0xce,0x05,0x0f,0x13,0x00,0x10,0x05,0xcb,0x00,0x15,0xfc,0xf8,
0x07,0x1f,0xc4,0x13,0x00,0x09,0x14,0x3e,0x2b,0x08,0x1f,0xa0,0x72,0x00,0x25,0x00,
0x32,0x02,0x49,0x2a,0xff,0xff,0xf2,0x07,0x00,0xf4,0x08,0xf1,0xaf,0xff,0xff,0x0a,
0xff,0xff,0xa0,0xaf,0xff,0xe1,0x0a,0xff,0xe3,0x00,0xaf,0xa2,0x00,0x03,0x20,0x00,
0x00,0x5e,0x71,0x03,0x14,0x86,0x80,0x00,0x15,0xf9,0x6d,0x08,0x1f,0x96,0x13,0x00,
0x09,0x3d,0x8e,0xee,0xee,0x63,0x00,0x16,0xf2,0x4a,0x03,0x16,0x5f,0xde,0x04,0x25,
0x2f,0xfd,0x0b,0x00,0x16,0x1d,0xf5,0x04,0x14,0x0b,0x87,0x09,0x01,0xed,0x0b,0x16,
0xd0,0xe0,0x04,0x17,0xfd,0xd9,0x04,0x13,0x80,0x20,0x04,0x15,0xdf,0x5a,0x06,0x00,
0x16,0x03,0x16,0xe1,0xe8,0x04,0x14,0xf3,0x6f,0x00,0x05,0x61,0x0c,0x26,0x00,0x2f,
0x93,0x08,0x11,0x1d,0x8e,0x04,0x04,0x48,0x07,0x25,0xfd,0x10,0x6f,0x00,0x26,0xff,
0x20,0x4f,0x05,0x13,0x50,0x8c,0x06,0x07,0x6f,0x00,0x19,0xef,0x6f,0x00,0x25,0xd1,
0x00,0xb0,0x0d,0x1e,0xf2,0x6f,0x00,0x16,0x3f,0x6f,0x00,0x16,0x1e,0x6f,0x00,0x16,
0x0c,0x6f,0x00,0x1e,0x09,0x6f,0x00,0x03,0x59,0x00,0x16,0x80,0x9c,0x00,0x16,0xb0,
0x05,0x06,0x16,0xd1,0x22,0x01,0x16,0xf2,0x1c,0x06,0x16,0xf5,0xb7,0x09,0x16,0xf8,
0x66,0x01,0x28,0x22,0x00,0x0a,0x06,0x1a,0x9e,0x15,0x0a,0x1a,0x4f,0x35,0x0a,0x0b,
0x25,0x0b,0x1c,0x90,0x75,0x0a,0x0a,0x65,0x0b,0x07,0xf4,0x01,0x02,0x01,0x00,0x17,
0xfd,0xbe,0x0c,0x13,0x3e,0x10,0x00,0x17,0x40,0x95,0x06,0x16,0xfe,0x10,0x00,0x1a,
0x8f,0x10,0x00,0x29,0x0a,0xff,0x10,0x00,0x2a,0x01,0xcf,0x10,0x00,0x01,0x4d,0x00,
0x06,0x10,0x00,0x01,0x4d,0x00,0x25,0xb1,0xef,0x10,0x00,0x11,0x7f,0xd1,0x03,0x05,
0x10,0x00,0x11,0x0a,0x13,0x04,0x05,0x10,0x00,0x22,0x01,0xcf,0xe5,0x07,0x04,0x10,
0x00,0x10,0x2e,0x4d,0x00,0x15,0x20,0x10,0x00,0x23,0x04,0xff,0xa7,0x08,0x03,0x10,
0x00,0x02,0x4d,0x00,0x05,0x10,0x00,0x11,0x49,0x76,0x06,0x06,0x10,0x00,0x14,0xef,
0x32,0x08,0x03,0x10,0x00,0x00,0xa7,0x00,0x1a,0x20,0x10,0x00,0x29,0xc1,0x00,0x10,
0x00,0x2a,0xfa,0x00,0x10,0x00,0x1a,0x70,0x10,0x00,0x23,0xf8,0x33,0x01,0x00,0x3b,
0xff,0xff,0xfd,0x50,0x01,0x2b,0xfc,0x2f,0x70,0x01,0x1a,0x0b,0x10,0x00,0x2a,0xf2,
0x02,0x10,0x00,0x39,0x70,0x00,0x4e,0x2f,0x00,0x38,0x00,0x00,0x01,0xf0,0x01,0x15,
0x40,0xfc,0x08,0x04,0xd7,0x0a,0x04,0x6b,0x07,0x13,0x00,0x0c,0x10,0x04,0x2b,0x08,
0x01,0xa8,0x02,0x01,0x08,0x00,0x02,0x89,0x01,0x04,0xdd,0x0a,0x00,0x6a,0x01,0x00,
0x02,0x01,0x10,0x04,0x05,0x01,0x40,0xdf,0xff,0xff,0x2f,0x75,0x00,0x75,0xdf,0xff,
0xff,0x68,0x88,0x88,0x87,0xca,0x05,0x0f,0x08,0x00,0x89,0x08,0x15,0x0d,0x3a,0xfc,
0x60,0x00,0x35,0x0d,0x0d,0x05,0x0f,0x2b,0xb0,0x0e,0xdf,0x10,0x0f,0x05,0x0f,0x03,
0x03,0x01,0x00,0x09,0xf0,0x02,0x06,0x50,0x02,0x08,0x10,0x00,0x36,0x36,0x66,0x66,
0xb2,0x0a,0x05,0x35,0x0e,0x0f,0x10,0x00,0x28,0x37,0x01,0x8d,0xee,0x0e,0x09,0x3a,
0xfd,0x00,0x4e,0xa0,0x00,0x0c,0xf5,0x0e,0x1b,0x0c,0xe0,0x00,0x0c,0x35,0x0f,0x19,
0x6f,0x7e,0x02,0x1c,0x50,0x8e,0x10,0x19,0x00,0xd0,0x00,0x0f,0x10,0x00,0x43,0x26,
0xfe,0xee,0x01,0x00,0x2a,0xec,0x7f,0xb0,0x00,0x1f,0xfe,0x10,0x00,0x2d,0x08,0x05,
0x11,0x01,0xe0,0x09,0x09,0x03,0x0a,0x3b,0x60,0x00,0x07,0x24,0x10,0x1a,0x1f,0xdf,
0x04,0x1b,0x00,0x50,0x00,0x17,0x40,0x8d,0x0a,0x10,0xee,0x41,0x00,0x06,0xc2,0x0a,
0x02,0x73,0x13,0x07,0x10,0x00,0x00,0x6b,0x05,0x58,0x70,0x58,0x88,0x88,0x00,0x10,
0x00,0x08,0xfc,0x00,0x0f,0x10,0x00,0x1d,0x02,0xd3,0x13,0x1a,0x03,0xc1,0x00,0x0a,
0x10,0x00,0x1b,0x30,0x10,0x00,0x1b,0xb0,0x10,0x00,0x1a,0xf3,0x10,0x00,0x00,0xa5,
0x06,0x27,0x03,0xee,0xd1,0x00,0x1e,0xfb,0xa1,0x0c,0x0f,0x10,0x00,0x2b,0x08,0x10,
0x01,0x0f,0x10,0x00,0x04,0x09,0x80,0x00,0x0b,0x70,0x01,0x2b,0xf8,0x1f,0x00,0x05,
0x1a,0x07,0x10,0x00,0x1a,0x80,0xa1,0x01,0x1a,0xf9,0xf5,0x12,0x27,0xeb,0x40,0x08,
0x07,0x06,0x77,0x0a,0x04,0x65,0x0e,0x1a,0xf0,0x54,0x0d,0x1b,0xff,0x51,0x0d,0x16,
0xf0,0x61,0x0e,0x03,0x1b,0x05,0x06,0x9a,0x08,0x08,0x1f,0x00,0x29,0x09,0xff,0x1f,
0x00,0x29,0x0a,0xff,0x1f,0x00,0x04,0x8b,0x0e,0x06,0x7d,0x08,0x35,0xff,0xff,0x6c,
0x1f,0x00,0x11,0x2e,0xc9,0x0f,0x37,0xcf,0xff,0xff,0x43,0x07,0x24,0x20,0x0c,0x1f,
0x00,0x10,0x4f,0xa3,0x03,0x24,0x10,0x00,0x1f,0x00,0x12,0x5f,0xe2,0x00,0x04,0x1f,
0x00,0x04,0xaf,0x10,0x03,0x1f,0x00,0x04,0xa2,0x0f,0x03,0x1f,0x00,0x00,0x20,0x0b,
0x25,0xd2,0x00,0x1f,0x00,0x14,0xbf,0xa6,0x06,0x02,0x1f,0x00,0x1a,0xaf,0x47,0x01,
0x1a,0x6b,0x0f,0x00,0x2f,0xf6,0xbf,0x1f,0x00,0x1a,0x18,0x6a,0x92,0x04,0x27,0xfe,
0xee,0x88,0x0e,0x19,0xcf,0x74,0x01,0x05,0xba,0x00,0x0f,0x1f,0x00,0x48,0x0f,0x40,
0x04,0x3d,0x0e,0xa0,0x04,0x0f,0x10,0x05,0x4e,0x0c,0x80,0x05,0x0c,0xa0,0x05,0x09,
0xc0,0x05,0x1b,0x7f,0xe0,0x05,0x1b,0x7f,0x00,0x06,0x1b,0x7f,0xc0,0x06,0x17,0x7e,
0xcd,0x00,0x06,0xf5,0x14,0x0f,0x90,0x06,0x27,0x05,0xc9,0x18,0x0e,0x00,0x07,0x0f,
0x10,0x00,0x05,0x09,0x40,0x07,0x0f,0xf5,0x14,0x0c,0x1d,0xf4,0xf5,0x14,0x1c,0x5f,
0xf5,0x14,0x0b,0xe0,0x0a,0x2a,0x02,0x9e,0xd5,0x11,0x1a,0x6f,0xe5,0x11,0x1b,0x04,
0xf5,0x11,0x1b,0x0d,0x10,0x00,0x1b,0x4f,0x10,0x00,0x09,0xb0,0x00,0x3f,0xc0,0x00,
0x00,0x00,0x02,0xad,0x1a,0x7f,0x70,0x05,0x0e,0xc0,0x08,0x0f,0x10,0x00,0x4f,0x0f,
0x00,0x02,0x38,0x1d,0xfb,0x00,0x02,0x09,0xce,0x11,0x19,0x0e,0xee,0x11,0x18,0xef,
0xd8,0x09,0x09,0xe8,0x09,0x28,0xe0,0xef,0x0e,0x00,0x18,0x4c,0xcf,0x04,0x1f,0xf7,
0x8f,0x07,0x04,0x1f,0x04,0x1b,0x00,0xff,0x36,0x0c,0xb5,0x18,0x0b,0xa0,0x0b,0x0c,
0x00,0x02,0x0f,0xa0,0x0b,0x0c,0x18,0xfb,0x60,0x02,0x2f,0xef,0xff,0xd0,0x02,0x52,
0x17,0x50,0x10,0x00,0x2b,0xfd,0x5f,0x90,0x00,0x1b,0x0f,0x3b,0x07,0x1a,0x0a,0x10,
0x00,0x1b,0xf1,0x20,0x00,0x2e,0xf7,0x5f,0xd0,0x00,0x23,0xa6,0x66,0x01,0x00,0x1f,
0x67,0xb0,0x03,0x60,0x1b,0x6f,0xb0,0x03,0x1f,0x3f,0xa5,0x1a,0x0c,0x0c,0x50,0x10,
0x0f,0xb0,0x05,0x0e,0x2a,0x03,0xbe,0xb0,0x09,0x1a,0x8f,0xd0,0x09,0x0c,0xf0,0x09,
0x0c,0x10,0x0a,0x0c,0x30,0x0a,0x0c,0x50,0x0a,0x02,0x75,0x1d,0x09,0x70,0x0a,0x0f,
0x10,0x00,0x4d,0x08,0x30,0x01,0x2b,0xfc,0x7f,0xe0,0x0f,0x1b,0x1f,0x10,0x00,0x1b,
0x07,0x10,0x00,0x2b,0x00,0x8f,0x10,0x00,0x08,0xd0,0x0a,0x0b,0x60,0x0b,0x1e,0x01,
0xa0,0x0b,0x0f,0x10,0x00,0x3e,0x0b,0x30,0x08,0x2b,0xfb,0x4f,0x70,0x01,0x1b,0x0c,
0x90,0x01,0x1c,0x03,0xa0,0x0b,0x1e,0x4f,0xa0,0x10,0x08,0xf0,0x01,0x0d,0x94,0x14,
0x5f,0x28,0xee,0xee,0xe2,0x00,0x01,0x00,0x1d,0x0f,0x77,0x14,0x02,0x30,0xcf,0xff,
0xff,0x14,0x0a,0x06,0x07,0x00,0x11,0x0a,0xd9,0x1f,0x0f,0x01,0x00,0x1c,0x30,0x7a,
0xaa,0xaa,0x78,0x17,0x3d,0xbf,0xff,0xff,0x07,0x00,0xd7,0xb0,0xbf,0xff,0xf3,0x0b,
0xff,0xf7,0x00,0xbf,0xf6,0x00,0x08,0x71,0x6a,0x0c,0x14,0x60,0x28,0x0c,0x04,0x08,
0x12,0x13,0x5d,0xf8,0x1b,0x23,0x02,0xbf,0x1b,0x12,0x14,0x08,0x0b,0x1c,0x13,0x6e,
0x2e,0x12,0x32,0x03,0xcf,0xff,0x13,0x00,0x11,0x19,0x19,0x01,0x13,0xa1,0xf9,0x07,
0x53,0xfd,0x30,0x00,0x04,0xdf,0xdc,0x19,0x11,0x2a,0x1a,0x00,0x13,0x91,0xcb,0x1a,
0x23,0xfc,0x30,0xb0,0x1a,0x14,0xe6,0xe2,0x11,0x24,0xa1,0x00,0xc3,0x1a,0x15,0x80,
0xf1,0x1a,0x15,0xe5,0x79,0x13,0x10,0xfb,0xa6,0x02,0x24,0x3c,0xff,0x71,0x1c,0x2a,
0x05,0xef,0x1f,0x00,0x01,0x4f,0x00,0x24,0x2b,0xff,0xad,0x12,0x25,0x05,0xdf,0xc6,
0x12,0x15,0x7f,0xb6,0x1c,0x15,0x2a,0xd9,0x12,0x25,0x04,0xdf,0xc9,0x1c,0x24,0x7f,
0xfa,0xf7,0x00,0x25,0x1a,0xa0,0x98,0x02,0x16,0x5e,0x33,0x02,0x2e,0xe8,0x6f,0x3d,
0x14,0x0f,0x0c,0x00,0x16,0x0f,0xa0,0x01,0x11,0x0f,0x6c,0x00,0x35,0x25,0x32,0x00,
0xd6,0x1b,0x15,0x80,0x0a,0x00,0x05,0x40,0x1b,0x12,0x6f,0x22,0x01,0x02,0x50,0x0a,
0x24,0xf9,0x10,0x0a,0x00,0x03,0xdb,0x06,0x01,0x48,0x00,0x11,0xd4,0x05,0x01,0x01,
0x4d,0x00,0x29,0xb2,0x00,0x6d,0x01,0x02,0x17,0x1b,0x22,0xfe,0x50,0x2f,0x16,0x00,
0x6e,0x01,0x12,0x20,0x0d,0x02,0x13,0xff,0xed,0x1a,0x01,0x8e,0x01,0x15,0xf1,0x1a,
0x02,0x02,0x0a,0x00,0x14,0x4d,0x0a,0x00,0x14,0x2a,0x28,0x00,0x14,0x08,0x95,0x0a,
0x02,0xa2,0x1b,0x14,0xf7,0x44,0x00,0x27,0xfa,0x10,0xc6,0x01,0x15,0x3e,0xf8,0x1b,
0x13,0x6f,0x30,0x02,0x02,0x0a,0x00,0x14,0xc2,0xaa,0x00,0x14,0xe5,0xc8,0x00,0x14,
0xf8,0xdc,0x00,0x14,0xfb,0xc2,0x04,0x15,0x6d,0xfb,0x05,0x06,0xa4,0x0f,0x19,0xaf,
0x7f,0x0a,0x19,0xaf,0x9d,0x07,0x19,0xaf,0x7b,0x0a,0x19,0xaf,0x99,0x07,0x19,0xaf,
0xc7,0x06,0x18,0x9e,0x45,0x04,0x08,0x45,0x0c,0x0a,0x96,0x0f,0x0f,0x0e,0x00,0x48,
0x16,0x6c,0x13,0x12,0x08,0x20,0x1e,0x19,0xfb,0xf7,0x1d,0x19,0xf4,0x17,0x1e,0x18,
0xa0,0x37,0x1e,0x18,0xfa,0x0e,0x1e,0x2d,0xea,0x40,0xd2,0x1d,0x0f,0x0e,0x00,0x09,
0x4f,0x03,0x33,0x33,0x20,0x6e,0x04,0x13,0x11,0x0e,0xe0,0x19,0x0e,0x54,0x00,0x0f,
0x0e,0x00,0x28,0x0c,0x11,0x11,0x1a,0x7f,0x91,0x07,0x1b,0x06,0xb1,0x07,0x1b,0x1f,
0xd1,0x07,0x1b,0x6f,0xf1,0x05,0x1f,0x9f,0x61,0x07,0x23,0x37,0x12,0x21,0x10,0x10,
0x00,0x22,0x06,0xdf,0xc3,0x1e,0x04,0x10,0x00,0x13,0xaf,0xdc,0x06,0x03,0x10,0x00,
0x14,0x05,0x3d,0x06,0x03,0x10,0x00,0x14,0x0c,0x2c,0x22,0x03,0x10,0x00,0x10,0x0f,
0x0f,0x03,0x00,0x05,0x00,0x05,0x10,0x00,0x10,0xf0,0x4f,0x25,0x1f,0xf2,0x10,0x00,
0x17,0x19,0xf1,0x10,0x00,0x07,0xc5,0x08,0x01,0x10,0x00,0x1b,0x07,0x10,0x00,0x2b,
0x00,0xdf,0x10,0x00,0x1b,0x1a,0x10,0x00,0x24,0x00,0x15,0xa4,0x09,0x19,0x64,0x00,
0x01,0x05,0xf6,0x25,0x0f,0x10,0x00,0x07,0x08,0x50,0x01,0x00,0x5a,0x02,0x1f,0x6f,
0x31,0x08,0x0c,0x1c,0x06,0x31,0x08,0x1f,0x7f,0x31,0x08,0x0c,0x08,0x71,0x07,0x3b,
0xfd,0x70,0x00,0x52,0x0b,0x1c,0xd2,0x02,0x1a,0x3b,0xe1,0x00,0xdf,0x12,0x02,0x1b,
0x3f,0x59,0x1f,0x2e,0x06,0xff,0x84,0x09,0x18,0x60,0xe0,0x00,0x16,0x37,0x08,0x1b,
0x02,0x65,0x20,0x09,0x25,0x0b,0x0f,0x21,0x00,0x56,0x18,0xff,0xc8,0x0d,0x2b,0xf3,
0x7f,0xb6,0x00,0x1b,0x37,0x10,0x00,0x0f,0x21,0x00,0x22,0x0f,0xe7,0x00,0x71,0x0f,
0x21,0x00,0x1c,0x09,0x60,0x02,0x1c,0xc5,0x07,0x23,0x1b,0xfb,0x81,0x0d,0x2c,0xff,
0xfb,0x21,0x04,0x3b,0xf5,0x00,0x6f,0x73,0x10,0x0c,0x10,0x02,0x04,0xce,0x29,0x04,
0xe5,0x28,0x26,0xf0,0x06,0xfb,0x25,0x10,0x00,0x86,0x0f,0x04,0x38,0x23,0x0f,0x21,
0x00,0x2b,0x0c,0x63,0x00,0x0d,0x84,0x00,0x0f,0xa5,0x00,0x0a,0x2b,0x10,0x6f,0x69,
0x1b,0x1c,0x06,0x3f,0x22,0x1b,0x6f,0x11,0x00,0x17,0x36,0xc9,0x0e,0x00,0x4a,0x01,
0x18,0xf4,0xa5,0x00,0x00,0xc7,0x03,0x18,0x46,0xa5,0x00,0x1f,0x09,0x21,0x00,0x24,
0x0d,0x63,0x00,0x0c,0x84,0x00,0x0a,0x3f,0x0e,0x1b,0x6f,0x8f,0x0d,0x1b,0x06,0xbf,
0x14,0x2a,0x20,0x6f,0x10,0x00,0x1a,0x30,0x21,0x00,0x2a,0xd8,0x10,0x91,0x0d,0x10,
0xff,0xff,0x23,0x0b,0x63,0x00,0x1c,0x04,0x3a,0x01,0x1b,0xef,0x21,0x00,0x1b,0x4f,
0x21,0x00,0x1c,0x17,0xa5,0x00,0x1b,0x8f,0xf8,0x26,0x14,0x08,0x50,0x1d,0x07,0x9b,
0x24,0x1f,0x40,0x21,0x00,0xff,0x05,0x19,0xfa,0x21,0x00,0x0c,0x83,0x04,0x1c,0x14,
0x6b,0x01,0x1c,0x0e,0xad,0x01,0x1b,0x4f,0x21,0x00,0x0c,0x02,0x2e,0x49,0x10,0x00,
0x29,0xef,0x21,0x00,0x19,0x7f,0x00,0x1b,0x1c,0x70,0x81,0x0f,0x1c,0xd2,0x84,0x00,
0x3b,0xe1,0x07,0xff,0x30,0x06,0x0c,0xa5,0x00,0x1e,0x07,0x30,0x06,0x0f,0x28,0x05,
0x90,0x0f,0x21,0x00,0x95,0x0e,0xb4,0x06,0x0e,0x04,0x27,0x06,0xe6,0x04,0x1b,0x07,
0x20,0x04,0x2a,0x10,0x7f,0xf0,0x1c,0x1a,0x20,0x21,0x00,0x2c,0xd7,0x00,0x71,0x16,
0x0f,0x0f,0x00,0x3b,0x1a,0x60,0xdc,0x02,0x0f,0x0f,0x00,0x47,0x06,0x7d,0x02,0x0f,
0x0f,0x00,0x3d,0x0f,0xc3,0x00,0x5f,0x0f,0x86,0x01,0x3e,0x0f,0xe0,0x01,0xff,0x74,
0x0f,0x0f,0x00,0x44,0x09,0xe0,0x07,0x00,0x01,0x23,0x0a,0xe0,0x07,0x1c,0xd1,0x62,
0x17,0x3b,0xd0,0x00,0xef,0x63,0x24,0x1b,0x4f,0x34,0x04,0x2e,0x07,0xff,0xe0,0x07,
0x18,0x50,0x96,0x1d,0x18,0x28,0xd8,0x06,0x00,0xcb,0x33,0x09,0xd8,0x06,0x4f,0x8c,
0xcc,0xcc,0x18,0x3b,0x07,0x48,0x03,0x02,0x07,0x06,0x84,0x00,0x12,0xef,0xcd,0x01,
0x0f,0x21,0x00,0x28,0x1b,0xdf,0x21,0x00,0x03,0xa9,0x27,0x0e,0xe7,0x00,0x0f,0x21,
0x00,0x20,0x18,0xf5,0xc0,0x1e,0x1f,0xf2,0xe0,0x07,0x0d,0x2b,0xe0,0x0e,0x8e,0x0f,
0x2b,0x00,0x4f,0xb0,0x22,0x0a,0xe0,0x07,0x00,0x6e,0x28,0x08,0xe0,0x07,0x1a,0xc7,
0x61,0x1c,0x00,0xeb,0x00,0x18,0xe7,0x84,0x00,0x0d,0xd2,0x18,0x0f,0x21,0x00,0x98,
0x0f,0xc8,0x1f,0x0a,0x0f,0x21,0x00,0x33,0x0f,0x29,0x01,0xb3,0x0a,0x21,0x00,0x7f,
0x2f,0xff,0xff,0x92,0xff,0xff,0xf9,0x07,0x00,0x56,0x0b,0x61,0x18,0x1f,0xfd,0x10,
0x00,0xff,0x3e,0x39,0xbd,0xdd,0xdd,0x10,0x00,0x09,0x0d,0x15,0x0f,0x10,0x00,0x10,
0x1b,0xcf,0xe1,0x2b,0x1b,0x9f,0x42,0x0a,0x1b,0x3f,0x16,0x11,0x1c,0x09,0xf1,0x1b,
0x1b,0x9f,0xf1,0x1b,0x29,0x04,0xbe,0x91,0x2a,0x07,0x91,0x02,0x00,0x2c,0x06,0x17,
0xf7,0x90,0x02,0x29,0xaf,0xff,0xb0,0x02,0x00,0x81,0x03,0x16,0x47,0x1f,0x00,0x10,
0x4f,0x8c,0x06,0x06,0x1f,0x00,0x10,0x2f,0x6d,0x00,0x15,0x07,0x1f,0x00,0x10,0x1e,
0xff,0x2f,0x06,0x5d,0x00,0x11,0x0c,0xca,0x12,0x05,0x1f,0x00,0x15,0x09,0xcf,0x07,
0x14,0x50,0x6d,0x32,0x13,0xf4,0x75,0x36,0x03,0xfd,0x25,0x16,0xf7,0x7c,0x21,0x13,
0x02,0xee,0x15,0x03,0x1f,0x00,0x00,0x67,0x2e,0x17,0xfc,0x9b,0x21,0x10,0xcf,0x37,
0x0b,0x05,0xb2,0x32,0x04,0x76,0x27,0x08,0x3b,0x08,0x05,0x64,0x00,0x04,0xa4,0x2b,
0x09,0x1f,0x00,0x2a,0xf7,0x00,0x1f,0x00,0x1b,0xf5,0xc4,0x08,0x15,0xf3,0x10,0x37,
0x04,0xc7,0x00,0x06,0x7c,0x00,0x11,0x1d,0xe6,0x00,0x06,0xba,0x00,0x13,0x2f,0x9d,
0x19,0x04,0xd9,0x00,0x12,0x4f,0x6f,0x00,0x18,0x07,0x56,0x00,0x17,0x50,0xf4,0x05,
0x11,0x9f,0xad,0x00,0x06,0x36,0x01,0x02,0xcc,0x00,0x05,0x1f,0x00,0x00,0xe3,0x2e,
0x17,0xfc,0x1f,0x00,0x02,0x0a,0x01,0x06,0x74,0x01,0x01,0x29,0x01,0x06,0x1f,0x00,
0x01,0xc5,0x00,0x17,0xf5,0xb2,0x01,0x2a,0x0a,0xff,0xd1,0x01,0x00,0xbf,0x00,0x0c,
0xd1,0x22,0x07,0x3f,0x00,0x0e,0xf2,0x22,0x0f,0x21,0x00,0xff,0x71,0x09,0x01,0x00,
0x1f,0x27,0x25,0x15,0x31,0x0a,0x21,0x00,0x19,0x8f,0xba,0x09,0x00,0x32,0x02,0x28,
0x38,0xff,0x24,0x32,0x13,0x07,0x25,0x00,0x29,0xff,0xd1,0x9c,0x29,0x13,0x38,0xce,
0x2a,0x06,0xde,0x36,0x01,0x25,0x00,0x0a,0x48,0x38,0x14,0x38,0x14,0x2b,0x05,0xcd,
0x37,0x02,0x25,0x00,0x03,0x76,0x09,0x02,0x9a,0x04,0x17,0x38,0xc2,0x2f,0x15,0x6f,
0x94,0x00,0x13,0xef,0x9b,0x31,0x11,0x4f,0xef,0x2e,0x00,0x25,0x00,0x22,0xf5,0xef,
0x1e,0x1a,0x00,0x64,0x03,0x12,0x8a,0x25,0x00,0x12,0x42,0x95,0x1c,0x13,0x1d,0xee,
0x1a,0x13,0x38,0xa0,0x24,0x11,0xf6,0x90,0x39,0x22,0xd0,0x0a,0x25,0x00,0x24,0x40,
0x07,0x17,0x05,0x23,0xe2,0x00,0x25,0x00,0x01,0x80,0x04,0x11,0xe8,0xdc,0x03,0x04,
0x25,0x00,0x24,0x00,0x0c,0x97,0x24,0x05,0x25,0x00,0x24,0x00,0x1d,0x93,0x2b,0x05,
0x25,0x00,0x24,0x00,0x2f,0xa4,0x1a,0x05,0x25,0x00,0x22,0x00,0x4f,0xe8,0x09,0x07,
0x25,0x00,0x23,0x00,0x6f,0xd0,0x00,0x06,0x25,0x00,0x00,0xec,0x00,0x1a,0x30,0x25,
0x00,0x22,0x00,0xbf,0x1a,0x01,0x07,0x25,0x00,0x4b,0x01,0xdf,0x90,0x00,0x25,0x00,
0x3b,0x02,0xa0,0x00,0x25,0x00,0x07,0x6f,0x10,0x0b,0x86,0x0b,0x0f,0x25,0x00,0x75,
0x1b,0xf4,0x54,0x0b,0x2b,0xff,0xf2,0x75,0x0b,0x2b,0xff,0xd1,0x21,0x00,0x2b,0xff,
0xb0,0x21,0x00,0x2b,0xff,0x90,0x21,0x00,0x2b,0xff,0x60,0x21,0x00,0x2b,0xff,0x40,
0x21,0x00,0x28,0xfe,0x20,0x21,0x00,0x04,0x40,0x02,0x05,0xd8,0x0b,0x03,0x3e,0x02,
0x05,0x21,0x00,0x03,0x3c,0x02,0x06,0x1a,0x0c,0x02,0x3a,0x02,0x07,0x1a,0x0c,0x03,
0x96,0x06,0x06,0x3b,0x0c,0x13,0x0a,0x61,0x3b,0x05,0x3b,0x0c,0x13,0x0c,0xcb,0x00,
0x05,0x5c,0x0c,0x12,0x1e,0xcb,0x00,0x06,0x5c,0x0c,0x01,0x16,0x07,0x08,0x7d,0x0c,
0x11,0x4f,0xcb,0x00,0x07,0x7d,0x0c,0x11,0x7f,0xcb,0x00,0x07,0x9e,0x0c,0x10,0xaf,
0xcb,0x00,0x08,0x9e,0x0c,0x10,0xcf,0xcb,0x00,0x07,0x21,0x00,0x10,0x01,0xcb,0x00,
0x08,0x21,0x00,0x10,0x03,0xcb,0x00,0x08,0xe0,0x0c,0x2b,0x05,0xff,0x22,0x0d,0x1c,
0x07,0x43,0x0d,0x1c,0x0a,0x43,0x0d,0x1b,0x0c,0x21,0x00,0x2c,0x00,0x1e,0x64,0x0d,
0x1b,0x3f,0x21,0x00,0x2c,0x00,0x5f,0x85,0x0d,0x2b,0x7f,0xff,0x64,0x0d,0x10,0xaf,
0xfb,0x01,0x1b,0x03,0xf1,0x31,0x0a,0xaf,0x0e,0x1c,0xc1,0xf2,0x31,0x2b,0xc0,0x00,
0xa2,0x04,0x1c,0x60,0xe3,0x34,0x1c,0x09,0x55,0x13,0x14,0xaf,0xa3,0x3e,0x03,0x1d,
0x0e,0x16,0x1a,0x72,0x36,0x01,0xd9,0x00,0x19,0xf1,0x21,0x00,0x1f,0xcf,0x21,0x00,
0xfe,0x05,0xfd,0x39,0x2f,0xf1,0x9f,0x5b,0x1c,0x0c,0x1c,0xd0,0x3f,0x27,0x0b,0xbf,
0x16,0x1c,0xfc,0x21,0x2b,0x47,0x10,0x00,0x00,0x3a,0xf0,0x0e,0x1b,0xc6,0x50,0x26,
0x23,0xfc,0x60,0x45,0x21,0x07,0x00,0x11,0x1b,0x8f,0x73,0x00,0x2b,0x08,0xff,0xc3,
0x24,0x1b,0x8f,0x19,0x0e,0x1b,0x08,0x5b,0x1c,0x1f,0xf1,0x19,0x10,0x42,0x0f,0x21,
0x00,0x1f,0x0c,0x84,0x11,0x0d,0xa5,0x11,0x0d,0xc6,0x00,0x0f,0xe7,0x00,0x09,0x0c,
0x08,0x01,0x1b,0xd2,0x4a,0x01,0x1f,0x70,0x64,0x19,0xa4,0x0d,0x20,0x04,0x0e,0x43,
0x02,0x0e,0x23,0x04,0x1d,0x00,0x88,0x02,0x1c,0x00,0x26,0x04,0x1b,0x00,0x65,0x46,
0x00,0x57,0x0d,0x0c,0x29,0x04,0x2c,0x10,0x00,0x12,0x03,0x0f,0x12,0x00,0xff,0x2f,
0x01,0x56,0x01,0x0c,0x7a,0x01,0x0c,0x57,0x39,0x00,0x12,0x00,0x1d,0x0f,0x12,0x00,
0x1d,0x05,0x12,0x00,0x0d,0x00,0x0b,0x1b,0xfd,0x4e,0x21,0x02,0xf6,0x46,0x0f,0x50,
0x04,0xff,0x4d,0x23,0x01,0xdf,0xf7,0x1c,0x05,0x94,0x0a,0x03,0xa2,0x44,0x05,0xcc,
0x03,0x13,0x04,0x37,0x0f,0x09,0x70,0x08,0x18,0xf3,0xed,0x03,0x12,0x0a,0x39,0x0f,
0x0a,0x70,0x08,0x18,0xc0,0x0e,0x04,0x11,0x1e,0x3b,0x0f,0x0b,0x70,0x08,0x2b,0x80,
0x08,0x70,0x08,0x18,0x50,0x29,0x01,0x00,0xb1,0x00,0x1b,0x08,0x6f,0x0a,0x1f,0xf1,
0x70,0x08,0x0e,0x1b,0x06,0x8a,0x20,0x1f,0x01,0x70,0x08,0x0c,0x2f,0xfc,0x0a,0x70,
0x08,0x09,0x00,0xae,0x16,0x06,0xfc,0x4b,0x03,0x44,0x41,0x09,0x54,0x24,0x39,0x8a,
0xaa,0xaa,0x21,0x00,0x0f,0x75,0x24,0x01,0x0e,0x21,0x00,0x08,0x63,0x00,0x0d,0x63,
0x4b,0x1c,0xc6,0xef,0x04,0x2b,0xfc,0x10,0xc6,0x00,0x0d,0x27,0x22,0x1c,0xf6,0x39,
0x1e,0x1c,0xc0,0x4b,0x03,0x0a,0xf8,0x26,0x0b,0xdc,0x35,0x0b,0xc4,0x27,0x09,0x2b,
0x42,0x05,0x21,0x00,0x4e,0x07,0xaa,0xaa,0xa1,0x08,0x01,0x07,0x21,0x00,0x00,0x20,
0x0c,0x09,0x63,0x00,0x0f,0x70,0x08,0x0d,0x2c,0xc0,0x1f,0xc6,0x00,0x0c,0x0e,0x23,
0x0f,0x70,0x08,0x0e,0x0b,0xc1,0x3d,0x00,0xf4,0x14,0x0a,0x41,0x13,0x0f,0x21,0x00,
0x1e,0x2c,0x91,0xff,0xf5,0x17,0x04,0x9b,0x40,0x0a,0x1d,0x20,0x1b,0x3f,0x67,0x21,
0x0f,0x21,0x00,0xff,0x74,0x0f,0x0c,0x0c,0xfe,0x0f,0x90,0x0c,0xec,0x1c,0x2f,0x04,
0x19,0x01,0x0a,0x44,0x07,0x46,0x44,0x05,0xe2,0x12,0x27,0x90,0x01,0xa9,0x10,0x06,
0xe6,0x44,0x2a,0x07,0xff,0xe3,0x0a,0x11,0x4f,0x8f,0x0a,0x1a,0x0d,0x0b,0x18,0x03,
0x0f,0x00,0x19,0x4f,0x7d,0x35,0x04,0x3a,0x00,0x07,0x2d,0x45,0x06,0xd7,0x44,0x17,
0x02,0x05,0x11,0x06,0xd6,0x44,0x07,0xa7,0x44,0x07,0x44,0x45,0x17,0x1e,0x29,0x3e,
0x15,0x0b,0xd0,0x2d,0x16,0x6f,0x1b,0x07,0x16,0x04,0x41,0x11,0x16,0xdf,0xc7,0x45,
0x06,0x0b,0x00,0x07,0x20,0x00,0x07,0x36,0x00,0x13,0x0b,0x5a,0x17,0x01,0x61,0x00,
0x17,0xfa,0x76,0x00,0x1c,0xf9,0x33,0x45,0x06,0xa1,0x00,0x07,0x10,0x46,0x07,0xa3,
0x45,0x15,0xbf,0x59,0x4e,0x03,0xbe,0x3d,0x15,0x40,0x29,0x01,0x0b,0x22,0x01,0x1a,
0x0d,0xf4,0x32,0x02,0x24,0x00,0x14,0x06,0xd4,0x17,0x08,0x78,0x01,0x2a,0x01,0xef,
0xf5,0x03,0x02,0x7a,0x00,0x0c,0xb9,0x01,0x01,0x47,0x46,0x07,0x6d,0x46,0x06,0x04,
0x46,0x06,0x29,0x01,0x07,0x3f,0x4c,0x2b,0xf8,0xff,0xae,0x1f,0x04,0x6e,0x1e,0x1e,
0xc0,0xf4,0x4b,0x08,0xad,0x02,0x06,0x07,0x4e,0x0b,0x79,0x04,0x13,0x00,0x82,0x06,
0x0d,0x27,0x4d,0x1d,0x8f,0x6b,0x4e,0x03,0x4e,0x08,0x0e,0x13,0x33,0x03,0xeb,0x52,
0x05,0x12,0x01,0x15,0xe0,0xf1,0x00,0x16,0xfd,0xdf,0x04,0x25,0xf0,0x0e,0x90,0x00,
0x15,0x08,0x2f,0x01,0x00,0x0f,0x01,0x25,0x90,0x08,0xe2,0x02,0x16,0x0e,0x54,0x02,
0x10,0xef,0xc3,0x4e,0x05,0xf6,0x07,0x15,0x4f,0xfa,0x4f,0x11,0x04,0x16,0x01,0x18,
0xdf,0xa1,0x18,0x14,0xf5,0xa3,0x08,0x11,0xf8,0x4e,0x03,0x02,0x02,0x03,0x06,0xea,
0x00,0x11,0x1f,0x72,0x01,0x14,0x1f,0x3b,0x31,0x15,0xff,0xee,0x00,0x11,0x6f,0x5f,
0x02,0x16,0x0c,0x56,0x13,0x04,0x5c,0x01,0x11,0xcf,0x15,0x19,0x13,0x06,0xea,0x01,
0x15,0x1f,0x60,0x01,0x12,0x01,0x3a,0x00,0x12,0x01,0x58,0x02,0x00,0x40,0x00,0x12,
0xdf,0xce,0x01,0x13,0x07,0xe0,0x02,0x12,0xaf,0x33,0x01,0x11,0xcf,0xb2,0x3f,0x03,
0xcd,0x53,0x13,0xf5,0x1b,0x0a,0x12,0xd0,0x02,0x02,0x12,0x16,0x15,0x01,0x13,0x3f,
0x9f,0x08,0x02,0x15,0x01,0x01,0xb8,0x27,0x02,0x15,0x01,0x04,0xfc,0x28,0x11,0x09,
0x15,0x01,0x10,0x0e,0x40,0x00,0x11,0xaf,0x15,0x01,0x16,0xef,0x4d,0x13,0x11,0xfe,
0x40,0x00,0x12,0xe0,0x6b,0x01,0x15,0x04,0x27,0x02,0x01,0x15,0x01,0x10,0x9f,0x2d,
0x00,0x13,0x0e,0x0e,0x14,0x15,0xf9,0xcb,0x01,0x12,0xb0,0x5f,0x00,0x10,0x09,0x69,
0x00,0x14,0x0f,0x89,0x01,0x00,0xfa,0x01,0x12,0xf1,0x2c,0x49,0x10,0x03,0xdb,0x00,
0x15,0x5f,0x70,0x03,0x00,0x15,0x01,0x11,0x0b,0x95,0x02,0x00,0x56,0x00,0x25,0x60,
0xbf,0x3e,0x2b,0x12,0x07,0x62,0x2e,0x12,0xf2,0x06,0x0f,0x16,0xc1,0x62,0x03,0x00,
0x15,0x01,0x11,0x9f,0x27,0x01,0x00,0x31,0x01,0x17,0xf9,0x26,0x03,0x15,0xbf,0x59,
0x01,0x19,0x0c,0xd6,0x51,0x03,0x0b,0x05,0x15,0x10,0x30,0x41,0x17,0xf1,0x8f,0x30,
0x04,0x31,0x04,0x04,0x95,0x42,0x07,0x16,0x14,0x16,0xf5,0x67,0x32,0x19,0x50,0xef,
0x02,0x06,0x04,0x41,0x07,0x0b,0x0a,0x06,0x45,0x51,0x1a,0x0e,0x22,0x34,0x15,0x8f,
0x17,0x05,0x1a,0x09,0x2a,0x03,0x15,0x3f,0x51,0x01,0x29,0x03,0xff,0xee,0x02,0x16,
0x0d,0xa6,0x03,0x19,0xdf,0x1c,0x03,0x16,0x07,0xd4,0x03,0x19,0x7f,0x39,0x0b,0x16,
0x01,0xcc,0x04,0x14,0x2f,0x11,0x01,0x07,0xd0,0x00,0x00,0x6b,0x00,0x26,0xf9,0xef,
0x96,0x00,0x00,0x32,0x04,0x12,0xf8,0x81,0x15,0x05,0x84,0x0c,0x25,0xd0,0x06,0x4e,
0x48,0x01,0x7a,0x15,0x01,0xbd,0x0e,0x27,0xfe,0x20,0xc5,0x0c,0x04,0xe5,0x15,0x02,
0x80,0x0c,0x02,0x0f,0x0d,0x13,0xfb,0xbe,0x00,0x15,0xf8,0xfa,0x1c,0x05,0xfc,0x15,
0x02,0x2d,0x01,0x12,0xf6,0xb7,0x15,0x06,0x18,0x15,0x13,0x40,0x02,0x0d,0x04,0x11,
0x01,0x27,0xe2,0x7f,0xd4,0x04,0x00,0xf7,0x1b,0x17,0xff,0xe5,0x03,0x14,0x1d,0x70,
0x31,0x09,0x3e,0x50,0x19,0xfb,0x17,0x05,0x09,0x93,0x04,0x11,0x07,0x3c,0x28,0x0f,
0x10,0x00,0x07,0x15,0x4f,0x53,0x51,0x0e,0x50,0x00,0x0e,0x70,0x00,0x0c,0x90,0x00,
0x23,0x09,0xff,0x75,0x17,0x17,0x30,0xd0,0x00,0x15,0x0b,0x6e,0x52,0x0c,0xf0,0x00,
0x0b,0x10,0x01,0x0c,0x30,0x01,0x09,0x50,0x01,0x26,0x60,0x00,0x70,0x01,0x11,0x08,
0x70,0x01,0x0b,0x90,0x01,0x1b,0x20,0xb0,0x01,0x1c,0xd1,0xd0,0x01,0x0c,0xf0,0x01,
0x18,0x7f,0x63,0x07,0x10,0x02,0xf7,0x00,0x18,0x0b,0x3e,0x06,0x00,0x5b,0x32,0x01,
0xa9,0x53,0x17,0xe1,0x6b,0x0d,0x11,0xf7,0x22,0x01,0x17,0xfc,0xa0,0x06,0x12,0xb0,
0x8f,0x00,0x16,0x90,0xb3,0x02,0x12,0x10,0x18,0x01,0x15,0xf6,0x7a,0x00,0x14,0xf4,
0xec,0x00,0x14,0x30,0x9c,0x00,0x14,0x80,0x01,0x05,0x13,0xe1,0x01,0x03,0x15,0xfc,
0x85,0x05,0x13,0xfb,0x1a,0x00,0x16,0xf2,0x86,0x00,0x12,0x80,0x3e,0x00,0x07,0xd9,
0x4c,0x02,0x99,0x55,0x17,0xf9,0x8f,0x06,0x38,0xff,0x20,0x0a,0xb9,0x01,0x01,0xd7,
0x1a,0x18,0x7f,0x77,0x07,0x01,0x22,0x1e,0x08,0xf5,0x03,0x05,0x32,0x41,0x1a,0xb0,
0x04,0x07,0x0a,0x10,0x02,0x03,0x8d,0x1b,0x0b,0x13,0x07,0x0b,0x91,0x06,0x2d,0x05,
0xff,0x11,0x53,0x18,0x9f,0xaa,0x08,0x0e,0x7a,0x0b,0x0f,0x12,0x00,0xb1,0x1b,0xcf,
0x48,0x11,0x0f,0x10,0x00,0x2d,0x0b,0x9c,0x45,0x08,0x73,0x08,0x1a,0x4e,0xd5,0x03,
0x13,0x06,0xe4,0x36,0x08,0x42,0x05,0x1b,0xf7,0x5d,0x08,0x16,0x50,0xfc,0x04,0x15,
0xdf,0xf8,0x56,0x06,0xab,0x46,0x1a,0x10,0x32,0x47,0x1a,0xb0,0x4a,0x1e,0x1a,0xf9,
0xe8,0x1d,0x07,0xe9,0x08,0x26,0x01,0xcf,0x76,0x03,0x04,0xaa,0x56,0x16,0xfd,0x69,
0x05,0x05,0xa1,0x4d,0x07,0x9a,0x02,0x1b,0xfa,0x9d,0x10,0x19,0x70,0x9f,0x09,0x08,
0xc8,0x1e,0x11,0x2d,0xe9,0x30,0x09,0xea,0x47,0x08,0x4d,0x00,0x1a,0x5f,0x06,0x01,
0x1b,0x08,0x88,0x02,0x1a,0x9f,0xde,0x02,0x0f,0xa0,0x01,0x3e,0x0c,0x10,0x00,0x00,
0xf9,0x06,0x10,0xda,0xff,0x00,0x0c,0x09,0x00,0x20,0xfe,0xeb,0xcf,0x10,0x01,0xaa,
0x11,0x0f,0x09,0x00,0x41,0x3e,0xee,0xba,0xff,0x75,0x00,0x00,0x00,0x24,0x17,0x60,
0x33,0x0d,0x07,0x2e,0x0d,0x06,0xcf,0x03,0x17,0x0c,0xa6,0x03,0x16,0xcf,0xe5,0x01,
0x17,0x0c,0x38,0x01,0x17,0x7f,0xed,0x03,0x17,0xaf,0xc4,0x03,0x16,0xcf,0x46,0x06,
0x08,0x4f,0x0b,0x17,0x04,0xd0,0x01,0x17,0x06,0xdf,0x0c,0x15,0x09,0x66,0x1d,0x02,
0x3c,0x51,0x07,0x3c,0x04,0x17,0xfa,0x4b,0x03,0x17,0xf7,0x28,0x02,0x1c,0xf4,0x21,
0x0c,0x03,0x77,0x00,0x1c,0xd0,0x23,0x0c,0x0a,0xdd,0x51,0x01,0x77,0x00,0x18,0x50,
0x92,0x0d,0x0e,0xb3,0x51,0x09,0xf7,0x0c,0x07,0xe1,0x51,0x00,0x52,0x02,0x16,0xc0,
0x45,0x03,0x17,0xfc,0x98,0x02,0x16,0xc0,0x3e,0x03,0x17,0xfc,0x25,0x06,0x16,0xc0,
0x37,0x03,0x10,0xfc,0x10,0x02,0x10,0xbc,0x93,0x02,0x09,0x09,0x00,0x11,0xba,0x8c,
0x4b,0x12,0x1f,0x2f,0x14,0x0f,0x09,0x00,0x3f,0x2e,0xae,0xef,0x75,0x00,0x03,0x09,
0x00,0x29,0x8e,0xee,0x01,0x00,0x2b,0xeb,0xaf,0x9e,0x14,0x0f,0x10,0x00,0x2d,0x53,
0x13,0x33,0x33,0x10,0x04,0xb7,0x0a,0x10,0xe0,0x9a,0x01,0x11,0x20,0xd6,0x5f,0x10,
0x4f,0xfd,0x06,0x00,0xe3,0x01,0x10,0x0c,0x39,0x0a,0x00,0x7e,0x16,0x18,0xbf,0x86,
0x32,0x19,0x0b,0x3a,0x16,0x18,0xbf,0x80,0x32,0x19,0x0b,0x7f,0x26,0x09,0xff,0x04,
0x18,0x0a,0x57,0x17,0x19,0xf2,0xe4,0x03,0x18,0x30,0x4e,0x04,0x1f,0xf3,0x1b,0x00,
0x08,0x09,0x51,0x00,0x19,0x3b,0xcb,0x22,0x0f,0x1b,0x00,0x18,0x21,0xf5,0x44,0x01,
0x00,0x12,0x4b,0x1b,0x00,0x06,0x6c,0x00,0x15,0x3b,0xd7,0x14,0x2e,0x09,0xff,0x1b,
0x00,0x16,0xf1,0x1b,0x00,0x06,0xd8,0x42,0x0c,0x55,0x23,0x29,0xf3,0x1f,0x01,0x4e,
0x19,0x7f,0xee,0x4d,0x19,0x8f,0x1c,0x4e,0x07,0xec,0x58,0x19,0xf3,0x2c,0x15,0x0a,
0x10,0x16,0x0f,0x1b,0x00,0x4e,0x07,0x7f,0x36,0x18,0xaf,0x9d,0x36,0x19,0x0a,0xbb,
0x36,0x18,0xaf,0x48,0x28,0x19,0x0a,0x7d,0x18,0x09,0x0e,0x01,0x14,0x4a,0x6c,0x00,
0x00,0x87,0x0a,0x16,0xf4,0x6c,0x00,0x1f,0x7f,0x1b,0x00,0x94,0x15,0xfe,0xa3,0x02,
0x19,0xf4,0x2d,0x03,0x19,0x1a,0xf9,0x46,0x08,0x1b,0x00,0x18,0xe2,0x0e,0x01,0x17,
0xe3,0x44,0x01,0x3a,0xfd,0x81,0x00,0x71,0x29,0x28,0x10,0x08,0x37,0x01,0x09,0x93,
0x17,0x1f,0x12,0xcf,0x19,0x07,0x18,0x1b,0xc5,0x44,0x19,0xe1,0x68,0x4d,0x0a,0x85,
0x4d,0x0f,0x1b,0x00,0x8f,0x18,0xbf,0x5f,0x3d,0x19,0x28,0x87,0x36,0x09,0x68,0x17,
0x1a,0x20,0xfa,0x31,0x18,0x8f,0x1b,0x00,0x38,0x00,0x4b,0xef,0x15,0x32,0x0e,0x76,
0x00,0x0f,0x0d,0x00,0x4f,0x17,0x06,0x37,0x08,0x18,0x01,0x43,0x08,0x09,0xfe,0x04,
0x09,0x8d,0x14,0x0b,0x69,0x08,0x07,0x31,0x03,0x06,0x4a,0x07,0x18,0xdf,0x0d,0x00,
0x1f,0xcf,0x0d,0x00,0x88,0x1b,0xdf,0xc3,0x00,0x1e,0xcf,0xf7,0x00,0x0e,0x11,0x01,
0x0b,0x2b,0x01,0x09,0x45,0x01,0x06,0x26,0x03,0x00,0x14,0x3f,0x18,0x08,0x5e,0x06,
0x18,0x07,0xf1,0x15,0x1f,0x02,0xd4,0x1c,0x06,0x28,0xfe,0x0b,0xbb,0x03,0x15,0xf1,
0xb3,0x01,0x00,0x8f,0x03,0x18,0x2c,0xd7,0x05,0x28,0xf2,0xcf,0xd7,0x05,0x0d,0x1b,
0x00,0x12,0x44,0x01,0x00,0x11,0xbf,0x1b,0x00,0x07,0x84,0x02,0x09,0xe3,0x00,0x0f,
0x1b,0x00,0x19,0x0f,0x26,0x03,0x72,0x03,0xed,0x1b,0x04,0x4d,0x01,0x05,0xa1,0x3d,
0x1c,0x01,0x5f,0x3d,0x13,0x09,0xd8,0x01,0x14,0xe0,0x17,0x05,0x05,0x02,0x60,0x04,
0x2b,0x54,0x17,0x0a,0x08,0x1d,0x02,0xd7,0x07,0x0f,0x11,0x00,0x09,0x01,0xc3,0x00,
0x0e,0x44,0x00,0x0f,0x11,0x00,0x84,0x00,0x01,0x00,0x14,0x7d,0x51,0x02,0x12,0xb4,
0xa6,0x54,0x05,0xfe,0x46,0x28,0x01,0xef,0xf5,0x1b,0x18,0x9f,0x7b,0x01,0x09,0x88,
0x18,0x18,0x72,0x1b,0x03,0x24,0xfa,0x3f,0x47,0x10,0x00,0xee,0x09,0x16,0xb3,0x86,
0x0d,0x36,0xff,0xff,0xfb,0x1b,0x00,0x1f,0x0f,0x1b,0x00,0x80,0x12,0x01,0xcc,0x60,
0x06,0x54,0x03,0x19,0xb0,0x7b,0x1d,0x19,0x09,0x46,0x1f,0x19,0x1e,0x96,0x1d,0x19,
0x2d,0xf3,0x56,0x29,0x07,0xdf,0xdf,0x45,0x06,0x86,0x14,0x07,0xa0,0x0e,0x0f,0x1b,
0x00,0x07,0x12,0x01,0x35,0x65,0x06,0x6c,0x04,0x14,0xa0,0x23,0x36,0x03,0x7d,0x1d,
0x18,0x0e,0xf5,0x02,0x07,0x1b,0x00,0x18,0x90,0x1b,0x00,0x15,0xa0,0x59,0x36,0x04,
0xe7,0x4a,0x0f,0x6e,0x09,0x8b,0x1f,0x10,0x6e,0x09,0x15,0x1f,0x3a,0x6e,0x09,0xac,
0x0f,0x1b,0x00,0x3b,0x1d,0x40,0x18,0x4c,0x0a,0x65,0x4c,0x0e,0x3b,0x4c,0x0f,0x07,
0x00,0x36,0x06,0x74,0x50,0x0f,0x09,0x00,0x17,0x3f,0xde,0xee,0xec,0x83,0x48,0x0e,
0x0e,0x51,0x00,0x0f,0x09,0x00,0xdf,0x00,0x8a,0x0e,0x14,0x3e,0xc3,0x4f,0x1c,0x3f,
0xfb,0x34,0x05,0x15,0x61,0x24,0xa0,0x3f,0xe6,0x34,0x14,0x3f,0xd0,0x50,0x09,0x7d,
0x03,0x0f,0x0d,0x00,0x5e,0x00,0xb8,0x03,0x05,0x0d,0x00,0x12,0x9f,0xd7,0x11,0x06,
0xec,0x16,0x04,0x0d,0x00,0x13,0x6f,0xc9,0x5c,0x13,0x20,0xb8,0x13,0x14,0xf5,0x41,
0x00,0x02,0x3f,0x34,0x02,0x0d,0x00,0x03,0x3f,0x17,0x02,0x0d,0x00,0x12,0x2e,0xd2,
0x04,0x01,0x0d,0x00,0x04,0x60,0x17,0x01,0x0d,0x00,0x13,0x0d,0x2f,0x16,0x15,0xaf,
0x48,0x04,0x07,0x0d,0x00,0x18,0xe2,0x40,0x4c,0x18,0x30,0x0d,0x00,0x18,0x40,0x0d,
0x00,0x13,0xf3,0x0d,0x00,0x01,0x5f,0x04,0x04,0xc8,0x30,0x15,0x20,0xb8,0x17,0x05,
0x75,0x00,0x15,0xfc,0xea,0x00,0x02,0xbc,0x25,0x04,0x51,0x6f,0x02,0xa2,0x17,0x03,
0xc3,0x00,0x17,0x3f,0xc3,0x00,0x03,0x28,0x26,0x0e,0xf7,0x00,0x03,0xb2,0x18,0x1e,
0xf2,0x2b,0x01,0x03,0x45,0x01,0x21,0xfe,0xbf,0x9f,0x07,0x0f,0x06,0x00,0x95,0x01,
0x3d,0x01,0x26,0xe7,0x7f,0x31,0x5d,0x22,0xf8,0x07,0xac,0x06,0x11,0x8f,0x06,0x00,
0x22,0x03,0xae,0x19,0x53,0x1b,0xff,0x71,0x27,0x1d,0x0a,0x34,0x69,0x1c,0xd1,0x19,
0x5c,0x03,0xd8,0x32,0x0c,0x01,0x00,0x1e,0x70,0x27,0x00,0x23,0xfd,0x0a,0xbb,0x07,
0x16,0xef,0x08,0x00,0x05,0x91,0x25,0x07,0x08,0x00,0x13,0x1a,0x4d,0x05,0x16,0x0a,
0x08,0x00,0x1f,0xf1,0x27,0x00,0xff,0x50,0x06,0x20,0x10,0x0e,0x3b,0x10,0x0e,0x56,
0x10,0x0d,0x71,0x10,0x2c,0xff,0x1a,0xa7,0x10,0x0f,0xf6,0x07,0xea,0x0a,0x1b,0x00,
0x0f,0x4b,0x0e,0x77,0x0f,0x1b,0x00,0x6d,0x00,0x75,0x02,0x18,0xbf,0x2d,0x0a,0x19,
0x18,0xbd,0x40,0x19,0x2f,0xc5,0x28,0x19,0x7f,0x3d,0x2f,0x17,0x8f,0x84,0x46,0x15,
0x00,0x4b,0x0e,0x00,0x81,0x46,0x0f,0xbe,0x02,0xfe,0x09,0xfa,0x14,0x0a,0xa7,0x0b,
0x0e,0xc2,0x0b,0x0d,0x4b,0x15,0x2d,0xfe,0x30,0x13,0x0c,0x0f,0x9a,0x0c,0x66,0x09,
0x3a,0x25,0x17,0x7d,0x2b,0x03,0x28,0x01,0xdf,0x1d,0x02,0x18,0xdf,0x46,0x03,0x18,
0x8f,0x74,0x06,0x19,0x0e,0xbd,0x06,0x08,0x07,0x0f,0x24,0xfd,0x2f,0xd4,0x0d,0x00,
0xde,0x0d,0x16,0xd2,0xef,0x0d,0x18,0xef,0x1b,0x00,0x1f,0x0e,0x1b,0x00,0x80,0x00,
0x7c,0x0a,0x18,0x1f,0xb1,0x02,0x28,0xd0,0xef,0xf3,0x00,0x19,0x08,0x9c,0x07,0x19,
0x0d,0xad,0x30,0x19,0x2d,0xc8,0x45,0x07,0x07,0x0f,0x19,0xfd,0x6a,0x2d,0x1e,0xd0,
0xed,0x0b,0x0f,0x1b,0x00,0x55,0x05,0x04,0x2e,0x25,0x80,0x08,0x0a,0x04,0x06,0x25,
0x05,0x16,0x81,0x1f,0x04,0x06,0x1e,0x04,0x15,0x8a,0x0c,0x01,0x25,0xe7,0xbf,0x35,
0x11,0x01,0x0b,0x71,0x08,0x88,0x79,0x0f,0x15,0x00,0xa4,0x37,0x00,0x05,0xbf,0x3b,
0x30,0x18,0x0a,0x38,0x30,0x18,0x0a,0x98,0x2e,0x1f,0x04,0x7e,0x09,0x06,0x28,0xfd,
0x0d,0x2c,0x02,0x15,0xf0,0xa3,0x63,0x00,0xef,0x13,0x15,0x1e,0xf0,0x24,0x49,0x01,
0x22,0x22,0x20,0xbe,0x63,0x19,0x0e,0x0b,0x25,0x18,0xdf,0xc2,0x30,0x19,0x0a,0xbf,
0x30,0x19,0x3f,0xc4,0x2f,0x19,0x9f,0x7c,0x6c,0x19,0x9f,0xc3,0x05,0x26,0x4a,0xde,
0x87,0x00,0x1a,0x00,0xb3,0x33,0x08,0x5d,0x78,0x36,0x23,0x33,0x32,0x12,0x01,0x06,
0xa2,0x00,0x00,0xf8,0x1b,0x18,0xdf,0xdd,0x04,0x19,0x0a,0xe9,0x02,0x18,0x4f,0x25,
0x5f,0x09,0x95,0x58,0x08,0x22,0x06,0x00,0x70,0x2b,0x17,0x5b,0x6d,0x2b,0x0f,0xaa,
0x13,0x34,0x0f,0x76,0x14,0x0f,0x04,0x11,0x00,0x14,0xfe,0xcb,0x14,0x0f,0x54,0x14,
0x64,0x01,0x3d,0x01,0x14,0x06,0x99,0x00,0x1b,0x1f,0x0e,0x53,0x14,0xf0,0x75,0x07,
0x04,0x96,0x2c,0x16,0xf0,0x87,0x14,0x11,0x8f,0x4f,0x06,0x16,0xf1,0x36,0x37,0x0f,
0x1b,0x00,0xe3,0x0e,0x65,0x1d,0x0a,0x4b,0x01,0x14,0xff,0x13,0x43,0x16,0xff,0xf2,
0x0e,0x17,0x8f,0x5d,0x07,0x07,0xf0,0x2d,0x29,0xd8,0x10,0xb5,0x20,0x23,0x00,0x09,
0x90,0x51,0x1a,0xf5,0x42,0x2c,0x17,0xbf,0x25,0x05,0x10,0xaf,0x0f,0x03,0x17,0x03,
0x2b,0x23,0x11,0x3f,0x55,0x21,0x00,0x59,0x02,0x07,0xb2,0x72,0x09,0xcf,0x72,0x13,
0x04,0xb9,0x20,0x15,0x9f,0xca,0x00,0x16,0xcf,0xde,0x2a,0x14,0x90,0xa0,0x20,0x14,
0xf4,0xf4,0x0e,0x13,0x20,0x0f,0x26,0x14,0xfb,0x06,0x04,0x14,0xfa,0xfe,0x20,0x14,
0x20,0x43,0x21,0x01,0x96,0x07,0x06,0x9e,0x21,0x03,0x66,0x73,0x15,0x7f,0x60,0x00,
0x12,0x05,0xce,0x0f,0x16,0x0e,0x02,0x21,0x11,0x0c,0x87,0x03,0x17,0x08,0xf4,0x25,
0x23,0x4f,0xff,0x0e,0x7a,0x17,0x70,0x63,0x18,0x10,0xd0,0xa5,0x00,0x18,0xe0,0xfe,
0x00,0x28,0x60,0x2f,0x6d,0x23,0x00,0xe7,0x00,0x19,0x0a,0xad,0x06,0x02,0x7b,0x2a,
0x08,0xef,0x2e,0x1c,0x8f,0x1e,0x2d,0x1d,0x01,0x1a,0x2d,0x1d,0x07,0x16,0x2d,0x13,
0x0e,0xac,0x15,0x0a,0x52,0x24,0x1c,0x90,0x77,0x2d,0x1c,0xf1,0x9d,0x7b,0x16,0xf8,
0xce,0x00,0x14,0xd0,0x48,0x27,0x15,0xf9,0x76,0x00,0x00,0x33,0x00,0x14,0x40,0x83,
0x01,0x14,0xf1,0xaf,0x09,0x24,0xa0,0x07,0x7d,0x00,0x14,0xbf,0xff,0x00,0x13,0x0d,
0x59,0x6e,0x14,0xf1,0xc2,0x27,0x16,0xfe,0xf9,0x2b,0x03,0x8b,0x2b,0x15,0x08,0x4a,
0x2b,0x10,0x9f,0x14,0x02,0x04,0xf1,0x74,0x14,0xef,0x48,0x29,0x11,0x0f,0x97,0x01,
0x01,0x08,0x2c,0x04,0x8c,0x35,0x11,0x40,0xa3,0x00,0x12,0xfc,0x33,0x00,0x14,0xb0,
0x8e,0x2b,0x12,0xfb,0x79,0x00,0x12,0x60,0x60,0x01,0x14,0x10,0xde,0x59,0x15,0xf3,
0x32,0x2d,0x14,0x0c,0xd7,0x11,0x11,0xf4,0x45,0x11,0x03,0xae,0x00,0x00,0x54,0x00,
0x10,0xe0,0x23,0x00,0x21,0xfa,0x0c,0x37,0x00,0x04,0x91,0x2d,0x00,0x68,0x00,0x01,
0xdf,0x2d,0x10,0x5f,0x37,0x00,0x13,0x3f,0xbf,0x01,0x10,0x0a,0x68,0x00,0x10,0xef,
0x87,0x01,0x12,0xdf,0x4d,0x81,0x14,0xf9,0xad,0x02,0x11,0xf2,0x04,0x75,0x10,0x07,
0xfa,0x00,0x04,0x06,0x29,0x00,0x24,0x00,0x11,0x8c,0xec,0x00,0x00,0x3f,0x5d,0x05,
0x94,0x2c,0x15,0x07,0x04,0x2a,0x11,0x8f,0xfe,0x29,0x15,0xf7,0xf2,0x01,0x02,0x4e,
0x01,0x14,0x02,0xa0,0x54,0x06,0x75,0x2c,0x15,0xfa,0xd0,0x16,0x18,0xb0,0xf8,0x7a,
0x14,0x30,0x2d,0x40,0x18,0xf5,0xef,0x01,0x06,0xd1,0x7b,0x08,0x3b,0x02,0x15,0xf6,
0x37,0x00,0x17,0xa0,0x87,0x02,0x15,0xfe,0x25,0x29,0x18,0xf4,0xbb,0x46,0x15,0x80,
0xa2,0x70,0x08,0x38,0x02,0x15,0xf2,0xf8,0x2b,0x1e,0x80,0x4e,0x18,0x18,0x08,0xd5,
0x0a,0x15,0x09,0xba,0x02,0x04,0x2e,0x2c,0x05,0x78,0x00,0x00,0x71,0x03,0x14,0x4e,
0x43,0x00,0x10,0x04,0x8c,0x12,0x23,0x3f,0xff,0x7e,0x48,0x01,0x75,0x68,0x12,0x5f,
0xd8,0x00,0x03,0x0b,0x39,0x12,0x8f,0x5a,0x03,0x15,0xbf,0x04,0x13,0x12,0xfc,0xc7,
0x2a,0x03,0x24,0x2a,0x12,0xfa,0xbb,0x29,0x08,0x72,0x2c,0x05,0xa8,0x41,0x06,0x2b,
0x27,0x15,0x05,0xa6,0x18,0x06,0xa4,0x29,0x18,0xc0,0x26,0x18,0x18,0xd1,0xb4,0x2a,
0x17,0xf2,0xdb,0x34,0x06,0xc6,0x03,0x02,0x92,0x1a,0x18,0x40,0xa2,0x1d,0x04,0xa1,
0x25,0x18,0x9f,0x69,0x0a,0x12,0x6f,0xe9,0x26,0x15,0xfa,0x59,0x39,0x14,0x41,0x4b,
0x69,0x10,0x1e,0x4e,0x00,0x16,0x03,0xab,0x6e,0x24,0xff,0xa0,0xa8,0x2a,0x12,0x09,
0xb5,0x01,0x02,0x07,0x00,0x16,0x06,0xfb,0x42,0x02,0xc9,0x81,0x15,0xf4,0x3d,0x00,
0x05,0x95,0x69,0x00,0x58,0x00,0x15,0x2f,0xea,0x03,0x00,0xe5,0x04,0x18,0x2f,0x59,
0x1a,0x18,0xc2,0x74,0x1a,0x1f,0xfc,0x1b,0x00,0xd5,0x16,0xfa,0x1b,0x00,0x09,0x45,
0x0c,0x28,0xc0,0xef,0xfc,0x13,0x19,0x08,0xf5,0x38,0x19,0x0d,0xc2,0x34,0x19,0x1d,
0xf1,0x09,0x2e,0x07,0xcf,0x7c,0x66,0x0c,0x6f,0x60,0x0e,0x1b,0x00,0x0a,0xa2,0x66,
0x19,0x0e,0x90,0x72,0x0f,0x4c,0x1b,0x12,0x18,0x80,0x1b,0x00,0x11,0x90,0xba,0x18,
0x02,0x01,0x00,0x2a,0xda,0x30,0xa3,0x14,0x19,0x4a,0x2e,0x6c,0x0f,0x1b,0x00,0x15,
0x18,0x48,0x51,0x7e,0x19,0xf4,0x39,0x2a,0x17,0x20,0x27,0x2a,0x27,0xfc,0x10,0x3b,
0x04,0x18,0xf9,0x97,0x7e,0x18,0xf6,0x5d,0x2a,0x18,0xe3,0x51,0x2b,0x18,0xb1,0xa5,
0x2a,0x18,0x80,0x05,0x72,0x09,0x28,0x79,0x17,0x20,0x28,0x2b,0x18,0xfb,0x6c,0x63,
0x17,0xf7,0xb0,0x72,0x28,0xff,0xe4,0x11,0x2b,0x1e,0xc2,0xb8,0x2b,0x03,0x34,0x00,
0x05,0xad,0x23,0x0f,0x0e,0x01,0x23,0x1a,0x4a,0x1c,0x81,0x00,0x39,0x0e,0x10,0x50,
0x0d,0x01,0x11,0xf5,0x0c,0x02,0x11,0x50,0x41,0x7e,0x01,0x9c,0x01,0x10,0x50,0x53,
0x02,0x12,0xe4,0xc2,0x86,0x01,0x9c,0x87,0x0f,0x0b,0x00,0x03,0x13,0x3b,0xdf,0x27,
0x00,0xc1,0x61,0x00,0xbe,0x01,0x11,0x0f,0x41,0x04,0x01,0xf5,0x00,0x11,0x0f,0x3f,
0x04,0x11,0xaf,0x2c,0x00,0x1e,0x5f,0x42,0x00,0x0e,0x0b,0x00,0x01,0x6a,0x07,0x31,
0xee,0x40,0x0e,0x84,0x00,0x12,0x8f,0x13,0x84,0x00,0x0b,0x00,0x12,0x01,0xa2,0x06,
0x7d,0x7c,0xff,0xf5,0x23,0x33,0x33,0x0a,0xfc,0x67,0x0f,0x07,0x00,0x6b,0x34,0xcf,
0xfe,0xb4,0x69,0x07,0x00,0xe3,0x4e,0x01,0xe8,0x04,0x11,0xf1,0x2f,0x05,0x20,0x70,
0x0a,0xa3,0x1f,0x03,0x6e,0x81,0x02,0x6a,0x1e,0x0f,0x0b,0x00,0x06,0x11,0xf7,0x30,
0x06,0x11,0xf8,0x64,0x02,0x10,0x80,0xf1,0x00,0x02,0x10,0x35,0x01,0x74,0x36,0x30,
0xf8,0x00,0x1f,0x67,0x84,0x11,0x01,0x9e,0x2a,0x0f,0x4d,0x00,0x0d,0x10,0xae,0xcd,
0x09,0x11,0x0c,0x5c,0x02,0x10,0xcf,0x53,0x07,0x11,0x0c,0xd2,0x05,0x10,0xcf,0x4b,
0x00,0xa4,0x0c,0xff,0xea,0x30,0x00,0x00,0x4a,0xef,0xeb,0x60,0xa9,0x33,0x51,0xf8,
0x10,0x00,0x00,0x10,0x0a,0x02,0x44,0x94,0x13,0x9f,0x1f,0x5c,0x12,0x41,0xe9,0x42,
0x37,0xdf,0x35,0x26,0x01,0xce,0x68,0x04,0x7c,0x35,0x33,0xbe,0xfd,0x94,0x5a,0x65,
0x14,0xb5,0xc2,0x7b,0x14,0xfa,0x32,0x2d,0x14,0xfa,0x1b,0x39,0x24,0xf3,0x0c,0xc7,
0x03,0x00,0x18,0x0e,0x00,0x0b,0x07,0x32,0x0f,0xff,0xfe,0x4c,0x33,0x01,0x4f,0x08,
0x10,0x1f,0x9c,0x41,0x0d,0x11,0x00,0x83,0xff,0x11,0x11,0x13,0xff,0xff,0xc0,0xbf,
0x7b,0x1b,0x14,0x05,0x46,0x1a,0x14,0x0b,0x13,0x04,0x14,0x0b,0x67,0x1f,0x27,0x06,
0xcf,0xee,0x86,0x15,0x33,0x5d,0x0e,0x05,0x4f,0x08,0x1c,0xd0,0xe7,0x09,0x1b,0x10,
0x7e,0x39,0x0a,0x03,0x4d,0x1b,0x5f,0x19,0x0a,0x1c,0x01,0x64,0x51,0x1c,0x0d,0x29,
0x0a,0x1b,0x9f,0x56,0x4d,0x1e,0x05,0xba,0x68,0x0f,0x01,0x00,0x17,0x0f,0xae,0x63,
0xff,0xfd,0x04,0x0d,0x06,0x3f,0x33,0x33,0x30,0x8a,0x75,0x0a,0x06,0x2a,0x8d,0x05,
0x04,0x0d,0x1c,0xf6,0x47,0x86,0x1b,0x20,0x13,0x0d,0x1b,0xe0,0xc2,0x3e,0x1c,0xfb,
0x0b,0x50,0x1b,0x70,0x6c,0x3a,0x1f,0xf3,0xd6,0x02,0xff,0xff,0x3e,0x1b,0xef,0xe6,
0x3c,0x1b,0x8f,0x0c,0x3d,0x1b,0x2f,0x32,0x3d,0x18,0x0a,0x58,0x8c,0x04,0x16,0x09,
0x19,0xf2,0xdd,0x05,0x19,0xe4,0xe5,0x25,0x48,0x6f,0xff,0xf7,0x0a,0x3e,0x10,0x7f,
0x08,0xaa,0xa9,0x00,0x1a,0xaa,0xa7,0xc6,0x02,0x25,0x29,0x19,0xef,0x1a,0x61,0x09,
0x7c,0x5b,0x00,0xdd,0x08,0x1b,0x3f,0x5c,0x61,0x1b,0x0d,0xd9,0x43,0x1e,0x03,0x63,
0x66,0x0d,0x6f,0x53,0x1f,0xf6,0xce,0x01,0x81,0x18,0xfe,0xf3,0x7e,0x1f,0x37,0x14,
0x54,0x3f,0x0f,0x8d,0x63,0xa2,0x12,0x30,0xfc,0x07,0x2c,0xfb,0x50,0xcd,0x41,0x1b,
0xb1,0x1d,0x08,0x2c,0xff,0xe3,0x59,0x47,0x17,0xfa,0xcd,0x05,0x38,0x58,0x89,0xcf,
0x70,0x52,0x05,0x3a,0x70,0x1d,0xf6,0x15,0x8e,0x08,0x7c,0x40,0x1c,0xaf,0xe0,0x05,
0x4f,0x14,0x66,0x66,0x20,0x9c,0x05,0xff,0xff,0x38,0x10,0x0e,0xeb,0x7c,0x39,0xee,
0xee,0xeb,0x68,0x5c,0x08,0xd9,0x0f,0x01,0xa8,0x8e,0x08,0xf7,0x0f,0x0f,0x21,0x00,
0x1e,0x0f,0x7b,0x05,0xff,0xff,0x31,0x01,0x37,0x75,0x1c,0xd4,0x25,0x45,0x1b,0xf2,
0xf5,0x0a,0x29,0xff,0x80,0xbb,0x0d,0x39,0x20,0x5f,0xf9,0x0e,0x0e,0x49,0xf1,0x04,
0xff,0x90,0x21,0x00,0x3b,0x10,0x4f,0xf9,0x18,0x4d,0x09,0x07,0x0b,0x18,0x03,0x28,
0x15,0x01,0x8a,0x05,0x3f,0x9b,0xbb,0x81,0x17,0x0b,0xff,0xff,0x38,0x0c,0x6d,0x52,
0x08,0x69,0x4a,0x0c,0xe3,0x00,0x07,0x1c,0x00,0x0d,0xc9,0x52,0x07,0x1c,0x00,0x1f,
0x0f,0x1c,0x00,0x08,0x1f,0x6f,0x1c,0x00,0x08,0x0d,0x53,0x53,0x0a,0xdb,0x77,0x1e,
0x40,0xe0,0x1f,0x0e,0xef,0x4c,0x0f,0x1c,0x00,0x99,0x08,0xed,0x55,0x0f,0x1c,0x00,
0x0c,0x09,0x93,0x05,0x0b,0x1c,0x00,0x0e,0x01,0x00,0x0f,0x1c,0x00,0x3c,0x0b,0xc4,
0x00,0x0e,0x1c,0x00,0x0f,0x6c,0x01,0x99,0x02,0x4c,0x02,0x0f,0x1c,0x00,0x05,0x1f,
0xf6,0x1c,0x00,0x5d,0x0f,0x0b,0x73,0xff,0xfe,0x06,0xfe,0x1f,0x1b,0x80,0xe4,0x0d,
0x1e,0xf4,0xac,0x54,0x0a,0x75,0x16,0x1b,0xc0,0x50,0x4d,0x1e,0xf7,0x6e,0x55,0x0e,
0x8d,0x13,0x0e,0x30,0x7c,0x0e,0x1d,0x55,0x0e,0x8a,0x13,0x1a,0x07,0x5e,0x00,0x0c,
0xc9,0x13,0x0b,0x6a,0x55,0x1a,0xbf,0x7b,0x00,0x0b,0xe6,0x13,0x1b,0x3f,0x71,0x50,
0x0f,0x01,0x00,0x13,0x0f,0x23,0x72,0xff,0xce,0x03,0x61,0x00,0x3e,0x23,0x33,0x33,
0x7f,0x8d,0x0e,0x8c,0x84,0x0c,0x3d,0x23,0x0e,0x33,0x03,0x0c,0xcd,0x57,0x0b,0x30,
0x03,0x0b,0x82,0x19,0x0c,0x5f,0x19,0x0f,0x94,0x02,0xff,0xfa,0x1a,0x0c,0x21,0x16,
0x1a,0x6f,0xce,0x04,0x00,0x4c,0x31,0x0a,0xe9,0x49,0x1b,0xfa,0x26,0x53,0x17,0x30,
0x18,0x05,0x17,0xf4,0x2b,0x1c,0x11,0x04,0xa1,0x31,0x15,0xf6,0x63,0x05,0x6f,0xaa,
0xa9,0x10,0x09,0xaa,0xa8,0x85,0x02,0xff,0xff,0x04,0x30,0xce,0xee,0xed,0x2d,0x3e,
0x06,0xe4,0x56,0x18,0xfe,0xcf,0x07,0x0f,0x0f,0x00,0x29,0x0f,0x67,0x02,0xff,0xf7,
0x00,0x79,0x07,0x00,0x0e,0x80,0x00,0xe0,0x04,0x20,0x80,0x02,0x78,0x02,0x01,0x12,
0x0a,0x00,0x46,0x0a,0x01,0x5b,0x0a,0x01,0x49,0x32,0x1b,0xef,0x85,0x0a,0x00,0x44,
0x23,0x11,0xf9,0xc6,0xaa,0x0f,0x09,0x00,0x74,0x10,0x00,0xfa,0x4b,0x01,0xe8,0x0b,
0x00,0x3a,0x08,0x12,0x0f,0xd5,0x30,0x11,0xf9,0xeb,0x4b,0x01,0xf4,0x4b,0x00,0x22,
0x16,0x1c,0x4f,0x96,0x2b,0x0f,0xc1,0x00,0x79,0x01,0x09,0x00,0x00,0x9a,0x0c,0x12,
0xf3,0x5e,0x01,0x13,0xfc,0xa0,0x28,0x15,0x50,0xd0,0x58,0x11,0xdf,0xa1,0x1c,0x11,
0x06,0x2f,0x58,0xd7,0x20,0x1e,0xff,0xfd,0x03,0xff,0xff,0xb0,0x4a,0xaa,0xa3,0x00,
0x7a,0xa8,0x60,0x0e,0xa4,0x01,0x0f,0x07,0x00,0xc6,0x00,0x97,0x8d,0x50,0x30,0x09,
0xee,0xee,0xe2,0x14,0xad,0x03,0xac,0x6d,0x0f,0x08,0x00,0x0a,0x0e,0xe3,0x04,0x08,
0x07,0x02,0x0f,0x08,0x00,0xe9,0x22,0x00,0x04,0xf8,0x18,0x09,0x77,0x55,0x2c,0xfe,
0x30,0x0d,0x1f,0x2b,0x70,0x00,0x98,0x55,0x26,0xc5,0x10,0x6c,0x02,0x2c,0x88,0x8a,
0x13,0x45,0x3b,0x01,0x8f,0xff,0x63,0x5e,0x2b,0x3d,0xff,0x3f,0x0e,0x2c,0x08,0xef,
0x13,0x0e,0x3f,0x35,0x66,0x64,0xee,0x16,0x23,0x0f,0xaa,0x6f,0xff,0xfe,0x02,0x83,
0x02,0x06,0x69,0xb3,0x0f,0x2d,0x57,0x04,0x0c,0x37,0x5f,0x1c,0x0b,0xbc,0x66,0x0c,
0xf1,0x7e,0x0d,0x8d,0x63,0x1c,0x0f,0x54,0x09,0x00,0x76,0x52,0x0b,0x5d,0x12,0x1f,
0xf6,0xc5,0x19,0x26,0x0f,0x70,0x70,0xff,0xfd,0x0e,0xf3,0x8f,0x07,0x56,0x4a,0x0d,
0xcd,0xa1,0x1e,0x00,0x87,0x54,0x0f,0x56,0x14,0x15,0x1c,0x05,0x65,0x62,0x09,0x97,
0x19,0x0e,0x54,0x69,0x0f,0xd6,0x02,0xff,0xff,0x32,0x1c,0x02,0x9f,0x0b,0x0c,0xc9,
0x16,0x07,0xd6,0x5e,0x05,0x4a,0x34,0x1a,0xf5,0x0a,0x17,0x08,0x8c,0x05,0x00,0xb1,
0x06,0x1b,0xd6,0x7e,0x5b,0x28,0xf4,0x0c,0x9d,0x05,0x00,0x76,0x11,0x3f,0x3a,0xaa,
0xa5,0xc6,0x02,0x25,0x0c,0xc6,0x00,0x0c,0xe7,0x00,0x0c,0x08,0x01,0x0c,0x29,0x01,
0x0d,0x4a,0x01,0x0c,0x6b,0x01,0x1c,0x0a,0x8c,0x01,0x0f,0x8c,0x69,0xff,0x23,0x00,
0xff,0x03,0x1f,0x19,0xa2,0x23,0x0c,0x1d,0xfd,0x62,0x04,0x0d,0x83,0x04,0x0c,0xa4,
0x04,0x0e,0xeb,0x73,0x01,0x8c,0x00,0x2b,0xea,0x30,0x37,0xa4,0x0a,0xd5,0x02,0x17,
0xcf,0x6b,0x33,0x05,0x00,0x09,0x17,0xf8,0xcd,0x05,0x22,0x68,0x89,0x87,0x21,0x07,
0x47,0x00,0x1c,0x4d,0x84,0x3a,0x1b,0x09,0x21,0x00,0x01,0xe1,0x99,0x0a,0xe0,0x05,
0x18,0x15,0x1a,0xaa,0x0f,0x9c,0x05,0xff,0xff,0x2f,0x87,0x1e,0xee,0xee,0x90,0x03,
0xee,0xee,0xe9,0xaa,0x05,0x01,0x95,0x4e,0x18,0x90,0x21,0x30,0x03,0x0a,0xbe,0x0f,
0x21,0x00,0x24,0x0f,0x7b,0x05,0xff,0xff,0x2d,0x40,0x12,0x22,0x22,0x10,0x9b,0xb2,
0x22,0x22,0x22,0x10,0x62,0x21,0x0c,0xff,0x11,0xbd,0x12,0xfb,0xb8,0x66,0x01,0x92,
0x36,0x14,0x04,0xe0,0xb0,0x20,0xf3,0x1e,0x56,0x13,0x00,0x22,0x02,0x21,0xfd,0xbf,
0xe5,0x0a,0x15,0x09,0x0f,0x23,0x03,0x74,0x3c,0x14,0x10,0x87,0x0e,0x1b,0xf4,0xfb,
0x10,0x00,0x1f,0x00,0x0b,0x25,0x39,0x15,0x3f,0x4e,0x2d,0x14,0xdf,0x68,0x3a,0x18,
0x0a,0xdf,0xa7,0x24,0xfc,0xaf,0x08,0xb3,0x20,0xf2,0x0d,0xdc,0x00,0x10,0x1d,0x05,
0x00,0x13,0x03,0x17,0x82,0x15,0xfa,0x23,0x00,0x17,0xe0,0xeb,0x6e,0x0f,0xb5,0x0e,
0xae,0x0f,0x95,0x72,0xff,0xfe,0x0f,0xb5,0x0e,0xb3,0x0f,0xd6,0x02,0xff,0xfe,0x0f,
0xb5,0x0e,0xa2,0x1f,0x0a,0xb5,0x02,0xfe,0x0f,0xb5,0x0e,0xf0,0x0f,0xdf,0x0b,0x7d,
0x0f,0xa5,0x02,0xff,0xfe,0x05,0x01,0x00,0x00,0xe4,0x1f,0x0e,0x95,0x07,0x0d,0x74,
0x78,0x0d,0x06,0x1f,0x0a,0x67,0x08,0x0e,0x32,0x2b,0x1e,0x00,0x1f,0x1e,0x0e,0x2a,
0x08,0x1d,0x2f,0xbe,0x2a,0x1e,0x6f,0xf4,0x78,0x0f,0x5b,0x23,0x1e,0x0f,0xde,0x73,
0xff,0xff,0x2c,0x0d,0xef,0xb0,0x0f,0xdf,0xb2,0x0b,0x2f,0xb0,0x0d,0xdf,0xb2,0x7f,
0x08,0x10,0x00,0x02,0x7f,0xb2,0x07,0x5f,0x65,0x0b,0x10,0x00,0x1b,0xf6,0x10,0x00,
0x1b,0xf1,0x10,0x00,0x1f,0xf7,0x40,0x00,0x02,0x1f,0x56,0xdf,0xb2,0x67,0x01,0x10,
0x00,0x1b,0xce,0x0f,0xb7,0x07,0x84,0x67,0x0b,0x10,0x00,0x1b,0xf3,0x10,0x00,0x1a,
0x90,0x10,0x00,0x29,0xfa,0x00,0x10,0x00,0x2e,0xfb,0x50,0xf4,0x0c,0x0b,0x12,0x0d,
0x09,0x30,0x0d,0x0a,0x26,0x2d,0x18,0x5f,0x41,0x03,0x03,0x6f,0x24,0x0e,0xfb,0x04,
0x0c,0x43,0x0d,0x0d,0x9b,0x10,0x0e,0x01,0x00,0x19,0x0b,0x4b,0x3b,0x18,0xbf,0x48,
0x3b,0x19,0x0b,0x45,0x3b,0x1f,0xbf,0x89,0xc2,0x06,0x28,0xf0,0xae,0x04,0x35,0x1f,
0x20,0x4c,0x71,0x15,0x09,0x1b,0x00,0x0f,0x4c,0x71,0x26,0x0a,0x1b,0x00,0x15,0x54,
0x3f,0x6b,0x0f,0x4c,0x71,0x0b,0x0a,0x1b,0x00,0x15,0x10,0x1b,0x00,0x18,0x3a,0x26,
0x4d,0x0a,0x49,0x38,0x19,0x31,0x6c,0x00,0x19,0x07,0x67,0x71,0x19,0x08,0x67,0x71,
0x08,0xc5,0xb4,0x1e,0x30,0x8d,0x06,0x0b,0xd0,0x06,0x09,0x13,0x07,0x09,0xcc,0x01,
0x0a,0x0a,0x07,0x09,0xcf,0x2c,0x0a,0x01,0x07,0x09,0x44,0x07,0x1c,0x03,0x1e,0x46,
0x0f,0xf4,0x01,0xff,0x66,0x29,0x9a,0xaa,0xaa,0x54,0x19,0xfe,0x9b,0x08,0x19,0xf8,
0x8d,0x01,0x19,0xf1,0xb8,0x25,0x16,0xa0,0x10,0x04,0x16,0xeb,0x41,0x01,0x44,0x7f,
0xff,0xf6,0x2f,0x7d,0x4a,0x00,0x16,0x4b,0x2e,0x00,0x8f,0xf2,0x13,0x0f,0xf4,0x01,
0xff,0x6c,0x18,0xdf,0x4d,0x1c,0x19,0x0d,0x4a,0x1c,0x18,0xdf,0x47,0x1c,0x19,0x0d,
0x44,0x1c,0x25,0x78,0x89,0x8a,0x16,0x02,0xc3,0xb4,0x09,0xc8,0x46,0x19,0x0a,0xad,
0x56,0x29,0x04,0xcf,0x3a,0x16,0x1f,0x25,0x35,0x1c,0x1a,0x0f,0x43,0x77,0xff,0x4d,
0x02,0xeb,0x09,0x24,0x90,0x04,0xdc,0x03,0x01,0x60,0x0f,0x05,0x2e,0x38,0x0f,0x1b,
0x00,0x16,0x8f,0xee,0xee,0xe8,0x00,0x3e,0xee,0xee,0x80,0xda,0x03,0xff,0x7b,0x0e,
0x5c,0x16,0x19,0xfc,0x70,0x6b,0x18,0xfe,0xa9,0x19,0x06,0x2f,0x14,0x10,0x01,0xe8,
0x90,0x15,0x60,0xec,0x09,0x46,0xfd,0x00,0x8f,0xf6,0x14,0x1a,0x26,0xfb,0xbe,0xca,
0x36,0x19,0x0a,0x54,0x14,0x13,0x09,0x34,0xb8,0x0f,0xda,0x03,0xff,0x76,0x0b,0x45,
0x81,0x02,0x4e,0x03,0x19,0x91,0x69,0x01,0x08,0x32,0x55,0x0e,0x2f,0x00,0x01,0x46,
0x00,0x0f,0x2f,0x00,0x03,0x05,0xd5,0x52,0x0c,0x01,0x00,0x28,0x2a,0xee,0x96,0x56,
0x05,0x0a,0x00,0x19,0xf5,0x80,0x01,0x19,0x40,0x7a,0xd6,0x0c,0x38,0x0c,0x04,0x7f,
0xd6,0x0c,0x2f,0x00,0x1f,0x5f,0x2f,0x00,0x07,0x09,0x8d,0x00,0x12,0x74,0x8a,0x01,
0x1d,0x8f,0xf3,0xc7,0x0e,0xfb,0xc7,0x0e,0x22,0xc8,0x0f,0x2f,0x00,0x1b,0x06,0xf5,
0x01,0x0a,0x2f,0x00,0x0d,0xbc,0x00,0x09,0x31,0x63,0x0a,0x23,0x0d,0x0e,0x2f,0x00,
0x0b,0xc3,0xda,0x0a,0x2f,0x00,0x09,0x27,0x02,0x06,0xc6,0x41,0x1f,0x57,0xbc,0x00,
0x04,0x0e,0x53,0xd6,0x02,0x1e,0x13,0x1f,0x7f,0xa2,0x43,0x04,0x1f,0x8f,0x2f,0x00,
0x03,0x08,0x18,0x77,0x09,0x7d,0xd6,0x0f,0xa7,0x7b,0xff,0x50,0x0a,0x63,0x68,0x09,
0x94,0x1f,0x09,0xb6,0x11,0x06,0x89,0xe0,0x0d,0xbe,0x42,0x09,0x41,0x56,0x0a,0xca,
0x0f,0x19,0x4f,0xf9,0x11,0x09,0x5e,0x00,0x19,0x0c,0x7a,0x3a,0x09,0x4c,0x97,0x03,
0xf1,0xe1,0x0e,0xf1,0xd9,0x0c,0x7a,0x00,0x0a,0x95,0x00,0x0e,0x59,0x15,0x0e,0x01,
0x00,0x09,0x37,0x6b,0x0a,0x52,0x6b,0x09,0x6d,0x6b,0x09,0x88,0x6b,0x19,0x08,0xa3,
0x6b,0x09,0xbe,0x6b,0x19,0x1c,0xd9,0x6b,0x0f,0x0f,0x6c,0x18,0x15,0xf4,0xdc,0x03,
0x0f,0xc6,0x7a,0x27,0x09,0x1b,0x00,0x0f,0x60,0x02,0x20,0x18,0x0b,0x1d,0x03,0x19,
0xe2,0x38,0x03,0x1f,0x22,0x52,0xce,0x07,0x29,0x20,0x08,0x60,0x02,0x08,0xa4,0x03,
0x1e,0x20,0xed,0x5c,0x0a,0x1b,0x42,0x0a,0xc4,0x42,0x09,0x8d,0x00,0x09,0xfa,0x4c,
0x0a,0x02,0x02,0x09,0x1d,0x02,0x0a,0x38,0x02,0x1a,0x33,0x71,0x3f,0x0f,0xf4,0x01,
0xff,0x67,0x39,0x09,0xaa,0xa4,0xff,0x16,0x19,0xe0,0x7d,0x64,0x19,0x80,0x90,0x47,
0x17,0x20,0x61,0x04,0x06,0xcc,0x11,0x10,0x0d,0xe8,0x87,0x16,0xf4,0x0d,0x12,0x14,
0x71,0xf7,0x03,0x00,0x73,0x17,0x2b,0xd0,0x07,0x56,0x21,0x0f,0xf4,0x01,0xff,0x6f,
0x0a,0x1d,0x1d,0x09,0x3b,0x1d,0x0f,0x1b,0x00,0x16,0x00,0xb3,0x1d,0x17,0x02,0xb3,
0x1d,0x0f,0xd9,0x01,0xff,0x71,0x00,0x5f,0x07,0x0e,0x6d,0x88,0x01,0x61,0x44,0x01,
0xb4,0x5d,0x01,0xec,0x07,0x09,0x75,0x05,0x0f,0x63,0x3c,0x63,0x00,0xcd,0x0a,0x00,
0x23,0x45,0x01,0x54,0x45,0x00,0x07,0x18,0x01,0xc7,0x0a,0x00,0x2b,0x18,0x00,0x3d,
0x18,0x01,0xab,0x00,0x09,0x0f,0x08,0x0f,0xcf,0x3d,0x63,0x52,0x00,0x00,0x4a,0xaa,
0x90,0x8c,0x16,0x13,0xf7,0x17,0x1c,0x15,0x10,0x92,0xae,0x11,0xbf,0x61,0x0d,0x10,
0x04,0x8e,0x7a,0x10,0xfc,0xfe,0x04,0x11,0x08,0x38,0x0b,0x00,0x84,0xcf,0x1f,0xe0,
0x0a,0x3d,0xb8,0x00,0xd0,0x72,0x00,0x6d,0x0c,0x0f,0x08,0x00,0x0d,0x8f,0x9e,0xee,
0xee,0x10,0x0a,0xee,0xee,0xe1,0xe0,0x3c,0xd7,0x12,0x1f,0x8b,0x88,0x06,0x26,0x07,
0x18,0xf6,0x52,0x0b,0x29,0xff,0xfa,0xbe,0x6b,0x24,0xfe,0x61,0x5c,0x07,0x38,0x88,
0xae,0xff,0x6d,0x25,0x19,0x07,0xc2,0x90,0x29,0x02,0xcf,0x34,0x11,0x19,0x6d,0x72,
0x0b,0x3f,0x03,0x56,0x66,0x26,0x48,0x19,0x0f,0x13,0x79,0xff,0x4e,0x0c,0xc7,0x49,
0x0a,0x46,0x63,0x0a,0x43,0x63,0x09,0xe1,0x49,0x0a,0x3d,0x63,0x0a,0xbf,0x63,0x09,
0xbc,0x63,0x1f,0x09,0x1f,0x0d,0xa7,0x0f,0x1b,0x00,0x6d,0x00,0xe3,0x02,0x19,0x2b,
0x72,0x7a,0x09,0x8d,0x7a,0x0a,0xa8,0x7a,0x09,0xc3,0x7a,0x0a,0xde,0x7a,0x0a,0xf9,
0x7a,0x0e,0x32,0x2c,0x0a,0x2f,0x2c,0x0a,0x4b,0x14,0x09,0xf9,0x1e,0x09,0x14,0x1f,
0x0a,0x65,0x0f,0x09,0xd9,0x11,0x0a,0x38,0x4c,0x0c,0xec,0x65,0x0f,0xf4,0x01,0xff,
0x66,0x39,0x09,0x99,0x94,0x8e,0x50,0x0f,0x1f,0x0d,0x22,0x1f,0xbf,0x1f,0x0d,0xc0,
0x0f,0xf4,0x01,0xc5,0x49,0x07,0x88,0x87,0x30,0xca,0x03,0x19,0xd4,0x04,0x1d,0x19,
0xf9,0x04,0x1d,0x28,0xfe,0x72,0x04,0x1d,0x07,0x28,0x26,0x19,0x4a,0x6c,0x19,0x29,
0x03,0xdf,0x43,0x26,0x19,0x6d,0x87,0x19,0x4f,0x02,0x56,0x66,0x61,0x01,0x02,0x19,
0x0f,0x91,0x7f,0xff,0x4c,0x03,0xfe,0x0a,0x08,0x05,0x0f,0x18,0x90,0x05,0x0f,0x0f,
0x1b,0x00,0x13,0x41,0x2e,0xee,0xee,0x80,0xfb,0x1c,0x0f,0xda,0x03,0xff,0x7a,0x09,
0x78,0x57,0x0f,0x0b,0x00,0x19,0x4f,0x7e,0xee,0xee,0x30,0x5b,0x2b,0x1c,0x16,0x7e,
0xf4,0xd0,0x16,0x9f,0x4c,0x2c,0x0f,0x0b,0x00,0x19,0x0f,0xd8,0x2b,0x28,0x07,0xb0,
0x00,0x0f,0xf2,0x00,0x24,0x0a,0x2b,0x57,0x1b,0xef,0xba,0x10,0x1e,0xf3,0x63,0x57,
0x0e,0x9e,0x57,0x0b,0xe4,0x37,0x09,0x9b,0x57,0x0a,0xd6,0x57,0x0f,0xdf,0x0a,0x10,
0x1f,0x0a,0xbd,0x7b,0xf0,0x09,0x1b,0x00,0x0f,0x14,0x20,0x05,0x19,0x01,0xd3,0x0d,
0x19,0x07,0x60,0x61,0x18,0x08,0x09,0x0e,0x06,0xe5,0x2e,0x2e,0xfd,0x81,0x71,0xc1,
0x03,0xc7,0x21,0x0e,0x4c,0xbd,0x0e,0x6f,0x6d,0x09,0xe7,0x01,0x0a,0xe9,0x39,0x09,
0x07,0x3a,0x0a,0x25,0x3a,0x0b,0x6f,0x57,0x0f,0xf4,0x01,0xff,0x67,0x39,0x09,0xaa,
0xa5,0x99,0x30,0x19,0xf1,0x3b,0xab,0x09,0x33,0xab,0x06,0xc0,0x03,0x18,0x2f,0xa0,
0x04,0x10,0x0b,0x07,0x13,0x16,0xf5,0xdf,0x0c,0x15,0x80,0x06,0x13,0x00,0x10,0x13,
0x1e,0x06,0xa4,0x30,0x0f,0xf4,0x01,0xff,0x6d,0x04,0x2a,0x9f,0x05,0x1c,0x94,0x06,
0xd6,0x0e,0x0f,0x1b,0x00,0x15,0x00,0xc8,0xd9,0x4f,0x01,0xee,0xee,0xea,0xd9,0x01,
0xff,0x7c,0x0c,0x03,0xc3,0x0a,0xec,0xfc,0x0f,0xdc,0x05,0x3d,0x0f,0xb5,0x07,0x10,
0x1f,0x02,0xa4,0x7c,0xe2,0x0a,0x1b,0x00,0x15,0xa0,0x1b,0x00,0x18,0xc1,0xc1,0x89,
0x29,0xfc,0x0e,0x34,0x25,0x19,0x8f,0xfb,0x3b,0x18,0xdf,0x1b,0x00,0x29,0x01,0xdf,
0x16,0x3c,0x19,0x7c,0x40,0x65,0x0f,0xa4,0x7c,0x0f,0x0a,0x1b,0x00,0x02,0x8b,0x12,
0x18,0xef,0xe4,0x59,0x28,0x0e,0xff,0x97,0x7c,0x09,0x64,0x22,0x19,0x0e,0x95,0xb5,
0x18,0xef,0xb9,0xe0,0x04,0x41,0x98,0x25,0xed,0xa3,0x3b,0x27,0x05,0x8f,0x22,0x01,
0x0b,0x13,0x08,0x7d,0x92,0x0f,0x1b,0x00,0x12,0x8e,0x08,0xee,0xee,0xe3,0x00,0x9e,
0xee,0xee,0xe8,0x6f,0x0f,0x60,0x02,0xff,0xf1,0x22,0x05,0xaa,0x01,0x00,0x18,0x30,
0xa5,0x37,0x05,0xec,0x04,0x0f,0x0f,0x00,0x0b,0x0f,0x01,0x00,0x1c,0x1a,0x06,0xdd,
0x44,0x1a,0x0c,0x49,0x00,0x1a,0x1f,0x55,0xaa,0x29,0x7f,0xff,0x64,0x05,0x19,0xdf,
0x0b,0x1a,0x1a,0x03,0xc7,0x0d,0x19,0x09,0x16,0x2f,0x03,0xfd,0x00,0x17,0x80,0x6c,
0x23,0x0b,0x2b,0x87,0x17,0x4b,0x68,0x0d,0x02,0x42,0x40,0x16,0xf9,0xa3,0x00,0x26,
0xfa,0x01,0xfa,0x64,0x10,0x0c,0xc0,0x05,0x15,0xcf,0xa7,0x00,0x10,0x1f,0x55,0x0f,
0x15,0x6f,0xc0,0x0d,0x00,0xb5,0x85,0x05,0x9f,0x85,0x03,0x77,0xb1,0x14,0x0c,0x7f,
0x0d,0x02,0xb4,0xb2,0x14,0x07,0xa7,0x00,0x00,0xe5,0xfd,0x06,0x32,0xb2,0x25,0x00,
0x0e,0x82,0xf1,0x13,0x80,0xa3,0x00,0x12,0xf1,0x51,0x00,0x1a,0xe0,0x65,0x1a,0x01,
0xdc,0x14,0x09,0x16,0xcd,0x09,0x30,0xbb,0x05,0x66,0x55,0x05,0x97,0x01,0x1a,0x1f,
0xc4,0xf3,0x14,0x7f,0x30,0x29,0x02,0xe6,0x87,0x14,0xdf,0x60,0x02,0x10,0x2f,0xa7,
0x00,0x15,0x03,0xfe,0x46,0x01,0xd4,0xb4,0x06,0xbe,0xa8,0x01,0xb9,0x85,0x15,0x0e,
0x62,0x01,0x01,0xe2,0xb5,0x06,0x12,0xb6,0x00,0x46,0x00,0x15,0xe0,0x88,0x55,0x03,
0x9f,0x57,0x16,0x08,0xa1,0x97,0x0f,0x0b,0x00,0x03,0x0b,0x68,0x02,0x0f,0x01,0x00,
0x17,0x42,0x48,0xce,0xff,0xeb,0x25,0xe7,0x15,0x6e,0xd5,0x81,0x16,0x0a,0xa6,0xd2,
0x15,0xaf,0x53,0x03,0x10,0x04,0x14,0x02,0x11,0xbc,0x55,0x2d,0x11,0x0b,0xbc,0x57,
0x10,0x3e,0x74,0x01,0x11,0x0f,0x6a,0x01,0x10,0x05,0x2d,0x01,0x45,0x05,0x55,0x55,
0x51,0xbd,0xb3,0x04,0xfd,0x01,0x10,0x30,0x1d,0x31,0x32,0x79,0x9a,0xaa,0x0b,0x00,
0x15,0x6c,0xd6,0x2b,0x15,0x2d,0xe1,0x2b,0x06,0x4e,0x9f,0x01,0x02,0x91,0x21,0x93,
0x10,0x37,0x00,0x12,0x1f,0xdb,0x07,0x00,0x0b,0x00,0x12,0x6f,0x5e,0x02,0x03,0x28,
0x2c,0x16,0xb0,0x0b,0x00,0x12,0xe0,0x8a,0x1c,0x20,0x30,0x5f,0xba,0x01,0x23,0x02,
0x9f,0x37,0x00,0x3b,0xff,0xfd,0xef,0x48,0x2e,0x16,0x40,0x09,0x2c,0x12,0x60,0xcd,
0x02,0x21,0xf5,0x9f,0xe9,0x00,0x62,0x29,0xdf,0xfe,0xc7,0x10,0x5f,0x16,0x02,0x10,
0x08,0x3d,0x03,0x15,0x03,0x48,0x10,0x13,0x06,0x91,0xcd,0x06,0x77,0xb3,0x36,0xd4,
0x01,0x6f,0x89,0x08,0x17,0x9f,0x23,0xce,0x05,0xf9,0x2f,0x16,0x80,0xc7,0x10,0x47,
0xff,0xff,0xff,0xd5,0x65,0x01,0x3f,0x47,0x98,0x73,0xb8,0x03,0xff,0xe6,0x11,0xfe,
0x59,0x28,0x11,0x30,0x24,0x03,0x32,0xa3,0x01,0x4d,0x1d,0x03,0x16,0xef,0x48,0xe9,
0x16,0x3e,0xb2,0x06,0x20,0x02,0xaf,0xcf,0xd4,0x03,0x71,0x02,0x3f,0x58,0x98,0x74,
0xc3,0x03,0xff,0x1e,0x0f,0x4b,0x03,0xff,0xa8,0x1f,0x03,0x4b,0x03,0x0b,0x19,0x9f,
0xc2,0x2b,0x1a,0x06,0x95,0x33,0x3a,0x4f,0xff,0xf8,0xea,0x4a,0x1a,0xb0,0x69,0x0b,
0x1a,0x60,0x8d,0x5f,0x2a,0xa0,0x02,0x36,0x76,0x1a,0xfa,0x02,0x43,0x1b,0xfd,0xaa,
0x5f,0x08,0x4c,0x00,0x34,0xae,0xfe,0xb5,0x6f,0x03,0x17,0x72,0x6f,0x03,0x1f,0xa1,
0x6f,0x03,0x03,0x16,0xd0,0x6f,0x03,0x16,0xf6,0x6f,0x03,0x1f,0xfc,0x6f,0x03,0x03,
0x1f,0x20,0x6f,0x03,0x70,0x27,0x40,0x08,0xe7,0x01,0x02,0x6f,0x03,0x01,0x80,0xb9,
0x01,0xfc,0x02,0x20,0xd3,0x7f,0x54,0x00,0x00,0x6f,0x03,0x30,0xb6,0x00,0x6f,0x74,
0x33,0x04,0x35,0x13,0x15,0xb1,0x5d,0x03,0x16,0xfa,0x3b,0x2d,0x16,0xf1,0x3a,0x28,
0x16,0xd0,0x99,0x01,0x27,0xf2,0x03,0x26,0x35,0x16,0x10,0xff,0x42,0x16,0x40,0x45,
0x07,0x04,0x92,0x17,0x34,0x7c,0xff,0xc7,0x82,0x04,0x48,0x2c,0xcc,0xcc,0xc5,0xd2,
0x03,0x18,0xfa,0x09,0x02,0x18,0xfc,0xf5,0x13,0x18,0xfd,0x1e,0xed,0x28,0xfe,0x20,
0xc8,0x01,0x09,0x0e,0x3a,0x1f,0x40,0x55,0x05,0x11,0x54,0x49,0xce,0xff,0xec,0x95,
0x69,0x00,0x11,0xef,0xbf,0x19,0x12,0x70,0x90,0x00,0x06,0xa6,0x19,0x02,0x81,0xa1,
0x05,0x54,0xa1,0x17,0x1e,0xf1,0x10,0x01,0x12,0x02,0x41,0xfc,0x86,0x68,0xbf,0x74,
0x04,0x13,0x03,0x34,0x8a,0x11,0x3d,0xca,0x01,0x13,0xbf,0x1d,0x04,0x13,0x2f,0xdd,
0x28,0x14,0xf8,0xe5,0x02,0x15,0xe0,0xf0,0x91,0x00,0x3b,0x02,0x00,0xfb,0xa5,0x14,
0xd0,0x4c,0x03,0x29,0xf4,0x0d,0xab,0x02,0x09,0x6e,0x08,0x18,0x1f,0xb9,0x04,0x19,
0x02,0x93,0x7e,0x1f,0x2f,0x1b,0x00,0x07,0x19,0x1f,0x94,0x34,0x09,0x1b,0x00,0x19,
0x0f,0xe5,0x18,0x09,0x60,0xbf,0x14,0x0a,0x74,0x01,0x55,0x02,0xdd,0xdd,0xdd,0x30,
0x7d,0x92,0x13,0x4f,0x23,0x52,0x14,0x70,0x2d,0x05,0x03,0xf2,0x02,0x02,0x75,0x00,
0x11,0xa0,0x34,0x52,0x12,0x30,0x4e,0x1e,0x12,0xf4,0x00,0x02,0x32,0xb7,0x56,0x7b,
0x67,0x0d,0x06,0xce,0x02,0x10,0xfe,0xdf,0xa2,0x06,0xdc,0x02,0x04,0x6d,0x8b,0x02,
0x70,0xf1,0x06,0xcb,0x67,0x14,0xe7,0xb2,0x15,0x46,0x9c,0xef,0xfe,0xc9,0xdf,0x05,
0x06,0x95,0xb4,0x16,0x03,0xf2,0x15,0x04,0x0b,0x92,0x08,0xd2,0x17,0x15,0x2f,0x3c,
0x01,0x15,0x0b,0xda,0x00,0x4f,0x03,0xcc,0xcc,0xa0,0x11,0x7a,0x09,0x51,0x7b,0xdf,
0xfe,0xc8,0x20,0xf1,0x7c,0x05,0xf3,0x03,0x15,0x1d,0xf9,0x01,0x15,0x1d,0xf6,0x01,
0x05,0x97,0x26,0x01,0x1c,0x8f,0x30,0xd5,0x22,0x5d,0xd0,0x01,0x02,0xc7,0x01,0x12,
0x1d,0xf5,0x77,0x12,0xf4,0x7f,0x23,0x12,0xa3,0x5b,0x04,0x00,0xa6,0x14,0x13,0x6f,
0x17,0x94,0x25,0x11,0x11,0xa2,0x92,0x06,0x9f,0xbe,0x09,0x61,0x73,0x01,0x0e,0x06,
0x0c,0xfa,0x02,0x03,0xe2,0xbe,0x42,0x07,0x77,0x77,0x50,0x4b,0x03,0x00,0xcb,0x1a,
0x02,0xa6,0x01,0x00,0x68,0x01,0x83,0x80,0x3f,0xff,0xff,0xfd,0x52,0x25,0xcf,0x5e,
0xb6,0x03,0xdc,0x0e,0x25,0x01,0xef,0xb0,0x04,0x25,0x01,0xdf,0x7c,0x01,0x26,0x01,
0x9f,0xde,0xf1,0x56,0x17,0xbd,0xff,0xec,0x82,0x5c,0x2f,0x28,0xfe,0x20,0x69,0x2f,
0x06,0x0e,0x00,0x17,0x09,0x9b,0x8d,0x00,0x0d,0x00,0x14,0xae,0x0e,0x00,0x00,0x0b,
0x01,0x24,0x90,0x2d,0x0e,0x00,0x10,0x0a,0x73,0x01,0x13,0x1d,0x0e,0x00,0x9f,0x02,
0x88,0x88,0x50,0x00,0x00,0x17,0x88,0x86,0x85,0x03,0xff,0xbe,0x00,0x6b,0x8c,0x16,
0xc0,0x26,0x8f,0x16,0xd1,0x8a,0x8f,0x13,0xd2,0x2d,0x06,0x21,0xd4,0xdf,0xa4,0x01,
0x10,0x07,0xa1,0x17,0x10,0xcf,0x0a,0x16,0x88,0x06,0xee,0xee,0x90,0x00,0x00,0xae,
0xee,0x8b,0x83,0x0f,0x85,0x03,0xfe,0x04,0x7f,0x08,0x19,0xd7,0xab,0x08,0x19,0xf7,
0xd0,0x27,0x09,0x0d,0x37,0x19,0xfd,0xf1,0x49,0x17,0x80,0xc2,0x84,0x1e,0xfe,0x77,
0x4b,0x0f,0x0a,0x07,0xff,0xbf,0x3d,0x5d,0xfd,0x50,0xf9,0x08,0x16,0x0a,0xbd,0x29,
0x15,0xaf,0x31,0x01,0x16,0x04,0xa5,0x0c,0x3e,0x05,0xce,0xc4,0x1b,0x81,0x0f,0x85,
0x03,0xfd,0x11,0x04,0xbd,0x1a,0x13,0x9f,0x68,0x0a,0x01,0x0e,0x00,0x13,0x9f,0x71,
0x4d,0x00,0x76,0x03,0x25,0xf3,0x9f,0xfd,0x06,0x18,0x06,0x82,0x97,0x02,0x86,0xc3,
0x18,0x20,0x40,0x07,0x08,0xae,0x3f,0x2f,0xfe,0x30,0x85,0x03,0x23,0x29,0xff,0x91,
0x85,0x03,0x19,0xe4,0x85,0x03,0x19,0xf5,0x85,0x03,0x14,0xf3,0x85,0x03,0x22,0x67,
0xbf,0xf2,0xcf,0x03,0x30,0x00,0x14,0x1c,0xeb,0x0b,0x13,0xf3,0x32,0x0e,0x16,0xfb,
0x85,0x03,0x13,0x7f,0x1d,0xb4,0x15,0x20,0x52,0x09,0x04,0x85,0x03,0x00,0x62,0x01,
0x1f,0x72,0x85,0x03,0x6f,0x00,0x28,0x02,0x16,0x10,0x85,0x03,0x00,0xf3,0x01,0x04,
0x85,0x03,0x00,0x58,0x02,0x15,0xf1,0x85,0x03,0x01,0xa6,0x9d,0x04,0x85,0x03,0x01,
0x6a,0x0e,0x05,0x85,0x03,0x00,0xc4,0x1c,0x04,0x85,0x03,0x12,0x8c,0x0d,0x0e,0x07,
0x85,0x03,0x1f,0x10,0x85,0x03,0x06,0x1f,0x20,0x85,0x03,0x04,0x23,0xc8,0x40,0x19,
0x00,0x11,0xfc,0xe7,0x02,0x11,0x90,0xa1,0xfa,0x00,0x0a,0x00,0x11,0x80,0x95,0x00,
0x23,0xfc,0x2d,0xd7,0x00,0x16,0x4f,0x0f,0x6d,0x16,0x3e,0x0f,0x02,0x18,0x2e,0x6c,
0xc1,0x0f,0x85,0x03,0xff,0x04,0x93,0x06,0x88,0x88,0x30,0x00,0x00,0x68,0x88,0x85,
0x3b,0x01,0x32,0x30,0x00,0x8f,0x8f,0x03,0x00,0x79,0x00,0x14,0x30,0x0c,0x00,0x00,
0x0d,0x00,0x15,0xaf,0x0f,0x0e,0x18,0x3f,0x32,0x98,0x18,0x3f,0x34,0x0e,0x1f,0x3f,
0xac,0x26,0x0e,0x02,0xea,0x85,0x21,0xed,0xa7,0x6d,0x01,0x04,0xd6,0x85,0x17,0xb3,
0xc4,0x9b,0x01,0xa0,0x00,0x17,0x3f,0xd8,0xe9,0x18,0x03,0xe5,0xe9,0x00,0x05,0xc1,
0x31,0x44,0x56,0x8d,0xe5,0x00,0x03,0x96,0x0c,0x00,0x54,0xfc,0x10,0xf6,0x19,0x00,
0x14,0xf3,0xfa,0xc8,0x04,0xaf,0x0c,0x10,0x06,0xf5,0x02,0x03,0x19,0x00,0x01,0x00,
0xcd,0x17,0x03,0xc3,0xe4,0x14,0xf1,0x19,0x00,0x00,0x15,0x00,0x14,0x53,0x19,0x00,
0x00,0x1a,0x03,0x04,0x19,0x00,0x00,0x19,0x03,0x14,0x93,0x19,0x00,0x12,0x0d,0x71,
0xb6,0x14,0xf3,0x05,0x0d,0x17,0xb3,0x19,0x00,0x18,0xfb,0x19,0x00,0x14,0xa3,0x19,
0x00,0x12,0x0e,0x49,0xb1,0x14,0xf3,0x7f,0x03,0x13,0x73,0x19,0x00,0x00,0xab,0x00,
0x14,0xf5,0x19,0x00,0x00,0x22,0x10,0x14,0x13,0x19,0x00,0x00,0xbe,0x9a,0x03,0x19,
0x00,0x00,0xc7,0x0f,0x26,0xf6,0x03,0xf4,0x9d,0x14,0xfe,0xe1,0x00,0x14,0x5f,0xb5,
0x5f,0x41,0x64,0x44,0x58,0xdf,0x7c,0x04,0x17,0x3f,0x1b,0x08,0x18,0x03,0xf3,0x28,
0x05,0x19,0x00,0x16,0xa1,0x5e,0x01,0x25,0xfc,0x40,0x5e,0x01,0x2b,0xdb,0x72,0x0c,
0x5a,0x5f,0xf5,0x00,0x5f,0xff,0xf3,0x0f,0x00,0x0a,0x18,0xf1,0x0f,0x00,0x38,0x7f,
0xff,0xf0,0x0f,0x00,0x37,0xbf,0xff,0xa0,0x0f,0x00,0x16,0x01,0x15,0x10,0x00,0x0f,
0x00,0x38,0x09,0xff,0xfc,0x69,0x00,0x39,0x06,0xef,0xf3,0x78,0x00,0x20,0x08,0x60,
0x21,0x03,0x44,0x7c,0xef,0xeb,0x60,0x78,0xcc,0x02,0x0b,0x12,0x11,0xfd,0x9c,0x99,
0x06,0xbe,0x6f,0x14,0xee,0x0f,0x00,0x1a,0x4f,0x54,0xe6,0x19,0xef,0x0f,0x00,0x00,
0xf7,0x01,0x34,0xe6,0x22,0x5b,0x0f,0x00,0x12,0x0c,0xfd,0x02,0x13,0x9f,0x0f,0x00,
0x02,0x70,0x98,0x02,0xa1,0xcc,0x06,0xc7,0x13,0x04,0x78,0x00,0x03,0xe9,0x11,0x04,
0x0f,0x00,0x01,0x81,0xcc,0x09,0x0f,0x00,0x1f,0xa0,0x0f,0x00,0x07,0x1a,0x7f,0x0f,
0x00,0x03,0xf8,0x03,0x04,0x0f,0x00,0x03,0xc8,0x03,0x04,0x0f,0x00,0x02,0xb5,0x12,
0x05,0x87,0x00,0x12,0x0c,0x1e,0x05,0x19,0x9f,0xc3,0x00,0x15,0x4b,0xe1,0x00,0x05,
0x99,0x1d,0x0e,0xff,0x00,0x05,0x5f,0x14,0x15,0xfb,0x3b,0x01,0x10,0x5e,0x3b,0x01,
0x15,0x36,0x0f,0x00,0x01,0x59,0x01,0x15,0x04,0x0f,0x00,0x01,0x05,0x04,0x05,0xde,
0x08,0x14,0x09,0x77,0x1d,0x17,0x10,0x87,0x19,0x04,0xe6,0x15,0x19,0x09,0x9a,0x9c,
0x07,0x06,0xa7,0x13,0x90,0x1f,0x10,0x34,0x44,0x45,0x6a,0x99,0x72,0x02,0xf2,0xa2,
0x13,0x01,0xae,0x9f,0x00,0x1d,0x00,0x03,0x23,0x01,0x15,0xf9,0x1d,0x00,0x01,0x3d,
0x15,0x16,0xf1,0x1d,0x00,0x15,0x03,0xa8,0xca,0x16,0xe0,0xad,0xa3,0x04,0x1d,0x00,
0x00,0x17,0x00,0x16,0xf0,0x1d,0x00,0x02,0x3a,0x07,0x05,0x1d,0x00,0x16,0x4f,0xe1,
0xf9,0x12,0xf9,0x49,0x00,0x16,0x47,0x9b,0x00,0x12,0x3f,0xad,0xe7,0x07,0x1d,0x00,
0x19,0x57,0x1d,0x00,0x16,0xf4,0x57,0x00,0x11,0x04,0x54,0x05,0x05,0x57,0x00,0x02,
0xf6,0xa0,0x04,0x1d,0x00,0x01,0x6d,0x0a,0x06,0x1d,0x00,0x02,0x20,0xa4,0x04,0x1d,
0x00,0x02,0x8f,0xc5,0x04,0x1d,0x00,0x02,0x4d,0xa2,0x04,0x1d,0x00,0x12,0x08,0x18,
0x17,0x03,0x1d,0x00,0x12,0x19,0x17,0x17,0x00,0x1d,0x00,0x43,0xe4,0x44,0x46,0xae,
0x16,0x17,0x17,0x09,0x00,0xbb,0x08,0x5c,0x01,0x19,0xf9,0x79,0x01,0x19,0xf6,0x96,
0x01,0x17,0x91,0xb3,0x01,0x2d,0xec,0xa5,0xbf,0x03,0x07,0x79,0x17,0x17,0x50,0x4d,
0xd1,0x03,0x41,0x16,0x17,0x4f,0x4d,0x2c,0x0f,0x19,0x00,0x06,0x0f,0x4b,0x00,0x06,
0x07,0x19,0x00,0x44,0x17,0xce,0xfe,0xb6,0x19,0x00,0x08,0xa6,0x03,0x11,0x7f,0x59,
0x02,0x15,0xef,0x28,0x78,0x04,0xa2,0x02,0x17,0x0e,0x06,0x15,0x09,0x9c,0x03,0x11,
0xcf,0x5e,0x07,0x11,0x09,0x19,0x00,0x08,0x97,0x03,0x01,0xa2,0x0c,0x04,0x7d,0x00,
0x08,0x92,0x03,0x13,0x08,0x84,0x26,0x01,0x19,0x00,0x08,0x7e,0x03,0x04,0x45,0x07,
0x01,0x19,0x00,0x08,0x88,0x03,0x04,0x49,0x07,0x01,0x19,0x00,0x09,0x83,0x03,0x03,
0xb7,0x02,0x01,0xaf,0x00,0x09,0x7e,0x03,0x00,0xd3,0xa1,0x32,0x62,0x24,0xbf,0x04,
0x03,0x08,0x79,0x03,0x18,0x04,0xb5,0x17,0x09,0x74,0x03,0x20,0x05,0xef,0xd1,0x15,
0x12,0x6f,0x13,0x01,0x09,0x6f,0x03,0x12,0x7a,0x45,0x1e,0x16,0xa0,0xca,0x4a,0x1f,
0xf1,0x0b,0x00,0x06,0x0f,0x01,0x00,0x0c,0x16,0x3f,0x4b,0x21,0x0f,0x0b,0x00,0x1c,
0x12,0xf7,0xe5,0x3e,0x26,0x43,0x3f,0x9f,0x0c,0x0f,0x0b,0x00,0x32,0x04,0xb1,0x02,
0x0f,0x0b,0x00,0x1c,0x21,0xf5,0x11,0x01,0x00,0x1f,0x00,0x8f,0x00,0x3d,0x16,0xf6,
0xe7,0x00,0x04,0xee,0x06,0x0f,0x0b,0x00,0x19,0x26,0x00,0x0b,0x18,0x41,0x0f,0x0b,
0x00,0x03,0x13,0x07,0x13,0x20,0x0f,0xce,0x6c,0x1e,0x52,0x05,0xad,0xff,0xec,0x94,
0x0a,0x00,0x01,0x51,0x02,0x17,0xc3,0xd5,0x03,0x16,0x50,0xee,0x03,0x15,0xf4,0xd5,
0xf2,0x00,0x8f,0x02,0x00,0xe2,0xa4,0x20,0x31,0x38,0x74,0x0b,0x03,0x2a,0xca,0x00,
0x95,0x1b,0x12,0x0c,0x21,0x04,0x00,0x43,0xf3,0x03,0xce,0xd2,0x00,0x1e,0x67,0x12,
0x4f,0xc9,0x40,0x56,0x49,0xff,0xff,0xf8,0x6f,0x57,0x04,0x16,0x6f,0x84,0x1a,0x16,
0x7f,0x0b,0x00,0x07,0x16,0x00,0x16,0x4f,0x66,0x38,0x16,0x1f,0x4a,0x01,0x04,0x34,
0xa9,0x25,0x02,0x30,0xcc,0x5b,0x21,0x3e,0xe2,0x54,0x19,0x40,0xfd,0x62,0x12,0x5a,
0x9a,0x00,0x2e,0x6f,0xff,0x65,0x31,0x15,0x70,0xa6,0x62,0x13,0xf7,0x05,0x6e,0x13,
0xff,0x49,0x4e,0x62,0x03,0x8c,0xef,0xfe,0xc8,0x30,0xa6,0x18,0x10,0xb0,0x5f,0x03,
0x11,0xf0,0xfd,0x00,0x10,0xe1,0x10,0x00,0x11,0xe0,0x7f,0x04,0x32,0xfc,0x30,0x29,
0x68,0x00,0x03,0x19,0x1b,0x04,0xe1,0xa5,0x04,0x89,0x04,0x10,0x1a,0x4c,0x00,0x13,
0x30,0x4d,0x6e,0x3f,0x89,0x86,0x20,0x18,0x03,0xff,0x5d,0x31,0x0a,0xff,0xfc,0xf0,
0x04,0x11,0x10,0x87,0x09,0x31,0x92,0x01,0x5e,0xd6,0x06,0x17,0x01,0xe5,0xef,0x25,
0x5f,0xff,0xdc,0x55,0x20,0x03,0xbf,0xe2,0x05,0x03,0x90,0x0e,0x3f,0x68,0x98,0x73,
0x23,0x03,0xff,0x1d,0x00,0x08,0x55,0x17,0xd7,0xdd,0x0f,0x16,0x60,0x1b,0x0e,0x1e,
0xb0,0x0b,0x00,0x16,0x2f,0x9e,0x07,0x3f,0x03,0xbe,0xc6,0x3b,0x06,0xff,0x69,0x00,
0x0a,0x16,0x26,0xfd,0x70,0x87,0x11,0x1e,0xf6,0x51,0x1d,0x07,0x0b,0x00,0x17,0x01,
0x9a,0x11,0x3f,0x3b,0xec,0x60,0x23,0x03,0xff,0x1b,0x0f,0xcb,0x02,0xff,0x52,0x00,
0xb7,0x0d,0x25,0xf9,0x10,0x6b,0x15,0x15,0x50,0x36,0x14,0x07,0x09,0xd2,0x16,0xf3,
0xf5,0x23,0x36,0xf7,0x01,0x10,0x0e,0x7f,0x1d,0x70,0x1a,0x24,0x17,0x06,0x8b,0x63,
0x41,0x3b,0xef,0xda,0x30,0xe5,0x04,0x05,0xcb,0x02,0x16,0x04,0xcb,0x02,0x1d,0x8f,
0x87,0x29,0x16,0xf3,0x49,0x0c,0x11,0xfd,0x8c,0x0b,0x34,0xf8,0x31,0x39,0xb7,0x65,
0x02,0x63,0x62,0x00,0xa6,0x64,0x13,0xfa,0x69,0x43,0x03,0x1f,0xdc,0x12,0x09,0x5f,
0x11,0x13,0xf0,0x5c,0x38,0x06,0x4d,0x6b,0x08,0xd6,0x02,0x0f,0xcb,0x02,0x03,0x00,
0x5b,0xad,0x06,0x3f,0x01,0x16,0xf1,0x2e,0x15,0x17,0xf8,0x97,0x28,0x10,0x20,0x2f,
0x03,0x32,0xa0,0x00,0x04,0xf3,0x15,0x32,0x01,0xaf,0xf8,0x17,0x64,0x21,0xc8,0x79,
0x8e,0xb0,0x15,0x2f,0x81,0x3b,0x06,0x30,0x0c,0x12,0x40,0x9e,0x19,0x04,0x21,0x9f,
0x17,0x8e,0xdc,0xe4,0x24,0x47,0xcf,0x81,0x18,0x00,0xe0,0x00,0x16,0xd1,0x56,0x23,
0x16,0x40,0xdd,0x16,0x16,0x10,0x0e,0x1e,0x26,0x60,0x31,0x01,0x17,0x16,0xf6,0xf5,
0x15,0x16,0xf8,0x48,0x5f,0x15,0xfb,0x3b,0x77,0x01,0xdf,0x13,0x11,0x04,0x1b,0x1e,
0x31,0x38,0x88,0x87,0x7d,0x0f,0x35,0xf7,0x00,0x04,0x6f,0xf7,0x25,0x80,0x4f,0x5c,
0x81,0x14,0xfa,0x0e,0x24,0x17,0x0c,0xa9,0x3e,0x16,0xcf,0xcf,0x9f,0x1e,0x0c,0x53,
0x17,0x0f,0x5c,0x06,0xff,0x59,0x10,0x4f,0xbf,0x12,0x11,0x0a,0xac,0x0f,0x21,0x03,
0xef,0x6b,0xf5,0x12,0xfa,0xdc,0x16,0x23,0xfe,0x2a,0x98,0x11,0x26,0x02,0xdf,0x4f,
0xad,0x01,0xc9,0xac,0x05,0x3d,0x1e,0x1f,0xf4,0x7f,0x09,0xff,0x1e,0x00,0x44,0x03,
0x1d,0xf4,0x51,0xe3,0x05,0x9d,0x18,0x16,0xf4,0x81,0x1a,0x15,0xbd,0x2a,0x03,0x53,
0x8f,0xff,0xfb,0x01,0xcf,0x9d,0x00,0x10,0x08,0xf7,0x04,0x13,0x0c,0x1b,0x00,0x11,
0x18,0x92,0x21,0x3f,0x78,0x88,0x70,0x70,0x2a,0x10,0x03,0x12,0x17,0x02,0x75,0xac,
0x03,0xa8,0x15,0x27,0x00,0x1b,0x14,0x12,0x06,0x9d,0x31,0x18,0xa0,0x42,0x28,0x12,
0xf7,0x38,0x05,0x40,0xd8,0x54,0x59,0xef,0x9c,0x04,0x04,0x0e,0x04,0x10,0x0a,0x18,
0x01,0x13,0x09,0x46,0x1a,0x00,0xcc,0x03,0x24,0xe0,0x0e,0xc6,0x1e,0x00,0x9e,0x02,
0x05,0x22,0xe4,0x00,0xd5,0x28,0x14,0x8f,0xeb,0x04,0x49,0x03,0x44,0x44,0x42,0x51,
0xe4,0x03,0x12,0xb7,0x0e,0xac,0x1d,0x02,0xef,0xae,0x0a,0x0d,0x00,0x12,0x0c,0x65,
0x05,0x0f,0x0d,0x00,0x07,0x17,0xef,0xbb,0x00,0x12,0xf8,0x5b,0x00,0x30,0x09,0xdd,
0xdd,0xd6,0x05,0x05,0x75,0x00,0x00,0x6b,0xb7,0x14,0x8f,0xa7,0x28,0x12,0x0e,0xe3,
0xb3,0x15,0xf7,0x0d,0x00,0x14,0x0e,0x8a,0x13,0x13,0x0e,0xee,0x40,0x14,0xa0,0x0d,
0x00,0x10,0x01,0x2d,0x02,0x12,0x10,0x83,0x06,0x02,0xe0,0x41,0x41,0xfa,0x64,0x45,
0x8d,0x0c,0x01,0x18,0x0b,0x4f,0xbb,0x07,0xc1,0x5a,0x17,0x90,0x66,0x13,0x11,0xe6,
0x9c,0x06,0x03,0x71,0x41,0x02,0x6f,0x05,0x65,0x27,0xbd,0xff,0xfe,0xca,0x73,0xfb,
0x01,0x17,0xf4,0x9f,0x23,0x16,0x50,0x74,0x27,0x14,0xf6,0xf5,0xb0,0x12,0x69,0x6a,
0x01,0x21,0x02,0xdf,0xbd,0x8c,0x10,0xf9,0x89,0x03,0x7f,0xee,0xed,0x20,0x00,0x04,
0xee,0xee,0x78,0x6e,0x13,0x42,0x5a,0xdf,0xfd,0x94,0x5d,0xb5,0x11,0x3d,0x5c,0xb1,
0x06,0x33,0x69,0x10,0xfe,0x0b,0x00,0x16,0x2f,0x46,0x33,0x15,0xcf,0x0b,0x00,0x10,
0x04,0x1a,0x02,0x32,0x32,0x38,0xff,0x10,0x1a,0x21,0xff,0x50,0xae,0x1c,0x22,0xfb,
0x0f,0x11,0x07,0x16,0x08,0x97,0x18,0x00,0x0b,0x00,0x12,0x5f,0x49,0x03,0x16,0x08,
0x90,0x1a,0x12,0x08,0x95,0x68,0x1e,0xb0,0x0b,0x00,0x07,0x21,0x00,0x05,0xcb,0x2f,
0x01,0xb1,0xce,0x03,0xcd,0x03,0x00,0x63,0x00,0x13,0xf9,0x0b,0x00,0x12,0x0a,0x22,
0x03,0x13,0x2e,0x8f,0x00,0x31,0xf8,0x31,0x37,0xa5,0x00,0x05,0x67,0x01,0x09,0xbb,
0x00,0x16,0x03,0xd1,0x00,0x02,0xe7,0x00,0x11,0x78,0xc9,0x03,0x00,0xfd,0x00,0x26,
0x82,0x08,0xbb,0x06,0x11,0x0b,0x5f,0x00,0x15,0x40,0xc4,0x1c,0x11,0x02,0x6c,0x1a,
0x10,0xbf,0x80,0x00,0x61,0x0d,0xff,0xf7,0x20,0x00,0x4c,0x28,0x2b,0x12,0x8f,0xc0,
0xfa,0x00,0x6b,0x03,0x16,0xdf,0xe0,0x01,0x17,0x1c,0x0a,0xb6,0x15,0x6e,0x5c,0x1a,
0x44,0x00,0x00,0x59,0xdf,0x63,0x2a,0x11,0x03,0x0c,0x07,0x33,0x88,0x88,0x20,0xe1,
0x03,0x15,0x10,0xa4,0x30,0x13,0x02,0xbc,0x03,0x13,0x10,0x00,0x07,0x34,0xfe,0xaa,
0xef,0x9b,0x1b,0x14,0x2f,0x7b,0x21,0x05,0xc2,0x45,0x05,0x25,0x5f,0x4e,0x05,0xbe,
0xff,0xea,0x5f,0x34,0x0f,0xe3,0x03,0xff,0x9b,0x00,0xcf,0x05,0x03,0xab,0x32,0x00,
0x75,0x03,0x01,0x30,0xca,0x12,0x20,0x07,0x6c,0x22,0xaa,0xef,0x13,0x0b,0x16,0x4f,
0x6d,0x5b,0x26,0x04,0xef,0x36,0x22,0x1e,0x06,0xfd,0x01,0x0f,0xe3,0x03,0xff,0x71,
0x00,0x74,0x19,0x28,0xdd,0x80,0x6e,0x55,0x19,0xfa,0x24,0x21,0x0e,0x0d,0x00,0x03,
0x0b,0x03,0x07,0x81,0x21,0x3e,0x2b,0xee,0x91,0xf9,0x35,0x0f,0xc6,0x07,0xff,0xac,
0x3e,0x2b,0xee,0x90,0xeb,0x01,0x06,0xab,0xeb,0x08,0x0b,0x00,0x26,0x00,0xdf,0xdd,
0x4b,0x4f,0x1a,0xed,0x80,0x00,0xe3,0x03,0xff,0x81,0x0f,0x6e,0x03,0xff,0x8e,0x0b,
0xa9,0x4e,0x29,0x88,0x87,0xff,0x71,0x18,0x00,0xb0,0x27,0x08,0x1b,0x44,0x18,0xfc,
0xd4,0x1e,0x09,0x21,0x55,0x18,0xf4,0x69,0x36,0x18,0xe0,0xbf,0x26,0x07,0x42,0x15,
0x28,0x6e,0xfc,0xd6,0x25,0x18,0x81,0xe2,0x0e,0x16,0x10,0xc1,0x46,0x17,0xe7,0xbf,
0x34,0x16,0x70,0x09,0x33,0x15,0x10,0x57,0x17,0x17,0xfb,0x59,0xb3,0x06,0x85,0x33,
0x17,0xf5,0x08,0x7d,0x06,0x0b,0x00,0x2e,0xf3,0x00,0x0b,0x00,0x3f,0x48,0x88,0x81,
0x34,0x04,0xff,0x81,0x00,0x87,0x02,0x19,0x84,0xa9,0x77,0x19,0xf5,0xb6,0x77,0x19,
0xf5,0x09,0x7f,0x07,0xa7,0x53,0x15,0xc1,0xb5,0x53,0x10,0x07,0x81,0x00,0x04,0x0e,
0x00,0x11,0x06,0x3a,0x01,0x1f,0xaf,0x66,0x11,0x0c,0x06,0x3d,0x33,0x00,0x7b,0x22,
0x05,0x1c,0x12,0x00,0x17,0x00,0x1f,0x43,0x1b,0x00,0x84,0x06,0x01,0x00,0x19,0x43,
0x00,0x6a,0x0f,0x1b,0x00,0x19,0x02,0x62,0x69,0x1f,0x6f,0xf3,0x00,0x95,0x06,0x1b,
0x00,0x11,0x40,0x16,0x29,0x16,0x82,0x95,0x2e,0x16,0xe3,0xfc,0x15,0x14,0xf4,0xf0,
0x0f,0x12,0xdf,0x2d,0x02,0x11,0x2e,0x69,0xd7,0x11,0xf6,0x3b,0x29,0x10,0xfe,0x3b,
0x29,0x10,0xf7,0x3c,0x00,0x7f,0x87,0x10,0x00,0x00,0x58,0x88,0x71,0x0f,0x02,0x03,
0x05,0x6e,0x3a,0x04,0xaf,0xf3,0x0f,0x15,0x00,0x3f,0x51,0x05,0xae,0xfe,0xd9,0x20,
0x15,0x00,0x11,0x2c,0x56,0x3b,0x00,0x15,0x00,0x12,0x9e,0x61,0x3b,0x19,0x0c,0x25,
0x60,0x03,0x2a,0x07,0x10,0x0c,0x75,0x2b,0x01,0x4f,0x04,0x12,0xe0,0x93,0x23,0x12,
0x07,0x33,0x52,0x13,0xf7,0x77,0x13,0x02,0x69,0x00,0x00,0xcd,0x06,0x16,0x4c,0xa6,
0x23,0x06,0x15,0x00,0x1f,0x5c,0x15,0x00,0x75,0x01,0x73,0x29,0x05,0x86,0x07,0x2f,
0x90,0x00,0x10,0x00,0x2d,0x10,0x3c,0xaf,0xf1,0x11,0xcc,0x01,0x00,0x00,0x71,0x25,
0x2b,0xc2,0x5f,0xf7,0x6c,0x0f,0x10,0x00,0x0d,0x0f,0x90,0x00,0x31,0x07,0xd5,0x6e,
0x0f,0x10,0x00,0x32,0x12,0xfb,0x8e,0x16,0x1e,0xef,0x20,0x01,0x0f,0x10,0x00,0xb0,
0x01,0x18,0xf6,0x08,0xdd,0x0d,0x17,0x10,0x4b,0x1f,0x18,0xf1,0xa3,0xf3,0x03,0x3d,
0x09,0x17,0x2f,0x3c,0xf0,0x0f,0x19,0x00,0x01,0x1e,0xfd,0x4b,0x00,0x0e,0x64,0x00,
0x44,0x17,0xce,0xfe,0xb7,0x19,0x00,0x13,0x5e,0x1c,0xcd,0x00,0x19,0x00,0x14,0x8f,
0xe7,0x2e,0x17,0x2f,0x5e,0x1b,0x18,0x02,0x44,0x30,0x10,0x2f,0xb9,0x9c,0x21,0x22,
0x4c,0xa4,0x03,0x15,0x02,0xa6,0x0a,0x15,0xfc,0x64,0x00,0x01,0xfc,0x26,0x03,0x7d,
0x00,0x00,0x65,0x07,0x05,0x19,0x00,0x01,0xe0,0x1a,0x03,0x19,0x00,0x1f,0x03,0x19,
0x00,0x94,0x30,0x19,0xef,0xc5,0x11,0x00,0x94,0x70,0x1e,0xff,0xff,0xfd,0x51,0x1b,
0xff,0xf5,0x8b,0x04,0x14,0x13,0xa0,0x02,0x40,0x8f,0xff,0x80,0x06,0x03,0x2d,0x10,
0x09,0xb1,0x08,0x1e,0x7c,0x76,0x0d,0x09,0xaf,0x3c,0x13,0xcf,0xca,0x0a,0x0f,0x11,
0x00,0xeb,0xa0,0x04,0xcf,0xe9,0x20,0x00,0x08,0xff,0xf1,0x00,0x6f,0x6c,0xbb,0x44,
0x3e,0xff,0xf0,0x02,0xf0,0x0c,0x03,0xaa,0x30,0x00,0x14,0x40,0x30,0xf3,0x02,0x9f,
0x24,0x05,0x7f,0x0f,0xff,0x90,0x00,0x02,0xad,0xec,0xac,0x3d,0x0c,0x05,0xeb,0x02,
0x0f,0x09,0x00,0xba,0x12,0x9a,0xb9,0x27,0x13,0x8f,0xef,0x03,0x03,0x1c,0x01,0x1e,
0xef,0x3a,0xf4,0x0e,0x6d,0x02,0x06,0x6d,0x01,0x0f,0x0f,0x00,0xcd,0x13,0x5f,0x27,
0x1f,0x0c,0x08,0x00,0x12,0x3a,0x3d,0x01,0x0f,0xe7,0x89,0x10,0x04,0x1b,0x05,0x0f,
0x08,0x00,0xa3,0x01,0x53,0x08,0x32,0xaf,0xff,0xdd,0xca,0xcb,0x93,0xfb,0x8f,0xff,
0xfa,0x20,0x2b,0xff,0xff,0x61,0x49,0x1c,0x13,0x04,0x0e,0x34,0x23,0x02,0xbf,0x20,
0x34,0x3b,0x26,0x89,0x85,0x1b,0x84,0x1f,0xa0,0x34,0x02,0xd7,0x01,0x0c,0x32,0x10,
0x0f,0x2c,0x33,0x10,0xf6,0x0d,0x00,0x75,0xf5,0x0e,0xff,0xff,0x61,0x15,0xef,0xfe,
0xea,0x12,0x80,0x3c,0x1e,0x12,0xfa,0x5b,0x37,0x01,0xde,0x3a,0x4f,0x04,0x78,0x97,
0x40,0x34,0x02,0xbf,0x02,0x0f,0x01,0x0f,0x05,0x00,0x83,0x01,0x10,0x10,0x50,0x9f,
0xff,0xf8,0x00,0x08,0xd5,0x0c,0x30,0x1f,0xff,0xf7,0x51,0x08,0x13,0xf3,0xb2,0x23,
0x10,0x6f,0x2b,0x0f,0x01,0xa6,0x23,0x02,0xa0,0x23,0x10,0x4b,0x9a,0x23,0x42,0x03,
0xcf,0xe9,0x10,0xd0,0x81,0x01,0x51,0x12,0x10,0x9f,0xa5,0x08,0x10,0x6f,0xbc,0x07,
0x11,0x0a,0x65,0x10,0x2b,0x47,0x62,0x4e,0x8e,0x1f,0xf0,0x05,0x00,0x5c,0x00,0xcc,
0x10,0x60,0x02,0xdf,0xff,0xe4,0x00,0x0d,0x80,0x36,0x12,0x8f,0x1f,0x47,0x01,0x66,
0x50,0x21,0xe1,0x03,0x0c,0x10,0x11,0x00,0x4d,0xfd,0x11,0x0c,0xdc,0x2f,0x82,0x7d,
0xfe,0xc7,0x10,0x06,0xdf,0xc4,0x05,0x1a,0x60,0x12,0x7b,0x0b,0x24,0x37,0x20,0x6c,
0xeb,0x1c,0xfe,0x4f,0xac,0xff,0xff,0xfa,0x07,0x00,0x56,0x00,0x31,0x02,0x0f,0x04,
0x00,0x49,0x04,0x24,0x08,0x04,0xba,0x06,0x0f,0x10,0x00,0xff,0x43,0x48,0x3c,0xcc,
0xcc,0xc2,0x10,0x00,0x02,0x4e,0x34,0x01,0x23,0x26,0x01,0x10,0x00,0x03,0xee,0x3b,
0x00,0xfd,0xd8,0x01,0x10,0x00,0x00,0xb4,0xdc,0x02,0xd5,0xe7,0x02,0xa0,0x01,0x00,
0x82,0x15,0x30,0xe8,0x44,0x7e,0x78,0x03,0x14,0xcf,0xf5,0xcf,0x06,0x90,0x0f,0x16,
0xa0,0x5f,0x23,0x13,0xf6,0x70,0x05,0x15,0x07,0xa5,0x4b,0x03,0x90,0x00,0x23,0x3c,
0xff,0xa0,0x23,0x04,0xa0,0x00,0x71,0x38,0xce,0xff,0xec,0x83,0x00,0x00,0xbd,0x03,
0x00,0xd3,0xd0,0x12,0xd5,0x5c,0x85,0x00,0x00,0x70,0x01,0x17,0x16,0x00,0x6b,0x16,
0x10,0xb9,0x89,0x0c,0x00,0xa6,0x00,0x11,0xfc,0xcf,0x03,0x01,0x2f,0x0d,0x00,0xaa,
0x5b,0x00,0x52,0x24,0x12,0xd1,0xd8,0x03,0x2e,0x01,0x57,0xc9,0x1c,0x04,0x76,0x0c,
0x14,0x09,0x8b,0x23,0x00,0x13,0x04,0x1f,0xa4,0x13,0x00,0xbd,0x14,0xa0,0x95,0x16,
0x15,0xf9,0xd9,0x21,0x14,0x90,0x33,0x17,0x10,0xf7,0x1a,0x01,0x23,0x32,0x4c,0x17,
0x12,0x12,0x6f,0x5c,0xdc,0x03,0x21,0x14,0x14,0xf8,0x6f,0x49,0x14,0xfc,0x34,0x14,
0x21,0xfb,0x10,0x0a,0x2c,0x37,0xef,0xfd,0x94,0xf7,0xc6,0x2e,0x88,0x30,0xe5,0x69,
0x05,0x27,0x68,0x07,0xe9,0x43,0x15,0xfc,0xee,0x2d,0x20,0x01,0xdf,0x32,0x39,0x02,
0xdd,0x11,0x00,0x27,0xd7,0x34,0xe3,0x00,0x07,0x0f,0x3e,0x10,0x68,0x99,0x12,0x3f,
0x05,0x88,0x88,0xd7,0x3c,0x10,0x18,0x9f,0xc4,0x42,0x19,0x09,0xc4,0x42,0x0f,0x1b,
0x00,0xf3,0x52,0x01,0xcc,0xcc,0xcc,0x40,0x88,0x01,0x15,0xc0,0x14,0x3f,0x12,0x0c,
0x8e,0x16,0x02,0x0d,0xac,0x03,0xd7,0x69,0x12,0x0a,0xc7,0x0f,0x16,0xbf,0x82,0x3b,
0x33,0x95,0x46,0xdf,0x5e,0x00,0x27,0xdf,0xff,0xea,0xeb,0x19,0x03,0x2f,0x39,0x18,
0x04,0x0d,0x00,0x02,0x38,0x0a,0x15,0xff,0x4a,0x42,0x37,0x27,0xbe,0xff,0x26,0x02,
0x04,0x61,0x24,0x14,0x08,0x13,0x02,0x12,0xaf,0x5d,0x24,0x00,0x75,0x14,0x10,0x79,
0x0a,0x02,0x21,0x01,0xdf,0x16,0xd4,0x30,0xf8,0x00,0x1e,0x5f,0x10,0x1f,0x06,0xcf,
0x92,0x0e,0x05,0x1c,0x14,0x0f,0x09,0x00,0xbc,0x14,0xdf,0x25,0x03,0x02,0x67,0x38,
0x05,0x5e,0x17,0x32,0x02,0x21,0x4e,0xbe,0x1d,0x14,0x08,0x74,0x4f,0x14,0x09,0xb1,
0x21,0x14,0x0a,0xa2,0x3a,0x14,0x0b,0xb1,0x25,0x10,0x08,0xe3,0x50,0x08,0xa9,0x29,
0x14,0x05,0x3a,0xc7,0x13,0x30,0x33,0x0e,0x15,0xfc,0x1b,0x00,0x10,0xcf,0xea,0x28,
0x04,0x1b,0x00,0x02,0xfa,0x60,0x07,0x8a,0x3d,0x14,0x70,0x80,0x00,0x03,0x0e,0x74,
0x02,0x1b,0x00,0x03,0x2c,0xee,0x02,0x1b,0x00,0x13,0x0a,0x87,0x00,0x01,0x1b,0x00,
0x13,0x06,0x66,0x18,0x01,0x1b,0x00,0x05,0xba,0x2b,0x01,0x1b,0x00,0x03,0x6d,0xee,
0x02,0x1b,0x00,0x04,0xf4,0xda,0x01,0x1b,0x00,0x03,0x23,0xdb,0x02,0x1b,0x00,0x15,
0x5e,0xc9,0x41,0x12,0x3f,0xc9,0x0e,0x03,0x87,0x1c,0x07,0x8e,0xf3,0x06,0x05,0x2b,
0x18,0x50,0x1b,0x00,0x05,0x51,0x00,0x06,0x67,0x3a,0x14,0x03,0x71,0x1c,0x14,0xf4,
0x1b,0x00,0x23,0xf6,0x09,0xae,0x2d,0x11,0x03,0x56,0x19,0x13,0x1e,0x0e,0x1d,0x11,
0x3f,0x31,0x00,0x03,0x89,0x00,0x15,0x03,0x0f,0x03,0x15,0xfc,0x44,0x01,0x12,0x02,
0x85,0x19,0x03,0x1b,0x00,0x01,0x74,0xee,0x05,0x5f,0x01,0x15,0x0d,0x23,0x43,0x04,
0xc1,0xdc,0x15,0x60,0x5f,0x01,0x10,0x9f,0xa0,0x0f,0x17,0x03,0x01,0x3f,0x19,0xfa,
0x95,0x01,0x15,0xf5,0x1b,0x00,0x14,0x0b,0x80,0x25,0x19,0x01,0xfd,0x04,0x18,0x3f,
0xb0,0x5e,0x19,0x03,0x8a,0x4e,0x18,0x4f,0x64,0x64,0x19,0x07,0x79,0x50,0x06,0xac,
0x3e,0x0c,0x5a,0x1c,0x19,0x09,0xc1,0x40,0x19,0x3c,0x22,0x85,0x26,0x05,0x50,0x4c,
0x04,0x1f,0x90,0x0b,0x00,0x52,0x10,0x0a,0x3a,0x01,0x02,0x0b,0x00,0x10,0x7f,0xff,
0x40,0x01,0x0b,0x00,0x02,0x10,0x93,0x01,0x0b,0x00,0x11,0x2f,0x78,0x04,0x00,0x0b,
0x00,0x11,0x01,0x05,0x41,0x01,0x0b,0x00,0x03,0xe8,0xa5,0x00,0x0b,0x00,0x02,0x42,
0x93,0x00,0x0b,0x00,0x13,0x96,0xd7,0x01,0x11,0x9f,0x52,0xfa,0x25,0xfe,0x20,0xde,
0x2b,0x16,0xf3,0xe9,0x2b,0x16,0xf2,0x0b,0x00,0x17,0xfc,0xff,0x2b,0x16,0x60,0x0b,
0x00,0x13,0xf2,0x0b,0x00,0x15,0xcf,0x58,0x00,0x25,0xfb,0x08,0xc4,0x3d,0x01,0x24,
0xdf,0x13,0xe1,0xbb,0x00,0x11,0x4f,0x22,0x00,0x01,0x0b,0x00,0x02,0xa2,0x1c,0x01,
0x0b,0x00,0x02,0x41,0x94,0x13,0x9f,0xc8,0x43,0x01,0x9e,0x0c,0x04,0xec,0x1e,0x12,
0x40,0x0b,0x00,0x10,0x02,0x81,0x15,0x03,0x08,0x01,0x03,0x3c,0x3e,0x0e,0x7d,0x52,
0x0e,0x0b,0x00,0x16,0x50,0xaf,0x08,0x15,0x30,0xf2,0x01,0x16,0xfe,0xbe,0x09,0x16,
0xf9,0x30,0x02,0x16,0xf2,0x74,0x05,0x15,0x90,0x39,0x02,0x17,0xcd,0x35,0x1e,0x09,
0x77,0x43,0x13,0x6f,0x43,0x42,0x12,0xf0,0x0d,0x06,0x13,0xfb,0x18,0x00,0x02,0x8e,
0x02,0x02,0x0c,0x00,0x02,0x71,0x51,0x05,0xfc,0x14,0x13,0xf9,0x3c,0x00,0x12,0x0c,
0x72,0x01,0x14,0x3f,0x8d,0xe4,0x12,0x20,0x0c,0x00,0x03,0x29,0x03,0x01,0x0c,0x00,
0x13,0x0c,0x70,0x94,0x17,0x3f,0xa1,0x03,0x17,0x3f,0x45,0x54,0x17,0x3f,0xa5,0x3d,
0x0e,0x18,0x00,0x09,0x30,0x00,0x23,0xff,0xa0,0x54,0x00,0x03,0x11,0x95,0x02,0x78,
0x00,0x03,0x4f,0xdf,0x01,0x0c,0x00,0x12,0x0d,0x6d,0x00,0x01,0x0c,0x00,0x03,0xe8,
0xb1,0x02,0xc0,0x00,0x11,0xaf,0x23,0x13,0x02,0x0c,0x00,0x02,0xbd,0xb1,0x02,0x0c,
0x00,0x23,0x06,0xff,0x58,0x43,0x13,0xf0,0xf9,0x94,0x13,0x20,0x0c,0x00,0x12,0x2f,
0x94,0x00,0x18,0x0e,0x0c,0xe0,0x06,0x77,0x54,0x04,0x25,0x44,0x15,0xcf,0xa2,0x47,
0x15,0x6f,0x95,0x01,0x15,0x1f,0xaa,0x01,0x3e,0x07,0xcc,0xcc,0xf8,0x34,0x06,0x38,
0x2f,0x07,0x71,0x50,0x0f,0x15,0x00,0xec,0x03,0x3e,0x30,0x16,0x33,0xf4,0x6c,0x16,
0x3f,0xf9,0x63,0x0f,0x15,0x00,0x0c,0x22,0x00,0x00,0xb4,0x22,0x01,0x75,0x54,0x02,
0x23,0x3f,0x02,0xad,0x91,0x10,0xbf,0xbc,0x08,0x12,0x06,0x4c,0x4c,0x2b,0xcc,0xcb,
0x4c,0x0a,0x02,0x18,0x0b,0x0f,0x06,0x00,0xad,0x0f,0x4c,0x02,0xff,0x40,0x0e,0x01,
0x00,0x0b,0x0b,0x36,0x16,0x05,0x7d,0x05,0x3e,0x5f,0xff,0xf2,0x79,0x07,0x15,0xaf,
0x19,0x25,0x17,0x0f,0x21,0x39,0x16,0xfe,0x1f,0x00,0x15,0x60,0x71,0x4d,0x2e,0xb0,
0x00,0x87,0x0e,0x0f,0x04,0x00,0x6d,0x07,0xae,0x94,0x13,0xf2,0x04,0x00,0x00,0x62,
0x05,0x10,0xe0,0x4e,0x08,0x50,0x01,0xff,0xff,0x50,0x07,0x67,0x7f,0x00,0x7c,0x05,
0x27,0x6e,0x90,0x86,0x01,0x00,0x35,0x37,0x03,0x86,0x01,0x00,0x86,0x03,0x13,0x3f,
0xa2,0xe6,0x13,0xf6,0x15,0x00,0x13,0x02,0x3c,0x06,0x10,0xf3,0x34,0x01,0x15,0xf0,
0x33,0x0a,0x13,0xfb,0x3f,0x00,0x01,0x47,0x47,0x02,0x15,0x00,0x34,0x6f,0xff,0xb0,
0x54,0x00,0x25,0x4c,0xe1,0xda,0x01,0x1f,0x01,0x82,0x02,0xd7,0x01,0xd8,0x03,0x32,
0xbf,0xff,0xd4,0x02,0x50,0x11,0xfd,0x0f,0x00,0x60,0xcf,0xff,0xb4,0xff,0xff,0xff,
0x2a,0x26,0x12,0x4f,0x47,0x80,0x12,0x44,0x05,0xec,0x10,0xf0,0x0f,0x00,0x30,0x0d,
0xff,0xf7,0xb8,0x01,0x32,0x02,0xdf,0xfe,0x14,0x04,0x24,0x6e,0x30,0xc7,0x01,0x03,
0x57,0x34,0x0f,0x0f,0x00,0x92,0x0f,0xb5,0x01,0x67,0x01,0x30,0x2b,0x01,0x15,0x00,
0x14,0x0d,0x69,0x52,0x12,0x30,0xd7,0x1d,0x01,0x15,0x00,0x25,0x3f,0xff,0xb1,0x02,
0x01,0x4f,0x2b,0x02,0xb1,0x02,0x2f,0xae,0xd8,0x48,0x02,0x92,0x07,0x60,0x01,0x0f,
0x08,0x00,0x4a,0x30,0x7d,0xeb,0x20,0x08,0x00,0x00,0x4c,0x87,0x00,0x08,0x00,0x00,
0xd8,0xea,0x08,0x08,0x00,0x13,0x09,0x18,0x00,0x4f,0x00,0x8e,0xfb,0x30,0x98,0x00,
0x5a,0x04,0x6d,0x10,0x08,0xec,0x9e,0x0f,0x0c,0x00,0x65,0x35,0x01,0x6b,0x80,0x0c,
0x00,0x37,0xdf,0xff,0x90,0xb9,0x67,0x02,0xde,0x38,0x11,0x7d,0xb7,0x01,0x15,0x60,
0x69,0x42,0x25,0xd8,0x40,0xe9,0x5c,0x04,0x48,0x00,0x08,0x0c,0x00,0x2f,0x48,0x38,
0xb4,0x00,0x50,0x02,0x80,0x02,0x17,0x42,0x87,0x6d,0x1f,0xfa,0x0c,0x00,0x21,0x15,
0xfb,0x64,0x4c,0x0f,0x0d,0x00,0x32,0x11,0x02,0x16,0x49,0x22,0xdd,0xfb,0x67,0x00,
0x11,0xb0,0x73,0x12,0x11,0xfb,0x70,0x29,0x22,0xb6,0x15,0x5e,0x60,0x11,0x5f,0xc5,
0x0c,0x22,0x05,0xb6,0x4a,0xed,0x0f,0x82,0x00,0x3f,0x08,0x0c,0x62,0x18,0xf3,0xe4,
0x1b,0x18,0xf4,0x8c,0x6e,0x1e,0xf6,0x04,0x7f,0x03,0x72,0x5e,0x18,0xfa,0xb2,0x13,
0x07,0x41,0x76,0x3f,0x1b,0xcc,0xca,0x7c,0x3c,0x03,0x15,0xf8,0x1e,0x04,0x15,0x33,
0x0e,0x8f,0x00,0x36,0x04,0x14,0x3f,0xcc,0xa1,0x04,0x1b,0x00,0x28,0xff,0x50,0x1b,
0x00,0x19,0xfe,0x1b,0x00,0x18,0xf8,0x1b,0x00,0x28,0xff,0xf2,0x1b,0x00,0x28,0xff,
0xb0,0x1b,0x00,0x28,0xff,0x40,0x1b,0x00,0x19,0xfd,0x1b,0x00,0x16,0xf7,0x1b,0x00,
0x15,0xaf,0xff,0x10,0x00,0x04,0x00,0x14,0xdf,0x3e,0x05,0x13,0x33,0x04,0x00,0x15,
0x40,0x1b,0x00,0x01,0x05,0xf0,0x04,0x1b,0x00,0x11,0x30,0x04,0x4b,0x04,0x1b,0x00,
0x01,0xa4,0x50,0x05,0x1b,0x00,0x10,0x00,0x45,0x00,0x05,0x1b,0x00,0x13,0x04,0xc2,
0x28,0x14,0x33,0x62,0x12,0x15,0xfd,0x1b,0x00,0x01,0xdb,0xee,0x05,0x1b,0x00,0x03,
0xf2,0x3a,0x03,0x1b,0x00,0x03,0xad,0x14,0x03,0x1b,0x00,0x19,0x04,0x1b,0x00,0x18,
0x0b,0x1b,0x00,0x28,0x00,0x2f,0x1b,0x00,0x28,0x00,0x7f,0x1b,0x00,0x28,0x00,0xdf,
0x1b,0x00,0x19,0x04,0x1b,0x00,0x18,0x0b,0x1b,0x00,0x28,0x00,0x2f,0x1b,0x00,0x00,
0x24,0x02,0x15,0xf3,0xd9,0xf1,0x05,0xe3,0x55,0x25,0xfe,0x20,0x61,0x74,0x1c,0x30,
0x23,0x17,0x15,0x3f,0xe3,0x0f,0x16,0x0d,0x62,0x57,0x3f,0xcc,0xcc,0x80,0xaf,0x21,
0x08,0x10,0xf2,0x52,0x2c,0x11,0xa4,0xaf,0x0e,0x33,0x33,0xdf,0xff,0x0a,0x1d,0x13,
0xf8,0x70,0x03,0x15,0xcf,0xad,0x2a,0x16,0x0c,0x56,0x71,0x00,0x15,0x00,0x20,0x83,
0x23,0x37,0x1c,0x12,0x0c,0xab,0x00,0x12,0x6f,0x7f,0x7a,0x12,0x80,0xa4,0x2f,0x15,
0x3c,0x5e,0x28,0x1f,0xf4,0xf1,0x28,0x80,0x06,0x15,0x00,0x1f,0x50,0x0b,0x03,0xff,
0xa3,0x0f,0x25,0x75,0x0a,0x19,0xfe,0xc6,0x87,0x18,0xd0,0x76,0x7b,0x19,0xfc,0xea,
0x17,0x18,0xa0,0x90,0x6f,0x19,0xf5,0xe0,0x2e,0x18,0x10,0x28,0x00,0x18,0x90,0xc5,
0x5c,0x18,0xf1,0x61,0xb3,0x19,0xf5,0x0c,0x57,0x07,0x87,0xb3,0x41,0x05,0xad,0xff,
0xda,0xe4,0xc3,0x22,0xf3,0x3d,0x65,0x12,0x14,0xcf,0xd7,0x28,0x26,0xa0,0x0c,0x4b,
0x68,0x05,0x59,0x03,0x01,0x54,0xf3,0x11,0xf8,0x4a,0x2c,0x12,0xf0,0x07,0xba,0x12,
0x06,0x16,0x8d,0x12,0xf8,0x24,0x1d,0x0f,0x4a,0x2c,0x97,0x0f,0x01,0x00,0x05,0x06,
0xa2,0x15,0x16,0x0f,0x55,0x14,0x06,0xac,0x59,0x15,0x1f,0xdb,0x06,0x16,0x04,0x7d,
0x01,0x15,0x9f,0x24,0x71,0x17,0x1f,0x1d,0x79,0x16,0xfc,0x87,0x5e,0x06,0x81,0x11,
0x16,0x10,0xbb,0x01,0x10,0xd1,0xa7,0x11,0x14,0xfb,0x4c,0x00,0x55,0xd1,0x00,0xbf,
0xff,0xf9,0x8a,0xef,0x26,0xd2,0xbf,0x3e,0xef,0x18,0xef,0x66,0x69,0x27,0x02,0xdf,
0x6a,0x07,0x00,0x35,0x1a,0x0e,0x07,0x60,0x0f,0x43,0x07,0xff,0xae,0x31,0x9f,0xff,
0xfa,0x78,0x30,0x11,0x70,0x79,0x42,0x00,0x0a,0x00,0x11,0x60,0x01,0x0b,0x10,0xfb,
0x8c,0x30,0x04,0x24,0x0b,0x03,0xb0,0x45,0x15,0x4f,0x80,0xf1,0x00,0x66,0x4f,0x0e,
0xb7,0x50,0x0f,0x43,0x07,0xfb,0x28,0x00,0xbf,0x66,0x05,0x18,0xbf,0xda,0x74,0x1a,
0xcf,0x03,0x81,0x09,0xaf,0xa8,0x17,0x40,0x65,0x1a,0x18,0xfe,0x63,0x05,0x07,0x7e,
0x5d,0x19,0x1a,0x1d,0xb6,0x2f,0x3a,0x10,0x74,0x01,0x04,0x18,0x00,0x6b,0x05,0x18,
0x00,0x79,0x01,0x08,0xbf,0x38,0x18,0x40,0x0d,0x00,0x03,0x1e,0x38,0x03,0x75,0x05,
0x27,0x00,0x00,0x83,0x01,0x04,0x9a,0xf1,0x12,0x00,0x19,0x49,0x16,0x0c,0x88,0x01,
0x08,0x0d,0x00,0x1f,0xf5,0x0d,0x00,0xa3,0x14,0x4f,0xb8,0x04,0x00,0x3f,0x03,0x15,
0x34,0xb8,0x04,0x12,0x4f,0xa9,0x39,0x28,0xff,0xa0,0x1b,0x00,0x28,0xff,0x40,0x1b,
0x00,0x19,0xfd,0x1b,0x00,0x18,0xf6,0x1b,0x00,0x28,0xff,0xe1,0x1b,0x00,0x28,0xff,
0x90,0x1b,0x00,0x28,0xff,0x20,0x1b,0x00,0x16,0xfb,0x1b,0x00,0x15,0xfe,0x1d,0x56,
0x00,0x1b,0x00,0x01,0x5f,0xfa,0x04,0x1b,0x00,0x20,0xf3,0x9f,0x5e,0x02,0x04,0x1b,
0x00,0x20,0x31,0xef,0x14,0x06,0x04,0x1b,0x00,0x00,0xb7,0x6e,0x05,0x1b,0x00,0x20,
0x30,0x0d,0xa3,0x01,0x04,0x1b,0x00,0x01,0x87,0xfb,0x05,0x1b,0x00,0x01,0xe6,0xfa,
0x04,0x1b,0x00,0x00,0x71,0x02,0x24,0xfe,0x14,0x1b,0x00,0x00,0x73,0x0d,0x15,0xf9,
0x1b,0x00,0x01,0x99,0x3a,0x05,0x1b,0x00,0x00,0x08,0x04,0x15,0xef,0x1b,0x00,0x03,
0xba,0x03,0x16,0x34,0xc2,0x1d,0x06,0x1b,0x00,0x18,0x09,0x1b,0x00,0x28,0x00,0x1f,
0x1b,0x00,0x02,0xb8,0x04,0x19,0x34,0xb8,0x04,0x18,0x4f,0xb8,0x04,0x19,0x34,0xb8,
0x04,0x18,0x4f,0xb8,0x04,0x1f,0x34,0xf0,0x08,0x03,0x19,0x04,0x86,0xa3,0x18,0x6f,
0xfb,0x56,0x17,0x0b,0x65,0x0f,0x27,0x75,0x5b,0x8d,0xaf,0x18,0x0f,0x1c,0x74,0x17,
0x01,0x99,0x31,0x03,0x66,0xfc,0x17,0x20,0x6b,0x37,0x06,0xf2,0x5f,0x52,0x2c,0xef,
0xfd,0xa5,0x00,0xbc,0x92,0x20,0x02,0x9d,0xc8,0x08,0x00,0x5a,0xaa,0x12,0x08,0x35,
0x03,0x14,0xaf,0x0d,0xf6,0x10,0xa0,0xfb,0x05,0x03,0x58,0x03,0x15,0xaf,0xb1,0x38,
0x11,0x0a,0x53,0x03,0x13,0x27,0x22,0xc2,0x12,0xe2,0xc8,0x08,0x15,0x3a,0x4e,0x03,
0x12,0xf6,0xf3,0x63,0x00,0x55,0x01,0x11,0x7a,0x15,0x00,0x00,0xbb,0x00,0x12,0xf7,
0x15,0x00,0x00,0xaf,0x01,0x15,0x8a,0x15,0x00,0x1f,0xf8,0x15,0x00,0x6b,0x0d,0x2a,
0x36,0x03,0xc5,0x70,0x07,0xeb,0x36,0x34,0x00,0x24,0x25,0x12,0xfe,0x16,0x08,0x36,
0xcf,0x15,0x9f,0x37,0x03,0x16,0x0a,0x99,0x71,0x05,0xe8,0xfd,0x06,0x42,0x21,0x26,
0x00,0x3f,0xe6,0x70,0x0f,0x0e,0x00,0x0c,0x12,0x2a,0x47,0x2e,0x1f,0xa6,0x06,0xc4,
0x1f,0x57,0x8b,0xef,0xfe,0xc9,0x40,0x27,0xa8,0x05,0x30,0x67,0x04,0x98,0x1e,0x26,
0xfc,0x20,0xc0,0xcd,0x04,0x66,0x4d,0x18,0xbf,0xfb,0x65,0x01,0x31,0x64,0x22,0xa7,
0x78,0x31,0x5f,0x01,0xe3,0x02,0x14,0x90,0x39,0x60,0x02,0x65,0xf6,0x04,0x66,0x5f,
0x14,0x00,0xad,0x4e,0x01,0x8a,0x23,0x03,0x68,0x4e,0x03,0xd0,0xfc,0x15,0x09,0x9f,
0x02,0x00,0x26,0xbf,0x04,0x85,0x4a,0x02,0x6c,0x05,0x03,0x19,0x3b,0x03,0x50,0x38,
0x03,0xcd,0x5a,0x03,0xa0,0x63,0x06,0x89,0x63,0x00,0x18,0x00,0x06,0xb2,0x63,0x1e,
0x0f,0x0e,0x00,0x09,0x2a,0x00,0x0a,0x46,0x00,0x0a,0x62,0x00,0x0a,0x7e,0x00,0x0a,
0x9a,0x00,0x0a,0xb6,0x00,0x05,0xd2,0x00,0x14,0x07,0x88,0x1f,0x16,0xf8,0x73,0xf0,
0x12,0x1f,0xdc,0x01,0x12,0x04,0x6b,0xfc,0x01,0x26,0x01,0x33,0x96,0x67,0xcf,0x32,
0x00,0x19,0xbf,0x1e,0x9c,0x29,0x0b,0xff,0xd7,0x8c,0x19,0x9f,0xb9,0x63,0x0a,0x96,
0x01,0x36,0x00,0x02,0x8b,0x3f,0x67,0x15,0xff,0x83,0xc0,0x04,0xfa,0xc2,0x1b,0xfd,
0x17,0x00,0x12,0x0a,0x19,0x02,0x0f,0x76,0xda,0x1f,0x01,0xb7,0x4c,0x26,0xed,0x95,
0x22,0x78,0x03,0x5f,0x25,0x16,0xbf,0x78,0x25,0x16,0xcf,0x84,0x25,0x05,0x62,0x5d,
0x02,0xa5,0x4f,0x30,0x83,0x13,0x9f,0x03,0x01,0x15,0x09,0x2d,0x05,0x14,0xf7,0x75,
0x65,0x12,0xaf,0x87,0x61,0x13,0xf1,0x25,0x03,0x13,0x16,0xb2,0x00,0x12,0x0f,0x29,
0xc1,0x13,0xb0,0x09,0x05,0x13,0x59,0xd9,0x02,0x12,0x0c,0x0e,0x40,0x13,0xa0,0x68,
0x03,0x13,0x67,0x99,0x01,0x00,0x65,0x5c,0x13,0x6f,0x7a,0x01,0x03,0x6b,0x0a,0x03,
0xaf,0x1f,0x13,0xf1,0x6a,0x26,0x01,0xb9,0x0a,0x01,0x63,0x2d,0x01,0x14,0x05,0x11,
0x70,0x1a,0x20,0x21,0x21,0x38,0xd3,0x23,0x08,0x00,0x5e,0x17,0x0c,0x49,0x74,0x17,
0x0b,0xbd,0x23,0x11,0x07,0xbf,0x32,0x13,0xe5,0x46,0x3e,0x33,0xde,0xfe,0xd9,0x71,
0x01,0x30,0x18,0x88,0x81,0x85,0x3a,0x14,0x84,0x3b,0x02,0x17,0xf5,0xba,0x51,0x10,
0x0e,0x7b,0x11,0x05,0xbe,0x3e,0x00,0xb1,0x13,0x16,0xad,0x18,0x27,0x0a,0xed,0xc7,
0x29,0x1b,0xff,0xd1,0xef,0x10,0x4a,0xa8,0x72,0x0f,0xae,0x03,0xff,0xd2,0x13,0x70,
0xfb,0x0a,0x00,0xa1,0x01,0x32,0x61,0x02,0x8f,0xc7,0x00,0x17,0x5f,0x26,0xa0,0x17,
0x9f,0x52,0x7f,0x17,0x5e,0x9a,0x5b,0x39,0x03,0x68,0x98,0x20,0x30,0x0f,0xf7,0x40,
0x0d,0x04,0xb1,0x02,0x02,0xc8,0x02,0x2a,0xd5,0x00,0xdf,0x02,0x16,0x0c,0xa8,0x26,
0x17,0x09,0xb8,0xe6,0x14,0xff,0x04,0x54,0x13,0xe0,0x3b,0x03,0x10,0x05,0x3b,0x03,
0x15,0x0f,0xc1,0x43,0x27,0xfc,0x03,0x69,0x03,0x07,0x80,0x03,0x17,0x38,0x97,0x03,
0x16,0x9f,0xae,0x03,0x17,0x68,0xc5,0x03,0x16,0x7f,0xdc,0x03,0x16,0x56,0xf3,0x03,
0x17,0xf4,0x0a,0x04,0x13,0x10,0x00,0x07,0x00,0xf1,0x67,0x03,0x38,0x04,0x13,0x4f,
0x97,0xda,0x41,0xff,0x72,0x13,0x8f,0x7a,0x00,0x07,0x66,0x04,0x05,0x7d,0x04,0x1a,
0xa0,0x94,0x04,0x02,0xab,0x04,0x23,0xfe,0x50,0xc2,0x04,0x36,0xef,0xed,0x95,0xd0,
0x04,0x75,0x99,0x99,0x70,0x01,0x89,0x99,0x92,0x57,0x02,0x25,0x40,0x0c,0x86,0x2e,
0x54,0xaf,0xff,0xf8,0x00,0x8f,0x37,0x10,0x12,0x04,0x56,0xda,0x15,0xd1,0x57,0x94,
0x25,0x10,0x1e,0x07,0x09,0x11,0x7f,0xa9,0xa9,0x15,0xf3,0xa1,0x0c,0x00,0x18,0x8f,
0x1f,0x40,0xba,0x03,0xff,0xcf,0x00,0xf8,0x01,0x14,0xfd,0x12,0x5c,0x12,0x2f,0x53,
0x0c,0x12,0x70,0x50,0x00,0x21,0x60,0x09,0x79,0x02,0x00,0x2c,0x03,0x23,0xa0,0x05,
0xe6,0x02,0x11,0xef,0x16,0x94,0x23,0xc0,0x00,0xe8,0xdb,0x12,0xcf,0x5d,0x29,0x7f,
0x08,0x99,0x95,0x00,0x39,0x99,0x92,0xba,0x03,0xff,0x20,0x29,0x49,0xce,0xfb,0x3f,
0x14,0x40,0x1d,0x01,0x08,0x3d,0xad,0x04,0x05,0x58,0x08,0x27,0x00,0x1e,0x4f,0x64,
0xad,0x0c,0xeb,0xf0,0x02,0x24,0xa1,0x92,0xff,0xe7,0x31,0x11,0x12,0xbf,0xff,0xff,
0xd4,0x7a,0x1c,0x23,0x41,0x07,0x9e,0x00,0x05,0xb0,0x6d,0x05,0xb5,0x2e,0x04,0xd1,
0x2e,0x05,0x3d,0x71,0x09,0x5c,0x71,0x04,0xd7,0x7c,0x0a,0x27,0x00,0x16,0xcf,0xda,
0x6d,0x0d,0x07,0x66,0x07,0x27,0x00,0x16,0xef,0x14,0x0c,0x13,0xfd,0x2e,0x57,0x14,
0x0f,0x71,0x14,0x16,0xaf,0xce,0x85,0x09,0x3b,0x0c,0x02,0xd9,0x02,0x0f,0x27,0x00,
0x33,0x16,0xfc,0x2e,0x7e,0x1c,0xf4,0x9c,0x00,0x04,0xaa,0x66,0x07,0x27,0x00,0x05,
0x17,0x43,0x07,0x27,0x00,0x02,0xf9,0x1c,0x09,0x27,0x00,0x05,0x92,0x0e,0x07,0x27,
0x00,0x04,0xdd,0x28,0x08,0x5f,0x01,0x13,0x7f,0x73,0x02,0x07,0x27,0x00,0x00,0x76,
0x00,0x92,0xfe,0x73,0x11,0x11,0x1b,0xff,0xff,0xfd,0x44,0x01,0x00,0x2e,0x10,0x03,
0x48,0xf0,0x0c,0xfe,0xbc,0x01,0x22,0x04,0x2d,0x03,0xdf,0x27,0x00,0x03,0x61,0x02,
0x0a,0x1f,0x7e,0x4b,0x00,0x04,0x9c,0xef,0x27,0x00,0x00,0x13,0x00,0x31,0xed,0xa6,
0x10,0x84,0x02,0x01,0xfc,0x33,0x04,0xd0,0x56,0x12,0xe7,0x8b,0x66,0x27,0xff,0xa1,
0xa8,0xe1,0x29,0xb1,0x8f,0x9f,0x05,0x08,0x01,0x3d,0x2d,0xe1,0x00,0x6e,0x02,0x11,
0xfa,0x0d,0x02,0x32,0xfa,0x41,0x27,0xfc,0x3b,0x20,0x21,0x4c,0x1c,0x03,0x12,0x04,
0xbf,0x04,0x13,0x2e,0xdb,0x02,0x00,0x2e,0x02,0x03,0x5e,0x31,0x16,0x06,0x0c,0x11,
0x23,0xb0,0x0d,0x6f,0x01,0x02,0xa4,0x00,0x00,0xf4,0x04,0x23,0xe0,0x0f,0xc7,0x04,
0x12,0xbf,0xb3,0x21,0x00,0xc0,0x37,0x04,0x40,0x39,0x16,0x9f,0xa2,0xb3,0x13,0x3f,
0x92,0x20,0x1e,0x8f,0x13,0x00,0x07,0x26,0x00,0x1e,0x1f,0x39,0x00,0x16,0x0f,0xa5,
0x2f,0x07,0x9b,0x6c,0x01,0xdb,0x05,0x07,0x16,0x17,0x12,0x09,0xc4,0x01,0x17,0x05,
0x37,0x10,0x12,0x04,0x10,0x04,0x14,0x1e,0xe4,0x03,0x22,0x01,0x70,0xf7,0x00,0x31,
0x31,0x26,0xef,0xe8,0x06,0x5e,0x52,0x11,0x36,0xaf,0xf5,0x1d,0x01,0x1e,0xfc,0x43,
0x01,0x06,0x22,0x16,0x33,0xff,0xc1,0x6f,0x1b,0x00,0x14,0x30,0xa9,0x05,0x13,0xf8,
0x97,0x01,0x21,0xfe,0x81,0x75,0x00,0x40,0x8c,0xef,0xfd,0xa6,0xca,0x41,0x00,0x6f,
0x58,0x05,0xb8,0x61,0x08,0x99,0x71,0x18,0x0d,0x0e,0x1f,0x06,0x0e,0x70,0x0b,0x2f,
0xbb,0x18,0x0b,0xcb,0x32,0x18,0x5f,0xa1,0xc0,0x3f,0xac,0xcc,0xb2,0xa2,0x5b,0x06,
0x39,0xfe,0xdb,0x84,0x20,0x5b,0x18,0xe6,0xbc,0x5b,0x00,0xea,0xc2,0x09,0x05,0x5e,
0x18,0x3f,0x38,0x44,0x02,0xac,0x5b,0x21,0x46,0x9f,0x8f,0x03,0x03,0x9c,0x16,0x24,
0x01,0xcf,0x6a,0x17,0x03,0xe6,0x06,0x15,0xfb,0x0d,0x00,0x10,0x0b,0x68,0x01,0x08,
0xe1,0x6e,0x05,0x0d,0x00,0x17,0x07,0xc9,0x6e,0x28,0x00,0x09,0x27,0x00,0x18,0x0e,
0xfa,0x2f,0x01,0x88,0x69,0x02,0x0d,0x00,0x21,0x01,0x5c,0x32,0x06,0x18,0x3f,0x12,
0x03,0x18,0x3f,0x9d,0x4c,0x18,0x3f,0x2b,0x03,0x05,0x0d,0x00,0x18,0xb1,0xdd,0x00,
0x00,0x2d,0x01,0x02,0xc3,0x00,0x03,0x5f,0x6d,0x05,0xe6,0x17,0x04,0x7e,0x18,0x05,
0x79,0x33,0x03,0x75,0x00,0x05,0xbb,0x2d,0x12,0xf3,0x96,0x02,0x15,0xf5,0x0d,0x00,
0x02,0x35,0x00,0x06,0x5f,0x4b,0x25,0xff,0x50,0x11,0x01,0x01,0x35,0x00,0x04,0xc3,
0x00,0x17,0x8f,0x94,0x70,0x2c,0x00,0x1f,0x11,0x01,0x05,0x95,0x70,0x13,0x01,0x70,
0x44,0x13,0x04,0x06,0x02,0x01,0xaa,0x2b,0x01,0x3e,0x00,0x16,0x90,0x5a,0xbd,0x12,
0x0c,0x70,0x04,0x02,0xb0,0x2b,0x0e,0xe5,0x01,0x04,0xff,0xb1,0xb0,0x02,0x9d,0xff,
0x80,0x9f,0xff,0xff,0x55,0xff,0xff,0xf8,0xcc,0x36,0x00,0xe2,0x02,0x12,0x9f,0x26,
0x01,0x03,0x87,0x07,0x08,0x0f,0x00,0x55,0xfb,0x53,0x23,0x20,0x9f,0x89,0x6c,0x17,
0xfb,0x7e,0x30,0x04,0x08,0x37,0x0f,0x0f,0x00,0x4e,0x0f,0x98,0x02,0xff,0x92,0x0f,
0x01,0x00,0x08,0x18,0x1f,0x43,0x76,0x0b,0x0d,0x00,0x18,0xf5,0x7d,0x04,0x18,0xf3,
0xe8,0xbf,0x1f,0xf0,0x85,0x33,0x03,0x1a,0x02,0x12,0x9a,0x18,0xfa,0x84,0x33,0x09,
0x86,0xfa,0x1f,0x10,0xf1,0x02,0xa9,0x0d,0x9b,0xa7,0x18,0xe0,0xea,0x1f,0x12,0xaf,
0x56,0x08,0x13,0x0c,0xfe,0x00,0x05,0xd9,0x76,0x12,0xf1,0xbc,0x02,0x13,0xf9,0x28,
0x23,0x12,0x20,0x53,0x17,0x19,0x60,0x10,0x01,0x13,0x2e,0x0d,0x18,0x13,0xd1,0x05,
0x1e,0x10,0xf3,0x2a,0x0e,0x14,0x10,0x11,0x60,0x15,0x48,0x4a,0x17,0x28,0x01,0xcf,
0xb7,0xa0,0x19,0x0b,0x49,0xe5,0x1e,0xaf,0x74,0xbf,0x0f,0x4a,0x06,0xff,0x9e,0x14,
0x3e,0x07,0x02,0x24,0x02,0xef,0x03,0x02,0x11,0x1d,0x42,0x0d,0x18,0xb0,0xfb,0x01,
0x15,0x0b,0xd1,0x17,0x0f,0xf3,0x01,0x0f,0x00,0x8e,0x25,0x53,0x29,0xdf,0xf8,0x00,
0x00,0x69,0x03,0x01,0x09,0x00,0x01,0x4f,0x48,0x03,0x88,0x09,0x0f,0x09,0x00,0x06,
0x31,0xb5,0x32,0x32,0x09,0x00,0x19,0xf6,0x77,0x0b,0x06,0x0c,0x03,0x0f,0x09,0x00,
0x6b,0x02,0x0e,0x03,0x47,0xbc,0xcc,0xcc,0x70,0xea,0x00,0x17,0xc0,0xe8,0x02,0x17,
0xd1,0x94,0x09,0x17,0xe2,0x46,0x38,0x17,0xf3,0xb3,0x04,0x17,0xf5,0xcc,0x04,0x0f,
0xb0,0xc2,0x0f,0x25,0x16,0xad,0xad,0x0f,0x26,0x02,0xaf,0xe9,0x7a,0x17,0x07,0x7d,
0xa2,0x17,0x08,0x4c,0x11,0x18,0x05,0xa4,0xa2,0x10,0xdf,0x74,0x3c,0x33,0x34,0x6b,
0xff,0x2a,0x03,0x13,0xfd,0x10,0x4c,0x23,0xe0,0x07,0xbb,0x0c,0x01,0x84,0x88,0x13,
0x8f,0xb4,0x05,0x00,0x08,0x11,0x14,0x07,0xaa,0x10,0x58,0xab,0xbb,0xbb,0x50,0x5f,
0x57,0x0a,0x00,0x06,0x02,0x18,0x10,0xe2,0xca,0x18,0x93,0xff,0xdd,0x12,0xfd,0x4e,
0x0c,0x03,0x4e,0x53,0x28,0xfd,0x60,0x24,0x76,0x25,0xe6,0x00,0xe1,0x6d,0x05,0x00,
0x7a,0x28,0x29,0xef,0x99,0x7d,0x14,0x4a,0xb3,0x89,0x05,0x96,0x57,0x18,0xf8,0x53,
0x53,0x54,0xf0,0x24,0x44,0x44,0x40,0xf4,0x00,0x00,0xb0,0x75,0x05,0xa8,0x7c,0x17,
0x5f,0x28,0x79,0x17,0x72,0xd0,0xd8,0x11,0xf5,0x30,0xd9,0x03,0x90,0x00,0x20,0x30,
0x4f,0x6b,0x56,0x34,0x43,0x34,0x8e,0x45,0x10,0x06,0x24,0x17,0x18,0xaf,0x6e,0x8b,
0x18,0x7f,0xe3,0x3a,0x12,0x2a,0x0c,0x00,0x12,0xc4,0xf1,0x01,0x67,0x59,0xce,0xff,
0xed,0xb7,0x20,0x00,0x05,0x0d,0x8a,0x28,0x1f,0x00,0x8a,0x28,0x31,0x00,0x25,0x75,
0x14,0xbe,0x9a,0x18,0x14,0x9f,0xbf,0x2c,0x04,0x8e,0x58,0x16,0xb0,0x36,0x3e,0x11,
0xa0,0xd8,0x39,0x23,0x98,0xaf,0xe5,0x0f,0x11,0xf8,0xca,0x05,0x13,0xfa,0xcb,0xf8,
0x12,0x7f,0x1c,0xd4,0x11,0xf0,0xe1,0x85,0x10,0x87,0x99,0x00,0x16,0xb1,0xb7,0x01,
0x26,0xfb,0x63,0x7f,0xcc,0x20,0xff,0xb6,0xc6,0x00,0x16,0x2d,0x24,0x76,0x16,0x08,
0xa0,0x13,0x27,0x01,0x6b,0xbb,0x60,0x25,0x37,0xcf,0x58,0x7e,0x00,0xe7,0x7e,0x52,
0xfd,0x0a,0xdd,0xdd,0xd2,0x74,0x05,0x00,0xe7,0x1c,0x12,0x60,0x7f,0x39,0x00,0x0c,
0x01,0x12,0x40,0x10,0x03,0x00,0x78,0x10,0x33,0xc9,0x79,0xdf,0x76,0x02,0x04,0x8d,
0x02,0x16,0x3e,0x9b,0x8b,0x25,0x1a,0xff,0xfc,0x23,0x65,0x02,0x7b,0xef,0xfe,0xda,
0x60,0xff,0x00,0x07,0xf5,0x64,0x17,0x2d,0x5a,0x03,0x12,0x3e,0x22,0x06,0x03,0x9c,
0x10,0x23,0xfd,0xef,0x68,0x03,0x00,0xd6,0x7d,0x10,0x12,0xdd,0x66,0x02,0xf9,0x0c,
0x10,0xfb,0xae,0x04,0x1e,0xe2,0x43,0x65,0x0f,0x5c,0x03,0xff,0x97,0x25,0x02,0xdf,
0x08,0x8a,0x05,0x57,0xed,0x13,0x05,0x1e,0x08,0x01,0xb0,0x00,0x12,0xc4,0xfa,0x01,
0x10,0x08,0x3f,0x8e,0x01,0xc3,0x86,0x10,0x08,0x18,0xc4,0x4e,0x01,0xbe,0xee,0xd2,
0xa9,0x16,0x0f,0x5c,0x03,0xfb,0x35,0x01,0x6a,0xde,0xb9,0x82,0x26,0x2a,0xff,0x0f,
0x16,0x17,0x7f,0x3c,0x86,0x17,0x8f,0x3b,0x86,0x17,0x5f,0x13,0xa7,0x01,0xb5,0xaa,
0x21,0x53,0x46,0xc8,0x1f,0x13,0x03,0xb9,0xed,0x00,0xc2,0x22,0x00,0x3d,0x00,0x14,
0xf2,0xb6,0x2f,0x13,0x08,0xdb,0x27,0x13,0x01,0x03,0xc0,0x11,0xf0,0xa5,0x0a,0x48,
0xbb,0xbb,0xb5,0x05,0x95,0x82,0x15,0x0f,0x8f,0x7a,0x03,0x70,0x00,0x28,0xf9,0x30,
0x24,0xd1,0x26,0xd8,0x30,0x70,0x0a,0x38,0xff,0xff,0xd6,0x46,0x18,0x02,0xca,0x31,
0x04,0x3b,0x5c,0x18,0xc1,0x3d,0xd0,0x13,0xe2,0x5b,0x05,0x27,0xaf,0xff,0x21,0xef,
0x01,0x91,0x6a,0x18,0x80,0xde,0xd1,0x44,0x02,0x44,0x44,0x44,0x23,0x11,0x14,0xf4,
0xa2,0x00,0x00,0xaf,0x00,0x18,0x65,0xc7,0x7f,0x13,0x2f,0xaf,0x13,0x10,0x03,0x5c,
0x09,0x13,0xcf,0xcb,0x45,0x00,0x96,0x2a,0x10,0x04,0x61,0x01,0x44,0x74,0x33,0x48,
0xef,0x00,0x1e,0x05,0xf8,0x15,0x18,0x0a,0x57,0x25,0x18,0x07,0xcd,0x43,0x27,0x02,
0xaf,0x63,0x5e,0x20,0x00,0x15,0xfa,0x3e,0x16,0x72,0xfe,0x00,0x09,0xdd,0x30,0x06,
0x81,0x22,0x18,0x8b,0x82,0x44,0x18,0x02,0x05,0x23,0x17,0x0f,0x92,0x19,0x17,0x18,
0x19,0x00,0x00,0xb1,0x27,0x08,0x29,0x23,0x16,0x30,0x92,0x08,0x16,0xfb,0xbd,0xd2,
0x25,0x98,0x62,0xb7,0x82,0x37,0xef,0xfe,0xd9,0xaa,0x7d,0x16,0xe6,0xb7,0x82,0x16,
0xfa,0x88,0xac,0x11,0xfa,0xcb,0x00,0x33,0xd9,0x8a,0xff,0x93,0xf4,0x11,0x80,0x35,
0x2a,0x12,0xa0,0xff,0x02,0x12,0x07,0x17,0xd5,0x00,0x14,0x03,0x54,0x28,0x88,0x88,
0x70,0x0e,0xc5,0x46,0x02,0xae,0x01,0x35,0xb6,0x30,0x00,0x8c,0x77,0x24,0xfb,0x61,
0x6f,0x2a,0x02,0xe6,0x04,0x02,0x4e,0x82,0x02,0x6b,0x28,0x26,0x17,0xcf,0x62,0x42,
0x12,0x04,0x44,0x5e,0x05,0x2b,0x67,0x43,0xd0,0x9c,0xcc,0xcc,0x11,0x54,0x12,0x0a,
0x0f,0x0a,0x00,0x94,0x93,0x21,0x5f,0xff,0xf6,0x03,0x03,0x84,0x9c,0x34,0xfa,0x76,
0x7c,0x94,0x02,0x07,0xeb,0x91,0x03,0x06,0x02,0x26,0x01,0xaf,0x1d,0x94,0x5d,0x27,
0xbf,0xff,0xff,0xa6,0x8c,0x2b,0x13,0x4f,0xb1,0x6c,0x02,0x6f,0x4e,0x16,0xf2,0x78,
0x06,0x15,0x90,0xa3,0x01,0x04,0x3f,0x13,0x06,0x50,0x1b,0x15,0x9e,0x22,0x14,0x16,
0x0d,0x76,0x01,0x15,0xcf,0xff,0x00,0x14,0x0b,0x9f,0x45,0x94,0x2d,0xee,0xed,0x30,
0x00,0x05,0xee,0xee,0xd2,0x01,0x88,0x13,0x05,0x7e,0x16,0x00,0x5b,0x03,0x15,0x35,
0x06,0x0a,0x18,0x6f,0xa4,0x24,0x18,0x7f,0x95,0x2b,0x18,0x8f,0xf1,0x32,0x18,0x9f,
0x2a,0x0f,0x2f,0x11,0x11,0xce,0x06,0x06,0x19,0xca,0xce,0x06,0x27,0xf9,0x10,0xce,
0x06,0x00,0x42,0x04,0x08,0x5a,0x92,0x18,0x05,0xd3,0xbb,0x02,0xce,0x06,0x14,0x5a,
0xac,0x40,0x22,0xfd,0x10,0xb4,0x01,0x14,0xf1,0xce,0x06,0x10,0x04,0x33,0x00,0x04,
0xce,0x06,0x00,0x27,0x03,0x18,0x07,0xdb,0x3a,0x0f,0xce,0x06,0x76,0x4f,0x37,0x77,
0x77,0x70,0xce,0x06,0x0e,0x14,0x71,0x23,0x26,0x00,0xce,0x06,0x04,0xd6,0x0c,0x01,
0xce,0x06,0x10,0x3f,0x83,0x04,0x04,0xce,0x06,0x1f,0x8f,0xce,0x06,0x13,0x18,0x19,
0xce,0x06,0x16,0x00,0xce,0x06,0x16,0x8f,0x71,0x2b,0x1c,0x7f,0x71,0x2b,0x1e,0x50,
0x71,0x2b,0x04,0xe2,0x00,0x18,0x3f,0x3e,0x93,0x0f,0xce,0x06,0xff,0x04,0x09,0xf1,
0xc4,0x19,0x52,0xe4,0x18,0x0f,0x1b,0x00,0x15,0x10,0x50,0x73,0x19,0x13,0x4c,0x7e,
0x19,0x14,0x41,0xa6,0x26,0x18,0xc0,0x90,0x05,0x07,0x2d,0x31,0x0f,0x1b,0x00,0xff,
0x32,0x18,0x0e,0x0d,0x00,0x16,0x02,0x8d,0x1e,0x00,0x41,0x06,0x19,0xaf,0x1d,0x98,
0x18,0x7f,0x2a,0x00,0x18,0x09,0xb5,0x18,0x18,0x8d,0xec,0x8a,0x09,0x68,0xda,0x00,
0x68,0x96,0x16,0x40,0x35,0x00,0x26,0xfd,0xa6,0x15,0x04,0x17,0xfd,0xa0,0x85,0x0f,
0x0f,0x00,0x0a,0x12,0xcf,0x77,0x04,0x13,0x0c,0x3e,0x45,0x0b,0x0f,0x00,0x7e,0x79,
0x9c,0xff,0xff,0xfe,0x99,0x97,0x4b,0x00,0x0f,0x0f,0x00,0x37,0x16,0x5f,0xc9,0x3d,
0x23,0xa4,0x34,0x52,0x2b,0x13,0xf0,0x98,0x00,0x03,0x38,0x2b,0x13,0xf0,0x44,0x4e,
0x03,0xf2,0xd6,0x11,0x80,0x0e,0x03,0x14,0xfa,0x27,0x0b,0x10,0x60,0x67,0x1f,0x04,
0x89,0x0e,0x15,0xcf,0x13,0x84,0x16,0xa0,0x54,0xc5,0x13,0x0e,0x35,0x01,0x12,0xef,
0xa6,0x03,0x13,0x0d,0x95,0x1e,0x23,0x89,0x73,0x2d,0x01,0x10,0xc0,0xeb,0x08,0x14,
0xf9,0x78,0x0b,0x55,0xc0,0x01,0xcf,0xff,0xf8,0x56,0x08,0x25,0xc2,0xcf,0x90,0x06,
0x18,0x03,0xe9,0x62,0x01,0xac,0x0b,0x05,0xf2,0x25,0x00,0x37,0x06,0x0f,0x8d,0x0b,
0x0e,0x0f,0xc2,0x03,0xff,0xa3,0x07,0xa9,0x43,0x05,0xbd,0x43,0x15,0x05,0x95,0x2d,
0x16,0x6f,0x2a,0xb4,0x1c,0xfb,0x62,0x67,0x34,0x5f,0xff,0xe0,0x76,0x79,0x13,0xf7,
0xef,0x02,0x25,0x06,0xeb,0x00,0x03,0x16,0x10,0x02,0x03,0x05,0x13,0x03,0x06,0x13,
0x00,0x04,0x80,0x03,0x05,0xa0,0x03,0x0f,0x13,0x00,0x02,0x9e,0x07,0x99,0xcf,0xff,
0xff,0xe9,0x99,0x70,0x00,0x4c,0x00,0x0f,0x13,0x00,0x4f,0x01,0x43,0x9c,0x04,0xc8,
0x07,0x35,0xfa,0x43,0x40,0xe6,0x80,0x05,0xc0,0x00,0x15,0xf0,0x0c,0x70,0x05,0xf4,
0x09,0x01,0x2e,0x01,0x00,0xc7,0x9b,0x1f,0xc8,0x10,0x03,0x94,0x16,0x05,0x6b,0x9e,
0x06,0xda,0x27,0x1e,0xfb,0x1b,0x00,0x04,0x9c,0x22,0x1f,0xfb,0x10,0x03,0xca,0x04,
0xfd,0x01,0x0f,0x08,0x00,0x13,0x04,0xb2,0x02,0x0f,0x08,0x00,0x05,0x06,0xbf,0x02,
0x0f,0x40,0x00,0x03,0x13,0xaf,0x88,0x0a,0x0f,0x08,0x00,0x04,0x1f,0xf5,0x90,0x00,
0x17,0x03,0x64,0x06,0x05,0xaa,0x02,0x04,0x65,0x06,0x04,0xa7,0x02,0x04,0x66,0x06,
0x05,0xa4,0x02,0x52,0x02,0x9d,0xff,0xec,0x80,0x83,0x7d,0x37,0x62,0x00,0x7f,0x36,
0x91,0x06,0x5b,0x18,0x05,0x9d,0x2d,0x16,0x07,0xd2,0x27,0x00,0xb4,0x00,0x6f,0x30,
0x02,0x7b,0xef,0xe9,0x10,0xfe,0xfe,0x18,0x02,0x14,0x03,0x02,0xe7,0x69,0x15,0xff,
0x76,0x27,0x0f,0x19,0x00,0xda,0x17,0x77,0x19,0x00,0x23,0xf6,0x5f,0xa0,0x22,0x13,
0x02,0x6b,0x90,0x13,0x50,0xca,0x01,0x23,0xf3,0x0f,0x89,0x02,0x00,0x27,0x58,0x00,
0x1d,0x02,0x14,0xf9,0x87,0x6e,0x10,0x02,0x7f,0x01,0x3a,0x85,0x45,0x8e,0x0e,0x2e,
0x27,0xff,0xf8,0x20,0x28,0x18,0xfa,0xbe,0x8d,0x06,0x1d,0x28,0x04,0xc1,0x0c,0x62,
0x37,0xbd,0xef,0xed,0xb7,0x30,0x4d,0xba,0x66,0xff,0xda,0x62,0x01,0x8f,0xff,0x95,
0xe1,0x15,0xf2,0xaa,0x04,0x02,0x71,0x8d,0x04,0xa5,0x0b,0x7f,0xbf,0xfe,0x20,0x03,
0x7c,0xef,0xd8,0xe0,0x88,0x19,0x07,0x93,0x35,0x0f,0xde,0x37,0x8a,0x15,0x5b,0x38,
0x09,0x12,0xf5,0x8e,0xe3,0x00,0xfa,0x0c,0x11,0x56,0xc5,0x93,0x01,0x8e,0x8c,0x16,
0x1f,0x81,0x05,0x15,0xaf,0x99,0x05,0x03,0x47,0x93,0x00,0x1d,0x38,0x11,0x02,0xe3,
0xbd,0x11,0x4a,0xa4,0x03,0x43,0x5a,0xef,0xfe,0xb6,0xcf,0xce,0x08,0xd3,0x30,0x08,
0xd4,0x30,0x0a,0x19,0x00,0x03,0x7f,0x62,0x0f,0x48,0x72,0x15,0x1f,0x08,0x36,0x03,
0xe6,0x09,0x19,0x00,0x17,0x7f,0x19,0x00,0x14,0x65,0xd1,0x63,0x12,0x2f,0xde,0x81,
0x05,0x26,0x91,0x14,0x30,0x21,0x51,0x00,0xe2,0xa4,0x13,0x0a,0xae,0x13,0x13,0xaf,
0xbc,0xc9,0x5a,0xff,0xe8,0x54,0x58,0xef,0xdd,0x29,0x27,0xff,0x80,0x71,0x2b,0x17,
0xa0,0x4f,0x26,0x01,0x9d,0x01,0x18,0x4c,0xe6,0x13,0x77,0x03,0x7b,0xde,0xfe,0xdb,
0x73,0x00,0x1d,0x05,0x15,0xfc,0xf7,0x88,0x04,0xdf,0x2c,0x03,0x2c,0x53,0x03,0x19,
0x8c,0x0f,0xbe,0xc1,0x19,0x0f,0x2e,0x03,0x8a,0x07,0x15,0x00,0x03,0x0e,0x5b,0x11,
0xef,0xf2,0x32,0x22,0xfe,0x10,0xc6,0x1e,0x11,0x6f,0x75,0x96,0x00,0x48,0x01,0x16,
0x51,0xc7,0x08,0x16,0x0a,0x43,0x03,0x14,0x1e,0x24,0x27,0x12,0xf5,0x6d,0x10,0x21,
0xe4,0xaf,0xa9,0x12,0x42,0xae,0xff,0xeb,0x60,0xee,0xd3,0x30,0x07,0x88,0x83,0xc8,
0x5a,0x13,0x86,0x60,0x0a,0x15,0x90,0x63,0x3b,0x10,0x0b,0x9c,0x0a,0x34,0x5f,0xff,
0xf8,0x82,0x08,0x15,0xba,0x0e,0xf4,0x02,0x97,0x03,0x06,0xbe,0xbd,0x06,0x6c,0x0e,
0x5f,0x29,0xcf,0xfe,0xc8,0x10,0x51,0x03,0xff,0x9e,0x10,0xf6,0xf6,0x06,0x02,0x6b,
0x5b,0x31,0xe5,0x10,0x29,0x2f,0x00,0x16,0x07,0x0c,0x91,0x16,0x0a,0xee,0x54,0x01,
0x9d,0x9b,0x13,0xb2,0xd5,0x06,0x0d,0xfe,0x8d,0x0f,0x94,0x06,0xfe,0x01,0xb1,0x17,
0x37,0x9e,0xfd,0x80,0xc7,0x0f,0x06,0xcd,0x20,0x35,0xdf,0xe5,0x26,0x76,0x25,0x10,
0x3f,0x37,0x93,0x14,0x10,0x14,0x0c,0x44,0x20,0x00,0x4f,0xf2,0x4e,0x17,0x35,0xf4,
0x00,0x07,0xbd,0x42,0x57,0xef,0xd3,0x04,0xef,0xb0,0x92,0x18,0x15,0xe2,0x58,0x00,
0x3f,0xaf,0xfe,0x91,0xc6,0x06,0xff,0x9d,0x00,0x6c,0x44,0x04,0xa6,0x8c,0x16,0x04,
0xd6,0xb5,0x33,0xef,0xd4,0x27,0x29,0x19,0x53,0x5f,0xf3,0x00,0x0a,0xff,0xea,0x22,
0x44,0x00,0x00,0x6f,0xf1,0x15,0x00,0x23,0x09,0xff,0xa6,0x49,0x45,0xd3,0x16,0xff,
0xa0,0x3f,0x00,0x14,0xd1,0x6a,0x88,0x2f,0xfd,0x80,0xf0,0x06,0xff,0x0e,0x00,0x7b,
0x01,0x53,0x99,0x99,0x81,0x00,0x89,0x42,0xca,0x11,0xcf,0xcc,0x35,0x14,0xfd,0xfb,
0x20,0x23,0x00,0x4f,0x3c,0x1b,0x11,0x1e,0xc9,0x35,0x23,0xff,0x20,0x7b,0x30,0x23,
0x40,0x0b,0x28,0x1c,0x12,0x03,0xc6,0x35,0x13,0x60,0x74,0x30,0x10,0xc0,0x10,0x00,
0x0f,0x7b,0x03,0xff,0x9d,0x21,0x09,0xff,0xb7,0x01,0x12,0xf4,0xaf,0x1a,0x22,0x20,
0x1e,0xce,0x01,0x11,0xcf,0x3a,0x9d,0x12,0xf8,0x8c,0x00,0x22,0x90,0x07,0x52,0x00,
0x11,0x1e,0x80,0x60,0x03,0x84,0x5d,0x14,0xf2,0x18,0x8c,0x7f,0x89,0x99,0x40,0x04,
0x99,0x98,0x20,0x60,0x03,0x0f,0x1f,0x50,0x0b,0x00,0x92,0x06,0x68,0x03,0x16,0x50,
0xfd,0x06,0x16,0x50,0x69,0x03,0x17,0x50,0xfe,0x06,0x07,0x6a,0x03,0x07,0xff,0x06,
0x08,0x6b,0x03,0x06,0x00,0x07,0x0f,0xef,0x02,0xf3,0x0f,0x7f,0x10,0x12,0x1f,0xf2,
0x7f,0x10,0x05,0x1e,0x80,0x7f,0x10,0x04,0x40,0x1d,0x18,0x0b,0xa8,0xbb,0x18,0x09,
0x87,0x9e,0x25,0x05,0xcf,0x3b,0xa3,0x02,0x7f,0x10,0x08,0x5d,0x2c,0x17,0xbf,0x41,
0x47,0x08,0x2d,0x2e,0x10,0x03,0xa7,0x52,0x08,0x4e,0x18,0x18,0xb0,0x5a,0x35,0x08,
0x43,0x7b,0x16,0xf1,0x69,0xf2,0x2f,0xfe,0xb5,0x50,0x06,0xd3,0x15,0xed,0x50,0x06,
0x23,0xd2,0x9f,0x50,0x06,0x26,0xda,0x50,0x0f,0xd4,0x06,0xb7,0xb3,0x16,0x04,0x0f,
0x06,0x17,0xdf,0x1d,0x96,0x07,0x8c,0x4c,0x26,0x90,0x12,0xc2,0x2d,0x1c,0xa0,0x9c,
0xb3,0x15,0x04,0xc7,0x16,0x00,0x93,0xb3,0x15,0xb4,0x9d,0x01,0x1c,0x1d,0xae,0xf6,
0x01,0x22,0x1a,0x1d,0xc0,0x2f,0x5e,0x0b,0x5b,0x4a,0x00,0x97,0xac,0x16,0xef,0x74,
0x0a,0x04,0xd3,0x27,0x05,0xbc,0xae,0x06,0x29,0x8d,0x02,0xb3,0xac,0x0f,0x01,0x00,
0x16,0x04,0x47,0x54,0x15,0x8f,0x2a,0x3b,0x13,0xfa,0xa3,0x69,0x04,0xf1,0xb5,0x00,
0x0f,0x00,0x03,0x12,0x92,0x03,0x6f,0x81,0x00,0xa6,0x0f,0x11,0xf4,0xe5,0x22,0x02,
0x47,0x02,0x13,0xc0,0x02,0x57,0x03,0x66,0x59,0x13,0x07,0xfb,0x00,0x00,0x42,0x1f,
0x12,0x01,0x54,0x1b,0x04,0xe8,0x7b,0x10,0xaf,0x40,0x00,0x02,0x70,0x66,0x13,0x0e,
0xb5,0x61,0x01,0x0e,0x00,0x11,0xaf,0x58,0x00,0x13,0x2f,0x1a,0x17,0x01,0x57,0x21,
0x02,0x38,0x7f,0x12,0x5f,0x18,0x18,0x05,0x23,0x59,0x02,0x5e,0x6a,0x00,0x20,0x00,
0x11,0x06,0x2c,0x00,0x11,0x0f,0x79,0x13,0x15,0xdf,0x73,0xb7,0x13,0xf8,0xad,0xb6,
0x11,0x00,0xbd,0x30,0x01,0x7b,0x8a,0x11,0xf4,0x19,0x01,0x10,0xf8,0x92,0x01,0x10,
0xc4,0x49,0x12,0x11,0x0f,0xf8,0x02,0x13,0x05,0x2e,0x56,0x10,0x90,0x0e,0x00,0x11,
0x2f,0x61,0x12,0x01,0x67,0xd6,0x11,0x0b,0x52,0x05,0x00,0x99,0xa3,0x01,0xd4,0x01,
0x00,0x5f,0x48,0x51,0x0f,0xff,0xff,0x10,0x9f,0x5d,0x08,0x23,0xff,0x60,0x81,0xf1,
0x30,0x2f,0xff,0xfd,0x2a,0xa7,0x04,0x76,0xcb,0x00,0xb7,0xb1,0x30,0x6f,0xff,0xfa,
0x18,0x01,0x04,0xcd,0xcb,0x00,0x03,0xc4,0x00,0x0b,0x2e,0x11,0x0d,0x48,0xea,0x14,
0xfc,0xd9,0xbf,0x30,0xdf,0xff,0xf2,0xa7,0x00,0x13,0x74,0x20,0x21,0x00,0x43,0xdc,
0x30,0xff,0xff,0xe0,0xcd,0x00,0x12,0xa7,0x84,0x02,0x00,0x1e,0x00,0x40,0xf7,0xff,
0xff,0xa0,0x59,0x04,0x13,0xea,0x78,0x23,0x11,0x06,0x07,0x09,0x11,0x70,0x74,0xf4,
0x03,0x66,0x22,0x14,0x02,0x28,0x37,0x16,0xaf,0x5c,0x18,0x13,0xef,0x44,0x19,0x16,
0x6f,0xd4,0x0f,0x01,0xad,0x56,0x04,0x6e,0x2f,0x15,0x40,0xe6,0x0f,0x14,0xf7,0x4d,
0x13,0x06,0x6f,0x02,0x13,0xf4,0x36,0x1e,0x16,0xfd,0x6c,0x94,0x03,0xee,0x93,0x04,
0xdc,0x30,0x13,0x0d,0xea,0x01,0x16,0x03,0x88,0x23,0x14,0x0a,0xa3,0x07,0x06,0x83,
0xee,0x05,0xdf,0x8f,0x18,0xcf,0x6f,0xd5,0x1b,0x05,0x86,0xd3,0x0b,0x87,0x64,0x19,
0x0a,0x26,0xf8,0x00,0xc3,0x02,0x27,0xf6,0x4e,0x01,0x03,0x00,0x08,0x7e,0x26,0x02,
0xdf,0x3a,0x1d,0x30,0x9a,0xaa,0xa2,0x5a,0xc9,0x1f,0xa9,0x80,0xc0,0x21,0x11,0x4f,
0x69,0x00,0x14,0x04,0x1c,0x0f,0x12,0xf8,0x83,0xc5,0x11,0x08,0xdb,0x00,0x12,0x0a,
0x84,0x4d,0x14,0xf1,0x64,0xd8,0x00,0x32,0xd6,0x02,0x98,0xe3,0x02,0xb7,0xb6,0x12,
0x0f,0x21,0x40,0x13,0xf7,0x69,0x65,0x02,0xc1,0xe3,0x01,0x0a,0x00,0x02,0xd4,0xeb,
0x00,0xc0,0xf5,0x00,0xa4,0x63,0x02,0x8b,0x01,0x10,0x30,0x16,0x00,0x01,0xeb,0x00,
0x22,0x10,0x03,0x92,0x01,0x10,0xdf,0x08,0x02,0x00,0x23,0x94,0x12,0x07,0x1b,0xc2,
0x00,0xaf,0x02,0x00,0x55,0x00,0x20,0x70,0x0c,0xc3,0xd4,0x24,0xf1,0x04,0x46,0x4c,
0x20,0xa0,0x1f,0xb1,0x91,0x21,0xf5,0x07,0x42,0x01,0x00,0xe7,0x5a,0x10,0x5f,0xd0,
0x1a,0x11,0xf9,0xb0,0x92,0x00,0xbb,0x00,0x80,0xf1,0x9f,0xff,0xf1,0x0d,0xff,0xfe,
0x0e,0xc5,0x00,0x00,0xb6,0x02,0x73,0xf4,0xef,0xff,0xc0,0x08,0xff,0xff,0x7d,0x94,
0x10,0xdf,0x69,0x4f,0x43,0x70,0x04,0xff,0xff,0x11,0xe6,0x03,0x30,0x03,0x05,0x3a,
0x15,0x01,0x5b,0x23,0x02,0x39,0x02,0x14,0xf9,0xeb,0x01,0x12,0xf9,0x36,0x02,0x14,
0xf5,0xe8,0x01,0x02,0xf3,0x00,0x02,0x20,0x06,0x16,0x09,0x05,0x19,0x14,0xd0,0xd1,
0x1a,0x08,0x94,0xfa,0x01,0xd4,0x28,0x03,0x13,0x28,0x04,0x66,0x06,0x13,0x20,0x3b,
0x03,0x03,0x83,0x23,0x12,0xfd,0x6c,0x12,0x06,0xb9,0x27,0x09,0x67,0xf6,0x18,0x1d,
0x4b,0x41,0x14,0x02,0xcf,0xfa,0x06,0x1d,0x33,0x16,0x50,0x45,0x02,0x15,0xd2,0x5e,
0x31,0x00,0x0a,0x21,0x24,0x10,0x08,0x57,0x02,0x9f,0x04,0xcd,0xdd,0x90,0x00,0x00,
0x6d,0xdd,0xd5,0xfa,0xec,0x0f,0x16,0xf5,0x8e,0xfb,0x17,0x3f,0x96,0xba,0x25,0xff,
0x60,0x34,0x21,0x14,0x1f,0xfe,0x50,0x25,0xb0,0x00,0x61,0x32,0x13,0xbf,0xe1,0x02,
0x14,0xef,0x7c,0x32,0x13,0xf9,0xec,0x02,0x12,0x50,0xbe,0x02,0x15,0x10,0xf2,0x26,
0x12,0x02,0x14,0x03,0x13,0x5f,0x6a,0x00,0x00,0xd5,0x40,0x01,0x0d,0x03,0x15,0xd0,
0x5b,0xac,0x05,0x2a,0x01,0x13,0x0a,0x71,0x04,0x16,0xfd,0x1d,0xac,0x15,0x2f,0x8a,
0x06,0x12,0xaf,0xa7,0x68,0x16,0xd0,0xa7,0x05,0x06,0x0b,0x01,0x18,0x0a,0x49,0x7d,
0x03,0x0c,0x04,0x19,0xf5,0x9e,0xdc,0x19,0xd0,0x4e,0x20,0x09,0x39,0xee,0x19,0xfc,
0x98,0x7a,0x0a,0x11,0xeb,0x0a,0x51,0xd0,0x1f,0xd0,0x0e,0x00,0x82,0x07,0x4b,0xbb,
0x16,0x6f,0xf4,0x22,0x16,0x9f,0x33,0x07,0x42,0xbf,0xff,0xf7,0x3e,0x32,0x2a,0x01,
0x3b,0x92,0x12,0x1c,0x49,0x26,0x01,0x35,0x04,0x4f,0x08,0xaa,0xa9,0x10,0x81,0x19,
0x13,0x13,0xfe,0xc4,0x04,0x25,0xd0,0x6f,0x5b,0x34,0x22,0xf7,0x01,0x58,0x05,0x01,
0x37,0xa7,0x03,0xef,0x1c,0x01,0xb8,0x3e,0x02,0x71,0x4d,0x01,0x83,0x48,0x11,0x01,
0x6e,0x01,0x02,0xfe,0x3e,0x02,0x35,0x07,0x14,0x8f,0xc8,0x06,0x14,0xf0,0x48,0x3d,
0x04,0xa8,0x6c,0x13,0x10,0xf2,0xb0,0x03,0x4a,0xbd,0x12,0x5f,0x7a,0x99,0x04,0x6a,
0x3d,0x13,0x20,0x5d,0x0d,0x12,0x09,0xea,0x95,0x13,0xb0,0xbd,0x04,0x17,0xb9,0xa0,
0xa9,0x04,0x38,0xd2,0x1c,0x09,0xa7,0x6c,0x29,0xf5,0x00,0x11,0x06,0x04,0x94,0x26,
0x16,0xa0,0x55,0x03,0x1e,0xf4,0x12,0x0a,0x07,0x65,0xfe,0x08,0x5d,0x5c,0x00,0x75,
0x06,0x0c,0x69,0xe0,0x02,0x2e,0x00,0x17,0xf3,0xb1,0x24,0x02,0x0a,0x00,0x34,0x12,
0x37,0xef,0x36,0x09,0x17,0x07,0x82,0xa5,0x16,0x7f,0x8b,0x28,0x17,0x07,0x81,0x02,
0x16,0x7f,0x18,0x2b,0x22,0x04,0xcf,0xb6,0xbc,0x03,0xbb,0x28,0x00,0xff,0x46,0x34,
0x1a,0xee,0x80,0xa8,0x0a,0x11,0xe1,0xd4,0x01,0x07,0xd8,0xea,0x04,0x44,0x00,0x11,
0x06,0x85,0x00,0x14,0xef,0x53,0x09,0x01,0x21,0x2f,0x15,0x6f,0x7f,0x21,0x10,0x74,
0x3e,0x00,0x2f,0x76,0x10,0x05,0x04,0xff,0xc3,0x0a,0xe2,0xb9,0x07,0xc9,0x62,0x05,
0xb7,0x0a,0x0d,0x05,0xfb,0x17,0x1f,0xa8,0x36,0x18,0x0a,0x08,0x40,0x0e,0x56,0xbb,
0x0a,0x6a,0xff,0x18,0x06,0xfa,0xf4,0x0f,0x19,0x00,0x11,0x23,0xf8,0x01,0xb8,0x42,
0x00,0x5f,0x2a,0x08,0xe7,0xc1,0x06,0x48,0x6d,0x06,0x5d,0x0c,0x18,0x02,0xa9,0x01,
0x02,0xe1,0x59,0x05,0x1f,0x03,0x17,0xf8,0xc1,0x01,0x18,0xfd,0x26,0xdb,0x17,0x30,
0xb4,0x03,0x17,0x80,0x05,0x01,0x07,0xc8,0xbe,0x06,0x49,0x00,0x17,0x8f,0x9a,0xb2,
0x08,0x5a,0xb0,0x17,0x0d,0x36,0x52,0x17,0x09,0xb7,0x3a,0x2a,0x04,0xff,0x8d,0x43,
0x17,0xf2,0xcf,0x37,0x17,0xf7,0x48,0x09,0x17,0xfc,0xbf,0xb7,0x05,0x49,0x00,0x1b,
0x0a,0x49,0x00,0x13,0xe4,0x0b,0x01,0x27,0x11,0xef,0xbf,0xf0,0x08,0x45,0x01,0x18,
0x67,0xd8,0xf0,0x1f,0x7f,0x19,0x00,0x05,0x14,0x00,0x6f,0xb0,0x05,0x1c,0x01,0x15,
0xd1,0x7c,0x04,0x1b,0x20,0x38,0xd7,0x14,0x5f,0x50,0x08,0x24,0x01,0xef,0x2e,0x08,
0x17,0x06,0x95,0x38,0x0d,0x74,0x3d,0x04,0xb6,0x01,0x0f,0x0a,0x00,0x14,0x20,0xe1,
0x01,0xa5,0x45,0x15,0x1c,0x51,0x0b,0x18,0x7f,0xee,0x59,0x1b,0xc0,0x11,0x01,0x18,
0xaf,0x50,0xae,0x1b,0xa0,0xcc,0x01,0x05,0xee,0x01,0x06,0x7e,0x01,0x14,0x4f,0x1c,
0x24,0x02,0xd7,0x6f,0x04,0xcc,0x29,0x1e,0x40,0x6a,0x00,0x11,0xd1,0x2c,0x46,0x15,
0x0d,0x82,0x35,0x1f,0x6f,0x0a,0x00,0x14,0x0b,0x7e,0xb7,0x24,0x00,0x00,0xb4,0x9e,
0x0a,0xb1,0x77,0x0b,0xd9,0x39,0x19,0x03,0x6f,0x54,0x0e,0x88,0xb7,0x0f,0x3e,0x03,
0xff,0x90,0x3c,0x8e,0xfb,0x20,0x84,0xee,0x05,0xf3,0x47,0x07,0x0a,0x00,0x07,0xa2,
0xee,0x2e,0x8d,0xea,0x18,0x1c,0x0f,0x3e,0x03,0xef,0x10,0x6f,0x67,0x0a,0x12,0x0c,
0x1b,0x03,0x00,0x04,0x10,0x10,0x10,0xf8,0xa1,0x04,0x0f,0x5c,0x15,0x2c,0x41,0x1f,
0x09,0xba,0x0c,0x18,0x2e,0x4e,0xb9,0x0a,0xb4,0x11,0x0f,0x3e,0x03,0xff,0x92,0x00,
0x26,0x50,0x00,0x78,0x31,0x11,0x50,0x31,0x12,0x12,0x03,0xd1,0x2d,0x10,0x7f,0x8a,
0xb6,0x29,0xfd,0x20,0x85,0x39,0x01,0x3a,0x28,0x03,0x5b,0x01,0x3f,0xbc,0xcc,0x70,
0x3e,0x03,0xfe,0x01,0x99,0x33,0x46,0xeb,0x40,0x00,0x6f,0xf3,0xf8,0x21,0x40,0x4f,
0x3d,0x27,0x02,0xed,0x29,0x11,0x11,0xca,0xb2,0x24,0x40,0x5f,0xe7,0x62,0x15,0xfd,
0x9b,0xab,0x12,0x07,0x9c,0x00,0x0f,0x0d,0x00,0x89,0x42,0x07,0xaa,0x91,0x08,0x1b,
0x31,0x11,0x0c,0xd2,0x33,0x5a,0xfe,0x02,0xcf,0xfe,0x40,0x72,0x71,0x1f,0x00,0x01,
0x00,0x2b,0x3f,0xeb,0x00,0xf5,0x3d,0x00,0x27,0x10,0xe0,0x40,0x00,0x03,0x01,0x00,
0x0f,0xfd,0xe0,0x28,0x0f,0x3b,0x00,0x1c,0x02,0x34,0x02,0x5f,0xec,0xf4,0x00,0x00,
0xf1,0x42,0x00,0x20,0x3f,0xf4,0x00,0xf4,0xa4,0x00,0x21,0x01,0x37,0xf3,0x12,0x8c,
0x78,0x65,0x1f,0x06,0x2a,0x00,0x0a,0x1f,0xfd,0x4c,0x00,0x0e,0x3f,0xed,0x00,0xf9,
0xbb,0x01,0x1f,0x22,0x0c,0x04,0x22,0x05,0x02,0x06,0x00,0x18,0x04,0xb6,0x0c,0xaf,
0x04,0x08,0x08,0x04,0x04,0x00,0x00,0x11,0x04,0x08,0x3a,0x00,0x02,0x3f,0xf2,0x00,
0xf3,0x70,0x01,0x09,0x1f,0xf4,0x88,0x01,0x17,0x4f,0x8a,0xbe,0x00,0xa1,0x7d,0x02,
0x2c,0x3f,0xfc,0x00,0xf6,0x25,0x02,0x23,0x34,0xed,0xed,0xed,0xfd,0x01,0x1f,0xfc,
0x14,0x02,0x05,0x0a,0x86,0x7a,0x00,0xb0,0x1a,0x1e,0xd4,0x14,0x00,0x0f,0x01,0x00,
0x20,0x2f,0xf0,0xf0,0xda,0x02,0x24,0x12,0xf1,0xee,0x10,0x2f,0x00,0xfe,0x8d,0x02,
0x06,0x0f,0x01,0x00,0x21,0x00,0xdc,0x23,0x8f,0xe3,0x00,0xef,0x00,0xf1,0x00,0xf0,
0xee,0x72,0x03,0x26,0x2f,0xf8,0xfc,0xef,0x01,0x03,0x04,0x0f,0x04,0x18,0xfa,0xc9,
0x02,0x15,0xed,0xed,0x01,0x00,0xb0,0x41,0x0f,0x0c,0x1a,0x08,0x04,0x3e,0xe7,0x05,
0x17,0x04,0x00,0x63,0x3a,0x55,0xdb,0x00,0x00,0xf4,0xef,0xba,0x00,0x3e,0x00,0x00,
0xe5,0xb1,0x01,0x04,0x69,0x01,0x1e,0x00,0xd7,0x01,0x1f,0xf8,0xdf,0x00,0x1f,0x16,
0xfa,0x8d,0x00,0x15,0xd7,0x92,0x03,0x6f,0xd7,0xe7,0x00,0x00,0xd9,0x00,0xdf,0xe7,
0x15,0x1f,0xfe,0xa0,0x01,0x28,0x02,0xcb,0x00,0x00,0xfc,0x01,0x00,0x64,0x01,0x40,
0xfc,0xf4,0xf1,0xfa,0x58,0x01,0x8f,0xf4,0x00,0x00,0xed,0xea,0xf5,0x00,0xf0,0xa0,
0x01,0x14,0x1d,0x05,0x14,0x00,0x2f,0xfb,0xf7,0x13,0x05,0x0c,0x05,0x2a,0x00,0x50,
0xfc,0xfc,0x00,0xf2,0x00,0x03,0x00,0x01,0x84,0x00,0x00,0x03,0x00,0x11,0xf1,0xf5,
0x08,0x0f,0xbe,0xb8,0x10,0x0c,0x98,0x02,0x11,0xf3,0x41,0x00,0x3f,0xf2,0x00,0xfc,
0x88,0x01,0x16,0x30,0xf3,0x00,0xf4,0xf8,0x00,0x31,0x04,0x00,0xf2,0x98,0x00,0x8e,
0xfd,0xfc,0x00,0x00,0xe6,0xeb,0xf5,0xfc,0x29,0x00,0x2e,0xba,0x00,0xc7,0x86,0x02,
0x67,0x02,0x53,0x04,0x00,0x08,0x00,0x08,0xe5,0x04,0x2f,0x0c,0x06,0xdb,0x05,0x1a,
0x32,0xf4,0xfc,0xf8,0x42,0x01,0x00,0xc4,0x00,0x9f,0xf4,0xf4,0x00,0xf2,0x00,0xed,
0x00,0xf8,0xfc,0x5c,0xc2,0x12,0x00,0x24,0x15,0x16,0x02,0x58,0x6b,0x0f,0x73,0x02,
0x1d,0x40,0x01,0x08,0x04,0xff,0x9f,0x05,0xef,0x04,0x0c,0x00,0x0d,0x00,0x03,0x11,
0x0c,0x10,0x08,0x00,0x03,0x08,0x01,0x24,0x05,0x13,0x14,0x04,0xa6,0x02,0x1f,0x10,
0x5d,0x05,0x25,0x1f,0xff,0x0c,0x08,0x26,0xe2,0x02,0x01,0x00,0x0c,0x01,0x04,0x00,
0x00,0x0c,0x00,0x00,0x04,0xfe,0x04,0x21,0x05,0x3a,0x05,0xf6,0xf5,0x64,0x06,0x0f,
0x74,0x01,0x07,0x61,0xf4,0xf0,0x00,0xf0,0x00,0xef,0x6e,0x03,0x33,0xe8,0xfc,0x00,
0x60,0xe2,0x1f,0xe1,0x21,0x05,0x16,0x01,0x2e,0x02,0x04,0x4c,0x00,0x13,0xf3,0xca,
0x02,0x1f,0xf4,0xf0,0x01,0x14,0x17,0xfc,0xe4,0x06,0x20,0xf2,0xf3,0x8d,0x00,0x5f,
0xf5,0xf1,0xf3,0xde,0xf0,0x97,0x60,0x17,0x01,0x7d,0x0a,0x1f,0x04,0x1d,0x06,0x2b,
0x0e,0x3b,0x05,0x0b,0x01,0x00,0x1d,0x98,0x12,0x08,0x00,0x5c,0x01,0x61,0x0c,0x04,
0x08,0x04,0x04,0x08,0xec,0x02,0x00,0x72,0x02,0x03,0xef,0x02,0x1f,0x04,0x6a,0x00,
0x15,0x32,0xf5,0x00,0xfb,0x29,0x01,0x22,0xf2,0xf8,0x6f,0x04,0x5f,0xec,0xf4,0xf1,
0x00,0xf2,0x5a,0x02,0x03,0x0b,0x49,0x08,0x52,0x05,0x00,0x17,0x00,0x00,0x76,0x00,
0x11,0x0c,0x23,0x00,0x20,0x04,0x04,0xfb,0x00,0x2f,0x04,0x08,0xdf,0x03,0x13,0x51,
0xf3,0x02,0xf4,0xf5,0xfc,0x62,0x03,0x41,0xf2,0x01,0xfc,0xf3,0x65,0x03,0x5f,0x00,
0xfc,0xf6,0x00,0xf3,0x58,0x04,0x15,0x15,0xef,0x96,0x00,0x00,0xd0,0x04,0x1f,0xfb,
0xb7,0x02,0x18,0x00,0xe0,0x03,0x50,0xee,0x00,0xed,0xf8,0xf8,0x7d,0x00,0x70,0xf5,
0xe5,0x00,0x00,0xe6,0xe8,0xfe,0xfe,0x00,0x0f,0x52,0x08,0x17,0x1f,0xef,0x37,0x08,
0x10,0x1f,0x00,0x45,0x09,0x06,0x12,0xf3,0x34,0x00,0x52,0xfe,0x00,0xf3,0xf2,0xfc,
0x55,0x04,0x1f,0xfc,0x08,0x08,0x18,0x12,0xf2,0x2f,0x00,0x15,0xf2,0x51,0x00,0x0f,
0x92,0x05,0x1a,0x0f,0xeb,0x06,0x08,0x10,0xf3,0x1d,0x49,0x8f,0xfb,0xfd,0xf5,0xd7,
0xf2,0x00,0x03,0x00,0x86,0x0b,0x56,0x0f,0x45,0x01,0x21,0x0e,0xa3,0x07,0x02,0x59,
0x0b,0x3f,0xf4,0x00,0xfa,0x41,0x00,0x1e,0x11,0xfb,0x03,0x00,0x10,0x06,0x05,0x00,
0x0b,0x7e,0x84,0x0f,0xf8,0x00,0x4c,0x1f,0x05,0x9d,0x08,0x2a,0x1f,0xfa,0xf0,0x01,
0x2c,0x23,0xf7,0xf9,0xf0,0x00,0x1e,0xfa,0x70,0x04,0x0f,0xba,0x00,0x0f,0x03,0x2f,
0x0a,0x6f,0xc8,0xf9,0xfc,0xe6,0xb3,0xde,0x36,0x01,0x2c,0x0f,0xb6,0x0d,0x1e,0x16,
0xfb,0xaa,0x03,0x1f,0x05,0x6e,0x00,0x1c,0xff,0x01,0xdf,0xd2,0xf8,0xe8,0xc5,0xe8,
0xc7,0xfc,0xeb,0x04,0x00,0xee,0x04,0x04,0xe9,0x00,0x90,0x0b,0x1b,0x20,0xf4,0xf7,
0x6b,0x04,0x10,0xf7,0x6a,0x04,0x1f,0xfb,0xea,0x00,0x1f,0xff,0x02,0xd7,0xef,0xf8,
0xee,0xe6,0xf5,0xee,0xfc,0xf0,0x05,0xe6,0xf5,0x05,0x05,0xfb,0x00,0xf8,0x29,0x01,
0x20,0x0f,0x5c,0x03,0x25,0x43,0x04,0x00,0xf9,0xfa,0x34,0x02,0x0f,0xe8,0x02,0x23,
0x0e,0x7c,0x00,0x09,0x3c,0x74,0x0e,0x0d,0x08,0xf2,0x0a,0x03,0x04,0x05,0x06,0x07,
0x08,0x00,0x09,0x04,0x0a,0x0b,0x0c,0x04,0x0d,0x0e,0x00,0x0f,0x10,0x11,0x12,0x13,
0x14,0x15,0x16,0x17,0x04,0x49,0xff,0x0a,0x19,0x1a,0x1b,0x1c,0x1d,0x1e,0x1f,0x20,
0x21,0x22,0x23,0x24,0x25,0x26,0x27,0x28,0x29,0x2a,0x2b,0x2c,0x2d,0x2e,0x2f,0x30,
0x31,0xd7,0x02,0x2c,0x20,0x32,0x33,0x02,0x00,0x22,0x34,0x00,0x02,0x00,0x64,0x35,
0x00,0x35,0x00,0x36,0x37,0x02,0x00,0x04,0x24,0x00,0x11,0x38,0x04,0x00,0x04,0x02,
0x00,0x83,0x00,0x00,0x39,0x00,0x3a,0x00,0x00,0x3b,0x02,0x00,0x15,0x00,0x17,0x00,
0x30,0x00,0x35,0x3c,0x02,0x00,0x00,0x6b,0xd1,0x01,0x02,0x00,0x04,0xf1,0x23,0x01,
0x02,0x00,0x17,0x39,0x02,0x00,0x70,0x3f,0x00,0x40,0x41,0x40,0x42,0x43,0x02,0x00,
0x0d,0x1f,0x01,0x0e,0x0b,0x08,0x04,0x28,0x08,0x02,0x1f,0x01,0x54,0x0a,0x0b,0x00,
0x00,0x0c,0x1f,0x01,0x01,0x18,0x00,0x00,0x24,0x01,0x0f,0x1f,0x01,0x03,0x0f,0x1b,
0x01,0x2c,0x40,0x2e,0x2f,0x2e,0x2f,0x62,0x01,0x02,0x02,0x00,0x10,0x00,0x6a,0x01,
0x14,0x31,0x02,0x00,0x05,0x16,0x00,0x0c,0x4f,0x01,0x0b,0x10,0x00,0x40,0x33,0x00,
0x33,0x00,0xbe,0xef,0x21,0x30,0x34,0x02,0x00,0x03,0x30,0x00,0x22,0x35,0x36,0x02,
0x00,0x30,0x37,0x00,0x37,0x40,0x01,0x16,0x39,0x02,0x00,0xd0,0x3a,0x00,0x3b,0x3c,
0x3b,0x3d,0x3e,0x3d,0x3e,0x3d,0x3e,0x00,0x00,
};

static const etxFontCmap cmaps[] __FLASH = {
{ .range_start = 32, .range_length = 62, .glyph_id_start = 1, .list_length = 0, .type = 2, .unicode_list = 0, .glyph_id_ofs_list = 0 },
{ .range_start = 95, .range_length = 32, .glyph_id_start = 63, .list_length = 0, .type = 2, .unicode_list = 0, .glyph_id_ofs_list = 0 },
{ .range_start = 176, .range_length = 1, .glyph_id_start = 95, .list_length = 0, .type = 2, .unicode_list = 0, .glyph_id_ofs_list = 0 },
{ .range_start = 192, .range_length = 16, .glyph_id_start = 96, .list_length = 0, .type = 2, .unicode_list = 0, .glyph_id_ofs_list = 0 },
{ .range_start = 209, .range_length = 45, .glyph_id_start = 112, .list_length = 45, .type = 0, .unicode_list = 0, .glyph_id_ofs_list = 2264 },
{ .range_start = 255, .range_length = 129, .glyph_id_start = 153, .list_length = 0, .type = 2, .unicode_list = 0, .glyph_id_ofs_list = 0 },
{ .range_start = 8226, .range_length = 1, .glyph_id_start = 282, .list_length = 0, .type = 2, .unicode_list = 0, .glyph_id_ofs_list = 0 },
};

const etxLz4Font lv_font_ob_bold_XL __FLASH = {
.uncomp_size = 128464,
.comp_size = 25417,
.line_height = 56,
.base_line = 12,
.subpx = 0,
.underline_position = -4,
.underline_thickness = 2,
.kern_scale = 20,
.cmap_num = 7,
.bpp = 4,
.kern_classes = 1,
.bitmap_format = 0,
.left_class_cnt = 67,
.right_class_cnt = 62,
.glyph_bitmap = 2309,
.class_pair_values = 123744,
.left_class_mapping = 127898,
.right_class_mapping = 128181,
.cmaps = cmaps,
.compressed = lz4FontData,
.lvglFontBufSize = 128824,
};
